"id";"data_inversa";"dia_semana";"horario";"uf";"br";"km";"municipio";"causa_acidente";"tipo_acidente";"classificacao_acidente";"fase_dia";"sentido_via";"condicao_metereologica";"tipo_pista";"tracado_via";"uso_solo";"pessoas";"mortos";"feridos_leves";"feridos_graves";"ilesos";"ignorados";"feridos";"veiculos";"latitude";"longitude";"regional";"delegacia";"uop"
654322;2025-01-10;"sexta-feira";"23:25:00";"SP";116;209,9;"GUARULHOS";"Ausência de reação do condutor";"Colisão com objeto";"Com Vítimas Feridas";"Plena Noite";"Decrescente";"Nublado";"Dupla";"Declive";"Sim";1;0;1;0;0;0;1;1;-23,42511799;-46,40221101;"SPRF-SP";"DEL01-SP";"UOP01-DEL01-SP"
654323;2025-01-10;"sexta-feira";"22:15:00";"GO";20;211;"POSSE";"Condutor Dormindo";"Tombamento";"Com Vítimas Feridas";"Plena Noite";"Decrescente";"Garoa/Chuvisco";"Simples";"Aclive;Curva";"Não";7;0;1;0;4;3;1;5;-14,266476;-46,37154;"SPRF-DF";"DEL02-DF";"UOP03-DEL02-DF"
654325;2025-01-11;"sábado";"01:00:00";"TO";153;697;"CARIRI DO TOCANTINS";"Animais na Pista";"Atropelamento de Animal";"Com Vítimas Feridas";"Plena Noite";"Crescente";"Nublado";"Simples";"Reta";"Não";7;0;6;0;0;1;6;2;-11,9282522;-49,18389058;"SPRF-TO";"DEL01-TO";"UOP02-DEL01-TO"
654326;2025-01-10;"sexta-feira";"22:40:00";"MG";116;658,5;"SAO FRANCISCO DO GLORIA";"Ausência de reação do condutor";"Saída de leito carroçável";"Com Vítimas Feridas";"Plena Noite";"Crescente";"Céu Claro";"Simples";"Reta";"Não";2;0;0;1;1;0;1;1;-20,77782186;-42,30072593;"SPRF-MG";"DEL07-MG";"UOP02-DEL07-MG"
654328;2025-01-10;"sexta-feira";"23:00:00";"MG";381;942;"EXTREMA";"Velocidade Incompatível";"Colisão lateral mesmo sentido";"Com Vítimas Feridas";"Plena Noite";"Decrescente";"Nublado";"Dupla";"Aclive;Reta";"Não";5;0;1;0;3;2;1;4;-22,84803509;-46,33447863;"SPRF-MG";"DEL16-MG";"UOP03-DEL16-MG"
654339;2025-01-11;"sábado";"02:30:00";"MG";381;323;"NOVA ERA";"Condutor Dormindo";"Colisão traseira";"Com Vítimas Feridas";"Plena Noite";"Decrescente";"Nublado";"Simples";"Curva;Declive";"Sim";4;0;2;0;1;1;2;3;-19,72257777;-43,00807259;"SPRF-MG";"DEL03-MG";"UOP02-DEL03-MG"
654341;2025-01-11;"sábado";"04:40:00";"AL";101;230,5;"PORTO REAL DO COLEGIO";"Condutor Dormindo";"Saída de leito carroçável";"Com Vítimas Feridas";"Amanhecer";"Decrescente";"Nublado";"Dupla";"Curva";"Não";2;0;0;1;0;1;1;2;-10,12025193;-36,73392699;"SPRF-AL";"DEL02-AL";"UOP02-DEL02-AL"
654344;2025-01-11;"sábado";"04:00:00";"SC";116;220,5;"CORREIA PINTO";"Ingestão de álcool pelo condutor";"Colisão traseira";"Com Vítimas Feridas";"Plena Noite";"Decrescente";"Nublado";"Simples";"Rotatória";"Sim";3;0;1;0;1;1;1;3;-27,59033425;-50,36271214;"SPRF-SC";"DEL05-SC";"UOP03-DEL05-SC"
654353;2025-01-10;"sexta-feira";"22:00:00";"BA";407;88;"JAGUARARI";"Ingestão de álcool pelo condutor";"Colisão traseira";"Com Vítimas Feridas";"Plena Noite";"Crescente";"Céu Claro";"Simples";"Reta";"Não";2;0;1;0;0;1;1;2;-10,132352;-40,23161;"SPRF-BA";"DEL04-BA";"UOP01-DEL04-BA"
654356;2025-01-11;"sábado";"06:10:00";"SP";116;223,2;"GUARULHOS";"Manobra de mudança de faixa";"Colisão lateral mesmo sentido";"Com Vítimas Feridas";"Pleno dia";"Crescente";"Céu Claro";"Múltipla";"Reta";"Sim";3;0;1;0;1;1;1;2;-23,47559815;-46,5246609;"SPRF-SP";"DEL01-SP";"UOP01-DEL01-SP"
654359;2025-01-11;"sábado";"06:04:00";"PR";376;544,9;"PALMEIRA";"Condutor deixou de manter distância do veículo da frente";"Colisão traseira";"Sem Vítimas";"Amanhecer";"Decrescente";"Nublado";"Dupla";"Reta;Declive";"Não";3;0;0;0;2;1;0;3;-25,3896226;-49,7997308;"SPRF-PR";"DEL03-PR";"UOP03-DEL03-PR"
654362;2025-01-10;"sexta-feira";"13:40:00";"MT";70;134;"GENERAL CARNEIRO";"Acostamento em desnível";"Tombamento";"Sem Vítimas";"Pleno dia";"Decrescente";"Nublado";"Simples";"Curva";"Não";2;0;0;0;1;1;0;2;-15,59538384;-53,22838001;"SPRF-MT";"DEL07-MT";"UOP01-DEL07-MT"
654367;2025-01-11;"sábado";"07:47:00";"PE";101;68;"RECIFE";"Condutor deixou de manter distância do veículo da frente";"Colisão traseira";"Com Vítimas Feridas";"Pleno dia";"Decrescente";"Céu Claro";"Múltipla";"Reta;Viaduto";"Sim";6;0;1;0;5;0;1;3;-8,05074296;-34,94580619;"SPRF-PE";"DEL01-PE";"UOP01-DEL01-PE"
654380;2025-01-11;"sábado";"07:40:00";"BA";324;551;"AMELIA RODRIGUES";"Carga excessiva e/ou mal acondicionada";"Colisão com objeto";"Com Vítimas Feridas";"Pleno dia";"Decrescente";"Nublado";"Múltipla";"Reta";"Não";3;0;1;0;1;2;1;4;-12,44409807;-38,71821505;"SPRF-BA";"DEL01-BA";"UOP03-DEL01-BA"
654383;2025-01-07;"terça-feira";"18:40:00";"MG";50;54,9;"UBERLANDIA";"Condutor Dormindo";"Tombamento";"Com Vítimas Feridas";"Anoitecer";"Crescente";"Nublado";"Dupla";"Curva";"Não";2;0;1;0;0;1;1;2;-18,76664393;-48,24409132;"SPRF-MG";"DEL15-MG";"UOP02-DEL15-MG"
654384;2025-01-11;"sábado";"05:57:00";"CE";222;197,1;"FORQUILHA";"Carga excessiva e/ou mal acondicionada";"Tombamento";"Com Vítimas Feridas";"Pleno dia";"Crescente";"Céu Claro";"Simples";"Reta";"Não";2;0;1;0;0;1;1;2;-3,80735907;-40,17579399;"SPRF-CE";"DEL04-CE";"UOP01-DEL04-CE"
654386;2025-01-11;"sábado";"05:40:00";"BA";101;566;"ARATACA";"Curva acentuada";"Capotamento";"Com Vítimas Fatais";"Amanhecer";"Crescente";"Garoa/Chuvisco";"Simples";"Curva";"Não";1;1;0;0;0;0;0;1;-15,25537224;-39,45075989;"SPRF-BA";"DEL05-BA";"UOP02-DEL05-BA"
654387;2025-01-10;"sexta-feira";"16:30:00";"RJ";493;73;"NOVA IGUACU";"Demais falhas mecânicas ou elétricas";"Incêndio";"Sem Vítimas";"Pleno dia";"Decrescente";"Céu Claro";"Dupla";"Reta";"Não";1;0;0;0;1;0;0;1;-22,6628662;-43,6250497;"SPRF-RJ";"DEL01-RJ";"UOP03-DEL01-RJ"
654396;2025-01-11;"sábado";"08:33:00";"MT";364;347,7;"SANTO ANTONIO DO LEVERGER";"Reação tardia ou ineficiente do condutor";"Colisão traseira";"Com Vítimas Feridas";"Pleno dia";"Crescente";"Chuva";"Dupla";"Curva;Declive";"Não";3;0;1;0;1;3;1;5;-15,80416834;-55,55429598;"SPRF-MT";"DEL05-MT";"UOP02-DEL05-MT"
654400;2025-01-11;"sábado";"09:50:00";"PR";277;18;"PARANAGUA";"Demais falhas mecânicas ou elétricas";"Colisão traseira";"Com Vítimas Feridas";"Pleno dia";"Crescente";"Céu Claro";"Dupla";"Reta";"Não";7;0;3;2;1;2;5;4;-25,56610574;-48,62495594;"SPRF-PR";"DEL01-PR";"UOP05-DEL01-PR"
654402;2025-01-11;"sábado";"09:20:00";"SC";282;19,2;"PALHOCA";"Reação tardia ou ineficiente do condutor";"Colisão traseira";"Com Vítimas Feridas";"Pleno dia";"Crescente";"Chuva";"Simples";"Reta";"Não";3;0;2;0;1;0;2;2;-27,678635;-48,70192;"SPRF-SC";"DEL01-SC";"UOP02-DEL01-SC"
654403;2025-01-11;"sábado";"07:00:00";"PE";316;360;"PETROLANDIA";"Transitar na contramão";"Colisão transversal";"Com Vítimas Fatais";"Pleno dia";"Crescente";"Céu Claro";"Simples";"Reta";"Não";3;1;0;0;1;5;0;7;-8,91846796;-38,2288703;"SPRF-PE";"DEL04-PE";"UOP03-DEL04-PE"
654406;2025-01-10;"sexta-feira";"23:00:00";"BA";101;470;"URUCUCA";"Demais Fenômenos da natureza";"Tombamento";"Com Vítimas Feridas";"Plena Noite";"Decrescente";"Chuva";"Simples";"Reta";"Não";1;0;1;0;0;0;1;1;-14,521903;-39,333831;"SPRF-BA";"DEL05-BA";"UOP01-DEL05-BA"
654412;2025-01-11;"sábado";"06:00:00";"RS";290;455,5;"SAO GABRIEL";"Ultrapassagem Indevida";"Colisão traseira";"Com Vítimas Fatais";"Amanhecer";"Crescente";"Céu Claro";"Simples";"Reta";"Não";7;3;0;2;1;2;2;5;-30,230503;-54,665829;"SPRF-RS";"DEL11-RS";"UOP02-DEL11-RS"
654418;2025-01-11;"sábado";"11:30:00";"PR";116;116;"CURITIBA";"Ausência de reação do condutor";"Colisão traseira";"Sem Vítimas";"Pleno dia";"Decrescente";"Nublado";"Dupla";"Reta";"Não";2;0;0;0;2;0;0;2;-25,57519501;-49,3118012;"SPRF-PR";"DEL01-PR";"UOP03-DEL01-PR"
654422;2025-01-11;"sábado";"12:00:00";"MG";381;688,9;"LAVRAS";"Manobra de mudança de faixa";"Colisão traseira";"Com Vítimas Feridas";"Pleno dia";"Crescente";"Céu Claro";"Dupla";"Reta;Aclive";"Não";3;0;1;0;1;4;1;6;-21,21737985;-45,1265452;"SPRF-MG";"DEL04-MG";"UOP02-DEL04-MG"
654426;2025-01-10;"sexta-feira";"17:00:00";"MT";174;316;"PONTES E LACERDA";"Falta de elemento de contenção que evite a saída do leito carroçável";"Saída de leito carroçável";"Sem Vítimas";"Pleno dia";"Decrescente";"Céu Claro";"Simples";"Reta";"Não";1;0;0;0;0;1;0;1;-14,99867205;-59,28499483;"SPRF-MT";"DEL04-MT";"UOP01-DEL04-MT"
654431;2025-01-11;"sábado";"14:00:00";"CE";116;167;"RUSSAS";"Condutor Dormindo";"Colisão lateral sentido oposto";"Com Vítimas Feridas";"Pleno dia";"Decrescente";"Céu Claro";"Simples";"Reta";"Não";3;0;2;0;1;0;2;3;-4,96888504;-38,00788193;"SPRF-CE";"DEL03-CE";"UOP01-DEL03-CE"
654436;2025-01-11;"sábado";"13:50:00";"MG";116;524;"CARATINGA";"Ausência de reação do condutor";"Colisão traseira";"Com Vítimas Feridas";"Pleno dia";"Crescente";"Céu Claro";"Simples";"Reta";"Sim";3;0;1;0;1;1;1;3;-19,76027352;-42,13398823;"SPRF-MG";"DEL06-MG";"UOP02-DEL06-MG"
654440;2025-01-11;"sábado";"13:45:00";"BA";116;838,3;"VITORIA DA CONQUISTA";"Ultrapassagem Indevida";"Colisão frontal";"Com Vítimas Feridas";"Pleno dia";"Decrescente";"Nublado";"Simples";"Reta";"Não";4;0;1;0;2;1;1;3;-14,90016239;-40,86823079;"SPRF-BA";"DEL08-BA";"UOP01-DEL08-BA"
654448;2025-01-11;"sábado";"15:00:00";"SC";101;276,8;"IMBITUBA";"Transitar na contramão";"Colisão lateral sentido oposto";"Com Vítimas Feridas";"Pleno dia";"Crescente";"Nublado";"Múltipla";"Interseção de Vias";"Não";3;0;1;0;2;0;1;3;-28,16471072;-48,69392216;"SPRF-SC";"DEL02-SC";"UOP03-DEL02-SC"
654449;2025-01-11;"sábado";"13:30:00";"RS";290;322;"CACAPAVA DO SUL";"Transitar na contramão";"Colisão frontal";"Com Vítimas Feridas";"Pleno dia";"Crescente";"Céu Claro";"Simples";"Reta";"Não";17;0;3;2;11;1;5;6;-30,37702194;-53,41166496;"SPRF-RS";"DEL09-RS";"UOP02-DEL09-RS"
654468;2025-01-11;"sábado";"15:15:00";"MT";163;747;"SORRISO";"Reação tardia ou ineficiente do condutor";"Colisão traseira";"Com Vítimas Feridas";"Pleno dia";"Crescente";"Chuva";"Dupla";"Retorno Regulamentado";"Sim";7;0;0;1;5;3;1;6;-12,59389449;-55,74342728;"SPRF-MT";"DEL06-MT";"UOP01-DEL06-MT"
654473;2025-01-11;"sábado";"16:55:00";"SE";101;151;"ESTANCIA";"Condutor deixou de manter distância do veículo da frente";"Colisão traseira";"Sem Vítimas";"Anoitecer";"Decrescente";"Nublado";"Simples";"Reta";"Sim";3;0;0;0;3;0;0;2;-11,26151;-37,441227;"SPRF-SE";"DEL02-SE";"UOP01-DEL02-SE"
654480;2025-01-11;"sábado";"16:10:00";"SC";116;118,8;"SANTA CECILIA";"Ultrapassagem Indevida";"Colisão traseira";"Com Vítimas Feridas";"Pleno dia";"Decrescente";"Céu Claro";"Simples";"Declive;Reta";"Não";5;0;3;0;1;1;3;3;-26,82166766;-50,35753411;"SPRF-SC";"DEL06-SC";"UOP02-DEL06-SC"
654501;2025-01-11;"sábado";"12:00:00";"RJ";356;49;"ITAPERUNA";"Velocidade Incompatível";"Colisão lateral sentido oposto";"Sem Vítimas";"Pleno dia";"Decrescente";"Céu Claro";"Simples";"Declive;Curva";"Não";4;0;0;0;3;3;0;6;-21,25300596;-41,78325793;"SPRF-RJ";"DEL08-RJ";"UOP03-DEL08-RJ"
654521;2025-01-11;"sábado";"20:00:00";"RO";319;57;"PORTO VELHO";"Velocidade Incompatível";"Colisão traseira";"Com Vítimas Feridas";"Plena Noite";"Decrescente";"Céu Claro";"Simples";"Reta";"Sim";6;0;2;0;2;2;2;4;-8,739714;-63,93214024;"SPRF-RO";"DEL01-RO";"UOP01-DEL01-RO"
654526;2025-01-11;"sábado";"21:40:00";"BA";415;26,2;"VITORIA DA CONQUISTA";"Ausência de reação do condutor";"Colisão frontal";"Com Vítimas Feridas";"Plena Noite";"Crescente";"Chuva";"Simples";"Reta";"Sim";3;0;1;0;1;1;1;3;-14,85036;-40,80472;"SPRF-BA";"DEL05-BA";"UOP01-DEL05-BA"
654529;2025-01-11;"sábado";"22:10:00";"MG";40;517,9;"RIBEIRAO DAS NEVES";"Manobra de mudança de faixa";"Colisão lateral mesmo sentido";"Sem Vítimas";"Plena Noite";"Decrescente";"Céu Claro";"Dupla";"Reta";"Sim";2;0;0;0;1;1;0;2;-19,83113577;-44,0826083;"SPRF-MG";"DEL01-MG";"UOP02-DEL01-MG"
654531;2025-01-11;"sábado";"17:15:00";"MG";354;709;"CAXAMBU";"Afundamento ou ondulação no pavimento";"Tombamento";"Com Vítimas Feridas";"Pleno dia";"Crescente";"Nublado";"Simples";"Curva";"Não";2;0;1;0;0;1;1;2;-22,02469499;-44,9270357;"SPRF-MG";"DEL17-MG";"UOP01-DEL17-MG"
654540;2025-01-11;"sábado";"19:20:00";"MG";251;359,7;"PADRE CARVALHO";"Acessar a via sem observar a presença dos outros veículos";"Colisão transversal";"Com Vítimas Feridas";"Plena Noite";"Crescente";"Nublado";"Simples";"Declive;Reta";"Não";5;0;2;0;2;3;2;5;-16,26496;-42,58309;"SPRF-MG";"DEL12-MG";"UOP02-DEL12-MG"
654556;2025-01-11;"sábado";"22:00:00";"BA";116;770,5;"POCOES";"Frear bruscamente";"Tombamento";"Sem Vítimas";"Plena Noite";"Decrescente";"Garoa/Chuvisco";"Simples";"Reta";"Não";1;0;0;0;1;0;0;1;-14,55506709;-40,4074369;"SPRF-BA";"DEL08-BA";"UOP02-DEL08-BA"
654559;2025-01-12;"domingo";"04:40:00";"GO";153;346;"JARAGUA";"Condutor Dormindo";"Colisão lateral sentido oposto";"Com Vítimas Feridas";"Amanhecer";"Crescente";"Céu Claro";"Simples";"Reta";"Não";4;0;0;1;3;0;1;3;-15,637603;-49,373875;"SPRF-GO";"DEL02-GO";"UOP02-DEL02-GO"
654564;2025-01-12;"domingo";"05:20:00";"MS";163;461,5;"CAMPO GRANDE";"Suicídio (presumido)";"Colisão lateral sentido oposto";"Com Vítimas Feridas";"Amanhecer";"Crescente";"Céu Claro";"Simples";"Reta";"Não";3;0;0;1;1;1;1;3;-20,6294929;-54,57205471;"SPRF-MS";"DEL01-MS";"UOP01-DEL01-MS"
654566;2025-01-12;"domingo";"05:54:00";"TO";153;679;"CARIRI DO TOCANTINS";"Ausência de reação do condutor";"Colisão lateral sentido oposto";"Sem Vítimas";"Amanhecer";"Crescente";"Garoa/Chuvisco";"Simples";"Reta";"Não";4;0;0;0;3;1;0;3;-11,78176489;-49,11301313;"SPRF-TO";"DEL01-TO";"UOP02-DEL01-TO"
654584;2025-01-12;"domingo";"07:00:00";"MG";365;90,5;"JEQUITAI";"Reação tardia ou ineficiente do condutor";"Colisão transversal";"Com Vítimas Feridas";"Pleno dia";"Crescente";"Chuva";"Simples";"Reta";"Não";5;0;1;1;2;1;2;3;-17,2046899;-44,44052917;"SPRF-MG";"DEL12-MG";"UOP01-DEL12-MG"
654592;2025-01-12;"domingo";"10:10:00";"PE";232;5;"RECIFE";"Ausência de reação do condutor";"Colisão traseira";"Com Vítimas Feridas";"Pleno dia";"Crescente";"Nublado";"Dupla";"Reta";"Sim";2;0;0;1;1;0;1;2;-8,06795766;-34,94535414;"SPRF-PE";"DEL01-PE";"UOP01-DEL01-PE"
654593;2025-01-12;"domingo";"08:45:00";"MS";262;535,1;"MIRANDA";"Transitar na contramão";"Colisão frontal";"Com Vítimas Feridas";"Pleno dia";"Crescente";"Céu Claro";"Simples";"Reta;Declive";"Sim";7;0;0;5;1;3;5;5;-20,33482886;-56,18553094;"SPRF-MS";"DEL03-MS";"UOP02-DEL03-MS"
654595;2025-01-12;"domingo";"08:20:00";"MS";163;483;"CAMPO GRANDE";"Acessar a via sem observar a presença dos outros veículos";"Colisão transversal";"Com Vítimas Feridas";"Pleno dia";"Crescente";"Céu Claro";"Simples";"Reta;Interseção de Vias";"Sim";3;0;0;1;1;2;1;4;-20,45726263;-54,54671829;"SPRF-MS";"DEL01-MS";"UOP02-DEL01-MS"
654596;2025-01-12;"domingo";"10:00:00";"BA";324;1;"FEIRA DE SANTANA";"Condutor deixou de manter distância do veículo da frente";"Colisão traseira";"Com Vítimas Feridas";"Pleno dia";"Crescente";"Céu Claro";"Dupla";"Reta";"Sim";3;0;1;0;2;0;1;2;-12,27450685;-38,93744767;"SPRF-BA";"DEL02-BA";"UOP01-DEL02-BA"
654597;2025-01-12;"domingo";"05:30:00";"MG";116;414;"GOVERNADOR VALADARES";"Acessar a via sem observar a presença dos outros veículos";"Colisão lateral mesmo sentido";"Com Vítimas Feridas";"Amanhecer";"Decrescente";"Chuva";"Simples";"Reta";"Sim";4;0;0;2;1;2;2;4;-18,88392452;-41,94962377;"SPRF-MG";"DEL06-MG";"UOP01-DEL06-MG"
654600;2025-01-12;"domingo";"10:29:00";"RS";158;322;"SANTA MARIA";"Acessar a via sem observar a presença dos outros veículos";"Colisão transversal";"Com Vítimas Fatais";"Pleno dia";"Crescente";"Céu Claro";"Dupla";"Interseção de Vias;Viaduto;Rotatória";"Sim";5;1;0;0;1;4;0;5;-29,69535325;-53,77611929;"SPRF-RS";"DEL09-RS";"UOP01-DEL09-RS"
654613;2025-01-12;"domingo";"11:47:00";"SC";101;192,6;"BIGUACU";"Suicídio (presumido)";"Atropelamento de Pedestre";"Com Vítimas Fatais";"Pleno dia";"Decrescente";"Céu Claro";"Múltipla";"Reta;Ponte";"Sim";3;1;0;0;1;1;0;3;-27,488173;-48,653184;"SPRF-SC";"DEL01-SC";"UOP01-DEL01-SC"
654616;2025-01-12;"domingo";"11:10:00";"PR";373;177,6;"PONTA GROSSA";"Acessar a via sem observar a presença dos outros veículos";"Colisão lateral mesmo sentido";"Com Vítimas Feridas";"Pleno dia";"Decrescente";"Nublado";"Dupla";"Aclive;Reta";"Sim";6;0;0;1;4;3;1;5;-25,055;-50,23;"SPRF-PR";"DEL03-PR";"UOP01-DEL03-PR"
654623;2025-01-12;"domingo";"10:25:00";"SC";101;137,1;"BALNEARIO CAMBORIU";"Reação tardia ou ineficiente do condutor";"Tombamento";"Com Vítimas Fatais";"Pleno dia";"Crescente";"Nublado";"Múltipla";"Reta";"Sim";2;1;0;0;1;0;0;2;-27,016055;-48,61173833;"SPRF-SC";"DEL04-SC";"UOP03-DEL04-SC"
654634;2025-01-12;"domingo";"13:30:00";"GO";153;581;"PIRACANJUBA";"Ausência de reação do condutor";"Colisão traseira";"Com Vítimas Feridas";"Pleno dia";"Decrescente";"Céu Claro";"Dupla";"Reta";"Sim";2;0;1;0;1;0;1;2;-17,3907;-49,2271;"SPRF-GO";"DEL03-GO";"UOP01-DEL03-GO"
654637;2025-01-12;"domingo";"11:50:00";"MG";381;732,5;"CARMO DA CACHOEIRA";"Reação tardia ou ineficiente do condutor";"Colisão traseira";"Com Vítimas Feridas";"Pleno dia";"Decrescente";"Chuva";"Dupla";"Curva";"Não";7;0;2;0;4;1;2;3;-21,55413799;-45,24499427;"SPRF-MG";"DEL16-MG";"UOP02-DEL16-MG"
654638;2025-01-12;"domingo";"10:00:00";"BA";116;273;"TUCANO";"Demais falhas mecânicas ou elétricas";"Tombamento";"Sem Vítimas";"Pleno dia";"Crescente";"Chuva";"Simples";"Reta";"Não";2;0;0;0;1;3;0;4;-10,953356;-38,795472;"SPRF-BA";"DEL07-BA";"UOP02-DEL07-BA"
654644;2025-01-12;"domingo";"05:30:00";"MG";251;431;"GRAO MOGOL";"Demais falhas mecânicas ou elétricas";"Incêndio";"Sem Vítimas";"Amanhecer";"Decrescente";"Nublado";"Simples";"Reta";"Não";2;0;0;0;1;1;0;2;-16,3602658;-43,16619819;"SPRF-MG";"DEL12-MG";"UOP01-DEL12-MG"
654685;2025-01-12;"domingo";"06:45:00";"BA";116;242;"QUIJINGUE";"Acostamento em desnível";"Saída de leito carroçável";"Com Vítimas Feridas";"Pleno dia";"Crescente";"Nublado";"Simples";"Declive";"Não";5;0;4;0;0;1;4;2;-10,71037475;-38,92531448;"SPRF-BA";"DEL07-BA";"UOP03-DEL07-BA"
654686;2025-01-12;"domingo";"14:00:00";"AL";101;150;"JEQUIA DA PRAIA";"Ausência de reação do condutor";"Tombamento";"Com Vítimas Feridas";"Pleno dia";"Crescente";"Céu Claro";"Dupla";"Curva;Aclive";"Não";2;0;1;0;0;2;1;3;-9,89281265;-36,14986086;"SPRF-AL";"DEL02-AL";"UOP02-DEL02-AL"
654690;2025-01-12;"domingo";"18:30:00";"PR";116;118;"CURITIBA";"Reação tardia ou ineficiente do condutor";"Colisão com objeto";"Com Vítimas Fatais";"Pleno dia";"Crescente";"Nublado";"Dupla";"Reta";"Sim";1;1;0;0;0;0;0;1;-25,54657438;-49,29173608;"SPRF-PR";"DEL01-PR";"UOP03-DEL01-PR"
654701;2025-01-12;"domingo";"17:15:00";"MS";267;566,1;"CARACOL";"Objeto estático sobre o leito carroçável";"Colisão com objeto";"Com Vítimas Feridas";"Pleno dia";"Crescente";"Céu Claro";"Simples";"Aclive;Curva";"Não";3;0;1;0;1;1;1;3;-21,71244716;-56,85395384;"SPRF-MS";"DEL05-MS";"UOP01-DEL05-MS"
654705;2025-01-12;"domingo";"08:00:00";"BA";101;201;"GOVERNADOR MANGABEIRA";"Reação tardia ou ineficiente do condutor";"Tombamento";"Sem Vítimas";"Pleno dia";"Crescente";"Chuva";"Dupla";"Curva;Aclive";"Não";1;0;0;0;1;0;0;1;-12,5956853;-38,9920992;"SPRF-BA";"DEL01-BA";"UOP03-DEL01-BA"
654711;2025-01-12;"domingo";"20:30:00";"MG";153;94;"PRATA";"Acumulo de água sobre o pavimento";"Saída de leito carroçável";"Com Vítimas Feridas";"Plena Noite";"Decrescente";"Nublado";"Simples";"Declive;Reta";"Não";4;0;1;0;3;0;1;1;-19,17736794;-48,95075187;"SPRF-MG";"DEL15-MG";"UOP03-DEL15-MG"
654714;2025-01-12;"domingo";"20:50:00";"RN";304;95,5;"ACU";"Condutor Dormindo";"Colisão frontal";"Com Vítimas Feridas";"Plena Noite";"Decrescente";"Céu Claro";"Simples";"Reta";"Não";5;0;2;0;1;2;2;4;-5,55479419;-37,06347713;"SPRF-RN";"DEL04-RN";"UOP01-DEL04-RN"
654729;2025-01-12;"domingo";"20:50:00";"SP";116;411;"JUQUIA";"Ausência de reação do condutor";"Colisão traseira";"Com Vítimas Feridas";"Plena Noite";"Decrescente";"Céu Claro";"Dupla";"Reta";"Não";4;0;1;0;2;1;1;4;-24,33308537;-47,60360609;"SPRF-SP";"DEL05-SP";"UOP01-DEL05-SP"
654736;2025-01-12;"domingo";"21:45:00";"PR";376;288,5;"MAUA DA SERRA";"Reação tardia ou ineficiente do condutor";"Tombamento";"Com Vítimas Fatais";"Plena Noite";"Crescente";"Céu Claro";"Dupla";"Reta";"Não";4;1;0;1;1;1;1;3;-23,884;-51,243;"SPRF-PR";"DEL07-PR";"UOP02-DEL07-PR"
654737;2025-01-12;"domingo";"22:06:00";"MT";364;119;"RONDONOPOLIS";"Ausência de reação do condutor";"Saída de leito carroçável";"Com Vítimas Feridas";"Plena Noite";"Crescente";"Céu Claro";"Dupla";"Rotatória;Interseção de Vias";"Sim";3;0;2;0;0;1;2;3;-16,49200358;-54,64681886;"SPRF-MT";"DEL02-MT";"UOP02-DEL02-MT"
654741;2025-01-12;"domingo";"23:40:00";"ES";101;64;"SAO MATEUS";"Ingestão de álcool pelo condutor";"Colisão frontal";"Com Vítimas Feridas";"Plena Noite";"Crescente";"Garoa/Chuvisco";"Simples";"Reta";"Não";3;0;1;0;1;2;1;4;-18,70428583;-39,87065983;"SPRF-ES";"DEL04-ES";"UOP02-DEL04-ES"
654746;2025-01-12;"domingo";"22:05:00";"MG";116;222;"CATUJI";"Velocidade Incompatível";"Saída de leito carroçável";"Com Vítimas Feridas";"Plena Noite";"Decrescente";"Céu Claro";"Simples";"Declive;Curva";"Não";2;0;1;0;0;2;1;3;-17,42343294;-41,51418802;"SPRF-MG";"DEL11-MG";"UOP01-DEL11-MG"
654750;2025-01-13;"segunda-feira";"00:00:00";"PR";376;436,2;"TIBAGI";"Ausência de reação do condutor";"Colisão traseira";"Com Vítimas Feridas";"Plena Noite";"Crescente";"Céu Claro";"Dupla";"Aclive;Reta";"Não";3;0;0;1;1;2;1;4;-24,83716196;-50,47643585;"SPRF-PR";"DEL03-PR";"UOP02-DEL03-PR"
654757;2025-01-12;"domingo";"21:00:00";"MT";364;470;"JANGADA";"Ingestão de álcool pelo condutor";"Saída de leito carroçável";"Sem Vítimas";"Plena Noite";"Crescente";"Nublado";"Simples";"Curva";"Não";2;0;0;0;1;3;0;4;-15,4077;-56,36441;"SPRF-MT";"DEL01-MT";"UOP02-DEL01-MT"
654761;2025-01-12;"domingo";"22:30:00";"RO";364;310,8;"PRESIDENTE MEDICI";"Reação tardia ou ineficiente do condutor";"Colisão traseira";"Com Vítimas Feridas";"Plena Noite";"Decrescente";"Céu Claro";"Simples";"Reta";"Não";2;0;1;0;1;0;1;2;-11,154387;-61,90159;"SPRF-RO";"DEL02-RO";"UOP01-DEL02-RO"
654764;2025-01-13;"segunda-feira";"04:00:00";"GO";153;245,5;"SAO LUIZ DO NORTE";"Ausência de reação do condutor";"Colisão transversal";"Com Vítimas Fatais";"Plena Noite";"Crescente";"Nevoeiro/Neblina";"Simples";"Retorno Regulamentado;Reta";"Não";8;3;0;2;1;3;2;5;-14,877201;-49,33485;"SPRF-GO";"DEL07-GO";"UOP02-DEL07-GO"
654766;2025-01-13;"segunda-feira";"01:50:00";"PB";230;426;"POMBAL";"Ausência de reação do condutor";"Tombamento";"Com Vítimas Fatais";"Plena Noite";"Decrescente";"Céu Claro";"Simples";"Reta";"Não";5;1;0;1;1;4;1;6;-6,73543;-37,919822;"SPRF-PB";"DEL03-PB";"UOP02-DEL03-PB"
654768;2025-01-13;"segunda-feira";"05:10:00";"PB";230;70,5;"SOBRADO";"Ausência de reação do condutor";"Colisão lateral mesmo sentido";"Com Vítimas Feridas";"Amanhecer";"Decrescente";"Nublado";"Dupla";"Reta;Declive";"Sim";50;0;1;0;49;0;1;2;-7,191693;-35,230508;"SPRF-PB";"DEL01-PB";"UOP02-DEL01-PB"