"id";"data_inversa";"dia_semana";"horario";"uf";"br";"km";"municipio";"causa_acidente";"tipo_acidente";"classificacao_acidente";"fase_dia";"sentido_via";"condicao_metereologica";"tipo_pista";"tracado_via";"uso_solo";"pessoas";"mortos";"feridos_leves";"feridos_graves";"ilesos";"ignorados";"feridos";"veiculos";"latitude";"longitude";"regional";"delegacia";"uop"
657168;2025-01-24;"sexta-feira";"17:30:00";"PA";230;767;"MEDICILANDIA";"Transitar na contramão";"Colisão frontal";"Com Vítimas Fatais";"Plena Noite";"Decrescente";"Ignorado";"Simples";"Reta";"Não";2;1;0;0;0;1;0;2;-3,4961764;-53,09979789;"SPRF-PA";"DEL04-PA";"UOP01-DEL04-PA"
657178;2025-01-24;"sexta-feira";"19:00:00";"RO";364;496;"ARIQUEMES";"Ultrapassagem Indevida";"Colisão frontal";"Sem Vítimas";"Anoitecer";"Crescente";"Nublado";"Simples";"Curva";"Não";6;0;0;0;5;3;0;6;-10,09049706;-62,97006806;"SPRF-RO";"DEL03-RO";"UOP01-DEL03-RO"
657181;2025-01-24;"sexta-feira";"14:47:00";"PA";163;421,5;"ITAITUBA";"Acostamento em desnível";"Saída de leito carroçável";"Com Vítimas Feridas";"Pleno dia";"Crescente";"Chuva";"Simples";"Reta";"Não";2;0;1;0;0;1;1;2;-6,13110818;-55,61925136;"SPRF-PA";"DEL06-PA";"UOP02-DEL06-PA"
657183;2025-01-25;"sábado";"06:50:00";"SC";101;260;"PAULO LOPES";"Velocidade Incompatível";"Derramamento de carga";"Sem Vítimas";"Pleno dia";"Crescente";"Céu Claro";"Dupla";"Curva";"Não";2;0;0;0;1;1;0;2;-28,0210609;-48,69789507;"SPRF-SC";"DEL02-SC";"UOP03-DEL02-SC"
657186;2025-01-25;"sábado";"07:15:00";"SE";235;20;"LARANJEIRAS";"Velocidade Incompatível";"Saída de leito carroçável";"Com Vítimas Feridas";"Pleno dia";"Decrescente";"Chuva";"Simples";"Curva";"Não";1;0;1;0;0;0;1;1;-10,834111;-37,221916;"SPRF-SE";"DEL01-SE";"UOP02-DEL01-SE"
657193;2025-01-25;"sábado";"09:10:00";"PB";101;87;"JOAO PESSOA";"Demais falhas mecânicas ou elétricas";"Colisão com objeto";"Sem Vítimas";"Pleno dia";"Crescente";"Céu Claro";"Dupla";"Reta";"Sim";3;0;0;0;2;1;0;3;-7,15886802;-34,90628504;"SPRF-PB";"DEL01-PB";"UOP01-DEL01-PB"
657198;2025-01-25;"sábado";"07:00:00";"RJ";116;209;"SEROPEDICA";"Ausência de reação do condutor";"Colisão lateral mesmo sentido";"Com Vítimas Fatais";"Pleno dia";"Decrescente";"Céu Claro";"Dupla";"Reta";"Não";20;2;1;0;16;1;1;3;-22,721238;-43,681105;"SPRF-RJ";"DEL06-RJ";"UOP02-DEL06-RJ"
657201;2025-01-25;"sábado";"09:30:00";"MG";381;713,5;"CARMO DA CACHOEIRA";"Condutor Dormindo";"Colisão com objeto";"Com Vítimas Feridas";"Pleno dia";"Crescente";"Céu Claro";"Dupla";"Reta";"Não";2;0;1;0;1;0;1;1;-21,40375992;-45,21090213;"SPRF-MG";"DEL04-MG";"UOP02-DEL04-MG"
657211;2025-01-25;"sábado";"04:00:00";"SE";101;61,2;"ROSARIO DO CATETE";"Reação tardia ou ineficiente do condutor";"Saída de leito carroçável";"Com Vítimas Feridas";"Plena Noite";"Decrescente";"Céu Claro";"Simples";"Reta";"Não";3;0;2;0;1;0;2;1;-10,6767911;-37,03102283;"SPRF-SE";"DEL02-SE";"UOP02-DEL02-SE"
657220;2025-01-25;"sábado";"09:45:00";"PE";101;65,5;"RECIFE";"Condutor deixou de manter distância do veículo da frente";"Colisão com objeto";"Sem Vítimas";"Pleno dia";"Crescente";"Céu Claro";"Dupla";"Reta";"Sim";1;0;0;0;1;0;0;1;-8,029612;-34,942948;"SPRF-PE";"DEL01-PE";"UOP01-DEL01-PE"
657223;2025-01-25;"sábado";"09:45:00";"PI";230;309,4;"FLORIANO";"Ausência de reação do condutor";"Colisão traseira";"Sem Vítimas";"Pleno dia";"Crescente";"Céu Claro";"Simples";"Reta";"Sim";2;0;0;0;1;1;0;2;-6,77433132;-43,00632318;"SPRF-PI";"DEL03-PI";"UOP01-DEL03-PI"
657228;2025-01-25;"sábado";"10:35:00";"BA";324;518,5;"FEIRA DE SANTANA";"Desvio temporário";"Colisão traseira";"Sem Vítimas";"Pleno dia";"Crescente";"Céu Claro";"Dupla";"Reta";"Sim";2;0;0;0;1;1;0;2;-12,28252504;-38,9219238;"SPRF-BA";"DEL02-BA";"UOP01-DEL02-BA"
657231;2025-01-25;"sábado";"10:00:00";"CE";20;124;"TAUA";"Afundamento ou ondulação no pavimento";"Tombamento";"Com Vítimas Feridas";"Pleno dia";"Decrescente";"Céu Claro";"Simples";"Aclive;Reta";"Não";2;0;1;0;0;1;1;2;-5,69290412;-40,12999046;"SPRF-CE";"DEL02-CE";"UOP02-DEL02-CE"
657232;2025-01-25;"sábado";"06:19:00";"MG";381;813,2;"CAREACU";"Velocidade Incompatível";"Saída de leito carroçável";"Com Vítimas Fatais";"Amanhecer";"Decrescente";"Nublado";"Dupla";"Ponte;Reta";"Não";4;1;0;0;0;4;0;4;-22,0714422;-45,70245174;"SPRF-MG";"DEL16-MG";"UOP02-DEL16-MG"
657247;2025-01-25;"sábado";"10:15:00";"MG";251;333,7;"FRUTA DE LEITE";"Ausência de reação do condutor";"Colisão traseira";"Com Vítimas Feridas";"Pleno dia";"Decrescente";"Sol";"Simples";"Curva;Em Obras";"Não";5;0;0;1;3;2;1;4;-16,25683842;-42,43114276;"SPRF-MG";"DEL12-MG";"UOP02-DEL12-MG"
657251;2025-01-25;"sábado";"13:47:00";"PB";427;37;"POMBAL";"Ingestão de álcool pelo condutor";"Colisão frontal";"Com Vítimas Feridas";"Pleno dia";"Decrescente";"Céu Claro";"Simples";"Reta";"Não";2;0;0;1;1;0;1;2;-6,76405124;-37,78910384;"SPRF-PB";"DEL03-PB";"UOP02-DEL03-PB"
657254;2025-01-25;"sábado";"14:10:00";"MG";116;561;"MANHUACU";"Ausência de reação do condutor";"Colisão traseira";"Com Vítimas Feridas";"Pleno dia";"Decrescente";"Céu Claro";"Simples";"Reta";"Sim";2;0;0;1;1;0;1;2;-20,04079579;-42,17396159;"SPRF-MG";"DEL06-MG";"UOP03-DEL06-MG"
657264;2025-01-25;"sábado";"14:15:00";"RS";101;46;"TERRA DE AREIA";"Ausência de reação do condutor";"Colisão com objeto";"Com Vítimas Feridas";"Pleno dia";"Crescente";"Garoa/Chuvisco";"Múltipla";"Reta";"Sim";1;0;1;0;0;0;1;1;-29,57664003;-50,06327396;"SPRF-RS";"DEL03-RS";"UOP02-DEL03-RS"
657267;2025-01-25;"sábado";"13:45:00";"MG";116;6;"DIVISA ALEGRE";"Demais falhas na via";"Colisão com objeto";"Com Vítimas Feridas";"Pleno dia";"Decrescente";"Céu Claro";"Simples";"Curva";"Não";1;0;1;0;0;0;1;1;-15,74952994;-41,33072084;"SPRF-BA";"DEL08-BA";"UOP03-DEL08-BA"
657269;2025-01-25;"sábado";"15:40:00";"MG";381;491,2;"BETIM";"Manobra de mudança de faixa";"Colisão lateral mesmo sentido";"Com Vítimas Feridas";"Pleno dia";"Decrescente";"Sol";"Dupla";"Reta";"Sim";4;0;2;0;2;0;2;4;-19,95806853;-44,15051758;"SPRF-MG";"DEL01-MG";"UOP03-DEL01-MG"
657275;2025-01-25;"sábado";"14:30:00";"SC";101;352,9;"JAGUARUNA";"Demais falhas mecânicas ou elétricas";"Incêndio";"Sem Vítimas";"Pleno dia";"Decrescente";"Céu Claro";"Dupla";"Reta";"Não";2;0;0;0;2;0;0;1;-28,60489869;-49,05593332;"SPRF-SC";"DEL02-SC";"UOP01-DEL02-SC"
657278;2025-01-25;"sábado";"13:30:00";"PR";116;193,1;"CAMPO DO TENENTE";"Demais falhas mecânicas ou elétricas";"Eventos atípicos";"Sem Vítimas";"Pleno dia";"Crescente";"Garoa/Chuvisco";"Simples";"Reta";"Não";3;0;0;0;2;1;0;3;-25,97956005;-49,66051132;"SPRF-SC";"DEL06-SC";"UOP01-DEL06-SC"
657279;2025-01-25;"sábado";"15:05:00";"MT";163;105,4;"RONDONOPOLIS";"Ausência de reação do condutor";"Colisão traseira";"Sem Vítimas";"Pleno dia";"Decrescente";"Céu Claro";"Dupla";"Aclive;Reta";"Não";4;0;0;0;3;3;0;5;-16,62007898;-54,69936693;"SPRF-MT";"DEL02-MT";"UOP01-DEL02-MT"
657290;2025-01-25;"sábado";"16:15:00";"SC";163;115,2;"DIONISIO CERQUEIRA";"Condutor Dormindo";"Saída de leito carroçável";"Com Vítimas Feridas";"Pleno dia";"Decrescente";"Céu Claro";"Simples";"Declive;Reta";"Não";3;0;0;2;0;1;2;2;-26,366385;-53,533985;"SPRF-SC";"DEL07-SC";"UOP03-DEL07-SC"
657300;2025-01-25;"sábado";"19:34:00";"RS";386;442;"CANOAS";"Mal súbito do condutor";"Colisão transversal";"Com Vítimas Feridas";"Anoitecer";"Decrescente";"Céu Claro";"Dupla";"Reta";"Não";3;0;0;1;2;0;1;2;-29,885923;-51,223259;"SPRF-RS";"DEL01-RS";"UOP01-DEL01-RS"
657302;2025-01-25;"sábado";"17:25:00";"PR";376;343;"ORTIGUEIRA";"Demais falhas mecânicas ou elétricas";"Queda de ocupante de veículo";"Com Vítimas Feridas";"Anoitecer";"Crescente";"Chuva";"Simples";"Curva";"Não";3;0;0;1;1;1;1;2;-24,2017732;-50,94742728;"SPRF-PR";"DEL07-PR";"UOP02-DEL07-PR"
657304;2025-01-25;"sábado";"19:35:00";"MG";116;574,9;"MANHUACU";"Transitar na contramão";"Colisão frontal";"Com Vítimas Fatais";"Plena Noite";"Decrescente";"Céu Claro";"Simples";"Curva;Declive";"Não";3;1;0;0;1;1;0;3;-20,14598091;-42,18538333;"SPRF-MG";"DEL06-MG";"UOP03-DEL06-MG"
657309;2025-01-25;"sábado";"19:55:00";"PE";101;69,7;"RECIFE";"Reação tardia ou ineficiente do condutor";"Tombamento";"Com Vítimas Feridas";"Plena Noite";"Crescente";"Céu Claro";"Dupla";"Curva";"Sim";2;0;1;0;0;1;1;2;-8,0655;-34,94428;"SPRF-PE";"DEL01-PE";"UOP01-DEL01-PE"
657313;2025-01-25;"sábado";"20:00:00";"SP";381;86;"SAO PAULO";"Reação tardia ou ineficiente do condutor";"Colisão traseira";"Com Vítimas Feridas";"Plena Noite";"Crescente";"Chuva";"Dupla";"Reta";"Sim";3;0;1;0;1;1;1;3;-23,45930499;-46,57161179;"SPRF-SP";"DEL03-SP";"UOP01-DEL03-SP"
657337;2025-01-25;"sábado";"14:00:00";"AL";101;71;"MESSIAS";"Demais falhas mecânicas ou elétricas";"Incêndio";"Sem Vítimas";"Pleno dia";"Crescente";"Nublado";"Dupla";"Curva";"Não";4;0;0;0;1;3;0;3;-9,37155696;-35,83020358;"SPRF-AL";"DEL01-AL";"UOP01-DEL01-AL"
657339;2025-01-25;"sábado";"22:00:00";"MG";50;197,3;"DELTA";"Velocidade Incompatível";"Colisão traseira";"Com Vítimas Fatais";"Plena Noite";"Crescente";"Nublado";"Dupla";"Declive;Reta";"Não";3;1;0;0;1;2;0;4;-19,9090125;-47,8338973;"SPRF-MG";"DEL13-MG";"UOP01-DEL13-MG"
657349;2025-01-25;"sábado";"21:20:00";"MG";381;580;"CARMOPOLIS DE MINAS";"Ausência de reação do condutor";"Colisão traseira";"Com Vítimas Feridas";"Plena Noite";"Decrescente";"Céu Claro";"Dupla";"Reta";"Não";4;0;0;1;2;2;1;4;-20,50796117;-44,61144676;"SPRF-MG";"DEL04-MG";"UOP01-DEL04-MG"
657358;2025-01-25;"sábado";"15:25:00";"RN";304;140,2;"ANGICOS";"Condutor deixou de manter distância do veículo da frente";"Engavetamento";"Sem Vítimas";"Pleno dia";"Crescente";"Nublado";"Simples";"Reta";"Não";3;0;0;0;3;0;0;3;-5,66657204;-36,68142801;"SPRF-RN";"DEL04-RN";"UOP01-DEL04-RN"
657362;2025-01-25;"sábado";"22:45:00";"TO";153;389;"RIO DOS BOIS";"Transitar na contramão";"Colisão frontal";"Com Vítimas Feridas";"Plena Noite";"Crescente";"Céu Claro";"Simples";"Reta";"Não";4;0;1;0;2;1;1;3;-9,32090992;-48,54216382;"SPRF-TO";"DEL02-TO";"UOP02-DEL02-TO"
657366;2025-01-25;"sábado";"18:00:00";"SC";101;70;"ARAQUARI";"Reação tardia ou ineficiente do condutor";"Tombamento";"Com Vítimas Feridas";"Anoitecer";"Crescente";"Garoa/Chuvisco";"Múltipla";"Reta";"Não";3;0;1;0;1;1;1;3;-26,51082007;-48,72345612;"SPRF-SC";"DEL03-SC";"UOP02-DEL03-SC"
657368;2025-01-26;"domingo";"00:42:00";"RS";448;21;"PORTO ALEGRE";"Condutor usando celular";"Colisão traseira";"Com Vítimas Feridas";"Plena Noite";"Crescente";"Céu Claro";"Múltipla";"Reta";"Não";2;0;1;0;1;0;1;2;-29,96574;-51,202034;"SPRF-RS";"DEL01-RS";"UOP01-DEL01-RS"
657382;2025-01-26;"domingo";"01:50:00";"AL";104;8;"SAO JOSE DA LAJE";"Velocidade Incompatível";"Saída de leito carroçável";"Com Vítimas Fatais";"Plena Noite";"Crescente";"Garoa/Chuvisco";"Simples";"Curva;Declive";"Não";2;2;0;0;0;0;0;1;-8,96386265;-36,02023815;"SPRF-AL";"DEL01-AL";"UOP02-DEL01-AL"
657389;2025-01-26;"domingo";"04:10:00";"PR";376;198,3;"MARIALVA";"Transitar na contramão";"Colisão frontal";"Com Vítimas Feridas";"Pleno dia";"Decrescente";"Nublado";"Dupla";"Reta";"Não";6;0;1;0;1;4;1;3;-23,4997541;-51,76663399;"SPRF-PR";"DEL09-PR";"UOP01-DEL09-PR"
657391;2025-01-26;"domingo";"04:30:00";"RS";386;246,2;"SOLEDADE";"Transitar na contramão";"Colisão transversal";"Com Vítimas Feridas";"Plena Noite";"Crescente";"Céu Claro";"Simples";"Reta";"Sim";2;0;1;0;1;0;1;2;-28,808382;-52,502323;"SPRF-RS";"DEL04-RS";"UOP03-DEL04-RS"
657392;2025-01-26;"domingo";"03:20:00";"BA";116;456,7;"SANTO ESTEVAO";"Ingestão de álcool pelo condutor";"Colisão lateral mesmo sentido";"Sem Vítimas";"Plena Noite";"Crescente";"Céu Claro";"Dupla";"Aclive;Reta";"Não";3;0;0;0;2;3;0;5;-12,40612105;-39,17593097;"SPRF-BA";"DEL02-BA";"UOP01-DEL02-BA"
657397;2025-01-26;"domingo";"04:00:00";"PI";222;57;"BRASILEIRA";"Ausência de reação do condutor";"Colisão traseira";"Com Vítimas Feridas";"Plena Noite";"Decrescente";"Nublado";"Simples";"Reta";"Não";2;0;1;0;1;0;1;2;-4,16474682;-41,65676829;"SPRF-PI";"DEL02-PI";"UOP01-DEL02-PI"
657400;2025-01-26;"domingo";"01:20:00";"MG";365;706;"MONTE ALEGRE DE MINAS";"Velocidade Incompatível";"Tombamento";"Sem Vítimas";"Plena Noite";"Decrescente";"Céu Claro";"Dupla";"Retorno Regulamentado";"Não";2;0;0;0;1;3;0;4;-18,8789182;-49,05482003;"SPRF-MG";"DEL15-MG";"UOP03-DEL15-MG"
657401;2025-01-26;"domingo";"05:20:00";"PR";376;592,2;"CURITIBA";"Condutor deixou de manter distância do veículo da frente";"Colisão traseira";"Sem Vítimas";"Amanhecer";"Decrescente";"Nublado";"Dupla";"Reta";"Sim";3;0;0;0;2;2;0;4;-25,43777559;-49,3649123;"SPRF-PR";"DEL03-PR";"UOP03-DEL03-PR"
657409;2025-01-25;"sábado";"21:35:00";"MT";158;476;"CANARANA";"Ingestão de álcool pelo condutor";"Saída de leito carroçável";"Com Vítimas Feridas";"Plena Noite";"Crescente";"Céu Claro";"Simples";"Reta";"Não";3;0;1;0;0;3;1;4;-13,26498978;-51,97458743;"SPRF-MT";"DEL07-MT";"UOP02-DEL07-MT"
657412;2025-01-26;"domingo";"06:40:00";"MS";163;843;"SONORA";"Condutor Dormindo";"Saída de leito carroçável";"Com Vítimas Feridas";"Amanhecer";"Crescente";"Céu Claro";"Simples";"Reta;Aclive";"Não";2;0;1;0;0;2;1;3;-17,54609699;-54,74124217;"SPRF-MS";"DEL06-MS";"UOP01-DEL06-MS"
657414;2025-01-22;"quarta-feira";"08:15:00";"MT";364;463,8;"VARZEA GRANDE";"Condutor deixou de manter distância do veículo da frente";"Colisão traseira";"Com Vítimas Feridas";"Pleno dia";"Decrescente";"Sol";"Simples";"Reta";"Não";3;0;0;1;1;5;1;7;-15,45097;-56,32643;"SPRF-MT";"DEL01-MT";"UOP02-DEL01-MT"
657419;2025-01-26;"domingo";"08:56:00";"PA";10;353;"SANTA MARIA DO PARA";"Ultrapassagem Indevida";"Colisão frontal";"Com Vítimas Fatais";"Pleno dia";"Decrescente";"Céu Claro";"Simples";"Reta";"Sim";3;1;0;0;1;1;0;3;-1,37053441;-47,56138891;"SPRF-PA";"DEL01-PA";"UOP02-DEL01-PA"
657426;2025-01-26;"domingo";"06:20:00";"MT";163;108;"RONDONOPOLIS";"Reação tardia ou ineficiente do condutor";"Colisão com objeto";"Sem Vítimas";"Pleno dia";"Decrescente";"Céu Claro";"Simples";"Reta";"Não";4;0;0;0;0;5;0;4;-16,58105817;-54,68825698;"SPRF-MT";"DEL02-MT";"UOP01-DEL02-MT"
657429;2025-01-22;"quarta-feira";"21:36:00";"MT";163;555,1;"DIAMANTINO";"Reação tardia ou ineficiente do condutor";"Saída de leito carroçável";"Com Vítimas Feridas";"Plena Noite";"Decrescente";"Chuva";"Dupla";"Desvio Temporário";"Não";2;0;1;0;0;1;1;2;-14,267496;-56,15044099;"SPRF-MT";"DEL01-MT";"UOP01-DEL01-MT"
657430;2025-01-26;"domingo";"08:50:00";"RS";285;243;"CIRIACO";"Ausência de reação do condutor";"Colisão lateral sentido oposto";"Com Vítimas Feridas";"Pleno dia";"Crescente";"Céu Claro";"Simples";"Reta";"Não";2;0;1;0;1;0;1;2;-28,265223;-51,918598;"SPRF-RS";"DEL08-RS";"UOP03-DEL08-RS"
657434;2025-01-26;"domingo";"09:40:00";"PB";101;79,9;"SANTA RITA";"Velocidade Incompatível";"Tombamento";"Com Vítimas Feridas";"Pleno dia";"Crescente";"Céu Claro";"Dupla";"Curva";"Sim";2;0;1;0;0;1;1;2;-7,11707513;-34,95004177;"SPRF-PB";"DEL01-PB";"UOP03-DEL01-PB"
657435;2025-01-26;"domingo";"09:00:00";"PA";230;117;"MARABA";"Ingestão de álcool pelo condutor";"Colisão transversal";"Sem Vítimas";"Pleno dia";"Crescente";"Céu Claro";"Dupla";"Reta";"Sim";2;0;0;0;2;0;0;2;-5,35569904;-49,09047302;"SPRF-PA";"DEL03-PA";"UOP01-DEL03-PA"
657441;2025-01-26;"domingo";"09:04:00";"MT";364;272;"JACIARA";"Ausência de reação do condutor";"Colisão lateral mesmo sentido";"Com Vítimas Fatais";"Pleno dia";"Crescente";"Sol";"Dupla";"Declive;Reta";"Sim";3;1;0;0;1;3;0;5;-15,96667987;-54,96121981;"SPRF-MT";"DEL05-MT";"UOP02-DEL05-MT"
657447;2025-01-26;"domingo";"11:00:00";"PB";101;106,2;"ALHANDRA";"Velocidade Incompatível";"Colisão traseira";"Com Vítimas Feridas";"Pleno dia";"Decrescente";"Céu Claro";"Dupla";"Reta;Aclive";"Não";3;0;1;0;1;1;1;3;-7,325423;-34,94693577;"SPRF-PB";"DEL01-PB";"UOP01-DEL01-PB"
657448;2025-01-26;"domingo";"10:00:00";"PR";277;299,2;"PRUDENTOPOLIS";"Acessar a via sem observar a presença dos outros veículos";"Colisão lateral mesmo sentido";"Com Vítimas Feridas";"Pleno dia";"Decrescente";"Céu Claro";"Dupla";"Reta";"Não";6;0;1;0;1;4;1;4;-25,3142531;-51,08912399;"SPRF-PR";"DEL08-PR";"UOP01-DEL08-PR"
657451;2025-01-26;"domingo";"09:30:00";"SC";470;185,3;"POUSO REDONDO";"Reação tardia ou ineficiente do condutor";"Tombamento";"Com Vítimas Feridas";"Pleno dia";"Decrescente";"Céu Claro";"Simples";"Curva";"Não";3;0;0;1;0;2;1;3;-27,254034;-50,036575;"SPRF-SC";"DEL04-SC";"UOP02-DEL04-SC"
657454;2025-01-26;"domingo";"11:10:00";"MG";40;524;"CONTAGEM";"Transitar no Acostamento";"Colisão traseira";"Com Vítimas Feridas";"Pleno dia";"Decrescente";"Céu Claro";"Dupla";"Curva";"Sim";2;0;0;1;1;0;1;2;-19,8754469;-44,05345586;"SPRF-MG";"DEL01-MG";"UOP02-DEL01-MG"
657456;2025-01-26;"domingo";"12:25:00";"BA";324;594;"CANDEIAS";"Ausência de reação do condutor";"Colisão traseira";"Com Vítimas Feridas";"Pleno dia";"Crescente";"Céu Claro";"Dupla";"Reta";"Não";9;0;4;2;2;1;6;3;-12,70742041;-38,46251062;"SPRF-BA";"DEL01-BA";"UOP01-DEL01-BA"
657459;2025-01-26;"domingo";"11:15:00";"MG";116;385,2;"MATHIAS LOBATO";"Ausência de reação do condutor";"Colisão lateral sentido oposto";"Com Vítimas Fatais";"Pleno dia";"Decrescente";"Céu Claro";"Simples";"Curva";"Não";10;3;3;3;0;1;6;4;-18,6633058;-41,97668625;"SPRF-MG";"DEL06-MG";"UOP01-DEL06-MG"
657463;2025-01-26;"domingo";"07:10:00";"BA";242;493;"OLIVEIRA DOS BREJINHOS";"Velocidade Incompatível";"Tombamento";"Com Vítimas Feridas";"Pleno dia";"Crescente";"Céu Claro";"Simples";"Curva";"Não";2;0;0;1;0;2;1;3;-12,39898;-42,39651;"SPRF-BA";"DEL06-BA";"UOP01-DEL06-BA"
657467;2025-01-26;"domingo";"12:30:00";"SC";101;232,5;"PALHOCA";"Reação tardia ou ineficiente do condutor";"Colisão traseira";"Com Vítimas Feridas";"Pleno dia";"Crescente";"Garoa/Chuvisco";"Dupla";"Aclive;Curva";"Não";7;0;1;0;6;0;1;2;-27,795666;-48,638153;"SPRF-SC";"DEL01-SC";"UOP02-DEL01-SC"
657468;2025-01-26;"domingo";"13:20:00";"RJ";101;428;"MANGARATIBA";"Desrespeitar a preferência no cruzamento";"Colisão transversal";"Com Vítimas Feridas";"Pleno dia";"Crescente";"Céu Claro";"Dupla";"Retorno Regulamentado;Interseção de Vias";"Sim";8;0;3;0;5;0;3;3;-22,93391858;-43,9899979;"SPRF-RJ";"DEL03-RJ";"UOP02-DEL03-RJ"
657476;2025-01-26;"domingo";"09:25:00";"SC";101;298;"LAGUNA";"Condutor deixou de manter distância do veículo da frente";"Colisão com objeto";"Com Vítimas Feridas";"Pleno dia";"Decrescente";"Céu Claro";"Dupla";"Reta";"Não";1;0;1;0;0;0;1;1;-28,32102597;-48,72829906;"SPRF-SC";"DEL02-SC";"UOP03-DEL02-SC"
657478;2025-01-26;"domingo";"14:20:00";"MG";381;424,9;"CAETE";"Ausência de reação do condutor";"Colisão com objeto";"Com Vítimas Feridas";"Pleno dia";"Decrescente";"Céu Claro";"Dupla";"Curva";"Sim";3;0;0;1;0;2;1;3;-19,78303559;-43,66513756;"SPRF-MG";"DEL01-MG";"UOP01-DEL01-MG"
657482;2025-01-26;"domingo";"14:10:00";"SP";116;314;"SAO LOURENCO DA SERRA";"Pista Escorregadia";"Colisão traseira";"Com Vítimas Feridas";"Pleno dia";"Decrescente";"Chuva";"Dupla";"Curva";"Sim";4;0;1;0;2;1;1;3;-23,89562822;-46,98556063;"SPRF-SP";"DEL04-SP";"UOP01-DEL04-SP"
657493;2025-01-26;"domingo";"14:27:00";"RO";364;710;"PORTO VELHO";"Entrada inopinada do pedestre";"Atropelamento de Pedestre";"Com Vítimas Feridas";"Pleno dia";"Crescente";"Nublado";"Dupla";"Reta";"Sim";4;0;0;1;1;3;1;5;-8,78621576;-63,85712687;"SPRF-RO";"DEL01-RO";"UOP01-DEL01-RO"
657502;2025-01-26;"domingo";"15:07:00";"CE";116;547;"PENAFORTE";"Manobra de mudança de faixa";"Colisão lateral mesmo sentido";"Com Vítimas Feridas";"Pleno dia";"Decrescente";"Céu Claro";"Simples";"Reta";"Não";7;0;2;0;4;1;2;3;-7,82040438;-39,0865509;"SPRF-CE";"DEL05-CE";"UOP03-DEL05-CE"
657503;2025-01-26;"domingo";"15:20:00";"PR";277;135;"CAMPO LARGO";"Ausência de reação do condutor";"Colisão traseira";"Sem Vítimas";"Pleno dia";"Decrescente";"Nublado";"Simples";"Curva";"Não";3;0;0;0;2;1;0;3;-25,47;-49,599;"SPRF-PR";"DEL03-PR";"UOP03-DEL03-PR"
657508;2025-01-26;"domingo";"16:00:00";"MG";381;915,8;"CAMANDUCAIA";"Reação tardia ou ineficiente do condutor";"Colisão lateral mesmo sentido";"Com Vítimas Feridas";"Pleno dia";"Decrescente";"Chuva";"Dupla";"Reta";"Não";4;0;1;1;1;1;2;3;-22,76087082;-46,16278597;"SPRF-MG";"DEL16-MG";"UOP03-DEL16-MG"
657510;2025-01-26;"domingo";"13:30:00";"MG";116;148,9;"PONTO DOS VOLANTES";"Transitar na contramão";"Colisão frontal";"Com Vítimas Fatais";"Pleno dia";"Decrescente";"Céu Claro";"Simples";"Curva;Declive";"Não";6;1;0;3;1;1;3;3;-16,83568806;-41,47878089;"SPRF-MG";"DEL11-MG";"UOP02-DEL11-MG"
657515;2025-01-26;"domingo";"17:50:00";"SP";116;68,5;"APARECIDA";"Condutor Dormindo";"Colisão lateral mesmo sentido";"Com Vítimas Feridas";"Pleno dia";"Crescente";"Garoa/Chuvisco";"Dupla";"Reta";"Não";5;0;1;0;3;1;1;3;-22,83354783;-45,21713313;"SPRF-SP";"DEL08-SP";"UOP01-DEL08-SP"
657522;2025-01-26;"domingo";"17:20:00";"RJ";116;196;"QUEIMADOS";"Reação tardia ou ineficiente do condutor";"Colisão traseira";"Com Vítimas Feridas";"Anoitecer";"Decrescente";"Garoa/Chuvisco";"Dupla";"Curva";"Sim";8;0;4;0;3;1;4;3;-22,73336575;-43,55659479;"SPRF-RJ";"DEL06-RJ";"UOP01-DEL06-RJ"
657524;2025-01-26;"domingo";"17:00:00";"MS";262;311;"CAMPO GRANDE";"Ingestão de álcool pelo condutor";"Colisão lateral sentido oposto";"Sem Vítimas";"Pleno dia";"Decrescente";"Céu Claro";"Simples";"Reta";"Não";3;0;0;0;2;3;0;5;-20,47415591;-54,39129199;"SPRF-MS";"DEL01-MS";"UOP01-DEL01-MS"
657527;2025-01-26;"domingo";"15:30:00";"RJ";40;92;"PETROPOLIS";"Reação tardia ou ineficiente do condutor";"Tombamento";"Com Vítimas Feridas";"Pleno dia";"Crescente";"Chuva";"Simples";"Curva;Declive";"Não";2;0;1;0;1;0;1;1;-22,55191954;-43,25068815;"SPRF-RJ";"DEL01-RJ";"UOP01-DEL01-RJ"
657532;2025-01-26;"domingo";"03:30:00";"BA";407;227;"CAPIM GROSSO";"Ausência de reação do condutor";"Colisão traseira";"Com Vítimas Feridas";"Plena Noite";"Decrescente";"Garoa/Chuvisco";"Simples";"Reta";"Sim";2;0;0;1;0;1;1;2;-11,33058004;-40,01665726;"SPRF-BA";"DEL04-BA";"UOP02-DEL04-BA"
657536;2025-01-26;"domingo";"18:39:00";"GO";20;11;"FORMOSA";"Reação tardia ou ineficiente do condutor";"Colisão frontal";"Com Vítimas Feridas";"Pleno dia";"Crescente";"Céu Claro";"Simples";"Reta";"Não";4;0;0;2;1;1;2;3;-15,562011;-47,257778;"SPRF-DF";"DEL02-DF";"UOP02-DEL02-DF"
657545;2025-01-26;"domingo";"19:00:00";"MG";381;515,9;"IGARAPE";"Velocidade Incompatível";"Saída de leito carroçável";"Com Vítimas Feridas";"Plena Noite";"Decrescente";"Nublado";"Dupla";"Curva;Declive";"Não";4;0;3;1;0;0;4;1;-20,09734;-44,3159;"SPRF-MG";"DEL01-MG";"UOP03-DEL01-MG"