"id";"data_inversa";"dia_semana";"horario";"uf";"br";"km";"municipio";"causa_acidente";"tipo_acidente";"classificacao_acidente";"fase_dia";"sentido_via";"condicao_metereologica";"tipo_pista";"tracado_via";"uso_solo";"pessoas";"mortos";"feridos_leves";"feridos_graves";"ilesos";"ignorados";"feridos";"veiculos";"latitude";"longitude";"regional";"delegacia";"uop"
660053;2025-02-08;"sábado";"01:00:00";"BA";101;294;"VALENCA";"Transitar na contramão";"Colisão frontal";"Com Vítimas Feridas";"Plena Noite";"Crescente";"Céu Claro";"Simples";"Reta";"Não";2;0;0;1;1;0;1;2;-13,3289761;-39,36492987;"SPRF-BA";"DEL01-BA";"UOP02-DEL01-BA"
660058;2025-02-08;"sábado";"06:50:00";"SC";470;192,6;"POUSO REDONDO";"Demais falhas mecânicas ou elétricas";"Tombamento";"Com Vítimas Feridas";"Pleno dia";"Decrescente";"Céu Claro";"Simples";"Curva;Declive";"Não";2;0;1;0;0;1;1;2;-27,293324;-50,078678;"SPRF-SC";"DEL04-SC";"UOP02-DEL04-SC"
660059;2025-02-08;"sábado";"13:40:00";"SC";101;193;"BIGUACU";"Acessar a via sem observar a presença dos outros veículos";"Colisão lateral mesmo sentido";"Com Vítimas Feridas";"Pleno dia";"Crescente";"Sol";"Múltipla";"Reta";"Sim";5;0;1;0;1;4;1;5;-27,489574;-48,655914;"SPRF-SC";"DEL01-SC";"UOP01-DEL01-SC"
660062;2025-02-08;"sábado";"13:30:00";"GO";153;299;"RIALMA";"Ultrapassagem Indevida";"Colisão frontal";"Com Vítimas Fatais";"Pleno dia";"Decrescente";"Céu Claro";"Simples";"Reta";"Sim";3;1;0;0;1;2;0;4;-15,277585;-49,552872;"SPRF-GO";"DEL02-GO";"UOP02-DEL02-GO"
660065;2025-02-08;"sábado";"14:00:00";"ES";101;294;"CARIACICA";"Velocidade Incompatível";"Colisão traseira";"Com Vítimas Feridas";"Pleno dia";"Decrescente";"Sol";"Múltipla";"Declive";"Sim";14;0;7;0;6;2;7;12;-20,32415948;-40,3952903;"SPRF-ES";"DEL01-ES";"UOP01-DEL01-ES"
660070;2025-02-08;"sábado";"11:45:00";"RJ";493;85;"SEROPEDICA";"Problema na suspensão";"Colisão lateral mesmo sentido";"Com Vítimas Feridas";"Pleno dia";"Crescente";"Céu Claro";"Dupla";"Reta";"Não";2;0;1;0;1;0;1;2;-22,66629385;-43,63529205;"SPRF-RJ";"DEL01-RJ";"UOP03-DEL01-RJ"
660078;2025-02-08;"sábado";"14:05:00";"MG";262;655,2;"IBIA";"Demais falhas mecânicas ou elétricas";"Colisão traseira";"Com Vítimas Feridas";"Pleno dia";"Crescente";"Céu Claro";"Simples";"Reta";"Não";3;0;1;0;1;3;1;5;-19,5717018;-46,6726059;"SPRF-MG";"DEL08-MG";"UOP01-DEL08-MG"
660085;2025-02-08;"sábado";"14:05:00";"PR";277;543,5;"CATANDUVAS";"Reação tardia ou ineficiente do condutor";"Colisão traseira";"Com Vítimas Feridas";"Pleno dia";"Decrescente";"Céu Claro";"Simples";"Reta";"Não";2;0;0;1;1;0;1;2;-25,1025439;-53,0878821;"SPRF-PR";"DEL04-PR";"UOP04-DEL04-PR"
660090;2025-02-08;"sábado";"16:45:00";"PR";163;330;"GUAIRA";"Pista Escorregadia";"Colisão lateral mesmo sentido";"Sem Vítimas";"Pleno dia";"Crescente";"Chuva";"Simples";"Reta";"Não";7;0;0;0;7;0;0;2;-24,26399161;-54,18874272;"SPRF-PR";"DEL06-PR";"UOP01-DEL06-PR"
660095;2025-02-08;"sábado";"15:30:00";"MG";381;940;"EXTREMA";"Velocidade Incompatível";"Tombamento";"Com Vítimas Feridas";"Pleno dia";"Decrescente";"Nublado";"Dupla";"Curva";"Não";2;0;1;0;0;1;1;2;-22,85421396;-46,33740277;"SPRF-MG";"DEL16-MG";"UOP03-DEL16-MG"
660097;2025-02-08;"sábado";"18:00:00";"GO";50;112;"CRISTALINA";"Ingestão de álcool pelo condutor";"Colisão lateral sentido oposto";"Com Vítimas Feridas";"Pleno dia";"Crescente";"Céu Claro";"Dupla";"Reta";"Não";3;0;1;0;1;1;1;3;-16,9309;-47,7117;"SPRF-DF";"DEL01-DF";"UOP02-DEL01-DF"
660099;2025-02-08;"sábado";"17:30:00";"GO";153;436,6;"ANAPOLIS";"Faixas de trânsito com largura insuficiente";"Colisão lateral mesmo sentido";"Sem Vítimas";"Pleno dia";"Crescente";"Céu Claro";"Simples";"Reta";"Sim";2;0;0;0;0;2;0;2;-16,299337;-48,928112;"SPRF-GO";"DEL02-GO";"UOP01-DEL02-GO"
660104;2025-02-08;"sábado";"13:55:00";"MT";364;436;"VARZEA GRANDE";"Conversão proibida";"Colisão transversal";"Com Vítimas Feridas";"Pleno dia";"Crescente";"Céu Claro";"Dupla";"Reta";"Não";2;0;1;0;1;0;1;2;-15,6375121;-56,2038133;"SPRF-MT";"DEL01-MT";"UOP02-DEL01-MT"
660109;2025-02-08;"sábado";"15:58:00";"MT";364;239;"JUSCIMEIRA";"Condutor deixou de manter distância do veículo da frente";"Colisão lateral mesmo sentido";"Com Vítimas Feridas";"Pleno dia";"Crescente";"Céu Claro";"Dupla";"Reta;Declive";"Não";6;0;2;0;3;3;2;5;-16,1876524;-54,78578459;"SPRF-MT";"DEL02-MT";"UOP01-DEL02-MT"
660111;2025-02-08;"sábado";"17:00:00";"BA";101;140;"TEODORO SAMPAIO";"Demais falhas mecânicas ou elétricas";"Incêndio";"Sem Vítimas";"Pleno dia";"Decrescente";"Céu Claro";"Simples";"Curva";"Não";1;0;0;0;1;0;0;1;-12,27707429;-38,68756785;"SPRF-BA";"DEL01-BA";"UOP04-DEL01-BA"
660116;2025-02-08;"sábado";"16:40:00";"MG";153;91,9;"PRATA";"Condutor usando celular";"Colisão lateral sentido oposto";"Com Vítimas Feridas";"Pleno dia";"Decrescente";"Céu Claro";"Simples";"Reta;Declive";"Não";5;0;1;0;2;5;1;8;-19,15242696;-48,96164382;"SPRF-MG";"DEL15-MG";"UOP03-DEL15-MG"
660142;2025-02-08;"sábado";"20:30:00";"GO";153;543;"HIDROLANDIA";"Avarias e/ou desgaste excessivo no pneu";"Saída de leito carroçável";"Com Vítimas Fatais";"Plena Noite";"Crescente";"Céu Claro";"Dupla";"Declive;Reta";"Não";1;1;0;0;0;0;0;1;-17,0814;-49,2246;"SPRF-GO";"DEL01-GO";"UOP03-DEL01-GO"
660146;2025-02-08;"sábado";"21:00:00";"SP";153;44,5;"ONDA VERDE";"Ultrapassagem Indevida";"Colisão frontal";"Sem Vítimas";"Plena Noite";"Crescente";"Céu Claro";"Simples";"Reta";"Não";4;0;0;0;3;1;0;4;-20,65497601;-49,34121741;"SPRF-SP";"DEL09-SP";"UOP01-DEL09-SP"
660149;2025-02-08;"sábado";"18:40:00";"PE";232;240;"ARCOVERDE";"Entrada inopinada do pedestre";"Atropelamento de Pedestre";"Com Vítimas Feridas";"Plena Noite";"Crescente";"Céu Claro";"Simples";"Declive;Reta";"Não";5;0;1;2;2;0;3;4;-8,41656773;-36,95265598;"SPRF-PE";"DEL04-PE";"UOP02-DEL04-PE"
660154;2025-02-08;"sábado";"19:00:00";"PA";230;257;"NOVO REPARTIMENTO";"Ingestão de álcool pelo condutor";"Tombamento";"Com Vítimas Feridas";"Plena Noite";"Crescente";"Nublado";"Simples";"Reta";"Não";2;0;1;0;0;1;1;2;-4,60715191;-49,76799474;"SPRF-PA";"DEL03-PA";"UOP01-DEL03-PA"
660156;2025-02-08;"sábado";"11:45:00";"MG";267;262,8;"AIURUOCA";"Velocidade Incompatível";"Tombamento";"Com Vítimas Feridas";"Pleno dia";"Decrescente";"Sol";"Simples";"Curva;Declive";"Não";1;0;1;0;0;0;1;1;-21,93725204;-44,5709875;"SPRF-MG";"DEL17-MG";"UOP01-DEL17-MG"
660158;2025-02-08;"sábado";"21:20:00";"RS";386;386;"TABAI";"Acessar a via sem observar a presença dos outros veículos";"Colisão lateral mesmo sentido";"Com Vítimas Feridas";"Plena Noite";"Crescente";"Céu Claro";"Dupla";"Reta;Rotatória";"Não";5;0;2;0;2;1;2;3;-29,688717;-51,717327;"SPRF-RS";"DEL04-RS";"UOP01-DEL04-RS"
660166;2025-02-08;"sábado";"18:20:00";"SC";101;313,5;"LAGUNA";"Reação tardia ou ineficiente do condutor";"Tombamento";"Com Vítimas Feridas";"Pleno dia";"Crescente";"Céu Claro";"Dupla";"Reta";"Não";4;0;0;1;1;4;1;6;-28,43703326;-48,83749695;"SPRF-SC";"DEL02-SC";"UOP01-DEL02-SC"
660170;2025-02-08;"sábado";"22:25:00";"RN";304;287;"MACAIBA";"Ingestão de álcool pelo condutor";"Colisão traseira";"Sem Vítimas";"Plena Noite";"Decrescente";"Céu Claro";"Dupla";"Reta;Viaduto;Aclive";"Não";2;0;0;0;2;0;0;2;-5,8711714;-35,42930088;"SPRF-RN";"DEL01-RN";"UOP02-DEL01-RN"
660176;2025-02-08;"sábado";"08:00:00";"RO";364;569;"ITAPUA DO OESTE";"Condutor deixou de manter distância do veículo da frente";"Colisão frontal";"Sem Vítimas";"Pleno dia";"Decrescente";"Chuva";"Simples";"Reta";"Não";3;0;0;0;2;3;0;5;-9,48656987;-63,09585109;"SPRF-RO";"DEL01-RO";"UOP04-DEL01-RO"
660183;2025-02-08;"sábado";"23:30:00";"MT";364;187,7;"RONDONOPOLIS";"Acessar a via sem observar a presença dos outros veículos";"Colisão transversal";"Com Vítimas Feridas";"Plena Noite";"Crescente";"Céu Claro";"Simples";"Reta";"Não";2;0;1;0;1;0;1;2;-16,56778271;-54,54638073;"SPRF-MT";"DEL02-MT";"UOP01-DEL02-MT"
660190;2025-02-09;"domingo";"02:00:00";"MT";70;278;"PRIMAVERA DO LESTE";"Acessar a via sem observar a presença dos outros veículos";"Colisão lateral mesmo sentido";"Com Vítimas Feridas";"Plena Noite";"Crescente";"Céu Claro";"Simples";"Reta";"Sim";2;0;1;0;0;1;1;2;-15,55739918;-54,27981896;"SPRF-MT";"DEL05-MT";"UOP01-DEL05-MT"
660202;2025-02-09;"domingo";"04:35:00";"BA";101;743;"ITABELA";"Ingestão de álcool pelo condutor";"Colisão transversal";"Com Vítimas Feridas";"Amanhecer";"Decrescente";"Chuva";"Dupla";"Curva";"Não";4;0;2;0;1;1;2;3;-16,71289569;-39,45239586;"SPRF-BA";"DEL09-BA";"UOP01-DEL09-BA"
660204;2025-02-08;"sábado";"23:30:00";"RS";153;36,5;"TRES ARROIOS";"Transitar na contramão";"Colisão lateral sentido oposto";"Sem Vítimas";"Plena Noite";"Decrescente";"Céu Claro";"Simples";"Reta";"Não";3;0;0;0;1;2;0;3;-27,560043;-52,20862;"SPRF-RS";"DEL08-RS";"UOP04-DEL08-RS"
660206;2025-02-09;"domingo";"05:10:00";"GO";153;310;"RIALMA";"Ingestão de álcool pelo condutor";"Colisão lateral sentido oposto";"Sem Vítimas";"Plena Noite";"Crescente";"Nublado";"Simples";"Curva";"Não";4;0;0;0;4;0;0;3;-15,35173483;-49,56825256;"SPRF-GO";"DEL02-GO";"UOP02-DEL02-GO"
660207;2025-02-08;"sábado";"23:00:00";"MT";70;513;"VARZEA GRANDE";"Reação tardia ou ineficiente do condutor";"Colisão traseira";"Sem Vítimas";"Plena Noite";"Decrescente";"Céu Claro";"Simples";"Reta";"Não";3;0;0;0;1;2;0;3;-15,7059485;-56,12985492;"SPRF-MT";"DEL01-MT";"UOP02-DEL01-MT"
660209;2025-02-09;"domingo";"05:20:00";"PR";116;197,8;"RIO NEGRO";"Ausência de reação do condutor";"Saída de leito carroçável";"Com Vítimas Feridas";"Plena Noite";"Crescente";"Garoa/Chuvisco";"Simples";"Curva";"Não";3;0;1;0;1;1;1;3;-26,02155422;-49,67567373;"SPRF-SC";"DEL06-SC";"UOP01-DEL06-SC"
660217;2025-02-09;"domingo";"06:20:00";"CE";222;307,6;"TIANGUA";"Ausência de reação do condutor";"Colisão com objeto";"Sem Vítimas";"Pleno dia";"Crescente";"Nublado";"Simples";"Reta";"Não";1;0;0;0;1;0;0;1;-3,68203653;-40,97306466;"SPRF-CE";"DEL04-CE";"UOP02-DEL04-CE"
660224;2025-02-09;"domingo";"08:10:00";"PR";153;51,1;"SANTO ANTONIO DA PLATINA";"Condutor deixou de manter distância do veículo da frente";"Colisão traseira";"Com Vítimas Fatais";"Pleno dia";"Crescente";"Céu Claro";"Simples";"Reta";"Não";3;1;0;0;1;2;0;4;-23,38072;-50,06136;"SPRF-PR";"DEL07-PR";"UOP04-DEL07-PR"
660241;2025-02-09;"domingo";"10:00:00";"MG";40;218,4;"JOAO PINHEIRO";"Condutor Dormindo";"Colisão lateral sentido oposto";"Com Vítimas Fatais";"Pleno dia";"Crescente";"Nublado";"Simples";"Reta";"Não";3;1;0;1;1;0;1;3;-17,95864867;-45,66838592;"SPRF-MG";"DEL14-MG";"UOP02-DEL14-MG"
660250;2025-02-09;"domingo";"11:20:00";"RJ";116;287;"BARRA MANSA";"Velocidade Incompatível";"Colisão traseira";"Com Vítimas Feridas";"Pleno dia";"Decrescente";"Sol";"Dupla";"Reta";"Não";3;0;0;1;1;1;1;3;-22,49295305;-44,24252706;"SPRF-RJ";"DEL07-RJ";"UOP02-DEL07-RJ"
660256;2025-02-09;"domingo";"08:00:00";"MA";230;498;"RIACHAO";"Curva acentuada";"Tombamento";"Com Vítimas Feridas";"Pleno dia";"Decrescente";"Céu Claro";"Simples";"Curva";"Não";1;0;1;0;0;0;1;1;-7,43414436;-46,80717089;"SPRF-MA";"DEL05-MA";"UOP01-DEL05-MA"
660262;2025-02-09;"domingo";"05:00:00";"PI";135;342;"SANTA LUZ";"Reação tardia ou ineficiente do condutor";"Tombamento";"Com Vítimas Feridas";"Plena Noite";"Decrescente";"Céu Claro";"Simples";"Curva;Declive";"Não";2;0;1;0;0;1;1;2;-9,02275576;-44,30124532;"SPRF-PI";"DEL03-PI";"UOP02-DEL03-PI"
660267;2025-02-09;"domingo";"11:30:00";"PR";373;405;"CANDOI";"Conversão proibida";"Colisão transversal";"Com Vítimas Fatais";"Pleno dia";"Decrescente";"Céu Claro";"Simples";"Reta;Interseção de Vias";"Não";2;1;0;0;1;0;0;2;-25,61062691;-52,05540813;"SPRF-PR";"DEL08-PR";"UOP01-DEL08-PR"
660280;2025-02-09;"domingo";"15:00:00";"SP";116;291;"ITAPECERICA DA SERRA";"Ausência de reação do condutor";"Colisão traseira";"Com Vítimas Feridas";"Pleno dia";"Decrescente";"Céu Claro";"Dupla";"Curva";"Não";3;0;1;0;1;1;1;3;-23,73826593;-46,89672721;"SPRF-SP";"DEL04-SP";"UOP01-DEL04-SP"
660286;2025-02-09;"domingo";"15:20:00";"SP";116;515;"CAJATI";"Reação tardia ou ineficiente do condutor";"Saída de leito carroçável";"Com Vítimas Feridas";"Pleno dia";"Decrescente";"Céu Claro";"Dupla";"Curva;Declive";"Não";1;0;1;0;0;0;1;1;-24,86704083;-48,21738184;"SPRF-SP";"DEL05-SP";"UOP02-DEL05-SP"
660294;2025-02-09;"domingo";"16:15:00";"ES";101;334,8;"GUARAPARI";"Acessar a via sem observar a presença dos outros veículos";"Colisão traseira";"Com Vítimas Feridas";"Pleno dia";"Decrescente";"Céu Claro";"Dupla";"Reta";"Não";6;0;4;0;1;1;4;3;-20,626408;-40,526082;"SPRF-ES";"DEL03-ES";"UOP01-DEL03-ES"
660303;2025-02-09;"domingo";"09:20:00";"MG";262;419,2;"IGARATINGA";"Velocidade Incompatível";"Capotamento";"Com Vítimas Feridas";"Pleno dia";"Decrescente";"Céu Claro";"Dupla";"Reta";"Não";1;0;1;0;0;0;1;1;-19,89448983;-44,70395989;"SPRF-MG";"DEL08-MG";"UOP03-DEL08-MG"
660311;2025-02-09;"domingo";"15:00:00";"MG";381;539,8;"ITATIAIUCU";"Ausência de reação do condutor";"Saída de leito carroçável";"Com Vítimas Feridas";"Pleno dia";"Decrescente";"Nublado";"Dupla";"Curva;Declive;Viaduto";"Sim";4;0;2;0;1;2;2;3;-20,242548;-44,41251621;"SPRF-MG";"DEL04-MG";"UOP03-DEL04-MG"
660313;2025-02-09;"domingo";"15:15:00";"SP";116;72,2;"APARECIDA";"Trafegar com motocicleta (ou similar) entre as faixas";"Colisão lateral mesmo sentido";"Com Vítimas Feridas";"Pleno dia";"Crescente";"Céu Claro";"Múltipla";"Aclive";"Não";3;0;0;1;1;1;1;3;-22,86354218;-45,23746093;"SPRF-SP";"DEL08-SP";"UOP01-DEL08-SP"
660318;2025-02-09;"domingo";"14:20:00";"MT";163;721;"SORRISO";"Ausência de reação do condutor";"Tombamento";"Com Vítimas Fatais";"Pleno dia";"Crescente";"Chuva";"Simples";"Reta";"Não";2;1;0;0;0;1;0;2;-12,801158;-55,832997;"SPRF-MT";"DEL06-MT";"UOP01-DEL06-MT"
660323;2025-02-09;"domingo";"15:00:00";"MG";40;175,9;"JOAO PINHEIRO";"Velocidade Incompatível";"Tombamento";"Com Vítimas Feridas";"Pleno dia";"Crescente";"Céu Claro";"Simples";"Curva";"Não";2;0;0;1;0;2;1;3;-17,94634903;-46,02505001;"SPRF-MG";"DEL14-MG";"UOP02-DEL14-MG"
660338;2025-02-09;"domingo";"16:30:00";"BA";116;687;"JEQUIE";"Condutor deixou de manter distância do veículo da frente";"Colisão traseira";"Com Vítimas Feridas";"Pleno dia";"Decrescente";"Garoa/Chuvisco";"Simples";"Reta";"Não";4;0;1;0;2;1;1;3;-13,9121709;-40,15218318;"SPRF-BA";"DEL03-BA";"UOP01-DEL03-BA"
660341;2025-02-09;"domingo";"12:00:00";"MT";163;1048;"MATUPA";"Reação tardia ou ineficiente do condutor";"Colisão lateral sentido oposto";"Sem Vítimas";"Pleno dia";"Decrescente";"Céu Claro";"Simples";"Reta";"Não";2;0;0;0;0;4;0;4;-10,22135189;-54,97106016;"SPRF-MT";"DEL06-MT";"UOP03-DEL06-MT"
660353;2025-02-09;"domingo";"19:05:00";"MA";222;665;"ACAILANDIA";"Pedestre andava na pista";"Atropelamento de Pedestre";"Com Vítimas Feridas";"Plena Noite";"Decrescente";"Céu Claro";"Simples";"Declive";"Não";3;0;1;1;0;1;2;3;-4,89367779;-47,38426513;"SPRF-MA";"DEL04-MA";"UOP03-DEL04-MA"
660356;2025-02-09;"domingo";"16:20:00";"MT";174;288;"PONTES E LACERDA";"Acessar a via sem observar a presença dos outros veículos";"Colisão transversal";"Com Vítimas Feridas";"Pleno dia";"Crescente";"Chuva";"Múltipla";"Aclive;Reta";"Não";6;0;3;0;2;3;3;5;-15,25054096;-59,3111372;"SPRF-MT";"DEL04-MT";"UOP01-DEL04-MT"
660360;2025-02-09;"domingo";"18:50:00";"MT";163;943;"ITAUBA";"Manobra de mudança de faixa";"Colisão lateral sentido oposto";"Com Vítimas Feridas";"Plena Noite";"Crescente";"Nublado";"Simples";"Reta";"Não";4;0;0;3;0;1;3;3;-10,95192819;-55,21645635;"SPRF-MT";"DEL06-MT";"UOP02-DEL06-MT"
660382;2025-02-08;"sábado";"00:20:00";"MG";251;432,8;"GRAO MOGOL";"Condutor deixou de manter distância do veículo da frente";"Colisão traseira";"Com Vítimas Feridas";"Plena Noite";"Decrescente";"Céu Claro";"Simples";"Reta;Aclive";"Não";3;0;1;0;1;2;1;4;-16,3602658;-43,16619819;"SPRF-MG";"DEL12-MG";"UOP01-DEL12-MG"
660384;2025-02-09;"domingo";"19:40:00";"RO";364;144;"PIMENTA BUENO";"Manobra de mudança de faixa";"Colisão frontal";"Com Vítimas Feridas";"Plena Noite";"Crescente";"Nublado";"Simples";"Reta";"Não";3;0;1;0;1;2;1;4;-12,01050133;-60,882074;"SPRF-RO";"DEL02-RO";"UOP02-DEL02-RO"
660386;2025-02-09;"domingo";"13:14:00";"MA";222;449;"SANTA LUZIA";"Velocidade Incompatível";"Tombamento";"Sem Vítimas";"Pleno dia";"Crescente";"Nublado";"Simples";"Curva";"Não";2;0;0;0;1;3;0;4;-4,09361502;-45,96747197;"SPRF-MA";"DEL02-MA";"UOP01-DEL02-MA"
660395;2025-02-09;"domingo";"21:50:00";"CE";20;403,7;"CAUCAIA";"Transitar na contramão";"Colisão frontal";"Com Vítimas Fatais";"Plena Noite";"Decrescente";"Céu Claro";"Simples";"Reta";"Não";3;1;0;0;1;1;0;3;-3,78330069;-38,69351522;"SPRF-CE";"DEL01-CE";"UOP01-DEL01-CE"
660409;2025-02-09;"domingo";"19:20:00";"SC";470;260,7;"CURITIBANOS";"Demais falhas na via";"Saída de leito carroçável";"Com Vítimas Feridas";"Plena Noite";"Crescente";"Nublado";"Simples";"Curva";"Não";2;0;1;0;0;1;1;2;-27,301584;-50,671352;"SPRF-SC";"DEL05-SC";"UOP03-DEL05-SC"
660410;2025-02-09;"domingo";"23:30:00";"SC";101;142,6;"ITAPEMA";"Condutor deixou de manter distância do veículo da frente";"Colisão traseira";"Com Vítimas Fatais";"Plena Noite";"Decrescente";"Céu Claro";"Múltipla";"Viaduto";"Sim";4;1;0;1;1;1;1;3;-27,0597326;-48,5966714;"SPRF-SC";"DEL04-SC";"UOP03-DEL04-SC"
660411;2025-02-09;"domingo";"21:15:00";"AM";174;1001;"PRESIDENTE FIGUEIREDO";"Demais falhas mecânicas ou elétricas";"Incêndio";"Sem Vítimas";"Plena Noite";"Decrescente";"Chuva";"Simples";"Reta";"Não";2;0;0;0;2;0;0;1;-1,95994527;-60,03606454;"SPRF-AM";"DEL01-AM";"UOP02-DEL01-AM"
660420;2025-02-09;"domingo";"19:40:00";"MT";174;245;"JAURU";"Reação tardia ou ineficiente do condutor";"Colisão traseira";"Com Vítimas Feridas";"Plena Noite";"Crescente";"Nublado";"Simples";"Reta";"Não";3;0;1;0;2;0;1;2;-15,49867314;-59,02288726;"SPRF-MT";"DEL04-MT";"UOP01-DEL04-MT"
660424;2025-02-10;"segunda-feira";"00:10:00";"MG";381;826,7;"CAREACU";"Ausência de reação do condutor";"Colisão traseira";"Com Vítimas Feridas";"Pleno dia";"Crescente";"Céu Claro";"Dupla";"Reta";"Não";3;0;1;0;1;2;1;4;-22,1081057;-45,74028007;"SPRF-MG";"DEL16-MG";"UOP02-DEL16-MG"
660427;2025-02-09;"domingo";"16:00:00";"PA";163;514;"ITAITUBA";"Velocidade Incompatível";"Colisão frontal";"Com Vítimas Feridas";"Pleno dia";"Crescente";"Chuva";"Simples";"Curva";"Não";4;0;2;0;1;4;2;6;-5,40383926;-55,88351977;"SPRF-PA";"DEL06-PA";"UOP02-DEL06-PA"
660431;2025-02-09;"domingo";"21:15:00";"MT";163;812;"SINOP";"Ingestão de álcool pelo condutor";"Colisão lateral sentido oposto";"Com Vítimas Feridas";"Plena Noite";"Crescente";"Chuva";"Simples";"Reta";"Não";10;0;8;0;1;3;8;6;-12,18814067;-55,53087854;"SPRF-MT";"DEL06-MT";"UOP02-DEL06-MT"
660437;2025-02-10;"segunda-feira";"02:40:00";"BA";407;98;"JAGUARARI";"Ingestão de álcool pelo condutor";"Colisão lateral sentido oposto";"Com Vítimas Feridas";"Plena Noite";"Crescente";"Nublado";"Simples";"Reta";"Não";7;0;1;0;5;2;1;5;-10,22018224;-40,21285144;"SPRF-BA";"DEL04-BA";"UOP01-DEL04-BA"
660441;2025-02-10;"segunda-feira";"05:05:00";"PR";369;468,7;"CORBELIA";"Retorno proibido";"Colisão transversal";"Com Vítimas Fatais";"Amanhecer";"Crescente";"Céu Claro";"Simples";"Reta";"Não";5;1;0;0;1;3;0;3;-24,683172;-53,227572;"SPRF-PR";"DEL04-PR";"UOP03-DEL04-PR"
660444;2025-02-10;"segunda-feira";"06:45:00";"SE";235;81;"FREI PAULO";"Ausência de reação do condutor";"Colisão traseira";"Com Vítimas Fatais";"Pleno dia";"Crescente";"Chuva";"Simples";"Reta;Declive";"Não";2;1;0;0;0;1;0;2;-10,54609;-37,608318;"SPRF-SE";"DEL01-SE";"UOP02-DEL01-SE"
660447;2025-02-10;"segunda-feira";"06:30:00";"MG";40;545,5;"NOVA LIMA";"Ausência de reação do condutor";"Colisão com objeto";"Com Vítimas Feridas";"Pleno dia";"Crescente";"Céu Claro";"Dupla";"Curva";"Não";2;0;0;1;1;0;1;2;-20,00670404;-43,96418668;"SPRF-MG";"DEL01-MG";"UOP02-DEL01-MG"
660450;2025-02-10;"segunda-feira";"05:00:00";"MT";163;503;"CUIABA";"Ingestão de álcool pelo condutor";"Colisão transversal";"Com Vítimas Feridas";"Amanhecer";"Crescente";"Céu Claro";"Simples";"Curva";"Sim";3;0;1;0;1;1;1;3;-15,6947728;-56,02100372;"SPRF-MT";"DEL01-MT";"UOP01-DEL01-MT"
660452;2025-02-10;"segunda-feira";"05:40:00";"MG";381;398,7;"BOM JESUS DO AMPARO";"Pedestre andava na pista";"Atropelamento de Pedestre";"Com Vítimas Fatais";"Pleno dia";"Crescente";"Céu Claro";"Dupla";"Curva";"Não";2;1;0;0;0;1;0;2;-19,753452;-43,474711;"SPRF-MG";"DEL01-MG";"UOP01-DEL01-MG"
660456;2025-02-10;"segunda-feira";"06:40:00";"ES";101;276,4;"SERRA";"Acessar a via sem observar a presença dos outros veículos";"Colisão transversal";"Com Vítimas Feridas";"Pleno dia";"Crescente";"Céu Claro";"Dupla";"Retorno Regulamentado;Reta";"Não";3;0;1;0;1;1;1;3;-20,20788726;-40,3133509;"SPRF-ES";"DEL02-ES";"UOP01-DEL02-ES"
660459;2025-02-10;"segunda-feira";"06:00:00";"PA";155;309;"MARABA";"Manobra de mudança de faixa";"Colisão frontal";"Com Vítimas Feridas";"Amanhecer";"Crescente";"Nublado";"Simples";"Reta";"Não";5;0;0;1;3;4;1;7;-5,66053897;-49,11162717;"SPRF-PA";"DEL03-PA";"UOP01-DEL03-PA"
660464;2025-02-10;"segunda-feira";"07:00:00";"TO";153;605;"CRIXAS DO TOCANTINS";"Acessar a via sem observar a presença dos outros veículos";"Colisão transversal";"Com Vítimas Feridas";"Pleno dia";"Crescente";"Nublado";"Simples";"Reta";"Não";3;0;0;2;0;2;2;4;-11,140322;-48,92431795;"SPRF-TO";"DEL01-TO";"UOP02-DEL01-TO"
660476;2025-02-10;"segunda-feira";"05:40:00";"GO";153;280;"NOVA GLORIA";"Ausência de reação do condutor";"Colisão traseira";"Com Vítimas Feridas";"Amanhecer";"Decrescente";"Céu Claro";"Simples";"Reta;Aclive";"Não";3;0;1;0;1;1;1;3;-15,134809;-49,518436;"SPRF-GO";"DEL07-GO";"UOP02-DEL07-GO"
660477;2025-02-10;"segunda-feira";"07:10:00";"RJ";40;13,9;"TRES RIOS";"Avarias e/ou desgaste excessivo no pneu";"Saída de leito carroçável";"Com Vítimas Feridas";"Pleno dia";"Decrescente";"Céu Claro";"Dupla";"Reta";"Não";1;0;1;0;0;0;1;1;-22,07038869;-43,19513083;"SPRF-RJ";"DEL05-RJ";"UOP02-DEL05-RJ"
660481;2025-02-09;"domingo";"23:30:00";"RJ";493;80;"JAPERI";"Condutor Dormindo";"Saída de leito carroçável";"Com Vítimas Feridas";"Plena Noite";"Crescente";"Céu Claro";"Múltipla";"Reta";"Não";1;0;1;0;0;0;1;1;-22,66318515;-43,56894493;"SPRF-RJ";"DEL01-RJ";"UOP03-DEL01-RJ"
660489;2025-02-10;"segunda-feira";"09:28:00";"MS";163;786;"COXIM";"Demais falhas mecânicas ou elétricas";"Incêndio";"Sem Vítimas";"Pleno dia";"Decrescente";"Céu Claro";"Simples";"Aclive;Reta";"Não";2;0;0;0;1;3;0;4;-18,04196796;-54,68639419;"SPRF-MS";"DEL06-MS";"UOP01-DEL06-MS"