"id";"data_inversa";"dia_semana";"horario";"uf";"br";"km";"municipio";"causa_acidente";"tipo_acidente";"classificacao_acidente";"fase_dia";"sentido_via";"condicao_metereologica";"tipo_pista";"tracado_via";"uso_solo";"pessoas";"mortos";"feridos_leves";"feridos_graves";"ilesos";"ignorados";"feridos";"veiculos";"latitude";"longitude";"regional";"delegacia";"uop"
662397;2025-02-19;"quarta-feira";"06:35:00";"MT";158;597;"AGUA BOA";"Manobra de mudança de faixa";"Queda de ocupante de veículo";"Com Vítimas Feridas";"Pleno dia";"Decrescente";"Céu Claro";"Simples";"Reta";"Não";3;0;1;0;2;0;1;2;-14,32213001;-52,16906054;"SPRF-MT";"DEL07-MT";"UOP02-DEL07-MT"
662402;2025-02-19;"quarta-feira";"14:20:00";"SC";158;135,8;"PALMITOS";"Acessar a via sem observar a presença dos outros veículos";"Colisão transversal";"Com Vítimas Feridas";"Pleno dia";"Decrescente";"Sol";"Simples";"Rotatória";"Não";3;0;1;0;1;1;1;3;-27,04863931;-53,07512283;"SPRF-SC";"DEL07-SC";"UOP02-DEL07-SC"
662404;2025-02-19;"quarta-feira";"17:20:00";"ES";101;304,4;"VIANA";"Ausência de reação do condutor";"Colisão traseira";"Com Vítimas Feridas";"Pleno dia";"Decrescente";"Sol";"Dupla";"Reta";"Não";2;0;1;0;0;1;1;2;-20,3800645;-40,45431391;"SPRF-ES";"DEL01-ES";"UOP01-DEL01-ES"
662407;2025-02-19;"quarta-feira";"13:30:00";"MG";116;155,6;"PONTO DOS VOLANTES";"Transitar na contramão";"Colisão lateral sentido oposto";"Com Vítimas Feridas";"Pleno dia";"Crescente";"Céu Claro";"Simples";"Reta";"Não";8;0;3;0;4;1;3;4;-16,89275118;-41,47383649;"SPRF-MG";"DEL11-MG";"UOP02-DEL11-MG"
662411;2025-02-19;"quarta-feira";"16:40:00";"PR";277;108;"CURITIBA";"Reação tardia ou ineficiente do condutor";"Colisão traseira";"Com Vítimas Feridas";"Pleno dia";"Decrescente";"Chuva";"Dupla";"Reta";"Não";4;0;1;0;2;1;1;3;-25,42742358;-49,38598037;"SPRF-PR";"DEL03-PR";"UOP03-DEL03-PR"
662412;2025-02-19;"quarta-feira";"11:30:00";"CE";222;163;"IRAUCUBA";"Velocidade Incompatível";"Colisão frontal";"Com Vítimas Fatais";"Pleno dia";"Crescente";"Chuva";"Simples";"Curva";"Não";3;1;0;1;1;0;1;2;-3,73219489;-39,90251996;"SPRF-CE";"DEL04-CE";"UOP03-DEL04-CE"
662429;2025-02-19;"quarta-feira";"19:30:00";"MG";365;624;"UBERLANDIA";"Desrespeitar a preferência no cruzamento";"Colisão transversal";"Com Vítimas Feridas";"Plena Noite";"Crescente";"Céu Claro";"Simples";"Reta";"Não";3;0;1;0;2;0;1;2;-18,90754763;-48,3160669;"SPRF-MG";"DEL15-MG";"UOP01-DEL15-MG"
662435;2025-02-19;"quarta-feira";"19:00:00";"PR";376;616;"SAO JOSE DOS PINHAIS";"Manobra de mudança de faixa";"Colisão lateral mesmo sentido";"Com Vítimas Feridas";"Plena Noite";"Decrescente";"Chuva";"Dupla";"Aclive";"Não";3;0;1;0;1;2;1;4;-25,57583659;-49,17953679;"SPRF-PR";"DEL01-PR";"UOP04-DEL01-PR"
662441;2025-02-19;"quarta-feira";"19:40:00";"BA";116;184;"CANUDOS";"Ausência de reação do condutor";"Tombamento";"Com Vítimas Feridas";"Plena Noite";"Crescente";"Céu Claro";"Simples";"Reta";"Não";3;0;2;0;0;1;2;2;-10,24970397;-39,08321189;"SPRF-BA";"DEL07-BA";"UOP03-DEL07-BA"
662445;2025-02-19;"quarta-feira";"17:55:00";"MA";222;116;"MIRANDA DO NORTE";"Transitar na contramão";"Colisão lateral mesmo sentido";"Com Vítimas Feridas";"Anoitecer";"Crescente";"Ignorado";"Simples";"Reta";"Não";3;0;1;0;1;3;1;5;-3,49560165;-44,54338074;"SPRF-MA";"DEL01-MA";"UOP02-DEL01-MA"
662447;2025-02-19;"quarta-feira";"17:15:00";"MA";316;341;"BACABAL";"Ausência de reação do condutor";"Saída de leito carroçável";"Sem Vítimas";"Anoitecer";"Decrescente";"Garoa/Chuvisco";"Simples";"Reta";"Não";3;0;0;0;1;2;0;3;-4,188854;-44,942776;"SPRF-MA";"DEL02-MA";"UOP01-DEL02-MA"
662456;2025-02-19;"quarta-feira";"23:00:00";"PR";376;673;"GUARATUBA";"Ausência de reação do condutor";"Colisão traseira";"Com Vítimas Feridas";"Plena Noite";"Crescente";"Céu Claro";"Dupla";"Reta;Declive";"Não";24;0;14;4;5;2;18;5;-25,913153;-48,920244;"SPRF-PR";"DEL01-PR";"UOP04-DEL01-PR"
662463;2025-02-20;"quinta-feira";"00:15:00";"PE";232;339,8;"CUSTODIA";"Reação tardia ou ineficiente do condutor";"Colisão frontal";"Com Vítimas Fatais";"Plena Noite";"Crescente";"Céu Claro";"Simples";"Reta";"Não";3;1;0;0;1;1;0;3;-8,08234604;-37,68530299;"SPRF-PE";"DEL04-PE";"UOP02-DEL04-PE"
662465;2025-02-20;"quinta-feira";"01:00:00";"SP";116;112;"TAUBATE";"Velocidade Incompatível";"Colisão traseira";"Com Vítimas Feridas";"Plena Noite";"Decrescente";"Céu Claro";"Dupla";"Reta";"Não";3;0;1;0;1;1;1;2;-23,03887149;-45,56097419;"SPRF-SP";"DEL02-SP";"UOP02-DEL02-SP"
662468;2025-02-20;"quinta-feira";"00:00:00";"MG";116;220,4;"CATUJI";"Reação tardia ou ineficiente do condutor";"Saída de leito carroçável";"Sem Vítimas";"Plena Noite";"Decrescente";"Céu Claro";"Simples";"Reta;Declive";"Não";2;0;0;0;1;1;0;2;-17,40682777;-41,51524967;"SPRF-MG";"DEL11-MG";"UOP01-DEL11-MG"
662473;2025-02-20;"quinta-feira";"04:40:00";"PR";369;395,9;"MAMBORE";"Acessar a via sem observar a presença dos outros veículos";"Colisão transversal";"Com Vítimas Feridas";"Amanhecer";"Decrescente";"Céu Claro";"Simples";"Curva;Interseção de Vias";"Não";3;0;0;1;1;2;1;4;-24,2881;-52,5756;"SPRF-PR";"DEL04-PR";"UOP03-DEL04-PR"
662478;2025-02-20;"quinta-feira";"05:00:00";"PR";277;307;"PRUDENTOPOLIS";"Reação tardia ou ineficiente do condutor";"Saída de leito carroçável";"Com Vítimas Feridas";"Amanhecer";"Decrescente";"Céu Claro";"Simples";"Reta";"Não";2;0;1;0;0;2;1;3;-25,31599988;-51,19617476;"SPRF-PR";"DEL08-PR";"UOP01-DEL08-PR"
662480;2025-02-20;"quinta-feira";"07:00:00";"SC";101;208,9;"SAO JOSE";"Reação tardia ou ineficiente do condutor";"Colisão traseira";"Com Vítimas Feridas";"Pleno dia";"Decrescente";"Céu Claro";"Múltipla";"Reta";"Sim";4;0;2;0;2;0;2;4;-27,60327979;-48,63201818;"SPRF-SC";"DEL01-SC";"UOP01-DEL01-SC"
662482;2025-02-20;"quinta-feira";"06:45:00";"SC";480;126,5;"CHAPECO";"Velocidade Incompatível";"Colisão traseira";"Com Vítimas Feridas";"Pleno dia";"Crescente";"Céu Claro";"Dupla";"Reta";"Sim";3;0;0;1;1;1;1;3;-27,03781899;-52,63432603;"SPRF-SC";"DEL07-SC";"UOP01-DEL07-SC"
662483;2025-02-20;"quinta-feira";"05:37:00";"MS";163;690,5;"RIO VERDE DE MATO GROSSO";"Reação tardia ou ineficiente do condutor";"Colisão lateral sentido oposto";"Com Vítimas Fatais";"Amanhecer";"Decrescente";"Céu Claro";"Simples";"Reta;Ponte";"Não";9;1;6;0;1;2;6;4;-18,84339808;-54,81605383;"SPRF-MS";"DEL06-MS";"UOP01-DEL06-MS"
662487;2025-02-20;"quinta-feira";"00:18:00";"PR";153;456;"UNIAO DA VITORIA";"Deficiência do Sistema de Iluminação/Sinalização";"Colisão lateral mesmo sentido";"Com Vítimas Feridas";"Plena Noite";"Crescente";"Céu Claro";"Simples";"Interseção de Vias";"Não";2;0;0;1;1;0;1;2;-26,20719853;-51,11251831;"SPRF-PR";"DEL02-PR";"UOP03-DEL02-PR"
662495;2025-02-19;"quarta-feira";"22:00:00";"RJ";493;101;"DUQUE DE CAXIAS";"Ausência de reação do condutor";"Saída de leito carroçável";"Com Vítimas Feridas";"Plena Noite";"Decrescente";"Céu Claro";"Dupla";"Reta";"Não";2;0;1;0;0;1;1;2;-22,672089;-43,285053;"SPRF-RJ";"DEL01-RJ";"UOP03-DEL01-RJ"
662504;2025-02-20;"quinta-feira";"07:30:00";"PR";277;592,3;"CASCAVEL";"Problema com o freio";"Colisão transversal";"Com Vítimas Feridas";"Pleno dia";"Crescente";"Céu Claro";"Simples";"Interseção de Vias;Viaduto;Declive";"Sim";5;0;2;0;3;0;2;2;-24,98285697;-53,47319399;"SPRF-PR";"DEL04-PR";"UOP01-DEL04-PR"
662506;2025-02-20;"quinta-feira";"08:50:00";"SC";101;314;"LAGUNA";"Objeto estático sobre o leito carroçável";"Colisão traseira";"Com Vítimas Feridas";"Pleno dia";"Decrescente";"Céu Claro";"Dupla";"Ponte;Curva";"Não";2;0;1;0;1;0;1;2;-28,44043981;-48,82497095;"SPRF-SC";"DEL02-SC";"UOP01-DEL02-SC"
662511;2025-02-20;"quinta-feira";"09:29:00";"AP";156;799;"OIAPOQUE";"Acessar a via sem observar a presença dos outros veículos";"Colisão lateral mesmo sentido";"Com Vítimas Feridas";"Pleno dia";"Crescente";"Nublado";"Simples";"Reta;Interseção de Vias";"Sim";2;0;0;1;1;0;1;2;3,83628657;-51,811409;"SPRF-AP";"DEL01-AP";"UOP03-DEL01-AP"
662513;2025-02-20;"quinta-feira";"07:30:00";"CE";222;209,2;"FORQUILHA";"Transitar na contramão";"Colisão lateral sentido oposto";"Com Vítimas Feridas";"Pleno dia";"Crescente";"Nublado";"Simples";"Reta";"Sim";5;0;4;0;0;1;4;2;-3,79796009;-40,25863302;"SPRF-CE";"DEL04-CE";"UOP01-DEL04-CE"
662515;2025-02-20;"quinta-feira";"07:20:00";"MG";381;929;"EXTREMA";"Reação tardia ou ineficiente do condutor";"Tombamento";"Com Vítimas Feridas";"Pleno dia";"Crescente";"Céu Claro";"Dupla";"Curva";"Não";5;0;1;0;3;1;1;2;-22,79944905;-46,26113605;"SPRF-MG";"DEL16-MG";"UOP03-DEL16-MG"
662518;2025-02-20;"quinta-feira";"07:40:00";"RJ";116;189;"NOVA IGUACU";"Manobra de mudança de faixa";"Saída de leito carroçável";"Sem Vítimas";"Pleno dia";"Crescente";"Céu Claro";"Dupla";"Reta";"Sim";2;0;0;0;1;1;0;2;-22,73765712;-43,49182298;"SPRF-RJ";"DEL06-RJ";"UOP01-DEL06-RJ"
662520;2025-01-19;"domingo";"13:30:00";"MT";364;541;"ROSARIO OESTE";"Carga excessiva e/ou mal acondicionada";"Incêndio";"Sem Vítimas";"Pleno dia";"Crescente";"Ignorado";"Simples";"Reta";"Não";2;0;0;0;0;4;0;4;-14,92009078;-56,47771528;"SPRF-MT";"DEL01-MT";"UOP01-DEL01-MT"
662524;2025-01-21;"terça-feira";"13:00:00";"MG";40;801;"MATIAS BARBOSA";"Manobra de mudança de faixa";"Colisão traseira";"Com Vítimas Feridas";"Pleno dia";"Decrescente";"Ignorado";"Dupla";"Reta;Aclive";"Não";2;0;1;0;1;0;1;2;-21,83328695;-43,37334752;"SPRF-MG";"DEL05-MG";"UOP01-DEL05-MG"
662534;2025-02-20;"quinta-feira";"09:10:00";"SC";280;30;"ARAQUARI";"Reação tardia ou ineficiente do condutor";"Colisão traseira";"Sem Vítimas";"Pleno dia";"Decrescente";"Sol";"Simples";"Reta";"Sim";2;0;0;0;2;0;0;2;-26,4141523;-48,76209493;"SPRF-SC";"DEL03-SC";"UOP03-DEL03-SC"
662535;2025-02-20;"quinta-feira";"10:30:00";"RN";304;297;"MACAIBA";"Manobra de mudança de faixa";"Colisão com objeto";"Com Vítimas Feridas";"Pleno dia";"Crescente";"Céu Claro";"Dupla";"Reta";"Não";4;0;1;0;2;2;1;4;-5,8651;-35,3415;"SPRF-RN";"DEL01-RN";"UOP02-DEL01-RN"
662539;2025-02-20;"quinta-feira";"07:50:00";"MS";60;610,4;"JARDIM";"Ausência de reação do condutor";"Colisão transversal";"Com Vítimas Feridas";"Pleno dia";"Crescente";"Céu Claro";"Simples";"Reta";"Não";3;0;2;0;1;0;2;2;-21,615733;-56,208827;"SPRF-MS";"DEL05-MS";"UOP01-DEL05-MS"
662542;2025-02-20;"quinta-feira";"09:30:00";"MA";316;562;"CAXIAS";"Ausência de reação do condutor";"Colisão traseira";"Com Vítimas Feridas";"Pleno dia";"Crescente";"Céu Claro";"Simples";"Curva";"Não";6;0;1;0;3;2;1;5;-4,89508;-43,267281;"SPRF-MA";"DEL03-MA";"UOP02-DEL03-MA"
662543;2025-02-20;"quinta-feira";"12:20:00";"ES";262;170,4;"IBATIBA";"Reação tardia ou ineficiente do condutor";"Colisão traseira";"Com Vítimas Feridas";"Pleno dia";"Crescente";"Céu Claro";"Simples";"Reta;Aclive";"Não";4;0;0;1;2;1;1;4;-20,2647513;-41,58453796;"SPRF-ES";"DEL01-ES";"UOP02-DEL01-ES"
662544;2025-02-20;"quinta-feira";"12:20:00";"ES";101;151;"LINHARES";"Condutor deixou de manter distância do veículo da frente";"Engavetamento";"Com Vítimas Feridas";"Pleno dia";"Decrescente";"Céu Claro";"Simples";"Ponte;Reta";"Não";3;0;1;0;2;0;1;3;-19,41156656;-40,06592463;"SPRF-ES";"DEL04-ES";"UOP01-DEL04-ES"
662545;2025-02-20;"quinta-feira";"07:50:00";"SP";116;317;"JUQUITIBA";"Ausência de reação do condutor";"Colisão traseira";"Com Vítimas Feridas";"Pleno dia";"Decrescente";"Céu Claro";"Dupla";"Declive";"Não";3;0;0;1;0;2;1;3;-23,91799802;-46,98973192;"SPRF-SP";"DEL04-SP";"UOP03-DEL04-SP"
662547;2025-02-20;"quinta-feira";"11:30:00";"BA";101;223;"CRUZ DAS ALMAS";"Condutor deixou de manter distância do veículo da frente";"Colisão traseira";"Com Vítimas Feridas";"Pleno dia";"Crescente";"Céu Claro";"Simples";"Reta";"Sim";3;0;0;1;2;0;1;2;-12,67595068;-39,13645506;"SPRF-BA";"DEL01-BA";"UOP02-DEL01-BA"
662552;2025-02-20;"quinta-feira";"13:00:00";"MG";116;688,7;"MURIAE";"Ausência de reação do condutor";"Colisão com objeto";"Com Vítimas Feridas";"Pleno dia";"Crescente";"Sol";"Simples";"Curva";"Não";2;0;1;0;0;2;1;3;-21,00463422;-42,36667213;"SPRF-MG";"DEL07-MG";"UOP02-DEL07-MG"
662558;2025-02-07;"sexta-feira";"14:30:00";"PR";476;253;"ANTONIO OLINTO";"Conversão proibida";"Colisão transversal";"Com Vítimas Feridas";"Pleno dia";"Crescente";"Nublado";"Simples";"Curva";"Não";3;0;1;0;1;1;1;3;-25,885603;-50,182251;"SPRF-PR";"DEL02-PR";"UOP03-DEL02-PR"
662560;2025-02-20;"quinta-feira";"13:30:00";"SP";116;198;"ARUJA";"Reação tardia ou ineficiente do condutor";"Colisão traseira";"Com Vítimas Feridas";"Pleno dia";"Crescente";"Sol";"Dupla";"Aclive";"Não";2;0;1;0;1;0;1;2;-23,39983562;-46,30239487;"SPRF-SP";"DEL01-SP";"UOP01-DEL01-SP"
662563;2025-02-20;"quinta-feira";"12:15:00";"MS";262;200;"RIBAS DO RIO PARDO";"Ausência de reação do condutor";"Saída de leito carroçável";"Com Vítimas Feridas";"Pleno dia";"Crescente";"Nublado";"Simples";"Reta";"Não";1;0;1;0;0;0;1;1;-20,4642317;-53,39504806;"SPRF-MS";"DEL01-MS";"UOP05-DEL01-MS"
662567;2025-01-31;"sexta-feira";"18:15:00";"MG";365;431;"PATOS DE MINAS";"Reação tardia ou ineficiente do condutor";"Colisão transversal";"Com Vítimas Feridas";"Anoitecer";"Crescente";"Chuva";"Dupla";"Interseção de Vias";"Não";3;0;1;0;1;2;1;4;-18,76420074;-46,67446219;"SPRF-MG";"DEL10-MG";"UOP01-DEL10-MG"
662571;2025-02-20;"quinta-feira";"14:30:00";"MG";40;45;"PARACATU";"Ultrapassagem Indevida";"Colisão lateral mesmo sentido";"Sem Vítimas";"Pleno dia";"Crescente";"Céu Claro";"Simples";"Reta";"Sim";5;0;0;0;4;1;0;2;-17,23557257;-46,84580984;"SPRF-MG";"DEL14-MG";"UOP01-DEL14-MG"
662572;2025-02-04;"terça-feira";"01:25:00";"PE";101;10,2;"GOIANA";"Ausência de reação do condutor";"Colisão traseira";"Com Vítimas Feridas";"Plena Noite";"Crescente";"Nublado";"Dupla";"Aclive;Reta";"Não";6;0;1;3;1;2;4;4;-7,58938878;-34,98707771;"SPRF-PE";"DEL01-PE";"UOP02-DEL01-PE"
662575;2025-01-19;"domingo";"13:30:00";"MT";163;931;"ITAUBA";"Carga excessiva e/ou mal acondicionada";"Derramamento de carga";"Com Vítimas Feridas";"Pleno dia";"Decrescente";"Sol";"Simples";"Reta";"Não";14;0;2;0;11;6;2;9;-11,16334906;-55,31327737;"SPRF-MT";"DEL06-MT";"UOP02-DEL06-MT"
662580;2025-02-11;"terça-feira";"14:30:00";"BA";324;533;"FEIRA DE SANTANA";"Reação tardia ou ineficiente do condutor";"Engavetamento";"Com Vítimas Feridas";"Pleno dia";"Decrescente";"Céu Claro";"Dupla";"Reta";"Não";5;0;1;0;3;1;1;4;-12,34449694;-38,84017496;"SPRF-BA";"DEL01-BA";"UOP03-DEL01-BA"
662582;2025-02-20;"quinta-feira";"16:00:00";"RJ";465;5;"SEROPEDICA";"Velocidade Incompatível";"Colisão traseira";"Com Vítimas Feridas";"Pleno dia";"Decrescente";"Céu Claro";"Simples";"Reta";"Sim";2;0;1;0;1;0;1;2;-22,747673;-43,699196;"SPRF-RJ";"DEL06-RJ";"UOP02-DEL06-RJ"
662585;2025-02-20;"quinta-feira";"16:10:00";"PR";376;662,5;"GUARATUBA";"Velocidade Incompatível";"Colisão lateral mesmo sentido";"Com Vítimas Feridas";"Pleno dia";"Decrescente";"Chuva";"Dupla";"Curva;Declive";"Não";4;0;2;0;1;1;2;3;-25,8546345;-48,98523394;"SPRF-PR";"DEL01-PR";"UOP04-DEL01-PR"
662590;2025-02-20;"quinta-feira";"16:00:00";"CE";222;304,8;"TIANGUA";"Velocidade Incompatível";"Engavetamento";"Com Vítimas Feridas";"Pleno dia";"Decrescente";"Chuva";"Simples";"Curva";"Não";4;0;1;0;2;1;1;4;-3,66552797;-40,95730864;"SPRF-CE";"DEL04-CE";"UOP02-DEL04-CE"
662595;2025-02-20;"quinta-feira";"17:35:00";"PR";277;650,5;"MATELANDIA";"Acessar a via sem observar a presença dos outros veículos";"Colisão transversal";"Com Vítimas Feridas";"Pleno dia";"Decrescente";"Céu Claro";"Simples";"Reta;Interseção de Vias";"Sim";4;0;1;2;0;1;3;3;-25,19035881;-53,93738222;"SPRF-PR";"DEL05-PR";"UOP02-DEL05-PR"
662596;2025-02-20;"quinta-feira";"10:45:00";"SC";280;166;"MAFRA";"Acessar a via sem observar a presença dos outros veículos";"Colisão lateral mesmo sentido";"Sem Vítimas";"Pleno dia";"Decrescente";"Céu Claro";"Dupla";"Reta";"Não";2;0;0;0;2;0;0;2;-26,17713619;-49,81611416;"SPRF-SC";"DEL06-SC";"UOP01-DEL06-SC"
662598;2025-02-20;"quinta-feira";"14:00:00";"MG";40;546;"NOVA LIMA";"Reação tardia ou ineficiente do condutor";"Colisão traseira";"Com Vítimas Feridas";"Pleno dia";"Crescente";"Céu Claro";"Dupla";"Curva";"Sim";2;0;1;0;1;0;1;2;-20,01444685;-43,96893823;"SPRF-MG";"DEL01-MG";"UOP02-DEL01-MG"
662601;2025-02-20;"quinta-feira";"18:10:00";"SP";116;149;"SAO JOSE DOS CAMPOS";"Trafegar com motocicleta (ou similar) entre as faixas";"Colisão lateral mesmo sentido";"Com Vítimas Feridas";"Anoitecer";"Decrescente";"Céu Claro";"Dupla";"Reta";"Não";5;0;1;0;1;3;1;5;-23,20700047;-45,88626861;"SPRF-SP";"DEL02-SP";"UOP01-DEL02-SP"
662608;2025-02-20;"quinta-feira";"15:15:00";"BA";116;585,4;"NOVA ITARANA";"Ultrapassagem Indevida";"Colisão frontal";"Com Vítimas Feridas";"Pleno dia";"Crescente";"Céu Claro";"Simples";"Curva;Declive";"Não";5;0;0;2;2;2;2;5;-13,10445428;-39,99104101;"SPRF-BA";"DEL03-BA";"UOP02-DEL03-BA"
662610;2025-02-20;"quinta-feira";"19:40:00";"MG";40;606,6;"CONGONHAS";"Acessar a via sem observar a presença dos outros veículos";"Colisão transversal";"Com Vítimas Feridas";"Plena Noite";"Crescente";"Céu Claro";"Simples";"Retorno Regulamentado;Reta";"Não";2;0;1;0;1;0;1;2;-20,46834617;-43,84095284;"SPRF-MG";"DEL05-MG";"UOP02-DEL05-MG"
662615;2025-02-20;"quinta-feira";"19:50:00";"PR";116;120;"CURITIBA";"Velocidade Incompatível";"Saída de leito carroçável";"Com Vítimas Feridas";"Plena Noite";"Crescente";"Garoa/Chuvisco";"Dupla";"Curva";"Sim";4;0;0;1;2;1;1;2;-25,588758;-49,315092;"SPRF-PR";"DEL01-PR";"UOP03-DEL01-PR"
662618;2025-02-20;"quinta-feira";"19:38:00";"RO";364;242,3;"CACOAL";"Reação tardia ou ineficiente do condutor";"Colisão traseira";"Com Vítimas Feridas";"Plena Noite";"Decrescente";"Céu Claro";"Simples";"Aclive;Reta";"Sim";2;0;0;1;1;0;1;2;-11,440688;-61,489965;"SPRF-RO";"DEL02-RO";"UOP02-DEL02-RO"
662619;2025-02-20;"quinta-feira";"20:35:00";"MG";262;42,7;"MANHUACU";"Mal súbito do condutor";"Colisão frontal";"Com Vítimas Feridas";"Plena Noite";"Crescente";"Céu Claro";"Simples";"Reta";"Não";2;0;0;1;1;0;1;2;-20,26976316;-42,06894006;"SPRF-MG";"DEL06-MG";"UOP03-DEL06-MG"
662621;2025-02-20;"quinta-feira";"20:59:00";"ES";101;14;"VITORIA";"Reação tardia ou ineficiente do condutor";"Colisão traseira";"Com Vítimas Feridas";"Plena Noite";"Decrescente";"Céu Claro";"Dupla";"Reta";"Não";2;0;1;0;0;1;1;2;-20,2604544;-40,2980864;"SPRF-ES";"DEL04-ES";"UOP02-DEL04-ES"
662626;2025-02-20;"quinta-feira";"19:45:00";"SC";101;135;"BALNEARIO CAMBORIU";"Reação tardia ou ineficiente do condutor";"Colisão traseira";"Com Vítimas Feridas";"Plena Noite";"Decrescente";"Céu Claro";"Múltipla";"Reta";"Sim";2;0;0;1;1;0;1;2;-27,0050108;-48,62677494;"SPRF-SC";"DEL04-SC";"UOP03-DEL04-SC"
662629;2025-02-20;"quinta-feira";"22:40:00";"SP";381;86;"SAO PAULO";"Entrada inopinada do pedestre";"Atropelamento de Pedestre";"Com Vítimas Feridas";"Plena Noite";"Decrescente";"Céu Claro";"Dupla";"Reta";"Não";3;0;1;0;1;1;1;3;-23,446611;-46,57184;"SPRF-SP";"DEL03-SP";"UOP01-DEL03-SP"
662631;2025-02-20;"quinta-feira";"22:00:00";"PR";376;668,4;"GUARATUBA";"Transitar na contramão";"Colisão frontal";"Com Vítimas Fatais";"Plena Noite";"Decrescente";"Garoa/Chuvisco";"Dupla";"Curva";"Não";7;1;2;0;3;1;2;5;-25,864159;-48,937538;"SPRF-PR";"DEL01-PR";"UOP04-DEL01-PR"
662634;2025-02-21;"sexta-feira";"00:05:00";"SP";381;83;"SAO PAULO";"Manobra de mudança de faixa";"Capotamento";"Com Vítimas Feridas";"Plena Noite";"Decrescente";"Céu Claro";"Múltipla";"Reta";"Sim";3;0;1;0;1;1;1;2;-23,44089978;-46,56782;"SPRF-SP";"DEL03-SP";"UOP01-DEL03-SP"
662635;2025-02-20;"quinta-feira";"23:40:00";"MG";459;70,5;"SENADOR JOSE BENTO";"Velocidade Incompatível";"Colisão lateral sentido oposto";"Com Vítimas Feridas";"Plena Noite";"Decrescente";"Céu Claro";"Simples";"Curva";"Não";3;0;1;1;1;0;2;2;-22,133492;-46,175152;"SPRF-MG";"DEL09-MG";"UOP01-DEL09-MG"
662639;2025-02-20;"quinta-feira";"21:50:00";"MS";60;526,2;"NIOAQUE";"Manobra de mudança de faixa";"Colisão lateral sentido oposto";"Com Vítimas Feridas";"Plena Noite";"Decrescente";"Nublado";"Simples";"Reta";"Não";5;0;2;0;1;2;2;4;-21,13421845;-55,71165513;"SPRF-MS";"DEL05-MS";"UOP01-DEL05-MS"
662640;2025-02-21;"sexta-feira";"03:15:00";"SP";381;75;"SAO PAULO";"Demais falhas mecânicas ou elétricas";"Colisão traseira";"Com Vítimas Feridas";"Plena Noite";"Decrescente";"Céu Claro";"Múltipla";"Aclive;Curva";"Não";4;0;0;1;2;1;1;3;-23,37660089;-46,56409613;"SPRF-SP";"DEL03-SP";"UOP01-DEL03-SP"
662642;2025-02-21;"sexta-feira";"03:30:00";"MG";381;491;"BETIM";"Ingestão de álcool pelo condutor";"Colisão frontal";"Sem Vítimas";"Plena Noite";"Crescente";"Céu Claro";"Dupla";"Reta";"Sim";3;0;0;0;2;1;0;3;-19,97018187;-44,18210416;"SPRF-MG";"DEL01-MG";"UOP03-DEL01-MG"
662643;2025-02-20;"quinta-feira";"22:00:00";"MG";116;223,1;"CATUJI";"Velocidade Incompatível";"Tombamento";"Com Vítimas Feridas";"Plena Noite";"Crescente";"Garoa/Chuvisco";"Simples";"Reta;Aclive";"Não";3;0;1;0;1;1;1;3;-17,431783;-41,514715;"SPRF-MG";"DEL11-MG";"UOP01-DEL11-MG"
662644;2025-02-21;"sexta-feira";"04:30:00";"MG";262;406,1;"PARA DE MINAS";"Ausência de reação do condutor";"Tombamento";"Com Vítimas Fatais";"Plena Noite";"Crescente";"Céu Claro";"Dupla";"Reta;Declive";"Não";2;1;0;0;0;1;0;2;-19,89195069;-44,58054391;"SPRF-MG";"DEL01-MG";"UOP03-DEL01-MG"
662645;2025-02-21;"sexta-feira";"05:15:00";"PR";277;43;"MORRETES";"Reação tardia ou ineficiente do condutor";"Colisão traseira";"Sem Vítimas";"Amanhecer";"Crescente";"Nublado";"Dupla";"Aclive;Reta";"Não";3;0;0;0;2;1;0;3;-25,59122688;-48,89369309;"SPRF-PR";"DEL01-PR";"UOP05-DEL01-PR"
662648;2025-02-21;"sexta-feira";"04:40:00";"ES";101;264;"SERRA";"Condutor desrespeitou a iluminação vermelha do semáforo";"Colisão transversal";"Com Vítimas Feridas";"Amanhecer";"Decrescente";"Sol";"Dupla";"Reta;Interseção de Vias";"Sim";2;0;1;0;1;0;1;2;-20,17292791;-40,26736384;"SPRF-ES";"DEL02-ES";"UOP01-DEL02-ES"
662650;2025-02-21;"sexta-feira";"06:00:00";"GO";60;55;"ABADIANIA";"Acostamento em desnível";"Tombamento";"Sem Vítimas";"Amanhecer";"Crescente";"Céu Claro";"Dupla";"Reta";"Não";2;0;0;0;2;0;0;1;-16,1862;-48,6611;"SPRF-GO";"DEL02-GO";"UOP01-DEL02-GO"
662653;2025-02-21;"sexta-feira";"06:30:00";"BA";101;903;"IBIRAPUA";"Ausência de reação do condutor";"Colisão frontal";"Com Vítimas Feridas";"Amanhecer";"Decrescente";"Céu Claro";"Simples";"Ponte;Curva";"Não";2;0;0;1;0;1;1;2;-17,750617;-39,76344;"SPRF-BA";"DEL09-BA";"UOP02-DEL09-BA"
662654;2025-02-21;"sexta-feira";"04:15:00";"MG";40;300;"TRES MARIAS";"Velocidade Incompatível";"Tombamento";"Com Vítimas Feridas";"Plena Noite";"Decrescente";"Céu Claro";"Simples";"Curva;Aclive;Ponte";"Não";3;0;0;1;1;3;1;5;-18,350118;-45,09330699;"SPRF-MG";"DEL14-MG";"UOP02-DEL14-MG"