"id";"data_inversa";"dia_semana";"horario";"uf";"br";"km";"municipio";"causa_acidente";"tipo_acidente";"classificacao_acidente";"fase_dia";"sentido_via";"condicao_metereologica";"tipo_pista";"tracado_via";"uso_solo";"pessoas";"mortos";"feridos_leves";"feridos_graves";"ilesos";"ignorados";"feridos";"veiculos";"latitude";"longitude";"regional";"delegacia";"uop"
663433;2025-02-24;"segunda-feira";"16:00:00";"MG";365;794;"GURINHATA";"Velocidade Incompatível";"Saída de leito carroçável";"Com Vítimas Feridas";"Pleno dia";"Crescente";"Chuva";"Simples";"Reta;Declive";"Não";3;0;1;0;1;1;1;2;-18,92529639;-49,85520601;"SPRF-MG";"DEL15-MG";"UOP03-DEL15-MG"
663437;2025-02-24;"segunda-feira";"13:40:00";"MS";262;28;"TRES LAGOAS";"Transitar na contramão";"Colisão frontal";"Com Vítimas Fatais";"Pleno dia";"Crescente";"Céu Claro";"Simples";"Reta";"Não";3;1;0;0;1;3;0;5;-20,74027987;-52,10289717;"SPRF-MS";"DEL07-MS";"UOP01-DEL07-MS"
663438;2025-02-24;"segunda-feira";"14:00:00";"GO";153;688;"PANAMA";"Ausência de reação do condutor";"Colisão traseira";"Sem Vítimas";"Pleno dia";"Decrescente";"Céu Claro";"Dupla";"Aclive";"Não";2;0;0;0;2;0;0;2;-18,16715856;-49,28868055;"SPRF-GO";"DEL03-GO";"UOP02-DEL03-GO"
663447;2025-02-24;"segunda-feira";"16:10:00";"BA";101;349,1;"WENCESLAU GUIMARAES";"Reação tardia ou ineficiente do condutor";"Tombamento";"Com Vítimas Feridas";"Pleno dia";"Decrescente";"Nublado";"Simples";"Curva";"Não";3;0;0;2;0;1;2;2;-13,618328;-39,496742;"SPRF-BA";"DEL05-BA";"UOP03-DEL05-BA"
663448;2025-02-24;"segunda-feira";"12:30:00";"BA";324;534;"CONCEICAO DO JACUIPE";"Pista Escorregadia";"Saída de leito carroçável";"Com Vítimas Feridas";"Pleno dia";"Decrescente";"Chuva";"Dupla";"Reta";"Não";1;0;1;0;0;0;1;1;-12,36280742;-38,82259369;"SPRF-BA";"DEL01-BA";"UOP03-DEL01-BA"
663452;2025-02-24;"segunda-feira";"17:00:00";"MG";153;135;"PRATA";"Velocidade Incompatível";"Saída de leito carroçável";"Com Vítimas Feridas";"Pleno dia";"Decrescente";"Chuva";"Simples";"Reta;Declive";"Não";2;0;1;0;0;1;1;2;-19,49313322;-48,85654449;"SPRF-MG";"DEL15-MG";"UOP03-DEL15-MG"
663455;2025-02-24;"segunda-feira";"17:30:00";"SP";116;230;"SAO PAULO";"Reação tardia ou ineficiente do condutor";"Engavetamento";"Com Vítimas Feridas";"Pleno dia";"Decrescente";"Céu Claro";"Simples";"Reta";"Não";3;0;0;1;2;0;1;3;-23,51965152;-46,58230484;"SPRF-SP";"DEL01-SP";"UOP01-DEL01-SP"
663462;2025-02-24;"segunda-feira";"18:10:00";"PR";277;42;"MORRETES";"Problema com o freio";"Colisão traseira";"Com Vítimas Feridas";"Anoitecer";"Crescente";"Nublado";"Dupla";"Declive;Curva";"Não";2;0;2;0;0;0;2;1;-25,580517;-48,87479;"SPRF-PR";"DEL01-PR";"UOP05-DEL01-PR"
663463;2025-02-24;"segunda-feira";"15:10:00";"BA";116;854;"VITORIA DA CONQUISTA";"Reação tardia ou ineficiente do condutor";"Colisão traseira";"Sem Vítimas";"Pleno dia";"Crescente";"Céu Claro";"Simples";"Em Obras;Reta";"Não";4;0;0;0;3;3;0;6;-15,08523552;-41,01137465;"SPRF-BA";"DEL08-BA";"UOP01-DEL08-BA"
663473;2025-02-22;"sábado";"05:00:00";"MT";364;155;"PEDRA PRETA";"Reação tardia ou ineficiente do condutor";"Saída de leito carroçável";"Com Vítimas Feridas";"Amanhecer";"Decrescente";"Céu Claro";"Simples";"Reta";"Não";2;0;0;1;0;2;1;3;-16,63959701;-54,43081856;"SPRF-MT";"DEL02-MT";"UOP01-DEL02-MT"
663476;2025-02-24;"segunda-feira";"17:30:00";"RS";470;184;"VERANOPOLIS";"Ingestão de álcool pelo condutor";"Saída de leito carroçável";"Com Vítimas Feridas";"Anoitecer";"Crescente";"Céu Claro";"Simples";"Reta";"Sim";1;0;1;0;0;0;1;1;-28,9963455;-51,5585519;"SPRF-RS";"DEL06-RS";"UOP02-DEL06-RS"
663481;2025-02-24;"segunda-feira";"14:20:00";"BA";110;323;"ALAGOINHAS";"Carga excessiva e/ou mal acondicionada";"Tombamento";"Sem Vítimas";"Pleno dia";"Crescente";"Céu Claro";"Simples";"Curva;Declive";"Não";1;0;0;0;1;0;0;1;-12,049;-38,36083;"SPRF-BA";"DEL01-BA";"UOP04-DEL01-BA"
663482;2025-02-24;"segunda-feira";"17:30:00";"RJ";116;27;"SAPUCAIA";"Velocidade Incompatível";"Colisão traseira";"Com Vítimas Feridas";"Plena Noite";"Decrescente";"Chuva";"Simples";"Curva";"Não";3;0;0;2;1;0;2;2;-22,05094401;-42,78921789;"SPRF-RJ";"DEL05-RJ";"UOP01-DEL05-RJ"
663483;2025-02-24;"segunda-feira";"17:30:00";"PR";277;382;"CANDOI";"Ausência de reação do condutor";"Tombamento";"Com Vítimas Feridas";"Pleno dia";"Crescente";"Céu Claro";"Simples";"Curva";"Não";2;0;0;1;0;1;1;2;-25,45902251;-51,95818122;"SPRF-PR";"DEL08-PR";"UOP01-DEL08-PR"
663484;2025-02-24;"segunda-feira";"19:30:00";"MG";381;918,2;"CAMANDUCAIA";"Reação tardia ou ineficiente do condutor";"Colisão traseira";"Com Vítimas Feridas";"Plena Noite";"Crescente";"Céu Claro";"Dupla";"Curva;Declive";"Não";5;0;1;0;3;1;1;3;-22,75200972;-46,14252806;"SPRF-MG";"DEL16-MG";"UOP03-DEL16-MG"
663488;2025-02-24;"segunda-feira";"19:20:00";"MG";381;363;"SAO GONCALO DO RIO ABAIXO";"Transitar na contramão";"Colisão frontal";"Com Vítimas Fatais";"Plena Noite";"Crescente";"Chuva";"Dupla";"Curva;Aclive";"Não";3;1;0;0;0;2;0;3;-19,856754;-43,219754;"SPRF-MG";"DEL03-MG";"UOP01-DEL03-MG"
663489;2025-02-24;"segunda-feira";"18:00:00";"SC";282;2;"FLORIANOPOLIS";"Ingestão de substâncias psicoativas pelo condutor";"Colisão traseira";"Com Vítimas Feridas";"Pleno dia";"Crescente";"Céu Claro";"Múltipla";"Reta";"Sim";3;0;1;0;1;1;1;3;-27,6034998;-48,58758267;"SPRF-SC";"DEL01-SC";"UOP01-DEL01-SC"
663490;2025-02-24;"segunda-feira";"19:50:00";"ES";101;286;"CARIACICA";"Pista Escorregadia";"Saída de leito carroçável";"Com Vítimas Feridas";"Plena Noite";"Crescente";"Nublado";"Dupla";"Curva;Declive";"Sim";2;0;1;0;0;1;1;2;-20,2577618;-40,3774027;"SPRF-ES";"DEL01-ES";"UOP01-DEL01-ES"
663493;2025-02-24;"segunda-feira";"18:30:00";"TO";153;401;"MIRANORTE";"Ausência de reação do condutor";"Colisão lateral sentido oposto";"Com Vítimas Feridas";"Plena Noite";"Crescente";"Chuva";"Dupla";"Reta;Declive";"Não";2;0;1;0;1;0;1;2;-9,45195777;-48,57675205;"SPRF-TO";"DEL02-TO";"UOP02-DEL02-TO"
663496;2025-02-24;"segunda-feira";"16:49:00";"RO";364;391,3;"OURO PRETO DO OESTE";"Ausência de reação do condutor";"Colisão traseira";"Com Vítimas Feridas";"Pleno dia";"Crescente";"Céu Claro";"Simples";"Reta;Aclive";"Não";5;0;4;0;1;0;4;2;-10,666435;-62,290983;"SPRF-RO";"DEL03-RO";"UOP02-DEL03-RO"
663504;2025-02-24;"segunda-feira";"19:55:00";"BA";324;585;"CANDEIAS";"Manobra de mudança de faixa";"Saída de leito carroçável";"Com Vítimas Feridas";"Plena Noite";"Crescente";"Céu Claro";"Dupla";"Reta";"Não";4;0;2;0;1;1;2;2;-12,6991099;-38,4631415;"SPRF-BA";"DEL01-BA";"UOP01-DEL01-BA"
663505;2025-02-24;"segunda-feira";"17:40:00";"PR";116;112;"CURITIBA";"Trafegar com motocicleta (ou similar) entre as faixas";"Colisão traseira";"Com Vítimas Fatais";"Pleno dia";"Crescente";"Céu Claro";"Dupla";"Reta";"Sim";4;1;0;0;2;3;0;6;-25,54928341;-49,28380966;"SPRF-PR";"DEL01-PR";"UOP03-DEL01-PR"
663510;2025-02-24;"segunda-feira";"18:00:00";"GO";60;441;"JATAI";"Avarias e/ou desgaste excessivo no pneu";"Colisão transversal";"Sem Vítimas";"Anoitecer";"Decrescente";"Chuva";"Dupla";"Reta";"Não";3;0;0;0;1;2;0;3;-17,84158;-51,445163;"SPRF-GO";"DEL05-GO";"UOP01-DEL05-GO"
663525;2025-02-24;"segunda-feira";"15:04:00";"MT";70;695,2;"CACERES";"Velocidade Incompatível";"Tombamento";"Com Vítimas Feridas";"Pleno dia";"Decrescente";"Nublado";"Simples";"Curva";"Não";2;0;1;0;0;2;1;3;-16,25091;-57,465843;"SPRF-MT";"DEL03-MT";"UOP01-DEL03-MT"
663526;2025-02-24;"segunda-feira";"23:30:00";"SC";101;207,2;"SAO JOSE";"Condutor deixou de manter distância do veículo da frente";"Colisão lateral mesmo sentido";"Com Vítimas Feridas";"Plena Noite";"Decrescente";"Céu Claro";"Dupla";"Curva";"Sim";4;0;2;0;1;1;2;3;-27,59796775;-48,62031698;"SPRF-SC";"DEL01-SC";"UOP01-DEL01-SC"
663527;2025-02-24;"segunda-feira";"13:15:00";"RS";116;104,9;"SAO MARCOS";"Reação tardia ou ineficiente do condutor";"Tombamento";"Com Vítimas Feridas";"Pleno dia";"Crescente";"Céu Claro";"Simples";"Curva";"Não";2;0;1;0;0;1;1;2;-28,91050519;-51,11027835;"SPRF-RS";"DEL05-RS";"UOP01-DEL05-RS"
663529;2025-02-24;"segunda-feira";"23:20:00";"GO";153;490;"GOIANIA";"Mal súbito do condutor";"Colisão com objeto";"Com Vítimas Feridas";"Plena Noite";"Crescente";"Chuva";"Simples";"Declive";"Sim";1;0;1;0;0;0;1;1;-16,61725211;-49,20642441;"SPRF-GO";"DEL01-GO";"UOP01-DEL01-GO"
663532;2025-02-24;"segunda-feira";"23:11:00";"CE";116;54;"PACAJUS";"Condutor Dormindo";"Colisão frontal";"Com Vítimas Fatais";"Plena Noite";"Crescente";"Nublado";"Simples";"Reta";"Não";3;2;1;0;0;0;1;2;-4,205084;-38,471082;"SPRF-CE";"DEL01-CE";"UOP02-DEL01-CE"
663533;2025-02-24;"segunda-feira";"18:15:00";"PI";343;334;"TERESINA";"Condutor deixou de manter distância do veículo da frente";"Colisão com objeto";"Com Vítimas Feridas";"Plena Noite";"Decrescente";"Céu Claro";"Dupla";"Reta";"Sim";2;0;1;0;0;1;1;2;-5,05759166;-42,68778333;"SPRF-PI";"DEL01-PI";"UOP01-DEL01-PI"
663536;2025-02-25;"terça-feira";"00:10:00";"BA";20;193;"LUIS EDUARDO MAGALHAES";"Ingestão de álcool pelo condutor";"Tombamento";"Com Vítimas Feridas";"Plena Noite";"Crescente";"Céu Claro";"Simples";"Reta";"Não";4;0;1;0;0;4;1;4;-12,25815244;-45,84025462;"SPRF-BA";"DEL10-BA";"UOP01-DEL10-BA"
663540;2025-02-25;"terça-feira";"02:15:00";"RJ";116;197;"QUEIMADOS";"Mal súbito do condutor";"Colisão com objeto";"Com Vítimas Fatais";"Plena Noite";"Decrescente";"Céu Claro";"Dupla";"Reta";"Sim";1;1;0;0;0;0;0;1;-22,7300451;-43,562602;"SPRF-RJ";"DEL06-RJ";"UOP02-DEL06-RJ"
663551;2025-02-25;"terça-feira";"06:50:00";"SC";101;211,6;"PALHOCA";"Manobra de mudança de faixa";"Colisão lateral mesmo sentido";"Com Vítimas Feridas";"Pleno dia";"Decrescente";"Céu Claro";"Múltipla";"Reta";"Não";4;0;2;0;0;2;2;3;-27,62771;-48,65666;"SPRF-SC";"DEL01-SC";"UOP02-DEL01-SC"
663559;2025-02-24;"segunda-feira";"22:15:00";"MA";316;425,5;"PERITORO";"Acessar a via sem observar a presença dos outros veículos";"Colisão frontal";"Com Vítimas Feridas";"Plena Noite";"Decrescente";"Céu Claro";"Simples";"Interseção de Vias;Reta";"Sim";3;0;1;0;1;1;1;3;-4,37627944;-44,3270874;"SPRF-MA";"DEL03-MA";"UOP01-DEL03-MA"
663561;2025-02-24;"segunda-feira";"23:00:00";"PR";153;163;"VENTANIA";"Problema com o freio";"Incêndio";"Sem Vítimas";"Plena Noite";"Decrescente";"Céu Claro";"Simples";"Curva;Aclive";"Não";2;0;0;0;1;1;0;2;-24,244887;-50,24858952;"SPRF-PR";"DEL03-PR";"UOP02-DEL03-PR"
663569;2025-02-25;"terça-feira";"06:50:00";"PR";376;602;"CURITIBA";"Trafegar com motocicleta (ou similar) entre as faixas";"Colisão lateral mesmo sentido";"Com Vítimas Feridas";"Amanhecer";"Decrescente";"Céu Claro";"Dupla";"Reta";"Não";3;0;1;0;2;0;1;3;-25,50902735;-49,3395406;"SPRF-PR";"DEL01-PR";"UOP06-DEL01-PR"
663571;2025-02-25;"terça-feira";"08:50:00";"RS";285;457,3;"IJUI";"Condutor deixou de manter distância do veículo da frente";"Colisão traseira";"Com Vítimas Feridas";"Pleno dia";"Crescente";"Céu Claro";"Simples";"Declive";"Não";2;0;2;0;0;0;2;2;-28,40454205;-53,89937103;"SPRF-RS";"DEL10-RS";"UOP01-DEL10-RS"
663582;2025-02-25;"terça-feira";"09:10:00";"GO";153;699,4;"ITUMBIARA";"Acessar a via sem observar a presença dos outros veículos";"Colisão lateral sentido oposto";"Com Vítimas Feridas";"Pleno dia";"Crescente";"Céu Claro";"Simples";"Interseção de Vias;Reta";"Sim";3;0;1;0;1;2;1;4;-18,38125495;-49,20947671;"SPRF-GO";"DEL03-GO";"UOP02-DEL03-GO"
663588;2025-02-25;"terça-feira";"10:24:00";"CE";116;19;"EUSEBIO";"Acessar a via sem observar a presença dos outros veículos";"Colisão transversal";"Com Vítimas Feridas";"Pleno dia";"Crescente";"Nublado";"Dupla";"Reta";"Sim";4;0;2;0;1;1;2;3;-3,91819259;-38,50735903;"SPRF-CE";"DEL01-CE";"UOP02-DEL01-CE"
663589;2025-02-25;"terça-feira";"09:20:00";"RJ";116;230;"PIRAI";"Ausência de reação do condutor";"Colisão traseira";"Com Vítimas Feridas";"Pleno dia";"Decrescente";"Sol";"Dupla";"Curva";"Não";4;0;1;1;1;1;2;3;-22,67037716;-43,82806242;"SPRF-RJ";"DEL07-RJ";"UOP01-DEL07-RJ"
663590;2025-02-25;"terça-feira";"10:00:00";"PE";101;58,4;"RECIFE";"Manobra de mudança de faixa";"Tombamento";"Com Vítimas Fatais";"Pleno dia";"Decrescente";"Céu Claro";"Dupla";"Reta";"Sim";2;1;0;0;0;1;0;2;-7,97474;-34,92201;"SPRF-PE";"DEL01-PE";"UOP02-DEL01-PE"
663592;2025-02-25;"terça-feira";"10:45:00";"ES";101;340,8;"GUARAPARI";"Manobra de mudança de faixa";"Colisão traseira";"Com Vítimas Feridas";"Pleno dia";"Decrescente";"Sol";"Dupla";"Reta";"Não";4;0;1;1;1;2;2;4;-20,650432;-40,570847;"SPRF-ES";"DEL03-ES";"UOP01-DEL03-ES"
663593;2025-01-29;"quarta-feira";"03:45:00";"RJ";101;115;"CAMPOS DOS GOYTACAZES";"Ausência de reação do condutor";"Colisão traseira";"Com Vítimas Feridas";"Plena Noite";"Decrescente";"Céu Claro";"Dupla";"Curva";"Não";2;0;0;1;1;0;1;2;-21,99406996;-41,66375867;"SPRF-RJ";"DEL08-RJ";"UOP02-DEL08-RJ"
663601;2025-02-25;"terça-feira";"11:50:00";"SC";282;467;"PONTE SERRADA";"Acessar a via sem observar a presença dos outros veículos";"Colisão transversal";"Com Vítimas Feridas";"Pleno dia";"Crescente";"Céu Claro";"Simples";"Reta";"Não";4;0;4;0;0;0;4;2;-26,85436439;-52,08445966;"SPRF-SC";"DEL07-SC";"UOP04-DEL07-SC"
663602;2025-02-25;"terça-feira";"12:45:00";"PR";116;141,7;"MANDIRITUBA";"Acessar a via sem observar a presença dos outros veículos";"Colisão transversal";"Com Vítimas Feridas";"Pleno dia";"Crescente";"Sol";"Dupla";"Interseção de Vias";"Sim";4;0;1;0;2;1;1;3;-25,7772176;-49,3244378;"SPRF-PR";"DEL01-PR";"UOP03-DEL01-PR"
663603;2025-02-25;"terça-feira";"10:40:00";"MT";163;1089;"GUARANTA DO NORTE";"Reação tardia ou ineficiente do condutor";"Colisão com objeto";"Sem Vítimas";"Pleno dia";"Decrescente";"Céu Claro";"Simples";"Curva";"Não";2;0;0;0;1;1;0;2;-9,759202;-54,895701;"SPRF-MT";"DEL06-MT";"UOP03-DEL06-MT"
663608;2025-02-25;"terça-feira";"12:15:00";"RJ";116;235;"PIRAI";"Reação tardia ou ineficiente do condutor";"Saída de leito carroçável";"Sem Vítimas";"Pleno dia";"Decrescente";"Céu Claro";"Dupla";"Curva";"Não";3;0;0;0;2;2;0;4;-22,66851148;-43,85261536;"SPRF-RJ";"DEL07-RJ";"UOP01-DEL07-RJ"
663609;2025-02-25;"terça-feira";"12:40:00";"SC";282;533;"CHAPECO";"Reação tardia ou ineficiente do condutor";"Colisão lateral sentido oposto";"Com Vítimas Feridas";"Pleno dia";"Crescente";"Céu Claro";"Simples";"Reta";"Não";1;0;1;0;0;0;1;1;-27,00064609;-52,65992761;"SPRF-SC";"DEL07-SC";"UOP01-DEL07-SC"
663611;2025-02-25;"terça-feira";"11:40:00";"BA";101;322;"PRESIDENTE TANCREDO NEVES";"Mal súbito do condutor";"Colisão transversal";"Com Vítimas Fatais";"Pleno dia";"Crescente";"Sol";"Simples";"Reta";"Não";3;1;0;0;1;1;0;3;-13,389;-39,396;"SPRF-BA";"DEL05-BA";"UOP03-DEL05-BA"
663613;2025-02-25;"terça-feira";"13:15:00";"PR";277;23,5;"MORRETES";"Manobra de mudança de faixa";"Colisão lateral mesmo sentido";"Com Vítimas Feridas";"Pleno dia";"Crescente";"Sol";"Dupla";"Curva";"Não";4;0;2;0;0;2;2;3;-25,52801171;-48,73910129;"SPRF-PR";"DEL01-PR";"UOP05-DEL01-PR"
663616;2025-01-28;"terça-feira";"13:40:00";"GO";452;127;"BOM JESUS DE GOIAS";"Transitar na contramão";"Colisão lateral sentido oposto";"Com Vítimas Feridas";"Pleno dia";"Crescente";"Sol";"Simples";"Reta";"Não";5;0;0;1;3;4;1;8;-18,20596184;-49,76484391;"SPRF-GO";"DEL03-GO";"UOP02-DEL03-GO"
663618;2025-02-25;"terça-feira";"13:45:00";"SC";101;41;"PALHOCA";"Condutor deixou de manter distância do veículo da frente";"Colisão traseira";"Com Vítimas Fatais";"Pleno dia";"Crescente";"Céu Claro";"Dupla";"Reta";"Não";3;1;0;0;2;0;0;3;-27,65159075;-48,7247622;"SPRF-SC";"DEL01-SC";"UOP02-DEL01-SC"
663619;2025-02-25;"terça-feira";"13:13:00";"PR";376;3,2;"MARINGA";"Reação tardia ou ineficiente do condutor";"Engavetamento";"Com Vítimas Fatais";"Pleno dia";"Crescente";"Céu Claro";"Dupla";"Em Obras;Reta;Declive";"Não";7;2;1;0;3;2;1;7;-23,38905051;-51,96782988;"SPRF-PR";"DEL09-PR";"UOP01-DEL09-PR"
663620;2025-01-15;"quarta-feira";"20:00:00";"PR";376;199,6;"MARIALVA";"Pedestre andava na pista";"Atropelamento de Pedestre";"Com Vítimas Fatais";"Plena Noite";"Crescente";"Céu Claro";"Dupla";"Aclive";"Não";2;1;0;0;1;0;0;2;-23,50719669;-51,73201193;"SPRF-PR";"DEL09-PR";"UOP01-DEL09-PR"
663622;2025-02-25;"terça-feira";"15:25:00";"BA";116;437,7;"FEIRA DE SANTANA";"Ausência de reação do condutor";"Colisão traseira";"Com Vítimas Feridas";"Pleno dia";"Crescente";"Céu Claro";"Dupla";"Aclive;Reta";"Não";3;0;0;1;1;1;1;3;-12,33198192;-39,0663871;"SPRF-BA";"DEL02-BA";"UOP01-DEL02-BA"
663623;2025-02-25;"terça-feira";"15:10:00";"MG";40;760,9;"JUIZ DE FORA";"Manobra de mudança de faixa";"Saída de leito carroçável";"Com Vítimas Feridas";"Pleno dia";"Crescente";"Céu Claro";"Simples";"Reta";"Não";4;0;1;0;1;2;1;4;-21,61866893;-43,45475622;"SPRF-MG";"DEL05-MG";"UOP01-DEL05-MG"
663626;2025-02-25;"terça-feira";"13:50:00";"MS";267;668,6;"PORTO MURTINHO";"Manobra de mudança de faixa";"Colisão lateral sentido oposto";"Com Vítimas Feridas";"Pleno dia";"Decrescente";"Céu Claro";"Simples";"Reta";"Não";3;0;0;1;1;3;1;5;-21,709801;-57,73449;"SPRF-MS";"DEL05-MS";"UOP01-DEL05-MS"
663628;2025-02-25;"terça-feira";"15:00:00";"PR";277;141;"BALSA NOVA";"Condutor deixou de manter distância do veículo da frente";"Colisão traseira";"Com Vítimas Feridas";"Pleno dia";"Decrescente";"Céu Claro";"Dupla";"Aclive;Reta";"Não";5;0;1;0;4;0;1;2;-25,47124;-49,67495;"SPRF-PR";"DEL03-PR";"UOP03-DEL03-PR"
663631;2025-02-25;"terça-feira";"15:50:00";"BA";101;744;"ITABELA";"Reação tardia ou ineficiente do condutor";"Saída de leito carroçável";"Com Vítimas Feridas";"Pleno dia";"Decrescente";"Céu Claro";"Simples";"Curva";"Não";3;0;2;0;0;1;2;2;-16,56248735;-39,5643558;"SPRF-BA";"DEL09-BA";"UOP01-DEL09-BA"
663633;2025-02-25;"terça-feira";"12:12:00";"RO";364;515;"ARIQUEMES";"Acessar a via sem observar a presença dos outros veículos";"Colisão lateral mesmo sentido";"Sem Vítimas";"Pleno dia";"Decrescente";"Céu Claro";"Simples";"Reta";"Sim";4;0;0;0;2;2;0;4;-9,92433686;-63,05499494;"SPRF-RO";"DEL03-RO";"UOP01-DEL03-RO"
663637;2025-02-25;"terça-feira";"16:20:00";"SP";116;213;"GUARULHOS";"Pedestre andava na pista";"Atropelamento de Pedestre";"Com Vítimas Feridas";"Pleno dia";"Decrescente";"Sol";"Múltipla";"Reta";"Sim";2;0;1;0;1;0;1;2;-23,44160167;-46,44095778;"SPRF-SP";"DEL01-SP";"UOP01-DEL01-SP"
663639;2025-01-05;"domingo";"20:00:00";"MG";262;798;"UBERABA";"Suicídio (presumido)";"Atropelamento de Pedestre";"Com Vítimas Fatais";"Plena Noite";"Crescente";"Nublado";"Simples";"Reta";"Não";3;1;0;0;1;2;0;4;-19,766049;-47,876805;"SPRF-MG";"DEL13-MG";"UOP01-DEL13-MG"
663641;2025-02-13;"quinta-feira";"08:30:00";"BA";242;322;"LAJEDINHO";"Ausência de reação do condutor";"Tombamento";"Sem Vítimas";"Pleno dia";"Decrescente";"Céu Claro";"Simples";"Curva";"Não";2;0;0;0;0;4;0;4;-12,46661659;-41,08145578;"SPRF-BA";"DEL06-BA";"UOP02-DEL06-BA"
663643;2025-02-17;"segunda-feira";"13:30:00";"PB";405;39,7;"SAO JOAO DO RIO DO PEIXE";"Ausência de reação do condutor";"Colisão lateral mesmo sentido";"Com Vítimas Feridas";"Pleno dia";"Decrescente";"Sol";"Simples";"Reta";"Não";2;0;0;1;1;0;1;2;-6,775888;-38,42709;"SPRF-PB";"DEL03-PB";"UOP03-DEL03-PB"
663647;2025-02-25;"terça-feira";"15:20:00";"SC";282;462;"PONTE SERRADA";"Acessar a via sem observar a presença dos outros veículos";"Colisão transversal";"Com Vítimas Feridas";"Pleno dia";"Decrescente";"Garoa/Chuvisco";"Dupla";"Reta";"Não";3;0;0;2;1;0;2;2;-26,86634766;-52,02299416;"SPRF-SC";"DEL07-SC";"UOP04-DEL07-SC"
663649;2025-02-25;"terça-feira";"17:00:00";"SP";116;76,6;"ROSEIRA";"Reação tardia ou ineficiente do condutor";"Engavetamento";"Com Vítimas Feridas";"Anoitecer";"Decrescente";"Céu Claro";"Dupla";"Reta";"Não";7;0;1;0;6;0;1;7;-22,88015417;-45,27558851;"SPRF-SP";"DEL08-SP";"UOP01-DEL08-SP"
663651;2025-02-25;"terça-feira";"14:27:00";"GO";153;551;"PIRACANJUBA";"Chuva";"Saída de leito carroçável";"Com Vítimas Feridas";"Pleno dia";"Crescente";"Chuva";"Dupla";"Declive";"Não";1;0;0;1;0;0;1;1;-17,1632;-49,2126;"SPRF-GO";"DEL01-GO";"UOP03-DEL01-GO"
663655;2025-02-25;"terça-feira";"17:00:00";"BA";324;620;"SALVADOR";"Transitar no Acostamento";"Colisão lateral mesmo sentido";"Com Vítimas Fatais";"Pleno dia";"Decrescente";"Nublado";"Múltipla";"Reta";"Sim";4;1;0;1;1;1;1;3;-12,915117;-38,461017;"SPRF-BA";"DEL01-BA";"UOP01-DEL01-BA"
663656;2025-02-25;"terça-feira";"16:50:00";"PR";153;92,2;"JAPIRA";"Velocidade Incompatível";"Tombamento";"Com Vítimas Feridas";"Pleno dia";"Decrescente";"Céu Claro";"Simples";"Curva";"Não";2;0;1;0;0;2;1;3;-23,70684448;-50,1743331;"SPRF-PR";"DEL07-PR";"UOP04-DEL07-PR"
663657;2025-01-02;"quinta-feira";"12:00:00";"RJ";116;228;"PIRAI";"Velocidade Incompatível";"Colisão traseira";"Com Vítimas Feridas";"Pleno dia";"Decrescente";"Céu Claro";"Simples";"Aclive;Curva";"Não";3;0;1;1;0;1;2;3;-22,660623;-43,82667;"SPRF-RJ";"DEL07-RJ";"UOP01-DEL07-RJ"
663659;2025-02-04;"terça-feira";"09:45:00";"MG";40;24,6;"PARACATU";"Transitar na contramão";"Colisão frontal";"Com Vítimas Fatais";"Pleno dia";"Crescente";"Céu Claro";"Simples";"Reta";"Não";5;3;0;0;1;1;0;3;-17,12698254;-46,97983452;"SPRF-MG";"DEL14-MG";"UOP01-DEL14-MG"
663661;2025-02-25;"terça-feira";"17:01:00";"GO";40;42,7;"LUZIANIA";"Reação tardia ou ineficiente do condutor";"Colisão lateral sentido oposto";"Com Vítimas Feridas";"Pleno dia";"Decrescente";"Chuva";"Dupla";"Curva;Declive";"Não";5;0;0;2;2;1;2;4;-16,381753;-47,826975;"SPRF-DF";"DEL01-DF";"UOP02-DEL01-DF"
663664;2025-02-25;"terça-feira";"17:30:00";"GO";60;173,2;"ABADIA DE GOIAS";"Ausência de reação do condutor";"Saída de leito carroçável";"Com Vítimas Feridas";"Pleno dia";"Decrescente";"Céu Claro";"Dupla";"Reta";"Não";2;0;1;0;0;1;1;2;-16,75221344;-49,43158579;"SPRF-GO";"DEL01-GO";"UOP02-DEL01-GO"
663665;2025-02-25;"terça-feira";"18:20:00";"SE";235;3,3;"ARACAJU";"Condutor deixou de manter distância do veículo da frente";"Colisão traseira";"Com Vítimas Feridas";"Plena Noite";"Crescente";"Céu Claro";"Dupla";"Reta";"Sim";3;0;1;1;1;0;2;3;-10,90647032;-37,1056366;"SPRF-SE";"DEL01-SE";"UOP01-DEL01-SE"
663667;2025-02-25;"terça-feira";"17:54:00";"PB";230;94,5;"GURINHEM";"Reação tardia ou ineficiente do condutor";"Tombamento";"Com Vítimas Feridas";"Plena Noite";"Decrescente";"Céu Claro";"Dupla";"Retorno Regulamentado;Reta";"Não";1;0;1;0;0;0;1;1;-7,18425502;-35,44325173;"SPRF-PB";"DEL01-PB";"UOP02-DEL01-PB"
663670;2025-02-25;"terça-feira";"17:50:00";"MA";10;320,1;"ACAILANDIA";"Acessar a via sem observar a presença dos outros veículos";"Colisão transversal";"Com Vítimas Feridas";"Anoitecer";"Crescente";"Nublado";"Simples";"Interseção de Vias;Reta";"Sim";2;0;1;0;1;0;1;2;-4,950763;-47,503347;"SPRF-MA";"DEL04-MA";"UOP03-DEL04-MA"