"id";"data_inversa";"dia_semana";"horario";"uf";"br";"km";"municipio";"causa_acidente";"tipo_acidente";"classificacao_acidente";"fase_dia";"sentido_via";"condicao_metereologica";"tipo_pista";"tracado_via";"uso_solo";"pessoas";"mortos";"feridos_leves";"feridos_graves";"ilesos";"ignorados";"feridos";"veiculos";"latitude";"longitude";"regional";"delegacia";"uop"
664540;2025-03-01;"sábado";"16:10:00";"TO";153;501;"PARAISO DO TOCANTINS";"Acessar a via sem observar a presença dos outros veículos";"Colisão transversal";"Com Vítimas Feridas";"Pleno dia";"Decrescente";"Chuva";"Simples";"Interseção de Vias;Aclive";"Não";3;0;1;0;1;1;1;3;-10,211328;-48,874332;"SPRF-TO";"DEL01-TO";"UOP01-DEL01-TO"
664548;2025-03-01;"sábado";"16:50:00";"MG";262;604,2;"CAMPOS ALTOS";"Condutor deixou de manter distância do veículo da frente";"Colisão traseira";"Sem Vítimas";"Pleno dia";"Decrescente";"Céu Claro";"Simples";"Reta";"Não";3;0;0;0;2;4;0;6;-19,628265;-46,265366;"SPRF-MG";"DEL08-MG";"UOP02-DEL08-MG"
664549;2025-03-01;"sábado";"15:10:00";"MG";116;680,4;"MIRADOURO";"Transitar na contramão";"Colisão lateral sentido oposto";"Com Vítimas Feridas";"Pleno dia";"Decrescente";"Céu Claro";"Simples";"Reta";"Não";7;0;1;0;5;1;1;5;-20,947483;-42,347256;"SPRF-MG";"DEL07-MG";"UOP02-DEL07-MG"
664551;2025-03-01;"sábado";"16:00:00";"MG";267;87,7;"JUIZ DE FORA";"Demais falhas mecânicas ou elétricas";"Colisão traseira";"Com Vítimas Feridas";"Pleno dia";"Crescente";"Sol";"Simples";"Reta";"Não";5;0;2;0;3;0;2;2;-21,752709;-43,281908;"SPRF-MG";"DEL05-MG";"UOP01-DEL05-MG"
664552;2025-03-01;"sábado";"11:00:00";"RJ";393;114;"SAPUCAIA";"Ausência de reação do condutor";"Colisão traseira";"Sem Vítimas";"Pleno dia";"Decrescente";"Céu Claro";"Simples";"Curva";"Não";3;0;0;0;2;2;0;4;-21,91055982;-42,74196625;"SPRF-RJ";"DEL05-RJ";"UOP01-DEL05-RJ"
664558;2025-03-01;"sábado";"16:00:00";"PR";476;218;"LAPA";"Reação tardia ou ineficiente do condutor";"Tombamento";"Com Vítimas Feridas";"Pleno dia";"Decrescente";"Céu Claro";"Simples";"Curva";"Não";1;0;1;0;0;0;1;1;-25,80964;-49,90711;"SPRF-PR";"DEL01-PR";"UOP06-DEL01-PR"
664560;2025-03-01;"sábado";"10:19:00";"BA";101;718;"EUNAPOLIS";"Condutor deixou de manter distância do veículo da frente";"Colisão traseira";"Sem Vítimas";"Pleno dia";"Crescente";"Nublado";"Múltipla";"Reta";"Sim";2;0;0;0;2;0;0;2;-16,37458448;-39,58111394;"SPRF-BA";"DEL09-BA";"UOP01-DEL09-BA"
664580;2025-03-01;"sábado";"19:30:00";"BA";116;410;"FEIRA DE SANTANA";"Deficiência do Sistema de Iluminação/Sinalização";"Colisão traseira";"Sem Vítimas";"Plena Noite";"Decrescente";"Nublado";"Dupla";"Reta";"Não";2;0;0;0;2;0;0;2;-12,12035122;-38,96834729;"SPRF-BA";"DEL02-BA";"UOP01-DEL02-BA"
664581;2025-03-01;"sábado";"19:25:00";"RN";304;249;"SANTA MARIA";"Acessar a via sem observar a presença dos outros veículos";"Colisão transversal";"Com Vítimas Fatais";"Plena Noite";"Decrescente";"Céu Claro";"Simples";"Interseção de Vias";"Não";4;1;0;1;1;1;1;3;-5,827962;-35,76609;"SPRF-RN";"DEL01-RN";"UOP02-DEL01-RN"
664597;2025-03-01;"sábado";"15:00:00";"MT";364;472;"VARZEA GRANDE";"Reação tardia ou ineficiente do condutor";"Colisão frontal";"Com Vítimas Feridas";"Pleno dia";"Crescente";"Sol";"Simples";"Reta";"Não";3;0;0;1;1;2;1;4;-15,418824;-56,347241;"SPRF-MT";"DEL01-MT";"UOP02-DEL01-MT"
664607;2025-03-01;"sábado";"19:50:00";"GO";20;89,9;"VILA BOA";"Velocidade Incompatível";"Colisão traseira";"Com Vítimas Feridas";"Pleno dia";"Decrescente";"Céu Claro";"Simples";"Reta";"Não";3;0;0;1;2;0;1;2;-14,97728997;-47,01633453;"SPRF-DF";"DEL02-DF";"UOP02-DEL02-DF"
664615;2025-03-01;"sábado";"21:15:00";"MT";364;370;"CUIABA";"Demais falhas mecânicas ou elétricas";"Incêndio";"Sem Vítimas";"Plena Noite";"Crescente";"Céu Claro";"Dupla";"Reta";"Não";2;0;0;0;1;1;0;2;-15,70361409;-55,73750496;"SPRF-MT";"DEL01-MT";"UOP02-DEL01-MT"
664623;2025-03-01;"sábado";"20:40:00";"PR";277;307;"PRUDENTOPOLIS";"Ausência de reação do condutor";"Saída de leito carroçável";"Sem Vítimas";"Plena Noite";"Decrescente";"Céu Claro";"Simples";"Desvio Temporário";"Não";2;0;0;0;1;2;0;3;-25,31599988;-51,19617476;"SPRF-PR";"DEL08-PR";"UOP01-DEL08-PR"
664631;2025-03-02;"domingo";"00:15:00";"ES";101;289,3;"CARIACICA";"Condutor deixou de manter distância do veículo da frente";"Colisão traseira";"Com Vítimas Feridas";"Plena Noite";"Decrescente";"Nublado";"Dupla";"Declive;Reta";"Não";3;0;1;0;1;1;1;3;-20,28476714;-40,39270654;"SPRF-ES";"DEL01-ES";"UOP01-DEL01-ES"
664638;2025-03-02;"domingo";"01:40:00";"MG";381;457,1;"BELO HORIZONTE";"Reação tardia ou ineficiente do condutor";"Colisão traseira";"Com Vítimas Feridas";"Plena Noite";"Decrescente";"Nublado";"Dupla";"Reta";"Sim";4;0;0;2;1;2;2;4;-19,849893;-43,887833;"SPRF-MG";"DEL01-MG";"UOP01-DEL01-MG"
664639;2025-03-02;"domingo";"02:00:00";"SP";116;219;"GUARULHOS";"Ingestão de álcool pelo condutor";"Colisão traseira";"Sem Vítimas";"Plena Noite";"Crescente";"Céu Claro";"Múltipla";"Reta";"Sim";3;0;0;0;3;0;0;3;-23,46411686;-46,49726808;"SPRF-SP";"DEL01-SP";"UOP01-DEL01-SP"
664659;2025-03-02;"domingo";"01:50:00";"SC";116;72,2;"MONTE CASTELO";"Ingestão de álcool pelo condutor";"Colisão frontal";"Sem Vítimas";"Plena Noite";"Decrescente";"Céu Claro";"Simples";"Reta";"Não";4;0;0;0;3;1;0;3;-26,488127;-50,2327595;"SPRF-SC";"DEL06-SC";"UOP02-DEL06-SC"
664663;2025-03-01;"sábado";"20:20:00";"PR";369;108,1;"URAI";"Condutor deixou de manter distância do veículo da frente";"Colisão traseira";"Com Vítimas Feridas";"Plena Noite";"Decrescente";"Céu Claro";"Dupla";"Declive;Reta";"Não";5;0;2;1;2;0;3;2;-23,264972;-50,789097;"SPRF-PR";"DEL07-PR";"UOP05-DEL07-PR"
664679;2025-03-01;"sábado";"23:40:00";"MT";364;378;"SANTO ANTONIO DO LEVERGER";"Reação tardia ou ineficiente do condutor";"Colisão traseira";"Com Vítimas Fatais";"Plena Noite";"Decrescente";"Céu Claro";"Dupla";"Reta";"Não";4;1;0;0;2;2;0;4;-15,70331456;-55,78467965;"SPRF-MT";"DEL01-MT";"UOP02-DEL01-MT"
664687;2025-03-02;"domingo";"06:20:00";"PB";230;77;"SOBRADO";"Condutor Dormindo";"Colisão lateral mesmo sentido";"Com Vítimas Feridas";"Pleno dia";"Decrescente";"Nublado";"Dupla";"Reta";"Não";6;0;1;0;5;0;1;3;-7,1916962;-35,2262725;"SPRF-PB";"DEL01-PB";"UOP02-DEL01-PB"
664690;2025-03-02;"domingo";"06:05:00";"GO";452;186,6;"ITUMBIARA";"Ultrapassagem Indevida";"Colisão lateral sentido oposto";"Com Vítimas Feridas";"Pleno dia";"Crescente";"Céu Claro";"Simples";"Reta";"Não";3;0;1;0;1;5;1;7;-18,399751;-49,305308;"SPRF-GO";"DEL03-GO";"UOP02-DEL03-GO"
664694;2025-03-02;"domingo";"03:30:00";"AM";174;893;"MANAUS";"Carga excessiva e/ou mal acondicionada";"Tombamento";"Sem Vítimas";"Amanhecer";"Crescente";"Nublado";"Simples";"Reta";"Não";2;0;0;0;1;3;0;4;-2,898692;-60,035328;"SPRF-AM";"DEL01-AM";"UOP01-DEL01-AM"
664697;2025-03-01;"sábado";"19:00:00";"MA";316;3;"BOA VISTA DO GURUPI";"Ultrapassagem Indevida";"Colisão frontal";"Com Vítimas Feridas";"Plena Noite";"Crescente";"Garoa/Chuvisco";"Simples";"Reta";"Não";11;0;2;4;4;3;6;6;-1,78507211;-46,29174298;"SPRF-MA";"DEL02-MA";"UOP02-DEL02-MA"
664700;2025-03-02;"domingo";"06:15:00";"RO";364;215;"PIMENTA BUENO";"Transitar na contramão";"Colisão lateral sentido oposto";"Com Vítimas Fatais";"Pleno dia";"Crescente";"Nublado";"Simples";"Reta;Aclive";"Não";3;1;0;0;1;1;0;3;-11,553877;-61,292918;"SPRF-RO";"DEL02-RO";"UOP02-DEL02-RO"
664704;2025-03-02;"domingo";"08:50:00";"TO";153;692,5;"CARIRI DO TOCANTINS";"Ingestão de álcool pelo condutor";"Tombamento";"Sem Vítimas";"Pleno dia";"Crescente";"Céu Claro";"Simples";"Reta";"Não";2;0;0;0;1;1;0;2;-11,89993948;-49,17480469;"SPRF-TO";"DEL01-TO";"UOP02-DEL01-TO"
664729;2025-03-02;"domingo";"12:15:00";"MG";116;276,7;"TEOFILO OTONI";"Acessar a via sem observar a presença dos outros veículos";"Colisão lateral mesmo sentido";"Sem Vítimas";"Pleno dia";"Decrescente";"Nublado";"Múltipla";"Reta";"Sim";4;0;0;0;2;2;0;3;-17,8582416;-41,5150835;"SPRF-MG";"DEL11-MG";"UOP01-DEL11-MG"
664736;2025-03-02;"domingo";"13:15:00";"SP";116;220;"GUARULHOS";"Mal súbito do condutor";"Colisão traseira";"Com Vítimas Feridas";"Pleno dia";"Crescente";"Céu Claro";"Múltipla";"Reta";"Sim";2;0;1;0;1;0;1;2;-23,46859;-46,509906;"SPRF-SP";"DEL01-SP";"UOP01-DEL01-SP"
664739;2025-03-02;"domingo";"13:15:00";"RS";470;225;"GARIBALDI";"Acessar a via sem observar a presença dos outros veículos";"Colisão transversal";"Com Vítimas Feridas";"Pleno dia";"Crescente";"Céu Claro";"Simples";"Retorno Regulamentado;Reta";"Sim";3;0;2;0;1;0;2;2;-29,2466446;-51,51592791;"SPRF-RS";"DEL06-RS";"UOP01-DEL06-RS"
664749;2025-03-02;"domingo";"14:02:00";"MG";381;891,1;"CAMBUI";"Ausência de reação do condutor";"Colisão traseira";"Com Vítimas Fatais";"Pleno dia";"Decrescente";"Céu Claro";"Dupla";"Reta";"Não";3;1;0;0;1;2;0;4;-22,54764696;-46,03985545;"SPRF-MG";"DEL16-MG";"UOP01-DEL16-MG"
664754;2025-02-03;"segunda-feira";"06:40:00";"RJ";40;109;"DUQUE DE CAXIAS";"Reação tardia ou ineficiente do condutor";"Colisão traseira";"Com Vítimas Feridas";"Pleno dia";"Decrescente";"Céu Claro";"Múltipla";"Reta";"Sim";4;0;1;0;3;0;1;2;-22,67374628;-43,28638368;"SPRF-RJ";"DEL01-RJ";"UOP02-DEL01-RJ"
664756;2025-03-02;"domingo";"12:30:00";"MG";40;34;"PARACATU";"Reação tardia ou ineficiente do condutor";"Saída de leito carroçável";"Com Vítimas Feridas";"Pleno dia";"Crescente";"Céu Claro";"Simples";"Declive;Curva";"Não";3;0;2;0;0;1;2;2;-17,2414624;-46,8237278;"SPRF-MG";"DEL14-MG";"UOP01-DEL14-MG"
664764;2025-03-02;"domingo";"15:00:00";"PR";277;23;"MORRETES";"Manobra de mudança de faixa";"Colisão lateral mesmo sentido";"Com Vítimas Feridas";"Pleno dia";"Crescente";"Sol";"Dupla";"Retorno Regulamentado;Reta";"Não";4;0;2;0;1;1;2;3;-25,5289077;-48,73414993;"SPRF-PR";"DEL01-PR";"UOP05-DEL01-PR"
664811;2025-03-02;"domingo";"19:00:00";"RJ";393;246,9;"BARRA DO PIRAI";"Transitar na contramão";"Colisão frontal";"Com Vítimas Fatais";"Plena Noite";"Crescente";"Céu Claro";"Simples";"Reta";"Não";5;2;1;0;1;1;1;4;-22,4282579;-43,7688659;"SPRF-RJ";"DEL05-RJ";"UOP04-DEL05-RJ"
664816;2025-03-02;"domingo";"11:39:00";"RO";364;108;"CHUPINGUAIA";"Ausência de reação do condutor";"Colisão traseira";"Com Vítimas Feridas";"Pleno dia";"Decrescente";"Nublado";"Simples";"Reta";"Sim";4;0;1;0;1;4;1;5;-12,22560293;-60,68803132;"SPRF-RO";"DEL04-RO";"UOP01-DEL04-RO"
664817;2025-03-02;"domingo";"18:30:00";"PR";277;108,7;"CURITIBA";"Trafegar com motocicleta (ou similar) entre as faixas";"Colisão lateral mesmo sentido";"Com Vítimas Fatais";"Anoitecer";"Decrescente";"Céu Claro";"Dupla";"Aclive;Reta";"Sim";5;1;0;0;2;2;0;5;-25,42968573;-49,37854236;"SPRF-PR";"DEL03-PR";"UOP03-DEL03-PR"
664838;2025-03-02;"domingo";"19:50:00";"SC";163;70,6;"SAO MIGUEL DO OESTE";"Manobra de mudança de faixa";"Colisão lateral mesmo sentido";"Sem Vítimas";"Plena Noite";"Decrescente";"Céu Claro";"Dupla";"Aclive;Reta";"Sim";3;0;0;0;2;1;0;3;-26,7300751;-53,5138334;"SPRF-SC";"DEL07-SC";"UOP03-DEL07-SC"
664840;2025-03-02;"domingo";"10:00:00";"RO";174;64,3;"VILHENA";"Demais falhas mecânicas ou elétricas";"Incêndio";"Sem Vítimas";"Pleno dia";"Decrescente";"Nublado";"Simples";"Reta";"Não";2;0;0;0;0;4;0;4;-12,41258;-59,880944;"SPRF-RO";"DEL04-RO";"UOP01-DEL04-RO"
664854;2025-03-02;"domingo";"19:00:00";"MT";163;1056;"GUARANTA DO NORTE";"Condutor deixou de manter distância do veículo da frente";"Colisão lateral mesmo sentido";"Sem Vítimas";"Plena Noite";"Decrescente";"Céu Claro";"Simples";"Reta";"Não";3;0;0;0;1;2;0;3;-10,032408;-54,909714;"SPRF-MT";"DEL06-MT";"UOP03-DEL06-MT"
664856;2025-03-02;"domingo";"21:10:00";"ES";101;390,8;"RIO NOVO DO SUL";"Ausência de reação do condutor";"Colisão lateral sentido oposto";"Com Vítimas Feridas";"Pleno dia";"Crescente";"Céu Claro";"Simples";"Reta";"Não";3;0;1;0;1;1;1;3;-20,8582236;-40,89019781;"SPRF-ES";"DEL03-ES";"UOP02-DEL03-ES"
664872;2025-03-02;"domingo";"23:55:00";"RJ";116;169;"RIO DE JANEIRO";"Ausência de reação do condutor";"Tombamento";"Sem Vítimas";"Plena Noite";"Crescente";"Céu Claro";"Múltipla";"Reta";"Não";1;0;0;0;1;0;0;1;-22,81668872;-43,32327068;"SPRF-RJ";"DEL06-RJ";"UOP01-DEL06-RJ"
664881;2025-03-03;"segunda-feira";"00:20:00";"PR";116;136;"MANDIRITUBA";"Reação tardia ou ineficiente do condutor";"Colisão traseira";"Com Vítimas Feridas";"Plena Noite";"Crescente";"Nevoeiro/Neblina";"Dupla";"Reta";"Não";5;0;2;0;2;1;2;3;-25,72777117;-49,31774139;"SPRF-PR";"DEL01-PR";"UOP03-DEL01-PR"
664889;2025-03-02;"domingo";"21:50:00";"RJ";465;15;"SEROPEDICA";"Ingestão de álcool pelo condutor";"Colisão frontal";"Sem Vítimas";"Plena Noite";"Decrescente";"Céu Claro";"Simples";"Reta";"Sim";3;0;0;0;2;1;0;3;-22,7147776;-43,7256192;"SPRF-RJ";"DEL06-RJ";"UOP02-DEL06-RJ"
664899;2025-03-03;"segunda-feira";"03:30:00";"CE";222;231;"SOBRAL";"Ausência de reação do condutor";"Colisão traseira";"Com Vítimas Fatais";"Plena Noite";"Crescente";"Céu Claro";"Simples";"Reta";"Não";5;1;0;0;4;0;0;2;-3,706892;-40,408262;"SPRF-CE";"DEL04-CE";"UOP01-DEL04-CE"
664902;2025-03-03;"segunda-feira";"06:00:00";"CE";116;112,9;"MORADA NOVA";"Ultrapassagem Indevida";"Colisão lateral sentido oposto";"Com Vítimas Feridas";"Pleno dia";"Crescente";"Céu Claro";"Simples";"Reta;Declive";"Não";4;0;1;0;2;1;1;4;-4,58812477;-38,21806669;"SPRF-CE";"DEL03-CE";"UOP02-DEL03-CE"
664903;2025-03-03;"segunda-feira";"05:35:00";"AL";316;217;"ATALAIA";"Condutor Dormindo";"Tombamento";"Sem Vítimas";"Amanhecer";"Crescente";"Céu Claro";"Simples";"Reta";"Não";1;0;0;0;1;0;0;1;-9,49921028;-36,21470667;"SPRF-AL";"DEL01-AL";"UOP01-DEL01-AL"
664907;2025-03-03;"segunda-feira";"03:00:00";"RJ";116;233;"PIRAI";"Demais falhas mecânicas ou elétricas";"Incêndio";"Sem Vítimas";"Amanhecer";"Crescente";"Céu Claro";"Dupla";"Reta";"Sim";1;0;0;0;1;0;0;1;-22,67009547;-43,85433197;"SPRF-RJ";"DEL07-RJ";"UOP01-DEL07-RJ"
664916;2025-03-03;"segunda-feira";"06:07:00";"SP";101;45;"UBATUBA";"Acessar a via sem observar a presença dos outros veículos";"Colisão lateral mesmo sentido";"Com Vítimas Feridas";"Pleno dia";"Decrescente";"Céu Claro";"Simples";"Reta";"Não";2;0;1;0;0;1;1;2;-23,4254093;-45,07678628;"SPRF-SP";"DEL06-SP";"UOP01-DEL06-SP"
664922;2025-03-03;"segunda-feira";"06:41:00";"MT";163;775;"SORRISO";"Acumulo de água sobre o pavimento";"Saída de leito carroçável";"Sem Vítimas";"Pleno dia";"Decrescente";"Chuva";"Simples";"Declive";"Não";2;0;0;0;1;1;0;2;-12,34592351;-55,59419632;"SPRF-MT";"DEL06-MT";"UOP02-DEL06-MT"
664925;2025-03-03;"segunda-feira";"08:30:00";"SC";101;64;"BARRA VELHA";"Ausência de reação do condutor";"Colisão lateral mesmo sentido";"Com Vítimas Feridas";"Pleno dia";"Crescente";"Céu Claro";"Dupla";"Reta";"Não";5;0;2;0;2;1;2;3;-26,6207232;-48,726016;"SPRF-SC";"DEL03-SC";"UOP02-DEL03-SC"
664928;2025-03-03;"segunda-feira";"08:47:00";"TO";153;147;"ARAGUAINA";"Manobra de mudança de faixa";"Colisão lateral mesmo sentido";"Com Vítimas Feridas";"Pleno dia";"Decrescente";"Céu Claro";"Dupla";"Reta";"Sim";7;0;2;0;4;1;2;5;-7,22743065;-48,25065494;"SPRF-TO";"DEL02-TO";"UOP01-DEL02-TO"
664930;2025-02-28;"sexta-feira";"07:30:00";"PR";116;124;"FAZENDA RIO GRANDE";"Manobra de mudança de faixa";"Colisão traseira";"Com Vítimas Feridas";"Amanhecer";"Decrescente";"Céu Claro";"Dupla";"Reta";"Sim";2;0;1;0;0;1;1;2;-25,627023;-49,314547;"SPRF-PR";"DEL01-PR";"UOP03-DEL01-PR"
664937;2025-03-03;"segunda-feira";"08:45:00";"SP";381;71;"SAO PAULO";"Condutor deixou de manter distância do veículo da frente";"Colisão lateral mesmo sentido";"Com Vítimas Feridas";"Pleno dia";"Crescente";"Céu Claro";"Dupla";"Túnel";"Não";2;0;0;1;1;0;1;2;-23,35678394;-46,54911887;"SPRF-SP";"DEL03-SP";"UOP01-DEL03-SP"
664939;2025-03-03;"segunda-feira";"10:00:00";"MG";381;361;"JOAO MONLEVADE";"Acesso irregular";"Colisão frontal";"Com Vítimas Fatais";"Pleno dia";"Crescente";"Céu Claro";"Simples";"Curva";"Não";3;1;0;0;1;1;0;3;-19,8494271;-43,2075645;"SPRF-MG";"DEL03-MG";"UOP01-DEL03-MG"
664940;2025-03-03;"segunda-feira";"10:00:00";"PR";376;645;"TIJUCAS DO SUL";"Manobra de mudança de faixa";"Colisão lateral mesmo sentido";"Sem Vítimas";"Pleno dia";"Crescente";"Nublado";"Dupla";"Reta";"Não";4;0;0;0;3;1;0;3;-25,828125;-49,118258;"SPRF-PR";"DEL01-PR";"UOP04-DEL01-PR"
664943;2025-03-03;"segunda-feira";"10:10:00";"PB";101;127;"CAAPORA";"Chuva";"Engavetamento";"Com Vítimas Feridas";"Pleno dia";"Decrescente";"Chuva";"Dupla";"Reta";"Não";5;0;1;0;3;2;1;6;-7,50120818;-34,98513901;"SPRF-PB";"DEL01-PB";"UOP01-DEL01-PB"
664954;2025-03-03;"segunda-feira";"10:10:00";"MS";163;206;"CAARAPO";"Velocidade Incompatível";"Tombamento";"Com Vítimas Feridas";"Pleno dia";"Crescente";"Céu Claro";"Simples";"Curva;Interseção de Vias;Rotatória";"Não";2;0;1;0;0;1;1;2;-22,64854165;-54,8105979;"SPRF-MS";"DEL04-MS";"UOP02-DEL04-MS"
664962;2025-03-03;"segunda-feira";"13:35:00";"SC";101;29,1;"JOINVILLE";"Condutor deixou de manter distância do veículo da frente";"Colisão traseira";"Com Vítimas Feridas";"Pleno dia";"Decrescente";"Céu Claro";"Dupla";"Reta;Declive";"Não";4;0;2;0;2;0;2;3;-26,22028382;-48,91612709;"SPRF-SC";"DEL03-SC";"UOP01-DEL03-SC"
664967;2025-03-03;"segunda-feira";"13:00:00";"RJ";116;169;"RIO DE JANEIRO";"Ausência de reação do condutor";"Tombamento";"Com Vítimas Feridas";"Pleno dia";"Decrescente";"Céu Claro";"Dupla";"Reta";"Sim";4;0;1;0;2;1;1;4;-22,8176299;-43,32263231;"SPRF-RJ";"DEL06-RJ";"UOP01-DEL06-RJ"
664977;2025-03-03;"segunda-feira";"15:00:00";"MG";40;822,9;"SIMAO PEREIRA";"Ausência de reação do condutor";"Saída de leito carroçável";"Com Vítimas Feridas";"Pleno dia";"Decrescente";"Céu Claro";"Dupla";"Reta";"Não";1;0;1;0;0;0;1;1;-21,97456869;-43,28498483;"SPRF-MG";"DEL05-MG";"UOP01-DEL05-MG"
664978;2025-03-03;"segunda-feira";"12:20:00";"GO";153;168;"CAMPINORTE";"Transitar na contramão";"Colisão frontal";"Com Vítimas Feridas";"Pleno dia";"Decrescente";"Céu Claro";"Simples";"Reta;Declive";"Não";2;0;2;0;0;0;2;2;-14,2422636;-49,13709641;"SPRF-GO";"DEL07-GO";"UOP02-DEL07-GO"
664981;2025-03-03;"segunda-feira";"15:30:00";"CE";222;309;"TIANGUA";"Acessar a via sem observar a presença dos outros veículos";"Colisão transversal";"Com Vítimas Feridas";"Pleno dia";"Crescente";"Céu Claro";"Dupla";"Reta";"Não";3;0;0;1;1;1;1;3;-3,703853;-40,976172;"SPRF-CE";"DEL04-CE";"UOP02-DEL04-CE"
664984;2025-03-03;"segunda-feira";"15:45:00";"PR";277;721,6;"FOZ DO IGUACU";"Desrespeitar a preferência no cruzamento";"Saída de leito carroçável";"Com Vítimas Feridas";"Pleno dia";"Crescente";"Sol";"Dupla";"Retorno Regulamentado;Reta";"Sim";3;0;1;0;1;1;1;3;-25,49306196;-54,5165205;"SPRF-PR";"DEL05-PR";"UOP03-DEL05-PR"
664989;2025-03-03;"segunda-feira";"14:25:00";"RS";158;15,7;"FREDERICO WESTPHALEN";"Demais falhas mecânicas ou elétricas";"Incêndio";"Sem Vítimas";"Pleno dia";"Crescente";"Céu Claro";"Simples";"Curva";"Não";2;0;0;0;1;1;0;2;-27,23948;-53,337136;"SPRF-RS";"DEL08-RS";"UOP02-DEL08-RS"
664990;2025-03-03;"segunda-feira";"07:00:00";"MG";116;37,2;"CACHOEIRA DE PAJEU";"Demais falhas mecânicas ou elétricas";"Incêndio";"Sem Vítimas";"Pleno dia";"Crescente";"Céu Claro";"Simples";"Curva;Aclive";"Não";2;0;0;0;1;1;0;2;-15,961956;-41,405267;"SPRF-MG";"DEL11-MG";"UOP02-DEL11-MG"
664992;2025-03-03;"segunda-feira";"15:10:00";"RO";364;602;"ITAPUA DO OESTE";"Ausência de reação do condutor";"Colisão lateral mesmo sentido";"Com Vítimas Feridas";"Pleno dia";"Crescente";"Chuva";"Simples";"Reta";"Sim";3;0;1;0;1;1;1;3;-9,19283115;-63,18810225;"SPRF-RO";"DEL01-RO";"UOP04-DEL01-RO"
664993;2025-03-03;"segunda-feira";"16:25:00";"MG";381;886,7;"ESTIVA";"Condutor Dormindo";"Saída de leito carroçável";"Sem Vítimas";"Pleno dia";"Decrescente";"Sol";"Dupla";"Reta";"Não";2;0;0;0;1;1;0;2;-22,515012;-46,021245;"SPRF-MG";"DEL16-MG";"UOP01-DEL16-MG"
664994;2025-03-03;"segunda-feira";"12:00:00";"MG";116;555,2;"SANTA BARBARA DO LESTE";"Velocidade Incompatível";"Tombamento";"Com Vítimas Feridas";"Pleno dia";"Crescente";"Nublado";"Simples";"Curva";"Não";2;0;0;1;0;1;1;2;-20,00141879;-42,14080811;"SPRF-MG";"DEL06-MG";"UOP02-DEL06-MG"
664995;2025-03-03;"segunda-feira";"15:00:00";"MT";364;291;"JACIARA";"Reação tardia ou ineficiente do condutor";"Saída de leito carroçável";"Com Vítimas Feridas";"Pleno dia";"Decrescente";"Chuva";"Dupla";"Reta";"Não";2;0;0;1;0;1;1;2;-15,89922799;-55,09840599;"SPRF-MT";"DEL05-MT";"UOP02-DEL05-MT"
664998;2025-03-03;"segunda-feira";"17:10:00";"SC";470;119;"IBIRAMA";"Reação tardia ou ineficiente do condutor";"Saída de leito carroçável";"Com Vítimas Feridas";"Pleno dia";"Crescente";"Céu Claro";"Simples";"Curva;Declive";"Não";2;0;0;1;0;1;1;2;-27,08073299;-49,51994598;"SPRF-SC";"DEL04-SC";"UOP02-DEL04-SC"
665009;2025-03-03;"segunda-feira";"17:50:00";"TO";10;483;"PALMAS";"Avarias e/ou desgaste excessivo no pneu";"Tombamento";"Com Vítimas Feridas";"Anoitecer";"Crescente";"Céu Claro";"Simples";"Curva;Declive";"Não";2;0;1;0;0;1;1;2;-10,218815;-48,16049;"SPRF-TO";"DEL01-TO";"UOP03-DEL01-TO"
665010;2025-03-03;"segunda-feira";"18:00:00";"PR";153;384,3;"MALLET";"Ultrapassagem Indevida";"Colisão frontal";"Com Vítimas Feridas";"Pleno dia";"Decrescente";"Nublado";"Simples";"Curva";"Não";3;0;0;1;1;1;1;3;-25,86684846;-50,83489627;"SPRF-PR";"DEL08-PR";"UOP02-DEL08-PR"
665017;2025-03-03;"segunda-feira";"17:05:00";"PR";277;125,5;"CAMPO LARGO";"Acessar a via sem observar a presença dos outros veículos";"Capotamento";"Com Vítimas Feridas";"Pleno dia";"Crescente";"Céu Claro";"Dupla";"Curva;Declive";"Sim";5;0;3;0;1;2;3;4;-25,4398431;-49,51142527;"SPRF-PR";"DEL03-PR";"UOP03-DEL03-PR"
665025;2025-03-03;"segunda-feira";"19:35:00";"SE";101;199;"CRISTINAPOLIS";"Ausência de reação do condutor";"Tombamento";"Com Vítimas Feridas";"Plena Noite";"Decrescente";"Céu Claro";"Simples";"Reta";"Sim";1;0;1;0;0;0;1;1;-11,48212719;-37,76604043;"SPRF-SE";"DEL02-SE";"UOP03-DEL02-SE"
665026;2025-03-03;"segunda-feira";"19:30:00";"GO";153;499;"GOIANIA";"Ingestão de álcool pelo condutor";"Colisão com objeto";"Com Vítimas Feridas";"Plena Noite";"Crescente";"Ignorado";"Dupla";"Reta;Viaduto";"Não";2;0;1;0;0;1;1;2;-16,6921146;-49,2320746;"SPRF-GO";"DEL01-GO";"UOP01-DEL01-GO"
665029;2025-03-03;"segunda-feira";"20:40:00";"SP";116;320,4;"JUQUITIBA";"Ingestão de álcool pelo condutor";"Colisão lateral mesmo sentido";"Com Vítimas Feridas";"Plena Noite";"Decrescente";"Céu Claro";"Dupla";"Reta";"Não";2;0;1;0;1;0;1;2;-23,953698;-47,105465;"SPRF-SP";"DEL04-SP";"UOP03-DEL04-SP"
665041;2025-03-03;"segunda-feira";"21:00:00";"MG";116;789,1;"ALEM PARAIBA";"Reação tardia ou ineficiente do condutor";"Saída de leito carroçável";"Com Vítimas Feridas";"Plena Noite";"Decrescente";"Nublado";"Simples";"Curva";"Não";2;0;1;0;0;1;1;2;-21,68923862;-42,72977829;"SPRF-MG";"DEL07-MG";"UOP01-DEL07-MG"