"id";"data_inversa";"dia_semana";"horario";"uf";"br";"km";"municipio";"causa_acidente";"tipo_acidente";"classificacao_acidente";"fase_dia";"sentido_via";"condicao_metereologica";"tipo_pista";"tracado_via";"uso_solo";"pessoas";"mortos";"feridos_leves";"feridos_graves";"ilesos";"ignorados";"feridos";"veiculos";"latitude";"longitude";"regional";"delegacia";"uop"
665047;2025-03-03;"segunda-feira";"22:30:00";"SP";153;211;"GUAIMBE";"Ausência de reação do condutor";"Saída de leito carroçável";"Sem Vítimas";"Plena Noite";"Crescente";"Céu Claro";"Simples";"Declive";"Não";2;0;0;0;1;2;0;3;-21,917223;-49,915903;"SPRF-SP";"DEL07-SP";"UOP02-DEL07-SP"
665051;2025-03-03;"segunda-feira";"23:30:00";"GO";153;279;"NOVA GLORIA";"Ausência de reação do condutor";"Colisão traseira";"Com Vítimas Feridas";"Plena Noite";"Crescente";"Ignorado";"Simples";"Reta";"Não";2;0;1;0;1;0;1;2;-15,14868906;-49,53443527;"SPRF-GO";"DEL07-GO";"UOP02-DEL07-GO"
665058;2025-03-04;"terça-feira";"00:01:00";"PI";343;310;"ALTOS";"Ingestão de álcool pelo condutor";"Colisão transversal";"Com Vítimas Feridas";"Plena Noite";"Crescente";"Céu Claro";"Simples";"Interseção de Vias";"Sim";4;0;0;2;1;1;2;3;-5,04002989;-42,48185749;"SPRF-PI";"DEL01-PI";"UOP01-DEL01-PI"
665061;2025-03-03;"segunda-feira";"21:30:00";"PA";230;434;"PACAJA";"Problema com o freio";"Colisão com objeto";"Sem Vítimas";"Anoitecer";"Crescente";"Chuva";"Simples";"Reta;Aclive";"Não";2;0;0;0;1;1;0;2;-3,7475;-50,83918;"SPRF-PA";"DEL04-PA";"UOP01-DEL04-PA"
665064;2025-03-04;"terça-feira";"03:30:00";"GO";153;512;"APARECIDA DE GOIANIA";"Ausência de reação do condutor";"Colisão traseira";"Sem Vítimas";"Plena Noite";"Crescente";"Céu Claro";"Dupla";"Reta";"Sim";3;0;0;0;1;2;0;3;-16,83401002;-49,24386805;"SPRF-GO";"DEL01-GO";"UOP03-DEL01-GO"
665074;2025-03-04;"terça-feira";"05:25:00";"SC";282;571;"NOVA ERECHIM";"Ultrapassagem Indevida";"Colisão frontal";"Com Vítimas Feridas";"Amanhecer";"Crescente";"Céu Claro";"Simples";"Curva";"Não";8;0;1;0;7;0;1;3;-26,89145431;-52,93139935;"SPRF-SC";"DEL07-SC";"UOP02-DEL07-SC"
665081;2025-03-04;"terça-feira";"06:00:00";"PE";101;48;"ABREU E LIMA";"Demais falhas mecânicas ou elétricas";"Derramamento de carga";"Sem Vítimas";"Pleno dia";"Decrescente";"Céu Claro";"Múltipla";"Reta";"Sim";1;0;0;0;1;0;0;1;-7,892062;-34,903328;"SPRF-PE";"DEL01-PE";"UOP02-DEL01-PE"
665086;2025-03-04;"terça-feira";"06:10:00";"MS";158;175,8;"APARECIDA DO TABOADO";"Reação tardia ou ineficiente do condutor";"Tombamento";"Com Vítimas Feridas";"Pleno dia";"Decrescente";"Céu Claro";"Simples";"Curva;Aclive";"Não";2;0;1;0;0;1;1;2;-20,23321754;-51,32697701;"SPRF-MS";"DEL08-MS";"UOP01-DEL08-MS"
665089;2025-03-04;"terça-feira";"08:25:00";"MG";381;496;"BETIM";"Ausência de reação do condutor";"Colisão traseira";"Sem Vítimas";"Pleno dia";"Decrescente";"Céu Claro";"Dupla";"Reta";"Sim";2;0;0;0;1;1;0;2;-19,97577039;-44,1963612;"SPRF-MG";"DEL01-MG";"UOP03-DEL01-MG"
665094;2025-03-04;"terça-feira";"09:25:00";"MG";381;501;"BETIM";"Ausência de reação do condutor";"Colisão com objeto";"Com Vítimas Feridas";"Pleno dia";"Decrescente";"Céu Claro";"Dupla";"Reta";"Sim";3;0;1;0;1;1;1;3;-20,01529062;-44,22065735;"SPRF-MG";"DEL01-MG";"UOP03-DEL01-MG"
665102;2025-03-04;"terça-feira";"11:10:00";"MG";381;500,5;"BETIM";"Ausência de reação do condutor";"Colisão traseira";"Com Vítimas Feridas";"Pleno dia";"Decrescente";"Céu Claro";"Dupla";"Reta";"Não";3;0;1;0;2;0;1;2;-20,00948396;-44,21756744;"SPRF-MG";"DEL01-MG";"UOP03-DEL01-MG"
665117;2025-03-04;"terça-feira";"11:30:00";"MA";135;236;"PERITORO";"Transitar na contramão";"Colisão transversal";"Com Vítimas Feridas";"Pleno dia";"Crescente";"Céu Claro";"Simples";"Curva";"Sim";2;0;1;0;0;1;1;2;-4,458098;-44,378275;"SPRF-MA";"DEL03-MA";"UOP01-DEL03-MA"
665120;2025-03-04;"terça-feira";"11:00:00";"RO";364;564;"ALTO PARAISO";"Desrespeitar a preferência no cruzamento";"Colisão transversal";"Com Vítimas Feridas";"Pleno dia";"Crescente";"Garoa/Chuvisco";"Simples";"Reta;Declive";"Não";7;0;2;2;2;3;4;5;-9,52643795;-63,07738066;"SPRF-RO";"DEL01-RO";"UOP04-DEL01-RO"
665128;2025-03-04;"terça-feira";"12:10:00";"MG";381;812;"CAREACU";"Demais falhas mecânicas ou elétricas";"Colisão com objeto";"Com Vítimas Feridas";"Pleno dia";"Crescente";"Sol";"Dupla";"Reta";"Não";4;0;1;0;3;0;1;3;-21,99092653;-45,66606331;"SPRF-MG";"DEL16-MG";"UOP02-DEL16-MG"
665130;2025-03-04;"terça-feira";"10:10:00";"MG";116;614;"SAO JOAO DO MANHUACU";"Condutor Dormindo";"Tombamento";"Com Vítimas Feridas";"Pleno dia";"Decrescente";"Nublado";"Simples";"Aclive";"Não";3;0;1;0;1;3;1;5;-20,41274527;-42,15185344;"SPRF-MG";"DEL07-MG";"UOP02-DEL07-MG"
665131;2025-03-04;"terça-feira";"14:00:00";"PR";376;155,5;"MANDAGUACU";"Problema com o freio";"Saída de leito carroçável";"Com Vítimas Feridas";"Pleno dia";"Crescente";"Sol";"Dupla";"Reta";"Sim";2;0;1;0;1;0;1;1;-23,338029;-52,101174;"SPRF-PR";"DEL09-PR";"UOP02-DEL09-PR"
665143;2025-03-04;"terça-feira";"15:35:00";"PR";277;299,4;"PRUDENTOPOLIS";"Transitar na contramão";"Colisão frontal";"Com Vítimas Fatais";"Pleno dia";"Decrescente";"Céu Claro";"Simples";"Reta";"Não";3;1;0;0;1;1;0;3;-25,297875;-51,140914;"SPRF-PR";"DEL08-PR";"UOP01-DEL08-PR"
665147;2025-03-04;"terça-feira";"14:57:00";"MG";381;700,5;"LAVRAS";"Velocidade Incompatível";"Colisão com objeto";"Com Vítimas Feridas";"Pleno dia";"Crescente";"Céu Claro";"Dupla";"Curva;Declive";"Não";8;0;1;2;4;2;3;5;-21,28741944;-45,14210105;"SPRF-MG";"DEL04-MG";"UOP02-DEL04-MG"
665153;2025-03-04;"terça-feira";"16:30:00";"MG";365;683;"MONTE ALEGRE DE MINAS";"Reação tardia ou ineficiente do condutor";"Colisão traseira";"Com Vítimas Feridas";"Pleno dia";"Crescente";"Sol";"Dupla";"Reta";"Não";5;0;1;1;2;3;2;5;-18,85088681;-48,84167433;"SPRF-MG";"DEL15-MG";"UOP01-DEL15-MG"
665157;2025-02-08;"sábado";"16:00:00";"MT";163;669;"LUCAS DO RIO VERDE";"Demais falhas mecânicas ou elétricas";"Colisão lateral sentido oposto";"Com Vítimas Feridas";"Pleno dia";"Decrescente";"Chuva";"Simples";"Reta";"Não";2;0;1;0;1;0;1;2;-13,2238;-56,0042;"SPRF-MT";"DEL06-MT";"UOP01-DEL06-MT"
665171;2025-03-04;"terça-feira";"16:50:00";"MG";262;55,4;"MANHUACU";"Ultrapassagem Indevida";"Colisão lateral sentido oposto";"Com Vítimas Fatais";"Pleno dia";"Crescente";"Nublado";"Simples";"Aclive;Curva";"Não";4;1;0;1;1;1;1;3;-20,263075;-42,177725;"SPRF-MG";"DEL06-MG";"UOP03-DEL06-MG"
665185;2025-03-04;"terça-feira";"17:20:00";"MT";163;521,5;"VARZEA GRANDE";"Reação tardia ou ineficiente do condutor";"Colisão traseira";"Sem Vítimas";"Anoitecer";"Decrescente";"Céu Claro";"Simples";"Interseção de Vias;Rotatória;Reta";"Sim";3;0;0;0;2;2;0;4;-15,667633;-56,182062;"SPRF-MT";"DEL01-MT";"UOP01-DEL01-MT"
665188;2025-03-04;"terça-feira";"14:35:00";"SP";116;544;"BARRA DO TURVO";"Velocidade Incompatível";"Tombamento";"Com Vítimas Feridas";"Pleno dia";"Decrescente";"Sol";"Simples";"Declive;Curva";"Não";1;0;1;0;0;0;1;1;-24,964432;-48,425576;"SPRF-SP";"DEL05-SP";"UOP02-DEL05-SP"
665202;2025-03-04;"terça-feira";"19:50:00";"PR";116;27;"CAMPINA GRANDE DO SUL";"Acessar a via sem observar a presença dos outros veículos";"Colisão lateral mesmo sentido";"Com Vítimas Feridas";"Plena Noite";"Crescente";"Céu Claro";"Dupla";"Declive;Curva";"Não";2;0;0;1;1;0;1;2;-25,10840189;-48,79505902;"SPRF-PR";"DEL01-PR";"UOP02-DEL01-PR"
665210;2025-03-04;"terça-feira";"20:30:00";"BA";20;202;"LUIS EDUARDO MAGALHAES";"Velocidade Incompatível";"Colisão lateral sentido oposto";"Com Vítimas Feridas";"Plena Noite";"Decrescente";"Céu Claro";"Simples";"Reta";"Não";3;0;1;1;0;1;2;3;-12,179602;-45,824133;"SPRF-BA";"DEL10-BA";"UOP01-DEL10-BA"
665215;2025-03-04;"terça-feira";"18:50:00";"AM";174;993;"PRESIDENTE FIGUEIREDO";"Condutor deixou de manter distância do veículo da frente";"Colisão traseira";"Com Vítimas Feridas";"Plena Noite";"Decrescente";"Garoa/Chuvisco";"Simples";"Declive;Reta";"Não";4;0;2;0;1;1;2;3;-2,03315967;-60,02601385;"SPRF-AM";"DEL01-AM";"UOP02-DEL01-AM"
665216;2025-03-04;"terça-feira";"19:00:00";"MG";50;92,8;"UBERLANDIA";"Demais falhas mecânicas ou elétricas";"Incêndio";"Sem Vítimas";"Plena Noite";"Crescente";"Céu Claro";"Dupla";"Reta";"Não";2;0;0;0;1;1;0;2;-19,05349532;-48,19548036;"SPRF-MG";"DEL15-MG";"UOP01-DEL15-MG"
665218;2025-03-04;"terça-feira";"20:54:00";"ES";101;384;"RIO NOVO DO SUL";"Reação tardia ou ineficiente do condutor";"Saída de leito carroçável";"Com Vítimas Feridas";"Plena Noite";"Crescente";"Nublado";"Simples";"Reta";"Não";3;0;1;0;2;0;1;2;-20,82882201;-40,85716724;"SPRF-ES";"DEL03-ES";"UOP01-DEL03-ES"
665220;2025-03-04;"terça-feira";"17:00:00";"SC";282;378,1;"HERVAL DOESTE";"Transitar na contramão";"Colisão frontal";"Com Vítimas Feridas";"Pleno dia";"Crescente";"Céu Claro";"Simples";"Curva;Declive";"Não";4;0;2;1;0;1;3;3;-27,215657;-51,472575;"SPRF-SC";"DEL07-SC";"UOP05-DEL07-SC"
665222;2025-02-10;"segunda-feira";"03:00:00";"SE";101;193;"CRISTINAPOLIS";"Velocidade Incompatível";"Colisão com objeto";"Com Vítimas Feridas";"Plena Noite";"Crescente";"Chuva";"Simples";"Reta";"Não";2;0;1;0;0;1;1;2;-11,44262788;-37,73258333;"SPRF-SE";"DEL02-SE";"UOP03-DEL02-SE"
665223;2025-03-04;"terça-feira";"20:30:00";"PR";277;525,5;"CANTAGALO";"Condutor deixou de manter distância do veículo da frente";"Colisão traseira";"Com Vítimas Feridas";"Plena Noite";"Decrescente";"Céu Claro";"Dupla";"Aclive;Reta";"Não";2;0;1;0;0;1;1;2;-25,3850703;-52,16173053;"SPRF-PR";"DEL04-PR";"UOP04-DEL04-PR"
665241;2025-03-05;"quarta-feira";"01:30:00";"MT";163;614;"NOVA MUTUM";"Reação tardia ou ineficiente do condutor";"Tombamento";"Com Vítimas Feridas";"Plena Noite";"Decrescente";"Chuva";"Simples";"Em Obras;Curva";"Não";2;0;1;0;0;1;1;2;-13,62730272;-56,03439331;"SPRF-MT";"DEL01-MT";"UOP01-DEL01-MT"
665244;2025-03-05;"quarta-feira";"00:10:00";"PR";116;33;"CAMPINA GRANDE DO SUL";"Reação tardia ou ineficiente do condutor";"Colisão com objeto";"Com Vítimas Feridas";"Plena Noite";"Decrescente";"Céu Claro";"Dupla";"Curva;Declive";"Não";2;0;1;0;0;1;1;2;-25,1068163;-48,8493208;"SPRF-PR";"DEL01-PR";"UOP02-DEL01-PR"
665248;2025-03-05;"quarta-feira";"04:45:00";"PR";277;117,8;"CAMPO LARGO";"Manobra de mudança de faixa";"Colisão lateral mesmo sentido";"Com Vítimas Feridas";"Plena Noite";"Crescente";"Céu Claro";"Dupla";"Reta";"Não";4;0;2;0;1;1;2;2;-25,4433;-49,4623;"SPRF-PR";"DEL03-PR";"UOP03-DEL03-PR"
665254;2025-03-05;"quarta-feira";"05:30:00";"SC";280;95,4;"CORUPA";"Transitar na contramão";"Colisão lateral sentido oposto";"Com Vítimas Feridas";"Amanhecer";"Crescente";"Céu Claro";"Simples";"Declive";"Não";4;0;2;0;2;0;2;2;-26,38227787;-49,3149662;"SPRF-SC";"DEL06-SC";"UOP03-DEL06-SC"
665257;2025-03-05;"quarta-feira";"05:25:00";"PE";101;83;"JABOATAO DOS GUARARAPES";"Manobra de mudança de faixa";"Colisão lateral mesmo sentido";"Sem Vítimas";"Pleno dia";"Decrescente";"Sol";"Dupla";"Reta";"Não";2;0;0;0;1;1;0;2;-8,17786;-34,95598;"SPRF-PE";"DEL01-PE";"UOP01-DEL01-PE"
665260;2025-03-05;"quarta-feira";"06:45:00";"RJ";356;41;"ITAPERUNA";"Estacionar ou parar em local proibido";"Colisão traseira";"Com Vítimas Feridas";"Pleno dia";"Crescente";"Céu Claro";"Simples";"Aclive;Curva";"Não";2;0;0;1;1;0;1;2;-21,21804;-41,82793;"SPRF-RJ";"DEL08-RJ";"UOP03-DEL08-RJ"
665262;2025-03-05;"quarta-feira";"03:00:00";"MT";70;170;"GENERAL CARNEIRO";"Condutor Dormindo";"Tombamento";"Com Vítimas Feridas";"Plena Noite";"Crescente";"Garoa/Chuvisco";"Simples";"Reta";"Não";2;0;1;0;1;0;1;1;-15,606127;-53,51264;"SPRF-MT";"DEL05-MT";"UOP01-DEL05-MT"
665269;2025-03-05;"quarta-feira";"07:30:00";"MG";40;588;"ITABIRITO";"Velocidade Incompatível";"Tombamento";"Com Vítimas Feridas";"Pleno dia";"Decrescente";"Céu Claro";"Dupla";"Declive;Curva";"Não";3;0;0;1;2;0;1;2;-20,351913;-43,912854;"SPRF-MG";"DEL01-MG";"UOP02-DEL01-MG"
665279;2025-03-05;"quarta-feira";"09:00:00";"AL";101;208,2;"SAO SEBASTIAO";"Ultrapassagem Indevida";"Colisão frontal";"Com Vítimas Feridas";"Pleno dia";"Crescente";"Céu Claro";"Simples";"Reta";"Não";3;0;0;1;1;1;1;3;-9,992325;-36,590678;"SPRF-AL";"DEL02-AL";"UOP02-DEL02-AL"
665280;2025-03-05;"quarta-feira";"07:45:00";"SC";101;43;"JOINVILLE";"Reação tardia ou ineficiente do condutor";"Colisão traseira";"Sem Vítimas";"Pleno dia";"Crescente";"Céu Claro";"Simples";"Reta;Aclive";"Sim";2;0;0;0;2;0;0;2;-26,34026834;-48,85937691;"SPRF-SC";"DEL03-SC";"UOP01-DEL03-SC"
665283;2025-03-05;"quarta-feira";"04:23:00";"MG";381;668,3;"PERDOES";"Velocidade Incompatível";"Saída de leito carroçável";"Com Vítimas Feridas";"Plena Noite";"Decrescente";"Céu Claro";"Dupla";"Reta";"Não";3;0;2;0;0;2;2;4;-21,05506615;-45,02928972;"SPRF-MG";"DEL04-MG";"UOP02-DEL04-MG"
665286;2025-03-05;"quarta-feira";"05:15:00";"BA";349;920;"CORRENTINA";"Transitar na contramão";"Colisão lateral sentido oposto";"Com Vítimas Fatais";"Pleno dia";"Crescente";"Céu Claro";"Simples";"Reta";"Não";5;1;1;0;2;2;1;5;-13,394867;-44,553196;"SPRF-BA";"DEL10-BA";"UOP02-DEL10-BA"
665288;2025-03-05;"quarta-feira";"09:47:00";"GO";60;116;"TEREZOPOLIS DE GOIAS";"Ausência de reação do condutor";"Colisão traseira";"Com Vítimas Feridas";"Pleno dia";"Decrescente";"Céu Claro";"Dupla";"Declive";"Não";3;0;2;0;1;0;2;2;-16,47658401;-49,08382416;"SPRF-GO";"DEL01-GO";"UOP01-DEL01-GO"
665296;2025-03-05;"quarta-feira";"08:50:00";"PR";277;347;"GUARAPUAVA";"Demais falhas mecânicas ou elétricas";"Eventos atípicos";"Com Vítimas Feridas";"Pleno dia";"Decrescente";"Céu Claro";"Simples";"Reta";"Não";1;0;1;0;0;0;1;1;-25,3772649;-51,5050048;"SPRF-PR";"DEL08-PR";"UOP01-DEL08-PR"
665298;2025-03-05;"quarta-feira";"10:00:00";"RS";392;71,3;"PELOTAS";"Carga excessiva e/ou mal acondicionada";"Derramamento de carga";"Sem Vítimas";"Pleno dia";"Decrescente";"Céu Claro";"Dupla";"Viaduto";"Não";1;0;0;0;1;0;0;1;-31,72545186;-52,38499582;"SPRF-RS";"DEL07-RS";"UOP01-DEL07-RS"
665302;2025-03-05;"quarta-feira";"10:30:00";"MS";163;590;"BANDEIRANTES";"Reação tardia ou ineficiente do condutor";"Saída de leito carroçável";"Com Vítimas Feridas";"Pleno dia";"Crescente";"Chuva";"Dupla";"Reta";"Não";7;0;2;3;1;3;5;6;-19,568351;-54,420365;"SPRF-MS";"DEL06-MS";"UOP02-DEL06-MS"
665308;2025-03-05;"quarta-feira";"12:00:00";"SP";116;155;"SAO JOSE DOS CAMPOS";"Reação tardia ou ineficiente do condutor";"Colisão traseira";"Com Vítimas Feridas";"Pleno dia";"Decrescente";"Sol";"Múltipla";"Aclive;Reta";"Não";4;0;1;0;1;2;1;4;-23,231254;-45,9122974;"SPRF-SP";"DEL02-SP";"UOP01-DEL02-SP"
665320;2025-03-05;"quarta-feira";"13:40:00";"RS";386;264;"CANOAS";"Reação tardia ou ineficiente do condutor";"Colisão traseira";"Com Vítimas Feridas";"Pleno dia";"Crescente";"Sol";"Dupla";"Reta";"Não";3;0;1;0;2;0;1;3;-29,91468273;-51,17765123;"SPRF-RS";"DEL04-RS";"UOP03-DEL04-RS"
665321;2025-03-05;"quarta-feira";"13:10:00";"PB";101;86,3;"JOAO PESSOA";"Ausência de reação do condutor";"Colisão traseira";"Com Vítimas Feridas";"Pleno dia";"Decrescente";"Céu Claro";"Dupla";"Reta;Declive";"Sim";3;0;1;0;0;2;1;2;-7,1537309;-34,9080506;"SPRF-PB";"DEL01-PB";"UOP01-DEL01-PB"
665322;2025-03-05;"quarta-feira";"12:55:00";"MG";40;699,5;"BARBACENA";"Velocidade Incompatível";"Tombamento";"Com Vítimas Feridas";"Pleno dia";"Crescente";"Céu Claro";"Dupla";"Interseção de Vias";"Sim";2;0;1;0;0;1;1;2;-21,19995894;-43,74913931;"SPRF-MG";"DEL05-MG";"UOP02-DEL05-MG"
665323;2025-03-05;"quarta-feira";"13:30:00";"MG";381;437;"SABARA";"Reação tardia ou ineficiente do condutor";"Colisão traseira";"Com Vítimas Feridas";"Pleno dia";"Crescente";"Céu Claro";"Simples";"Reta;Aclive";"Não";4;0;1;0;3;0;1;2;-19,7989235;-43,7566717;"SPRF-MG";"DEL01-MG";"UOP01-DEL01-MG"
665326;2025-03-04;"terça-feira";"21:25:00";"MS";163;130,2;"NAVIRAI";"Ausência de reação do condutor";"Colisão com objeto";"Sem Vítimas";"Pleno dia";"Decrescente";"Céu Claro";"Dupla";"Reta";"Não";2;0;0;0;1;1;0;2;-23,038001;-54,264416;"SPRF-MS";"DEL09-MS";"UOP01-DEL09-MS"
665332;2025-03-05;"quarta-feira";"12:50:00";"MG";381;580;"CARMOPOLIS DE MINAS";"Ausência de reação do condutor";"Colisão traseira";"Com Vítimas Fatais";"Pleno dia";"Crescente";"Sol";"Dupla";"Reta;Aclive";"Não";2;1;0;0;1;0;0;2;-20,50796117;-44,61144676;"SPRF-MG";"DEL04-MG";"UOP01-DEL04-MG"
665335;2025-02-10;"segunda-feira";"01:05:00";"RO";364;381;"OURO PRETO DO OESTE";"Transitar na contramão";"Colisão frontal";"Com Vítimas Fatais";"Plena Noite";"Crescente";"Céu Claro";"Simples";"Curva";"Não";2;1;0;0;1;0;0;2;-10,7277;-62,230684;"SPRF-RO";"DEL02-RO";"UOP01-DEL02-RO"
665338;2025-03-05;"quarta-feira";"15:45:00";"PR";163;334;"GUAIRA";"Chuva";"Saída de leito carroçável";"Com Vítimas Feridas";"Pleno dia";"Decrescente";"Chuva";"Simples";"Reta";"Não";2;0;1;0;0;1;1;2;-24,16901036;-54,22197104;"SPRF-PR";"DEL06-PR";"UOP01-DEL06-PR"
665347;2025-03-05;"quarta-feira";"15:30:00";"SC";101;48,3;"JOINVILLE";"Condutor deixou de manter distância do veículo da frente";"Engavetamento";"Com Vítimas Feridas";"Pleno dia";"Decrescente";"Céu Claro";"Dupla";"Declive;Reta";"Não";6;0;3;0;3;0;3;3;-26,376825;-48,853286;"SPRF-SC";"DEL03-SC";"UOP01-DEL03-SC"
665350;2025-03-05;"quarta-feira";"12:00:00";"MA";226;273;"BARRA DO CORDA";"Demais falhas mecânicas ou elétricas";"Colisão frontal";"Com Vítimas Fatais";"Pleno dia";"Decrescente";"Céu Claro";"Simples";"Reta";"Não";3;1;0;0;1;5;0;7;-5,44170586;-45,03879547;"SPRF-MA";"DEL06-MA";"UOP01-DEL06-MA"
665351;2025-03-05;"quarta-feira";"14:00:00";"PE";101;129;"ESCADA";"Condutor deixou de manter distância do veículo da frente";"Colisão traseira";"Com Vítimas Feridas";"Pleno dia";"Crescente";"Garoa/Chuvisco";"Dupla";"Reta";"Sim";3;0;1;0;2;0;1;2;-8,385798;-35,251018;"SPRF-PE";"DEL01-PE";"UOP03-DEL01-PE"
665356;2025-03-05;"quarta-feira";"14:40:00";"AL";101;37,4;"JOAQUIM GOMES";"Velocidade Incompatível";"Tombamento";"Com Vítimas Feridas";"Pleno dia";"Decrescente";"Céu Claro";"Dupla";"Reta";"Sim";1;0;0;1;0;0;1;1;-9,14423614;-35,76893091;"SPRF-AL";"DEL01-AL";"UOP02-DEL01-AL"
665358;2025-03-05;"quarta-feira";"16:15:00";"MG";116;701,9;"MURIAE";"Acessar a via sem observar a presença dos outros veículos";"Colisão transversal";"Com Vítimas Feridas";"Pleno dia";"Decrescente";"Sol";"Simples";"Retorno Regulamentado;Curva";"Sim";4;0;2;0;1;1;2;3;-21,1213455;-42,3798826;"SPRF-MG";"DEL07-MG";"UOP02-DEL07-MG"
665366;2025-03-05;"quarta-feira";"18:00:00";"ES";101;391;"RIO NOVO DO SUL";"Condutor Dormindo";"Tombamento";"Com Vítimas Feridas";"Anoitecer";"Crescente";"Céu Claro";"Simples";"Curva";"Não";2;0;1;0;0;1;1;2;-20,86843613;-40,92750549;"SPRF-ES";"DEL03-ES";"UOP02-DEL03-ES"
665370;2025-03-05;"quarta-feira";"18:30:00";"RS";116;257;"ESTEIO";"Manobra de mudança de faixa";"Colisão lateral mesmo sentido";"Com Vítimas Feridas";"Anoitecer";"Crescente";"Céu Claro";"Dupla";"Reta";"Não";3;0;1;0;1;1;1;3;-29,8526331;-51,1793984;"SPRF-RS";"DEL01-RS";"UOP02-DEL01-RS"
665371;2025-03-05;"quarta-feira";"14:45:00";"GO";364;265;"MINEIROS";"Demais falhas mecânicas ou elétricas";"Incêndio";"Sem Vítimas";"Pleno dia";"Decrescente";"Céu Claro";"Simples";"Reta";"Não";2;0;0;0;1;1;0;2;-17,666057;-52,267623;"SPRF-GO";"DEL05-GO";"UOP01-DEL05-GO"
665372;2025-03-05;"quarta-feira";"14:22:00";"PR";153;146,3;"VENTANIA";"Velocidade Incompatível";"Colisão traseira";"Com Vítimas Fatais";"Pleno dia";"Decrescente";"Céu Claro";"Simples";"Curva";"Não";3;1;0;0;1;2;0;4;-24,12783243;-50,23639619;"SPRF-PR";"DEL07-PR";"UOP04-DEL07-PR"
665385;2025-03-05;"quarta-feira";"16:50:00";"BA";101;425;"MARAU";"Ultrapassagem Indevida";"Colisão lateral mesmo sentido";"Com Vítimas Feridas";"Pleno dia";"Crescente";"Céu Claro";"Simples";"Curva";"Não";3;0;0;1;2;0;1;3;-14,151617;-39,344016;"SPRF-BA";"DEL05-BA";"UOP03-DEL05-BA"
665390;2025-03-05;"quarta-feira";"16:50:00";"RS";287;354,4;"JAGUARI";"Velocidade Incompatível";"Tombamento";"Com Vítimas Feridas";"Pleno dia";"Decrescente";"Sol";"Simples";"Declive;Curva";"Não";2;0;0;1;0;2;1;3;-29,482498;-54,689705;"SPRF-RS";"DEL12-RS";"UOP02-DEL12-RS"
665394;2025-03-05;"quarta-feira";"20:30:00";"MG";381;451;"SABARA";"Conversão proibida";"Colisão transversal";"Com Vítimas Feridas";"Plena Noite";"Decrescente";"Nublado";"Simples";"Reta;Declive";"Sim";3;0;0;1;1;1;1;3;-19,834401;-43,850882;"SPRF-MG";"DEL01-MG";"UOP01-DEL01-MG"
665395;2025-03-05;"quarta-feira";"19:00:00";"MT";364;583;"NOBRES";"Chuva";"Saída de leito carroçável";"Com Vítimas Feridas";"Plena Noite";"Crescente";"Chuva";"Dupla";"Declive;Reta";"Não";2;0;1;0;0;3;1;4;-14,5600621;-56,2208306;"SPRF-MT";"DEL01-MT";"UOP01-DEL01-MT"
665396;2025-03-05;"quarta-feira";"19:40:00";"ES";101;14;"SERRA";"Iluminação deficiente";"Tombamento";"Com Vítimas Feridas";"Plena Noite";"Crescente";"Nublado";"Dupla";"Reta";"Não";2;0;1;0;0;1;1;2;-20,19630937;-40,33422947;"SPRF-ES";"DEL02-ES";"UOP01-DEL02-ES"
665398;2025-03-05;"quarta-feira";"20:40:00";"RS";287;254;"SANTA MARIA";"Reação tardia ou ineficiente do condutor";"Colisão com objeto";"Sem Vítimas";"Plena Noite";"Decrescente";"Céu Claro";"Dupla";"Reta;Ponte";"Sim";2;0;0;0;1;2;0;3;-29,68758;-53,90519;"SPRF-RS";"DEL09-RS";"UOP01-DEL09-RS"
665413;2025-03-05;"quarta-feira";"20:10:00";"MA";316;401,2;"ALTO ALEGRE DO MARANHAO";"Acessar a via sem observar a presença dos outros veículos";"Colisão transversal";"Com Vítimas Feridas";"Plena Noite";"Decrescente";"Céu Claro";"Simples";"Reta";"Sim";3;0;1;0;1;2;1;4;-4,206265;-44,453103;"SPRF-MA";"DEL03-MA";"UOP01-DEL03-MA"
665417;2025-03-05;"quarta-feira";"22:30:00";"PR";277;191;"PALMEIRA";"Ultrapassagem Indevida";"Colisão frontal";"Com Vítimas Feridas";"Plena Noite";"Decrescente";"Céu Claro";"Simples";"Curva";"Não";5;0;1;0;3;1;1;3;-25,43211322;-50,15155792;"SPRF-PR";"DEL08-PR";"UOP02-DEL08-PR"
665423;2025-03-06;"quinta-feira";"00:40:00";"PE";101;116,9;"IPOJUCA";"Afundamento ou ondulação no pavimento";"Saída de leito carroçável";"Com Vítimas Fatais";"Plena Noite";"Crescente";"Céu Claro";"Dupla";"Reta";"Não";2;1;0;0;0;1;0;2;-8,34366;-35,14562;"SPRF-PE";"DEL01-PE";"UOP03-DEL01-PE"
665425;2025-03-06;"quinta-feira";"01:50:00";"SP";116;78;"ROSEIRA";"Demais falhas mecânicas ou elétricas";"Colisão com objeto";"Com Vítimas Feridas";"Plena Noite";"Decrescente";"Céu Claro";"Dupla";"Reta";"Sim";7;0;2;0;4;2;2;6;-22,89123899;-45,29036468;"SPRF-SP";"DEL08-SP";"UOP01-DEL08-SP"