"id";"data_inversa";"dia_semana";"horario";"uf";"br";"km";"municipio";"causa_acidente";"tipo_acidente";"classificacao_acidente";"fase_dia";"sentido_via";"condicao_metereologica";"tipo_pista";"tracado_via";"uso_solo";"pessoas";"mortos";"feridos_leves";"feridos_graves";"ilesos";"ignorados";"feridos";"veiculos";"latitude";"longitude";"regional";"delegacia";"uop"
666060;2025-03-08;"sábado";"21:42:00";"RS";101;53,4;"TERRA DE AREIA";"Pedestre andava na pista";"Atropelamento de Pedestre";"Com Vítimas Fatais";"Plena Noite";"Decrescente";"Céu Claro";"Dupla";"Reta";"Não";3;1;0;0;0;2;0;2;-29,637471;-50,103308;"SPRF-RS";"DEL03-RS";"UOP02-DEL03-RS"
666061;2025-03-08;"sábado";"23:00:00";"BA";116;443;"FEIRA DE SANTANA";"Ingestão de álcool pelo condutor";"Colisão com objeto";"Sem Vítimas";"Plena Noite";"Crescente";"Céu Claro";"Dupla";"Reta";"Não";1;0;0;0;1;0;0;1;-12,30538791;-39,04258688;"SPRF-BA";"DEL02-BA";"UOP01-DEL02-BA"
666065;2025-03-09;"domingo";"03:13:00";"MG";381;578,9;"CARMOPOLIS DE MINAS";"Condutor Dormindo";"Saída de leito carroçável";"Sem Vítimas";"Plena Noite";"Decrescente";"Céu Claro";"Dupla";"Curva";"Não";6;0;0;0;5;1;0;3;-20,4773559;-44,58479404;"SPRF-MG";"DEL04-MG";"UOP01-DEL04-MG"
666069;2025-03-09;"domingo";"03:40:00";"AP";210;9;"MACAPA";"Transitar na contramão";"Colisão frontal";"Com Vítimas Feridas";"Plena Noite";"Crescente";"Chuva";"Simples";"Curva";"Sim";2;0;0;1;1;0;1;2;0,11427;-51,127996;"SPRF-AP";"DEL01-AP";"UOP01-DEL01-AP"
666074;2025-03-09;"domingo";"04:30:00";"BA";116;835;"VITORIA DA CONQUISTA";"Reação tardia ou ineficiente do condutor";"Colisão traseira";"Com Vítimas Feridas";"Plena Noite";"Decrescente";"Céu Claro";"Simples";"Reta";"Não";2;0;1;0;1;0;1;2;-14,94511658;-40,89609146;"SPRF-BA";"DEL08-BA";"UOP01-DEL08-BA"
666075;2025-03-09;"domingo";"05:00:00";"PR";158;516,5;"PATO BRANCO";"Ultrapassagem Indevida";"Colisão frontal";"Com Vítimas Fatais";"Plena Noite";"Crescente";"Céu Claro";"Simples";"Curva";"Não";3;1;0;0;0;2;0;3;-26,09008828;-52,64373779;"SPRF-PR";"DEL02-PR";"UOP01-DEL02-PR"
666083;2025-03-09;"domingo";"00:05:00";"SC";153;0,8;"AGUA DOCE";"Velocidade Incompatível";"Tombamento";"Com Vítimas Feridas";"Plena Noite";"Decrescente";"Nublado";"Simples";"Curva";"Não";1;0;0;1;0;0;1;1;-26,613063;-51,496348;"SPRF-SC";"DEL07-SC";"UOP07-DEL07-SC"
666086;2025-03-09;"domingo";"07:20:00";"PE";101;78;"JABOATAO DOS GUARARAPES";"Condutor deixou de manter distância do veículo da frente";"Colisão traseira";"Com Vítimas Feridas";"Pleno dia";"Decrescente";"Chuva";"Dupla";"Reta";"Sim";2;0;1;0;0;1;1;2;-8,14212;-34,94653;"SPRF-PE";"DEL01-PE";"UOP01-DEL01-PE"
666088;2025-03-09;"domingo";"07:15:00";"SC";280;8;"SAO FRANCISCO DO SUL";"Manobra de mudança de faixa";"Colisão frontal";"Com Vítimas Feridas";"Pleno dia";"Decrescente";"Céu Claro";"Simples";"Curva";"Sim";2;0;0;1;1;0;1;2;-26,27887;-48,64732;"SPRF-SC";"DEL03-SC";"UOP03-DEL03-SC"
666102;2025-03-09;"domingo";"05:25:00";"PA";163;83;"ALTAMIRA";"Pista esburacada";"Colisão lateral sentido oposto";"Com Vítimas Feridas";"Amanhecer";"Crescente";"Céu Claro";"Simples";"Curva";"Não";3;0;0;1;1;5;1;7;-8,81936443;-54,97001432;"SPRF-MT";"DEL06-MT";"UOP03-DEL06-MT"
666109;2025-03-09;"domingo";"08:30:00";"RS";101;45,6;"TERRA DE AREIA";"Reação tardia ou ineficiente do condutor";"Colisão transversal";"Com Vítimas Feridas";"Pleno dia";"Decrescente";"Céu Claro";"Dupla";"Reta";"Sim";4;0;0;1;1;2;1;4;-29,57481941;-50,0615108;"SPRF-RS";"DEL03-RS";"UOP02-DEL03-RS"
666110;2025-03-07;"sexta-feira";"16:30:00";"MG";381;285;"JAGUARACU";"Ausência de reação do condutor";"Colisão traseira";"Com Vítimas Feridas";"Pleno dia";"Decrescente";"Céu Claro";"Simples";"Reta";"Não";3;0;0;1;0;2;1;3;-19,59796996;-42,74740577;"SPRF-MG";"DEL03-MG";"UOP02-DEL03-MG"
666111;2025-03-09;"domingo";"09:35:00";"PE";407;129,4;"PETROLINA";"Manobra de mudança de faixa";"Colisão lateral mesmo sentido";"Sem Vítimas";"Pleno dia";"Crescente";"Céu Claro";"Dupla";"Curva";"Sim";2;0;0;0;2;0;0;2;-9,4012123;-40,5037535;"SPRF-PE";"DEL06-PE";"UOP01-DEL06-PE"
666122;2025-03-09;"domingo";"09:15:00";"MG";116;363,7;"FREI INOCENCIO";"Ausência de sinalização";"Colisão lateral sentido oposto";"Com Vítimas Feridas";"Pleno dia";"Decrescente";"Céu Claro";"Simples";"Reta";"Não";7;0;1;0;6;0;1;2;-18,488895;-41,87132;"SPRF-MG";"DEL11-MG";"UOP01-DEL11-MG"
666124;2025-03-09;"domingo";"09:45:00";"AL";101;16,6;"NOVO LINO";"Demais falhas mecânicas ou elétricas";"Colisão lateral mesmo sentido";"Sem Vítimas";"Pleno dia";"Crescente";"Chuva";"Dupla";"Curva";"Não";1;0;0;0;1;0;0;1;-9,00536287;-35,6761694;"SPRF-AL";"DEL01-AL";"UOP02-DEL01-AL"
666126;2025-03-05;"quarta-feira";"23:00:00";"RJ";116;134,9;"MAGE";"Condutor deixou de manter distância do veículo da frente";"Colisão traseira";"Com Vítimas Feridas";"Plena Noite";"Crescente";"Céu Claro";"Dupla";"Reta";"Não";2;0;1;0;1;0;1;2;-22,652759;-43,16023;"SPRF-RJ";"DEL04-RJ";"UOP02-DEL04-RJ"
666127;2025-03-09;"domingo";"05:40:00";"ES";262;170,8;"IBATIBA";"Velocidade Incompatível";"Tombamento";"Com Vítimas Feridas";"Amanhecer";"Decrescente";"Céu Claro";"Simples";"Aclive;Curva";"Não";2;0;1;0;0;1;1;2;-20,2647513;-41,58453796;"SPRF-ES";"DEL01-ES";"UOP02-DEL01-ES"
666136;2025-03-09;"domingo";"11:50:00";"MG";251;443,5;"GRAO MOGOL";"Transitar no Acostamento";"Colisão traseira";"Com Vítimas Feridas";"Pleno dia";"Crescente";"Sol";"Simples";"Reta";"Sim";2;0;0;1;1;0;1;2;-16,405476;-43,232536;"SPRF-MG";"DEL12-MG";"UOP01-DEL12-MG"
666143;2025-03-09;"domingo";"13:05:00";"PR";376;625;"SAO JOSE DOS PINHAIS";"Acessar a via sem observar a presença dos outros veículos";"Colisão traseira";"Com Vítimas Feridas";"Pleno dia";"Crescente";"Céu Claro";"Dupla";"Reta;Aclive";"Não";4;0;2;0;1;1;2;3;-25,65611562;-49,15638143;"SPRF-PR";"DEL01-PR";"UOP04-DEL01-PR"
666144;2025-03-09;"domingo";"13:00:00";"MG";365;249;"BURITIZEIRO";"Demais falhas mecânicas ou elétricas";"Incêndio";"Sem Vítimas";"Pleno dia";"Crescente";"Sol";"Simples";"Aclive";"Não";4;0;0;0;3;1;0;2;-17,820958;-45,448696;"SPRF-MG";"DEL10-MG";"UOP02-DEL010-MG"
666150;2025-03-09;"domingo";"12:30:00";"PR";369;0,6;"JACAREZINHO";"Condutor Dormindo";"Saída de leito carroçável";"Com Vítimas Feridas";"Pleno dia";"Decrescente";"Céu Claro";"Dupla";"Reta";"Não";2;0;1;0;0;1;1;2;-23,00331008;-49,90846211;"SPRF-PR";"DEL07-PR";"UOP04-DEL07-PR"
666153;2025-03-09;"domingo";"10:30:00";"BA";116;276;"TUCANO";"Ingestão de álcool pelo condutor";"Colisão frontal";"Com Vítimas Feridas";"Pleno dia";"Crescente";"Céu Claro";"Simples";"Reta";"Sim";3;0;0;1;2;0;1;3;-10,983977;-38,798654;"SPRF-BA";"DEL07-BA";"UOP02-DEL07-BA"
666155;2025-03-09;"domingo";"15:09:00";"SC";101;190,2;"BIGUACU";"Demais falhas mecânicas ou elétricas";"Colisão com objeto";"Sem Vítimas";"Pleno dia";"Decrescente";"Nublado";"Dupla";"Reta";"Não";4;0;0;0;3;1;0;2;-27,470415;-48,641042;"SPRF-SC";"DEL01-SC";"UOP01-DEL01-SC"
666160;2025-03-09;"domingo";"15:40:00";"MG";381;383;"SAO GONCALO DO RIO ABAIXO";"Condutor Dormindo";"Colisão frontal";"Com Vítimas Feridas";"Pleno dia";"Decrescente";"Céu Claro";"Simples";"Reta";"Sim";6;0;2;1;2;2;3;4;-19,83267617;-43,35940892;"SPRF-MG";"DEL01-MG";"UOP01-DEL01-MG"
666162;2025-03-09;"domingo";"14:30:00";"PE";104;22,8;"TAQUARITINGA DO NORTE";"Reação tardia ou ineficiente do condutor";"Colisão com objeto";"Com Vítimas Feridas";"Pleno dia";"Decrescente";"Chuva";"Dupla";"Reta";"Não";2;0;2;0;0;0;2;1;-7,970051;-36,110712;"SPRF-PE";"DEL02-PE";"UOP01-DEL02-PE"
666164;2025-03-09;"domingo";"14:25:00";"MG";365;478,2;"PATROCINIO";"Transitar na contramão";"Colisão lateral sentido oposto";"Com Vítimas Fatais";"Pleno dia";"Crescente";"Sol";"Simples";"Reta";"Não";5;1;0;0;3;2;0;5;-18,91369;-47,04114;"SPRF-MG";"DEL10-MG";"UOP01-DEL10-MG"
666181;2025-03-09;"domingo";"17:20:00";"RS";386;306,1;"MARQUES DE SOUZA";"Reação tardia ou ineficiente do condutor";"Colisão frontal";"Com Vítimas Feridas";"Pleno dia";"Decrescente";"Céu Claro";"Simples";"Declive;Curva";"Não";5;0;1;3;1;0;4;2;-29,197873;-52,182375;"SPRF-RS";"DEL04-RS";"UOP01-DEL04-RS"
666185;2025-03-09;"domingo";"17:32:00";"PR";277;309,8;"GUARAPUAVA";"Reação tardia ou ineficiente do condutor";"Colisão traseira";"Sem Vítimas";"Pleno dia";"Decrescente";"Céu Claro";"Simples";"Declive";"Não";4;0;0;0;3;1;0;3;-25,3115824;-51,213271;"SPRF-PR";"DEL08-PR";"UOP01-DEL08-PR"
666194;2025-03-09;"domingo";"19:05:00";"MG";262;810,9;"UBERABA";"Ingestão de álcool pelo condutor";"Colisão transversal";"Com Vítimas Fatais";"Anoitecer";"Decrescente";"Céu Claro";"Dupla";"Reta";"Sim";6;1;0;0;1;4;0;4;-19,77033279;-47,97784025;"SPRF-MG";"DEL13-MG";"UOP01-DEL13-MG"
666201;2025-03-09;"domingo";"18:30:00";"PE";104;29,7;"TORITAMA";"Ingestão de álcool pelo condutor";"Colisão lateral sentido oposto";"Com Vítimas Feridas";"Plena Noite";"Crescente";"Nublado";"Simples";"Reta";"Sim";5;0;2;0;3;0;2;3;-8,006982;-36,067593;"SPRF-PE";"DEL02-PE";"UOP01-DEL02-PE"
666203;2025-03-09;"domingo";"15:50:00";"PR";153;155,6;"VENTANIA";"Reação tardia ou ineficiente do condutor";"Colisão transversal";"Com Vítimas Feridas";"Pleno dia";"Decrescente";"Céu Claro";"Simples";"Curva";"Não";7;0;4;0;2;1;4;3;-24,1922742;-50,20954996;"SPRF-PR";"DEL07-PR";"UOP04-DEL07-PR"
666223;2025-03-09;"domingo";"16:45:00";"SC";282;416,2;"CATANDUVAS";"Velocidade Incompatível";"Colisão frontal";"Com Vítimas Feridas";"Pleno dia";"Decrescente";"Chuva";"Simples";"Reta";"Não";10;0;2;0;8;0;2;4;-27,04031847;-51,70812696;"SPRF-SC";"DEL07-SC";"UOP05-DEL07-SC"
666249;2025-03-09;"domingo";"19:30:00";"RO";364;21,1;"VILHENA";"Manobra de mudança de faixa";"Colisão lateral sentido oposto";"Com Vítimas Fatais";"Plena Noite";"Crescente";"Céu Claro";"Simples";"Reta";"Não";3;1;0;0;1;1;0;3;-12,7257191;-60,20019528;"SPRF-RO";"DEL04-RO";"UOP01-DEL04-RO"
666254;2025-03-09;"domingo";"17:40:00";"MA";330;10,3;"BALSAS";"Ultrapassagem Indevida";"Colisão frontal";"Com Vítimas Fatais";"Pleno dia";"Decrescente";"Céu Claro";"Simples";"Reta";"Não";5;3;0;0;0;4;0;7;-7,59028211;-46,00464821;"SPRF-MA";"DEL05-MA";"UOP01-DEL05-MA"
666256;2025-03-09;"domingo";"14:00:00";"RS";153;8,1;"MARCELINO RAMOS";"Velocidade Incompatível";"Colisão com objeto";"Com Vítimas Feridas";"Pleno dia";"Decrescente";"Chuva";"Simples";"Curva";"Não";2;0;0;1;0;1;1;2;-27,4230047;-52,02511311;"SPRF-RS";"DEL08-RS";"UOP04-DEL08-RS"
666260;2025-03-09;"domingo";"21:50:00";"SC";470;189,3;"POUSO REDONDO";"Transitar na contramão";"Colisão frontal";"Com Vítimas Fatais";"Plena Noite";"Decrescente";"Ignorado";"Simples";"Declive;Curva";"Não";5;1;0;2;1;1;2;3;-27,275368;-50,063206;"SPRF-SC";"DEL04-SC";"UOP02-DEL04-SC"
666274;2025-03-09;"domingo";"22:50:00";"PE";232;452;"SAO JOSE DO BELMONTE";"Reação tardia ou ineficiente do condutor";"Eventos atípicos";"Com Vítimas Feridas";"Plena Noite";"Crescente";"Nublado";"Simples";"Reta;Aclive";"Não";3;0;1;0;1;1;1;2;-7,99250307;-38,65724305;"SPRF-PE";"DEL04-PE";"UOP01-DEL04-PE"
666280;2025-03-10;"segunda-feira";"00:45:00";"RN";304;280,2;"MACAIBA";"Ingestão de álcool pelo condutor";"Saída de leito carroçável";"Com Vítimas Feridas";"Plena Noite";"Decrescente";"Nublado";"Dupla";"Viaduto";"Não";1;0;1;0;0;0;1;1;-5,888507;-35,489243;"SPRF-RN";"DEL01-RN";"UOP02-DEL01-RN"
666286;2025-03-10;"segunda-feira";"00:18:00";"PR";373;391,8;"CANDOI";"Transitar na contramão";"Colisão lateral sentido oposto";"Com Vítimas Feridas";"Plena Noite";"Crescente";"Céu Claro";"Simples";"Curva";"Não";3;0;0;1;1;1;1;3;-25,5274017;-51,9905917;"SPRF-PR";"DEL08-PR";"UOP01-DEL08-PR"
666288;2025-03-10;"segunda-feira";"03:30:00";"PI";316;194,8;"VALENCA DO PIAUI";"Reação tardia ou ineficiente do condutor";"Colisão traseira";"Sem Vítimas";"Plena Noite";"Crescente";"Nublado";"Simples";"Reta";"Não";2;0;0;0;2;0;0;2;-6,3135;-41,8636;"SPRF-PI";"DEL04-PI";"UOP02-DEL04-PI"
666290;2025-03-10;"segunda-feira";"02:15:00";"GO";153;659,5;"GOIATUBA";"Entrada inopinada do pedestre";"Atropelamento de Pedestre";"Com Vítimas Fatais";"Plena Noite";"Decrescente";"Céu Claro";"Dupla";"Reta;Declive";"Não";4;1;0;0;1;2;0;3;-18,04106322;-49,26695466;"SPRF-GO";"DEL03-GO";"UOP01-DEL03-GO"
666292;2025-03-10;"segunda-feira";"04:30:00";"MG";40;461,1;"SETE LAGOAS";"Carga excessiva e/ou mal acondicionada";"Tombamento";"Sem Vítimas";"Plena Noite";"Crescente";"Céu Claro";"Dupla";"Declive;Curva";"Não";1;0;0;0;1;0;0;1;-19,40702104;-44,33373928;"SPRF-MG";"DEL02-MG";"UOP01-DEL02-MG"
666296;2025-03-10;"segunda-feira";"05:05:00";"SC";101;212,9;"PALHOCA";"Mal súbito do condutor";"Saída de leito carroçável";"Com Vítimas Feridas";"Amanhecer";"Crescente";"Nublado";"Múltipla";"Reta";"Sim";2;0;0;1;0;2;1;3;-27,63616668;-48,66466347;"SPRF-SC";"DEL01-SC";"UOP02-DEL01-SC"
666297;2025-03-10;"segunda-feira";"06:00:00";"CE";116;15,2;"FORTALEZA";"Manobra de mudança de faixa";"Colisão lateral mesmo sentido";"Com Vítimas Feridas";"Amanhecer";"Crescente";"Chuva";"Dupla";"Reta";"Sim";2;0;1;0;0;1;1;2;-3,883076;-38,50122;"SPRF-CE";"DEL01-CE";"UOP02-DEL01-CE"
666301;2025-03-10;"segunda-feira";"06:45:00";"AL";101;139;"SAO MIGUEL DOS CAMPOS";"Acessar a via sem observar a presença dos outros veículos";"Colisão transversal";"Sem Vítimas";"Pleno dia";"Crescente";"Céu Claro";"Simples";"Rotatória;Curva";"Não";2;0;0;0;2;0;0;2;-9,80738578;-36,11560187;"SPRF-AL";"DEL02-AL";"UOP01-DEL02-AL"
666305;2025-03-10;"segunda-feira";"06:40:00";"PR";369;154,1;"LONDRINA";"Manobra de mudança de faixa";"Colisão lateral mesmo sentido";"Com Vítimas Feridas";"Pleno dia";"Crescente";"Céu Claro";"Múltipla";"Em Obras;Retorno Regulamentado;Reta";"Sim";3;0;1;0;2;0;1;2;-23,29761913;-51,20043524;"SPRF-PR";"DEL07-PR";"UOP01-DEL07-PR"
666308;2025-03-10;"segunda-feira";"06:00:00";"MS";262;365,6;"CAMPO GRANDE";"Ausência de reação do condutor";"Colisão traseira";"Com Vítimas Feridas";"Pleno dia";"Decrescente";"Céu Claro";"Simples";"Reta";"Sim";2;0;1;0;1;0;1;2;-20,488031;-54,743489;"SPRF-MS";"DEL01-MS";"UOP03-DEL01-MS"
666321;2025-03-10;"segunda-feira";"08:00:00";"SP";116;108;"TAUBATE";"Condutor deixou de manter distância do veículo da frente";"Colisão traseira";"Com Vítimas Feridas";"Pleno dia";"Crescente";"Céu Claro";"Dupla";"Reta";"Sim";2;0;1;0;1;0;1;2;-23,02563273;-45,5410552;"SPRF-SP";"DEL02-SP";"UOP02-DEL02-SP"
666324;2025-03-10;"segunda-feira";"08:10:00";"PR";476;149;"ARAUCARIA";"Condutor deixou de manter distância do veículo da frente";"Colisão traseira";"Sem Vítimas";"Pleno dia";"Decrescente";"Céu Claro";"Dupla";"Reta;Declive";"Sim";4;0;0;0;4;0;0;4;-25,5579357;-49,35887748;"SPRF-PR";"DEL01-PR";"UOP06-DEL01-PR"
666328;2025-03-10;"segunda-feira";"08:00:00";"MG";116;277;"TEOFILO OTONI";"Ausência de reação do condutor";"Colisão lateral mesmo sentido";"Sem Vítimas";"Pleno dia";"Decrescente";"Céu Claro";"Dupla";"Reta";"Sim";2;0;0;0;2;0;0;2;-17,85947301;-41,51508981;"SPRF-MG";"DEL11-MG";"UOP01-DEL11-MG"
666331;2025-03-10;"segunda-feira";"08:00:00";"GO";20;60;"FORMOSA";"Ausência de reação do condutor";"Colisão traseira";"Sem Vítimas";"Pleno dia";"Decrescente";"Céu Claro";"Simples";"Reta;Aclive";"Não";3;0;0;0;2;1;0;2;-15,51250956;-47,12005616;"SPRF-DF";"DEL02-DF";"UOP02-DEL02-DF"
666332;2025-03-10;"segunda-feira";"08:10:00";"PR";376;184;"SARANDI";"Condutor deixou de manter distância do veículo da frente";"Colisão traseira";"Com Vítimas Feridas";"Pleno dia";"Decrescente";"Céu Claro";"Dupla";"Reta;Declive";"Sim";7;0;2;0;5;0;2;5;-23,441144;-51,871395;"SPRF-PR";"DEL09-PR";"UOP01-DEL09-PR"
666334;2025-03-10;"segunda-feira";"09:16:00";"TO";153;456;"PALMAS";"Reação tardia ou ineficiente do condutor";"Colisão traseira";"Com Vítimas Feridas";"Pleno dia";"Crescente";"Céu Claro";"Dupla";"Reta;Declive";"Sim";3;0;0;2;1;0;2;2;-10,299705;-48,297369;"SPRF-TO";"DEL01-TO";"UOP01-DEL01-TO"
666339;2025-03-10;"segunda-feira";"09:50:00";"CE";222;20,8;"CAUCAIA";"Acessar a via sem observar a presença dos outros veículos";"Colisão transversal";"Com Vítimas Feridas";"Pleno dia";"Decrescente";"Céu Claro";"Simples";"Rotatória";"Não";3;0;0;2;1;0;2;2;-3,73706782;-38,74528813;"SPRF-CE";"DEL01-CE";"UOP01-DEL01-CE"
666349;2025-03-10;"segunda-feira";"10:45:00";"SP";116;224,7;"GUARULHOS";"Manobra de mudança de faixa";"Colisão lateral mesmo sentido";"Com Vítimas Feridas";"Pleno dia";"Crescente";"Sol";"Múltipla";"Reta";"Não";3;0;2;0;1;0;2;2;-23,48787696;-46,54460538;"SPRF-SP";"DEL01-SP";"UOP01-DEL01-SP"
666358;2025-03-10;"segunda-feira";"11:30:00";"MG";381;778;"CAMPANHA";"Velocidade Incompatível";"Colisão traseira";"Com Vítimas Feridas";"Pleno dia";"Crescente";"Céu Claro";"Dupla";"Reta;Aclive";"Não";5;0;1;0;2;2;1;4;-21,83280868;-45,50064606;"SPRF-MG";"DEL16-MG";"UOP02-DEL16-MG"
666360;2025-03-10;"segunda-feira";"12:30:00";"PE";232;60;"POMBOS";"Reação tardia ou ineficiente do condutor";"Saída de leito carroçável";"Com Vítimas Feridas";"Pleno dia";"Crescente";"Céu Claro";"Dupla";"Reta";"Sim";1;0;1;0;0;0;1;1;-8,151677;-35,41488;"SPRF-PE";"DEL02-PE";"UOP02-DEL02PE"
666361;2025-03-10;"segunda-feira";"09:50:00";"MT";364;636;"DIAMANTINO";"Reação tardia ou ineficiente do condutor";"Colisão transversal";"Com Vítimas Feridas";"Pleno dia";"Crescente";"Céu Claro";"Simples";"Reta;Interseção de Vias";"Não";5;0;2;1;1;2;3;4;-14,255513;-56,519517;"SPRF-MT";"DEL01-MT";"UOP01-DEL01-MT"
666366;2025-03-10;"segunda-feira";"13:00:00";"MS";262;362;"CAMPO GRANDE";"Reação tardia ou ineficiente do condutor";"Colisão com objeto";"Sem Vítimas";"Pleno dia";"Decrescente";"Céu Claro";"Simples";"Reta";"Não";6;0;0;0;5;3;0;6;-20,51081;-54,723204;"SPRF-MS";"DEL01-MS";"UOP03-DEL01-MS"
666370;2025-03-10;"segunda-feira";"13:35:00";"BA";116;18,2;"VITORIA DA CONQUISTA";"Conversão proibida";"Colisão lateral mesmo sentido";"Com Vítimas Feridas";"Pleno dia";"Crescente";"Céu Claro";"Simples";"Interseção de Vias";"Sim";3;0;1;0;2;0;1;2;-14,90241514;-40,84473252;"SPRF-BA";"DEL08-BA";"UOP01-DEL08-BA"
666372;2025-03-10;"segunda-feira";"13:00:00";"BA";324;615;"SALVADOR";"Condutor deixou de manter distância do veículo da frente";"Engavetamento";"Sem Vítimas";"Pleno dia";"Crescente";"Céu Claro";"Dupla";"Reta";"Não";4;0;0;0;4;0;0;4;-12,88507504;-38,43601227;"SPRF-BA";"DEL01-BA";"UOP01-DEL01-BA"
666379;2025-03-10;"segunda-feira";"11:00:00";"PE";232;240,8;"ARCOVERDE";"Manobra de mudança de faixa";"Colisão lateral sentido oposto";"Com Vítimas Feridas";"Pleno dia";"Decrescente";"Sol";"Simples";"Reta";"Não";2;0;1;0;1;0;1;2;-8,415148;-36,968872;"SPRF-PE";"DEL04-PE";"UOP02-DEL04-PE"
666382;2025-03-08;"sábado";"13:50:00";"PE";423;124;"SALOA";"Ausência de reação do condutor";"Colisão traseira";"Com Vítimas Feridas";"Pleno dia";"Decrescente";"Céu Claro";"Simples";"Declive";"Não";2;0;1;0;1;0;1;2;-8,942337;-36,70899963;"SPRF-PE";"DEL03-PE";"UOP01-DEL03-PE"
666383;2025-03-10;"segunda-feira";"13:50:00";"BA";116;17,2;"VITORIA DA CONQUISTA";"Pedestre andava na pista";"Atropelamento de Pedestre";"Com Vítimas Feridas";"Pleno dia";"Decrescente";"Céu Claro";"Simples";"Reta";"Sim";3;0;1;0;2;0;1;2;-14,902065;-40,840116;"SPRF-BA";"DEL08-BA";"UOP01-DEL08-BA"
666384;2025-03-10;"segunda-feira";"14:30:00";"MG";365;664;"MONTE ALEGRE DE MINAS";"Ausência de reação do condutor";"Colisão lateral mesmo sentido";"Sem Vítimas";"Pleno dia";"Crescente";"Sol";"Dupla";"Reta;Aclive";"Não";3;0;0;0;2;2;0;4;-18,89166558;-48,67965843;"SPRF-MG";"DEL15-MG";"UOP01-DEL15-MG"
666387;2025-03-10;"segunda-feira";"15:30:00";"PR";376;309,8;"MAUA DA SERRA";"Avarias e/ou desgaste excessivo no pneu";"Colisão com objeto";"Sem Vítimas";"Pleno dia";"Decrescente";"Chuva";"Dupla";"Declive;Curva";"Não";1;0;0;0;1;0;0;1;-23,96166602;-51,11473918;"SPRF-PR";"DEL07-PR";"UOP02-DEL07-PR"
666388;2025-03-10;"segunda-feira";"14:20:00";"RJ";116;56;"TERESOPOLIS";"Carga excessiva e/ou mal acondicionada";"Incêndio";"Sem Vítimas";"Pleno dia";"Decrescente";"Céu Claro";"Simples";"Reta";"Não";2;0;0;0;1;1;0;2;-22,2037362;-42,89680481;"SPRF-RJ";"DEL04-RJ";"UOP01-DEL04-RJ"
666389;2025-03-10;"segunda-feira";"11:00:00";"RJ";40;115;"DUQUE DE CAXIAS";"Reação tardia ou ineficiente do condutor";"Colisão traseira";"Com Vítimas Feridas";"Pleno dia";"Decrescente";"Céu Claro";"Múltipla";"Reta";"Não";3;0;1;0;2;0;1;2;-22,72440869;-43,28928623;"SPRF-RJ";"DEL01-RJ";"UOP02-DEL01-RJ"
666391;2025-03-10;"segunda-feira";"14:10:00";"SC";101;65;"ARAQUARI";"Condutor deixou de manter distância do veículo da frente";"Colisão traseira";"Com Vítimas Feridas";"Pleno dia";"Crescente";"Nublado";"Múltipla";"Reta";"Não";3;0;2;0;1;0;2;2;-26,47847929;-48,73858362;"SPRF-SC";"DEL03-SC";"UOP02-DEL03-SC"
666393;2025-03-10;"segunda-feira";"13:50:00";"RS";470;261;"SAO JOSE DO SUL";"Problema com o freio";"Colisão lateral mesmo sentido";"Com Vítimas Feridas";"Pleno dia";"Crescente";"Céu Claro";"Simples";"Curva";"Não";4;0;1;0;2;1;1;4;-29,55157555;-51,48001581;"SPRF-RS";"DEL06-RS";"UOP01-DEL06-RS"
666400;2025-02-22;"sábado";"14:55:00";"RS";290;367,5;"VILA NOVA DO SUL";"Ausência de reação do condutor";"Saída de leito carroçável";"Com Vítimas Feridas";"Pleno dia";"Crescente";"Céu Claro";"Simples";"Curva;Aclive";"Não";2;0;1;0;0;1;1;2;-30,34354672;-53,83575439;"SPRF-RS";"DEL09-RS";"UOP02-DEL09-RS"
666406;2025-03-10;"segunda-feira";"15:15:00";"GO";60;215;"VARJAO";"Demais falhas mecânicas ou elétricas";"Incêndio";"Sem Vítimas";"Pleno dia";"Decrescente";"Céu Claro";"Dupla";"Reta";"Não";2;0;0;0;1;2;0;3;-16,966486;-49,72808;"SPRF-GO";"DEL01-GO";"UOP02-DEL01-GO"
666419;2025-03-10;"segunda-feira";"13:39:00";"MG";381;635;"SANTO ANTONIO DO AMPARO";"Demais falhas mecânicas ou elétricas";"Colisão traseira";"Com Vítimas Feridas";"Pleno dia";"Crescente";"Céu Claro";"Dupla";"Curva";"Não";4;0;2;0;1;1;2;4;-20,859949;-44,837499;"SPRF-MG";"DEL04-MG";"UOP01-DEL04-MG"
666421;2025-03-10;"segunda-feira";"17:30:00";"SE";101;49;"JAPARATUBA";"Problema com o freio";"Colisão com objeto";"Com Vítimas Fatais";"Pleno dia";"Decrescente";"Céu Claro";"Dupla";"Reta;Interseção de Vias";"Não";2;1;0;1;0;0;1;1;-10,594472;-36,975023;"SPRF-SE";"DEL02-SE";"UOP02-DEL02-SE"
666422;2025-03-10;"segunda-feira";"17:20:00";"RS";116;421;"CRISTAL";"Afundamento ou ondulação no pavimento";"Tombamento";"Com Vítimas Feridas";"Pleno dia";"Decrescente";"Sol";"Simples";"Em Obras;Reta";"Não";1;0;1;0;0;0;1;1;-30,96414144;-51,98344231;"SPRF-RS";"DEL02-RS";"UOP02-DEL02-RS"
666433;2025-03-10;"segunda-feira";"15:20:00";"SC";470;125,3;"LONTRAS";"Velocidade Incompatível";"Colisão lateral mesmo sentido";"Sem Vítimas";"Pleno dia";"Crescente";"Sol";"Simples";"Aclive";"Não";3;0;0;0;3;0;0;3;-27,127;-49,538;"SPRF-SC";"DEL04-SC";"UOP02-DEL04-SC"