"id";"data_inversa";"dia_semana";"horario";"uf";"br";"km";"municipio";"causa_acidente";"tipo_acidente";"classificacao_acidente";"fase_dia";"sentido_via";"condicao_metereologica";"tipo_pista";"tracado_via";"uso_solo";"pessoas";"mortos";"feridos_leves";"feridos_graves";"ilesos";"ignorados";"feridos";"veiculos";"latitude";"longitude";"regional";"delegacia";"uop"
667547;2025-03-15;"sábado";"23:20:00";"PR";153;121,5;"IBAITI";"Velocidade Incompatível";"Capotamento";"Com Vítimas Fatais";"Plena Noite";"Crescente";"Céu Claro";"Simples";"Declive;Curva";"Não";1;1;0;0;0;0;0;1;-23,9359073;-50,2389312;"SPRF-PR";"DEL07-PR";"UOP04-DEL07-PR"
667562;2025-03-16;"domingo";"06:40:00";"MG";262;62,8;"MATIPO";"Velocidade Incompatível";"Tombamento";"Com Vítimas Feridas";"Pleno dia";"Crescente";"Nublado";"Simples";"Curva;Declive";"Não";2;0;0;1;0;1;1;2;-20,296298;-42,230988;"SPRF-MG";"DEL06-MG";"UOP03-DEL06-MG"
667566;2025-03-16;"domingo";"05:30:00";"MT";174;334;"CONQUISTA DOESTE";"Animais na Pista";"Atropelamento de Animal";"Com Vítimas Feridas";"Amanhecer";"Decrescente";"Céu Claro";"Simples";"Reta";"Não";3;0;1;0;2;0;1;2;-14,8494542;-59,3065455;"SPRF-MT";"DEL04-MT";"UOP01-DEL04-MT"
667567;2025-03-16;"domingo";"07:32:00";"GO";40;48,8;"LUZIANIA";"Acostamento em desnível";"Saída de leito carroçável";"Sem Vítimas";"Pleno dia";"Decrescente";"Céu Claro";"Simples";"Declive";"Não";2;0;0;0;1;2;0;3;-16,432392;-47,815518;"SPRF-DF";"DEL01-DF";"UOP02-DEL01-DF"
667585;2025-03-16;"domingo";"10:17:00";"CE";304;54,9;"ARACATI";"Ultrapassagem Indevida";"Colisão traseira";"Com Vítimas Feridas";"Pleno dia";"Decrescente";"Chuva";"Dupla";"Reta";"Sim";3;0;1;0;1;1;1;3;-4,5790708;-37,7310664;"SPRF-CE";"DEL03-CE";"UOP03-DEL03-CE"
667589;2025-03-16;"domingo";"07:30:00";"MG";365;861;"GURINHATA";"Mal súbito do condutor";"Colisão traseira";"Com Vítimas Feridas";"Pleno dia";"Decrescente";"Céu Claro";"Simples";"Reta;Declive";"Não";4;0;1;0;1;2;1;4;-18,92930514;-49,84417677;"SPRF-MG";"DEL15-MG";"UOP03-DEL15-MG"
667595;2025-03-16;"domingo";"11:00:00";"MG";381;338;"NOVA ERA";"Transitar na contramão";"Colisão lateral sentido oposto";"Com Vítimas Feridas";"Pleno dia";"Decrescente";"Céu Claro";"Simples";"Declive;Curva";"Não";4;0;0;1;2;1;1;3;-19,795005;-43,053016;"SPRF-MG";"DEL03-MG";"UOP01-DEL03-MG"
667599;2025-03-16;"domingo";"07:25:00";"MG";251;273;"SALINAS";"Demais falhas mecânicas ou elétricas";"Incêndio";"Sem Vítimas";"Pleno dia";"Decrescente";"Céu Claro";"Simples";"Reta";"Não";2;0;0;0;1;1;0;2;-15,99702943;-41,99322224;"SPRF-MG";"DEL12-MG";"UOP02-DEL12-MG"
667604;2025-03-16;"domingo";"07:30:00";"MG";381;630;"OLIVEIRA";"Ausência de reação do condutor";"Saída de leito carroçável";"Com Vítimas Feridas";"Pleno dia";"Decrescente";"Nublado";"Dupla";"Curva;Declive";"Não";2;0;1;0;0;1;1;2;-20,829278;-44,812463;"SPRF-MG";"DEL04-MG";"UOP01-DEL04-MG"
667609;2025-03-16;"domingo";"10:40:00";"ES";262;151,5;"IBATIBA";"Problema com o freio";"Tombamento";"Com Vítimas Feridas";"Pleno dia";"Crescente";"Céu Claro";"Simples";"Declive;Curva";"Não";2;0;1;0;0;1;1;2;-20,215034;-41,449425;"SPRF-ES";"DEL01-ES";"UOP02-DEL01-ES"
667621;2025-03-16;"domingo";"14:15:00";"GO";50;213,4;"CAMPO ALEGRE DE GOIAS";"Condutor Dormindo";"Saída de leito carroçável";"Com Vítimas Feridas";"Pleno dia";"Decrescente";"Céu Claro";"Dupla";"Curva";"Não";1;0;1;0;0;0;1;1;-17,71286326;-47,7196312;"SPRF-GO";"DEL06-GO";"UOP01-DEL06-GO"
667627;2025-03-16;"domingo";"14:00:00";"PR";277;43;"MORRETES";"Manobra de mudança de faixa";"Colisão traseira";"Com Vítimas Feridas";"Pleno dia";"Decrescente";"Nublado";"Dupla";"Curva;Declive";"Não";4;0;2;0;1;1;2;3;-25,59247618;-48,88846613;"SPRF-PR";"DEL01-PR";"UOP05-DEL01-PR"
667633;2025-03-16;"domingo";"11:00:00";"BA";349;1012;"CORRENTINA";"Reação tardia ou ineficiente do condutor";"Tombamento";"Sem Vítimas";"Pleno dia";"Decrescente";"Céu Claro";"Simples";"Curva";"Não";1;0;0;0;1;0;0;1;-13,61631868;-45,27550238;"SPRF-BA";"DEL10-BA";"UOP02-DEL10-BA"
667645;2025-02-20;"quinta-feira";"08:00:00";"MT";364;270,9;"JACIARA";"Reação tardia ou ineficiente do condutor";"Colisão lateral mesmo sentido";"Com Vítimas Feridas";"Pleno dia";"Decrescente";"Céu Claro";"Dupla";"Reta";"Sim";5;0;2;0;2;8;2;11;-15,9689785;-54,94463002;"SPRF-MT";"DEL05-MT";"UOP02-DEL05-MT"
667646;2025-03-16;"domingo";"16:15:00";"SC";282;53;"AGUAS MORNAS";"Conversão proibida";"Colisão transversal";"Com Vítimas Feridas";"Pleno dia";"Decrescente";"Nublado";"Simples";"Reta";"Não";2;0;1;0;1;0;1;2;-27,68757352;-48,9708066;"SPRF-SC";"DEL01-SC";"UOP03-DEL01-SC"
667647;2025-03-16;"domingo";"14:35:00";"PR";153;119,5;"IBAITI";"Velocidade Incompatível";"Tombamento";"Com Vítimas Feridas";"Pleno dia";"Crescente";"Céu Claro";"Simples";"Curva";"Não";2;0;1;0;0;1;1;2;-23,91915782;-50,23296833;"SPRF-PR";"DEL07-PR";"UOP04-DEL07-PR"
667651;2025-03-16;"domingo";"15:15:00";"MT";364;267,4;"JACIARA";"Ingestão de álcool pelo condutor";"Colisão traseira";"Com Vítimas Feridas";"Pleno dia";"Crescente";"Nublado";"Dupla";"Reta";"Não";4;0;2;0;1;1;2;3;-15,98398468;-54,92987221;"SPRF-MT";"DEL02-MT";"UOP01-DEL02-MT"
667654;2025-03-16;"domingo";"13:20:00";"SC";470;241,7;"CURITIBANOS";"Condutor Dormindo";"Colisão frontal";"Com Vítimas Feridas";"Pleno dia";"Decrescente";"Céu Claro";"Simples";"Reta;Declive";"Não";4;0;1;1;2;0;2;3;-27,31458138;-50,50468147;"SPRF-SC";"DEL05-SC";"UOP03-DEL05-SC"
667656;2025-03-16;"domingo";"16:50:00";"RN";110;45;"MOSSORO";"Condutor deixou de manter distância do veículo da frente";"Colisão traseira";"Com Vítimas Feridas";"Anoitecer";"Decrescente";"Céu Claro";"Simples";"Reta";"Sim";3;0;1;0;1;2;1;4;-5,19377704;-37,31267279;"SPRF-RN";"DEL04-RN";"UOP01-DEL04-RN"
667661;2025-03-16;"domingo";"16:15:00";"SC";470;127,7;"LONTRAS";"Mal súbito do condutor";"Saída de leito carroçável";"Com Vítimas Feridas";"Pleno dia";"Decrescente";"Nublado";"Simples";"Declive;Curva";"Não";2;0;1;0;0;1;1;2;-27,14390749;-49,54891551;"SPRF-SC";"DEL04-SC";"UOP02-DEL04-SC"
667673;2025-03-16;"domingo";"16:40:00";"MT";163;102;"POXOREO";"Acessar a via sem observar a presença dos outros veículos";"Colisão lateral mesmo sentido";"Sem Vítimas";"Pleno dia";"Crescente";"Nublado";"Dupla";"Reta";"Não";2;0;0;0;1;1;0;2;-16,2815;-54,3808;"SPRF-MT";"DEL02-MT";"UOP03-DEL02-MT"
667686;2025-03-16;"domingo";"15:55:00";"MG";262;100,9;"ABRE CAMPO";"Transitar na contramão";"Colisão lateral sentido oposto";"Com Vítimas Feridas";"Pleno dia";"Crescente";"Céu Claro";"Simples";"Reta;Declive";"Não";5;0;2;1;1;1;3;4;-20,28977655;-42,52243066;"SPRF-MG";"DEL03-MG";"UOP03-DEL03-MG"
667695;2025-03-16;"domingo";"20:00:00";"RS";116;530,1;"CAPAO DO LEAO";"Ausência de reação do condutor";"Colisão transversal";"Com Vítimas Feridas";"Plena Noite";"Crescente";"Céu Claro";"Simples";"Interseção de Vias";"Sim";2;0;0;1;1;0;1;2;-31,76020017;-52,43825544;"SPRF-RS";"DEL07-RS";"UOP01-DEL07-RS"
667702;2025-03-16;"domingo";"20:30:00";"PA";230;118;"MARABA";"Reação tardia ou ineficiente do condutor";"Colisão com objeto";"Sem Vítimas";"Plena Noite";"Crescente";"Nublado";"Dupla";"Reta;Ponte";"Não";1;0;0;0;1;0;0;1;-5,35037348;-49,10905838;"SPRF-PA";"DEL03-PA";"UOP01-DEL03-PA"
667707;2025-03-16;"domingo";"20:10:00";"TO";153;799,3;"TALISMA";"Reação tardia ou ineficiente do condutor";"Colisão traseira";"Com Vítimas Fatais";"Plena Noite";"Crescente";"Céu Claro";"Simples";"Reta";"Não";2;1;0;0;0;1;0;2;-12,81050615;-49,09715635;"SPRF-TO";"DEL01-TO";"UOP02-DEL01-TO"
667708;2025-03-16;"domingo";"20:00:00";"ES";101;286;"CARIACICA";"Acessar a via sem observar a presença dos outros veículos";"Colisão traseira";"Com Vítimas Fatais";"Plena Noite";"Decrescente";"Céu Claro";"Dupla";"Curva;Declive";"Não";3;1;0;0;1;1;0;3;-20,259985;-40,377721;"SPRF-ES";"DEL01-ES";"UOP01-DEL01-ES"
667711;2025-03-16;"domingo";"21:30:00";"MG";251;472,5;"MONTES CLAROS";"Velocidade Incompatível";"Colisão com objeto";"Com Vítimas Feridas";"Plena Noite";"Crescente";"Céu Claro";"Simples";"Curva;Declive";"Não";1;0;1;0;0;0;1;1;-16,6537054;-43,7179567;"SPRF-MG";"DEL12-MG";"UOP01-DEL12-MG"
667720;2025-03-16;"domingo";"18:40:00";"CE";116;364;"ICO";"Avarias e/ou desgaste excessivo no pneu";"Incêndio";"Sem Vítimas";"Plena Noite";"Decrescente";"Céu Claro";"Simples";"Reta";"Não";2;0;0;0;1;1;0;2;-6,34123;-38,765753;"SPRF-CE";"DEL05-CE";"UOP01-DEL05-CE"
667722;2025-03-16;"domingo";"22:30:00";"BA";324;531;"FEIRA DE SANTANA";"Pedestre andava na pista";"Atropelamento de Pedestre";"Com Vítimas Fatais";"Plena Noite";"Crescente";"Céu Claro";"Dupla";"Reta;Declive";"Não";2;1;0;0;0;1;0;2;-12,3461017;-38,83876;"SPRF-BA";"DEL01-BA";"UOP03-DEL01-BA"
667736;2025-03-17;"segunda-feira";"00:05:00";"ES";101;269;"SERRA";"Ausência de reação do condutor";"Colisão transversal";"Com Vítimas Feridas";"Plena Noite";"Crescente";"Nublado";"Dupla";"Interseção de Vias";"Não";4;0;0;1;1;2;1;4;-20,221995;-40,27005167;"SPRF-ES";"DEL02-ES";"UOP01-DEL02-ES"
667738;2025-03-16;"domingo";"19:00:00";"PB";230;210;"SOLEDADE";"Ausência de reação do condutor";"Colisão lateral sentido oposto";"Sem Vítimas";"Plena Noite";"Crescente";"Céu Claro";"Simples";"Reta";"Não";2;0;0;0;2;0;0;2;-7,04229036;-36,40285492;"SPRF-PB";"DEL02-PB";"UOP02-DEL02-PB"
667742;2025-03-17;"segunda-feira";"00:40:00";"RJ";116;305;"RESENDE";"Condutor Dormindo";"Colisão traseira";"Com Vítimas Feridas";"Plena Noite";"Decrescente";"Chuva";"Dupla";"Reta";"Não";3;0;1;0;1;1;1;3;-22,45558433;-44,39160693;"SPRF-RJ";"DEL07-RJ";"UOP02-DEL07-RJ"
667748;2025-03-16;"domingo";"23:30:00";"MT";163;774;"SORRISO";"Ingestão de álcool pelo condutor";"Eventos atípicos";"Sem Vítimas";"Plena Noite";"Decrescente";"Nublado";"Simples";"Reta";"Não";2;0;0;0;1;3;0;4;-12,3845082;-55,6128111;"SPRF-MT";"DEL06-MT";"UOP02-DEL06-MT"
667750;2025-03-17;"segunda-feira";"01:00:00";"RO";364;344,5;"JI-PARANA";"Condutor desrespeitou a iluminação vermelha do semáforo";"Colisão transversal";"Com Vítimas Feridas";"Plena Noite";"Decrescente";"Céu Claro";"Dupla";"Reta";"Sim";4;0;1;0;1;4;1;6;-10,870398;-61,957768;"SPRF-RO";"DEL02-RO";"UOP01-DEL02-RO"
667753;2025-03-17;"segunda-feira";"01:15:00";"MG";381;704,2;"LAVRAS";"Condutor Dormindo";"Colisão com objeto";"Com Vítimas Feridas";"Plena Noite";"Crescente";"Chuva";"Dupla";"Curva";"Não";2;0;1;0;0;1;1;2;-21,310996;-45,163022;"SPRF-MG";"DEL04-MG";"UOP02-DEL04-MG"
667765;2025-03-16;"domingo";"21:50:00";"SC";470;317,7;"CAMPOS NOVOS";"Ingestão de álcool pelo condutor";"Colisão frontal";"Sem Vítimas";"Plena Noite";"Decrescente";"Céu Claro";"Simples";"Reta";"Sim";2;0;0;0;1;1;0;2;-27,40825221;-51,2128973;"SPRF-SC";"DEL07-SC";"UOP06-DEL07-SC"
667772;2025-03-17;"segunda-feira";"00:00:00";"BA";116;312;"ARACI";"Demais falhas na via";"Saída de leito carroçável";"Com Vítimas Feridas";"Plena Noite";"Crescente";"Céu Claro";"Simples";"Reta";"Não";1;0;1;0;0;0;1;1;-11,26653623;-38,91848467;"SPRF-BA";"DEL02-BA";"UOP01-DEL02-BA"
667775;2025-03-17;"segunda-feira";"07:30:00";"SP";116;217;"GUARULHOS";"Trafegar com motocicleta (ou similar) entre as faixas";"Colisão traseira";"Com Vítimas Feridas";"Pleno dia";"Crescente";"Céu Claro";"Dupla";"Em Obras;Reta";"Não";3;0;1;0;2;0;1;3;-23,45368573;-46,47074866;"SPRF-SP";"DEL01-SP";"UOP01-DEL01-SP"
667776;2025-03-17;"segunda-feira";"06:50:00";"RS";470;220;"BENTO GONCALVES";"Acessar a via sem observar a presença dos outros veículos";"Colisão transversal";"Com Vítimas Feridas";"Pleno dia";"Crescente";"Céu Claro";"Dupla";"Reta";"Não";3;0;0;1;2;0;1;2;-29,19810053;-51,51839018;"SPRF-RS";"DEL06-RS";"UOP01-DEL06-RS"
667777;2025-03-17;"segunda-feira";"06:30:00";"SC";282;457;"PONTE SERRADA";"Reação tardia ou ineficiente do condutor";"Colisão lateral sentido oposto";"Com Vítimas Feridas";"Pleno dia";"Crescente";"Céu Claro";"Simples";"Curva";"Não";3;0;0;1;2;0;1;2;-26,8718788;-52,0165876;"SPRF-SC";"DEL07-SC";"UOP04-DEL07-SC"
667799;2025-03-17;"segunda-feira";"08:35:00";"BA";324;608,3;"SIMOES FILHO";"Ausência de reação do condutor";"Colisão traseira";"Com Vítimas Feridas";"Pleno dia";"Crescente";"Céu Claro";"Dupla";"Reta;Declive";"Não";2;0;1;0;1;0;1;2;-12,825378;-38,409915;"SPRF-BA";"DEL01-BA";"UOP01-DEL01-BA"
667807;2025-03-17;"segunda-feira";"08:50:00";"PR";376;108;"PARANAVAI";"Desrespeitar a preferência no cruzamento";"Colisão transversal";"Com Vítimas Feridas";"Pleno dia";"Decrescente";"Céu Claro";"Simples";"Interseção de Vias";"Sim";3;0;0;2;1;0;2;2;-23,06839486;-52,4250412;"SPRF-PR";"DEL09-PR";"UOP02-DEL09-PR"
667809;2025-03-17;"segunda-feira";"09:50:00";"RJ";116;285;"BARRA MANSA";"Chuva";"Engavetamento";"Com Vítimas Feridas";"Pleno dia";"Crescente";"Chuva";"Dupla";"Declive;Curva";"Não";10;0;3;0;7;0;3;8;-22,50937169;-44,21906948;"SPRF-RJ";"DEL07-RJ";"UOP02-DEL07-RJ"
667813;2025-03-17;"segunda-feira";"08:00:00";"MT";163;104,3;"RONDONOPOLIS";"Ausência de reação do condutor";"Saída de leito carroçável";"Com Vítimas Feridas";"Pleno dia";"Decrescente";"Sol";"Dupla";"Reta";"Não";2;0;1;0;0;1;1;2;-16,616143;-54,700408;"SPRF-MT";"DEL02-MT";"UOP03-DEL02-MT"
667819;2025-03-17;"segunda-feira";"10:00:00";"PR";116;125;"FAZENDA RIO GRANDE";"Manobra de mudança de faixa";"Colisão lateral mesmo sentido";"Com Vítimas Feridas";"Plena Noite";"Crescente";"Nublado";"Dupla";"Reta;Aclive";"Sim";3;0;1;0;1;1;1;2;-25,6317627;-49,3135288;"SPRF-PR";"DEL01-PR";"UOP03-DEL01-PR"
667824;2025-03-17;"segunda-feira";"11:00:00";"SC";282;20,4;"PALHOCA";"Reação tardia ou ineficiente do condutor";"Colisão traseira";"Sem Vítimas";"Pleno dia";"Crescente";"Sol";"Simples";"Reta";"Sim";5;0;0;0;5;0;0;2;-27,68591703;-48,7126475;"SPRF-SC";"DEL01-SC";"UOP02-DEL01-SC"
667829;2025-03-17;"segunda-feira";"11:10:00";"SP";116;74,4;"APARECIDA";"Mal súbito do condutor";"Colisão transversal";"Com Vítimas Feridas";"Pleno dia";"Decrescente";"Nublado";"Dupla";"Reta;Declive";"Sim";3;0;1;0;1;1;1;3;-22,8582237;-45,2331936;"SPRF-SP";"DEL08-SP";"UOP01-DEL08-SP"
667830;2025-03-17;"segunda-feira";"10:40:00";"RJ";40;60,9;"PETROPOLIS";"Acumulo de água sobre o pavimento";"Colisão com objeto";"Sem Vítimas";"Pleno dia";"Crescente";"Chuva";"Dupla";"Curva;Aclive";"Não";1;0;0;0;1;0;0;1;-22,402563;-43,137981;"SPRF-RJ";"DEL05-RJ";"UOP02-DEL05-RJ"
667831;2025-03-17;"segunda-feira";"11:14:00";"MG";381;859;"POUSO ALEGRE";"Ausência de reação do condutor";"Saída de leito carroçável";"Com Vítimas Feridas";"Pleno dia";"Crescente";"Sol";"Dupla";"Reta";"Não";4;0;1;1;1;1;2;3;-22,265856;-46,0029952;"SPRF-MG";"DEL16-MG";"UOP01-DEL16-MG"
667834;2025-03-17;"segunda-feira";"09:50:00";"SC";470;91;"ASCURRA";"Demais falhas mecânicas ou elétricas";"Tombamento";"Sem Vítimas";"Pleno dia";"Decrescente";"Nublado";"Simples";"Curva";"Não";2;0;0;0;1;1;0;2;-26,97112366;-49,36699033;"SPRF-SC";"DEL04-SC";"UOP01-DEL04-SC"
667838;2025-03-17;"segunda-feira";"12:00:00";"PR";116;38;"CAMPINA GRANDE DO SUL";"Acessar a via sem observar a presença dos outros veículos";"Colisão lateral mesmo sentido";"Sem Vítimas";"Pleno dia";"Decrescente";"Céu Claro";"Dupla";"Curva;Aclive";"Não";3;0;0;0;2;1;0;3;-25,154;-48,86;"SPRF-PR";"DEL01-PR";"UOP02-DEL01-PR"
667845;2025-03-17;"segunda-feira";"12:15:00";"MG";267;47;"MARIPA DE MINAS";"Acessar a via sem observar a presença dos outros veículos";"Colisão transversal";"Com Vítimas Feridas";"Pleno dia";"Decrescente";"Garoa/Chuvisco";"Simples";"Reta";"Sim";3;0;0;1;1;1;1;3;-21,69554855;-42,9699629;"SPRF-MG";"DEL07-MG";"UOP01-DEL07-MG"
667848;2025-03-17;"segunda-feira";"13:30:00";"SC";101;221;"PALHOCA";"Condutor deixou de manter distância do veículo da frente";"Colisão traseira";"Sem Vítimas";"Pleno dia";"Decrescente";"Céu Claro";"Dupla";"Reta";"Não";5;0;0;0;5;0;0;5;-27,70514295;-48,65810025;"SPRF-SC";"DEL01-SC";"UOP02-DEL01-SC"
667851;2025-03-17;"segunda-feira";"11:30:00";"RJ";101;386;"ITAGUAI";"Animais na Pista";"Colisão traseira";"Com Vítimas Feridas";"Pleno dia";"Crescente";"Nublado";"Dupla";"Interseção de Vias;Reta";"Sim";5;0;1;0;4;0;1;3;-22,85890057;-43,75937633;"SPRF-RJ";"DEL03-RJ";"UOP01-DEL03-RJ"
667853;2025-03-13;"quinta-feira";"09:55:00";"RJ";493;7;"ITABORAI";"Ausência de reação do condutor";"Colisão traseira";"Com Vítimas Feridas";"Pleno dia";"Crescente";"Sol";"Simples";"Reta;Aclive";"Não";3;0;1;0;1;2;1;4;-22,714104;-42,953145;"SPRF-RJ";"DEL02-RJ";"UOP02-DEL02-RJ"
667854;2025-03-17;"segunda-feira";"10:52:00";"RJ";116;180;"NOVA IGUACU";"Mal súbito do condutor";"Colisão lateral mesmo sentido";"Sem Vítimas";"Pleno dia";"Crescente";"Chuva";"Múltipla";"Reta";"Sim";3;0;0;0;3;0;0;3;-22,76355471;-43,41915563;"SPRF-RJ";"DEL06-RJ";"UOP01-DEL06-RJ"
667861;2025-03-17;"segunda-feira";"03:30:00";"PA";163;150;"ALTAMIRA";"Pista esburacada";"Tombamento";"Sem Vítimas";"Plena Noite";"Decrescente";"Céu Claro";"Simples";"Reta";"Não";2;0;0;0;1;3;0;4;-8,37947113;-55,09374797;"SPRF-PA";"DEL06-PA";"UOP02-DEL06-PA"
667862;2025-03-17;"segunda-feira";"11:00:00";"SC";282;68,5;"RANCHO QUEIMADO";"Problema com o freio";"Tombamento";"Com Vítimas Feridas";"Pleno dia";"Decrescente";"Céu Claro";"Simples";"Declive;Curva";"Não";5;0;4;1;0;0;5;1;-27,693467;-49,080683;"SPRF-SC";"DEL01-SC";"UOP03-DEL01-SC"
667868;2025-03-17;"segunda-feira";"13:45:00";"RS";153;2;"CACHOEIRA DO SUL";"Acessar a via sem observar a presença dos outros veículos";"Colisão transversal";"Com Vítimas Feridas";"Pleno dia";"Crescente";"Céu Claro";"Simples";"Aclive";"Não";3;0;0;1;1;1;1;3;-30,02310412;-52,90419102;"SPRF-RS";"DEL02-RS";"UOP03-DEL02-RS"
667870;2025-03-17;"segunda-feira";"13:50:00";"MG";262;602;"CAMPOS ALTOS";"Condutor Dormindo";"Saída de leito carroçável";"Com Vítimas Feridas";"Pleno dia";"Decrescente";"Nublado";"Simples";"Reta";"Não";2;0;1;0;0;1;1;2;-19,64590178;-46,24335408;"SPRF-MG";"DEL08-MG";"UOP02-DEL08-MG"
667872;2025-03-17;"segunda-feira";"15:10:00";"MG";381;451;"SABARA";"Mal súbito do condutor";"Colisão frontal";"Com Vítimas Feridas";"Pleno dia";"Crescente";"Céu Claro";"Simples";"Reta";"Sim";5;0;2;1;1;1;3;3;-19,83143022;-43,84497643;"SPRF-MG";"DEL01-MG";"UOP01-DEL01-MG"
667874;2025-03-17;"segunda-feira";"13:15:00";"SC";153;58;"IRANI";"Desrespeitar a preferência no cruzamento";"Colisão transversal";"Com Vítimas Feridas";"Pleno dia";"Decrescente";"Céu Claro";"Simples";"Interseção de Vias";"Não";4;0;1;0;2;2;1;4;-26,969629;-51,854066;"SPRF-SC";"DEL07-SC";"UOP07-DEL07-SC"
667876;2025-03-17;"segunda-feira";"15:10:00";"SP";381;65;"MAIRIPORA";"Problema com o freio";"Atropelamento de Pedestre";"Com Vítimas Fatais";"Pleno dia";"Crescente";"Nublado";"Dupla";"Reta";"Sim";5;1;1;0;2;1;1;5;-23,31001115;-46,58099592;"SPRF-SP";"DEL03-SP";"UOP01-DEL03-SP"
667877;2025-03-17;"segunda-feira";"14:40:00";"SC";101;221;"PALHOCA";"Reação tardia ou ineficiente do condutor";"Colisão lateral mesmo sentido";"Com Vítimas Feridas";"Pleno dia";"Decrescente";"Céu Claro";"Dupla";"Reta";"Não";2;0;1;0;0;1;1;2;-27,6992758;-48,66064483;"SPRF-SC";"DEL01-SC";"UOP02-DEL01-SC"
667879;2025-03-17;"segunda-feira";"15:10:00";"PR";277;330,8;"GUARAPUAVA";"Ingestão de álcool pelo condutor";"Colisão transversal";"Sem Vítimas";"Pleno dia";"Decrescente";"Céu Claro";"Simples";"Curva;Aclive";"Não";3;0;0;0;2;2;0;4;-25,35260259;-51,36588203;"SPRF-PR";"DEL08-PR";"UOP01-DEL08-PR"
667881;2025-03-17;"segunda-feira";"15:45:00";"CE";222;296;"TIANGUA";"Condutor Dormindo";"Colisão traseira";"Com Vítimas Feridas";"Pleno dia";"Crescente";"Nublado";"Simples";"Reta";"Não";4;0;0;2;1;1;2;3;-3,6825626;-40,9782368;"SPRF-CE";"DEL04-CE";"UOP02-DEL04-CE"
667885;2025-03-17;"segunda-feira";"13:50:00";"MG";40;558;"NOVA LIMA";"Condutor Dormindo";"Colisão com objeto";"Com Vítimas Feridas";"Pleno dia";"Crescente";"Nublado";"Dupla";"Aclive;Curva";"Sim";1;0;1;0;0;0;1;1;-20,08183;-43,979049;"SPRF-MG";"DEL01-MG";"UOP02-DEL01-MG"
667892;2025-03-17;"segunda-feira";"15:00:00";"SC";101;138,4;"BALNEARIO CAMBORIU";"Reação tardia ou ineficiente do condutor";"Colisão transversal";"Com Vítimas Fatais";"Pleno dia";"Crescente";"Céu Claro";"Simples";"Reta";"Sim";3;1;0;0;1;1;0;3;-27,026271;-48,606709;"SPRF-SC";"DEL04-SC";"UOP03-DEL04-SC"
667895;2025-03-17;"segunda-feira";"17:00:00";"RS";290;309;"CACHOEIRA DO SUL";"Velocidade Incompatível";"Colisão lateral sentido oposto";"Com Vítimas Feridas";"Pleno dia";"Crescente";"Céu Claro";"Simples";"Curva";"Não";19;0;15;0;3;1;15;4;-30,332354;-53,295268;"SPRF-RS";"DEL09-RS";"UOP02-DEL09-RS"
667899;2025-03-17;"segunda-feira";"17:00:00";"RJ";465;14;"SEROPEDICA";"Ultrapassagem Indevida";"Colisão lateral mesmo sentido";"Com Vítimas Feridas";"Anoitecer";"Crescente";"Nublado";"Simples";"Reta";"Não";3;0;1;0;2;0;1;2;-22,8024177;-43,64219958;"SPRF-RJ";"DEL06-RJ";"UOP02-DEL06-RJ"
667900;2025-03-17;"segunda-feira";"17:30:00";"SP";116;134,6;"SAO JOSE DOS CAMPOS";"Manobra de mudança de faixa";"Colisão traseira";"Com Vítimas Feridas";"Pleno dia";"Crescente";"Céu Claro";"Dupla";"Reta";"Não";4;0;2;0;1;1;2;3;-23,13997792;-45,76158192;"SPRF-SP";"DEL02-SP";"UOP01-DEL02-SP"
667902;2025-03-17;"segunda-feira";"18:00:00";"MG";262;552,2;"LUZ";"Velocidade Incompatível";"Tombamento";"Com Vítimas Fatais";"Pleno dia";"Decrescente";"Nublado";"Simples";"Declive;Curva";"Não";1;1;0;0;0;0;0;1;-19,72043203;-45,87743975;"SPRF-MG";"DEL08-MG";"UOP02-DEL08-MG"
667909;2025-03-17;"segunda-feira";"16:40:00";"ES";101;269;"SERRA";"Reação tardia ou ineficiente do condutor";"Colisão traseira";"Com Vítimas Feridas";"Pleno dia";"Decrescente";"Nublado";"Múltipla";"Reta";"Sim";2;0;0;1;1;0;1;2;-20,22333269;-40,27030941;"SPRF-ES";"DEL02-ES";"UOP01-DEL02-ES"
667911;2025-03-17;"segunda-feira";"17:00:00";"MT";163;813,5;"SINOP";"Iluminação deficiente";"Colisão lateral mesmo sentido";"Com Vítimas Feridas";"Pleno dia";"Decrescente";"Céu Claro";"Simples";"Reta";"Não";3;0;1;0;1;2;1;4;-12,05286649;-55,51737422;"SPRF-MT";"DEL06-MT";"UOP02-DEL06-MT"
667912;2025-01-13;"segunda-feira";"05:37:00";"ES";101;321,7;"GUARAPARI";"Ausência de reação do condutor";"Colisão traseira";"Com Vítimas Feridas";"Amanhecer";"Decrescente";"Chuva";"Dupla";"Declive;Reta";"Não";10;0;9;0;1;0;9;2;-20,52517057;-40,48003793;"SPRF-ES";"DEL03-ES";"UOP01-DEL03-ES"
667920;2025-03-17;"segunda-feira";"15:00:00";"PI";135;358;"ALVORADA DO GURGUEIA";"Reação tardia ou ineficiente do condutor";"Colisão traseira";"Com Vítimas Feridas";"Pleno dia";"Crescente";"Céu Claro";"Simples";"Reta";"Sim";3;0;1;0;2;0;1;3;-8,435335;-43,880823;"SPRF-PI";"DEL03-PI";"UOP02-DEL03-PI"