"id";"data_inversa";"dia_semana";"horario";"uf";"br";"km";"municipio";"causa_acidente";"tipo_acidente";"classificacao_acidente";"fase_dia";"sentido_via";"condicao_metereologica";"tipo_pista";"tracado_via";"uso_solo";"pessoas";"mortos";"feridos_leves";"feridos_graves";"ilesos";"ignorados";"feridos";"veiculos";"latitude";"longitude";"regional";"delegacia";"uop"
667922;2025-03-17;"segunda-feira";"19:15:00";"RS";290;151;"ARROIO DOS RATOS";"Acessar a via sem observar a presença dos outros veículos";"Colisão transversal";"Com Vítimas Feridas";"Plena Noite";"Crescente";"Céu Claro";"Simples";"Reta";"Sim";3;0;0;1;1;1;1;3;-30,104751;-51,727152;"SPRF-RS";"DEL02-RS";"UOP01-DEL02-RS"
667929;2025-03-17;"segunda-feira";"18:30:00";"RS";287;355;"JAGUARI";"Velocidade Incompatível";"Saída de leito carroçável";"Com Vítimas Feridas";"Anoitecer";"Crescente";"Céu Claro";"Simples";"Curva;Declive";"Não";2;0;1;0;0;2;1;3;-29,47893015;-54,68556766;"SPRF-RS";"DEL12-RS";"UOP02-DEL12-RS"
667933;2025-03-17;"segunda-feira";"14:00:00";"BA";101;166;"FEIRA DE SANTANA";"Demais falhas mecânicas ou elétricas";"Colisão frontal";"Com Vítimas Feridas";"Pleno dia";"Crescente";"Céu Claro";"Simples";"Reta";"Não";3;0;1;0;2;0;1;3;-12,36016643;-38,82516861;"SPRF-BA";"DEL01-BA";"UOP03-DEL01-BA"
667936;2025-03-17;"segunda-feira";"17:30:00";"ES";101;443,3;"MIMOSO DO SUL";"Condutor usando celular";"Saída de leito carroçável";"Com Vítimas Feridas";"Anoitecer";"Crescente";"Chuva";"Simples";"Curva";"Não";2;0;2;0;0;0;2;1;-21,100705;-41,254395;"SPRF-ES";"DEL03-ES";"UOP02-DEL03-ES"
667938;2025-03-17;"segunda-feira";"19:00:00";"SC";282;574,6;"PINHALZINHO";"Ultrapassagem Indevida";"Colisão frontal";"Com Vítimas Feridas";"Anoitecer";"Decrescente";"Céu Claro";"Simples";"Reta";"Não";3;0;1;0;2;0;1;3;-26,87288956;-52,95665503;"SPRF-SC";"DEL07-SC";"UOP02-DEL07-SC"
667939;2025-03-17;"segunda-feira";"12:20:00";"BA";101;942;"MUCURI";"Condutor deixou de manter distância do veículo da frente";"Colisão traseira";"Com Vítimas Feridas";"Pleno dia";"Crescente";"Céu Claro";"Simples";"Reta;Aclive";"Não";2;0;1;0;1;0;1;2;-18,07492844;-39,88455165;"SPRF-BA";"DEL09-BA";"UOP02-DEL09-BA"
667944;2025-03-17;"segunda-feira";"21:30:00";"PR";476;198;"LAPA";"Reação tardia ou ineficiente do condutor";"Colisão traseira";"Sem Vítimas";"Plena Noite";"Crescente";"Céu Claro";"Simples";"Reta";"Não";2;0;0;0;2;0;0;2;-25,76298063;-49,73680183;"SPRF-PR";"DEL01-PR";"UOP06-DEL01-PR"
667945;2025-03-17;"segunda-feira";"22:15:00";"DF";20;5;"BRASILIA";"Ausência de reação do condutor";"Saída de leito carroçável";"Com Vítimas Feridas";"Plena Noite";"Decrescente";"Céu Claro";"Dupla";"Reta";"Sim";1;0;1;0;0;0;1;1;-15,6628407;-47,8049954;"SPRF-DF";"DEL02-DF";"UOP01-DEL02-DF"
667947;2025-03-17;"segunda-feira";"19:45:00";"MG";116;535,5;"CARATINGA";"Ausência de reação do condutor";"Colisão frontal";"Com Vítimas Feridas";"Plena Noite";"Decrescente";"Nublado";"Simples";"Reta";"Não";4;0;2;0;0;3;2;5;-19,7558272;-42,1298176;"SPRF-MG";"DEL06-MG";"UOP02-DEL06-MG"
667955;2025-03-17;"segunda-feira";"23:45:00";"MG";365;433;"PATOS DE MINAS";"Chuva";"Tombamento";"Com Vítimas Feridas";"Plena Noite";"Decrescente";"Chuva";"Simples";"Declive;Curva";"Não";1;0;0;1;0;0;1;1;-18,7653;-46,6759;"SPRF-MG";"DEL10-MG";"UOP01-DEL10-MG"
667960;2025-03-18;"terça-feira";"03:00:00";"PR";376;675;"GUARATUBA";"Demais falhas mecânicas ou elétricas";"Incêndio";"Sem Vítimas";"Plena Noite";"Crescente";"Céu Claro";"Dupla";"Reta";"Não";2;0;0;0;1;2;0;3;-25,91043763;-48,92043807;"SPRF-PR";"DEL01-PR";"UOP04-DEL01-PR"
667965;2025-03-18;"terça-feira";"05:45:00";"SP";116;126;"CACAPAVA";"Reação tardia ou ineficiente do condutor";"Colisão traseira";"Sem Vítimas";"Amanhecer";"Crescente";"Céu Claro";"Dupla";"Reta";"Sim";3;0;0;0;2;1;0;3;-23,10369053;-45,69303989;"SPRF-SP";"DEL02-SP";"UOP02-DEL02-SP"
667968;2025-03-18;"terça-feira";"06:35:00";"PE";101;77;"RECIFE";"Acessar a via sem observar a presença dos outros veículos";"Colisão traseira";"Com Vítimas Fatais";"Pleno dia";"Crescente";"Chuva";"Dupla";"Declive;Reta";"Sim";4;1;1;0;1;1;1;3;-8,1271;-34,9442;"SPRF-PE";"DEL01-PE";"UOP01-DEL01-PE"
667969;2025-03-17;"segunda-feira";"23:55:00";"GO";364;133;"JATAI";"Ausência de reação do condutor";"Colisão traseira";"Com Vítimas Feridas";"Plena Noite";"Decrescente";"Céu Claro";"Simples";"Reta";"Não";3;0;0;1;1;2;1;4;-17,9234062;-51,6899997;"SPRF-GO";"DEL05-GO";"UOP02-DEL05-GO"
667972;2025-03-08;"sábado";"21:00:00";"PA";230;1118;"ITAITUBA";"Ausência de reação do condutor";"Colisão traseira";"Com Vítimas Feridas";"Plena Noite";"Decrescente";"Chuva";"Simples";"Reta;Declive";"Não";3;0;1;0;1;5;1;7;-4,35698041;-55,80607483;"SPRF-PA";"DEL06-PA";"UOP01-DEL06-PA"
667973;2025-03-18;"terça-feira";"06:00:00";"SP";116;413;"JUQUIA";"Acessar a via sem observar a presença dos outros veículos";"Atropelamento de Pedestre";"Com Vítimas Fatais";"Amanhecer";"Crescente";"Nublado";"Dupla";"Reta";"Não";1;1;0;0;0;0;0;1;-24,32741023;-47,6280365;"SPRF-SP";"DEL05-SP";"UOP01-DEL05-SP"
667983;2025-03-18;"terça-feira";"07:45:00";"RJ";116;178;"NOVA IGUACU";"Ausência de reação do condutor";"Queda de ocupante de veículo";"Com Vítimas Feridas";"Pleno dia";"Decrescente";"Céu Claro";"Dupla";"Reta";"Sim";3;0;1;0;2;0;1;3;-22,74439;-43,449206;"SPRF-RJ";"DEL06-RJ";"UOP01-DEL06-RJ"
667996;2025-03-17;"segunda-feira";"11:05:00";"BA";116;247;"QUIJINGUE";"Acostamento em desnível";"Saída de leito carroçável";"Com Vítimas Feridas";"Pleno dia";"Decrescente";"Céu Claro";"Simples";"Reta;Aclive";"Não";2;0;1;0;0;1;1;2;-10,757235;-38,903031;"SPRF-BA";"DEL07-BA";"UOP03-DEL07-BA"
667998;2025-03-18;"terça-feira";"07:00:00";"PR";153;355;"RIO AZUL";"Ausência de reação do condutor";"Saída de leito carroçável";"Com Vítimas Feridas";"Pleno dia";"Crescente";"Nublado";"Simples";"Reta";"Não";2;0;2;0;0;0;2;1;-25,671;-50,75;"SPRF-PR";"DEL08-PR";"UOP02-DEL08-PR"
667999;2025-03-18;"terça-feira";"09:20:00";"RN";226;91,2;"TANGARA";"Transitar na contramão";"Colisão lateral sentido oposto";"Com Vítimas Feridas";"Pleno dia";"Decrescente";"Céu Claro";"Simples";"Reta";"Não";2;0;0;1;1;0;1;2;-6,242311;-35,853781;"SPRF-RN";"DEL03-RN";"UOP02-DEL03-RN"
668000;2025-03-18;"terça-feira";"09:40:00";"PR";277;644,1;"CEU AZUL";"Ausência de reação do condutor";"Colisão traseira";"Com Vítimas Feridas";"Pleno dia";"Crescente";"Céu Claro";"Simples";"Reta";"Não";2;0;1;0;1;0;1;2;-25,17476167;-53,91369754;"SPRF-PR";"DEL05-PR";"UOP02-DEL05-PR"
668002;2025-03-18;"terça-feira";"09:50:00";"SE";101;155;"ESTANCIA";"Mal súbito do condutor";"Colisão frontal";"Com Vítimas Fatais";"Pleno dia";"Decrescente";"Garoa/Chuvisco";"Simples";"Curva";"Não";4;1;0;0;1;3;0;5;-11,28797167;-37,46761833;"SPRF-SE";"DEL02-SE";"UOP01-DEL02-SE"
668005;2025-03-18;"terça-feira";"05:30:00";"MG";381;211,3;"NAQUE";"Ausência de reação do condutor";"Tombamento";"Com Vítimas Feridas";"Amanhecer";"Decrescente";"Céu Claro";"Simples";"Aclive;Curva";"Não";2;0;1;0;1;0;1;1;-19,21164322;-42,30594635;"SPRF-MG";"DEL06-MG";"UOP01-DEL06-MG"
668006;2025-03-18;"terça-feira";"07:00:00";"AM";174;991;"PRESIDENTE FIGUEIREDO";"Carga excessiva e/ou mal acondicionada";"Tombamento";"Com Vítimas Feridas";"Pleno dia";"Crescente";"Céu Claro";"Múltipla";"Aclive;Reta";"Sim";2;0;1;0;0;1;1;2;-2,0488494;-60,0257659;"SPRF-AM";"DEL01-AM";"UOP02-DEL01-AM"
668009;2025-03-18;"terça-feira";"04:00:00";"PR";277;289;"PRUDENTOPOLIS";"Ausência de reação do condutor";"Saída de leito carroçável";"Com Vítimas Fatais";"Plena Noite";"Crescente";"Céu Claro";"Simples";"Aclive";"Não";1;1;0;0;0;0;0;1;-25,3173833;-51,0054389;"SPRF-PR";"DEL08-PR";"UOP02-DEL08-PR"
668010;2025-03-18;"terça-feira";"06:45:00";"MG";40;672,5;"CARANDAI";"Ausência de reação do condutor";"Saída de leito carroçável";"Com Vítimas Feridas";"Pleno dia";"Crescente";"Céu Claro";"Simples";"Reta";"Não";1;0;1;0;0;0;1;1;-21,03626644;-43,77371013;"SPRF-MG";"DEL05-MG";"UOP02-DEL05-MG"
668011;2025-03-18;"terça-feira";"08:10:00";"BA";407;26,7;"JUAZEIRO";"Velocidade Incompatível";"Capotamento";"Com Vítimas Fatais";"Pleno dia";"Crescente";"Sol";"Simples";"Reta";"Não";3;1;0;0;1;1;0;3;-9,65490785;-40,39089203;"SPRF-BA";"DEL04-BA";"UOP01-DEL04-BA"
668015;2025-03-18;"terça-feira";"09:40:00";"RJ";101;140;"CASIMIRO DE ABREU";"Ausência de reação do condutor";"Saída de leito carroçável";"Sem Vítimas";"Pleno dia";"Crescente";"Céu Claro";"Dupla";"Reta";"Não";2;0;0;0;1;1;0;2;-22,4753422;-42,1723699;"SPRF-RJ";"DEL08-RJ";"UOP04-DEL08-RJ"
668033;2025-01-31;"sexta-feira";"23:20:00";"SP";116;219;"GUARULHOS";"Ausência de reação do condutor";"Colisão traseira";"Com Vítimas Feridas";"Plena Noite";"Crescente";"Chuva";"Múltipla";"Reta";"Sim";5;0;3;0;1;1;3;3;-23,46143954;-46,48885316;"SPRF-SP";"DEL01-SP";"UOP01-DEL01-SP"
668036;2025-03-18;"terça-feira";"13:45:00";"SP";116;100,9;"PINDAMONHANGABA";"Trafegar com motocicleta (ou similar) entre as faixas";"Colisão lateral mesmo sentido";"Com Vítimas Feridas";"Pleno dia";"Decrescente";"Céu Claro";"Múltipla";"Reta";"Não";2;0;0;1;0;1;1;2;-22,9909008;-45,4797174;"SPRF-SP";"DEL08-SP";"UOP01-DEL08-SP"
668038;2025-03-18;"terça-feira";"13:00:00";"PA";10;17;"DOM ELISEU";"Acessar a via sem observar a presença dos outros veículos";"Queda de ocupante de veículo";"Com Vítimas Feridas";"Pleno dia";"Decrescente";"Céu Claro";"Simples";"Interseção de Vias;Reta";"Sim";2;0;1;0;1;0;1;2;-4,299375;-47,556163;"SPRF-PA";"DEL02-PA";"UOP02-DEL02-PA"
668039;2025-03-18;"terça-feira";"08:00:00";"BA";116;499,3;"SANTA TERESINHA";"Reação tardia ou ineficiente do condutor";"Saída de leito carroçável";"Com Vítimas Feridas";"Pleno dia";"Decrescente";"Chuva";"Simples";"Reta;Declive";"Não";2;0;1;0;0;9;1;10;-12,603922;-39,551028;"SPRF-BA";"DEL02-BA";"UOP01-DEL02-BA"
668040;2025-03-18;"terça-feira";"08:10:00";"BA";116;499,3;"SANTA TERESINHA";"Reação tardia ou ineficiente do condutor";"Colisão traseira";"Com Vítimas Feridas";"Pleno dia";"Decrescente";"Chuva";"Simples";"Reta;Declive";"Não";4;0;1;0;2;1;1;3;-12,603922;-39,551028;"SPRF-BA";"DEL02-BA";"UOP01-DEL02-BA"
668042;2025-03-18;"terça-feira";"12:30:00";"MT";70;517;"VARZEA GRANDE";"Acessar a via sem observar a presença dos outros veículos";"Colisão transversal";"Com Vítimas Feridas";"Pleno dia";"Crescente";"Céu Claro";"Simples";"Reta";"Sim";3;0;1;1;1;0;2;2;-15,7012883;-56,1608;"SPRF-MT";"DEL01-MT";"UOP02-DEL01-MT"
668060;2025-03-18;"terça-feira";"14:20:00";"MG";381;446,3;"SANTA LUZIA";"Ultrapassagem Indevida";"Colisão frontal";"Com Vítimas Fatais";"Pleno dia";"Crescente";"Sol";"Simples";"Aclive;Reta";"Não";2;1;0;0;1;0;0;2;-19,8179258;-43,81103039;"SPRF-MG";"DEL01-MG";"UOP01-DEL01-MG"
668062;2025-03-18;"terça-feira";"10:30:00";"RJ";101;405;"ITAGUAI";"Carga excessiva e/ou mal acondicionada";"Colisão transversal";"Com Vítimas Feridas";"Pleno dia";"Decrescente";"Sol";"Dupla";"Reta";"Sim";3;0;0;1;1;2;1;4;-22,868568;-43,804133;"SPRF-RJ";"DEL03-RJ";"UOP01-DEL03-RJ"
668064;2025-03-18;"terça-feira";"16:00:00";"PR";369;154,2;"LONDRINA";"Condutor desrespeitou a iluminação vermelha do semáforo";"Colisão transversal";"Com Vítimas Feridas";"Pleno dia";"Decrescente";"Céu Claro";"Dupla";"Retorno Regulamentado;Reta;Interseção de Vias";"Sim";2;0;0;1;1;0;1;2;-23,297;-51,202;"SPRF-PR";"DEL07-PR";"UOP01-DEL07-PR"
668065;2025-03-18;"terça-feira";"14:40:00";"BA";116;655;"JEQUIE";"Avarias e/ou desgaste excessivo no pneu";"Colisão lateral sentido oposto";"Com Vítimas Feridas";"Pleno dia";"Crescente";"Céu Claro";"Simples";"Reta";"Não";2;0;1;0;0;1;1;2;-13,7003338;-40,09580612;"SPRF-BA";"DEL03-BA";"UOP01-DEL03-BA"
668070;2025-03-18;"terça-feira";"16:00:00";"MS";163;662;"RIO VERDE DE MATO GROSSO";"Demais falhas mecânicas ou elétricas";"Incêndio";"Sem Vítimas";"Pleno dia";"Crescente";"Céu Claro";"Simples";"Aclive;Reta";"Não";2;0;0;0;1;1;0;2;-19,18464351;-54,75165367;"SPRF-MS";"DEL06-MS";"UOP02-DEL06-MS"
668071;2025-03-18;"terça-feira";"07:50:00";"BA";242;554;"OLIVEIRA DOS BREJINHOS";"Velocidade Incompatível";"Colisão lateral mesmo sentido";"Com Vítimas Fatais";"Pleno dia";"Decrescente";"Céu Claro";"Simples";"Reta";"Não";4;2;0;0;1;2;0;4;-12,17225105;-42,84334009;"SPRF-BA";"DEL06-BA";"UOP03-DEL06-BA"
668077;2025-03-18;"terça-feira";"16:30:00";"MG";50;170,9;"UBERABA";"Ausência de reação do condutor";"Colisão traseira";"Sem Vítimas";"Pleno dia";"Decrescente";"Chuva";"Dupla";"Curva;Aclive";"Sim";3;0;0;0;2;1;0;3;-19,74779595;-47,98298657;"SPRF-MG";"DEL13-MG";"UOP01-DEL13-MG"
668078;2025-03-18;"terça-feira";"17:45:00";"GO";60;382;"RIO VERDE";"Acumulo de água sobre o pavimento";"Colisão lateral mesmo sentido";"Com Vítimas Feridas";"Anoitecer";"Crescente";"Chuva";"Dupla";"Declive;Reta";"Sim";2;0;1;0;0;1;1;2;-17,78142731;-50,8960337;"SPRF-GO";"DEL04-GO";"UOP02-DEL04-GO"
668081;2025-03-18;"terça-feira";"15:30:00";"MS";163;841;"SONORA";"Falta de acostamento";"Saída de leito carroçável";"Com Vítimas Feridas";"Pleno dia";"Decrescente";"Céu Claro";"Simples";"Reta";"Não";2;0;1;0;0;2;1;3;-17,5723085;-54,74158198;"SPRF-MS";"DEL06-MS";"UOP01-DEL06-MS"
668082;2025-03-18;"terça-feira";"17:20:00";"MG";381;863,9;"POUSO ALEGRE";"Pedestre andava na pista";"Atropelamento de Pedestre";"Com Vítimas Feridas";"Anoitecer";"Crescente";"Céu Claro";"Dupla";"Reta;Aclive";"Não";2;0;1;0;1;0;1;2;-22,383569;-45,948645;"SPRF-MG";"DEL16-MG";"UOP01-DEL16-MG"
668083;2025-03-18;"terça-feira";"17:40:00";"MG";40;529;"CONTAGEM";"Acumulo de água sobre o pavimento";"Engavetamento";"Com Vítimas Feridas";"Anoitecer";"Decrescente";"Chuva";"Dupla";"Declive;Curva";"Sim";4;0;2;0;1;1;2;4;-19,91308734;-44,04061675;"SPRF-MG";"DEL01-MG";"UOP02-DEL01-MG"
668089;2025-03-18;"terça-feira";"19:00:00";"RJ";116;174;"SAO JOAO DE MERITI";"Reação tardia ou ineficiente do condutor";"Colisão traseira";"Com Vítimas Feridas";"Plena Noite";"Crescente";"Céu Claro";"Múltipla";"Reta";"Sim";2;0;1;0;1;0;1;2;-22,79799216;-43,36291909;"SPRF-RJ";"DEL06-RJ";"UOP01-DEL06-RJ"
668091;2025-03-18;"terça-feira";"15:10:00";"SC";282;602,1;"CUNHA PORA";"Reação tardia ou ineficiente do condutor";"Colisão traseira";"Com Vítimas Feridas";"Pleno dia";"Crescente";"Sol";"Simples";"Em Obras;Interseção de Vias;Reta";"Não";3;0;1;0;2;0;1;3;-26,80551412;-53,18127394;"SPRF-SC";"DEL07-SC";"UOP02-DEL07-SC"
668092;2025-03-18;"terça-feira";"18:40:00";"PR";153;42;"SANTO ANTONIO DA PLATINA";"Condutor desrespeitou a iluminação vermelha do semáforo";"Colisão transversal";"Com Vítimas Feridas";"Anoitecer";"Crescente";"Nublado";"Simples";"Rotatória;Interseção de Vias";"Sim";4;0;1;0;2;2;1;5;-23,29458762;-50,06507613;"SPRF-PR";"DEL07-PR";"UOP04-DEL07-PR"
668093;2025-03-18;"terça-feira";"15:46:00";"RJ";101;319;"NITEROI";"Demais falhas mecânicas ou elétricas";"Incêndio";"Sem Vítimas";"Pleno dia";"Crescente";"Céu Claro";"Dupla";"Reta";"Sim";1;0;0;0;1;0;0;1;-22,86145071;-43,10720265;"SPRF-RJ";"DEL02-RJ";"UOP02-DEL02-RJ"
668095;2025-03-18;"terça-feira";"18:45:00";"SC";282;2;"FLORIANOPOLIS";"Velocidade Incompatível";"Colisão traseira";"Com Vítimas Feridas";"Plena Noite";"Crescente";"Chuva";"Múltipla";"Reta";"Não";4;0;0;1;2;1;1;4;-27,601865;-48,59318;"SPRF-SC";"DEL01-SC";"UOP01-DEL01-SC"
668098;2025-03-18;"terça-feira";"18:20:00";"PE";232;409;"SERRA TALHADA";"Ausência de reação do condutor";"Colisão traseira";"Com Vítimas Feridas";"Plena Noite";"Decrescente";"Nublado";"Simples";"Aclive;Reta";"Sim";3;0;2;0;1;0;2;2;-7,9762;-38,289638;"SPRF-PE";"DEL04-PE";"UOP01-DEL04-PE"
668100;2025-03-18;"terça-feira";"18:38:00";"PR";277;549,7;"CASCAVEL";"Iluminação deficiente";"Atropelamento de Pedestre";"Com Vítimas Feridas";"Plena Noite";"Crescente";"Céu Claro";"Simples";"Curva";"Não";3;0;1;0;1;1;1;3;-24,9838909;-53,3732006;"SPRF-PR";"DEL04-PR";"UOP04-DEL04-PR"
668101;2025-03-18;"terça-feira";"18:20:00";"BA";101;496;"ITABUNA";"Carga excessiva e/ou mal acondicionada";"Colisão com objeto";"Com Vítimas Feridas";"Plena Noite";"Decrescente";"Nublado";"Simples";"Reta";"Não";2;0;1;0;0;1;1;2;-14,736965;-39,334628;"SPRF-BA";"DEL05-BA";"UOP01-DEL05-BA"
668104;2025-03-18;"terça-feira";"19:20:00";"MT";158;649;"NOVA XAVANTINA";"Ultrapassagem Indevida";"Colisão frontal";"Com Vítimas Fatais";"Plena Noite";"Crescente";"Céu Claro";"Simples";"Reta";"Não";9;2;0;5;1;2;5;4;-14,63525902;-52,35593367;"SPRF-MT";"DEL07-MT";"UOP02-DEL07-MT"
668114;2025-03-18;"terça-feira";"20:00:00";"MG";381;507;"BETIM";"Ausência de reação do condutor";"Colisão traseira";"Sem Vítimas";"Plena Noite";"Decrescente";"Chuva";"Dupla";"Reta";"Sim";2;0;0;0;2;0;0;2;-20,03481503;-44,24294818;"SPRF-MG";"DEL01-MG";"UOP03-DEL01-MG"
668115;2025-03-18;"terça-feira";"14:40:00";"SC";280;153,5;"MAFRA";"Ultrapassagem Indevida";"Colisão lateral sentido oposto";"Com Vítimas Feridas";"Pleno dia";"Decrescente";"Garoa/Chuvisco";"Simples";"Reta";"Não";8;0;2;2;1;3;4;6;-26,23190811;-49,70103264;"SPRF-SC";"DEL06-SC";"UOP03-DEL06-SC"
668116;2025-03-18;"terça-feira";"17:20:00";"MG";116;681,4;"MIRADOURO";"Transitar na contramão";"Colisão frontal";"Com Vítimas Feridas";"Pleno dia";"Decrescente";"Sol";"Simples";"Curva;Declive";"Não";5;0;0;1;3;2;1;6;-20,95572878;-42,35031009;"SPRF-MG";"DEL07-MG";"UOP02-DEL07-MG"
668126;2025-03-18;"terça-feira";"19:00:00";"ES";262;64;"MARECHAL FLORIANO";"Carga excessiva e/ou mal acondicionada";"Capotamento";"Com Vítimas Feridas";"Plena Noite";"Decrescente";"Céu Claro";"Simples";"Curva";"Não";1;0;1;0;0;0;1;1;-20,417891;-40,815948;"SPRF-ES";"DEL01-ES";"UOP02-DEL01-ES"
668130;2025-03-18;"terça-feira";"19:10:00";"SP";116;348;"MIRACATU";"Demais falhas mecânicas ou elétricas";"Incêndio";"Sem Vítimas";"Plena Noite";"Decrescente";"Céu Claro";"Múltipla";"Aclive";"Não";1;0;0;0;1;0;0;1;-24,04997767;-47,19981909;"SPRF-SP";"DEL04-SP";"UOP03-DEL04-SP"
668140;2025-03-18;"terça-feira";"21:00:00";"MT";364;203,9;"RONDONOPOLIS";"Acessar a via sem observar a presença dos outros veículos";"Colisão lateral mesmo sentido";"Sem Vítimas";"Plena Noite";"Decrescente";"Chuva";"Dupla";"Retorno Regulamentado";"Sim";2;0;0;0;2;0;0;2;-16,46361008;-54,6589458;"SPRF-MT";"DEL02-MT";"UOP01-DEL02-MT"
668141;2025-03-18;"terça-feira";"22:45:00";"RJ";101;321;"NITEROI";"Carga excessiva e/ou mal acondicionada";"Capotamento";"Com Vítimas Fatais";"Plena Noite";"Decrescente";"Nublado";"Múltipla";"Curva";"Sim";3;1;1;0;1;0;1;2;-22,8679469;-43,1108998;"SPRF-RJ";"DEL02-RJ";"UOP01-DEL02-RJ"
668142;2025-03-18;"terça-feira";"14:30:00";"AM";174;905;"MANAUS";"Reação tardia ou ineficiente do condutor";"Colisão traseira";"Com Vítimas Feridas";"Pleno dia";"Crescente";"Nublado";"Simples";"Interseção de Vias;Reta;Declive";"Não";7;0;4;0;2;1;4;3;-2,79310794;-60,03673732;"SPRF-AM";"DEL01-AM";"UOP01-DEL01-AM"
668145;2025-03-18;"terça-feira";"22:40:00";"PI";316;12,8;"TERESINA";"Ausência de reação do condutor";"Saída de leito carroçável";"Com Vítimas Feridas";"Plena Noite";"Decrescente";"Céu Claro";"Múltipla";"Reta";"Sim";2;0;1;0;0;1;1;2;-5,21070736;-42,75520563;"SPRF-PI";"DEL01-PI";"UOP02-DEL01-PI"
668146;2025-03-18;"terça-feira";"23:08:00";"RS";290;4;"OSORIO";"Ausência de reação do condutor";"Tombamento";"Com Vítimas Feridas";"Plena Noite";"Crescente";"Céu Claro";"Múltipla";"Reta";"Não";2;0;1;0;0;1;1;2;-29,89779122;-50,31953746;"SPRF-RS";"DEL03-RS";"UOP01-DEL03-RS"
668147;2025-03-18;"terça-feira";"22:55:00";"MT";158;574;"AGUA BOA";"Faróis desregulados";"Colisão traseira";"Com Vítimas Feridas";"Plena Noite";"Crescente";"Céu Claro";"Simples";"Curva";"Não";6;0;2;0;2;3;2;5;-14,137398;-52,199563;"SPRF-MT";"DEL07-MT";"UOP02-DEL07-MT"
668148;2025-03-18;"terça-feira";"22:30:00";"MG";262;539;"LUZ";"Velocidade Incompatível";"Saída de leito carroçável";"Com Vítimas Feridas";"Plena Noite";"Crescente";"Ignorado";"Simples";"Curva";"Não";2;0;0;1;0;1;1;2;-19,746465;-45,824668;"SPRF-MG";"DEL08-MG";"UOP02-DEL08-MG"
668150;2025-03-19;"quarta-feira";"02:00:00";"SP";116;336;"JUQUITIBA";"Ausência de reação do condutor";"Colisão traseira";"Com Vítimas Feridas";"Plena Noite";"Decrescente";"Nublado";"Dupla";"Reta";"Sim";3;0;0;1;1;1;1;3;-23,9794341;-47,1442313;"SPRF-SP";"DEL04-SP";"UOP03-DEL04-SP"
668151;2025-03-19;"quarta-feira";"00:30:00";"PB";230;157,4;"CAMPINA GRANDE";"Transitar na contramão";"Colisão frontal";"Com Vítimas Fatais";"Plena Noite";"Crescente";"Vento";"Simples";"Reta";"Sim";3;2;0;0;0;1;0;2;-7,2653751;-35,9179499;"SPRF-PB";"DEL02-PB";"UOP01-DEL02-PB"
668153;2025-03-19;"quarta-feira";"03:30:00";"MG";262;691;"ARAXA";"Condutor Dormindo";"Saída de leito carroçável";"Com Vítimas Feridas";"Plena Noite";"Crescente";"Céu Claro";"Simples";"Ponte";"Não";1;0;0;1;0;0;1;1;-19,54851648;-46,9524299;"SPRF-MG";"DEL08-MG";"UOP01-DEL08-MG"
668156;2025-03-19;"quarta-feira";"03:40:00";"BA";101;23,5;"RIO REAL";"Iluminação deficiente";"Colisão traseira";"Sem Vítimas";"Plena Noite";"Crescente";"Céu Claro";"Simples";"Reta;Aclive";"Não";2;0;0;0;2;0;0;2;-11,68723972;-37,90187716;"SPRF-SE";"DEL02-SE";"UOP03-DEL02-SE"
668158;2025-03-19;"quarta-feira";"05:40:00";"ES";101;3,2;"SERRA";"Condutor Dormindo";"Colisão traseira";"Sem Vítimas";"Amanhecer";"Decrescente";"Céu Claro";"Simples";"Reta";"Não";3;0;0;0;2;4;0;6;-20,11136907;-40,34649567;"SPRF-ES";"DEL02-ES";"UOP01-DEL02-ES"
668159;2025-03-19;"quarta-feira";"06:00:00";"SP";116;348;"MIRACATU";"Reação tardia ou ineficiente do condutor";"Tombamento";"Com Vítimas Feridas";"Pleno dia";"Decrescente";"Nublado";"Múltipla";"Curva;Aclive";"Não";2;0;1;0;0;1;1;2;-24,05057531;-47,20005512;"SPRF-SP";"DEL04-SP";"UOP03-DEL04-SP"
668167;2025-03-19;"quarta-feira";"06:40:00";"ES";101;236,1;"FUNDAO";"Reação tardia ou ineficiente do condutor";"Colisão traseira";"Com Vítimas Fatais";"Pleno dia";"Decrescente";"Céu Claro";"Simples";"Reta";"Não";2;1;0;0;1;0;0;2;-19,987038;-40,414078;"SPRF-ES";"DEL02-ES";"UOP01-DEL02-ES"
668172;2025-03-18;"terça-feira";"23:30:00";"RO";364;305;"PRESIDENTE MEDICI";"Ingestão de álcool pelo condutor";"Colisão frontal";"Sem Vítimas";"Plena Noite";"Crescente";"Céu Claro";"Simples";"Reta";"Não";3;0;0;0;2;1;0;3;-11,19628281;-61,90147508;"SPRF-RO";"DEL02-RO";"UOP01-DEL02-RO"
668178;2025-03-19;"quarta-feira";"07:55:00";"PE";101;29;"ITAPISSUMA";"Demais falhas mecânicas ou elétricas";"Colisão traseira";"Com Vítimas Feridas";"Pleno dia";"Crescente";"Céu Claro";"Dupla";"Reta";"Não";2;0;0;1;1;0;1;2;-7,731785;-34,94176;"SPRF-PE";"DEL01-PE";"UOP02-DEL01-PE"