"id";"data_inversa";"dia_semana";"horario";"uf";"br";"km";"municipio";"causa_acidente";"tipo_acidente";"classificacao_acidente";"fase_dia";"sentido_via";"condicao_metereologica";"tipo_pista";"tracado_via";"uso_solo";"pessoas";"mortos";"feridos_leves";"feridos_graves";"ilesos";"ignorados";"feridos";"veiculos";"latitude";"longitude";"regional";"delegacia";"uop"
668185;2025-03-19;"quarta-feira";"06:30:00";"MG";381;388;"BARAO DE COCAIS";"Condutor Dormindo";"Colisão lateral sentido oposto";"Com Vítimas Feridas";"Amanhecer";"Crescente";"Nublado";"Simples";"Curva";"Não";3;0;1;0;1;1;1;3;-19,81612916;-43,39633942;"SPRF-MG";"DEL01-MG";"UOP01-DEL01-MG"
668186;2025-03-19;"quarta-feira";"06:50:00";"MA";135;20;"SAO LUIS";"Manobra de mudança de faixa";"Colisão lateral mesmo sentido";"Com Vítimas Feridas";"Pleno dia";"Crescente";"Sol";"Dupla";"Reta";"Sim";2;0;1;0;1;0;1;2;-2,55750562;-44,31245327;"SPRF-MA";"DEL01-MA";"UOP01-DEL01-MA"
668190;2025-03-19;"quarta-feira";"08:20:00";"RJ";493;96;"SEROPEDICA";"Ausência de reação do condutor";"Colisão lateral mesmo sentido";"Com Vítimas Feridas";"Pleno dia";"Crescente";"Nublado";"Dupla";"Reta";"Não";3;0;1;0;1;1;1;3;-22,711956;-43,702193;"SPRF-RJ";"DEL01-RJ";"UOP03-DEL01-RJ"
668193;2025-03-19;"quarta-feira";"09:00:00";"PE";101;39,5;"IGARASSU";"Manobra de mudança de faixa";"Colisão lateral mesmo sentido";"Com Vítimas Feridas";"Pleno dia";"Crescente";"Sol";"Dupla";"Reta;Retorno Regulamentado";"Sim";3;0;0;2;0;3;2;5;-7,816;-34,918;"SPRF-PE";"DEL01-PE";"UOP02-DEL01-PE"
668194;2025-03-19;"quarta-feira";"06:50:00";"MS";163;76;"ITAQUIRAI";"Acessar a via sem observar a presença dos outros veículos";"Colisão transversal";"Com Vítimas Feridas";"Pleno dia";"Decrescente";"Céu Claro";"Simples";"Reta;Declive";"Sim";4;0;2;0;1;2;2;4;-23,493609;-54,185672;"SPRF-MS";"DEL09-MS";"UOP01-DEL09-MS"
668195;2025-03-19;"quarta-feira";"06:45:00";"MT";163;748;"SORRISO";"Reação tardia ou ineficiente do condutor";"Colisão com objeto";"Sem Vítimas";"Pleno dia";"Crescente";"Céu Claro";"Dupla";"Reta";"Sim";2;0;0;0;1;1;0;2;-12,574136;-55,728291;"SPRF-MT";"DEL06-MT";"UOP01-DEL06-MT"
668201;2025-03-19;"quarta-feira";"09:40:00";"PR";116;103;"SAO JOSE DOS PINHAIS";"Ausência de reação do condutor";"Atropelamento de Pedestre";"Com Vítimas Feridas";"Pleno dia";"Decrescente";"Céu Claro";"Dupla";"Reta";"Não";3;0;1;0;1;1;1;2;-25,53872419;-49,20639038;"SPRF-PR";"DEL01-PR";"UOP07-DEL01-PR"
668204;2025-03-19;"quarta-feira";"10:00:00";"MG";262;403,5;"PARA DE MINAS";"Ausência de reação do condutor";"Tombamento";"Com Vítimas Feridas";"Pleno dia";"Decrescente";"Céu Claro";"Dupla";"Curva";"Não";2;0;0;1;0;1;1;2;-19,88938026;-44,62763429;"SPRF-MG";"DEL01-MG";"UOP03-DEL01-MG"
668205;2025-03-19;"quarta-feira";"08:50:00";"PR";163;139,6;"CAPITAO LEONIDAS MARQUES";"Ultrapassagem Indevida";"Colisão frontal";"Com Vítimas Feridas";"Pleno dia";"Crescente";"Sol";"Simples";"Curva";"Não";5;0;4;0;0;1;4;3;-25,48248629;-53,59173775;"SPRF-PR";"DEL05-PR";"UOP05-DEL05-PR"
668208;2025-03-19;"quarta-feira";"07:30:00";"MA";10;319;"ACAILANDIA";"Manobra de mudança de faixa";"Colisão frontal";"Com Vítimas Feridas";"Amanhecer";"Crescente";"Céu Claro";"Simples";"Reta";"Não";8;0;0;6;1;1;6;3;-4,96702943;-47,51173485;"SPRF-MA";"DEL04-MA";"UOP03-DEL04-MA"
668214;2025-03-19;"quarta-feira";"09:30:00";"RS";116;261;"CANOAS";"Condutor deixou de manter distância do veículo da frente";"Colisão traseira";"Sem Vítimas";"Pleno dia";"Crescente";"Céu Claro";"Múltipla";"Reta";"Sim";2;0;0;0;2;0;0;2;-29,8882604;-51,1790884;"SPRF-RS";"DEL01-RS";"UOP01-DEL01-RS"
668219;2025-03-19;"quarta-feira";"07:00:00";"MG";267;62;"BICAS";"Ausência de reação do condutor";"Saída de leito carroçável";"Com Vítimas Feridas";"Pleno dia";"Crescente";"Nublado";"Simples";"Reta";"Não";3;0;2;0;1;0;2;1;-21,73201346;-43,08307886;"SPRF-MG";"DEL05-MG";"UOP01-DEL05-MG"
668221;2025-03-19;"quarta-feira";"08:30:00";"SC";101;441,1;"SANTA ROSA DO SUL";"Condutor Dormindo";"Colisão traseira";"Com Vítimas Feridas";"Pleno dia";"Decrescente";"Céu Claro";"Múltipla";"Reta;Viaduto";"Sim";3;0;0;1;2;0;1;3;-29,129771;-49,68719;"SPRF-SC";"DEL02-SC";"UOP02-DEL02-SC"
668228;2025-03-19;"quarta-feira";"11:40:00";"PR";369;93,9;"CORNELIO PROCOPIO";"Condutor usando celular";"Colisão lateral mesmo sentido";"Sem Vítimas";"Pleno dia";"Decrescente";"Céu Claro";"Dupla";"Reta";"Sim";2;0;0;0;2;0;0;2;-23,21869897;-50,6704222;"SPRF-PR";"DEL07-PR";"UOP05-DEL07-PR"
668230;2025-03-19;"quarta-feira";"10:10:00";"RS";287;326;"SAO VICENTE DO SUL";"Reação tardia ou ineficiente do condutor";"Engavetamento";"Com Vítimas Feridas";"Pleno dia";"Crescente";"Sol";"Simples";"Em Obras;Reta;Declive";"Não";4;0;0;1;2;1;1;4;-29,6814792;-54,6371069;"SPRF-RS";"DEL09-RS";"UOP01-DEL09-RS"
668231;2025-03-19;"quarta-feira";"10:50:00";"MT";70;70;"GENERAL CARNEIRO";"Ultrapassagem Indevida";"Colisão frontal";"Com Vítimas Fatais";"Pleno dia";"Crescente";"Céu Claro";"Simples";"Reta";"Sim";3;1;0;0;1;3;0;5;-15,70758909;-52,76166351;"SPRF-MT";"DEL07-MT";"UOP01-DEL07-MT"
668235;2025-02-02;"domingo";"06:19:00";"PA";163;309,6;"NOVO PROGRESSO";"Reação tardia ou ineficiente do condutor";"Colisão frontal";"Sem Vítimas";"Amanhecer";"Crescente";"Chuva";"Simples";"Reta";"Não";5;0;0;0;1;6;0;5;-7,050078;-55,410765;"SPRF-PA";"DEL06-PA";"UOP02-DEL06-PA"
668236;2025-03-19;"quarta-feira";"10:20:00";"MG";116;751;"LEOPOLDINA";"Reação tardia ou ineficiente do condutor";"Saída de leito carroçável";"Com Vítimas Feridas";"Pleno dia";"Crescente";"Chuva";"Simples";"Reta";"Não";3;0;2;0;1;0;2;2;-21,47018733;-42,55882317;"SPRF-MG";"DEL07-MG";"UOP01-DEL07-MG"
668237;2025-03-19;"quarta-feira";"11:40:00";"SC";282;643,4;"SAO MIGUEL DO OESTE";"Acessar a via sem observar a presença dos outros veículos";"Colisão transversal";"Com Vítimas Feridas";"Pleno dia";"Decrescente";"Céu Claro";"Múltipla";"Declive;Curva";"Não";2;0;0;1;1;0;1;2;-26,76999574;-53,47424442;"SPRF-SC";"DEL07-SC";"UOP03-DEL07-SC"
668246;2025-03-19;"quarta-feira";"13:00:00";"PI";343;14;"PARNAIBA";"Conversão proibida";"Colisão lateral mesmo sentido";"Com Vítimas Feridas";"Pleno dia";"Crescente";"Céu Claro";"Dupla";"Rotatória";"Sim";3;0;1;1;1;0;2;2;-2,92894855;-41,75353646;"SPRF-PI";"DEL05-PI";"UOP01-DEL05-PI"
668248;2025-03-19;"quarta-feira";"14:00:00";"SC";101;146;"ITAPEMA";"Desrespeitar a preferência no cruzamento";"Colisão transversal";"Com Vítimas Feridas";"Pleno dia";"Crescente";"Céu Claro";"Múltipla";"Interseção de Vias";"Sim";2;0;0;1;1;0;1;2;-27,08771955;-48,61165401;"SPRF-SC";"DEL04-SC";"UOP03-DEL04-SC"
668252;2025-03-19;"quarta-feira";"14:00:00";"MG";40;763,6;"JUIZ DE FORA";"Problema com o freio";"Incêndio";"Sem Vítimas";"Pleno dia";"Decrescente";"Chuva";"Simples";"Curva;Declive";"Não";1;0;0;0;1;0;0;1;-21,57172804;-43,47650528;"SPRF-MG";"DEL05-MG";"UOP01-DEL05-MG"
668255;2025-03-19;"quarta-feira";"12:50:00";"PR";277;37,6;"MORRETES";"Acessar a via sem observar a presença dos outros veículos";"Colisão lateral mesmo sentido";"Sem Vítimas";"Pleno dia";"Crescente";"Céu Claro";"Dupla";"Aclive;Curva";"Não";3;0;0;0;2;1;0;3;-25,57484;-48,852041;"SPRF-PR";"DEL01-PR";"UOP05-DEL01-PR"
668256;2025-03-19;"quarta-feira";"07:50:00";"MG";251;350;"PADRE CARVALHO";"Reação tardia ou ineficiente do condutor";"Colisão com objeto";"Com Vítimas Feridas";"Pleno dia";"Decrescente";"Sol";"Simples";"Ponte;Curva;Declive";"Não";2;0;1;0;1;0;1;1;-16,25767072;-42,52407432;"SPRF-MG";"DEL12-MG";"UOP02-DEL12-MG"
668261;2025-02-23;"domingo";"15:55:00";"MA";135;76;"SANTA RITA";"Transitar na contramão";"Colisão traseira";"Sem Vítimas";"Pleno dia";"Decrescente";"Céu Claro";"Simples";"Curva";"Não";3;0;0;0;2;2;0;4;-3,192188;-44,352892;"SPRF-MA";"DEL01-MA";"UOP02-DEL01-MA"
668266;2025-03-19;"quarta-feira";"08:10:00";"SC";116;107,7;"MONTE CASTELO";"Reação tardia ou ineficiente do condutor";"Tombamento";"Com Vítimas Feridas";"Pleno dia";"Decrescente";"Céu Claro";"Simples";"Declive;Curva";"Não";2;0;1;0;0;1;1;2;-26,75422;-50,332398;"SPRF-SC";"DEL06-SC";"UOP02-DEL06-SC"
668276;2025-03-19;"quarta-feira";"16:55:00";"RN";101;157;"CANGUARETAMA";"Problema com o freio";"Colisão traseira";"Com Vítimas Feridas";"Anoitecer";"Crescente";"Céu Claro";"Dupla";"Declive";"Não";2;0;1;0;1;0;1;2;-6,37047778;-35,153409;"SPRF-RN";"DEL01-RN";"UOP01-DEL01-RN"
668280;2025-03-19;"quarta-feira";"13:59:00";"MT";163;1051;"MATUPA";"Acessar a via sem observar a presença dos outros veículos";"Colisão transversal";"Com Vítimas Feridas";"Pleno dia";"Crescente";"Céu Claro";"Simples";"Reta";"Não";3;0;1;0;1;3;1;5;-10,072195;-54,906798;"SPRF-MT";"DEL06-MT";"UOP03-DEL06-MT"
668282;2025-03-19;"quarta-feira";"17:15:00";"SC";101;114,1;"ITAJAI";"Trafegar com motocicleta (ou similar) entre as faixas";"Colisão lateral mesmo sentido";"Com Vítimas Feridas";"Pleno dia";"Decrescente";"Sol";"Múltipla";"Reta";"Sim";2;0;0;1;1;0;1;2;-26,86199211;-48,72849779;"SPRF-SC";"DEL04-SC";"UOP04-DEL04-SC"
668284;2025-03-19;"quarta-feira";"16:10:00";"MS";262;111;"AGUA CLARA";"Demais falhas mecânicas ou elétricas";"Incêndio";"Sem Vítimas";"Pleno dia";"Crescente";"Céu Claro";"Simples";"Reta;Aclive";"Não";2;0;0;0;1;1;0;2;-20,5273629;-52,5910365;"SPRF-MS";"DEL07-MS";"UOP02-DEL07-MS"
668286;2025-03-19;"quarta-feira";"15:50:00";"SC";282;664;"FLORIANOPOLIS";"Acessar a via sem observar a presença dos outros veículos";"Colisão transversal";"Com Vítimas Feridas";"Pleno dia";"Crescente";"Céu Claro";"Simples";"Interseção de Vias";"Não";2;0;1;0;1;0;1;2;-27,5939328;-48,5588992;"SPRF-SC";"DEL07-SC";"UOP03-DEL07-SC"
668287;2025-03-19;"quarta-feira";"16:05:00";"RR";174;493;"BOA VISTA";"Curva acentuada";"Tombamento";"Com Vítimas Feridas";"Anoitecer";"Crescente";"Céu Claro";"Simples";"Viaduto;Aclive;Curva";"Não";2;0;1;0;1;0;1;1;2,74802901;-60,74364178;"SPRF-RR";"DEL01-RR";"UOP01-DEL01-RR"
668289;2025-03-19;"quarta-feira";"15:40:00";"RO";364;80;"VILHENA";"Ultrapassagem Indevida";"Colisão lateral sentido oposto";"Com Vítimas Feridas";"Pleno dia";"Crescente";"Garoa/Chuvisco";"Simples";"Reta";"Não";2;0;1;0;1;0;1;2;-12,43089217;-60,57847196;"SPRF-RO";"DEL04-RO";"UOP01-DEL04-RO"
668290;2025-03-19;"quarta-feira";"15:00:00";"PI";222;144,6;"BATALHA";"Ausência de reação do condutor";"Colisão com objeto";"Com Vítimas Fatais";"Pleno dia";"Crescente";"Chuva";"Simples";"Reta";"Sim";2;1;0;0;0;1;0;2;-3,914183;-42,228285;"SPRF-PI";"DEL02-PI";"UOP01-DEL02-PI"
668293;2025-03-19;"quarta-feira";"15:40:00";"RJ";40;111;"DUQUE DE CAXIAS";"Demais falhas mecânicas ou elétricas";"Saída de leito carroçável";"Sem Vítimas";"Pleno dia";"Crescente";"Chuva";"Dupla";"Reta";"Não";1;0;0;0;1;0;0;1;-22,6744635;-43,2853322;"SPRF-RJ";"DEL01-RJ";"UOP02-DEL01-RJ"
668294;2025-03-19;"quarta-feira";"15:30:00";"RJ";40;71;"PETROPOLIS";"Chuva";"Saída de leito carroçável";"Com Vítimas Feridas";"Pleno dia";"Decrescente";"Chuva";"Dupla";"Curva";"Sim";1;0;1;0;0;0;1;1;-22,5379795;-43,2231173;"SPRF-RJ";"DEL01-RJ";"UOP01-DEL01-RJ"
668298;2025-03-19;"quarta-feira";"17:30:00";"BA";116;0;"VITORIA DA CONQUISTA";"Manobra de mudança de faixa";"Colisão frontal";"Com Vítimas Feridas";"Pleno dia";"Crescente";"Céu Claro";"Simples";"Reta";"Não";3;0;2;0;1;0;2;2;-14,8259;-40,8322;"SPRF-BA";"DEL08-BA";"UOP01-DEL08-BA"
668303;2025-03-19;"quarta-feira";"15:45:00";"PR";277;411;"CANDOI";"Ausência de reação do condutor";"Tombamento";"Com Vítimas Feridas";"Pleno dia";"Crescente";"Céu Claro";"Simples";"Curva";"Não";2;0;1;0;0;1;1;2;-25,41651752;-52,04835713;"SPRF-PR";"DEL04-PR";"UOP02-DEL04-PR"
668305;2025-03-19;"quarta-feira";"18:50:00";"BA";324;517;"FEIRA DE SANTANA";"Acessar a via sem observar a presença dos outros veículos";"Atropelamento de Pedestre";"Com Vítimas Fatais";"Plena Noite";"Decrescente";"Ignorado";"Simples";"Reta";"Sim";3;1;0;0;1;1;0;2;-12,25632224;-38,93227335;"SPRF-BA";"DEL02-BA";"UOP01-DEL02-BA"
668306;2025-03-19;"quarta-feira";"19:45:00";"RS";392;717,9;"PORTO XAVIER";"Ultrapassagem Indevida";"Colisão frontal";"Com Vítimas Feridas";"Plena Noite";"Crescente";"Céu Claro";"Simples";"Curva";"Sim";7;0;2;2;2;1;4;5;-27,927827;-55,134281;"SPRF-RS";"DEL10-RS";"UOP01-DEL10-RS"
668309;2025-03-19;"quarta-feira";"18:05:00";"PA";155;343;"MARABA";"Acesso irregular";"Colisão transversal";"Com Vítimas Feridas";"Pleno dia";"Crescente";"Céu Claro";"Simples";"Reta;Interseção de Vias";"Sim";3;0;1;0;1;1;1;3;-5,362532;-49,078557;"SPRF-PA";"DEL03-PA";"UOP01-DEL03-PA"
668310;2025-03-19;"quarta-feira";"20:10:00";"PE";423;22;"SAO CAITANO";"Reação tardia ou ineficiente do condutor";"Saída de leito carroçável";"Com Vítimas Feridas";"Plena Noite";"Crescente";"Céu Claro";"Simples";"Curva";"Não";2;0;1;0;0;1;1;2;-8,353812;-36,171841;"SPRF-PE";"DEL03-PE";"UOP02-DEL03-PE"
668311;2025-03-19;"quarta-feira";"17:30:00";"MT";174;544;"COMODORO";"Chuva";"Tombamento";"Com Vítimas Feridas";"Anoitecer";"Crescente";"Chuva";"Simples";"Reta";"Não";2;0;1;0;0;2;1;3;-13,23092636;-59,86505494;"SPRF-MT";"DEL04-MT";"UOP02-DEL04-MT"
668318;2025-03-19;"quarta-feira";"21:20:00";"ES";101;238,5;"FUNDAO";"Desvio temporário";"Colisão transversal";"Com Vítimas Feridas";"Plena Noite";"Crescente";"Céu Claro";"Simples";"Interseção de Vias;Curva;Desvio Temporário;Em Obras";"Sim";3;0;0;1;1;1;1;3;-20,00638;-40,411482;"SPRF-ES";"DEL02-ES";"UOP01-DEL02-ES"
668321;2025-03-19;"quarta-feira";"19:50:00";"MS";163;484;"CAMPO GRANDE";"Acessar a via sem observar a presença dos outros veículos";"Colisão lateral mesmo sentido";"Com Vítimas Feridas";"Plena Noite";"Decrescente";"Céu Claro";"Simples";"Retorno Regulamentado;Interseção de Vias";"Sim";3;0;1;0;1;2;1;4;-20,44747627;-54,5409447;"SPRF-MS";"DEL01-MS";"UOP02-DEL01-MS"
668324;2025-03-19;"quarta-feira";"20:00:00";"PR";373;416;"FOZ DO JORDAO";"Transitar na contramão";"Colisão frontal";"Com Vítimas Feridas";"Plena Noite";"Crescente";"Nublado";"Simples";"Reta";"Não";3;0;1;0;1;1;1;3;-25,68129204;-52,13862419;"SPRF-PR";"DEL08-PR";"UOP01-DEL08-PR"
668327;2025-03-19;"quarta-feira";"21:00:00";"PR";376;491;"PONTA GROSSA";"Reação tardia ou ineficiente do condutor";"Engavetamento";"Com Vítimas Fatais";"Plena Noite";"Crescente";"Céu Claro";"Dupla";"Reta;Declive";"Não";11;1;4;0;4;4;4;9;-25,1094813;-50,1902161;"SPRF-PR";"DEL03-PR";"UOP04-DEL03-PR"
668329;2025-03-19;"quarta-feira";"22:15:00";"SP";116;227;"GUARULHOS";"Ausência de reação do condutor";"Colisão traseira";"Com Vítimas Feridas";"Plena Noite";"Crescente";"Nublado";"Múltipla";"Declive;Em Obras";"Sim";4;0;0;1;2;1;1;3;-23,49531105;-46,55528605;"SPRF-SP";"DEL01-SP";"UOP01-DEL01-SP"
668332;2025-03-19;"quarta-feira";"16:45:00";"PR";280;266,5;"CURITIBA";"Restrição de visibilidade em curvas verticais";"Colisão lateral mesmo sentido";"Sem Vítimas";"Pleno dia";"Crescente";"Céu Claro";"Simples";"Reta;Aclive";"Não";4;0;0;0;1;3;0;4;-25,4509056;-49,2470272;"SPRF-PR";"DEL02-PR";"UOP01-DEL02-PR"
668336;2025-03-19;"quarta-feira";"22:45:00";"PR";277;107;"CURITIBA";"Reação tardia ou ineficiente do condutor";"Colisão traseira";"Com Vítimas Feridas";"Plena Noite";"Crescente";"Céu Claro";"Dupla";"Reta";"Não";23;0;2;0;20;2;2;4;-25,43217136;-49,36747313;"SPRF-PR";"DEL03-PR";"UOP03-DEL03-PR"
668339;2025-03-19;"quarta-feira";"21:45:00";"PA";10;239,6;"IPIXUNA DO PARA";"Transitar na contramão";"Colisão frontal";"Com Vítimas Fatais";"Plena Noite";"Crescente";"Chuva";"Simples";"Reta;Aclive";"Não";3;1;0;0;1;2;0;4;-2,347273;-47,562614;"SPRF-PA";"DEL02-PA";"UOP01-DEL02-PA"
668343;2025-03-20;"quinta-feira";"00:24:00";"PB";230;62,5;"CRUZ DO ESPIRITO SANTO";"Ausência de reação do condutor";"Capotamento";"Com Vítimas Feridas";"Plena Noite";"Crescente";"Chuva";"Dupla";"Reta;Declive";"Não";2;0;1;0;0;1;1;2;-7,19802894;-35,16670877;"SPRF-PB";"DEL01-PB";"UOP02-DEL01-PB"
668347;2025-03-20;"quinta-feira";"02:05:00";"ES";101;237,9;"FUNDAO";"Reação tardia ou ineficiente do condutor";"Colisão com objeto";"Com Vítimas Fatais";"Plena Noite";"Decrescente";"Chuva";"Simples";"Em Obras;Reta";"Não";3;1;0;0;0;2;0;3;-20,002867;-40,413152;"SPRF-ES";"DEL02-ES";"UOP01-DEL02-ES"
668349;2025-03-20;"quinta-feira";"03:00:00";"MG";262;553,5;"LUZ";"Velocidade Incompatível";"Saída de leito carroçável";"Com Vítimas Feridas";"Plena Noite";"Decrescente";"Céu Claro";"Simples";"Curva";"Não";1;0;0;1;0;0;1;1;-19,70763;-45,919825;"SPRF-MG";"DEL08-MG";"UOP02-DEL08-MG"
668352;2025-03-20;"quinta-feira";"03:45:00";"MG";40;414,2;"CURVELO";"Ausência de reação do condutor";"Saída de leito carroçável";"Com Vítimas Feridas";"Plena Noite";"Decrescente";"Céu Claro";"Simples";"Reta";"Não";1;0;1;0;0;0;1;1;-19,13811;-44,61797;"SPRF-MG";"DEL02-MG";"UOP01-DEL02-MG"
668353;2025-03-20;"quinta-feira";"04:00:00";"ES";101;149;"LINHARES";"Pedestre andava na pista";"Atropelamento de Pedestre";"Com Vítimas Feridas";"Plena Noite";"Crescente";"Céu Claro";"Simples";"Reta";"Sim";2;0;1;0;0;1;1;2;-19,40665122;-40,06321728;"SPRF-ES";"DEL04-ES";"UOP01-DEL04-ES"
668355;2025-03-20;"quinta-feira";"03:45:00";"GO";60;7;"SANTO ANTONIO DO DESCOBERTO";"Reação tardia ou ineficiente do condutor";"Tombamento";"Com Vítimas Feridas";"Amanhecer";"Decrescente";"Céu Claro";"Dupla";"Reta";"Não";2;0;1;0;0;2;1;3;-16,10303;-48,289857;"SPRF-DF";"DEL03-DF";"UOP01-DEL03-DF"
668363;2025-03-20;"quinta-feira";"06:30:00";"RJ";101;247;"SILVA JARDIM";"Velocidade Incompatível";"Tombamento";"Com Vítimas Feridas";"Amanhecer";"Decrescente";"Nublado";"Dupla";"Curva";"Não";2;0;1;0;0;1;1;2;-22,66019;-42,498441;"SPRF-RJ";"DEL02-RJ";"UOP03-DEL02-RJ"
668375;2025-03-19;"quarta-feira";"19:00:00";"BA";324;392;"GAVIAO";"Ausência de reação do condutor";"Saída de leito carroçável";"Com Vítimas Feridas";"Plena Noite";"Crescente";"Céu Claro";"Simples";"Reta";"Não";1;0;1;0;0;0;1;1;-11,48675365;-39,76295471;"SPRF-BA";"DEL04-BA";"UOP02-DEL04-BA"
668376;2025-03-20;"quinta-feira";"07:25:00";"ES";101;118;"LINHARES";"Ultrapassagem Indevida";"Colisão frontal";"Com Vítimas Feridas";"Pleno dia";"Crescente";"Céu Claro";"Simples";"Reta";"Não";3;0;1;0;1;1;1;3;-19,12704708;-40,06676102;"SPRF-ES";"DEL04-ES";"UOP01-DEL04-ES"
668388;2025-03-20;"quinta-feira";"08:00:00";"SC";282;578;"PINHALZINHO";"Velocidade Incompatível";"Saída de leito carroçável";"Com Vítimas Feridas";"Pleno dia";"Crescente";"Sol";"Simples";"Rotatória";"Sim";1;0;1;0;0;0;1;1;-26,85819738;-52,97977567;"SPRF-SC";"DEL07-SC";"UOP02-DEL07-SC"
668390;2025-03-20;"quinta-feira";"08:15:00";"CE";222;311;"TIANGUA";"Manobra de mudança de faixa";"Capotamento";"Com Vítimas Feridas";"Pleno dia";"Crescente";"Céu Claro";"Simples";"Reta";"Sim";3;0;2;0;1;0;2;2;-3,6922942;-40,9760079;"SPRF-CE";"DEL04-CE";"UOP02-DEL04-CE"
668397;2025-03-20;"quinta-feira";"05:40:00";"MG";267;213,6;"BOM JARDIM DE MINAS";"Ausência de reação do condutor";"Colisão traseira";"Com Vítimas Feridas";"Amanhecer";"Crescente";"Céu Claro";"Simples";"Curva";"Não";3;0;1;0;1;1;1;3;-21,93530464;-44,20245141;"SPRF-MG";"DEL17-MG";"UOP01-DEL17-MG"
668400;2025-03-20;"quinta-feira";"10:15:00";"MG";262;553;"LUZ";"Curva acentuada";"Tombamento";"Com Vítimas Fatais";"Pleno dia";"Decrescente";"Céu Claro";"Simples";"Curva;Declive";"Não";5;1;0;0;3;2;0;5;-19,72150447;-45,87495804;"SPRF-MG";"DEL08-MG";"UOP02-DEL08-MG"
668401;2025-01-23;"quinta-feira";"08:20:00";"PR";476;151;"ARAUCARIA";"Manobra de mudança de faixa";"Colisão lateral mesmo sentido";"Com Vítimas Feridas";"Pleno dia";"Crescente";"Nublado";"Dupla";"Reta";"Não";2;0;1;0;0;1;1;2;-25,5674386;-49,3819356;"SPRF-PR";"DEL01-PR";"UOP06-DEL01-PR"
668403;2025-03-20;"quinta-feira";"10:15:00";"MG";381;756;"TRES CORACOES";"Ausência de reação do condutor";"Colisão traseira";"Com Vítimas Feridas";"Pleno dia";"Decrescente";"Sol";"Dupla";"Viaduto;Interseção de Vias";"Não";4;0;1;0;2;1;1;3;-21,6734509;-45,3357117;"SPRF-MG";"DEL16-MG";"UOP02-DEL16-MG"
668406;2025-03-20;"quinta-feira";"10:25:00";"SC";282;3,4;"FLORIANOPOLIS";"Reação tardia ou ineficiente do condutor";"Colisão traseira";"Com Vítimas Feridas";"Pleno dia";"Decrescente";"Céu Claro";"Dupla";"Reta";"Não";3;0;1;0;2;0;1;3;-27,60382117;-48,58351523;"SPRF-SC";"DEL01-SC";"UOP01-DEL01-SC"
668408;2025-03-20;"quinta-feira";"10:42:00";"PE";104;68;"CARUARU";"Acessar a via sem observar a presença dos outros veículos";"Colisão lateral mesmo sentido";"Com Vítimas Feridas";"Pleno dia";"Crescente";"Céu Claro";"Dupla";"Aclive";"Sim";2;0;1;0;1;0;1;2;-8,302386;-35,988715;"SPRF-PE";"DEL02-PE";"UOP01-DEL02-PE"
668411;2025-03-20;"quinta-feira";"11:15:00";"MG";381;500;"BETIM";"Ausência de reação do condutor";"Colisão traseira";"Com Vítimas Feridas";"Pleno dia";"Decrescente";"Nublado";"Dupla";"Reta;Aclive";"Não";3;0;1;1;0;1;2;2;-20,00695562;-44,21554628;"SPRF-MG";"DEL01-MG";"UOP03-DEL01-MG"
668412;2025-03-20;"quinta-feira";"09:20:00";"MG";116;176;"PADRE PARAISO";"Reação tardia ou ineficiente do condutor";"Colisão lateral sentido oposto";"Com Vítimas Feridas";"Pleno dia";"Decrescente";"Céu Claro";"Simples";"Curva";"Não";4;0;0;1;2;1;1;3;-17,0670314;-41,4792554;"SPRF-MG";"DEL11-MG";"UOP02-DEL11-MG"
668424;2025-03-20;"quinta-feira";"11:15:00";"RS";293;189;"HULHA NEGRA";"Reação tardia ou ineficiente do condutor";"Colisão lateral mesmo sentido";"Com Vítimas Feridas";"Pleno dia";"Crescente";"Céu Claro";"Simples";"Reta";"Não";6;0;1;0;3;2;1;3;-31,3254381;-53,9855692;"SPRF-RS";"DEL11-RS";"UOP03-DEL11-RS"
668429;2025-03-20;"quinta-feira";"09:25:00";"GO";452;5,2;"RIO VERDE";"Reação tardia ou ineficiente do condutor";"Engavetamento";"Com Vítimas Feridas";"Pleno dia";"Decrescente";"Sol";"Simples";"Reta;Aclive";"Não";9;0;2;0;6;1;2;5;-17,81187;-50,859382;"SPRF-GO";"DEL04-GO";"UOP01-DEL04-GO"
668441;2025-03-20;"quinta-feira";"15:00:00";"CE";116;19;"ITAITINGA";"Ausência de reação do condutor";"Capotamento";"Sem Vítimas";"Pleno dia";"Crescente";"Céu Claro";"Dupla";"Reta";"Não";3;0;0;0;2;1;0;3;-3,9163932;-38,5074926;"SPRF-CE";"DEL01-CE";"UOP02-DEL01-CE"
668451;2025-03-19;"quarta-feira";"03:30:00";"MS";267;198;"NOVA ALVORADA DO SUL";"Ausência de reação do condutor";"Colisão traseira";"Com Vítimas Feridas";"Plena Noite";"Crescente";"Céu Claro";"Simples";"Reta";"Não";3;0;1;0;2;0;1;2;-21,58772711;-53,9560461;"SPRF-MS";"DEL02-MS";"UOP03-DEL02-MS"
668452;2025-03-20;"quinta-feira";"14:35:00";"RS";116;354;"SENTINELA DO SUL";"Ausência de reação do condutor";"Saída de leito carroçável";"Com Vítimas Feridas";"Pleno dia";"Crescente";"Sol";"Dupla";"Reta";"Não";1;0;1;0;0;0;1;1;-30,568515;-51,522468;"SPRF-RS";"DEL02-RS";"UOP02-DEL02-RS"