"id";"data_inversa";"dia_semana";"horario";"uf";"br";"km";"municipio";"causa_acidente";"tipo_acidente";"classificacao_acidente";"fase_dia";"sentido_via";"condicao_metereologica";"tipo_pista";"tracado_via";"uso_solo";"pessoas";"mortos";"feridos_leves";"feridos_graves";"ilesos";"ignorados";"feridos";"veiculos";"latitude";"longitude";"regional";"delegacia";"uop"
668715;2025-03-21;"sexta-feira";"20:50:00";"AL";101;138;"SAO MIGUEL DOS CAMPOS";"Ingestão de álcool pelo condutor";"Colisão lateral mesmo sentido";"Sem Vítimas";"Plena Noite";"Decrescente";"Céu Claro";"Simples";"Reta";"Sim";3;0;0;0;2;1;0;3;-9,80096639;-36,11163501;"SPRF-AL";"DEL02-AL";"UOP01-DEL02-AL"
668718;2025-03-21;"sexta-feira";"21:45:00";"PR";376;138,5;"NOVA ESPERANCA";"Ausência de reação do condutor";"Colisão traseira";"Com Vítimas Feridas";"Plena Noite";"Crescente";"Céu Claro";"Dupla";"Reta";"Sim";3;0;0;1;1;2;1;4;-23,21639143;-52,18546629;"SPRF-PR";"DEL09-PR";"UOP02-DEL09-PR"
668730;2025-03-21;"sexta-feira";"20:38:00";"PA";163;105;"ALTAMIRA";"Reação tardia ou ineficiente do condutor";"Saída de leito carroçável";"Com Vítimas Fatais";"Plena Noite";"Crescente";"Céu Claro";"Simples";"Declive;Curva";"Não";1;1;0;0;0;0;0;1;-8,72677832;-54,97261405;"SPRF-MT";"DEL06-MT";"UOP03-DEL06-MT"
668731;2025-03-21;"sexta-feira";"21:53:00";"SE";235;21;"LARANJEIRAS";"Problema com o freio";"Incêndio";"Sem Vítimas";"Plena Noite";"Crescente";"Céu Claro";"Simples";"Reta";"Não";1;0;0;0;1;0;0;1;-10,83122908;-37,22540963;"SPRF-SE";"DEL01-SE";"UOP02-DEL01-SE"
668732;2025-03-21;"sexta-feira";"20:40:00";"PR";373;408;"FOZ DO JORDAO";"Transitar na contramão";"Colisão frontal";"Com Vítimas Feridas";"Plena Noite";"Decrescente";"Céu Claro";"Simples";"Reta";"Não";5;0;1;0;4;0;1;3;-25,62837671;-52,09106741;"SPRF-PR";"DEL08-PR";"UOP01-DEL08-PR"
668735;2025-03-21;"sexta-feira";"19:15:00";"SC";116;148,4;"SANTA CECILIA";"Ultrapassagem Indevida";"Colisão lateral sentido oposto";"Com Vítimas Feridas";"Plena Noite";"Decrescente";"Céu Claro";"Simples";"Reta";"Não";6;0;0;2;3;1;2;5;-27,0021251;-50,41544437;"SPRF-SC";"DEL06-SC";"UOP02-DEL06-SC"
668748;2025-03-22;"sábado";"00:30:00";"PR";277;590,8;"CASCAVEL";"Ingestão de álcool pelo condutor";"Colisão frontal";"Com Vítimas Feridas";"Plena Noite";"Decrescente";"Céu Claro";"Simples";"Reta";"Sim";4;0;0;1;3;0;1;4;-24,98497075;-53,46551542;"SPRF-PR";"DEL04-PR";"UOP01-DEL04-PR"
668750;2025-03-22;"sábado";"01:00:00";"GO";50;266;"CATALAO";"Velocidade Incompatível";"Tombamento";"Com Vítimas Feridas";"Plena Noite";"Decrescente";"Chuva";"Dupla";"Reta";"Não";3;0;1;1;0;2;2;3;-18,07433783;-47,86509275;"SPRF-GO";"DEL06-GO";"UOP01-DEL06-GO"
668759;2025-03-22;"sábado";"01:10:00";"RJ";116;215;"ITAGUAI";"Ausência de reação do condutor";"Colisão traseira";"Com Vítimas Feridas";"Plena Noite";"Decrescente";"Céu Claro";"Simples";"Curva;Aclive";"Não";4;0;1;0;2;1;1;3;-22,69376661;-43,77310663;"SPRF-RJ";"DEL06-RJ";"UOP02-DEL06-RJ"
668760;2025-03-22;"sábado";"03:40:00";"SC";101;186;"BIGUACU";"Condutor Dormindo";"Tombamento";"Com Vítimas Feridas";"Plena Noite";"Crescente";"Céu Claro";"Dupla";"Curva";"Sim";2;0;1;0;0;1;1;2;-27,4353308;-48,6258457;"SPRF-SC";"DEL01-SC";"UOP01-DEL01-SC"
668765;2025-03-22;"sábado";"04:25:00";"PE";232;19,4;"MORENO";"Condutor Dormindo";"Tombamento";"Sem Vítimas";"Amanhecer";"Crescente";"Céu Claro";"Dupla";"Reta";"Não";1;0;0;0;1;0;0;1;-8,09716213;-35,06772637;"SPRF-PE";"DEL01-PE";"UOP01-DEL01-PE"
668767;2025-03-22;"sábado";"03:30:00";"PE";232;392,2;"SERRA TALHADA";"Ausência de reação do condutor";"Colisão com objeto";"Com Vítimas Fatais";"Plena Noite";"Decrescente";"Céu Claro";"Simples";"Reta";"Não";1;1;0;0;0;0;0;1;-7,9887189;-38,2556437;"SPRF-PE";"DEL04-PE";"UOP01-DEL04-PE"
668775;2025-03-22;"sábado";"06:05:00";"PB";101;117,6;"CAAPORA";"Reação tardia ou ineficiente do condutor";"Colisão traseira";"Com Vítimas Fatais";"Pleno dia";"Crescente";"Céu Claro";"Dupla";"Reta;Aclive";"Não";3;1;0;0;0;2;0;3;-7,418948;-34,960877;"SPRF-PB";"DEL01-PB";"UOP01-DEL01-PB"
668776;2025-03-22;"sábado";"03:00:00";"GO";20;154,2;"ALVORADA DO NORTE";"Transitar na contramão";"Colisão frontal";"Com Vítimas Fatais";"Plena Noite";"Decrescente";"Céu Claro";"Simples";"Reta";"Não";17;1;1;1;14;0;2;2;-14,681896;-46,647022;"SPRF-DF";"DEL02-DF";"UOP03-DEL02-DF"
668777;2025-03-22;"sábado";"04:30:00";"DF";20;20;"BRASILIA";"Velocidade Incompatível";"Saída de leito carroçável";"Com Vítimas Fatais";"Amanhecer";"Decrescente";"Chuva";"Dupla";"Ponte;Declive";"Sim";2;1;0;1;0;0;1;1;-15,60712424;-47,69235849;"SPRF-DF";"DEL02-DF";"UOP01-DEL02-DF"
668780;2025-03-22;"sábado";"06:00:00";"SP";116;22;"LAVRINHAS";"Demais falhas mecânicas ou elétricas";"Incêndio";"Sem Vítimas";"Amanhecer";"Decrescente";"Céu Claro";"Dupla";"Reta";"Não";2;0;0;0;1;1;0;2;-22,5850048;-44,879155;"SPRF-SP";"DEL08-SP";"UOP02-DEL08-SP"
668782;2025-03-22;"sábado";"06:40:00";"MG";251;512,5;"FRANCISCO SA";"Transitar na contramão";"Colisão frontal";"Com Vítimas Fatais";"Pleno dia";"Crescente";"Céu Claro";"Simples";"Curva";"Não";3;2;0;0;1;0;0;2;-16,647395;-43,710057;"SPRF-MG";"DEL12-MG";"UOP01-DEL12-MG"
668787;2025-03-22;"sábado";"04:48:00";"MT";364;498;"JANGADA";"Reação tardia ou ineficiente do condutor";"Saída de leito carroçável";"Com Vítimas Feridas";"Amanhecer";"Crescente";"Céu Claro";"Simples";"Reta";"Não";3;0;0;1;1;4;1;6;-15,212678;-56,503865;"SPRF-MT";"DEL01-MT";"UOP01-DEL01-MT"
668789;2025-03-22;"sábado";"07:10:00";"PR";476;148;"ARAUCARIA";"Ausência de reação do condutor";"Colisão traseira";"Sem Vítimas";"Pleno dia";"Decrescente";"Céu Claro";"Dupla";"Reta";"Sim";2;0;0;0;2;0;0;2;-25,55763573;-49,35344744;"SPRF-PR";"DEL01-PR";"UOP06-DEL01-PR"
668800;2025-03-18;"terça-feira";"16:20:00";"RJ";101;315;"SAO GONCALO";"Acessar a via sem observar a presença dos outros veículos";"Colisão lateral mesmo sentido";"Sem Vítimas";"Pleno dia";"Decrescente";"Céu Claro";"Dupla";"Reta";"Sim";2;0;0;0;2;0;0;2;-22,82112446;-43,08288574;"SPRF-RJ";"DEL02-RJ";"UOP02-DEL02-RJ"
668801;2025-03-22;"sábado";"07:50:00";"MG";381;480;"BETIM";"Ausência de reação do condutor";"Colisão lateral mesmo sentido";"Com Vítimas Feridas";"Pleno dia";"Decrescente";"Céu Claro";"Dupla";"Reta";"Sim";2;0;1;0;0;1;1;2;-19,9965414;-44,2090429;"SPRF-MG";"DEL01-MG";"UOP03-DEL01-MG"
668802;2025-03-22;"sábado";"08:20:00";"PR";277;722;"FOZ DO IGUACU";"Condutor deixou de manter distância do veículo da frente";"Colisão traseira";"Com Vítimas Feridas";"Pleno dia";"Crescente";"Céu Claro";"Dupla";"Reta";"Sim";4;0;2;0;1;1;2;3;-25,5096475;-54,5957063;"SPRF-PR";"DEL05-PR";"UOP03-DEL05-PR"
668807;2025-03-22;"sábado";"06:55:00";"PR";277;501,3;"DIAMANTE DO SUL";"Velocidade Incompatível";"Tombamento";"Com Vítimas Feridas";"Amanhecer";"Crescente";"Céu Claro";"Simples";"Curva";"Não";2;0;1;0;0;1;1;2;-25,1436;-52,702267;"SPRF-PR";"DEL04-PR";"UOP04-DEL04-PR"
668809;2025-03-22;"sábado";"08:55:00";"PR";376;647,9;"TIJUCAS DO SUL";"Manobra de mudança de faixa";"Colisão lateral mesmo sentido";"Sem Vítimas";"Pleno dia";"Decrescente";"Céu Claro";"Dupla";"Aclive";"Não";5;0;0;0;4;2;0;5;-25,843608;-49,10062;"SPRF-PR";"DEL01-PR";"UOP04-DEL01-PR"
668810;2025-03-22;"sábado";"09:20:00";"MG";251;477,7;"MONTES CLAROS";"Ultrapassagem Indevida";"Colisão transversal";"Com Vítimas Feridas";"Pleno dia";"Crescente";"Nublado";"Simples";"Reta";"Não";5;0;1;0;3;1;1;3;-16,6536847;-43,7179142;"SPRF-MG";"DEL12-MG";"UOP01-DEL12-MG"
668814;2025-03-22;"sábado";"08:05:00";"RJ";40;25,8;"TRES RIOS";"Reação tardia ou ineficiente do condutor";"Tombamento";"Com Vítimas Feridas";"Pleno dia";"Crescente";"Céu Claro";"Dupla";"Curva";"Sim";1;0;1;0;0;0;1;1;-22,153774;-43,158302;"SPRF-RJ";"DEL05-RJ";"UOP02-DEL05-RJ"
668819;2025-03-22;"sábado";"09:50:00";"ES";101;149,2;"LINHARES";"Acessar a via sem observar a presença dos outros veículos";"Colisão transversal";"Com Vítimas Feridas";"Pleno dia";"Crescente";"Céu Claro";"Simples";"Reta";"Sim";2;0;1;0;1;0;1;2;-19,397151;-40,064013;"SPRF-ES";"DEL04-ES";"UOP01-DEL04-ES"
668821;2025-03-22;"sábado";"10:30:00";"PR";277;499,5;"GUARANIACU";"Reação tardia ou ineficiente do condutor";"Saída de leito carroçável";"Sem Vítimas";"Pleno dia";"Crescente";"Céu Claro";"Simples";"Reta";"Não";3;0;0;0;1;2;0;3;-25,15798738;-52,69776821;"SPRF-PR";"DEL04-PR";"UOP04-DEL04-PR"
668823;2025-03-22;"sábado";"07:30:00";"MS";60;51,4;"PARAISO DAS AGUAS";"Reação tardia ou ineficiente do condutor";"Colisão traseira";"Com Vítimas Feridas";"Pleno dia";"Crescente";"Céu Claro";"Simples";"Reta";"Não";3;0;1;0;1;5;1;7;-18,981345;-52,930716;"SPRF-MS";"DEL08-MS";"UOP01-DEL08-MS"
668824;2025-03-22;"sábado";"11:10:00";"SE";101;87;"NOSSA SENHORA DO SOCORRO";"Velocidade Incompatível";"Colisão traseira";"Sem Vítimas";"Pleno dia";"Crescente";"Céu Claro";"Dupla";"Reta;Aclive;Em Obras";"Não";3;0;0;0;3;0;0;3;-10,84472855;-37,13700771;"SPRF-SE";"DEL01-SE";"UOP01-DEL01-SE"
668827;2025-03-22;"sábado";"11:10:00";"SP";116;390;"MIRACATU";"Reação tardia ou ineficiente do condutor";"Saída de leito carroçável";"Com Vítimas Feridas";"Pleno dia";"Crescente";"Sol";"Dupla";"Reta";"Não";2;0;1;0;0;1;1;2;-24,27832177;-47,42014391;"SPRF-SP";"DEL04-SP";"UOP02-DEL04-SP"
668833;2025-03-22;"sábado";"12:30:00";"SP";381;43,5;"ATIBAIA";"Reação tardia ou ineficiente do condutor";"Colisão lateral mesmo sentido";"Com Vítimas Feridas";"Pleno dia";"Decrescente";"Sol";"Dupla";"Reta";"Não";2;0;1;0;1;0;1;2;-23,16140084;-46,57343745;"SPRF-SP";"DEL03-SP";"UOP01-DEL03-SP"
668859;2025-03-22;"sábado";"15:40:00";"MG";40;451,9;"CAETANOPOLIS";"Pista Escorregadia";"Saída de leito carroçável";"Com Vítimas Fatais";"Pleno dia";"Crescente";"Chuva";"Dupla";"Reta";"Não";2;1;0;0;1;0;0;1;-19,33298827;-44,36289355;"SPRF-MG";"DEL02-MG";"UOP01-DEL02-MG"
668860;2025-03-22;"sábado";"14:30:00";"MS";163;115;"ITAQUIRAI";"Transitar na contramão";"Colisão lateral mesmo sentido";"Com Vítimas Fatais";"Pleno dia";"Crescente";"Céu Claro";"Simples";"Reta";"Não";4;1;0;0;2;3;0;6;-23,14558;-54,197092;"SPRF-MS";"DEL09-MS";"UOP01-DEL09-MS"
668863;2025-03-22;"sábado";"10:20:00";"RJ";393;131;"SAPUCAIA";"Demais falhas mecânicas ou elétricas";"Saída de leito carroçável";"Com Vítimas Feridas";"Pleno dia";"Crescente";"Céu Claro";"Simples";"Curva";"Sim";1;0;1;0;0;0;1;1;-21,95947643;-42,85120717;"SPRF-RJ";"DEL05-RJ";"UOP01-DEL05-RJ"
668871;2025-03-22;"sábado";"15:25:00";"MA";135;95;"SANTA RITA";"Acessar a via sem observar a presença dos outros veículos";"Colisão lateral mesmo sentido";"Com Vítimas Feridas";"Pleno dia";"Crescente";"Nublado";"Simples";"Reta";"Sim";4;0;1;0;3;0;1;2;-3,160625;-44,33552;"SPRF-MA";"DEL01-MA";"UOP02-DEL01-MA"
668874;2025-03-22;"sábado";"15:00:00";"BA";324;411;"NOVA FATIMA";"Reação tardia ou ineficiente do condutor";"Colisão frontal";"Com Vítimas Fatais";"Pleno dia";"Decrescente";"Céu Claro";"Simples";"Reta";"Não";4;1;0;1;2;0;1;2;-11,6516935;-39,58314836;"SPRF-BA";"DEL04-BA";"UOP02-DEL04-BA"
668878;2025-03-22;"sábado";"13:10:00";"AL";101;58,6;"MESSIAS";"Velocidade Incompatível";"Tombamento";"Sem Vítimas";"Pleno dia";"Crescente";"Céu Claro";"Dupla";"Curva";"Não";2;0;0;0;1;1;0;2;-9,34541494;-35,83431244;"SPRF-AL";"DEL01-AL";"UOP02-DEL01-AL"
668880;2025-03-22;"sábado";"18:20:00";"SE";101;72,7;"MARUIM";"Animais na Pista";"Atropelamento de Animal";"Com Vítimas Feridas";"Plena Noite";"Crescente";"Céu Claro";"Dupla";"Reta";"Não";4;0;0;2;1;1;2;3;-10,75270339;-37,10048678;"SPRF-SE";"DEL01-SE";"UOP01-DEL01-SE"
668883;2025-03-22;"sábado";"18:10:00";"BA";101;887;"TEIXEIRA DE FREITAS";"Manobra de mudança de faixa";"Colisão lateral sentido oposto";"Com Vítimas Feridas";"Plena Noite";"Decrescente";"Céu Claro";"Simples";"Reta;Aclive";"Não";2;0;0;1;1;0;1;2;-17,60414351;-39,75355625;"SPRF-BA";"DEL09-BA";"UOP02-DEL09-BA"
668886;2025-03-22;"sábado";"12:40:00";"GO";153;532;"HIDROLANDIA";"Ausência de reação do condutor";"Tombamento";"Com Vítimas Feridas";"Pleno dia";"Decrescente";"Céu Claro";"Dupla";"Reta";"Sim";3;0;2;0;0;1;2;2;-16,98067622;-49,22956467;"SPRF-GO";"DEL01-GO";"UOP03-DEL01-GO"
668888;2025-03-22;"sábado";"18:55:00";"RS";386;2;"IRAI";"Afundamento ou ondulação no pavimento";"Tombamento";"Com Vítimas Feridas";"Anoitecer";"Crescente";"Nublado";"Simples";"Curva";"Não";2;0;1;0;1;0;1;1;-27,18154665;-53,2442522;"SPRF-RS";"DEL08-RS";"UOP02-DEL08-RS"
668896;2025-02-22;"sábado";"11:05:00";"SC";101;46,2;"PALHOCA";"Pedestre andava na pista";"Atropelamento de Pedestre";"Com Vítimas Fatais";"Pleno dia";"Decrescente";"Céu Claro";"Dupla";"Curva";"Não";4;1;0;0;1;3;0;5;-27,683787;-48,690249;"SPRF-SC";"DEL01-SC";"UOP02-DEL01-SC"
668910;2025-03-22;"sábado";"19:30:00";"RS";285;218,3;"CASEIROS";"Acessar a via sem observar a presença dos outros veículos";"Colisão transversal";"Com Vítimas Feridas";"Plena Noite";"Decrescente";"Nublado";"Simples";"Reta;Interseção de Vias";"Sim";3;0;1;0;1;1;1;3;-28,27401753;-51,68662613;"SPRF-RS";"DEL08-RS";"UOP05-DEL08-RS"
668915;2025-03-22;"sábado";"13:00:00";"PR";376;421;"TIBAGI";"Demais falhas mecânicas ou elétricas";"Incêndio";"Sem Vítimas";"Pleno dia";"Decrescente";"Céu Claro";"Dupla";"Reta";"Não";2;0;0;0;1;1;0;2;-24,678089;-50,597022;"SPRF-PR";"DEL03-PR";"UOP02-DEL03-PR"
668917;2025-02-12;"quarta-feira";"18:35:00";"PA";163;299;"NOVO PROGRESSO";"Demais falhas na via";"Colisão frontal";"Com Vítimas Fatais";"Anoitecer";"Crescente";"Céu Claro";"Simples";"Reta";"Não";3;1;0;0;1;3;0;5;-7,14128815;-55,38273776;"SPRF-PA";"DEL06-PA";"UOP02-DEL06-PA"
668925;2025-03-22;"sábado";"20:30:00";"PR";376;617;"SAO JOSE DOS PINHAIS";"Reação tardia ou ineficiente do condutor";"Colisão lateral mesmo sentido";"Sem Vítimas";"Plena Noite";"Decrescente";"Nublado";"Múltipla";"Curva";"Sim";4;0;0;0;3;1;0;3;-25,58426;-49,17619;"SPRF-PR";"DEL01-PR";"UOP04-DEL01-PR"
668928;2025-03-22;"sábado";"17:20:00";"BA";101;543;"SAO JOSE DA VITORIA";"Velocidade Incompatível";"Tombamento";"Com Vítimas Feridas";"Anoitecer";"Crescente";"Céu Claro";"Simples";"Reta";"Não";2;0;0;1;0;1;1;2;-15,102625;-39,35865;"SPRF-BA";"DEL05-BA";"UOP02-DEL05-BA"
668930;2025-03-22;"sábado";"18:10:00";"BA";101;546;"SAO JOSE DA VITORIA";"Velocidade Incompatível";"Colisão frontal";"Com Vítimas Feridas";"Plena Noite";"Decrescente";"Céu Claro";"Simples";"Reta";"Não";3;0;0;1;1;1;1;3;-15,110823;-39,370618;"SPRF-BA";"DEL05-BA";"UOP02-DEL05-BA"
668932;2025-03-22;"sábado";"14:30:00";"MT";364;264;"SAO PEDRO DA CIPA";"Manobra de mudança de faixa";"Colisão lateral mesmo sentido";"Com Vítimas Feridas";"Pleno dia";"Crescente";"Céu Claro";"Dupla";"Reta";"Não";2;0;1;0;1;0;1;2;-16,0061174;-54,91549909;"SPRF-MT";"DEL02-MT";"UOP01-DEL02-MT"
668933;2025-03-22;"sábado";"17:00:00";"MG";40;151,4;"JOAO PINHEIRO";"Manobra de mudança de faixa";"Colisão frontal";"Com Vítimas Fatais";"Pleno dia";"Decrescente";"Céu Claro";"Simples";"Curva";"Não";3;1;0;0;1;1;0;3;-17,802483;-46,133609;"SPRF-MG";"DEL14-MG";"UOP02-DEL14-MG"
668941;2025-03-20;"quinta-feira";"15:30:00";"PI";135;485;"MONTE ALEGRE DO PIAUI";"Ausência de reação do condutor";"Saída de leito carroçável";"Sem Vítimas";"Pleno dia";"Crescente";"Chuva";"Simples";"Ponte;Reta";"Não";1;0;0;0;1;0;0;1;-9,71204649;-45,13998917;"SPRF-PI";"DEL03-PI";"UOP02-DEL03-PI"
668950;2025-03-23;"domingo";"00:34:00";"GO";40;21,1;"LUZIANIA";"Reação tardia ou ineficiente do condutor";"Colisão com objeto";"Com Vítimas Feridas";"Plena Noite";"Crescente";"Céu Claro";"Dupla";"Reta";"Sim";3;0;1;0;1;1;1;3;-16,221396;-47,915122;"SPRF-DF";"DEL01-DF";"UOP01-DEL01-DF"
668960;2025-03-23;"domingo";"01:40:00";"DF";20;17;"BRASILIA";"Reação tardia ou ineficiente do condutor";"Colisão traseira";"Com Vítimas Feridas";"Plena Noite";"Crescente";"Garoa/Chuvisco";"Dupla";"Reta;Declive";"Sim";3;0;0;1;1;1;1;3;-15,61883;-47,712315;"SPRF-DF";"DEL02-DF";"UOP01-DEL02-DF"
668963;2025-03-23;"domingo";"02:13:00";"SP";116;228;"SAO PAULO";"Reação tardia ou ineficiente do condutor";"Colisão traseira";"Com Vítimas Feridas";"Plena Noite";"Decrescente";"Nublado";"Múltipla";"Reta";"Sim";4;0;2;0;2;0;2;2;-23,508511;-46,57178;"SPRF-SP";"DEL01-SP";"UOP01-DEL01-SP"
668975;2025-03-23;"domingo";"01:15:00";"SP";116;55;"APARECIDA";"Ausência de reação do condutor";"Colisão traseira";"Com Vítimas Feridas";"Plena Noite";"Crescente";"Céu Claro";"Dupla";"Reta";"Sim";3;0;2;0;1;0;2;2;-22,8559154;-45,2314476;"SPRF-SP";"DEL08-SP";"UOP02-DEL08-SP"
668977;2025-03-23;"domingo";"02:00:00";"MG";365;622,7;"UBERLANDIA";"Reação tardia ou ineficiente do condutor";"Colisão com objeto";"Sem Vítimas";"Plena Noite";"Decrescente";"Céu Claro";"Múltipla";"Curva";"Sim";3;0;0;0;1;3;0;4;-18,90269222;-48,27738809;"SPRF-MG";"DEL15-MG";"UOP01-DEL15-MG"
668981;2025-03-23;"domingo";"02:00:00";"MS";262;316,8;"CAMPO GRANDE";"Pedestre andava na pista";"Atropelamento de Pedestre";"Com Vítimas Fatais";"Plena Noite";"Decrescente";"Céu Claro";"Simples";"Reta";"Não";2;1;0;0;0;1;0;2;-20,47122;-54,4477;"SPRF-MS";"DEL01-MS";"UOP01-DEL01-MS"
668991;2025-03-23;"domingo";"05:30:00";"PR";277;239;"FERNANDES PINHEIRO";"Acessar a via sem observar a presença dos outros veículos";"Colisão transversal";"Com Vítimas Feridas";"Plena Noite";"Crescente";"Céu Claro";"Simples";"Reta;Rotatória";"Não";3;0;1;0;1;3;1;5;-25,468;-50,56;"SPRF-PR";"DEL08-PR";"UOP02-DEL08-PR"
668995;2025-03-23;"domingo";"05:20:00";"MG";40;444;"PARAOPEBA";"Carga excessiva e/ou mal acondicionada";"Tombamento";"Com Vítimas Feridas";"Pleno dia";"Crescente";"Céu Claro";"Dupla";"Reta";"Não";1;0;1;0;0;0;1;1;-19,29050501;-44,4041419;"SPRF-MG";"DEL02-MG";"UOP01-DEL02-MG"
669000;2025-03-23;"domingo";"06:30:00";"PR";376;600,2;"CURITIBA";"Ausência de reação do condutor";"Saída de leito carroçável";"Com Vítimas Feridas";"Pleno dia";"Crescente";"Céu Claro";"Dupla";"Reta";"Não";2;0;1;0;0;4;1;5;-25,505404;-49,341095;"SPRF-PR";"DEL01-PR";"UOP06-DEL01-PR"
669007;2025-03-23;"domingo";"05:12:00";"MT";364;382,1;"SANTO ANTONIO DO LEVERGER";"Condutor Dormindo";"Saída de leito carroçável";"Com Vítimas Feridas";"Amanhecer";"Crescente";"Céu Claro";"Dupla";"Reta";"Não";2;0;1;0;0;1;1;2;-15,702244;-55,810097;"SPRF-MT";"DEL01-MT";"UOP02-DEL01-MT"
669010;2025-03-23;"domingo";"05:50:00";"BA";116;701,8;"JEQUIE";"Condutor Dormindo";"Saída de leito carroçável";"Com Vítimas Feridas";"Amanhecer";"Decrescente";"Céu Claro";"Simples";"Reta";"Não";1;0;1;0;0;0;1;1;-13,8683822;-40,1042957;"SPRF-BA";"DEL03-BA";"UOP01-DEL03-BA"
669023;2025-03-23;"domingo";"05:30:00";"MG";116;228;"TEOFILO OTONI";"Ausência de reação do condutor";"Tombamento";"Sem Vítimas";"Amanhecer";"Crescente";"Chuva";"Dupla";"Declive;Curva";"Não";2;0;0;0;0;2;0;2;-17,464494;-41,495997;"SPRF-MG";"DEL11-MG";"UOP01-DEL11-MG"
669024;2025-03-23;"domingo";"05:30:00";"RO";421;65;"ARIQUEMES";"Ausência de reação do condutor";"Saída de leito carroçável";"Com Vítimas Feridas";"Amanhecer";"Decrescente";"Céu Claro";"Simples";"Curva";"Não";3;0;1;0;2;0;1;1;-9,8812493;-63,0570679;"SPRF-RO";"DEL03-RO";"UOP01-DEL03-RO"
669025;2025-03-23;"domingo";"08:45:00";"MG";262;385;"MATEUS LEME";"Ausência de reação do condutor";"Saída de leito carroçável";"Com Vítimas Feridas";"Pleno dia";"Crescente";"Nublado";"Dupla";"Curva";"Não";1;0;0;1;0;0;1;1;-19,92272143;-44,46563959;"SPRF-MG";"DEL01-MG";"UOP03-DEL01-MG"
669026;2025-03-23;"domingo";"06:10:00";"MG";251;239,2;"SANTA CRUZ DE SALINAS";"Ausência de reação do condutor";"Colisão traseira";"Com Vítimas Feridas";"Amanhecer";"Decrescente";"Céu Claro";"Simples";"Reta";"Não";3;0;1;0;1;1;1;3;-16,002527;-41,77217;"SPRF-MG";"DEL12-MG";"UOP02-DEL12-MG"
669039;2025-03-23;"domingo";"06:07:00";"CE";116;495;"BREJO SANTO";"Condutor deixou de manter distância do veículo da frente";"Colisão traseira";"Sem Vítimas";"Amanhecer";"Decrescente";"Céu Claro";"Simples";"Reta";"Não";3;0;0;0;2;3;0;5;-7,44019665;-38,97354841;"SPRF-CE";"DEL05-CE";"UOP03-DEL05-CE"
669047;2025-01-26;"domingo";"15:45:00";"GO";70;320;"JUSSARA";"Acumulo de água sobre o pavimento";"Colisão lateral sentido oposto";"Com Vítimas Fatais";"Pleno dia";"Crescente";"Chuva";"Simples";"Ponte;Curva;Declive";"Sim";7;1;1;2;1;2;3;4;-15,87794115;-50,88363469;"SPRF-GO";"DEL04-GO";"UOP02-DEL04-GO"
669056;2025-03-23;"domingo";"10:00:00";"SC";116;267,7;"CAPAO ALTO";"Desrespeitar a preferência no cruzamento";"Colisão transversal";"Com Vítimas Feridas";"Pleno dia";"Decrescente";"Céu Claro";"Simples";"Interseção de Vias;Reta";"Não";2;0;0;1;1;0;1;2;-27,95643445;-50,48437715;"SPRF-SC";"DEL05-SC";"UOP02-DEL05-SC"
669057;2025-03-23;"domingo";"12:27:00";"GO";153;542;"HIDROLANDIA";"Velocidade Incompatível";"Saída de leito carroçável";"Com Vítimas Feridas";"Pleno dia";"Crescente";"Chuva";"Dupla";"Reta";"Não";2;0;0;1;0;2;1;3;-17,069628;-49,223948;"SPRF-GO";"DEL01-GO";"UOP03-DEL01-GO"
669068;2025-03-23;"domingo";"13:20:00";"MG";365;91,7;"JEQUITAI";"Velocidade Incompatível";"Colisão com objeto";"Com Vítimas Fatais";"Pleno dia";"Crescente";"Chuva";"Simples";"Declive";"Não";2;1;0;0;0;1;0;2;-17,20114611;-44,43832397;"SPRF-MG";"DEL12-MG";"UOP01-DEL12-MG"
669070;2025-03-23;"domingo";"14:10:00";"MG";381;335;"NOVA ERA";"Velocidade Incompatível";"Colisão traseira";"Sem Vítimas";"Pleno dia";"Decrescente";"Céu Claro";"Simples";"Curva;Aclive";"Não";3;0;0;0;2;2;0;4;-19,78483613;-43,04421902;"SPRF-MG";"DEL03-MG";"UOP01-DEL03-MG"
669079;2025-03-23;"domingo";"14:20:00";"MG";381;874;"ESTIVA";"Velocidade Incompatível";"Tombamento";"Com Vítimas Feridas";"Pleno dia";"Decrescente";"Céu Claro";"Dupla";"Curva";"Não";4;0;1;0;2;1;1;3;-22,4205;-45,96523;"SPRF-MG";"DEL16-MG";"UOP01-DEL16-MG"
669083;2025-03-23;"domingo";"02:30:00";"BA";324;396;"NOVA FATIMA";"Transitar na contramão";"Colisão frontal";"Com Vítimas Feridas";"Plena Noite";"Crescente";"Céu Claro";"Simples";"Reta";"Não";2;0;0;1;1;0;1;2;-11,56165817;-39,67806816;"SPRF-BA";"DEL04-BA";"UOP02-DEL04-BA"
669090;2025-03-23;"domingo";"15:35:00";"MG";50;194;"DELTA";"Estacionar ou parar em local proibido";"Colisão traseira";"Com Vítimas Feridas";"Pleno dia";"Crescente";"Chuva";"Dupla";"Reta;Declive";"Não";6;0;2;0;3;3;2;6;-19,89003;-47,84684;"SPRF-MG";"DEL13-MG";"UOP01-DEL13-MG"
669108;2025-03-23;"domingo";"17:20:00";"CE";116;54;"PACAJUS";"Ingestão de álcool pelo condutor";"Colisão traseira";"Com Vítimas Feridas";"Anoitecer";"Decrescente";"Céu Claro";"Simples";"Reta";"Não";4;0;2;0;1;1;2;3;-4,2129075;-38,47321496;"SPRF-CE";"DEL01-CE";"UOP02-DEL01-CE"