"id";"data_inversa";"dia_semana";"horario";"uf";"br";"km";"municipio";"causa_acidente";"tipo_acidente";"classificacao_acidente";"fase_dia";"sentido_via";"condicao_metereologica";"tipo_pista";"tracado_via";"uso_solo";"pessoas";"mortos";"feridos_leves";"feridos_graves";"ilesos";"ignorados";"feridos";"veiculos";"latitude";"longitude";"regional";"delegacia";"uop"
669116;2025-03-22;"sábado";"23:00:00";"CE";116;66;"CHOROZINHO";"Condutor Dormindo";"Saída de leito carroçável";"Sem Vítimas";"Plena Noite";"Crescente";"Céu Claro";"Simples";"Curva";"Não";1;0;0;0;0;1;0;1;-4,302783;-38,502468;"SPRF-CE";"DEL01-CE";"UOP02-DEL01-CE"
669123;2025-03-23;"domingo";"19:35:00";"MG";153;237,3;"FRONTEIRA";"Transitar na contramão";"Colisão frontal";"Com Vítimas Fatais";"Plena Noite";"Decrescente";"Nublado";"Simples";"Reta";"Não";6;1;0;3;1;3;3;5;-20,236742;-49,160542;"SPRF-MG";"DEL13-MG";"UOP02-DEL13-MG"
669127;2025-03-23;"domingo";"18:40:00";"SC";101;43;"PALHOCA";"Reação tardia ou ineficiente do condutor";"Colisão lateral mesmo sentido";"Com Vítimas Feridas";"Plena Noite";"Decrescente";"Nublado";"Dupla";"Reta";"Não";2;0;1;0;1;0;1;2;-27,66617847;-48,71579289;"SPRF-SC";"DEL01-SC";"UOP02-DEL01-SC"
669135;2025-03-23;"domingo";"19:20:00";"PE";232;212;"PESQUEIRA";"Reação tardia ou ineficiente do condutor";"Colisão frontal";"Com Vítimas Fatais";"Plena Noite";"Crescente";"Céu Claro";"Simples";"Reta";"Sim";2;1;0;0;1;0;0;2;-8,373175;-36,713615;"SPRF-PE";"DEL03-PE";"UOP02-DEL03-PE"
669138;2025-03-23;"domingo";"20:02:00";"PR";153;497;"PORTO VITORIA";"Acumulo de óleo sobre o pavimento";"Colisão frontal";"Com Vítimas Feridas";"Plena Noite";"Decrescente";"Céu Claro";"Simples";"Reta";"Não";5;0;2;2;0;1;4;3;-26,313205;-51,2186435;"SPRF-PR";"DEL02-PR";"UOP03-DEL02-PR"
669146;2025-03-23;"domingo";"12:00:00";"MG";251;334;"RUBELITA";"Reação tardia ou ineficiente do condutor";"Saída de leito carroçável";"Com Vítimas Fatais";"Pleno dia";"Decrescente";"Céu Claro";"Simples";"Curva;Declive";"Não";8;1;0;0;6;2;0;8;-16,264152;-42,410249;"SPRF-MG";"DEL12-MG";"UOP02-DEL12-MG"
669148;2025-03-23;"domingo";"20:15:00";"SP";116;544;"BARRA DO TURVO";"Reação tardia ou ineficiente do condutor";"Tombamento";"Com Vítimas Feridas";"Plena Noite";"Decrescente";"Céu Claro";"Simples";"Declive;Curva";"Não";2;0;1;0;0;1;1;2;-24,95016699;-48,42400302;"SPRF-SP";"DEL05-SP";"UOP02-DEL05-SP"
669153;2025-03-23;"domingo";"21:37:00";"SC";101;217,2;"PALHOCA";"Entrada inopinada do pedestre";"Atropelamento de Pedestre";"Com Vítimas Fatais";"Plena Noite";"Decrescente";"Céu Claro";"Múltipla";"Reta;Interseção de Vias";"Sim";3;1;0;0;1;1;0;3;-27,66967;-48,673;"SPRF-SC";"DEL01-SC";"UOP02-DEL01-SC"
669156;2025-03-23;"domingo";"18:30:00";"BA";420;345;"JAGUAQUARA";"Transitar na contramão";"Colisão frontal";"Com Vítimas Feridas";"Anoitecer";"Decrescente";"Céu Claro";"Simples";"Reta";"Não";3;0;0;1;2;0;1;3;-13,51618634;-39,99747983;"SPRF-BA";"DEL03-BA";"UOP01-DEL03-BA"
669158;2025-03-23;"domingo";"21:20:00";"PR";277;1,5;"PARANAGUA";"Reação tardia ou ineficiente do condutor";"Colisão transversal";"Com Vítimas Feridas";"Plena Noite";"Decrescente";"Céu Claro";"Simples";"Reta";"Sim";3;0;1;0;1;2;1;4;-25,51102928;-48,53225285;"SPRF-PR";"DEL01-PR";"UOP05-DEL01-PR"
669166;2025-03-23;"domingo";"22:30:00";"SP";381;72;"SAO PAULO";"Reação tardia ou ineficiente do condutor";"Colisão traseira";"Com Vítimas Feridas";"Plena Noite";"Decrescente";"Céu Claro";"Dupla";"Declive;Reta";"Não";4;0;1;0;1;2;1;3;-23,35809194;-46,54945314;"SPRF-SP";"DEL03-SP";"UOP01-DEL03-SP"
669168;2025-01-26;"domingo";"23:25:00";"SP";116;496;"CAJATI";"Ausência de reação do condutor";"Colisão lateral mesmo sentido";"Com Vítimas Feridas";"Plena Noite";"Decrescente";"Chuva";"Dupla";"Reta";"Não";2;0;1;0;1;0;1;2;-24,75945513;-48,16458078;"SPRF-SP";"DEL05-SP";"UOP01-DEL05-SP"
669179;2025-03-24;"segunda-feira";"01:05:00";"GO";60;72;"ABADIANIA";"Reação tardia ou ineficiente do condutor";"Colisão traseira";"Com Vítimas Feridas";"Plena Noite";"Crescente";"Céu Claro";"Dupla";"Curva";"Não";3;0;1;0;2;0;1;2;-16,2621089;-48,7636448;"SPRF-GO";"DEL02-GO";"UOP01-DEL02-GO"
669182;2025-03-24;"segunda-feira";"01:15:00";"RJ";101;495;"ANGRA DOS REIS";"Chuva";"Colisão traseira";"Com Vítimas Feridas";"Plena Noite";"Decrescente";"Chuva";"Simples";"Curva";"Não";2;0;1;0;1;0;1;2;-22,93678;-44,31797;"SPRF-RJ";"DEL03-RJ";"UOP03-DEL03-RJ"
669183;2025-03-24;"segunda-feira";"01:14:00";"MG";153;240,3;"FRONTEIRA";"Ingestão de álcool pelo condutor";"Colisão traseira";"Com Vítimas Feridas";"Plena Noite";"Decrescente";"Nublado";"Simples";"Reta";"Não";3;0;0;1;1;3;1;5;-20,260702;-49,177777;"SPRF-MG";"DEL13-MG";"UOP02-DEL13-MG"
669189;2025-03-24;"segunda-feira";"04:30:00";"RS";116;232,5;"ESTANCIA VELHA";"Carga excessiva e/ou mal acondicionada";"Colisão com objeto";"Com Vítimas Feridas";"Plena Noite";"Crescente";"Céu Claro";"Simples";"Declive;Curva";"Não";2;0;1;1;0;0;2;1;-29,628757;-51,143743;"SPRF-RS";"DEL01-RS";"UOP02-DEL01-RS"
669191;2025-03-24;"segunda-feira";"04:45:00";"MG";381;794,5;"SAO GONCALO DO SAPUCAI";"Ausência de reação do condutor";"Colisão com objeto";"Com Vítimas Fatais";"Plena Noite";"Crescente";"Céu Claro";"Dupla";"Reta;Declive";"Não";4;1;2;0;0;5;2;8;-21,909045;-45,568497;"SPRF-MG";"DEL16-MG";"UOP02-DEL16-MG"
669195;2025-03-24;"segunda-feira";"04:40:00";"PR";163;259;"TOLEDO";"Mal súbito do condutor";"Saída de leito carroçável";"Com Vítimas Fatais";"Plena Noite";"Decrescente";"Céu Claro";"Dupla";"Reta;Declive";"Não";2;1;0;0;0;1;0;2;-24,641012;-53,857046;"SPRF-PR";"DEL06-PR";"UOP02-DEL06-PR"
669197;2025-03-23;"domingo";"21:00:00";"RJ";116;327;"ITATIAIA";"Acumulo de água sobre o pavimento";"Colisão traseira";"Com Vítimas Feridas";"Plena Noite";"Decrescente";"Chuva";"Dupla";"Reta";"Não";3;0;2;0;0;1;2;2;-22,50496287;-44,59387064;"SPRF-RJ";"DEL07-RJ";"UOP02-DEL07-RJ"
669198;2025-03-24;"segunda-feira";"06:19:00";"ES";101;400,5;"ITAPEMIRIM";"Carga excessiva e/ou mal acondicionada";"Tombamento";"Com Vítimas Feridas";"Pleno dia";"Decrescente";"Céu Claro";"Simples";"Declive;Curva";"Não";3;0;2;0;0;1;2;2;-20,888112;-40,984341;"SPRF-ES";"DEL03-ES";"UOP02-DEL03-ES"
669206;2025-03-24;"segunda-feira";"07:00:00";"PR";277;63;"CURITIBA";"Ausência de reação do condutor";"Colisão lateral mesmo sentido";"Com Vítimas Feridas";"Pleno dia";"Decrescente";"Nevoeiro/Neblina";"Dupla";"Reta";"Não";3;0;0;1;1;3;1;5;-25,4509056;-49,2470272;"SPRF-PR";"DEL01-PR";"UOP01-DEL01-PR"
669211;2025-03-24;"segunda-feira";"06:30:00";"ES";101;261,3;"SERRA";"Manobra de mudança de faixa";"Engavetamento";"Com Vítimas Feridas";"Amanhecer";"Crescente";"Céu Claro";"Dupla";"Reta;Aclive";"Não";12;0;1;0;10;1;1;8;-20,1514333;-40,278725;"SPRF-ES";"DEL02-ES";"UOP01-DEL02-ES"
669218;2025-03-24;"segunda-feira";"08:15:00";"SC";101;201;"SAO JOSE";"Manobra de mudança de faixa";"Colisão traseira";"Com Vítimas Feridas";"Pleno dia";"Crescente";"Céu Claro";"Múltipla";"Reta";"Sim";3;0;2;0;1;0;2;2;-27,549037;-48,619786;"SPRF-SC";"DEL01-SC";"UOP01-DEL01-SC"
669219;2025-03-24;"segunda-feira";"06:11:00";"PE";101;109;"CABO DE SANTO AGOSTINHO";"Manobra de mudança de faixa";"Colisão lateral mesmo sentido";"Sem Vítimas";"Pleno dia";"Crescente";"Sol";"Dupla";"Curva";"Não";2;0;0;0;2;0;0;2;-8,30486669;-35,0698185;"SPRF-PE";"DEL01-PE";"UOP03-DEL01-PE"
669235;2025-03-24;"segunda-feira";"06:30:00";"GO";20;1;"FORMOSA";"Ausência de reação do condutor";"Colisão frontal";"Com Vítimas Feridas";"Amanhecer";"Crescente";"Chuva";"Simples";"Declive;Curva";"Sim";3;0;0;1;1;3;1;5;-15,57942;-47,334373;"SPRF-DF";"DEL02-DF";"UOP02-DEL02-DF"
669239;2025-03-24;"segunda-feira";"09:10:00";"BA";324;599;"SIMOES FILHO";"Ingestão de álcool pelo condutor";"Colisão traseira";"Sem Vítimas";"Pleno dia";"Crescente";"Céu Claro";"Múltipla";"Reta";"Não";2;0;0;0;2;0;0;2;-12,74194511;-38,43853918;"SPRF-BA";"DEL01-BA";"UOP01-DEL01-BA"
669240;2025-03-24;"segunda-feira";"09:00:00";"SP";153;268,8;"VERA CRUZ";"Reação tardia ou ineficiente do condutor";"Colisão traseira";"Sem Vítimas";"Pleno dia";"Decrescente";"Céu Claro";"Simples";"Reta";"Não";4;0;0;0;3;1;0;3;-22,33697;-49,89868;"SPRF-SP";"DEL07-SP";"UOP02-DEL07-SP"
669249;2025-03-24;"segunda-feira";"04:15:00";"MG";365;138,2;"VARZEA DA PALMA";"Condutor Dormindo";"Colisão frontal";"Com Vítimas Feridas";"Plena Noite";"Crescente";"Nublado";"Simples";"Reta";"Não";6;0;2;2;1;2;4;4;-17,23381691;-44,81460571;"SPRF-MG";"DEL12-MG";"UOP01-DEL12-MG"
669250;2025-03-24;"segunda-feira";"08:30:00";"PR";376;603,9;"CURITIBA";"Velocidade Incompatível";"Colisão traseira";"Com Vítimas Feridas";"Pleno dia";"Crescente";"Céu Claro";"Dupla";"Reta";"Não";4;0;1;0;2;3;1;6;-25,50559091;-49,34075095;"SPRF-PR";"DEL01-PR";"UOP06-DEL01-PR"
669253;2025-03-24;"segunda-feira";"09:10:00";"MG";381;568,5;"ITAGUARA";"Velocidade Incompatível";"Colisão com objeto";"Com Vítimas Feridas";"Pleno dia";"Crescente";"Chuva";"Dupla";"Curva";"Não";4;0;2;0;1;1;2;3;-20,40744425;-44,5241902;"SPRF-MG";"DEL04-MG";"UOP03-DEL04-MG"
669254;2025-03-24;"segunda-feira";"11:00:00";"CE";116;16;"FORTALEZA";"Condutor deixou de manter distância do veículo da frente";"Engavetamento";"Com Vítimas Feridas";"Pleno dia";"Decrescente";"Chuva";"Dupla";"Reta";"Não";6;0;1;0;4;1;1;6;-3,88751672;-38,50143432;"SPRF-CE";"DEL01-CE";"UOP02-DEL01-CE"
669255;2025-03-24;"segunda-feira";"09:45:00";"MG";40;270,1;"SAO GONCALO DO ABAETE";"Reação tardia ou ineficiente do condutor";"Tombamento";"Com Vítimas Feridas";"Pleno dia";"Decrescente";"Chuva";"Simples";"Reta";"Não";1;0;1;0;0;0;1;1;-18,17879973;-45,27534485;"SPRF-MG";"DEL14-MG";"UOP02-DEL14-MG"
669261;2025-03-24;"segunda-feira";"11:55:00";"RJ";40;89;"PETROPOLIS";"Demais falhas mecânicas ou elétricas";"Incêndio";"Sem Vítimas";"Pleno dia";"Decrescente";"Garoa/Chuvisco";"Simples";"Reta;Aclive";"Não";1;0;0;0;1;0;0;1;-22,5551883;-43,2358517;"SPRF-RJ";"DEL01-RJ";"UOP01-DEL01-RJ"
669264;2025-03-24;"segunda-feira";"11:20:00";"MG";381;515;"IGARAPE";"Ausência de reação do condutor";"Colisão traseira";"Com Vítimas Feridas";"Pleno dia";"Decrescente";"Chuva";"Dupla";"Curva";"Não";3;0;1;0;1;1;1;3;-20,09919202;-44,31770361;"SPRF-MG";"DEL01-MG";"UOP03-DEL01-MG"
669268;2025-03-24;"segunda-feira";"12:20:00";"GO";40;3;"VALPARAISO DE GOIAS";"Condutor deixou de manter distância do veículo da frente";"Colisão traseira";"Sem Vítimas";"Pleno dia";"Decrescente";"Chuva";"Dupla";"Reta";"Sim";2;0;0;0;1;1;0;2;-16,078796;-47,985911;"SPRF-DF";"DEL01-DF";"UOP01-DEL01-DF"
669269;2025-03-24;"segunda-feira";"11:15:00";"SC";480;128,6;"CHAPECO";"Mal súbito do condutor";"Saída de leito carroçável";"Com Vítimas Feridas";"Pleno dia";"Crescente";"Céu Claro";"Dupla";"Curva";"Não";2;0;1;0;0;2;1;3;-27,04525308;-52,63615933;"SPRF-SC";"DEL07-SC";"UOP01-DEL07-SC"
669273;2025-03-24;"segunda-feira";"04:30:00";"PR";476;227;"LAPA";"Reação tardia ou ineficiente do condutor";"Saída de leito carroçável";"Com Vítimas Feridas";"Plena Noite";"Crescente";"Ignorado";"Simples";"Curva";"Não";1;0;1;0;0;0;1;1;-25,78228867;-49,84453417;"SPRF-PR";"DEL01-PR";"UOP06-DEL01-PR"
669278;2025-03-24;"segunda-feira";"10:00:00";"SC";282;592,9;"SAUDADES";"Ultrapassagem Indevida";"Colisão lateral sentido oposto";"Com Vítimas Feridas";"Pleno dia";"Decrescente";"Sol";"Simples";"Curva;Aclive";"Não";6;0;2;1;1;2;3;5;-26,82621626;-53,10152592;"SPRF-SC";"DEL07-SC";"UOP02-DEL07-SC"
669288;2025-03-21;"sexta-feira";"20:00:00";"BA";101;76;"ENTRE RIOS";"Ultrapassagem Indevida";"Colisão lateral mesmo sentido";"Com Vítimas Feridas";"Plena Noite";"Crescente";"Céu Claro";"Simples";"Em Obras;Reta;Declive";"Não";2;0;0;1;1;0;1;2;-11,973134;-38,14281464;"SPRF-BA";"DEL01-BA";"UOP04-DEL01-BA"
669295;2025-03-24;"segunda-feira";"14:00:00";"PE";101;57,4;"RECIFE";"Demais falhas mecânicas ou elétricas";"Incêndio";"Sem Vítimas";"Pleno dia";"Crescente";"Céu Claro";"Dupla";"Reta";"Sim";1;0;0;0;1;0;0;1;-7,9676082;-34,9180862;"SPRF-PE";"DEL01-PE";"UOP02-DEL01-PE"
669303;2025-03-24;"segunda-feira";"12:50:00";"MG";381;923,8;"ITAPEVA";"Ausência de reação do condutor";"Colisão traseira";"Com Vítimas Feridas";"Pleno dia";"Crescente";"Céu Claro";"Dupla";"Curva";"Não";2;0;1;0;1;0;1;2;-22,7686459;-46,2100887;"SPRF-MG";"DEL16-MG";"UOP03-DEL16-MG"
669307;2025-03-24;"segunda-feira";"14:30:00";"SE";235;8;"NOSSA SENHORA DO SOCORRO";"Condutor deixou de manter distância do veículo da frente";"Colisão traseira";"Com Vítimas Feridas";"Pleno dia";"Crescente";"Céu Claro";"Simples";"Reta;Viaduto";"Não";3;0;1;0;2;0;1;2;-10,88406999;-37,13197924;"SPRF-SE";"DEL01-SE";"UOP01-DEL01-SE"
669310;2025-03-24;"segunda-feira";"10:50:00";"MT";70;695;"CACERES";"Demais falhas mecânicas ou elétricas";"Colisão transversal";"Com Vítimas Feridas";"Pleno dia";"Decrescente";"Céu Claro";"Simples";"Curva;Declive";"Não";4;0;2;0;1;1;2;3;-16,250672;-57,466145;"SPRF-MT";"DEL03-MT";"UOP01-DEL03-MT"
669312;2025-03-21;"sexta-feira";"21:30:00";"RS";153;46;"ERECHIM";"Transitar na contramão";"Colisão lateral sentido oposto";"Sem Vítimas";"Plena Noite";"Decrescente";"Céu Claro";"Simples";"Reta";"Sim";3;0;0;0;1;2;0;3;-27,64048299;-52,24315438;"SPRF-RS";"DEL08-RS";"UOP04-DEL08-RS"
669314;2025-03-24;"segunda-feira";"14:20:00";"RS";472;560;"URUGUAIANA";"Manobra de mudança de faixa";"Colisão lateral mesmo sentido";"Sem Vítimas";"Pleno dia";"Crescente";"Céu Claro";"Simples";"Reta";"Não";4;0;0;0;4;0;0;2;-29,6865718;-56,9106648;"SPRF-RS";"DEL13-RS";"UOP01-DEL13-RS"
669318;2025-03-24;"segunda-feira";"15:25:00";"MG";381;544,5;"ITATIAIUCU";"Reação tardia ou ineficiente do condutor";"Colisão traseira";"Com Vítimas Feridas";"Pleno dia";"Crescente";"Nublado";"Dupla";"Reta;Aclive";"Não";6;0;2;0;4;0;2;4;-20,27137605;-44,42527771;"SPRF-MG";"DEL04-MG";"UOP03-DEL04-MG"
669326;2025-03-24;"segunda-feira";"16:20:00";"MT";364;391,1;"CUIABA";"Chuva";"Saída de leito carroçável";"Com Vítimas Feridas";"Pleno dia";"Decrescente";"Chuva";"Dupla";"Curva";"Não";2;0;0;1;0;1;1;2;-15,69370721;-55,90186089;"SPRF-MT";"DEL01-MT";"UOP02-DEL01-MT"
669328;2025-03-24;"segunda-feira";"16:50:00";"PR";153;366;"RIO AZUL";"Ausência de sinalização";"Colisão transversal";"Sem Vítimas";"Pleno dia";"Crescente";"Nublado";"Simples";"Interseção de Vias;Reta";"Sim";2;0;0;0;2;0;0;2;-25,73869107;-50,80240466;"SPRF-PR";"DEL08-PR";"UOP02-DEL08-PR"
669329;2025-03-24;"segunda-feira";"17:30:00";"GO";60;107;"GOIANAPOLIS";"Problema com o freio";"Colisão com objeto";"Com Vítimas Feridas";"Anoitecer";"Crescente";"Vento";"Dupla";"Reta";"Não";2;0;1;0;1;0;1;2;-16,438422;-49,019002;"SPRF-GO";"DEL02-GO";"UOP01-DEL02-GO"
669333;2025-03-24;"segunda-feira";"17:00:00";"DF";20;20;"BRASILIA";"Chuva";"Saída de leito carroçável";"Sem Vítimas";"Anoitecer";"Decrescente";"Chuva";"Dupla";"Ponte;Reta;Declive";"Sim";2;0;0;0;1;2;0;3;-15,6071667;-47,6919317;"SPRF-DF";"DEL02-DF";"UOP01-DEL02-DF"
669345;2025-03-24;"segunda-feira";"15:35:00";"SC";280;24;"ARAQUARI";"Pista Escorregadia";"Colisão frontal";"Com Vítimas Feridas";"Pleno dia";"Crescente";"Céu Claro";"Simples";"Reta";"Sim";4;0;1;0;2;1;1;3;-26,37882642;-48,72131456;"SPRF-SC";"DEL03-SC";"UOP03-DEL03-SC"
669347;2025-03-24;"segunda-feira";"18:00:00";"DF";20;26,2;"BRASILIA";"Acumulo de água sobre o pavimento";"Saída de leito carroçável";"Sem Vítimas";"Plena Noite";"Decrescente";"Chuva";"Dupla";"Reta;Declive";"Não";1;0;0;0;1;0;0;1;-15,596095;-47,641812;"SPRF-DF";"DEL02-DF";"UOP01-DEL02-DF"
669351;2025-03-24;"segunda-feira";"14:40:00";"MG";116;40,4;"PEDRA AZUL";"Animais na Pista";"Atropelamento de Animal";"Com Vítimas Feridas";"Pleno dia";"Crescente";"Céu Claro";"Simples";"Interseção de Vias";"Não";2;0;0;1;0;1;1;2;-15,985898;-41,407027;"SPRF-MG";"DEL11-MG";"UOP02-DEL11-MG"
669363;2025-03-24;"segunda-feira";"17:35:00";"MG";116;207;"CATUJI";"Ultrapassagem Indevida";"Colisão frontal";"Com Vítimas Fatais";"Anoitecer";"Crescente";"Céu Claro";"Simples";"Reta";"Sim";5;1;0;0;2;2;0;5;-17,30723338;-41,5177846;"SPRF-MG";"DEL11-MG";"UOP01-DEL11-MG"
669369;2025-03-24;"segunda-feira";"17:30:00";"BA";235;130;"JEREMOABO";"Reação tardia ou ineficiente do condutor";"Capotamento";"Com Vítimas Feridas";"Plena Noite";"Decrescente";"Céu Claro";"Simples";"Curva";"Não";2;0;1;0;0;1;1;2;-10,10348664;-38,4296608;"SPRF-BA";"DEL07-BA";"UOP03-DEL07-BA"
669374;2025-03-24;"segunda-feira";"20:45:00";"ES";101;289;"CARIACICA";"Entrada inopinada do pedestre";"Atropelamento de Pedestre";"Com Vítimas Feridas";"Plena Noite";"Decrescente";"Nublado";"Dupla";"Reta";"Sim";2;0;0;1;0;1;1;2;-20,27765256;-40,3925195;"SPRF-ES";"DEL01-ES";"UOP01-DEL01-ES"
669386;2025-02-19;"quarta-feira";"17:35:00";"SC";116;10,8;"MAFRA";"Reação tardia ou ineficiente do condutor";"Engavetamento";"Com Vítimas Fatais";"Pleno dia";"Decrescente";"Chuva";"Simples";"Declive;Reta";"Não";7;1;0;2;4;0;2;5;-26,1755878;-49,857169;"SPRF-SC";"DEL06-SC";"UOP01-DEL06-SC"
669388;2025-03-24;"segunda-feira";"20:30:00";"MT";163;786;"VERA";"Demais falhas mecânicas ou elétricas";"Incêndio";"Sem Vítimas";"Plena Noite";"Crescente";"Nublado";"Simples";"Curva";"Não";2;0;0;0;0;3;0;3;-12,2856868;-55,5625067;"SPRF-MT";"DEL06-MT";"UOP02-DEL06-MT"
669390;2025-03-24;"segunda-feira";"21:20:00";"RJ";116;202;"SEROPEDICA";"Ausência de reação do condutor";"Colisão traseira";"Com Vítimas Feridas";"Plena Noite";"Decrescente";"Nublado";"Dupla";"Reta";"Sim";4;0;1;0;2;1;1;3;-22,72264067;-43,67428064;"SPRF-RJ";"DEL06-RJ";"UOP02-DEL06-RJ"
669392;2025-03-24;"segunda-feira";"16:00:00";"RO";421;64;"MONTE NEGRO";"Reação tardia ou ineficiente do condutor";"Tombamento";"Com Vítimas Feridas";"Pleno dia";"Decrescente";"Céu Claro";"Simples";"Curva;Declive";"Não";2;0;1;0;0;1;1;2;-10,34861045;-63,38562012;"SPRF-RO";"DEL03-RO";"UOP01-DEL03-RO"
669396;2025-03-24;"segunda-feira";"18:30:00";"MG";251;218,8;"CACHOEIRA DE PAJEU";"Transitar na contramão";"Colisão frontal";"Com Vítimas Feridas";"Anoitecer";"Decrescente";"Céu Claro";"Simples";"Reta";"Não";2;0;1;0;0;1;1;2;-15,90520647;-41,54754639;"SPRF-MG";"DEL12-MG";"UOP02-DEL12-MG"
669397;2025-03-24;"segunda-feira";"23:00:00";"GO";414;357;"COCALZINHO DE GOIAS";"Velocidade Incompatível";"Tombamento";"Com Vítimas Feridas";"Plena Noite";"Crescente";"Ignorado";"Simples";"Curva";"Não";2;0;1;0;0;3;1;4;-15,67028;-48,69869;"SPRF-GO";"DEL02-GO";"UOP01-DEL02-GO"
669401;2025-03-25;"terça-feira";"00:30:00";"SP";116;116;"TAUBATE";"Reação tardia ou ineficiente do condutor";"Tombamento";"Com Vítimas Feridas";"Plena Noite";"Crescente";"Céu Claro";"Dupla";"Reta";"Sim";2;0;1;0;0;1;1;2;-23,05016216;-45,60196817;"SPRF-SP";"DEL02-SP";"UOP02-DEL02-SP"
669404;2025-03-25;"terça-feira";"02:00:00";"RS";386;284,2;"SAO JOSE DO HERVAL";"Carga excessiva e/ou mal acondicionada";"Tombamento";"Com Vítimas Feridas";"Plena Noite";"Crescente";"Nublado";"Simples";"Declive;Curva";"Não";2;0;1;1;0;0;2;1;-29,0611193;-52,289067;"SPRF-RS";"DEL04-RS";"UOP03-DEL04-RS"
669406;2025-03-24;"segunda-feira";"23:36:00";"PR";153;121,5;"IBAITI";"Velocidade Incompatível";"Tombamento";"Com Vítimas Fatais";"Plena Noite";"Crescente";"Céu Claro";"Simples";"Curva;Declive";"Não";1;1;0;0;0;0;0;1;-23,93446631;-50,2397275;"SPRF-PR";"DEL07-PR";"UOP04-DEL07-PR"
669420;2025-03-25;"terça-feira";"04:00:00";"PE";104;77,9;"AGRESTINA";"Velocidade Incompatível";"Saída de leito carroçável";"Com Vítimas Feridas";"Amanhecer";"Crescente";"Nublado";"Simples";"Curva";"Não";2;0;0;2;0;0;2;1;-8,386067;-35,981151;"SPRF-PE";"DEL02-PE";"UOP01-DEL02-PE"
669428;2025-03-25;"terça-feira";"06:40:00";"MS";163;481;"CAMPO GRANDE";"Acessar a via sem observar a presença dos outros veículos";"Colisão transversal";"Com Vítimas Feridas";"Pleno dia";"Crescente";"Céu Claro";"Simples";"Viaduto;Reta";"Sim";3;0;1;0;1;3;1;5;-20,4634339;-54,5551825;"SPRF-MS";"DEL01-MS";"UOP01-DEL01-MS"
669436;2025-03-25;"terça-feira";"08:00:00";"PA";316;54;"CASTANHAL";"Ausência de reação do condutor";"Engavetamento";"Com Vítimas Feridas";"Pleno dia";"Crescente";"Céu Claro";"Dupla";"Reta";"Sim";4;0;2;0;2;0;2;3;-1,3060714;-48,0074145;"SPRF-PA";"DEL01-PA";"UOP01-DEL01-PA"
669453;2025-03-25;"terça-feira";"09:10:00";"SE";101;93,4;"NOSSA SENHORA DO SOCORRO";"Demais falhas mecânicas ou elétricas";"Colisão lateral mesmo sentido";"Sem Vítimas";"Pleno dia";"Decrescente";"Céu Claro";"Dupla";"Reta;Retorno Regulamentado";"Sim";3;0;0;0;2;1;0;3;-10,90428955;-37,14811206;"SPRF-SE";"DEL01-SE";"UOP01-DEL01-SE"
669457;2025-02-21;"sexta-feira";"23:45:00";"SP";116;223;"GUARULHOS";"Reação tardia ou ineficiente do condutor";"Engavetamento";"Com Vítimas Feridas";"Plena Noite";"Decrescente";"Céu Claro";"Múltipla";"Reta";"Sim";3;0;1;0;1;1;1;3;-23,47622155;-46,52574241;"SPRF-SP";"DEL01-SP";"UOP01-DEL01-SP"
669458;2025-03-25;"terça-feira";"08:00:00";"MS";158;280;"TRES LAGOAS";"Reação tardia ou ineficiente do condutor";"Colisão transversal";"Com Vítimas Feridas";"Pleno dia";"Crescente";"Céu Claro";"Simples";"Reta";"Não";7;0;2;0;4;1;2;3;-20,828534;-51,729649;"SPRF-MS";"DEL07-MS";"UOP01-DEL07-MS"
669463;2025-02-10;"segunda-feira";"18:49:00";"PA";163;318;"NOVO PROGRESSO";"Ultrapassagem Indevida";"Tombamento";"Com Vítimas Feridas";"Anoitecer";"Crescente";"Ignorado";"Simples";"Reta";"Não";4;0;2;0;1;5;2;8;-6,975396;-55,446412;"SPRF-PA";"DEL06-PA";"UOP02-DEL06-PA"
669465;2025-03-25;"terça-feira";"08:00:00";"GO";40;93;"CRISTALINA";"Acessar a via sem observar a presença dos outros veículos";"Colisão transversal";"Com Vítimas Feridas";"Pleno dia";"Decrescente";"Céu Claro";"Simples";"Interseção de Vias";"Não";5;0;3;0;1;1;3;3;-16,74866037;-47,60925293;"SPRF-DF";"DEL01-DF";"UOP02-DEL01-DF"
669468;2025-03-25;"terça-feira";"08:00:00";"MT";70;728;"CACERES";"Demais falhas mecânicas ou elétricas";"Incêndio";"Sem Vítimas";"Pleno dia";"Crescente";"Céu Claro";"Simples";"Reta";"Não";2;0;0;0;2;0;0;1;-16,11749639;-57,66607281;"SPRF-MT";"DEL03-MT";"UOP01-DEL03-MT"
669479;2025-03-17;"segunda-feira";"10:30:00";"RJ";116;180;"BELFORD ROXO";"Ausência de reação do condutor";"Colisão com objeto";"Com Vítimas Feridas";"Pleno dia";"Crescente";"Chuva";"Dupla";"Reta";"Não";3;0;1;0;1;1;1;3;-22,765117;-43,415723;"SPRF-RJ";"DEL06-RJ";"UOP01-DEL06-RJ"
669480;2025-03-25;"terça-feira";"07:30:00";"BA";242;291;"LAJEDINHO";"Ultrapassagem Indevida";"Colisão traseira";"Com Vítimas Feridas";"Pleno dia";"Decrescente";"Céu Claro";"Simples";"Curva;Declive";"Não";4;0;1;0;2;1;1;4;-12,44410749;-40,82663298;"SPRF-BA";"DEL06-BA";"UOP02-DEL06-BA"