"id";"data_inversa";"dia_semana";"horario";"uf";"br";"km";"municipio";"causa_acidente";"tipo_acidente";"classificacao_acidente";"fase_dia";"sentido_via";"condicao_metereologica";"tipo_pista";"tracado_via";"uso_solo";"pessoas";"mortos";"feridos_leves";"feridos_graves";"ilesos";"ignorados";"feridos";"veiculos";"latitude";"longitude";"regional";"delegacia";"uop"
670658;2025-03-31;"segunda-feira";"03:31:00";"PR";376;674;"GUARATUBA";"Reação tardia ou ineficiente do condutor";"Colisão traseira";"Sem Vítimas";"Plena Noite";"Decrescente";"Nublado";"Dupla";"Reta";"Não";2;0;0;0;1;1;0;2;-25,893192;-48,930514;"SPRF-PR";"DEL01-PR";"UOP04-DEL01-PR"
670670;2025-03-31;"segunda-feira";"05:55:00";"BA";116;410;"FEIRA DE SANTANA";"Ingestão de álcool pelo condutor";"Colisão lateral mesmo sentido";"Sem Vítimas";"Pleno dia";"Crescente";"Céu Claro";"Dupla";"Reta";"Não";3;0;0;0;2;1;0;3;-12,12606219;-38,96828247;"SPRF-BA";"DEL02-BA";"UOP01-DEL02-BA"
670680;2025-03-31;"segunda-feira";"06:45:00";"SC";101;371;"ICARA";"Ausência de reação do condutor";"Colisão lateral mesmo sentido";"Com Vítimas Feridas";"Amanhecer";"Crescente";"Céu Claro";"Dupla";"Reta";"Não";2;0;1;0;0;1;1;2;-28,7139;-49,219;"SPRF-SC";"DEL02-SC";"UOP01-DEL02-SC"
670684;2025-03-31;"segunda-feira";"07:00:00";"PR";116;97;"SAO JOSE DOS PINHAIS";"Condutor deixou de manter distância do veículo da frente";"Colisão lateral mesmo sentido";"Com Vítimas Feridas";"Pleno dia";"Decrescente";"Nevoeiro/Neblina";"Dupla";"Reta";"Sim";4;0;1;0;2;1;1;3;-25,54480056;-49,15059859;"SPRF-PR";"DEL01-PR";"UOP07-DEL01-PR"
670685;2025-03-31;"segunda-feira";"06:00:00";"MT";163;681;"LUCAS DO RIO VERDE";"Ultrapassagem Indevida";"Saída de leito carroçável";"Com Vítimas Feridas";"Pleno dia";"Decrescente";"Nublado";"Simples";"Reta";"Não";4;0;1;0;2;3;1;5;-13,126118;-55,960185;"SPRF-MT";"DEL06-MT";"UOP01-DEL06-MT"
670690;2025-03-30;"domingo";"17:10:00";"AC";317;145;"CAPIXABA";"Ingestão de álcool pelo condutor";"Colisão com objeto";"Sem Vítimas";"Anoitecer";"Decrescente";"Céu Claro";"Dupla";"Reta;Rotatória";"Sim";2;0;0;0;1;1;0;2;-10,5797712;-67,6802935;"SPRF-AC";"DEL01-AC";"UOP01-DEL01-AC"
670693;2025-02-24;"segunda-feira";"19:30:00";"SC";116;187,4;"SAO CRISTOVAO DO SUL";"Transitar na contramão";"Colisão frontal";"Com Vítimas Fatais";"Plena Noite";"Crescente";"Céu Claro";"Simples";"Reta";"Não";5;2;2;0;1;0;2;2;-27,32311063;-50,42296235;"SPRF-SC";"DEL05-SC";"UOP03-DEL05-SC"
670697;2025-03-31;"segunda-feira";"07:05:00";"RS";153;544;"CACAPAVA DO SUL";"Objeto estático sobre o leito carroçável";"Colisão traseira";"Sem Vítimas";"Amanhecer";"Crescente";"Céu Claro";"Simples";"Reta";"Não";3;0;0;0;2;1;0;3;-30,78798604;-53,57465744;"SPRF-RS";"DEL09-RS";"UOP02-DEL09-RS"
670702;2025-02-21;"sexta-feira";"12:00:00";"PA";155;222;"ELDORADO DO CARAJAS";"Ausência de reação do condutor";"Saída de leito carroçável";"Com Vítimas Fatais";"Pleno dia";"Decrescente";"Nublado";"Simples";"Reta";"Não";3;1;1;0;0;2;1;3;-6,339543;-49,384625;"SPRF-PA";"DEL03-PA";"UOP01-DEL03-PA"
670706;2025-02-11;"terça-feira";"12:45:00";"PR";116;10;"COLOMBO";"Trafegar com motocicleta (ou similar) entre as faixas";"Colisão lateral mesmo sentido";"Com Vítimas Feridas";"Pleno dia";"Crescente";"Céu Claro";"Dupla";"Reta";"Sim";3;0;1;0;1;1;1;3;-25,3719;-49,134;"SPRF-PR";"DEL01-PR";"UOP02-DEL01-PR"
670711;2025-03-31;"segunda-feira";"05:00:00";"PE";232;461,7;"MIRANDIBA";"Condutor Dormindo";"Saída de leito carroçável";"Com Vítimas Fatais";"Amanhecer";"Decrescente";"Céu Claro";"Simples";"Reta";"Não";2;1;0;1;0;0;1;1;-8,02551653;-38,75581741;"SPRF-PE";"DEL05-PE";"UOP01-DEL05-PE"
670713;2025-03-31;"segunda-feira";"07:30:00";"MS";158;141,2;"APARECIDA DO TABOADO";"Ausência de reação do condutor";"Colisão traseira";"Com Vítimas Feridas";"Pleno dia";"Decrescente";"Chuva";"Simples";"Reta";"Não";5;0;3;0;1;1;3;3;-20,043966;-51,113191;"SPRF-MS";"DEL08-MS";"UOP01-DEL08-MS"
670720;2025-03-31;"segunda-feira";"11:10:00";"PB";230;0,5;"CABEDELO";"Acessar a via sem observar a presença dos outros veículos";"Colisão transversal";"Sem Vítimas";"Pleno dia";"Crescente";"Céu Claro";"Simples";"Curva;Interseção de Vias";"Sim";2;0;0;0;2;0;0;2;-6,97210588;-34,83370777;"SPRF-PB";"DEL01-PB";"UOP01-DEL01-PB"
670725;2025-01-13;"segunda-feira";"03:30:00";"MA";316;518;"CAXIAS";"Ingestão de álcool pelo condutor";"Tombamento";"Com Vítimas Feridas";"Plena Noite";"Crescente";"Chuva";"Simples";"Reta";"Não";3;0;1;1;0;1;2;2;-4,767323;-43,61478;"SPRF-MA";"DEL03-MA";"UOP02-DEL03-MA"
670727;2025-03-31;"segunda-feira";"11:00:00";"PI";343;2,7;"TERESINA";"Trafegar com motocicleta (ou similar) entre as faixas";"Colisão lateral mesmo sentido";"Com Vítimas Feridas";"Pleno dia";"Decrescente";"Céu Claro";"Múltipla";"Reta";"Sim";3;0;0;1;2;0;1;2;-5,08154007;-42,77415626;"SPRF-PI";"DEL01-PI";"UOP01-DEL01-PI"
670734;2025-03-31;"segunda-feira";"11:32:00";"PE";232;66;"GRAVATA";"Demais falhas mecânicas ou elétricas";"Tombamento";"Com Vítimas Feridas";"Pleno dia";"Crescente";"Céu Claro";"Dupla";"Curva";"Não";2;0;0;1;1;0;1;1;-8,16767259;-35,45368887;"SPRF-PE";"DEL02-PE";"UOP02-DEL02PE"
670735;2025-03-31;"segunda-feira";"12:50:00";"ES";101;329,8;"GUARAPARI";"Acessar a via sem observar a presença dos outros veículos";"Colisão traseira";"Com Vítimas Feridas";"Pleno dia";"Crescente";"Nublado";"Dupla";"Reta";"Não";2;0;0;1;0;1;1;2;-20,59137546;-40,49941236;"SPRF-ES";"DEL03-ES";"UOP01-DEL03-ES"
670739;2025-03-31;"segunda-feira";"12:40:00";"PR";277;280,6;"PRUDENTOPOLIS";"Ultrapassagem Indevida";"Colisão traseira";"Com Vítimas Feridas";"Pleno dia";"Crescente";"Sol";"Simples";"Reta";"Não";4;0;0;1;2;1;1;4;-25,349575;-50,928897;"SPRF-PR";"DEL08-PR";"UOP02-DEL08-PR"
670744;2025-03-30;"domingo";"23:00:00";"BA";116;729;"BOA NOVA";"Ausência de reação do condutor";"Saída de leito carroçável";"Sem Vítimas";"Plena Noite";"Crescente";"Céu Claro";"Simples";"Reta;Aclive";"Não";2;0;0;0;1;1;0;2;-14,27364367;-40,29798031;"SPRF-BA";"DEL08-BA";"UOP02-DEL08-BA"
670745;2025-03-31;"segunda-feira";"12:10:00";"BA";101;217;"MURITIBA";"Frear bruscamente";"Colisão traseira";"Com Vítimas Feridas";"Pleno dia";"Decrescente";"Céu Claro";"Simples";"Reta";"Não";3;0;1;0;1;1;1;2;-12,6396167;-39,09809;"SPRF-BA";"DEL01-BA";"UOP02-DEL01-BA"
670749;2025-03-31;"segunda-feira";"10:30:00";"BA";116;596;"NOVA ITARANA";"Ausência de reação do condutor";"Tombamento";"Com Vítimas Feridas";"Pleno dia";"Decrescente";"Céu Claro";"Simples";"Reta";"Não";2;0;1;0;0;2;1;3;-13,10514527;-39,9833832;"SPRF-BA";"DEL03-BA";"UOP02-DEL03-BA"
670756;2025-03-24;"segunda-feira";"17:30:00";"RJ";101;313;"SAO GONCALO";"Reação tardia ou ineficiente do condutor";"Colisão lateral mesmo sentido";"Com Vítimas Feridas";"Plena Noite";"Decrescente";"Céu Claro";"Dupla";"Reta";"Sim";5;0;0;2;2;1;2;4;-22,81352951;-43,07052612;"SPRF-RJ";"DEL02-RJ";"UOP02-DEL02-RJ"
670762;2025-03-27;"quinta-feira";"23:00:00";"SC";470;81;"RODEIO";"Demais falhas na via";"Tombamento";"Sem Vítimas";"Plena Noite";"Decrescente";"Céu Claro";"Simples";"Declive;Curva";"Não";2;0;0;0;1;1;0;2;-26,95034012;-49,35597852;"SPRF-SC";"DEL04-SC";"UOP01-DEL04-SC"
670765;2025-03-31;"segunda-feira";"14:10:00";"RJ";101;478;"ANGRA DOS REIS";"Objeto estático sobre o leito carroçável";"Colisão com objeto";"Com Vítimas Feridas";"Pleno dia";"Crescente";"Céu Claro";"Simples";"Reta";"Não";2;0;1;0;1;0;1;2;-23,00284168;-44,27283411;"SPRF-RJ";"DEL03-RJ";"UOP03-DEL03-RJ"
670769;2025-03-31;"segunda-feira";"15:45:00";"RJ";116;211;"SEROPEDICA";"Ausência de reação do condutor";"Colisão traseira";"Com Vítimas Feridas";"Pleno dia";"Crescente";"Céu Claro";"Dupla";"Reta";"Não";2;0;0;1;1;0;1;2;-22,71990282;-43,69073868;"SPRF-RJ";"DEL06-RJ";"UOP02-DEL06-RJ"
670770;2025-03-31;"segunda-feira";"16:00:00";"RS";116;321;"BARRA DO RIBEIRO";"Avarias e/ou desgaste excessivo no pneu";"Saída de leito carroçável";"Sem Vítimas";"Pleno dia";"Crescente";"Garoa/Chuvisco";"Dupla";"Reta";"Não";1;0;0;0;1;0;0;1;-30,28308457;-51,41223907;"SPRF-RS";"DEL02-RS";"UOP01-DEL02-RS"
670771;2025-03-31;"segunda-feira";"16:20:00";"PI";343;339,7;"TERESINA";"Avarias e/ou desgaste excessivo no pneu";"Colisão com objeto";"Com Vítimas Feridas";"Pleno dia";"Decrescente";"Chuva";"Dupla";"Curva";"Sim";1;0;1;0;0;0;1;1;-5,072592;-42,73447;"SPRF-PI";"DEL01-PI";"UOP01-DEL01-PI"
670774;2025-03-31;"segunda-feira";"14:30:00";"SC";101;205,1;"SAO JOSE";"Ausência de reação do condutor";"Colisão traseira";"Com Vítimas Fatais";"Pleno dia";"Crescente";"Céu Claro";"Múltipla";"Reta";"Sim";7;1;1;2;2;2;3;7;-27,58389336;-48,61553008;"SPRF-SC";"DEL01-SC";"UOP01-DEL01-SC"
670778;2025-03-31;"segunda-feira";"16:45:00";"PR";277;1;"PARANAGUA";"Ausência de reação do condutor";"Colisão traseira";"Com Vítimas Feridas";"Pleno dia";"Crescente";"Céu Claro";"Simples";"Reta;Interseção de Vias;Rotatória";"Sim";3;0;1;0;1;1;1;3;-25,52782;-48,54126;"SPRF-PR";"DEL01-PR";"UOP05-DEL01-PR"
670779;2025-03-31;"segunda-feira";"14:20:00";"GO";153;86;"SANTA TEREZA DE GOIAS";"Reação tardia ou ineficiente do condutor";"Colisão traseira";"Com Vítimas Feridas";"Pleno dia";"Decrescente";"Garoa/Chuvisco";"Simples";"Reta";"Não";3;0;1;0;1;2;1;4;-13,55390748;-49,08047676;"SPRF-GO";"DEL07-GO";"UOP01-DEL07-GO"
670782;2025-03-31;"segunda-feira";"13:20:00";"PR";277;503,1;"DIAMANTE DO SUL";"Ultrapassagem Indevida";"Colisão lateral mesmo sentido";"Com Vítimas Feridas";"Pleno dia";"Decrescente";"Céu Claro";"Simples";"Declive;Reta";"Não";6;0;2;0;3;2;2;6;-25,1353;-52,7169;"SPRF-PR";"DEL04-PR";"UOP04-DEL04-PR"
670788;2025-03-31;"segunda-feira";"15:30:00";"MG";381;163;"GOVERNADOR VALADARES";"Ausência de reação do condutor";"Colisão lateral sentido oposto";"Com Vítimas Feridas";"Pleno dia";"Decrescente";"Céu Claro";"Simples";"Reta";"Não";2;0;0;1;1;0;1;2;-18,918689;-42,014008;"SPRF-MG";"DEL06-MG";"UOP01-DEL06-MG"
670793;2025-03-31;"segunda-feira";"15:52:00";"MT";163;750;"SORRISO";"Ausência de reação do condutor";"Engavetamento";"Com Vítimas Feridas";"Pleno dia";"Decrescente";"Céu Claro";"Dupla";"Reta";"Sim";4;0;3;0;1;0;3;4;-12,5726;-55,72742;"SPRF-MT";"DEL06-MT";"UOP01-DEL06-MT"
670801;2025-03-31;"segunda-feira";"14:20:00";"MG";381;877,4;"ESTIVA";"Velocidade Incompatível";"Colisão com objeto";"Com Vítimas Feridas";"Pleno dia";"Decrescente";"Chuva";"Dupla";"Declive;Curva";"Não";2;0;1;0;0;1;1;2;-22,4418416;-45,9892383;"SPRF-MG";"DEL16-MG";"UOP01-DEL16-MG"
670810;2025-03-31;"segunda-feira";"17:30:00";"PR";277;50,5;"SAO JOSE DOS PINHAIS";"Mal súbito do condutor";"Colisão com objeto";"Com Vítimas Feridas";"Pleno dia";"Crescente";"Sol";"Dupla";"Reta";"Não";2;0;1;0;0;1;1;2;-25,5874;-48,949;"SPRF-PR";"DEL01-PR";"UOP05-DEL01-PR"
670813;2025-03-31;"segunda-feira";"20:00:00";"SP";116;340;"MIRACATU";"Manobra de mudança de faixa";"Colisão lateral mesmo sentido";"Com Vítimas Feridas";"Plena Noite";"Crescente";"Nublado";"Dupla";"Curva;Declive";"Não";4;0;1;0;2;3;1;5;-24,00569895;-47,15898514;"SPRF-SP";"DEL04-SP";"UOP03-DEL04-SP"
670815;2025-03-31;"segunda-feira";"19:00:00";"BA";101;503;"ITABUNA";"Retorno proibido";"Colisão traseira";"Com Vítimas Feridas";"Plena Noite";"Decrescente";"Céu Claro";"Simples";"Reta";"Não";2;0;1;0;1;0;1;2;-14,77126192;-39,29168338;"SPRF-BA";"DEL05-BA";"UOP01-DEL05-BA"
670816;2025-03-31;"segunda-feira";"19:15:00";"RS";290;94;"PORTO ALEGRE";"Ausência de reação do condutor";"Colisão lateral mesmo sentido";"Sem Vítimas";"Anoitecer";"Decrescente";"Chuva";"Múltipla";"Reta";"Sim";3;0;0;0;3;0;0;2;-29,97783663;-51,20000904;"SPRF-RS";"DEL01-RS";"UOP01-DEL01-RS"
670820;2025-03-31;"segunda-feira";"20:20:00";"MG";262;371;"JUATUBA";"Acessar a via sem observar a presença dos outros veículos";"Colisão transversal";"Com Vítimas Feridas";"Plena Noite";"Decrescente";"Céu Claro";"Múltipla";"Reta";"Sim";3;0;0;1;2;0;1;2;-19,9572801;-44,364477;"SPRF-MG";"DEL01-MG";"UOP03-DEL01-MG"
670823;2025-03-31;"segunda-feira";"17:00:00";"RS";290;2;"PORTO ALEGRE";"Demais Fenômenos da natureza";"Tombamento";"Com Vítimas Feridas";"Anoitecer";"Crescente";"Chuva";"Dupla";"Ponte";"Sim";2;0;1;0;0;1;1;2;-29,9881107;-51,2100438;"SPRF-RS";"DEL01-RS";"UOP01-DEL01-RS"
670830;2025-03-31;"segunda-feira";"21:00:00";"MG";381;831,5;"SAO SEBASTIAO DA BELA VISTA";"Reação tardia ou ineficiente do condutor";"Colisão traseira";"Com Vítimas Feridas";"Plena Noite";"Crescente";"Nublado";"Dupla";"Reta";"Não";4;0;1;0;2;1;1;4;-22,18983766;-45,8457946;"SPRF-MG";"DEL16-MG";"UOP01-DEL16-MG"
670831;2025-03-31;"segunda-feira";"17:35:00";"RJ";40;122;"DUQUE DE CAXIAS";"Manobra de mudança de faixa";"Colisão lateral mesmo sentido";"Sem Vítimas";"Pleno dia";"Crescente";"Céu Claro";"Dupla";"Reta";"Sim";3;0;0;0;3;0;0;2;-22,7983342;-43,2898724;"SPRF-RJ";"DEL01-RJ";"UOP02-DEL01-RJ"
670832;2025-03-31;"segunda-feira";"21:00:00";"BA";116;933;"ENCRUZILHADA";"Ausência de reação do condutor";"Colisão lateral sentido oposto";"Sem Vítimas";"Plena Noite";"Crescente";"Nublado";"Simples";"Reta";"Não";3;0;0;0;2;2;0;4;-15,6851608;-41,3254654;"SPRF-BA";"DEL08-BA";"UOP03-DEL08-BA"
670835;2025-03-31;"segunda-feira";"17:55:00";"PR";153;479;"PORTO VITORIA";"Demais falhas mecânicas ou elétricas";"Tombamento";"Com Vítimas Feridas";"Anoitecer";"Crescente";"Céu Claro";"Simples";"Reta";"Não";2;0;1;0;0;1;1;2;-26,29218379;-51,20246887;"SPRF-PR";"DEL02-PR";"UOP03-DEL02-PR"
670839;2025-03-31;"segunda-feira";"21:20:00";"RO";364;431;"JARU";"Desrespeitar a preferência no cruzamento";"Colisão transversal";"Sem Vítimas";"Plena Noite";"Decrescente";"Céu Claro";"Simples";"Reta;Interseção de Vias;Retorno Regulamentado";"Não";3;0;0;0;2;1;0;3;-10,40659046;-62,51630545;"SPRF-RO";"DEL03-RO";"UOP02-DEL03-RO"
670840;2025-04-01;"terça-feira";"01:40:00";"SE";101;128,3;"ESTANCIA";"Ausência de reação do condutor";"Saída de leito carroçável";"Com Vítimas Feridas";"Plena Noite";"Decrescente";"Céu Claro";"Dupla";"Curva";"Não";1;0;1;0;0;0;1;1;-11,083051;-37,369031;"SPRF-SE";"DEL02-SE";"UOP01-DEL02-SE"
670841;2025-04-01;"terça-feira";"01:20:00";"MG";381;519,1;"IGARAPE";"Velocidade Incompatível";"Tombamento";"Com Vítimas Fatais";"Plena Noite";"Decrescente";"Céu Claro";"Dupla";"Declive;Reta";"Não";2;1;0;0;0;1;0;2;-20,109018;-44,316465;"SPRF-MG";"DEL01-MG";"UOP03-DEL01-MG"
670842;2025-04-01;"terça-feira";"00:05:00";"PI";316;151;"ELESBAO VELOSO";"Reação tardia ou ineficiente do condutor";"Saída de leito carroçável";"Com Vítimas Feridas";"Plena Noite";"Decrescente";"Céu Claro";"Simples";"Reta";"Não";2;0;0;1;0;1;1;2;-6,129097;-42,15373;"SPRF-PI";"DEL04-PI";"UOP02-DEL04-PI"
670846;2025-04-01;"terça-feira";"02:49:00";"RJ";101;263,9;"RIO BONITO";"Condutor Dormindo";"Colisão traseira";"Com Vítimas Feridas";"Plena Noite";"Crescente";"Céu Claro";"Dupla";"Reta;Aclive";"Não";3;0;1;0;1;2;1;4;-22,718127;-42,63523;"SPRF-RJ";"DEL02-RJ";"UOP03-DEL02-RJ"
670848;2025-04-01;"terça-feira";"01:00:00";"MG";262;900;"VERISSIMO";"Ingestão de substâncias psicoativas pelo condutor";"Eventos atípicos";"Sem Vítimas";"Plena Noite";"Decrescente";"Céu Claro";"Dupla";"Retorno Regulamentado";"Não";2;0;0;0;1;1;0;2;-19,78888848;-48,41575731;"SPRF-MG";"DEL13-MG";"UOP02-DEL13-MG"
670850;2025-04-01;"terça-feira";"04:35:00";"SP";116;116,5;"TAUBATE";"Condutor Dormindo";"Colisão traseira";"Com Vítimas Feridas";"Plena Noite";"Decrescente";"Nublado";"Dupla";"Reta";"Não";3;0;0;1;1;1;1;3;-23,05376319;-45,6088049;"SPRF-SP";"DEL02-SP";"UOP02-DEL02-SP"
670852;2025-04-01;"terça-feira";"04:55:00";"MG";365;665,8;"MONTE ALEGRE DE MINAS";"Condutor Dormindo";"Colisão traseira";"Com Vítimas Feridas";"Amanhecer";"Decrescente";"Nublado";"Dupla";"Reta";"Não";8;0;4;1;1;2;5;4;-18,89098063;-48,69503852;"SPRF-MG";"DEL15-MG";"UOP01-DEL15-MG"
670853;2025-03-31;"segunda-feira";"19:00:00";"RJ";116;311;"RESENDE";"Ausência de reação do condutor";"Colisão com objeto";"Com Vítimas Feridas";"Plena Noite";"Decrescente";"Garoa/Chuvisco";"Dupla";"Curva";"Sim";4;0;1;0;2;3;1;6;-22,46121772;-44,44413797;"SPRF-RJ";"DEL07-RJ";"UOP02-DEL07-RJ"
670861;2025-04-01;"terça-feira";"06:45:00";"MT";158;796;"BARRA DO GARCAS";"Entrada inopinada do pedestre";"Colisão lateral mesmo sentido";"Com Vítimas Feridas";"Pleno dia";"Decrescente";"Céu Claro";"Simples";"Reta";"Sim";3;0;0;1;1;1;1;3;-15,87568;-52,314871;"SPRF-MT";"DEL07-MT";"UOP01-DEL07-MT"
670863;2025-04-01;"terça-feira";"07:20:00";"SP";116;362;"MIRACATU";"Mal súbito do condutor";"Saída de leito carroçável";"Sem Vítimas";"Pleno dia";"Crescente";"Céu Claro";"Dupla";"Curva;Declive";"Não";2;0;0;0;1;1;0;2;-24,121781;-47,270621;"SPRF-SP";"DEL04-SP";"UOP03-DEL04-SP"
670865;2025-04-01;"terça-feira";"07:10:00";"ES";101;17,8;"SERRA";"Acesso irregular";"Colisão lateral mesmo sentido";"Com Vítimas Feridas";"Pleno dia";"Crescente";"Céu Claro";"Simples";"Curva";"Não";3;0;1;0;1;1;1;3;-20,217167;-40,337069;"SPRF-ES";"DEL02-ES";"UOP01-DEL02-ES"
670868;2025-04-01;"terça-feira";"07:50:00";"BA";324;598,8;"SIMOES FILHO";"Reação tardia ou ineficiente do condutor";"Colisão traseira";"Sem Vítimas";"Pleno dia";"Crescente";"Nublado";"Múltipla";"Reta";"Não";2;0;0;0;2;0;0;2;-12,75140874;-38,43162543;"SPRF-BA";"DEL01-BA";"UOP01-DEL01-BA"
670878;2025-04-01;"terça-feira";"09:00:00";"BA";324;577;"SAO SEBASTIAO DO PASSE";"Ausência de reação do condutor";"Saída de leito carroçável";"Com Vítimas Feridas";"Pleno dia";"Decrescente";"Nublado";"Dupla";"Reta";"Não";1;0;1;0;0;0;1;1;-12,5922934;-38,523583;"SPRF-BA";"DEL01-BA";"UOP01-DEL01-BA"
670881;2025-04-01;"terça-feira";"08:00:00";"SC";101;362,3;"SANGAO";"Reação tardia ou ineficiente do condutor";"Colisão traseira";"Com Vítimas Feridas";"Pleno dia";"Decrescente";"Céu Claro";"Dupla";"Aclive;Reta";"Não";3;0;1;0;1;1;1;3;-28,67778709;-49,13605213;"SPRF-SC";"DEL02-SC";"UOP01-DEL02-SC"
670885;2025-04-01;"terça-feira";"10:30:00";"SP";116;213;"GUARULHOS";"Reação tardia ou ineficiente do condutor";"Colisão com objeto";"Com Vítimas Feridas";"Pleno dia";"Crescente";"Céu Claro";"Múltipla";"Declive";"Sim";2;0;0;1;1;0;1;2;-23,44512154;-46,44487381;"SPRF-SP";"DEL01-SP";"UOP01-DEL01-SP"
670890;2025-04-01;"terça-feira";"07:10:00";"SP";116;495;"CAJATI";"Avarias e/ou desgaste excessivo no pneu";"Incêndio";"Sem Vítimas";"Pleno dia";"Decrescente";"Céu Claro";"Dupla";"Reta";"Não";2;0;0;0;1;1;0;2;-24,75203867;-48,15571362;"SPRF-SP";"DEL05-SP";"UOP01-DEL05-SP"
670891;2025-04-01;"terça-feira";"09:36:00";"MT";163;694;"SORRISO";"Acessar a via sem observar a presença dos outros veículos";"Colisão transversal";"Com Vítimas Feridas";"Pleno dia";"Crescente";"Nublado";"Simples";"Reta;Interseção de Vias;Declive";"Não";7;0;4;0;3;0;4;3;-13,02887287;-55,89788552;"SPRF-MT";"DEL06-MT";"UOP01-DEL06-MT"
670892;2025-04-01;"terça-feira";"11:00:00";"CE";222;23,4;"CAUCAIA";"Condutor deixou de manter distância do veículo da frente";"Colisão traseira";"Com Vítimas Feridas";"Pleno dia";"Crescente";"Céu Claro";"Dupla";"Reta";"Sim";3;0;0;1;1;3;1;5;-3,73112;-38,763357;"SPRF-CE";"DEL01-CE";"UOP01-DEL01-CE"
670897;2025-04-01;"terça-feira";"06:30:00";"BA";116;561;"BREJOES";"Ultrapassagem Indevida";"Colisão lateral sentido oposto";"Com Vítimas Feridas";"Pleno dia";"Decrescente";"Céu Claro";"Simples";"Reta";"Não";3;0;2;0;0;1;2;3;-12,96052;-39,92529;"SPRF-BA";"DEL03-BA";"UOP02-DEL03-BA"
670899;2025-04-01;"terça-feira";"10:20:00";"PB";230;215;"SOLEDADE";"Ausência de reação do condutor";"Colisão traseira";"Sem Vítimas";"Pleno dia";"Crescente";"Sol";"Simples";"Reta";"Sim";3;0;0;0;3;0;0;3;-7,058937;-36,36581;"SPRF-PB";"DEL02-PB";"UOP02-DEL02-PB"
670904;2025-04-01;"terça-feira";"10:00:00";"MA";222;284;"ARARI";"Manobra de mudança de faixa";"Capotamento";"Com Vítimas Feridas";"Pleno dia";"Crescente";"Céu Claro";"Simples";"Reta";"Não";1;0;1;0;0;0;1;1;-3,453912;-44,811906;"SPRF-MA";"DEL02-MA";"UOP01-DEL02-MA"
670905;2025-03-31;"segunda-feira";"23:00:00";"BA";101;422;"IBIRAPITANGA";"Demais falhas mecânicas ou elétricas";"Saída de leito carroçável";"Com Vítimas Feridas";"Plena Noite";"Decrescente";"Chuva";"Simples";"Curva";"Não";1;0;1;0;0;0;1;1;-14,13422279;-39,35817008;"SPRF-BA";"DEL05-BA";"UOP03-DEL05-BA"
670909;2025-02-12;"quarta-feira";"11:51:00";"SC";280;26;"ARAQUARI";"Ultrapassagem Indevida";"Colisão lateral mesmo sentido";"Com Vítimas Feridas";"Pleno dia";"Decrescente";"Céu Claro";"Simples";"Reta";"Sim";5;0;1;0;4;0;1;5;-26,3946375;-48,73844147;"SPRF-SC";"DEL03-SC";"UOP03-DEL03-SC"
670914;2025-04-01;"terça-feira";"13:20:00";"GO";153;440,2;"ANAPOLIS";"Sinalização mal posicionada";"Colisão com objeto";"Sem Vítimas";"Pleno dia";"Decrescente";"Céu Claro";"Dupla";"Reta";"Sim";1;0;0;0;1;0;0;1;-16,332084;-48,922378;"SPRF-GO";"DEL02-GO";"UOP01-DEL02-GO"
670920;2025-03-18;"terça-feira";"10:30:00";"RJ";493;21;"MAGE";"Ausência de reação do condutor";"Colisão traseira";"Com Vítimas Feridas";"Pleno dia";"Decrescente";"Sol";"Simples";"Reta";"Sim";5;0;0;1;3;1;1;5;-22,6692574;-43,110491;"SPRF-RJ";"DEL04-RJ";"UOP02-DEL04-RJ"
670921;2025-04-01;"terça-feira";"11:10:00";"MG";116;415,3;"GOVERNADOR VALADARES";"Conversão proibida";"Colisão lateral sentido oposto";"Com Vítimas Feridas";"Pleno dia";"Crescente";"Céu Claro";"Simples";"Reta";"Sim";2;0;0;1;1;0;1;2;-18,891984;-41,947001;"SPRF-MG";"DEL06-MG";"UOP01-DEL06-MG"
670927;2025-04-01;"terça-feira";"15:05:00";"PI";343;342,3;"TERESINA";"Condutor deixou de manter distância do veículo da frente";"Colisão traseira";"Com Vítimas Feridas";"Pleno dia";"Decrescente";"Céu Claro";"Simples";"Curva;Em Obras";"Sim";2;0;0;1;1;0;1;2;-5,08450028;-42,75485508;"SPRF-PI";"DEL01-PI";"UOP01-DEL01-PI"
670929;2025-04-01;"terça-feira";"12:47:00";"PR";277;305;"PRUDENTOPOLIS";"Falta de acostamento";"Saída de leito carroçável";"Com Vítimas Feridas";"Pleno dia";"Crescente";"Céu Claro";"Simples";"Reta";"Não";2;0;1;0;0;1;1;2;-25,3195883;-51,1896854;"SPRF-PR";"DEL08-PR";"UOP01-DEL08-PR"
670931;2025-04-01;"terça-feira";"15:45:00";"GO";20;191,5;"POSSE";"Velocidade Incompatível";"Tombamento";"Com Vítimas Feridas";"Pleno dia";"Crescente";"Céu Claro";"Simples";"Reta;Aclive";"Não";2;0;1;0;0;2;1;3;-14,4;-46,4;"SPRF-DF";"DEL02-DF";"UOP03-DEL02-DF"
670932;2025-04-01;"terça-feira";"15:30:00";"RS";158;537;"SANTANA DO LIVRAMENTO";"Transtornos Mentais (exceto suicidio)";"Saída de leito carroçável";"Com Vítimas Feridas";"Pleno dia";"Crescente";"Nublado";"Simples";"Reta";"Não";6;0;0;1;3;2;1;6;-30,799549;-55,242043;"SPRF-RS";"DEL11-RS";"UOP01-DEL11-RS"