"id";"data_inversa";"dia_semana";"horario";"uf";"br";"km";"municipio";"causa_acidente";"tipo_acidente";"classificacao_acidente";"fase_dia";"sentido_via";"condicao_metereologica";"tipo_pista";"tracado_via";"uso_solo";"pessoas";"mortos";"feridos_leves";"feridos_graves";"ilesos";"ignorados";"feridos";"veiculos";"latitude";"longitude";"regional";"delegacia";"uop"
670935;2025-04-01;"terça-feira";"15:30:00";"PR";116;164;"QUITANDINHA";"Reação tardia ou ineficiente do condutor";"Colisão traseira";"Sem Vítimas";"Pleno dia";"Crescente";"Céu Claro";"Dupla";"Curva";"Não";4;0;0;0;2;2;0;4;-25,875393;-49,470167;"SPRF-PR";"DEL01-PR";"UOP03-DEL01-PR"
670936;2025-04-01;"terça-feira";"16:00:00";"MG";50;156,8;"UBERABA";"Reação tardia ou ineficiente do condutor";"Saída de leito carroçável";"Com Vítimas Feridas";"Pleno dia";"Crescente";"Céu Claro";"Dupla";"Reta;Aclive";"Não";1;0;1;0;0;0;1;1;-19,620944;-48,017519;"SPRF-MG";"DEL13-MG";"UOP01-DEL13-MG"
670938;2025-04-01;"terça-feira";"16:05:00";"SP";116;76;"ROSEIRA";"Ausência de reação do condutor";"Colisão traseira";"Com Vítimas Feridas";"Pleno dia";"Crescente";"Sol";"Dupla";"Reta";"Sim";7;0;2;0;4;1;2;4;-22,8878903;-45,28617491;"SPRF-SP";"DEL08-SP";"UOP01-DEL08-SP"
670939;2025-03-25;"terça-feira";"05:00:00";"BA";418;92;"NOVA VICOSA";"Transitar na contramão";"Colisão frontal";"Com Vítimas Feridas";"Amanhecer";"Decrescente";"Céu Claro";"Simples";"Reta";"Não";3;0;0;1;1;1;1;3;-17,89214323;-39,88299966;"SPRF-BA";"DEL09-BA";"UOP02-DEL09-BA"
670946;2025-04-01;"terça-feira";"10:30:00";"MG";365;466;"PATROCINIO";"Reação tardia ou ineficiente do condutor";"Colisão frontal";"Com Vítimas Feridas";"Pleno dia";"Crescente";"Céu Claro";"Dupla";"Reta";"Não";5;0;1;0;3;2;1;6;-18,88501072;-46,92655563;"SPRF-MG";"DEL10-MG";"UOP01-DEL10-MG"
670947;2025-03-29;"sábado";"05:00:00";"BA";349;933;"CORRENTINA";"Demais falhas mecânicas ou elétricas";"Incêndio";"Sem Vítimas";"Amanhecer";"Decrescente";"Nublado";"Simples";"Declive;Curva";"Não";2;0;0;0;1;2;0;3;-13,36349;-44,64607;"SPRF-BA";"DEL10-BA";"UOP02-DEL10-BA"
670948;2025-04-01;"terça-feira";"16:50:00";"MG";381;425,9;"CAETE";"Ausência de reação do condutor";"Colisão traseira";"Com Vítimas Feridas";"Pleno dia";"Decrescente";"Céu Claro";"Dupla";"Reta;Declive";"Não";10;0;6;2;1;1;8;4;-19,79153;-43,671934;"SPRF-MG";"DEL01-MG";"UOP01-DEL01-MG"
670963;2025-04-01;"terça-feira";"17:40:00";"PR";116;28;"CAMPINA GRANDE DO SUL";"Reação tardia ou ineficiente do condutor";"Colisão traseira";"Com Vítimas Feridas";"Amanhecer";"Decrescente";"Nublado";"Dupla";"Reta";"Não";3;0;0;1;1;1;1;3;-25,14714932;-48,8596344;"SPRF-PR";"DEL01-PR";"UOP02-DEL01-PR"
670967;2025-04-01;"terça-feira";"16:26:00";"MA";135;6,4;"SAO LUIS";"Pista Escorregadia";"Colisão com objeto";"Com Vítimas Feridas";"Pleno dia";"Crescente";"Chuva";"Dupla";"Declive";"Sim";1;0;1;0;0;0;1;1;-2,6902528;-44,2925056;"SPRF-MA";"DEL01-MA";"UOP01-DEL01-MA"
670974;2025-04-01;"terça-feira";"09:30:00";"CE";222;201;"SOBRAL";"Carga excessiva e/ou mal acondicionada";"Tombamento";"Com Vítimas Feridas";"Pleno dia";"Crescente";"Céu Claro";"Simples";"Curva";"Não";2;0;1;0;0;1;1;2;-3,7189116;-40,33228475;"SPRF-CE";"DEL04-CE";"UOP01-DEL04-CE"
670975;2025-01-14;"terça-feira";"21:54:00";"CE";222;221;"SOBRAL";"Condutor deixou de manter distância do veículo da frente";"Colisão traseira";"Com Vítimas Feridas";"Plena Noite";"Decrescente";"Chuva";"Simples";"Reta";"Sim";2;0;1;0;1;0;1;2;-3,72703784;-40,32233965;"SPRF-CE";"DEL04-CE";"UOP01-DEL04-CE"
670978;2025-04-01;"terça-feira";"19:20:00";"PR";116;167;"QUITANDINHA";"Acessar a via sem observar a presença dos outros veículos";"Colisão transversal";"Com Vítimas Feridas";"Plena Noite";"Decrescente";"Céu Claro";"Simples";"Interseção de Vias";"Não";2;0;1;0;1;0;1;2;-25,88469432;-49,49987233;"SPRF-PR";"DEL01-PR";"UOP03-DEL01-PR"
670979;2025-04-01;"terça-feira";"19:15:00";"MT";364;276;"JACIARA";"Reação tardia ou ineficiente do condutor";"Colisão lateral mesmo sentido";"Com Vítimas Fatais";"Plena Noite";"Crescente";"Céu Claro";"Simples";"Declive;Reta";"Não";8;1;2;0;4;12;2;18;-15,95007;-55,001481;"SPRF-MT";"DEL05-MT";"UOP02-DEL05-MT"
670983;2025-04-01;"terça-feira";"20:30:00";"RS";285;529,7;"SAO LUIZ GONZAGA";"Velocidade Incompatível";"Colisão traseira";"Com Vítimas Feridas";"Plena Noite";"Crescente";"Céu Claro";"Simples";"Reta";"Não";2;0;1;0;0;1;1;2;-28,411335;-54,570077;"SPRF-RS";"DEL10-RS";"UOP01-DEL10-RS"
670984;2025-04-01;"terça-feira";"09:00:00";"SC";282;85,9;"ALFREDO WAGNER";"Demais falhas mecânicas ou elétricas";"Saída de leito carroçável";"Com Vítimas Feridas";"Pleno dia";"Crescente";"Céu Claro";"Simples";"Curva";"Sim";1;0;1;0;0;0;1;1;-27,66414498;-49,2002964;"SPRF-SC";"DEL01-SC";"UOP03-DEL01-SC"
670987;2025-04-01;"terça-feira";"19:25:00";"SC";282;215;"LAGES";"Ausência de reação do condutor";"Colisão frontal";"Com Vítimas Feridas";"Plena Noite";"Decrescente";"Nublado";"Simples";"Reta";"Sim";3;0;1;1;1;0;2;2;-27,79288302;-50,27996063;"SPRF-SC";"DEL05-SC";"UOP01-DEL05-SC"
670988;2025-04-01;"terça-feira";"17:30:00";"SC";116;148,2;"BOM RETIRO";"Reação tardia ou ineficiente do condutor";"Colisão lateral sentido oposto";"Com Vítimas Feridas";"Pleno dia";"Crescente";"Céu Claro";"Simples";"Reta;Aclive";"Não";2;0;1;0;1;0;1;2;-27,77946;-49,650673;"SPRF-SC";"DEL06-SC";"UOP02-DEL06-SC"
670989;2025-04-01;"terça-feira";"20:15:00";"RS";470;254;"SALVADOR DO SUL";"Transitar na contramão";"Colisão frontal";"Com Vítimas Feridas";"Plena Noite";"Decrescente";"Nevoeiro/Neblina";"Simples";"Reta";"Não";2;0;0;1;1;0;1;2;-29,43168757;-51,51180083;"SPRF-RS";"DEL06-RS";"UOP01-DEL06-RS"
671000;2025-04-01;"terça-feira";"23:40:00";"SP";116;339;"JUQUITIBA";"Mal súbito do condutor";"Colisão traseira";"Com Vítimas Feridas";"Plena Noite";"Decrescente";"Nublado";"Dupla";"Reta;Aclive";"Não";3;0;1;0;1;1;1;3;-23,9980273;-47,1522049;"SPRF-SP";"DEL04-SP";"UOP03-DEL04-SP"
671002;2025-04-01;"terça-feira";"23:40:00";"MG";365;636,7;"UBERLANDIA";"Condutor Dormindo";"Colisão traseira";"Com Vítimas Fatais";"Plena Noite";"Decrescente";"Céu Claro";"Dupla";"Reta;Aclive";"Não";3;1;0;0;1;2;0;4;-18,891033;-48,427678;"SPRF-MG";"DEL15-MG";"UOP01-DEL15-MG"
671003;2025-04-01;"terça-feira";"22:15:00";"PR";116;74;"QUATRO BARRAS";"Reação tardia ou ineficiente do condutor";"Colisão traseira";"Com Vítimas Feridas";"Plena Noite";"Crescente";"Nublado";"Dupla";"Reta";"Não";2;0;0;1;1;0;1;2;-25,36517687;-49,04223028;"SPRF-PR";"DEL01-PR";"UOP02-DEL01-PR"
671005;2025-04-01;"terça-feira";"22:00:00";"RS";158;137,9;"CONDOR";"Manobra de mudança de faixa";"Colisão lateral sentido oposto";"Com Vítimas Feridas";"Plena Noite";"Crescente";"Céu Claro";"Simples";"Curva";"Não";4;0;1;0;1;2;1;2;-28,18163625;-53,47473121;"SPRF-RS";"DEL08-RS";"UOP01-DEL08-RS"
671006;2025-04-01;"terça-feira";"23:50:00";"MG";262;576;"CORREGO DANTA";"Ausência de reação do condutor";"Saída de leito carroçável";"Com Vítimas Feridas";"Plena Noite";"Crescente";"Nublado";"Simples";"Curva";"Não";2;0;1;0;0;1;1;2;-19,66433095;-46,0664463;"SPRF-MG";"DEL08-MG";"UOP02-DEL08-MG"
671009;2025-04-02;"quarta-feira";"01:55:00";"PR";369;430,9;"UBIRATA";"Transitar na contramão";"Colisão frontal";"Com Vítimas Fatais";"Plena Noite";"Crescente";"Céu Claro";"Simples";"Reta";"Sim";3;1;0;1;0;1;1;3;-24,55484884;-52,97434688;"SPRF-PR";"DEL04-PR";"UOP03-DEL04-PR"
671012;2025-04-02;"quarta-feira";"02:45:00";"MG";381;2;"BETIM";"Animais na Pista";"Colisão com objeto";"Com Vítimas Feridas";"Plena Noite";"Crescente";"Nublado";"Dupla";"Curva;Declive";"Sim";2;0;1;0;0;1;1;2;-19,97987077;-44,16088376;"SPRF-MG";"DEL01-MG";"UOP03-DEL01-MG"
671013;2025-04-02;"quarta-feira";"02:50:00";"PR";369;34;"ANDIRA";"Ausência de reação do condutor";"Tombamento";"Com Vítimas Feridas";"Plena Noite";"Crescente";"Céu Claro";"Simples";"Curva";"Não";1;0;1;0;0;0;1;1;-23,02896025;-50,21099567;"SPRF-PR";"DEL07-PR";"UOP05-DEL07-PR"
671016;2025-03-20;"quinta-feira";"14:10:00";"BA";324;516;"FEIRA DE SANTANA";"Ausência de reação do condutor";"Colisão traseira";"Com Vítimas Feridas";"Pleno dia";"Crescente";"Céu Claro";"Simples";"Reta";"Sim";3;0;0;1;2;0;1;3;-12,24325725;-38,936643;"SPRF-BA";"DEL02-BA";"UOP01-DEL02-BA"
671017;2025-04-02;"quarta-feira";"03:10:00";"RJ";493;23;"MAGE";"Ausência de reação do condutor";"Colisão lateral sentido oposto";"Com Vítimas Feridas";"Plena Noite";"Crescente";"Nevoeiro/Neblina";"Simples";"Reta";"Não";4;0;1;1;1;1;2;3;-22,657;-43,072;"SPRF-RJ";"DEL04-RJ";"UOP02-DEL04-RJ"
671019;2025-04-02;"quarta-feira";"04:18:00";"PE";232;126;"CARUARU";"Chuva";"Colisão traseira";"Com Vítimas Feridas";"Amanhecer";"Decrescente";"Nublado";"Dupla";"Reta";"Sim";2;0;1;0;0;1;1;2;-8,30636093;-35,93642145;"SPRF-PE";"DEL02-PE";"UOP01-DEL02-PE"
671020;2025-04-02;"quarta-feira";"05:34:00";"SP";116;392;"MIRACATU";"Condutor Dormindo";"Tombamento";"Com Vítimas Feridas";"Amanhecer";"Decrescente";"Ignorado";"Dupla";"Reta";"Sim";2;0;1;0;0;1;1;2;-24,28020183;-47,42881322;"SPRF-SP";"DEL04-SP";"UOP02-DEL04-SP"
671021;2025-04-02;"quarta-feira";"06:50:00";"SP";116;282;"EMBU DAS ARTES";"Manobra de mudança de faixa";"Colisão lateral mesmo sentido";"Sem Vítimas";"Pleno dia";"Crescente";"Céu Claro";"Dupla";"Reta";"Sim";4;0;0;0;2;2;0;4;-23,65132687;-46,84743609;"SPRF-SP";"DEL04-SP";"UOP01-DEL04-SP"
671022;2025-04-02;"quarta-feira";"05:25:00";"PR";369;344;"CAMPO MOURAO";"Velocidade Incompatível";"Tombamento";"Com Vítimas Feridas";"Plena Noite";"Decrescente";"Céu Claro";"Simples";"Rotatória;Interseção de Vias";"Não";2;0;1;0;0;1;1;2;-24,08214684;-52,41230423;"SPRF-PR";"DEL09-PR";"UOP03-DEL09-PR"
671031;2025-04-02;"quarta-feira";"06:00:00";"MG";116;575,8;"MANHUACU";"Velocidade Incompatível";"Tombamento";"Com Vítimas Feridas";"Amanhecer";"Crescente";"Nublado";"Simples";"Reta";"Não";1;0;0;1;0;0;1;1;-20,159227;-42,190477;"SPRF-MG";"DEL06-MG";"UOP03-DEL06-MG"
671047;2025-04-02;"quarta-feira";"08:20:00";"PE";232;9;"JABOATAO DOS GUARARAPES";"Manobra de mudança de faixa";"Colisão lateral mesmo sentido";"Sem Vítimas";"Pleno dia";"Decrescente";"Nublado";"Dupla";"Interseção de Vias;Reta";"Sim";2;0;0;0;2;0;0;2;-8,079042;-34,984013;"SPRF-PE";"DEL01-PE";"UOP01-DEL01-PE"
671048;2025-04-02;"quarta-feira";"07:50:00";"SP";116;465,1;"PARIQUERA-ACU";"Reação tardia ou ineficiente do condutor";"Queda de ocupante de veículo";"Com Vítimas Feridas";"Pleno dia";"Decrescente";"Nublado";"Dupla";"Curva";"Não";2;0;1;0;1;0;1;2;-24,64840002;-47,92368628;"SPRF-SP";"DEL05-SP";"UOP01-DEL05-SP"
671049;2025-04-02;"quarta-feira";"07:40:00";"PR";476;335;"PAULA FREITAS";"Pista esburacada";"Colisão frontal";"Com Vítimas Fatais";"Pleno dia";"Crescente";"Céu Claro";"Simples";"Reta";"Não";11;4;1;4;1;1;5;4;-26,131361;-50,855583;"SPRF-PR";"DEL02-PR";"UOP03-DEL02-PR"
671051;2025-04-02;"quarta-feira";"07:30:00";"MG";40;515;"RIBEIRAO DAS NEVES";"Condutor deixou de manter distância do veículo da frente";"Colisão lateral mesmo sentido";"Com Vítimas Feridas";"Pleno dia";"Crescente";"Céu Claro";"Dupla";"Reta";"Sim";2;0;1;0;1;0;1;2;-19,8166548;-44,09514567;"SPRF-MG";"DEL01-MG";"UOP02-DEL01-MG"
671055;2025-04-02;"quarta-feira";"07:40:00";"RO";364;708;"PORTO VELHO";"Reação tardia ou ineficiente do condutor";"Colisão traseira";"Com Vítimas Feridas";"Pleno dia";"Crescente";"Céu Claro";"Dupla";"Reta";"Não";4;0;1;0;2;4;1;7;-8,79786978;-63,8368696;"SPRF-RO";"DEL01-RO";"UOP01-DEL01-RO"
671057;2025-04-02;"quarta-feira";"09:25:00";"DF";20;0,8;"BRASILIA";"Condutor Dormindo";"Saída de leito carroçável";"Com Vítimas Feridas";"Pleno dia";"Decrescente";"Sol";"Simples";"Reta";"Sim";2;0;1;0;0;1;1;2;-15,8138368;-47,972352;"SPRF-DF";"DEL02-DF";"UOP01-DEL02-DF"
671062;2025-04-02;"quarta-feira";"10:00:00";"ES";101;135,9;"LINHARES";"Acessar a via sem observar a presença dos outros veículos";"Colisão transversal";"Com Vítimas Feridas";"Pleno dia";"Decrescente";"Céu Claro";"Simples";"Reta";"Não";3;0;2;0;0;1;2;3;-19,28308718;-40,08704829;"SPRF-ES";"DEL04-ES";"UOP01-DEL04-ES"
671064;2025-04-02;"quarta-feira";"10:00:00";"ES";101;221;"IBIRACU";"Reação tardia ou ineficiente do condutor";"Engavetamento";"Sem Vítimas";"Pleno dia";"Decrescente";"Céu Claro";"Simples";"Em Obras;Reta";"Não";8;0;0;0;8;0;0;4;-19,86692805;-40,40010383;"SPRF-ES";"DEL02-ES";"UOP01-DEL02-ES"
671065;2025-04-02;"quarta-feira";"05:50:00";"MG";262;554;"LUZ";"Velocidade Incompatível";"Colisão lateral sentido oposto";"Com Vítimas Fatais";"Amanhecer";"Decrescente";"Ignorado";"Simples";"Curva;Declive";"Não";4;1;0;1;1;1;1;4;-19,70754632;-45,92081308;"SPRF-MG";"DEL08-MG";"UOP02-DEL08-MG"
671071;2025-04-02;"quarta-feira";"09:40:00";"MG";262;800;"UBERABA";"Acessar a via sem observar a presença dos outros veículos";"Colisão lateral mesmo sentido";"Com Vítimas Feridas";"Pleno dia";"Crescente";"Céu Claro";"Dupla";"Reta";"Sim";3;0;2;0;1;0;2;2;-19,768365;-47,89126;"SPRF-MG";"DEL13-MG";"UOP01-DEL13-MG"
671072;2025-04-02;"quarta-feira";"04:00:00";"SP";381;86;"SAO PAULO";"Demais falhas mecânicas ou elétricas";"Incêndio";"Sem Vítimas";"Plena Noite";"Decrescente";"Céu Claro";"Múltipla";"Reta";"Sim";2;0;0;0;0;2;0;2;-23,46374288;-46,5710932;"SPRF-SP";"DEL03-SP";"UOP01-DEL03-SP"
671077;2025-04-02;"quarta-feira";"11:18:00";"MS";163;569,9;"BANDEIRANTES";"Condutor Dormindo";"Colisão lateral sentido oposto";"Com Vítimas Feridas";"Pleno dia";"Decrescente";"Nublado";"Simples";"Reta";"Não";4;0;2;0;1;1;2;3;-19,72130248;-54,35138226;"SPRF-MS";"DEL01-MS";"UOP02-DEL01-MS"
671082;2025-04-02;"quarta-feira";"12:10:00";"GO";60;467,8;"JATAI";"Manobra de mudança de faixa";"Colisão lateral mesmo sentido";"Com Vítimas Feridas";"Pleno dia";"Decrescente";"Céu Claro";"Dupla";"Retorno Regulamentado";"Não";3;0;1;0;1;2;1;4;-17,9069747;-51,7124279;"SPRF-GO";"DEL05-GO";"UOP01-DEL05-GO"
671084;2025-04-02;"quarta-feira";"11:55:00";"PR";116;166;"QUITANDINHA";"Acessar a via sem observar a presença dos outros veículos";"Colisão transversal";"Com Vítimas Feridas";"Pleno dia";"Crescente";"Céu Claro";"Simples";"Interseção de Vias;Retorno Regulamentado";"Não";3;0;1;0;1;3;1;5;-25,8754707;-49,4863761;"SPRF-PR";"DEL01-PR";"UOP03-DEL01-PR"
671085;2025-04-02;"quarta-feira";"01:40:00";"GO";153;626;"MORRINHOS";"Avarias e/ou desgaste excessivo no pneu";"Saída de leito carroçável";"Com Vítimas Feridas";"Plena Noite";"Crescente";"Céu Claro";"Dupla";"Reta";"Não";2;0;1;0;0;1;1;2;-17,76198256;-49,16579247;"SPRF-GO";"DEL03-GO";"UOP01-DEL03-GO"
671086;2025-04-02;"quarta-feira";"10:00:00";"RJ";493;2;"ITABORAI";"Ausência de reação do condutor";"Colisão traseira";"Com Vítimas Feridas";"Pleno dia";"Decrescente";"Céu Claro";"Dupla";"Declive;Reta";"Não";3;0;2;0;0;1;2;2;-22,76367713;-42,92937756;"SPRF-RJ";"DEL02-RJ";"UOP02-DEL02-RJ"
671089;2025-04-02;"quarta-feira";"07:30:00";"MG";116;233;"TEOFILO OTONI";"Demais falhas mecânicas ou elétricas";"Saída de leito carroçável";"Com Vítimas Feridas";"Pleno dia";"Crescente";"Céu Claro";"Simples";"Declive;Curva;Em Obras";"Não";1;0;0;1;0;0;1;1;-17,5184;-41,48545;"SPRF-MG";"DEL11-MG";"UOP01-DEL11-MG"
671090;2025-04-02;"quarta-feira";"13:35:00";"ES";101;254;"SERRA";"Ingestão de álcool pelo condutor";"Colisão traseira";"Sem Vítimas";"Pleno dia";"Crescente";"Céu Claro";"Simples";"Aclive;Reta;Interseção de Vias";"Sim";4;0;0;0;3;1;0;4;-20,11862239;-40,31219925;"SPRF-ES";"DEL02-ES";"UOP01-DEL02-ES"
671096;2025-04-02;"quarta-feira";"14:00:00";"CE";116;12;"FORTALEZA";"Manobra de mudança de faixa";"Colisão lateral mesmo sentido";"Com Vítimas Feridas";"Pleno dia";"Crescente";"Céu Claro";"Dupla";"Reta";"Não";3;0;1;0;1;1;1;2;-3,8644497;-38,4981938;"SPRF-CE";"DEL01-CE";"UOP02-DEL01-CE"
671101;2025-04-02;"quarta-feira";"14:45:00";"RS";290;459,4;"ROSARIO DO SUL";"Ultrapassagem Indevida";"Colisão frontal";"Com Vítimas Feridas";"Pleno dia";"Crescente";"Garoa/Chuvisco";"Simples";"Curva";"Não";3;0;0;1;2;0;1;2;-30,225857;-54,709302;"SPRF-RS";"DEL11-RS";"UOP02-DEL11-RS"
671108;2025-04-02;"quarta-feira";"15:00:00";"MG";50;204;"DELTA";"Chuva";"Saída de leito carroçável";"Com Vítimas Feridas";"Pleno dia";"Crescente";"Chuva";"Dupla";"Declive";"Não";4;0;2;0;0;2;2;4;-19,96418891;-47,79643491;"SPRF-MG";"DEL13-MG";"UOP01-DEL13-MG"
671109;2025-04-02;"quarta-feira";"15:45:00";"ES";101;295;"CARIACICA";"Trafegar com motocicleta (ou similar) entre as faixas";"Colisão traseira";"Com Vítimas Feridas";"Pleno dia";"Decrescente";"Céu Claro";"Dupla";"Reta";"Sim";3;0;0;1;2;0;1;3;-20,3313286;-40,3994204;"SPRF-ES";"DEL01-ES";"UOP01-DEL01-ES"
671110;2025-04-02;"quarta-feira";"15:30:00";"SC";101;207;"SAO JOSE";"Reação tardia ou ineficiente do condutor";"Colisão traseira";"Com Vítimas Feridas";"Pleno dia";"Crescente";"Nublado";"Múltipla";"Reta";"Sim";2;0;0;1;1;0;1;2;-27,6011;-48,6242;"SPRF-SC";"DEL01-SC";"UOP01-DEL01-SC"
671111;2025-03-17;"segunda-feira";"19:30:00";"RJ";116;231;"PIRAI";"Ausência de reação do condutor";"Colisão traseira";"Com Vítimas Feridas";"Plena Noite";"Decrescente";"Nevoeiro/Neblina";"Dupla";"Curva";"Não";3;0;1;0;1;2;1;4;-22,6685;-43,8284;"SPRF-RJ";"DEL07-RJ";"UOP01-DEL07-RJ"
671114;2025-04-02;"quarta-feira";"14:00:00";"PI";343;188;"PIRIPIRI";"Ultrapassagem Indevida";"Saída de leito carroçável";"Sem Vítimas";"Pleno dia";"Decrescente";"Nublado";"Simples";"Reta";"Não";2;0;0;0;1;2;0;3;-4,31042241;-41,77323818;"SPRF-PI";"DEL02-PI";"UOP01-DEL02-PI"
671115;2025-04-02;"quarta-feira";"15:30:00";"GO";452;184;"ITUMBIARA";"Demais Fenômenos da natureza";"Incêndio";"Sem Vítimas";"Pleno dia";"Decrescente";"Céu Claro";"Simples";"Curva";"Não";2;0;0;0;2;0;0;1;-18,39827642;-49,29983854;"SPRF-GO";"DEL03-GO";"UOP02-DEL03-GO"
671119;2025-04-02;"quarta-feira";"15:56:00";"TO";153;294,7;"PRESIDENTE KENNEDY";"Velocidade Incompatível";"Tombamento";"Com Vítimas Fatais";"Pleno dia";"Decrescente";"Céu Claro";"Simples";"Interseção de Vias;Reta";"Não";5;1;0;1;2;1;1;3;-8,48328347;-48,4895467;"SPRF-TO";"DEL02-TO";"UOP02-DEL02-TO"
671123;2025-04-02;"quarta-feira";"14:40:00";"PR";376;502;"PONTA GROSSA";"Condutor deixou de manter distância do veículo da frente";"Colisão traseira";"Com Vítimas Feridas";"Pleno dia";"Crescente";"Céu Claro";"Dupla";"Reta;Retorno Regulamentado;Declive";"Não";3;0;1;0;0;2;1;3;-25,18212675;-50,09390116;"SPRF-PR";"DEL03-PR";"UOP04-DEL03-PR"
671125;2025-04-02;"quarta-feira";"15:50:00";"RS";386;268,7;"FONTOURA XAVIER";"Acumulo de água sobre o pavimento";"Colisão frontal";"Com Vítimas Feridas";"Pleno dia";"Decrescente";"Chuva";"Simples";"Reta";"Não";14;0;6;5;3;0;11;5;-28,97199107;-52,36920834;"SPRF-RS";"DEL04-RS";"UOP03-DEL04-RS"
671132;2025-04-02;"quarta-feira";"17:30:00";"DF";70;7;"BRASILIA";"Acessar a via sem observar a presença dos outros veículos";"Colisão transversal";"Com Vítimas Feridas";"Pleno dia";"Crescente";"Céu Claro";"Dupla";"Reta";"Sim";7;0;1;0;6;0;1;2;-15,7918882;-48,1096644;"SPRF-DF";"DEL03-DF";"UOP02-DEL03-DF"
671137;2025-04-02;"quarta-feira";"15:59:00";"TO";230;80;"CACHOEIRINHA";"Ausência de reação do condutor";"Tombamento";"Com Vítimas Feridas";"Pleno dia";"Crescente";"Céu Claro";"Simples";"Curva";"Não";2;0;1;0;0;2;1;3;-6,103208;-47,887032;"SPRF-TO";"DEL02-TO";"UOP03-DEL02-TO"
671139;2025-04-02;"quarta-feira";"17:30:00";"ES";262;136,8;"BREJETUBA";"Velocidade Incompatível";"Tombamento";"Com Vítimas Feridas";"Pleno dia";"Crescente";"Céu Claro";"Simples";"Curva";"Não";2;0;1;0;0;1;1;2;-20,2346691;-41,3406124;"SPRF-ES";"DEL01-ES";"UOP02-DEL01-ES"
671145;2025-04-02;"quarta-feira";"17:40:00";"PR";376;174,9;"MARINGA";"Ausência de reação do condutor";"Colisão transversal";"Com Vítimas Feridas";"Plena Noite";"Decrescente";"Céu Claro";"Dupla";"Reta";"Sim";3;0;1;0;1;1;1;3;-23,41489227;-51,95061336;"SPRF-PR";"DEL09-PR";"UOP01-DEL09-PR"
671150;2025-04-02;"quarta-feira";"19:00:00";"SC";101;195;"BIGUACU";"Ausência de reação do condutor";"Colisão traseira";"Com Vítimas Feridas";"Pleno dia";"Decrescente";"Céu Claro";"Múltipla";"Reta";"Sim";2;0;0;1;1;0;1;2;-27,50529201;-48,64932407;"SPRF-SC";"DEL01-SC";"UOP01-DEL01-SC"
671152;2025-04-02;"quarta-feira";"16:45:00";"MG";251;491,2;"FRANCISCO SA";"Velocidade Incompatível";"Tombamento";"Com Vítimas Feridas";"Pleno dia";"Decrescente";"Céu Claro";"Simples";"Reta";"Não";2;0;1;0;0;2;1;3;-16,5354522;-43,5925436;"SPRF-MG";"DEL12-MG";"UOP01-DEL12-MG"
671160;2025-04-02;"quarta-feira";"13:00:00";"GO";158;200,7;"CAIAPONIA";"Demais falhas mecânicas ou elétricas";"Tombamento";"Com Vítimas Feridas";"Pleno dia";"Decrescente";"Céu Claro";"Simples";"Declive;Curva";"Não";1;0;1;0;0;0;1;1;-17,18;-51,53;"SPRF-GO";"DEL05-GO";"UOP01-DEL05-GO"
671164;2025-04-02;"quarta-feira";"17:00:00";"MG";153;16;"CENTRALINA";"Mal súbito do condutor";"Saída de leito carroçável";"Com Vítimas Feridas";"Anoitecer";"Crescente";"Céu Claro";"Dupla";"Reta";"Não";3;0;1;1;0;1;2;3;-18,560082;-49,193684;"SPRF-MG";"DEL15-MG";"UOP03-DEL15-MG"
671167;2025-04-02;"quarta-feira";"16:00:00";"PR";376;339;"ORTIGUEIRA";"Reação tardia ou ineficiente do condutor";"Saída de leito carroçável";"Sem Vítimas";"Pleno dia";"Crescente";"Céu Claro";"Simples";"Declive;Curva";"Não";2;0;0;0;1;2;0;3;-24,1442088;-50,997641;"SPRF-PR";"DEL07-PR";"UOP02-DEL07-PR"
671172;2025-02-09;"domingo";"12:30:00";"MT";364;69;"ALTO GARCAS";"Condutor deixou de manter distância do veículo da frente";"Saída de leito carroçável";"Com Vítimas Feridas";"Pleno dia";"Decrescente";"Céu Claro";"Simples";"Aclive";"Não";2;0;1;0;0;1;1;2;-16,91562356;-53,62237221;"SPRF-MT";"DEL02-MT";"UOP02-DEL02-MT"
671177;2025-04-02;"quarta-feira";"18:00:00";"BA";324;546;"AMELIA RODRIGUES";"Demais falhas mecânicas ou elétricas";"Tombamento";"Sem Vítimas";"Pleno dia";"Crescente";"Céu Claro";"Dupla";"Reta;Declive";"Não";2;0;0;0;1;1;0;2;-12,4232424;-38,7415849;"SPRF-BA";"DEL01-BA";"UOP03-DEL01-BA"
671188;2025-04-02;"quarta-feira";"20:45:00";"PA";316;33,7;"SANTA IZABEL DO PARA";"Reação tardia ou ineficiente do condutor";"Saída de leito carroçável";"Sem Vítimas";"Plena Noite";"Crescente";"Céu Claro";"Dupla";"Reta;Retorno Regulamentado";"Sim";1;0;0;0;1;0;0;1;-1,296372;-48,174232;"SPRF-PA";"DEL01-PA";"UOP01-DEL01-PA"
671192;2025-04-02;"quarta-feira";"07:45:00";"RO";364;398;"OURO PRETO DO OESTE";"Ausência de reação do condutor";"Colisão traseira";"Com Vítimas Feridas";"Pleno dia";"Crescente";"Céu Claro";"Simples";"Reta;Em Obras";"Não";3;0;1;0;1;4;1;6;-10,64524018;-62,31199086;"SPRF-RO";"DEL03-RO";"UOP02-DEL03-RO"