"id";"data_inversa";"dia_semana";"horario";"uf";"br";"km";"municipio";"causa_acidente";"tipo_acidente";"classificacao_acidente";"fase_dia";"sentido_via";"condicao_metereologica";"tipo_pista";"tracado_via";"uso_solo";"pessoas";"mortos";"feridos_leves";"feridos_graves";"ilesos";"ignorados";"feridos";"veiculos";"latitude";"longitude";"regional";"delegacia";"uop"
671195;2025-04-02;"quarta-feira";"22:40:00";"SC";101;138,8;"BALNEARIO CAMBORIU";"Manobra de mudança de faixa";"Colisão lateral mesmo sentido";"Com Vítimas Feridas";"Plena Noite";"Crescente";"Chuva";"Dupla";"Reta";"Sim";4;0;2;0;2;0;2;2;-27,04783621;-48,59990889;"SPRF-SC";"DEL04-SC";"UOP03-DEL04-SC"
671202;2025-04-02;"quarta-feira";"23:10:00";"MG";262;553,2;"LUZ";"Velocidade Incompatível";"Colisão lateral sentido oposto";"Com Vítimas Fatais";"Plena Noite";"Crescente";"Céu Claro";"Simples";"Declive;Curva";"Não";5;1;2;0;1;1;2;5;-19,70857277;-45,91605619;"SPRF-MG";"DEL08-MG";"UOP02-DEL08-MG"
671207;2025-04-02;"quarta-feira";"22:55:00";"SC";101;449,8;"SAO JOAO DO SUL";"Reação tardia ou ineficiente do condutor";"Colisão traseira";"Com Vítimas Feridas";"Plena Noite";"Crescente";"Chuva";"Múltipla";"Reta";"Não";6;0;2;2;1;1;4;3;-29,177525;-49,753333;"SPRF-SC";"DEL02-SC";"UOP02-DEL02-SC"
671211;2025-04-03;"quinta-feira";"03:50:00";"SC";101;213;"PALHOCA";"Estacionar ou parar em local proibido";"Colisão traseira";"Com Vítimas Feridas";"Plena Noite";"Crescente";"Nublado";"Múltipla";"Reta";"Sim";3;0;1;0;1;1;1;3;-27,645673;-48,671709;"SPRF-SC";"DEL01-SC";"UOP02-DEL01-SC"
671213;2025-04-03;"quinta-feira";"01:00:00";"GO";153;260;"NOVA GLORIA";"Deficiência do Sistema de Iluminação/Sinalização";"Colisão traseira";"Com Vítimas Feridas";"Plena Noite";"Crescente";"Céu Claro";"Simples";"Reta;Aclive";"Não";2;0;0;1;1;0;1;2;-14,97637791;-49,39418793;"SPRF-GO";"DEL07-GO";"UOP02-DEL07-GO"
671223;2025-04-03;"quinta-feira";"06:00:00";"RN";304;291,9;"MACAIBA";"Demais falhas mecânicas ou elétricas";"Tombamento";"Sem Vítimas";"Pleno dia";"Decrescente";"Sol";"Dupla";"Reta";"Não";1;0;0;0;1;0;0;1;-5,86765959;-35,39373279;"SPRF-RN";"DEL01-RN";"UOP02-DEL01-RN"
671226;2025-04-03;"quinta-feira";"06:25:00";"PR";376;491;"PONTA GROSSA";"Pedestre andava na pista";"Atropelamento de Pedestre";"Com Vítimas Fatais";"Pleno dia";"Crescente";"Céu Claro";"Dupla";"Curva;Declive";"Sim";3;1;0;0;1;1;0;3;-25,110032;-50,189801;"SPRF-PR";"DEL03-PR";"UOP04-DEL03-PR"
671229;2025-04-03;"quinta-feira";"03:30:00";"RJ";40;116,9;"DUQUE DE CAXIAS";"Ausência de reação do condutor";"Colisão traseira";"Com Vítimas Fatais";"Plena Noite";"Decrescente";"Céu Claro";"Múltipla";"Reta;Em Obras";"Não";5;1;1;0;1;2;1;3;-22,74517569;-43,28794599;"SPRF-RJ";"DEL01-RJ";"UOP02-DEL01-RJ"
671234;2025-04-02;"quarta-feira";"22:05:00";"RJ";116;82,2;"TERESOPOLIS";"Pedestre - Ingestão de álcool/ substâncias psicoativas";"Atropelamento de Pedestre";"Com Vítimas Feridas";"Plena Noite";"Crescente";"Céu Claro";"Simples";"Reta;Aclive";"Sim";4;0;1;0;1;2;1;3;-22,402796;-42,952903;"SPRF-RJ";"DEL04-RJ";"UOP01-DEL04-RJ"
671236;2025-04-03;"quinta-feira";"05:17:00";"RO";364;368,3;"OURO PRETO DO OESTE";"Falta de acostamento";"Colisão frontal";"Com Vítimas Feridas";"Plena Noite";"Decrescente";"Céu Claro";"Simples";"Reta";"Não";4;0;3;0;0;2;3;4;-10,766515;-62,121893;"SPRF-RO";"DEL02-RO";"UOP01-DEL02-RO"
671238;2025-04-03;"quinta-feira";"07:10:00";"AL";101;176,8;"TEOTONIO VILELA";"Acessar a via sem observar a presença dos outros veículos";"Colisão frontal";"Com Vítimas Feridas";"Amanhecer";"Crescente";"Céu Claro";"Simples";"Reta";"Sim";2;0;1;0;1;0;1;2;-9,8953637;-36,3723807;"SPRF-AL";"DEL02-AL";"UOP02-DEL02-AL"
671240;2025-04-03;"quinta-feira";"05:30:00";"MG";262;671,3;"IBIA";"Ausência de reação do condutor";"Tombamento";"Com Vítimas Fatais";"Amanhecer";"Crescente";"Céu Claro";"Simples";"Curva";"Não";1;1;0;0;0;0;0;1;-19,54835471;-46,82702422;"SPRF-MG";"DEL08-MG";"UOP01-DEL08-MG"
671252;2025-03-18;"terça-feira";"13:47:00";"SP";116;220;"GUARULHOS";"Ausência de reação do condutor";"Colisão traseira";"Com Vítimas Feridas";"Pleno dia";"Decrescente";"Nublado";"Múltipla";"Reta";"Sim";3;0;1;0;2;0;1;3;-23,465913;-46,501367;"SPRF-SP";"DEL01-SP";"UOP01-DEL01-SP"
671254;2025-04-03;"quinta-feira";"07:40:00";"MG";381;849,5;"POUSO ALEGRE";"Condutor deixou de manter distância do veículo da frente";"Colisão com objeto";"Com Vítimas Feridas";"Pleno dia";"Decrescente";"Chuva";"Dupla";"Reta";"Sim";4;0;1;0;2;1;1;4;-22,23449;-45,8775;"SPRF-MG";"DEL16-MG";"UOP01-DEL16-MG"
671256;2025-04-03;"quinta-feira";"09:50:00";"SE";101;78,2;"LARANJEIRAS";"Demais falhas na via";"Saída de leito carroçável";"Sem Vítimas";"Pleno dia";"Decrescente";"Céu Claro";"Dupla";"Curva;Aclive;Em Obras";"Não";1;0;0;0;1;0;0;1;-10,78240492;-37,14158893;"SPRF-SE";"DEL01-SE";"UOP01-DEL01-SE"
671259;2025-02-05;"quarta-feira";"12:30:00";"PB";230;257,4;"ASSUNCAO";"Reação tardia ou ineficiente do condutor";"Saída de leito carroçável";"Com Vítimas Feridas";"Pleno dia";"Decrescente";"Chuva";"Simples";"Declive;Curva";"Não";2;0;1;1;0;0;2;1;-7,0114;-36,6808;"SPRF-PB";"DEL03-PB";"UOP01-DEL03-PB"
671262;2025-04-03;"quinta-feira";"10:00:00";"PE";101;46,8;"IGARASSU";"Condutor deixou de manter distância do veículo da frente";"Colisão lateral mesmo sentido";"Com Vítimas Feridas";"Pleno dia";"Crescente";"Céu Claro";"Dupla";"Reta";"Sim";4;0;1;0;2;1;1;3;-7,882398;-34,904688;"SPRF-PE";"DEL01-PE";"UOP02-DEL01-PE"
671264;2025-04-03;"quinta-feira";"10:16:00";"GO";70;7;"AGUAS LINDAS DE GOIAS";"Ingestão de álcool pelo condutor";"Colisão lateral mesmo sentido";"Sem Vítimas";"Pleno dia";"Crescente";"Céu Claro";"Dupla";"Reta";"Sim";2;0;0;0;2;0;0;2;-15,73546431;-48,27997684;"SPRF-DF";"DEL03-DF";"UOP02-DEL03-DF"
671266;2025-04-03;"quinta-feira";"08:40:00";"RJ";116;137,9;"MAGE";"Ausência de reação do condutor";"Colisão traseira";"Com Vítimas Feridas";"Pleno dia";"Crescente";"Céu Claro";"Dupla";"Reta";"Não";3;0;0;1;2;0;1;2;-22,64672027;-43,19471455;"SPRF-RJ";"DEL04-RJ";"UOP02-DEL04-RJ"
671268;2025-04-03;"quinta-feira";"10:40:00";"RJ";116;176;"SAO JOAO DE MERITI";"Condutor deixou de manter distância do veículo da frente";"Colisão traseira";"Com Vítimas Feridas";"Pleno dia";"Crescente";"Céu Claro";"Múltipla";"Reta";"Sim";3;0;2;0;1;0;2;2;-22,78058797;-43,39217478;"SPRF-RJ";"DEL06-RJ";"UOP01-DEL06-RJ"
671273;2025-04-03;"quinta-feira";"07:35:00";"RJ";101;226;"SILVA JARDIM";"Reação tardia ou ineficiente do condutor";"Saída de leito carroçável";"Com Vítimas Feridas";"Pleno dia";"Decrescente";"Céu Claro";"Dupla";"Reta";"Não";2;0;1;0;1;0;1;1;-22,54726666;-42,34925942;"SPRF-RJ";"DEL02-RJ";"UOP03-DEL02-RJ"
671275;2025-02-19;"quarta-feira";"07:55:00";"SP";116;162;"JACAREI";"Reação tardia ou ineficiente do condutor";"Engavetamento";"Com Vítimas Feridas";"Pleno dia";"Decrescente";"Céu Claro";"Dupla";"Reta";"Sim";5;0;1;1;1;2;2;5;-23,28133317;-45,98394689;"SPRF-SP";"DEL02-SP";"UOP01-DEL02-SP"
671280;2025-03-24;"segunda-feira";"07:00:00";"MG";365;563,9;"INDIANOPOLIS";"Demais falhas mecânicas ou elétricas";"Incêndio";"Sem Vítimas";"Pleno dia";"Crescente";"Céu Claro";"Simples";"Reta";"Não";1;0;0;0;1;0;0;1;-18,919786;-47,79669;"SPRF-MG";"DEL15-MG";"UOP02-DEL15-MG"
671282;2025-01-29;"quarta-feira";"07:30:00";"PR";277;63,5;"SAO JOSE DOS PINHAIS";"Mal súbito do condutor";"Saída de leito carroçável";"Com Vítimas Fatais";"Pleno dia";"Crescente";"Nublado";"Dupla";"Reta";"Sim";3;1;0;0;0;4;0;5;-25,53879404;-49,06643074;"SPRF-PR";"DEL01-PR";"UOP01-DEL01-PR"
671284;2025-04-03;"quinta-feira";"10:45:00";"SC";101;167,6;"TIJUCAS";"Transitar no Acostamento";"Atropelamento de Pedestre";"Com Vítimas Feridas";"Pleno dia";"Decrescente";"Nublado";"Dupla";"Reta";"Sim";2;0;0;1;1;0;1;2;-27,27332;-48,63141;"SPRF-SC";"DEL04-SC";"UOP03-DEL04-SC"
671290;2025-04-03;"quinta-feira";"12:20:00";"BA";116;684;"JEQUIE";"Condutor Dormindo";"Colisão lateral sentido oposto";"Com Vítimas Feridas";"Pleno dia";"Crescente";"Céu Claro";"Simples";"Reta";"Não";3;0;2;0;0;2;2;4;-13,938;-40,1614;"SPRF-BA";"DEL03-BA";"UOP01-DEL03-BA"
671299;2025-04-03;"quinta-feira";"14:45:00";"RS";290;92;"PORTO ALEGRE";"Ausência de reação do condutor";"Colisão lateral mesmo sentido";"Sem Vítimas";"Pleno dia";"Decrescente";"Nublado";"Múltipla";"Reta;Declive";"Não";2;0;0;0;2;0;0;2;-29,97178107;-51,17590964;"SPRF-RS";"DEL01-RS";"UOP01-DEL01-RS"
671301;2025-04-03;"quinta-feira";"14:50:00";"MG";262;450;"NOVA SERRANA";"Reação tardia ou ineficiente do condutor";"Saída de leito carroçável";"Com Vítimas Feridas";"Pleno dia";"Crescente";"Céu Claro";"Simples";"Declive;Reta";"Sim";2;0;2;0;0;0;2;1;-19,853641;-45,022134;"SPRF-MG";"DEL08-MG";"UOP03-DEL08-MG"
671304;2025-04-03;"quinta-feira";"13:40:00";"MS";163;83;"ITAQUIRAI";"Demais falhas mecânicas ou elétricas";"Incêndio";"Sem Vítimas";"Pleno dia";"Crescente";"Céu Claro";"Simples";"Reta";"Não";2;0;0;0;1;2;0;3;-23,43229293;-54,20594215;"SPRF-MS";"DEL09-MS";"UOP01-DEL09-MS"
671309;2025-04-03;"quinta-feira";"11:00:00";"PA";230;567;"VITORIA DO XINGU";"Objeto estático sobre o leito carroçável";"Colisão com objeto";"Com Vítimas Feridas";"Pleno dia";"Crescente";"Chuva";"Simples";"Aclive;Reta";"Não";3;0;0;1;1;1;1;3;-3,12948;-51,72838;"SPRF-PA";"DEL04-PA";"UOP01-DEL04-PA"
671313;2025-04-03;"quinta-feira";"14:50:00";"MG";381;274;"TIMOTEO";"Transitar na contramão";"Colisão lateral sentido oposto";"Com Vítimas Feridas";"Pleno dia";"Crescente";"Sol";"Simples";"Reta";"Não";4;0;1;0;2;1;1;3;-19,5408963;-42,6869299;"SPRF-MG";"DEL03-MG";"UOP02-DEL03-MG"
671314;2025-04-03;"quinta-feira";"16:00:00";"PR";116;103;"SAO JOSE DOS PINHAIS";"Reação tardia ou ineficiente do condutor";"Colisão lateral mesmo sentido";"Sem Vítimas";"Pleno dia";"Crescente";"Céu Claro";"Dupla";"Reta;Aclive";"Sim";2;0;0;0;1;1;0;2;-25,57095085;-49,19351393;"SPRF-PR";"DEL01-PR";"UOP07-DEL01-PR"
671315;2025-02-28;"sexta-feira";"14:12:00";"PA";163;416;"ITAITUBA";"Pista Escorregadia";"Colisão frontal";"Com Vítimas Fatais";"Pleno dia";"Crescente";"Chuva";"Simples";"Declive;Reta";"Não";4;1;0;0;2;6;0;9;-6,16064089;-55,62961578;"SPRF-PA";"DEL06-PA";"UOP02-DEL06-PA"
671321;2025-03-10;"segunda-feira";"02:40:00";"CE";222;302,2;"TIANGUA";"Ausência de reação do condutor";"Saída de leito carroçável";"Com Vítimas Feridas";"Plena Noite";"Decrescente";"Nevoeiro/Neblina";"Simples";"Declive;Curva";"Não";1;0;1;0;0;0;1;1;-3,66316862;-40,94908118;"SPRF-CE";"DEL04-CE";"UOP02-DEL04-CE"
671323;2025-04-03;"quinta-feira";"13:00:00";"RS";448;0,1;"SAPUCAIA DO SUL";"Velocidade Incompatível";"Tombamento";"Com Vítimas Feridas";"Pleno dia";"Decrescente";"Nublado";"Simples";"Curva";"Não";2;0;1;0;0;1;1;2;-29,82705574;-51,17324352;"SPRF-RS";"DEL01-RS";"UOP02-DEL01-RS"
671326;2025-04-03;"quinta-feira";"16:30:00";"BA";324;528;"FEIRA DE SANTANA";"Reação tardia ou ineficiente do condutor";"Tombamento";"Com Vítimas Feridas";"Pleno dia";"Decrescente";"Sol";"Dupla";"Reta";"Sim";2;0;1;0;1;0;1;1;-12,32858145;-38,86128573;"SPRF-BA";"DEL01-BA";"UOP03-DEL01-BA"
671327;2025-04-03;"quinta-feira";"16:30:00";"RS";392;4,7;"RIO GRANDE";"Transitar no Acostamento";"Colisão transversal";"Com Vítimas Feridas";"Pleno dia";"Crescente";"Céu Claro";"Simples";"Reta";"Sim";4;0;2;0;1;1;2;3;-32,07169686;-52,09748799;"SPRF-RS";"DEL07-RS";"UOP02-DEL07-RS"
671328;2025-04-03;"quinta-feira";"14:00:00";"RJ";493;1;"ITABORAI";"Transitar na contramão";"Colisão lateral mesmo sentido";"Com Vítimas Feridas";"Pleno dia";"Crescente";"Céu Claro";"Dupla";"Reta";"Não";2;0;1;0;1;0;1;2;-22,76795091;-42,92221069;"SPRF-RJ";"DEL02-RJ";"UOP02-DEL02-RJ"
671329;2025-04-03;"quinta-feira";"17:00:00";"RJ";116;248;"PIRAI";"Condutor deixou de manter distância do veículo da frente";"Engavetamento";"Com Vítimas Feridas";"Pleno dia";"Decrescente";"Chuva";"Dupla";"Declive";"Não";10;0;2;0;7;3;2;8;-22,60959364;-43,93169761;"SPRF-RJ";"DEL07-RJ";"UOP01-DEL07-RJ"
671332;2025-04-03;"quinta-feira";"10:10:00";"PR";277;399;"CANDOI";"Carga excessiva e/ou mal acondicionada";"Colisão com objeto";"Sem Vítimas";"Pleno dia";"Crescente";"Céu Claro";"Simples";"Reta";"Não";2;0;0;0;1;2;0;3;-25,4599633;-51,9592017;"SPRF-PR";"DEL04-PR";"UOP02-DEL04-PR"
671339;2025-04-03;"quinta-feira";"18:40:00";"SC";282;23,2;"SANTO AMARO DA IMPERATRIZ";"Condutor deixou de manter distância do veículo da frente";"Colisão traseira";"Sem Vítimas";"Anoitecer";"Decrescente";"Chuva";"Simples";"Reta";"Sim";2;0;0;0;2;0;0;2;-27,686161;-48,74063;"SPRF-SC";"DEL01-SC";"UOP02-DEL01-SC"
671344;2025-04-03;"quinta-feira";"17:45:00";"RS";386;74;"BOA VISTA DAS MISSOES";"Acessar a via sem observar a presença dos outros veículos";"Colisão transversal";"Com Vítimas Fatais";"Pleno dia";"Crescente";"Nublado";"Simples";"Reta;Interseção de Vias";"Sim";4;1;1;0;1;3;1;5;-27,68306552;-53,30813292;"SPRF-RS";"DEL08-RS";"UOP02-DEL08-RS"
671345;2025-04-03;"quinta-feira";"16:20:00";"MG";40;281;"TRES MARIAS";"Acumulo de óleo sobre o pavimento";"Saída de leito carroçável";"Com Vítimas Feridas";"Pleno dia";"Crescente";"Chuva";"Simples";"Reta;Aclive";"Não";1;0;1;0;0;0;1;1;-18,24426384;-45,20631015;"SPRF-MG";"DEL14-MG";"UOP02-DEL14-MG"
671346;2025-01-29;"quarta-feira";"14:50:00";"SP";116;98;"PINDAMONHANGABA";"Ausência de reação do condutor";"Engavetamento";"Com Vítimas Feridas";"Pleno dia";"Decrescente";"Garoa/Chuvisco";"Dupla";"Reta";"Sim";9;0;4;0;4;1;4;7;-22,97805164;-45,45583318;"SPRF-SP";"DEL08-SP";"UOP01-DEL08-SP"
671349;2025-04-03;"quinta-feira";"19:00:00";"MG";365;16,8;"MONTES CLAROS";"Demais falhas na via";"Colisão frontal";"Com Vítimas Fatais";"Plena Noite";"Decrescente";"Céu Claro";"Simples";"Em Obras;Declive;Curva";"Não";5;3;1;1;0;0;2;2;-16,8649942;-43,9838644;"SPRF-MG";"DEL12-MG";"UOP01-DEL12-MG"
671351;2025-04-03;"quinta-feira";"15:25:00";"MG";262;175;"SAO DOMINGOS DO PRATA";"Ausência de reação do condutor";"Saída de leito carroçável";"Sem Vítimas";"Pleno dia";"Crescente";"Sol";"Simples";"Reta";"Não";1;0;0;0;1;0;0;1;-19,92911041;-42,97112927;"SPRF-MG";"DEL03-MG";"UOP01-DEL03-MG"
671361;2025-04-03;"quinta-feira";"19:25:00";"CE";116;8;"FORTALEZA";"Manobra de mudança de faixa";"Colisão lateral mesmo sentido";"Com Vítimas Feridas";"Plena Noite";"Crescente";"Céu Claro";"Múltipla";"Reta";"Sim";3;0;0;1;1;1;1;3;-3,822006;-38,503469;"SPRF-CE";"DEL01-CE";"UOP02-DEL01-CE"
671363;2025-04-03;"quinta-feira";"16:00:00";"BA";116;731;"BOA NOVA";"Ausência de reação do condutor";"Colisão traseira";"Com Vítimas Feridas";"Pleno dia";"Decrescente";"Céu Claro";"Simples";"Reta";"Não";5;0;1;1;2;4;2;7;-14,31168148;-40,32282829;"SPRF-BA";"DEL08-BA";"UOP02-DEL08-BA"
671365;2025-04-03;"quinta-feira";"20:30:00";"SP";381;38;"ATIBAIA";"Reação tardia ou ineficiente do condutor";"Engavetamento";"Com Vítimas Feridas";"Plena Noite";"Decrescente";"Chuva";"Dupla";"Reta";"Sim";4;0;1;0;2;1;1;3;-23,11424955;-46,57167256;"SPRF-SP";"DEL03-SP";"UOP01-DEL03-SP"
671369;2025-04-03;"quinta-feira";"17:15:00";"PI";343;328,8;"TERESINA";"Transitar no Acostamento";"Colisão lateral mesmo sentido";"Com Vítimas Feridas";"Pleno dia";"Decrescente";"Céu Claro";"Simples";"Reta";"Não";3;0;2;0;1;0;2;2;-5,06578;-42,6404;"SPRF-PI";"DEL01-PI";"UOP01-DEL01-PI"
671372;2025-04-03;"quinta-feira";"20:20:00";"PR";116;142;"MANDIRITUBA";"Acessar a via sem observar a presença dos outros veículos";"Colisão transversal";"Com Vítimas Feridas";"Plena Noite";"Crescente";"Nublado";"Simples";"Reta";"Não";2;0;0;1;1;0;1;2;-25,79399881;-49,32819486;"SPRF-PR";"DEL01-PR";"UOP03-DEL01-PR"
671382;2025-04-03;"quinta-feira";"21:12:00";"PE";232;21;"MORENO";"Avarias e/ou desgaste excessivo no pneu";"Tombamento";"Com Vítimas Feridas";"Plena Noite";"Decrescente";"Céu Claro";"Dupla";"Curva";"Não";4;0;1;1;0;2;2;3;-8,097272;-35,082072;"SPRF-PE";"DEL01-PE";"UOP01-DEL01-PE"
671383;2025-04-03;"quinta-feira";"20:20:00";"SC";470;72;"INDAIAL";"Ausência de reação do condutor";"Saída de leito carroçável";"Com Vítimas Feridas";"Plena Noite";"Crescente";"Garoa/Chuvisco";"Dupla";"Reta";"Sim";1;0;0;1;0;0;1;1;-26,90273521;-49,26970661;"SPRF-SC";"DEL04-SC";"UOP01-DEL04-SC"
671387;2025-04-03;"quinta-feira";"21:20:00";"PR";376;603,5;"CURITIBA";"Velocidade Incompatível";"Colisão traseira";"Com Vítimas Fatais";"Plena Noite";"Decrescente";"Nublado";"Dupla";"Reta";"Sim";7;1;2;0;2;4;2;8;-25,53081884;-49,32483304;"SPRF-PR";"DEL01-PR";"UOP06-DEL01-PR"
671389;2025-04-03;"quinta-feira";"20:30:00";"PR";153;395;"MALLET";"Ausência de reação do condutor";"Tombamento";"Sem Vítimas";"Plena Noite";"Crescente";"Garoa/Chuvisco";"Simples";"Curva";"Não";1;0;0;0;1;0;0;1;-25,925;-50,854;"SPRF-PR";"DEL08-PR";"UOP02-DEL08-PR"
671390;2025-04-03;"quinta-feira";"20:15:00";"PR";153;374;"RIO AZUL";"Condutor Dormindo";"Saída de leito carroçável";"Com Vítimas Feridas";"Plena Noite";"Decrescente";"Garoa/Chuvisco";"Simples";"Reta";"Não";1;0;0;1;0;0;1;1;-25,758;-50,842;"SPRF-PR";"DEL08-PR";"UOP02-DEL08-PR"
671391;2025-04-03;"quinta-feira";"21:10:00";"MT";364;206;"RONDONOPOLIS";"Ingestão de álcool pelo condutor";"Saída de leito carroçável";"Sem Vítimas";"Plena Noite";"Crescente";"Céu Claro";"Dupla";"Curva;Interseção de Vias";"Não";2;0;0;0;1;2;0;3;-16,44784113;-54,66597134;"SPRF-MT";"DEL02-MT";"UOP01-DEL02-MT"
671395;2025-04-03;"quinta-feira";"22:20:00";"RJ";116;279;"BARRA MANSA";"Ausência de reação do condutor";"Engavetamento";"Com Vítimas Feridas";"Plena Noite";"Crescente";"Céu Claro";"Simples";"Em Obras;Declive;Curva";"Não";6;0;2;0;3;2;2;6;-22,51643344;-44,20869872;"SPRF-RJ";"DEL07-RJ";"UOP02-DEL07-RJ"
671396;2025-04-04;"sexta-feira";"00:12:00";"CE";116;38;"HORIZONTE";"Objeto estático sobre o leito carroçável";"Colisão traseira";"Sem Vítimas";"Plena Noite";"Crescente";"Chuva";"Dupla";"Aclive";"Não";3;0;0;0;1;2;0;3;-4,0878;-38,50064;"SPRF-CE";"DEL01-CE";"UOP02-DEL01-CE"
671398;2025-04-03;"quinta-feira";"22:30:00";"MG";381;793,4;"SAO GONCALO DO SAPUCAI";"Velocidade Incompatível";"Colisão traseira";"Com Vítimas Feridas";"Plena Noite";"Decrescente";"Garoa/Chuvisco";"Dupla";"Aclive;Curva";"Não";3;0;0;1;1;1;1;3;-21,907745;-45,560533;"SPRF-MG";"DEL16-MG";"UOP02-DEL16-MG"
671406;2025-04-04;"sexta-feira";"02:30:00";"SC";101;88;"BARRA VELHA";"Demais falhas mecânicas ou elétricas";"Colisão lateral mesmo sentido";"Com Vítimas Feridas";"Plena Noite";"Crescente";"Garoa/Chuvisco";"Múltipla";"Reta";"Sim";4;0;1;0;2;1;1;3;-26,64960143;-48,6869734;"SPRF-SC";"DEL03-SC";"UOP02-DEL03-SC"
671412;2025-04-04;"sexta-feira";"04:30:00";"SP";116;67,8;"APARECIDA";"Demais falhas mecânicas ou elétricas";"Incêndio";"Sem Vítimas";"Plena Noite";"Decrescente";"Nublado";"Dupla";"Reta";"Sim";2;0;0;0;1;1;0;2;-22,83206124;-45,21524191;"SPRF-SP";"DEL08-SP";"UOP01-DEL08-SP"
671413;2025-04-04;"sexta-feira";"05:20:00";"RS";386;48,9;"SEBERI";"Transitar na contramão";"Colisão lateral sentido oposto";"Com Vítimas Feridas";"Plena Noite";"Decrescente";"Nublado";"Simples";"Curva";"Não";3;0;2;1;0;0;3;2;-27,47798772;-53,39816809;"SPRF-RS";"DEL08-RS";"UOP02-DEL08-RS"
671416;2025-04-04;"sexta-feira";"04:30:00";"PR";163;314;"GUAIRA";"Manobra de mudança de faixa";"Saída de leito carroçável";"Sem Vítimas";"Plena Noite";"Crescente";"Céu Claro";"Simples";"Curva";"Não";2;0;0;0;1;1;0;2;-24,32604515;-54,15395558;"SPRF-PR";"DEL06-PR";"UOP02-DEL06-PR"
671419;2025-04-04;"sexta-feira";"07:00:00";"ES";101;85,8;"SAO MATEUS";"Condutor deixou de manter distância do veículo da frente";"Engavetamento";"Com Vítimas Feridas";"Pleno dia";"Crescente";"Céu Claro";"Múltipla";"Reta";"Não";5;0;2;0;3;0;2;3;-18,87268357;-39,94381959;"SPRF-ES";"DEL04-ES";"UOP02-DEL04-ES"
671421;2025-04-04;"sexta-feira";"05:00:00";"MG";381;624;"OLIVEIRA";"Condutor Dormindo";"Tombamento";"Com Vítimas Feridas";"Amanhecer";"Crescente";"Céu Claro";"Dupla";"Reta";"Não";1;0;0;1;0;0;1;1;-20,7935822;-44,7892698;"SPRF-MG";"DEL04-MG";"UOP01-DEL04-MG"
671424;2025-04-03;"quinta-feira";"17:30:00";"RO";364;713;"PORTO VELHO";"Manobra de mudança de faixa";"Colisão lateral mesmo sentido";"Com Vítimas Feridas";"Pleno dia";"Crescente";"Céu Claro";"Dupla";"Reta";"Sim";3;0;1;0;1;3;1;5;-8,77367965;-63,87944698;"SPRF-RO";"DEL01-RO";"UOP01-DEL01-RO"
671427;2025-04-04;"sexta-feira";"06:50:00";"BA";101;99;"ALAGOINHAS";"Acessar a via sem observar a presença dos outros veículos";"Colisão transversal";"Com Vítimas Feridas";"Pleno dia";"Decrescente";"Céu Claro";"Simples";"Reta";"Não";3;0;1;0;1;1;1;3;-12,07943628;-38,34628701;"SPRF-BA";"DEL01-BA";"UOP04-DEL01-BA"
671428;2025-04-04;"sexta-feira";"06:00:00";"PR";277;42;"MORRETES";"Reação tardia ou ineficiente do condutor";"Colisão traseira";"Com Vítimas Feridas";"Amanhecer";"Decrescente";"Nublado";"Dupla";"Reta;Declive";"Não";3;0;1;0;1;3;1;5;-25,59203289;-48,87997627;"SPRF-PR";"DEL01-PR";"UOP05-DEL01-PR"
671432;2025-04-04;"sexta-feira";"05:00:00";"MA";230;39,7;"BARAO DE GRAJAU";"Demais falhas mecânicas ou elétricas";"Eventos atípicos";"Com Vítimas Feridas";"Amanhecer";"Crescente";"Sol";"Simples";"Reta";"Não";1;0;1;0;0;0;1;1;-6,65271707;-43,32823098;"SPRF-PI";"DEL03-PI";"UOP01-DEL03-PI"
671435;2025-04-04;"sexta-feira";"03:50:00";"RJ";40;109;"DUQUE DE CAXIAS";"Condutor Dormindo";"Saída de leito carroçável";"Com Vítimas Feridas";"Plena Noite";"Crescente";"Nublado";"Múltipla";"Reta";"Sim";1;0;1;0;0;0;1;1;-22,68064794;-43,28606534;"SPRF-RJ";"DEL01-RJ";"UOP02-DEL01-RJ"
671446;2025-04-04;"sexta-feira";"08:10:00";"ES";101;279,5;"SERRA";"Condutor deixou de manter distância do veículo da frente";"Colisão traseira";"Com Vítimas Feridas";"Pleno dia";"Decrescente";"Céu Claro";"Dupla";"Reta";"Não";3;0;0;1;1;2;1;4;-20,21843833;-40,34453333;"SPRF-ES";"DEL02-ES";"UOP01-DEL02-ES"
671455;2025-04-04;"sexta-feira";"06:55:00";"PR";153;194;"TIBAGI";"Neblina";"Colisão frontal";"Com Vítimas Feridas";"Pleno dia";"Crescente";"Nevoeiro/Neblina";"Simples";"Reta";"Não";6;0;2;1;2;2;3;4;-24,44101245;-50,42319948;"SPRF-PR";"DEL03-PR";"UOP02-DEL03-PR"
671458;2025-03-24;"segunda-feira";"16:25:00";"SC";101;328,9;"TUBARAO";"Condutor deixou de manter distância do veículo da frente";"Colisão traseira";"Com Vítimas Feridas";"Pleno dia";"Crescente";"Nublado";"Dupla";"Reta;Desvio Temporário";"Sim";4;0;0;1;3;0;1;4;-28,4509346;-48,97298271;"SPRF-SC";"DEL02-SC";"UOP01-DEL02-SC"
671464;2025-04-04;"sexta-feira";"10:00:00";"SP";153;73;"SAO JOSE DO RIO PRETO";"Transitar na contramão";"Colisão frontal";"Com Vítimas Feridas";"Pleno dia";"Crescente";"Céu Claro";"Simples";"Retorno Regulamentado;Curva";"Não";3;0;0;1;1;1;1;3;-20,87956885;-49,42187691;"SPRF-SP";"DEL09-SP";"UOP01-DEL09-SP"