"id";"data_inversa";"dia_semana";"horario";"uf";"br";"km";"municipio";"causa_acidente";"tipo_acidente";"classificacao_acidente";"fase_dia";"sentido_via";"condicao_metereologica";"tipo_pista";"tracado_via";"uso_solo";"pessoas";"mortos";"feridos_leves";"feridos_graves";"ilesos";"ignorados";"feridos";"veiculos";"latitude";"longitude";"regional";"delegacia";"uop"
671466;2025-04-04;"sexta-feira";"10:25:00";"MG";50;60;"UBERLANDIA";"Demais falhas mecânicas ou elétricas";"Incêndio";"Sem Vítimas";"Pleno dia";"Crescente";"Céu Claro";"Dupla";"Aclive;Curva";"Não";2;0;0;0;1;2;0;3;-18,813436;-48,248836;"SPRF-MG";"DEL15-MG";"UOP02-DEL15-MG"
671468;2025-04-04;"sexta-feira";"07:40:00";"MA";10;316;"ACAILANDIA";"Reação tardia ou ineficiente do condutor";"Colisão lateral mesmo sentido";"Com Vítimas Feridas";"Pleno dia";"Decrescente";"Céu Claro";"Simples";"Reta";"Não";3;0;1;0;1;1;1;3;-4,976399;-47,518059;"SPRF-MA";"DEL04-MA";"UOP03-DEL04-MA"
671478;2025-04-04;"sexta-feira";"10:30:00";"MG";381;598,1;"CARMOPOLIS DE MINAS";"Manobra de mudança de faixa";"Colisão traseira";"Com Vítimas Feridas";"Pleno dia";"Decrescente";"Céu Claro";"Dupla";"Reta;Declive";"Não";5;0;1;0;2;3;1;5;-20,59440727;-44,70507167;"SPRF-MG";"DEL04-MG";"UOP01-DEL04-MG"
671480;2025-04-04;"sexta-feira";"11:50:00";"SC";101;207;"SAO JOSE";"Ausência de reação do condutor";"Colisão traseira";"Com Vítimas Feridas";"Pleno dia";"Crescente";"Nublado";"Múltipla";"Reta;Aclive";"Sim";2;0;1;0;1;0;1;2;-27,6022377;-48,62911094;"SPRF-SC";"DEL01-SC";"UOP01-DEL01-SC"
671484;2025-04-04;"sexta-feira";"12:00:00";"MG";40;572,9;"ITABIRITO";"Reação tardia ou ineficiente do condutor";"Colisão traseira";"Com Vítimas Feridas";"Pleno dia";"Crescente";"Chuva";"Simples";"Reta";"Não";3;0;0;1;2;0;1;2;-20,25453527;-43,96169737;"SPRF-MG";"DEL01-MG";"UOP02-DEL01-MG"
671485;2025-04-04;"sexta-feira";"11:00:00";"BA";110;321;"ALAGOINHAS";"Demais falhas mecânicas ou elétricas";"Saída de leito carroçável";"Com Vítimas Feridas";"Pleno dia";"Crescente";"Sol";"Simples";"Curva";"Não";3;0;1;1;1;0;2;1;-12,00387861;-38,36442947;"SPRF-BA";"DEL01-BA";"UOP04-DEL01-BA"
671491;2025-04-04;"sexta-feira";"12:30:00";"MG";381;480,9;"CONTAGEM";"Reação tardia ou ineficiente do condutor";"Colisão lateral mesmo sentido";"Com Vítimas Fatais";"Pleno dia";"Decrescente";"Nublado";"Múltipla";"Aclive;Curva";"Sim";3;1;0;0;1;1;0;3;-19,95852948;-44,0579857;"SPRF-MG";"DEL01-MG";"UOP03-DEL01-MG"
671493;2025-04-04;"sexta-feira";"12:20:00";"SC";470;7;"NAVEGANTES";"Trafegar com motocicleta (ou similar) entre as faixas";"Colisão lateral mesmo sentido";"Com Vítimas Feridas";"Pleno dia";"Crescente";"Nublado";"Dupla";"Reta";"Sim";3;0;0;1;1;1;1;3;-26,84268268;-48,71560097;"SPRF-SC";"DEL04-SC";"UOP04-DEL04-SC"
671494;2025-04-04;"sexta-feira";"10:30:00";"SP";116;215;"GUARULHOS";"Demais falhas mecânicas ou elétricas";"Atropelamento de Pedestre";"Com Vítimas Feridas";"Pleno dia";"Crescente";"Céu Claro";"Dupla";"Interseção de Vias;Reta";"Sim";2;0;0;1;1;0;1;1;-23,44941333;-46,46072216;"SPRF-SP";"DEL01-SP";"UOP01-DEL01-SP"
671495;2025-04-04;"sexta-feira";"12:45:00";"SC";470;69,2;"INDAIAL";"Reação tardia ou ineficiente do condutor";"Tombamento";"Com Vítimas Fatais";"Pleno dia";"Crescente";"Céu Claro";"Dupla";"Reta";"Sim";3;1;0;0;1;1;0;3;-26,8850435;-49,2489973;"SPRF-SC";"DEL04-SC";"UOP01-DEL04-SC"
671498;2025-04-04;"sexta-feira";"10:20:00";"PR";153;484;"GENERAL CARNEIRO";"Desrespeitar a preferência no cruzamento";"Colisão transversal";"Com Vítimas Feridas";"Pleno dia";"Crescente";"Nublado";"Simples";"Retorno Regulamentado";"Não";4;0;2;0;1;1;2;3;-26,38672627;-51,27215356;"SPRF-PR";"DEL02-PR";"UOP03-DEL02-PR"
671512;2025-04-04;"sexta-feira";"11:50:00";"MG";116;776,1;"LEOPOLDINA";"Transitar na contramão";"Colisão lateral sentido oposto";"Com Vítimas Fatais";"Pleno dia";"Crescente";"Céu Claro";"Simples";"Curva;Declive";"Não";3;1;0;0;1;1;0;3;-21,595584;-42,688923;"SPRF-MG";"DEL07-MG";"UOP01-DEL07-MG"
671515;2025-04-01;"terça-feira";"00:50:00";"MS";163;556;"BANDEIRANTES";"Avarias e/ou desgaste excessivo no pneu";"Incêndio";"Sem Vítimas";"Plena Noite";"Crescente";"Céu Claro";"Simples";"Reta";"Não";2;0;0;0;1;3;0;4;-20,03646408;-54,41083237;"SPRF-MS";"DEL01-MS";"UOP02-DEL01-MS"
671517;2025-04-04;"sexta-feira";"14:00:00";"PR";376;266,3;"MARILANDIA DO SUL";"Ausência de reação do condutor";"Colisão lateral mesmo sentido";"Com Vítimas Fatais";"Pleno dia";"Crescente";"Nublado";"Dupla";"Interseção de Vias;Viaduto;Declive";"Sim";3;1;1;0;0;1;1;2;-23,71769851;-51,30914384;"SPRF-PR";"DEL07-PR";"UOP03-DEL07-PR"
671519;2025-04-04;"sexta-feira";"14:15:00";"PR";376;435,7;"TIBAGI";"Transitar na contramão";"Colisão com objeto";"Com Vítimas Fatais";"Pleno dia";"Crescente";"Céu Claro";"Simples";"Desvio Temporário;Reta";"Não";4;1;0;1;1;2;1;4;-24,779;-50,514278;"SPRF-PR";"DEL03-PR";"UOP02-DEL03-PR"
671521;2025-04-04;"sexta-feira";"07:30:00";"PI";343;247;"CAMPO MAIOR";"Condutor Dormindo";"Saída de leito carroçável";"Com Vítimas Fatais";"Pleno dia";"Crescente";"Céu Claro";"Simples";"Reta";"Não";1;1;0;0;0;0;0;1;-4,826489;-42,162051;"SPRF-PI";"DEL01-PI";"UOP03-DEL01-PI"
671536;2025-04-04;"sexta-feira";"12:30:00";"MA";230;34;"BARAO DE GRAJAU";"Condutor Dormindo";"Saída de leito carroçável";"Com Vítimas Feridas";"Pleno dia";"Decrescente";"Céu Claro";"Simples";"Reta";"Não";2;0;1;0;0;1;1;2;-6,68250988;-43,29188347;"SPRF-PI";"DEL03-PI";"UOP01-DEL03-PI"
671538;2025-04-04;"sexta-feira";"16:30:00";"PA";316;94;"SAO FRANCISCO DO PARA";"Transitar na contramão";"Colisão frontal";"Com Vítimas Fatais";"Pleno dia";"Crescente";"Chuva";"Simples";"Aclive";"Não";11;1;2;4;3;2;6;6;-1,32728153;-47,65377044;"SPRF-PA";"DEL01-PA";"UOP02-DEL01-PA"
671543;2025-04-04;"sexta-feira";"16:20:00";"ES";101;263;"SERRA";"Velocidade Incompatível";"Colisão traseira";"Com Vítimas Feridas";"Pleno dia";"Decrescente";"Céu Claro";"Dupla";"Declive;Reta";"Sim";2;0;0;1;1;0;1;2;-20,16682298;-40,2720058;"SPRF-ES";"DEL02-ES";"UOP01-DEL02-ES"
671547;2025-04-04;"sexta-feira";"14:50:00";"SC";470;163,5;"TROMBUDO CENTRAL";"Ultrapassagem Indevida";"Colisão frontal";"Com Vítimas Fatais";"Pleno dia";"Crescente";"Céu Claro";"Simples";"Reta";"Sim";5;2;0;0;2;1;0;3;-27,27882;-49,833156;"SPRF-SC";"DEL04-SC";"UOP02-DEL04-SC"
671550;2025-04-04;"sexta-feira";"16:00:00";"SP";116;513;"CAJATI";"Reação tardia ou ineficiente do condutor";"Colisão com objeto";"Com Vítimas Feridas";"Pleno dia";"Decrescente";"Garoa/Chuvisco";"Simples";"Curva";"Não";7;0;3;0;3;3;3;7;-24,858112;-48,211402;"SPRF-SP";"DEL05-SP";"UOP02-DEL05-SP"
671553;2025-03-28;"sexta-feira";"20:40:00";"MG";40;14;"PARACATU";"Acessar a via sem observar a presença dos outros veículos";"Colisão transversal";"Com Vítimas Feridas";"Plena Noite";"Decrescente";"Nublado";"Simples";"Reta";"Não";4;0;0;2;1;3;2;5;-17,072;-47,042;"SPRF-MG";"DEL14-MG";"UOP01-DEL14-MG"
671566;2025-04-04;"sexta-feira";"17:30:00";"MG";40;576,2;"ITABIRITO";"Desrespeitar a preferência no cruzamento";"Colisão transversal";"Com Vítimas Feridas";"Pleno dia";"Crescente";"Nublado";"Simples";"Reta";"Não";4;0;0;2;1;1;2;3;-20,26867879;-43,95464659;"SPRF-MG";"DEL01-MG";"UOP02-DEL01-MG"
671571;2025-04-04;"sexta-feira";"19:00:00";"RS";392;282;"SAO SEPE";"Demais falhas na via";"Colisão transversal";"Com Vítimas Feridas";"Plena Noite";"Crescente";"Céu Claro";"Simples";"Reta;Aclive";"Não";4;0;1;1;1;2;2;4;-30,29515822;-53,53823572;"SPRF-RS";"DEL09-RS";"UOP02-DEL09-RS"
671580;2025-04-04;"sexta-feira";"18:30:00";"MG";50;178;"UBERABA";"Reação tardia ou ineficiente do condutor";"Colisão lateral mesmo sentido";"Com Vítimas Fatais";"Plena Noite";"Crescente";"Céu Claro";"Dupla";"Reta";"Sim";4;1;1;0;1;3;1;5;-19,7787;-47,93468;"SPRF-MG";"DEL13-MG";"UOP01-DEL13-MG"
671583;2025-04-04;"sexta-feira";"19:35:00";"SP";381;26;"BRAGANCA PAULISTA";"Ausência de reação do condutor";"Saída de leito carroçável";"Sem Vítimas";"Plena Noite";"Crescente";"Garoa/Chuvisco";"Dupla";"Reta;Declive";"Sim";1;0;0;0;1;0;0;1;-23,0224192;-46,53217201;"SPRF-SP";"DEL03-SP";"UOP02-DEL03-SP"
671589;2025-04-04;"sexta-feira";"16:45:00";"RJ";393;164;"TRES RIOS";"Chuva";"Colisão lateral sentido oposto";"Com Vítimas Fatais";"Pleno dia";"Crescente";"Chuva";"Simples";"Declive;Curva";"Não";9;2;1;0;5;1;1;5;-22,12636175;-43,14263279;"SPRF-RJ";"DEL05-RJ";"UOP01-DEL05-RJ"
671600;2025-04-04;"sexta-feira";"18:09:00";"RN";304;148;"ANGICOS";"Acessar a via sem observar a presença dos outros veículos";"Colisão transversal";"Com Vítimas Feridas";"Plena Noite";"Crescente";"Céu Claro";"Simples";"Reta";"Não";4;0;1;0;2;1;1;3;-5,6801818;-36,6046525;"SPRF-RN";"DEL04-RN";"UOP01-DEL04-RN"
671602;2025-04-04;"sexta-feira";"18:40:00";"MG";251;472,3;"FRANCISCO SA";"Velocidade Incompatível";"Saída de leito carroçável";"Com Vítimas Fatais";"Anoitecer";"Crescente";"Céu Claro";"Simples";"Curva;Declive";"Não";3;1;1;0;0;3;1;4;-16,46670703;-43,43912601;"SPRF-MG";"DEL12-MG";"UOP01-DEL12-MG"
671604;2025-04-04;"sexta-feira";"19:45:00";"MG";116;72;"MEDINA";"Pedestre - Ingestão de álcool/ substâncias psicoativas";"Atropelamento de Pedestre";"Com Vítimas Feridas";"Plena Noite";"Decrescente";"Céu Claro";"Simples";"Reta;Declive";"Sim";3;0;0;1;1;1;1;3;-16,22809676;-41,47096027;"SPRF-MG";"DEL11-MG";"UOP02-DEL11-MG"
671607;2025-04-04;"sexta-feira";"21:10:00";"MG";381;888;"CAMBUI";"Velocidade Incompatível";"Colisão frontal";"Com Vítimas Feridas";"Plena Noite";"Crescente";"Nublado";"Dupla";"Reta";"Não";3;0;1;0;1;1;1;3;-22,53072;-46,02743;"SPRF-MG";"DEL16-MG";"UOP01-DEL16-MG"
671608;2025-04-04;"sexta-feira";"20:00:00";"GO";50;305;"CUMARI";"Demais falhas mecânicas ou elétricas";"Incêndio";"Sem Vítimas";"Plena Noite";"Crescente";"Céu Claro";"Dupla";"Declive;Reta";"Não";2;0;0;0;1;3;0;4;-18,34599195;-48,03565979;"SPRF-GO";"DEL06-GO";"UOP01-DEL06-GO"
671610;2025-04-04;"sexta-feira";"19:30:00";"MG";40;296;"TRES MARIAS";"Problema com o freio";"Incêndio";"Sem Vítimas";"Plena Noite";"Crescente";"Céu Claro";"Simples";"Aclive;Reta";"Não";2;0;0;0;1;2;0;3;-18,32625515;-45,10896206;"SPRF-MG";"DEL14-MG";"UOP02-DEL14-MG"
671611;2025-04-04;"sexta-feira";"18:30:00";"RJ";101;501;"ANGRA DOS REIS";"Chuva";"Colisão traseira";"Com Vítimas Feridas";"Plena Noite";"Crescente";"Chuva";"Simples";"Reta";"Não";4;0;3;0;1;0;3;3;-22,91512;-44,3504;"SPRF-RJ";"DEL03-RJ";"UOP03-DEL03-RJ"
671619;2025-04-04;"sexta-feira";"19:00:00";"MG";262;698,7;"ARAXA";"Problema com o freio";"Incêndio";"Sem Vítimas";"Plena Noite";"Decrescente";"Céu Claro";"Simples";"Aclive;Reta";"Não";2;0;0;0;1;3;0;4;-19,570231;-47,015303;"SPRF-MG";"DEL08-MG";"UOP01-DEL08-MG"
671620;2025-04-04;"sexta-feira";"16:25:00";"PR";277;602;"CASCAVEL";"Reação tardia ou ineficiente do condutor";"Colisão traseira";"Com Vítimas Feridas";"Pleno dia";"Decrescente";"Céu Claro";"Múltipla";"Reta";"Sim";7;0;4;0;2;1;4;3;-25,0240137;-53,5508441;"SPRF-PR";"DEL04-PR";"UOP01-DEL04-PR"
671625;2025-04-04;"sexta-feira";"21:30:00";"MG";116;702,8;"MURIAE";"Condutor deixou de manter distância do veículo da frente";"Colisão traseira";"Com Vítimas Feridas";"Plena Noite";"Decrescente";"Chuva";"Simples";"Reta";"Sim";3;0;0;1;1;1;1;3;-21,1291104;-42,38482475;"SPRF-MG";"DEL07-MG";"UOP02-DEL07-MG"
671626;2025-04-04;"sexta-feira";"19:40:00";"MT";364;579;"NOBRES";"Problema com o freio";"Incêndio";"Sem Vítimas";"Plena Noite";"Decrescente";"Céu Claro";"Dupla";"Reta";"Não";2;0;0;0;1;1;0;2;-14,59635438;-56,23749018;"SPRF-MT";"DEL01-MT";"UOP01-DEL01-MT"
671638;2025-04-04;"sexta-feira";"23:00:00";"MG";116;694;"MURIAE";"Condutor Dormindo";"Colisão lateral sentido oposto";"Com Vítimas Feridas";"Plena Noite";"Decrescente";"Chuva";"Simples";"Declive;Curva";"Não";2;0;1;0;1;0;1;2;-21,05728892;-42,36851692;"SPRF-MG";"DEL07-MG";"UOP02-DEL07-MG"
671640;2025-04-05;"sábado";"00:20:00";"SC";101;12;"GARUVA";"Demais falhas mecânicas ou elétricas";"Colisão traseira";"Com Vítimas Feridas";"Plena Noite";"Decrescente";"Nublado";"Dupla";"Reta";"Não";3;0;0;1;1;1;1;3;-26,081422;-48,861807;"SPRF-SC";"DEL03-SC";"UOP01-DEL03-SC"
671643;2025-04-04;"sexta-feira";"21:20:00";"BA";116;746,8;"POCOES";"Demais falhas mecânicas ou elétricas";"Saída de leito carroçável";"Com Vítimas Feridas";"Plena Noite";"Decrescente";"Céu Claro";"Simples";"Reta;Declive";"Não";2;0;1;0;0;1;1;2;-14,451674;-40,348178;"SPRF-BA";"DEL08-BA";"UOP02-DEL08-BA"
671648;2025-04-05;"sábado";"00:20:00";"PR";376;614;"CURITIBA";"Ausência de reação do condutor";"Capotamento";"Sem Vítimas";"Plena Noite";"Crescente";"Garoa/Chuvisco";"Dupla";"Declive";"Não";2;0;0;0;2;0;0;2;-25,4476288;-49,2437504;"SPRF-PR";"DEL01-PR";"UOP03-DEL01-PR"
671649;2025-04-05;"sábado";"00:32:00";"PR";376;682;"GUARATUBA";"Problema com o freio";"Incêndio";"Sem Vítimas";"Plena Noite";"Crescente";"Nublado";"Dupla";"Reta";"Não";2;0;0;0;1;1;0;2;-25,9797434;-48,8877649;"SPRF-PR";"DEL01-PR";"UOP04-DEL01-PR"
671650;2025-04-04;"sexta-feira";"19:00:00";"MA";222;525,9;"BURITICUPU";"Ingestão de álcool pelo condutor";"Colisão frontal";"Com Vítimas Feridas";"Plena Noite";"Decrescente";"Céu Claro";"Simples";"Reta";"Não";2;0;1;0;1;0;1;2;-4,319428;-46,447752;"SPRF-MA";"DEL02-MA";"UOP01-DEL02-MA"
671653;2025-04-05;"sábado";"01:35:00";"RS";392;58,5;"PELOTAS";"Condutor Dormindo";"Saída de leito carroçável";"Com Vítimas Feridas";"Plena Noite";"Decrescente";"Chuva";"Dupla";"Reta";"Não";2;0;1;0;0;1;1;2;-31,80038238;-52,33430207;"SPRF-RS";"DEL07-RS";"UOP02-DEL07-RS"
671656;2025-04-05;"sábado";"01:30:00";"RJ";116;186;"NOVA IGUACU";"Ausência de reação do condutor";"Colisão traseira";"Com Vítimas Fatais";"Pleno dia";"Crescente";"Chuva";"Dupla";"Reta";"Sim";3;1;0;0;1;1;0;3;-22,74185146;-43,52263989;"SPRF-RJ";"DEL06-RJ";"UOP01-DEL06-RJ"
671669;2025-04-05;"sábado";"04:10:00";"TO";226;45;"DARCINOPOLIS";"Condutor Dormindo";"Saída de leito carroçável";"Sem Vítimas";"Plena Noite";"Crescente";"Céu Claro";"Simples";"Declive;Reta";"Não";2;0;0;0;1;1;0;2;-6,758219;-47,785909;"SPRF-TO";"DEL02-TO";"UOP03-DEL02-TO"
671672;2025-04-05;"sábado";"04:20:00";"RJ";101;321;"NITEROI";"Acumulo de água sobre o pavimento";"Colisão com objeto";"Sem Vítimas";"Plena Noite";"Crescente";"Chuva";"Dupla";"Curva";"Não";2;0;0;0;1;1;0;2;-22,8672191;-43,11024427;"SPRF-RJ";"DEL02-RJ";"UOP01-DEL02-RJ"
671673;2025-04-05;"sábado";"02:50:00";"RN";304;108;"ACU";"Ingestão de álcool pelo condutor";"Colisão lateral sentido oposto";"Sem Vítimas";"Plena Noite";"Decrescente";"Ignorado";"Simples";"Reta";"Não";2;0;0;0;0;2;0;2;-5,588896;-36,947504;"SPRF-RN";"DEL04-RN";"UOP01-DEL04-RN"
671676;2025-04-05;"sábado";"05:00:00";"MG";381;865,6;"POUSO ALEGRE";"Ausência de reação do condutor";"Colisão traseira";"Com Vítimas Feridas";"Plena Noite";"Crescente";"Céu Claro";"Múltipla";"Reta";"Não";6;0;1;0;3;2;1;4;-22,29544968;-45,89538574;"SPRF-MG";"DEL16-MG";"UOP01-DEL16-MG"
671679;2025-04-05;"sábado";"02:15:00";"SP";116;548;"BARRA DO TURVO";"Reação tardia ou ineficiente do condutor";"Colisão com objeto";"Com Vítimas Feridas";"Plena Noite";"Crescente";"Chuva";"Simples";"Curva;Declive";"Não";2;0;1;0;0;1;1;2;-24,954699;-48,455852;"SPRF-SP";"DEL05-SP";"UOP02-DEL05-SP"
671691;2025-04-05;"sábado";"06:50:00";"BA";116;456;"ANTONIO CARDOSO";"Desvio temporário";"Saída de leito carroçável";"Sem Vítimas";"Pleno dia";"Crescente";"Céu Claro";"Dupla";"Reta";"Não";2;0;0;0;1;1;0;2;-12,39297204;-39,15873732;"SPRF-BA";"DEL02-BA";"UOP01-DEL02-BA"
671706;2025-04-05;"sábado";"07:50:00";"GO";20;13;"FORMOSA";"Reação tardia ou ineficiente do condutor";"Colisão traseira";"Com Vítimas Feridas";"Pleno dia";"Decrescente";"Chuva";"Múltipla";"Interseção de Vias;Reta";"Não";3;0;1;1;1;0;2;2;-15,56599376;-47,22569704;"SPRF-DF";"DEL02-DF";"UOP02-DEL02-DF"
671707;2025-04-05;"sábado";"08:10:00";"BA";415;24;"ILHEUS";"Ausência de reação do condutor";"Colisão transversal";"Com Vítimas Feridas";"Pleno dia";"Crescente";"Céu Claro";"Simples";"Reta";"Não";2;0;1;0;0;1;1;2;-14,785682;-39,246461;"SPRF-BA";"DEL05-BA";"UOP01-DEL05-BA"
671714;2025-04-05;"sábado";"09:45:00";"MG";381;487;"BETIM";"Trafegar com motocicleta (ou similar) entre as faixas";"Colisão lateral mesmo sentido";"Com Vítimas Feridas";"Pleno dia";"Decrescente";"Nublado";"Dupla";"Curva";"Sim";2;0;1;0;1;0;1;2;-19,95518;-44,117124;"SPRF-MG";"DEL01-MG";"UOP03-DEL01-MG"
671717;2025-04-05;"sábado";"08:00:00";"MT";364;587;"DIAMANTINO";"Velocidade Incompatível";"Colisão traseira";"Com Vítimas Feridas";"Pleno dia";"Crescente";"Nevoeiro/Neblina";"Dupla";"Reta";"Não";7;0;2;0;4;2;2;4;-14,53273836;-56,23047781;"SPRF-MT";"DEL01-MT";"UOP01-DEL01-MT"
671722;2025-04-05;"sábado";"03:00:00";"PR";280;274;"FLOR DA SERRA DO SUL";"Velocidade Incompatível";"Saída de leito carroçável";"Sem Vítimas";"Plena Noite";"Decrescente";"Céu Claro";"Simples";"Curva";"Não";2;0;0;0;0;2;0;2;-26,24214508;-53,19456697;"SPRF-PR";"DEL02-PR";"UOP01-DEL02-PR"
671723;2025-04-05;"sábado";"03:30:00";"PE";428;20;"CABROBO";"Pedestre andava na pista";"Atropelamento de Pedestre";"Com Vítimas Fatais";"Plena Noite";"Crescente";"Céu Claro";"Simples";"Reta";"Não";2;1;0;0;0;1;0;2;-8,493187;-39,399313;"SPRF-PE";"DEL05-PE";"UOP03-DEL05-PE"
671724;2025-04-05;"sábado";"10:41:00";"GO";40;2,9;"VALPARAISO DE GOIAS";"Reação tardia ou ineficiente do condutor";"Colisão traseira";"Com Vítimas Feridas";"Pleno dia";"Decrescente";"Céu Claro";"Dupla";"Reta";"Sim";6;0;2;0;3;1;2;4;-16,0736817;-47,9847142;"SPRF-DF";"DEL01-DF";"UOP01-DEL01-DF"
671726;2025-04-05;"sábado";"09:35:00";"MT";163;684;"LUCAS DO RIO VERDE";"Ingestão de álcool pelo condutor";"Saída de leito carroçável";"Sem Vítimas";"Pleno dia";"Crescente";"Nublado";"Simples";"Reta;Aclive";"Não";2;0;0;0;1;3;0;4;-13,10300123;-55,94976425;"SPRF-MT";"DEL06-MT";"UOP01-DEL06-MT"
671728;2025-04-05;"sábado";"09:00:00";"MT";364;562,7;"NOBRES";"Ausência de reação do condutor";"Colisão com objeto";"Com Vítimas Fatais";"Pleno dia";"Crescente";"Nublado";"Dupla";"Reta";"Não";3;1;0;0;1;3;0;5;-14,710467;-56,322941;"SPRF-MT";"DEL01-MT";"UOP01-DEL01-MT"
671733;2025-04-05;"sábado";"07:55:00";"MA";135;332,1;"PRESIDENTE DUTRA";"Ingestão de álcool pelo condutor";"Colisão traseira";"Com Vítimas Fatais";"Pleno dia";"Decrescente";"Sol";"Simples";"Reta;Em Obras";"Não";4;1;0;0;2;2;0;4;-5,220988;-44,478861;"SPRF-MA";"DEL06-MA";"UOP01-DEL06-MA"
671746;2025-04-05;"sábado";"10:07:00";"SP";116;566;"BARRA DO TURVO";"Reação tardia ou ineficiente do condutor";"Tombamento";"Com Vítimas Feridas";"Pleno dia";"Crescente";"Garoa/Chuvisco";"Dupla";"Curva;Aclive";"Não";2;0;1;0;0;3;1;4;-25,01461335;-48,52607246;"SPRF-SP";"DEL05-SP";"UOP02-DEL05-SP"
671748;2025-04-05;"sábado";"12:35:00";"MS";262;476,8;"ANASTACIO";"Condutor Dormindo";"Colisão frontal";"Com Vítimas Feridas";"Pleno dia";"Crescente";"Céu Claro";"Simples";"Reta";"Não";5;0;1;0;3;3;1;6;-20,5074809;-55,68836689;"SPRF-MS";"DEL03-MS";"UOP01-DEL03-MS"
671751;2025-04-05;"sábado";"14:20:00";"ES";101;290;"CARIACICA";"Suicídio (presumido)";"Atropelamento de Pedestre";"Com Vítimas Feridas";"Pleno dia";"Crescente";"Sol";"Dupla";"Reta";"Sim";2;0;0;1;1;0;1;2;-20,29566594;-40,39384246;"SPRF-ES";"DEL01-ES";"UOP01-DEL01-ES"
671754;2025-04-05;"sábado";"13:30:00";"SC";470;34;"GASPAR";"Manobra de mudança de faixa";"Colisão lateral mesmo sentido";"Com Vítimas Feridas";"Pleno dia";"Crescente";"Céu Claro";"Dupla";"Em Obras;Reta";"Não";2;0;2;0;0;0;2;2;-26,91125016;-48,95336151;"SPRF-SC";"DEL04-SC";"UOP01-DEL04-SC"
671755;2025-04-05;"sábado";"09:00:00";"RO";421;79;"CAMPO NOVO DE RONDONIA";"Ausência de reação do condutor";"Colisão traseira";"Com Vítimas Feridas";"Pleno dia";"Decrescente";"Céu Claro";"Simples";"Reta";"Não";2;0;1;0;1;0;1;2;-10,432218;-63,471378;"SPRF-RO";"DEL03-RO";"UOP01-DEL03-RO"
671765;2025-04-05;"sábado";"14:00:00";"GO";60;400;"RIO VERDE";"Ausência de reação do condutor";"Tombamento";"Sem Vítimas";"Pleno dia";"Decrescente";"Céu Claro";"Dupla";"Declive;Curva";"Não";2;0;0;0;1;3;0;4;-17,821588;-51,0654;"SPRF-GO";"DEL04-GO";"UOP02-DEL04-GO"
671766;2025-04-05;"sábado";"15:33:00";"SP";153;219,2;"MARILIA";"Transitar na contramão";"Colisão frontal";"Com Vítimas Fatais";"Pleno dia";"Crescente";"Céu Claro";"Simples";"Reta;Aclive";"Não";8;1;1;2;1;5;3;6;-21,98732;-49,91506;"SPRF-SP";"DEL07-SP";"UOP02-DEL07-SP"
671767;2025-02-24;"segunda-feira";"09:15:00";"MG";365;490,2;"PATROCINIO";"Reação tardia ou ineficiente do condutor";"Derramamento de carga";"Com Vítimas Feridas";"Pleno dia";"Decrescente";"Céu Claro";"Simples";"Reta";"Não";1;0;1;0;0;0;1;1;-18,94460855;-47,29202271;"SPRF-MG";"DEL10-MG";"UOP01-DEL10-MG"
671774;2025-04-05;"sábado";"15:00:00";"MT";70;506;"CUIABA";"Ultrapassagem Indevida";"Colisão lateral mesmo sentido";"Sem Vítimas";"Pleno dia";"Crescente";"Céu Claro";"Simples";"Reta";"Não";2;0;0;0;2;0;0;2;-15,69808661;-56,03095025;"SPRF-MT";"DEL01-MT";"UOP02-DEL01-MT"
671778;2025-04-05;"sábado";"16:00:00";"MT";364;349,8;"SANTO ANTONIO DO LEVERGER";"Reação tardia ou ineficiente do condutor";"Tombamento";"Com Vítimas Feridas";"Pleno dia";"Crescente";"Nublado";"Dupla";"Declive;Curva";"Não";2;0;0;1;0;2;1;3;-15,79345036;-55,58155441;"SPRF-MT";"DEL05-MT";"UOP02-DEL05-MT"
671788;2025-04-05;"sábado";"17:10:00";"RS";392;352;"SANTA MARIA";"Conversão proibida";"Colisão transversal";"Sem Vítimas";"Pleno dia";"Decrescente";"Céu Claro";"Dupla";"Interseção de Vias;Reta";"Sim";3;0;0;0;2;1;0;2;-29,71909458;-53,80828857;"SPRF-RS";"DEL09-RS";"UOP01-DEL09-RS"
671794;2025-04-05;"sábado";"16:20:00";"MG";40;668;"CARANDAI";"Transitar na contramão";"Colisão frontal";"Com Vítimas Fatais";"Pleno dia";"Decrescente";"Nublado";"Simples";"Curva";"Sim";2;1;0;0;0;1;0;2;-20,9567535;-43,7915252;"SPRF-MG";"DEL05-MG";"UOP02-DEL05-MG"
671801;2025-04-05;"sábado";"18:40:00";"ES";101;17,5;"PEDRO CANARIO";"Transitar na contramão";"Colisão frontal";"Com Vítimas Fatais";"Plena Noite";"Crescente";"Céu Claro";"Simples";"Curva";"Não";3;1;0;0;1;1;0;3;-18,309158;-39,957192;"SPRF-ES";"DEL04-ES";"UOP02-DEL04-ES"
671804;2025-04-05;"sábado";"18:55:00";"MG";381;363;"SAO GONCALO DO RIO ABAIXO";"Ausência de reação do condutor";"Capotamento";"Com Vítimas Feridas";"Plena Noite";"Crescente";"Chuva";"Simples";"Curva;Declive";"Não";1;0;0;1;0;0;1;1;-19,857037;-43,219481;"SPRF-MG";"DEL03-MG";"UOP01-DEL03-MG"