"id";"data_inversa";"dia_semana";"horario";"uf";"br";"km";"municipio";"causa_acidente";"tipo_acidente";"classificacao_acidente";"fase_dia";"sentido_via";"condicao_metereologica";"tipo_pista";"tracado_via";"uso_solo";"pessoas";"mortos";"feridos_leves";"feridos_graves";"ilesos";"ignorados";"feridos";"veiculos";"latitude";"longitude";"regional";"delegacia";"uop"
673388;2025-04-13;"domingo";"08:30:00";"MS";267;189;"NOVA ALVORADA DO SUL";"Ingestão de álcool pelo condutor";"Colisão frontal";"Com Vítimas Fatais";"Pleno dia";"Decrescente";"Céu Claro";"Simples";"Reta";"Não";8;1;0;4;2;4;4;7;-21,60089892;-53,84571075;"SPRF-MS";"DEL02-MS";"UOP03-DEL02-MS"
673400;2025-04-13;"domingo";"11:00:00";"GO";153;440;"ANAPOLIS";"Mal súbito do condutor";"Colisão com objeto";"Com Vítimas Feridas";"Pleno dia";"Decrescente";"Céu Claro";"Dupla";"Reta";"Sim";2;0;1;0;0;3;1;4;-16,329347;-48,922128;"SPRF-GO";"DEL02-GO";"UOP01-DEL02-GO"
673411;2025-04-13;"domingo";"12:16:00";"ES";101;372,6;"ICONHA";"Ausência de reação do condutor";"Colisão com objeto";"Com Vítimas Feridas";"Pleno dia";"Crescente";"Céu Claro";"Simples";"Reta";"Não";2;0;1;0;0;1;1;2;-20,777137;-40,779302;"SPRF-ES";"DEL03-ES";"UOP01-DEL03-ES"
673419;2025-04-08;"terça-feira";"23:30:00";"BA";101;895;"CARAVELAS";"Ingestão de álcool pelo condutor";"Colisão frontal";"Com Vítimas Feridas";"Plena Noite";"Crescente";"Chuva";"Simples";"Curva;Aclive";"Não";3;0;1;0;1;1;1;3;-17,688271;-39,773173;"SPRF-BA";"DEL09-BA";"UOP02-DEL09-BA"
673420;2025-04-13;"domingo";"12:45:00";"MG";40;522,9;"CONTAGEM";"Transitar no Acostamento";"Colisão lateral mesmo sentido";"Com Vítimas Feridas";"Pleno dia";"Decrescente";"Céu Claro";"Dupla";"Curva";"Não";4;0;2;0;1;1;2;3;-19,8707715;-44,0465663;"SPRF-MG";"DEL01-MG";"UOP02-DEL01-MG"
673421;2025-04-13;"domingo";"13:00:00";"PR";116;78;"PIRAQUARA";"Condutor deixou de manter distância do veículo da frente";"Colisão traseira";"Com Vítimas Feridas";"Pleno dia";"Decrescente";"Chuva";"Dupla";"Reta";"Não";4;0;0;1;2;1;1;3;-25,402269;-49,056614;"SPRF-PR";"DEL01-PR";"UOP02-DEL01-PR"
673423;2025-03-20;"quinta-feira";"23:40:00";"PR";376;549;"PALMEIRA";"Ausência de reação do condutor";"Colisão traseira";"Com Vítimas Feridas";"Plena Noite";"Crescente";"Céu Claro";"Dupla";"Reta";"Não";5;0;1;2;1;2;3;4;-25,419;-49,77;"SPRF-PR";"DEL03-PR";"UOP03-DEL03-PR"
673424;2025-04-13;"domingo";"09:20:00";"PI";316;166;"ELESBAO VELOSO";"Ingestão de álcool pelo condutor";"Tombamento";"Com Vítimas Fatais";"Pleno dia";"Crescente";"Céu Claro";"Simples";"Reta";"Sim";2;1;0;0;0;1;0;2;-6,226842;-42,062442;"SPRF-PI";"DEL04-PI";"UOP02-DEL04-PI"
673425;2025-04-13;"domingo";"11:29:00";"RS";392;2,2;"RIO GRANDE";"Acessar a via sem observar a presença dos outros veículos";"Colisão lateral mesmo sentido";"Sem Vítimas";"Pleno dia";"Crescente";"Nublado";"Simples";"Rotatória";"Sim";2;0;0;0;2;0;0;2;-32,13046868;-52,11173411;"SPRF-RS";"DEL07-RS";"UOP02-DEL07-RS"
673427;2025-04-13;"domingo";"13:40:00";"RJ";393;250;"BARRA DO PIRAI";"Transitar na contramão";"Colisão lateral sentido oposto";"Com Vítimas Feridas";"Pleno dia";"Decrescente";"Sol";"Simples";"Reta";"Sim";3;0;0;1;1;1;1;3;-22,448853;-43,79695;"SPRF-RJ";"DEL05-RJ";"UOP04-DEL05-RJ"
673431;2025-04-13;"domingo";"04:20:00";"PI";135;515;"GILBUES";"Afundamento ou ondulação no pavimento";"Tombamento";"Com Vítimas Feridas";"Amanhecer";"Decrescente";"Ignorado";"Simples";"Curva;Aclive";"Sim";1;0;1;0;0;0;1;1;-9,83402;-45,343648;"SPRF-PI";"DEL03-PI";"UOP02-DEL03-PI"
673434;2025-04-13;"domingo";"14:45:00";"PR";277;522,3;"GUARANIACU";"Ausência de reação do condutor";"Colisão frontal";"Com Vítimas Feridas";"Pleno dia";"Crescente";"Nublado";"Simples";"Curva";"Não";3;0;0;1;1;1;1;3;-25,10041654;-52,89257227;"SPRF-PR";"DEL04-PR";"UOP04-DEL04-PR"
673435;2025-04-13;"domingo";"15:00:00";"BA";116;654;"JEQUIE";"Condutor deixou de manter distância do veículo da frente";"Engavetamento";"Sem Vítimas";"Pleno dia";"Decrescente";"Céu Claro";"Simples";"Reta";"Não";5;0;0;0;4;3;0;7;-13,69811096;-40,0965786;"SPRF-BA";"DEL03-BA";"UOP01-DEL03-BA"
673437;2025-04-13;"domingo";"14:40:00";"MG";365;692;"MONTE ALEGRE DE MINAS";"Condutor deixou de manter distância do veículo da frente";"Colisão traseira";"Com Vítimas Fatais";"Pleno dia";"Decrescente";"Céu Claro";"Dupla";"Reta";"Não";7;5;0;0;1;3;0;5;-18,877025;-48,921336;"SPRF-MG";"DEL15-MG";"UOP03-DEL15-MG"
673446;2025-04-13;"domingo";"14:55:00";"RN";304;72,2;"MOSSORO";"Demais falhas mecânicas ou elétricas";"Incêndio";"Sem Vítimas";"Pleno dia";"Decrescente";"Céu Claro";"Simples";"Reta";"Não";2;0;0;0;1;2;0;3;-5,41846;-37,212908;"SPRF-RN";"DEL04-RN";"UOP01-DEL04-RN"
673465;2025-04-13;"domingo";"16:15:00";"SC";101;190,8;"BIGUACU";"Chuva";"Colisão com objeto";"Com Vítimas Fatais";"Pleno dia";"Decrescente";"Chuva";"Dupla";"Curva";"Sim";7;1;1;3;2;0;4;2;-27,476775;-48,64064;"SPRF-SC";"DEL01-SC";"UOP01-DEL01-SC"
673468;2025-04-13;"domingo";"10:00:00";"BA";135;211;"SAO DESIDERIO";"Velocidade Incompatível";"Tombamento";"Com Vítimas Feridas";"Pleno dia";"Decrescente";"Sol";"Simples";"Curva";"Não";4;0;1;1;1;2;2;3;-12,378632;-44,954047;"SPRF-BA";"DEL10-BA";"UOP01-DEL10-BA"
673472;2025-04-13;"domingo";"17:40:00";"MG";381;439;"SABARA";"Reação tardia ou ineficiente do condutor";"Colisão frontal";"Com Vítimas Fatais";"Pleno dia";"Decrescente";"Céu Claro";"Simples";"Curva";"Não";5;2;0;0;1;2;0;4;-19,809717;-43,766656;"SPRF-MG";"DEL01-MG";"UOP01-DEL01-MG"
673476;2025-04-13;"domingo";"14:30:00";"MG";50;16;"ARAGUARI";"Carga excessiva e/ou mal acondicionada";"Incêndio";"Com Vítimas Feridas";"Pleno dia";"Crescente";"Nublado";"Dupla";"Reta;Declive";"Não";2;0;1;0;0;1;1;2;-18,55542437;-48,05475713;"SPRF-MG";"DEL15-MG";"UOP02-DEL15-MG"
673478;2025-04-13;"domingo";"17:20:00";"MG";262;365;"JUATUBA";"Animais na Pista";"Atropelamento de Animal";"Com Vítimas Feridas";"Anoitecer";"Crescente";"Céu Claro";"Dupla";"Reta";"Não";3;0;1;1;1;0;2;2;-19,97225226;-44,30917842;"SPRF-MG";"DEL01-MG";"UOP03-DEL01-MG"
673486;2025-04-13;"domingo";"14:00:00";"BA";116;218;"EUCLIDES DA CUNHA";"Ausência de reação do condutor";"Colisão lateral sentido oposto";"Com Vítimas Feridas";"Pleno dia";"Crescente";"Céu Claro";"Simples";"Reta";"Não";2;0;1;0;1;0;1;2;-10,524794;-39,003466;"SPRF-BA";"DEL07-BA";"UOP03-DEL07-BA"
673488;2025-04-10;"quinta-feira";"16:50:00";"DF";20;53;"BRASILIA";"Velocidade Incompatível";"Colisão transversal";"Com Vítimas Feridas";"Pleno dia";"Crescente";"Céu Claro";"Dupla";"Declive";"Sim";3;0;1;0;1;2;1;4;-15,581864;-47,521973;"SPRF-DF";"DEL02-DF";"UOP01-DEL02-DF"
673493;2025-03-19;"quarta-feira";"17:35:00";"PB";101;125,4;"CAAPORA";"Reação tardia ou ineficiente do condutor";"Colisão traseira";"Com Vítimas Feridas";"Plena Noite";"Crescente";"Céu Claro";"Dupla";"Reta";"Não";2;0;1;0;0;1;1;2;-7,49353686;-34,98287201;"SPRF-PB";"DEL01-PB";"UOP01-DEL01-PB"
673497;2025-04-13;"domingo";"18:00:00";"PR";163;53;"PEROLA DOESTE";"Velocidade Incompatível";"Tombamento";"Com Vítimas Fatais";"Plena Noite";"Crescente";"Ignorado";"Simples";"Curva";"Não";4;1;2;0;0;1;2;2;-25,9250724;-53,7508464;"SPRF-PR";"DEL02-PR";"UOP02-DEL02-PR"
673501;2025-04-13;"domingo";"16:40:00";"PR";476;255;"ANTONIO OLINTO";"Velocidade Incompatível";"Tombamento";"Com Vítimas Feridas";"Pleno dia";"Decrescente";"Chuva";"Simples";"Reta";"Não";2;0;1;0;0;1;1;2;-25,88887858;-50,21318436;"SPRF-PR";"DEL02-PR";"UOP03-DEL02-PR"
673510;2025-04-13;"domingo";"19:00:00";"BA";110;242;"OLINDINA";"Acessar a via sem observar a presença dos outros veículos";"Colisão transversal";"Com Vítimas Feridas";"Plena Noite";"Decrescente";"Céu Claro";"Simples";"Interseção de Vias";"Sim";3;0;1;0;1;1;1;3;-11,365252;-38,32595;"SPRF-BA";"DEL01-BA";"UOP04-DEL01-BA"
673515;2025-04-13;"domingo";"16:10:00";"MG";116;576;"MANHUACU";"Reação tardia ou ineficiente do condutor";"Saída de leito carroçável";"Sem Vítimas";"Pleno dia";"Crescente";"Céu Claro";"Simples";"Curva";"Não";2;0;0;0;1;1;0;2;-20,22543572;-42,17775822;"SPRF-MG";"DEL06-MG";"UOP03-DEL06-MG"
673521;2025-04-13;"domingo";"21:25:00";"RJ";116;179;"NOVA IGUACU";"Ingestão de álcool pelo condutor";"Colisão traseira";"Com Vítimas Feridas";"Plena Noite";"Decrescente";"Nublado";"Dupla";"Reta";"Sim";2;0;1;0;1;0;1;2;-22,75971981;-43,4262085;"SPRF-RJ";"DEL06-RJ";"UOP01-DEL06-RJ"
673526;2025-04-13;"domingo";"20:00:00";"RS";285;105,7;"VACARIA";"Pedestre andava na pista";"Atropelamento de Pedestre";"Com Vítimas Fatais";"Plena Noite";"Crescente";"Nublado";"Simples";"Reta";"Não";2;1;0;0;1;0;0;2;-28,533247;-50,801271;"SPRF-RS";"DEL05-RS";"UOP03-DEL05-RS"
673541;2025-04-13;"domingo";"22:30:00";"RJ";101;277;"RIO BONITO";"Acessar a via sem observar a presença dos outros veículos";"Colisão traseira";"Com Vítimas Feridas";"Plena Noite";"Crescente";"Nublado";"Dupla";"Reta";"Sim";3;0;1;0;2;0;1;2;-22,715007;-42,6790457;"SPRF-RJ";"DEL02-RJ";"UOP03-DEL02-RJ"
673555;2025-04-13;"domingo";"23:45:00";"PR";277;664,5;"MEDIANEIRA";"Reação tardia ou ineficiente do condutor";"Colisão com objeto";"Com Vítimas Feridas";"Plena Noite";"Crescente";"Nublado";"Dupla";"Ponte";"Não";2;0;1;0;1;0;1;2;-25,253803;-54,032912;"SPRF-PR";"DEL05-PR";"UOP02-DEL05-PR"
673566;2025-04-14;"segunda-feira";"00:05:00";"MT";163;1040;"MATUPA";"Transitar na contramão";"Colisão frontal";"Com Vítimas Fatais";"Plena Noite";"Decrescente";"Céu Claro";"Simples";"Declive";"Sim";9;5;0;0;3;3;0;6;-10,15837821;-54,93404026;"SPRF-MT";"DEL06-MT";"UOP03-DEL06-MT"
673570;2025-04-14;"segunda-feira";"04:55:00";"BA";116;463;"SANTO ESTEVAO";"Demais falhas mecânicas ou elétricas";"Colisão com objeto";"Com Vítimas Feridas";"Amanhecer";"Decrescente";"Céu Claro";"Dupla";"Reta;Viaduto";"Não";6;0;3;1;1;2;4;4;-12,45524603;-39,26039457;"SPRF-BA";"DEL02-BA";"UOP01-DEL02-BA"
673574;2025-04-14;"segunda-feira";"03:30:00";"SP";116;568;"BARRA DO TURVO";"Reação tardia ou ineficiente do condutor";"Colisão traseira";"Com Vítimas Feridas";"Plena Noite";"Crescente";"Chuva";"Simples";"Curva";"Não";3;0;1;0;1;1;1;2;-25,05741317;-48,55586484;"SPRF-SP";"DEL05-SP";"UOP02-DEL05-SP"
673576;2025-04-14;"segunda-feira";"05:50:00";"PR";369;439,7;"UBIRATA";"Condutor Dormindo";"Colisão com objeto";"Sem Vítimas";"Amanhecer";"Decrescente";"Nevoeiro/Neblina";"Simples";"Reta";"Não";5;0;0;0;5;0;0;2;-24,55425936;-53,00660044;"SPRF-PR";"DEL04-PR";"UOP03-DEL04-PR"
673584;2025-04-14;"segunda-feira";"06:15:00";"RS";158;309,2;"ITAARA";"Transitar na contramão";"Colisão frontal";"Com Vítimas Fatais";"Amanhecer";"Decrescente";"Céu Claro";"Simples";"Reta;Declive";"Sim";2;1;0;0;1;0;0;2;-29,60699688;-53,76544833;"SPRF-RS";"DEL09-RS";"UOP01-DEL09-RS"
673595;2025-04-14;"segunda-feira";"07:00:00";"RJ";101;106;"CAMPOS DOS GOYTACAZES";"Manobra de mudança de faixa";"Colisão lateral mesmo sentido";"Com Vítimas Feridas";"Pleno dia";"Decrescente";"Céu Claro";"Dupla";"Reta";"Não";2;0;1;0;1;0;1;2;-21,927818;-41,624212;"SPRF-RJ";"DEL08-RJ";"UOP02-DEL08-RJ"
673600;2025-04-14;"segunda-feira";"08:00:00";"SP";116;288;"ITAPECERICA DA SERRA";"Trafegar com motocicleta (ou similar) entre as faixas";"Queda de ocupante de veículo";"Com Vítimas Feridas";"Pleno dia";"Decrescente";"Garoa/Chuvisco";"Dupla";"Reta";"Sim";2;0;1;0;1;0;1;2;-23,69369369;-46,8500393;"SPRF-SP";"DEL04-SP";"UOP01-DEL04-SP"
673623;2025-04-14;"segunda-feira";"09:10:00";"BA";324;619,3;"SALVADOR";"Reação tardia ou ineficiente do condutor";"Colisão traseira";"Com Vítimas Feridas";"Pleno dia";"Decrescente";"Céu Claro";"Múltipla";"Reta";"Sim";3;0;2;0;0;1;2;2;-12,90905564;-38,45789909;"SPRF-BA";"DEL01-BA";"UOP01-DEL01-BA"
673634;2025-03-31;"segunda-feira";"06:30:00";"GO";60;90,8;"ANAPOLIS";"Condutor deixou de manter distância do veículo da frente";"Colisão traseira";"Sem Vítimas";"Amanhecer";"Crescente";"Céu Claro";"Simples";"Reta";"Sim";3;0;0;0;2;1;0;3;-16,34423186;-48,9038372;"SPRF-GO";"DEL02-GO";"UOP01-DEL02-GO"
673639;2025-04-02;"quarta-feira";"17:00:00";"RJ";101;465;"MANGARATIBA";"Reação tardia ou ineficiente do condutor";"Colisão frontal";"Com Vítimas Fatais";"Pleno dia";"Decrescente";"Céu Claro";"Simples";"Curva";"Não";2;1;0;0;1;0;0;2;-23,00587;-44,1245;"SPRF-RJ";"DEL03-RJ";"UOP03-DEL03-RJ"
673641;2025-04-14;"segunda-feira";"11:10:00";"SC";280;193,1;"MAFRA";"Transitar na contramão";"Colisão frontal";"Com Vítimas Fatais";"Pleno dia";"Crescente";"Céu Claro";"Simples";"Aclive;Reta";"Não";4;1;0;0;2;2;0;5;-26,1772775;-50,0076781;"SPRF-SC";"DEL06-SC";"UOP01-DEL06-SC"
673647;2025-04-14;"segunda-feira";"11:15:00";"PB";101;84,3;"BAYEUX";"Reação tardia ou ineficiente do condutor";"Colisão traseira";"Com Vítimas Feridas";"Pleno dia";"Decrescente";"Sol";"Dupla";"Reta";"Sim";4;0;1;0;1;4;1;6;-7,14138081;-34,92091175;"SPRF-PB";"DEL01-PB";"UOP01-DEL01-PB"
673652;2025-04-14;"segunda-feira";"10:40:00";"RS";472;184,1;"SANTO CRISTO";"Manobra de mudança de faixa";"Colisão frontal";"Com Vítimas Fatais";"Pleno dia";"Crescente";"Céu Claro";"Simples";"Reta";"Não";3;1;0;0;1;1;0;3;-27,83784;-54,59974;"SPRF-RS";"DEL10-RS";"UOP01-DEL10-RS"
673654;2025-04-14;"segunda-feira";"11:45:00";"MG";40;464,3;"SETE LAGOAS";"Reação tardia ou ineficiente do condutor";"Saída de leito carroçável";"Sem Vítimas";"Pleno dia";"Crescente";"Nublado";"Dupla";"Aclive;Curva";"Não";1;0;0;0;1;0;0;1;-19,432974;-44,335716;"SPRF-MG";"DEL02-MG";"UOP01-DEL02-MG"
673656;2025-02-01;"sábado";"16:08:00";"PA";163;380;"NOVO PROGRESSO";"Pista Escorregadia";"Colisão lateral sentido oposto";"Sem Vítimas";"Pleno dia";"Decrescente";"Chuva";"Simples";"Reta";"Não";2;0;0;0;2;0;0;2;-6,47115969;-55,55424752;"SPRF-PA";"DEL06-PA";"UOP02-DEL06-PA"
673660;2025-04-14;"segunda-feira";"12:30:00";"GO";60;7;"SANTO ANTONIO DO DESCOBERTO";"Velocidade Incompatível";"Saída de leito carroçável";"Com Vítimas Feridas";"Pleno dia";"Crescente";"Chuva";"Dupla";"Curva";"Não";7;0;2;2;1;2;4;4;-16,102875;-48,290407;"SPRF-DF";"DEL03-DF";"UOP01-DEL03-DF"
673664;2025-04-14;"segunda-feira";"08:20:00";"PR";153;123,3;"IBAITI";"Demais falhas mecânicas ou elétricas";"Incêndio";"Sem Vítimas";"Pleno dia";"Decrescente";"Céu Claro";"Simples";"Reta";"Não";2;0;0;0;1;1;0;2;-23,95074793;-50,23821831;"SPRF-PR";"DEL07-PR";"UOP04-DEL07-PR"
673669;2025-04-14;"segunda-feira";"12:00:00";"RS";158;319;"SANTA MARIA";"Demais falhas mecânicas ou elétricas";"Incêndio";"Sem Vítimas";"Pleno dia";"Decrescente";"Céu Claro";"Dupla";"Reta";"Não";2;0;0;0;1;2;0;3;-29,67918855;-53,77749681;"SPRF-RS";"DEL09-RS";"UOP01-DEL09-RS"
673670;2025-04-14;"segunda-feira";"12:55:00";"PA";316;35;"SANTA IZABEL DO PARA";"Acessar a via sem observar a presença dos outros veículos";"Tombamento";"Com Vítimas Feridas";"Pleno dia";"Decrescente";"Nublado";"Dupla";"Reta";"Sim";3;0;1;0;1;2;1;4;-1,290593;-48,156373;"SPRF-PA";"DEL01-PA";"UOP01-DEL01-PA"
673674;2025-04-14;"segunda-feira";"13:05:00";"SC";282;111,4;"SAO BENTO DO SUL";"Acessar a via sem observar a presença dos outros veículos";"Colisão transversal";"Sem Vítimas";"Pleno dia";"Crescente";"Garoa/Chuvisco";"Simples";"Curva;Interseção de Vias;Declive";"Não";4;0;0;0;3;1;0;3;-26,308727;-49,388108;"SPRF-SC";"DEL01-SC";"UOP03-DEL01-SC"
673677;2025-04-12;"sábado";"19:00:00";"BA";101;483;"ILHEUS";"Trafegar com motocicleta (ou similar) entre as faixas";"Saída de leito carroçável";"Com Vítimas Feridas";"Plena Noite";"Decrescente";"Céu Claro";"Simples";"Reta";"Não";2;0;1;0;0;1;1;2;-14,634037;-39,335216;"SPRF-BA";"DEL05-BA";"UOP01-DEL05-BA"
673679;2025-04-14;"segunda-feira";"15:20:00";"RJ";116;174;"RIO DE JANEIRO";"Trafegar com motocicleta (ou similar) entre as faixas";"Colisão lateral mesmo sentido";"Com Vítimas Feridas";"Pleno dia";"Crescente";"Céu Claro";"Múltipla";"Reta";"Sim";2;0;0;1;0;1;1;2;-22,8044568;-43,3451809;"SPRF-RJ";"DEL06-RJ";"UOP01-DEL06-RJ"
673680;2025-04-14;"segunda-feira";"15:00:00";"MG";381;352;"JOAO MONLEVADE";"Pista Escorregadia";"Colisão frontal";"Com Vítimas Feridas";"Pleno dia";"Crescente";"Garoa/Chuvisco";"Simples";"Curva";"Não";3;0;1;0;1;1;1;3;-19,86;-43,122;"SPRF-MG";"DEL03-MG";"UOP01-DEL03-MG"
673681;2025-04-14;"segunda-feira";"14:20:00";"SC";470;62;"BLUMENAU";"Acessar a via sem observar a presença dos outros veículos";"Colisão transversal";"Com Vítimas Feridas";"Pleno dia";"Decrescente";"Nublado";"Simples";"Reta";"Sim";2;0;0;1;1;0;1;2;-26,88179432;-49,16375935;"SPRF-SC";"DEL04-SC";"UOP01-DEL04-SC"
673685;2025-04-14;"segunda-feira";"14:55:00";"PE";104;119,4;"PANELAS";"Velocidade Incompatível";"Colisão com objeto";"Com Vítimas Fatais";"Pleno dia";"Crescente";"Céu Claro";"Simples";"Curva";"Não";1;1;0;0;0;0;0;1;-8,69819;-36,02188;"SPRF-PE";"DEL02-PE";"UOP03-DEL02-PE"
673687;2025-04-14;"segunda-feira";"11:55:00";"PA";155;329;"MARABA";"Reação tardia ou ineficiente do condutor";"Colisão transversal";"Com Vítimas Feridas";"Pleno dia";"Decrescente";"Céu Claro";"Simples";"Reta";"Sim";3;0;1;1;0;1;2;3;-5,374508;-49,077132;"SPRF-PA";"DEL03-PA";"UOP01-DEL03-PA"
673688;2025-04-14;"segunda-feira";"13:50:00";"MS";262;130,5;"AGUA CLARA";"Acostamento em desnível";"Tombamento";"Com Vítimas Feridas";"Pleno dia";"Crescente";"Sol";"Simples";"Reta";"Não";2;0;1;0;0;1;1;2;-20,487714;-52,773415;"SPRF-MS";"DEL07-MS";"UOP02-DEL07-MS"
673689;2025-04-14;"segunda-feira";"16:10:00";"RJ";116;309;"RESENDE";"Acessar a via sem observar a presença dos outros veículos";"Colisão lateral mesmo sentido";"Sem Vítimas";"Pleno dia";"Decrescente";"Sol";"Dupla";"Reta";"Não";4;0;0;0;2;3;0;5;-22,45814984;-44,4223423;"SPRF-RJ";"DEL07-RJ";"UOP02-DEL07-RJ"
673695;2025-04-14;"segunda-feira";"16:10:00";"MG";381;751;"TRES CORACOES";"Ausência de reação do condutor";"Queda de ocupante de veículo";"Com Vítimas Feridas";"Pleno dia";"Decrescente";"Céu Claro";"Dupla";"Reta";"Não";3;0;0;1;1;1;1;3;-21,645131;-45,294265;"SPRF-MG";"DEL16-MG";"UOP02-DEL16-MG"
673696;2025-04-14;"segunda-feira";"16:10:00";"MG";50;175,6;"UBERABA";"Condutor deixou de manter distância do veículo da frente";"Colisão lateral mesmo sentido";"Sem Vítimas";"Pleno dia";"Decrescente";"Céu Claro";"Dupla";"Reta";"Sim";2;0;0;0;2;0;0;2;-19,7792384;-47,9649126;"SPRF-MG";"DEL13-MG";"UOP01-DEL13-MG"
673700;2025-02-21;"sexta-feira";"08:10:00";"MG";381;2;"BETIM";"Ausência de reação do condutor";"Saída de leito carroçável";"Com Vítimas Feridas";"Pleno dia";"Crescente";"Céu Claro";"Dupla";"Reta";"Sim";2;0;1;0;1;0;1;2;-19,98967868;-44,1898831;"SPRF-MG";"DEL01-MG";"UOP03-DEL01-MG"
673702;2025-04-14;"segunda-feira";"16:10:00";"RS";392;352;"SANTA MARIA";"Pedestre - Ingestão de álcool/ substâncias psicoativas";"Queda de ocupante de veículo";"Com Vítimas Feridas";"Pleno dia";"Crescente";"Céu Claro";"Múltipla";"Interseção de Vias;Reta";"Sim";4;0;0;1;0;3;1;3;-29,721437;-53,807078;"SPRF-RS";"DEL09-RS";"UOP01-DEL09-RS"
673704;2025-04-14;"segunda-feira";"15:17:00";"MS";267;28;"BATAGUASSU";"Ausência de reação do condutor";"Colisão traseira";"Sem Vítimas";"Pleno dia";"Decrescente";"Céu Claro";"Dupla";"Reta";"Sim";2;0;0;0;2;0;0;2;-21,721071;-52,414692;"SPRF-MS";"DEL02-MS";"UOP04-DEL02-MS"
673706;2025-04-14;"segunda-feira";"16:45:00";"BA";116;19,1;"VITORIA DA CONQUISTA";"Acessar a via sem observar a presença dos outros veículos";"Colisão transversal";"Com Vítimas Feridas";"Pleno dia";"Crescente";"Nublado";"Simples";"Interseção de Vias;Reta";"Não";4;0;2;0;1;2;2;4;-14,89645856;-40,82718379;"SPRF-BA";"DEL08-BA";"UOP01-DEL08-BA"
673707;2025-04-14;"segunda-feira";"15:50:00";"SP";153;285,6;"OCAUCU";"Mal súbito do condutor";"Colisão frontal";"Com Vítimas Fatais";"Pleno dia";"Crescente";"Céu Claro";"Simples";"Aclive";"Não";3;2;0;1;0;0;1;2;-22,460586;-49,87696;"SPRF-SP";"DEL07-SP";"UOP02-DEL07-SP"
673710;2025-04-14;"segunda-feira";"17:40:00";"SP";116;203;"ARUJA";"Reação tardia ou ineficiente do condutor";"Colisão lateral mesmo sentido";"Com Vítimas Feridas";"Plena Noite";"Decrescente";"Nublado";"Múltipla";"Aclive;Reta";"Não";2;0;1;0;0;1;1;2;-23,41325663;-46,35635233;"SPRF-SP";"DEL01-SP";"UOP01-DEL01-SP"
673712;2025-04-14;"segunda-feira";"16:45:00";"PR";116;12;"COLOMBO";"Condutor deixou de manter distância do veículo da frente";"Colisão traseira";"Com Vítimas Feridas";"Anoitecer";"Decrescente";"Nublado";"Simples";"Declive;Interseção de Vias;Viaduto";"Sim";2;0;1;0;1;0;1;2;-25,376;-49,151;"SPRF-PR";"DEL01-PR";"UOP02-DEL01-PR"
673714;2025-04-14;"segunda-feira";"17:40:00";"ES";262;101,7;"VENDA NOVA DO IMIGRANTE";"Demais falhas mecânicas ou elétricas";"Tombamento";"Com Vítimas Feridas";"Anoitecer";"Crescente";"Nublado";"Simples";"Curva";"Não";1;0;1;0;0;0;1;1;-20,342482;-41,1137447;"SPRF-ES";"DEL01-ES";"UOP02-DEL01-ES"
673716;2025-04-14;"segunda-feira";"18:20:00";"MG";40;444;"PARAOPEBA";"Carga excessiva e/ou mal acondicionada";"Tombamento";"Com Vítimas Feridas";"Anoitecer";"Crescente";"Céu Claro";"Dupla";"Curva";"Não";2;0;1;0;0;1;1;2;-19,288902;-44,408432;"SPRF-MG";"DEL02-MG";"UOP01-DEL02-MG"
673720;2025-04-14;"segunda-feira";"18:30:00";"PI";230;166,6;"SAO JOAO DA VARJOTA";"Reação tardia ou ineficiente do condutor";"Colisão traseira";"Com Vítimas Feridas";"Plena Noite";"Crescente";"Céu Claro";"Simples";"Reta";"Não";3;0;0;1;1;1;1;3;-6,929953;-41,873882;"SPRF-PI";"DEL04-PI";"UOP01-DEL04-PI"
673722;2025-04-14;"segunda-feira";"18:10:00";"PR";116;9,9;"COLOMBO";"Manobra de mudança de faixa";"Colisão lateral mesmo sentido";"Com Vítimas Feridas";"Anoitecer";"Decrescente";"Nublado";"Dupla";"Reta";"Sim";4;0;1;0;2;1;1;3;-25,371012;-49,1266;"SPRF-PR";"DEL01-PR";"UOP02-DEL01-PR"
673723;2025-04-14;"segunda-feira";"18:45:00";"MG";40;447,3;"CAETANOPOLIS";"Desrespeitar a preferência no cruzamento";"Colisão frontal";"Com Vítimas Feridas";"Plena Noite";"Crescente";"Nublado";"Simples";"Reta;Interseção de Vias";"Sim";3;0;0;1;1;1;1;3;-19,29665;-44,38161;"SPRF-MG";"DEL02-MG";"UOP01-DEL02-MG"
673725;2025-04-14;"segunda-feira";"18:45:00";"GO";20;4,7;"FORMOSA";"Chuva";"Colisão frontal";"Sem Vítimas";"Plena Noite";"Crescente";"Chuva";"Simples";"Declive;Em Obras";"Sim";3;0;0;0;2;2;0;4;-15,5564955;-47,3094121;"SPRF-DF";"DEL02-DF";"UOP02-DEL02-DF"
673731;2025-04-14;"segunda-feira";"19:28:00";"PA";163;975;"SANTAREM";"Ausência de reação do condutor";"Colisão traseira";"Com Vítimas Feridas";"Plena Noite";"Crescente";"Céu Claro";"Simples";"Reta";"Não";3;0;1;0;1;2;1;4;-2,64371;-54,7876;"SPRF-PA";"DEL05-PA";"UOP01-DEL05-PA"