"id";"data_inversa";"dia_semana";"horario";"uf";"br";"km";"municipio";"causa_acidente";"tipo_acidente";"classificacao_acidente";"fase_dia";"sentido_via";"condicao_metereologica";"tipo_pista";"tracado_via";"uso_solo";"pessoas";"mortos";"feridos_leves";"feridos_graves";"ilesos";"ignorados";"feridos";"veiculos";"latitude";"longitude";"regional";"delegacia";"uop"
673733;2025-04-14;"segunda-feira";"19:50:00";"SC";101;131,5;"CAMBORIU";"Condutor deixou de manter distância do veículo da frente";"Colisão traseira";"Com Vítimas Feridas";"Plena Noite";"Decrescente";"Céu Claro";"Dupla";"Reta";"Sim";3;0;1;0;1;3;1;5;-26,99464;-48,65925;"SPRF-SC";"DEL04-SC";"UOP03-DEL04-SC"
673734;2025-04-14;"segunda-feira";"19:30:00";"MG";50;47;"ARAGUARI";"Velocidade Incompatível";"Colisão com objeto";"Com Vítimas Feridas";"Plena Noite";"Crescente";"Céu Claro";"Dupla";"Declive;Curva";"Não";1;0;1;0;0;0;1;1;-18,732557;-48,210185;"SPRF-MG";"DEL15-MG";"UOP02-DEL15-MG"
673737;2025-04-14;"segunda-feira";"15:10:00";"PA";10;303;"IRITUIA";"Carga excessiva e/ou mal acondicionada";"Tombamento";"Com Vítimas Feridas";"Pleno dia";"Decrescente";"Nublado";"Simples";"Reta";"Sim";2;0;1;0;0;2;1;3;-1,780013;-47,513492;"SPRF-PA";"DEL02-PA";"UOP01-DEL02-PA"
673740;2025-04-14;"segunda-feira";"19:30:00";"SC";470;9;"ILHOTA";"Demais falhas mecânicas ou elétricas";"Incêndio";"Sem Vítimas";"Plena Noite";"Decrescente";"Nublado";"Dupla";"Reta";"Não";1;0;0;0;1;0;0;1;-26,86373461;-48,81482363;"SPRF-SC";"DEL04-SC";"UOP04-DEL04-SC"
673744;2025-04-14;"segunda-feira";"19:40:00";"MG";251;472,4;"FRANCISCO SA";"Demais falhas mecânicas ou elétricas";"Colisão com objeto";"Com Vítimas Fatais";"Plena Noite";"Crescente";"Céu Claro";"Simples";"Curva;Declive";"Não";1;1;0;0;0;0;0;1;-16,4727758;-43,4733577;"SPRF-MG";"DEL12-MG";"UOP01-DEL12-MG"
673745;2025-04-14;"segunda-feira";"18:40:00";"SC";116;181,4;"SAO CRISTOVAO DO SUL";"Transitar na contramão";"Colisão frontal";"Com Vítimas Fatais";"Plena Noite";"Decrescente";"Nublado";"Simples";"Curva";"Não";3;1;0;0;1;1;0;3;-27,276957;-50,436276;"SPRF-SC";"DEL05-SC";"UOP03-DEL05-SC"
673751;2025-04-07;"segunda-feira";"20:50:00";"MG";381;769,3;"CAMPANHA";"Ausência de reação do condutor";"Colisão traseira";"Com Vítimas Feridas";"Plena Noite";"Decrescente";"Nublado";"Dupla";"Curva";"Não";3;0;2;0;1;0;2;2;-21,75723;-45,405709;"SPRF-MG";"DEL16-MG";"UOP02-DEL16-MG"
673752;2025-04-14;"segunda-feira";"21:30:00";"BA";116;735;"BOA NOVA";"Velocidade Incompatível";"Tombamento";"Com Vítimas Feridas";"Plena Noite";"Decrescente";"Céu Claro";"Simples";"Declive;Interseção de Vias";"Sim";2;0;0;1;0;1;1;2;-14,351097;-40,334098;"SPRF-BA";"DEL08-BA";"UOP02-DEL08-BA"
673754;2025-04-14;"segunda-feira";"19:20:00";"SC";280;261,3;"CANOINHAS";"Ultrapassagem Indevida";"Colisão frontal";"Com Vítimas Fatais";"Anoitecer";"Crescente";"Céu Claro";"Simples";"Curva;Aclive";"Não";3;1;1;1;0;0;2;2;-26,2618124;-50,6417544;"SPRF-SC";"DEL06-SC";"UOP04-DEL06-SC"
673757;2025-04-14;"segunda-feira";"10:15:00";"RJ";116;54,4;"TERESOPOLIS";"Ausência de reação do condutor";"Tombamento";"Com Vítimas Feridas";"Pleno dia";"Decrescente";"Céu Claro";"Simples";"Reta";"Não";2;0;2;0;0;0;2;1;-22,20628;-42,878678;"SPRF-RJ";"DEL04-RJ";"UOP01-DEL04-RJ"
673758;2025-04-15;"terça-feira";"00:01:00";"ES";101;199;"ARACRUZ";"Reação tardia ou ineficiente do condutor";"Engavetamento";"Com Vítimas Feridas";"Plena Noite";"Crescente";"Nublado";"Simples";"Reta";"Não";4;0;0;1;2;2;1;5;-19,70215553;-40,32475638;"SPRF-ES";"DEL04-ES";"UOP01-DEL04-ES"
673759;2025-04-15;"terça-feira";"00:00:00";"DF";20;35;"BRASILIA";"Condutor Dormindo";"Saída de leito carroçável";"Com Vítimas Feridas";"Plena Noite";"Crescente";"Céu Claro";"Dupla";"Reta";"Não";1;0;1;0;0;0;1;1;-15,58206779;-47,55537271;"SPRF-DF";"DEL02-DF";"UOP01-DEL02-DF"
673760;2025-04-14;"segunda-feira";"21:40:00";"BA";101;410;"IBIRAPITANGA";"Transitar na contramão";"Colisão lateral sentido oposto";"Sem Vítimas";"Plena Noite";"Crescente";"Céu Claro";"Simples";"Reta";"Não";3;0;0;0;2;2;0;4;-14,080985;-39,381988;"SPRF-BA";"DEL05-BA";"UOP03-DEL05-BA"
673761;2025-04-15;"terça-feira";"00:00:00";"SP";116;462;"PARIQUERA-ACU";"Ausência de reação do condutor";"Colisão traseira";"Com Vítimas Feridas";"Plena Noite";"Decrescente";"Nublado";"Dupla";"Reta";"Não";2;0;1;0;1;0;1;2;-24,63458598;-47,90784314;"SPRF-SP";"DEL05-SP";"UOP01-DEL05-SP"
673762;2025-04-14;"segunda-feira";"21:30:00";"ES";101;372,5;"ICONHA";"Ultrapassagem Indevida";"Colisão frontal";"Sem Vítimas";"Plena Noite";"Crescente";"Nublado";"Simples";"Reta";"Não";3;0;0;0;2;2;0;4;-20,77239177;-40,77697785;"SPRF-ES";"DEL03-ES";"UOP01-DEL03-ES"
673764;2025-04-15;"terça-feira";"00:24:00";"PB";101;88;"JOAO PESSOA";"Mal súbito do condutor";"Colisão traseira";"Com Vítimas Feridas";"Plena Noite";"Decrescente";"Céu Claro";"Dupla";"Reta";"Sim";3;0;1;0;1;2;1;4;-7,168;-34,897;"SPRF-PB";"DEL01-PB";"UOP01-DEL01-PB"
673765;2025-04-15;"terça-feira";"04:15:00";"MG";251;472,2;"FRANCISCO SA";"Demais falhas mecânicas ou elétricas";"Saída de leito carroçável";"Com Vítimas Feridas";"Plena Noite";"Crescente";"Garoa/Chuvisco";"Simples";"Curva";"Não";2;0;0;1;0;2;1;3;-16,471;-43,426;"SPRF-MG";"DEL12-MG";"UOP01-DEL12-MG"
673766;2025-04-15;"terça-feira";"04:05:00";"MS";163;120,5;"NAVIRAI";"Acessar a via sem observar a presença dos outros veículos";"Colisão transversal";"Com Vítimas Feridas";"Plena Noite";"Crescente";"Céu Claro";"Simples";"Curva";"Não";4;0;0;2;1;2;2;4;-23,1127191;-54,2199295;"SPRF-MS";"DEL09-MS";"UOP01-DEL09-MS"
673775;2025-04-15;"terça-feira";"07:05:00";"SC";470;168;"RIO DO SUL";"Ausência de reação do condutor";"Saída de leito carroçável";"Com Vítimas Feridas";"Pleno dia";"Crescente";"Nublado";"Simples";"Aclive;Reta";"Não";2;0;1;0;0;2;1;3;-27,1722281;-49,5810873;"SPRF-SC";"DEL04-SC";"UOP02-DEL04-SC"
673780;2025-04-15;"terça-feira";"00:15:00";"RO";364;411;"JARU";"Condutor deixou de manter distância do veículo da frente";"Colisão frontal";"Sem Vítimas";"Plena Noite";"Decrescente";"Nublado";"Simples";"Reta;Aclive";"Não";3;0;0;0;3;0;0;2;-10,52378235;-62,39374903;"SPRF-RO";"DEL03-RO";"UOP02-DEL03-RO"
673781;2025-04-15;"terça-feira";"07:50:00";"RS";285;459,5;"IJUI";"Condutor deixou de manter distância do veículo da frente";"Colisão lateral mesmo sentido";"Sem Vítimas";"Pleno dia";"Decrescente";"Céu Claro";"Simples";"Reta";"Não";3;0;0;0;2;3;0;5;-28,41252135;-53,90759468;"SPRF-RS";"DEL10-RS";"UOP01-DEL10-RS"
673782;2025-04-05;"sábado";"09:10:00";"SC";470;136;"RIO DO SUL";"Acumulo de areia ou detritos sobre o pavimento";"Colisão com objeto";"Sem Vítimas";"Pleno dia";"Crescente";"Céu Claro";"Simples";"Reta";"Não";2;0;0;0;1;1;0;2;-27,18533032;-49,60531533;"SPRF-SC";"DEL04-SC";"UOP02-DEL04-SC"
673794;2025-04-15;"terça-feira";"05:56:00";"PE";101;85;"JABOATAO DOS GUARARAPES";"Ausência de reação do condutor";"Colisão frontal";"Com Vítimas Feridas";"Pleno dia";"Decrescente";"Sol";"Dupla";"Reta";"Não";3;0;1;1;0;1;2;3;-8,18374;-34,96458;"SPRF-PE";"DEL01-PE";"UOP01-DEL01-PE"
673795;2025-04-15;"terça-feira";"07:36:00";"PE";232;248,8;"ARCOVERDE";"Pedestre andava na pista";"Atropelamento de Pedestre";"Com Vítimas Feridas";"Pleno dia";"Crescente";"Sol";"Simples";"Aclive;Reta";"Não";3;0;0;1;1;2;1;4;-8,42334;-37,043392;"SPRF-PE";"DEL04-PE";"UOP02-DEL04-PE"
673796;2025-04-15;"terça-feira";"04:30:00";"SC";280;115,4;"SAO BENTO DO SUL";"Velocidade Incompatível";"Tombamento";"Com Vítimas Feridas";"Plena Noite";"Crescente";"Céu Claro";"Simples";"Curva";"Sim";2;0;1;0;0;1;1;2;-26,282513;-49,411706;"SPRF-SC";"DEL06-SC";"UOP03-DEL06-SC"
673798;2025-04-15;"terça-feira";"09:00:00";"BA";116;490;"RAFAEL JAMBEIRO";"Ausência de reação do condutor";"Colisão traseira";"Com Vítimas Feridas";"Pleno dia";"Decrescente";"Céu Claro";"Dupla";"Aclive;Reta";"Não";6;0;3;0;2;4;3;6;-12,566564;-39,485119;"SPRF-BA";"DEL02-BA";"UOP01-DEL02-BA"
673800;2025-04-15;"terça-feira";"09:20:00";"RS";116;523,6;"PELOTAS";"Manobra de mudança de faixa";"Colisão lateral mesmo sentido";"Sem Vítimas";"Pleno dia";"Decrescente";"Nublado";"Múltipla";"Reta";"Sim";2;0;0;0;2;0;0;2;-31,726645;-52,385613;"SPRF-RS";"DEL07-RS";"UOP01-DEL07-RS"
673803;2025-04-15;"terça-feira";"07:50:00";"MS";163;599,3;"BANDEIRANTES";"Manobra de mudança de faixa";"Saída de leito carroçável";"Com Vítimas Feridas";"Pleno dia";"Crescente";"Céu Claro";"Dupla";"Reta";"Não";4;0;1;0;2;3;1;5;-19,502947;-54,476269;"SPRF-MS";"DEL06-MS";"UOP02-DEL06-MS"
673804;2025-04-15;"terça-feira";"07:10:00";"MS";267;516,7;"JARDIM";"Acessar a via sem observar a presença dos outros veículos";"Colisão transversal";"Com Vítimas Feridas";"Pleno dia";"Crescente";"Céu Claro";"Simples";"Interseção de Vias";"Não";4;0;1;1;2;0;2;2;-21,49641929;-56,45423412;"SPRF-MS";"DEL05-MS";"UOP01-DEL05-MS"
673805;2025-04-15;"terça-feira";"09:10:00";"SP";116;155,8;"SAO JOSE DOS CAMPOS";"Reação tardia ou ineficiente do condutor";"Colisão lateral mesmo sentido";"Com Vítimas Feridas";"Pleno dia";"Decrescente";"Céu Claro";"Dupla";"Reta";"Sim";3;0;1;0;1;1;1;3;-23,24754733;-45,93115568;"SPRF-SP";"DEL02-SP";"UOP01-DEL02-SP"
673810;2025-04-15;"terça-feira";"10:25:00";"MG";153;196,7;"FRUTAL";"Acessar a via sem observar a presença dos outros veículos";"Colisão transversal";"Com Vítimas Feridas";"Pleno dia";"Crescente";"Céu Claro";"Simples";"Interseção de Vias";"Não";4;0;0;2;1;1;2;3;-19,942862;-48,961479;"SPRF-MG";"DEL13-MG";"UOP02-DEL13-MG"
673815;2025-04-14;"segunda-feira";"20:25:00";"RN";405;16;"MOSSORO";"Frear bruscamente";"Colisão traseira";"Sem Vítimas";"Plena Noite";"Decrescente";"Céu Claro";"Simples";"Reta";"Não";2;0;0;0;2;0;0;2;-5,21337;-37,492197;"SPRF-RN";"DEL04-RN";"UOP02-DEL04-RN"
673821;2025-04-15;"terça-feira";"10:05:00";"PB";230;26,3;"JOAO PESSOA";"Suicídio (presumido)";"Atropelamento de Pedestre";"Com Vítimas Fatais";"Pleno dia";"Crescente";"Sol";"Múltipla";"Reta";"Sim";4;1;0;1;1;1;1;4;-7,168932;-34,88138;"SPRF-PB";"DEL01-PB";"UOP01-DEL01-PB"
673827;2025-04-15;"terça-feira";"08:36:00";"RJ";116;231;"PIRAI";"Problema com o freio";"Colisão lateral mesmo sentido";"Com Vítimas Feridas";"Pleno dia";"Decrescente";"Sol";"Dupla";"Curva;Declive";"Não";4;0;1;0;2;1;1;4;-22,67298251;-43,82951215;"SPRF-RJ";"DEL07-RJ";"UOP01-DEL07-RJ"
673829;2025-04-15;"terça-feira";"10:58:00";"GO";153;503,7;"GOIANIA";"Reação tardia ou ineficiente do condutor";"Colisão traseira";"Sem Vítimas";"Pleno dia";"Decrescente";"Nublado";"Múltipla";"Aclive;Reta";"Sim";3;0;0;0;2;1;0;3;-16,7328;-49,2435;"SPRF-GO";"DEL01-GO";"UOP01-DEL01-GO"
673833;2025-04-15;"terça-feira";"10:30:00";"SP";381;53;"MAIRIPORA";"Ausência de reação do condutor";"Colisão traseira";"Com Vítimas Feridas";"Pleno dia";"Decrescente";"Céu Claro";"Dupla";"Reta";"Sim";4;0;3;0;1;0;3;2;-23,24618146;-46,5944767;"SPRF-SP";"DEL03-SP";"UOP01-DEL03-SP"
673834;2025-04-15;"terça-feira";"09:30:00";"SC";470;174;"POUSO REDONDO";"Transtornos Mentais (exceto suicidio)";"Atropelamento de Pedestre";"Com Vítimas Feridas";"Pleno dia";"Crescente";"Nublado";"Simples";"Reta";"Sim";2;0;1;0;1;0;1;2;-27,257071;-49,934217;"SPRF-SC";"DEL04-SC";"UOP02-DEL04-SC"
673844;2025-04-15;"terça-feira";"14:00:00";"SC";470;141;"RIO DO SUL";"Condutor deixou de manter distância do veículo da frente";"Engavetamento";"Com Vítimas Feridas";"Pleno dia";"Crescente";"Céu Claro";"Simples";"Reta;Declive";"Sim";4;0;1;0;2;1;1;4;-27,2070171;-49,6483473;"SPRF-SC";"DEL04-SC";"UOP02-DEL04-SC"
673845;2025-04-15;"terça-feira";"14:30:00";"ES";101;285,6;"CARIACICA";"Acessar a via sem observar a presença dos outros veículos";"Colisão transversal";"Com Vítimas Feridas";"Pleno dia";"Crescente";"Céu Claro";"Dupla";"Aclive;Reta;Interseção de Vias";"Não";5;0;2;0;3;0;2;3;-20,25423855;-40,37464775;"SPRF-ES";"DEL01-ES";"UOP01-DEL01-ES"
673847;2025-02-09;"domingo";"12:37:00";"MG";251;427,8;"GRAO MOGOL";"Reação tardia ou ineficiente do condutor";"Tombamento";"Com Vítimas Fatais";"Pleno dia";"Crescente";"Sol";"Simples";"Curva";"Não";3;2;0;0;0;1;0;3;-16,33690716;-43,13798285;"SPRF-MG";"DEL12-MG";"UOP01-DEL12-MG"
673848;2025-04-15;"terça-feira";"13:00:00";"RO";174;14;"VILHENA";"Acessar a via sem observar a presença dos outros veículos";"Colisão transversal";"Sem Vítimas";"Pleno dia";"Decrescente";"Sol";"Dupla";"Interseção de Vias";"Sim";2;0;0;0;2;0;0;2;-12,73875612;-60,13139002;"SPRF-RO";"DEL04-RO";"UOP01-DEL04-RO"
673854;2025-03-16;"domingo";"02:00:00";"BA";324;388;"GAVIAO";"Condutor Dormindo";"Tombamento";"Com Vítimas Feridas";"Plena Noite";"Crescente";"Céu Claro";"Simples";"Reta";"Não";1;0;1;0;0;0;1;1;-11,52093351;-39,72106811;"SPRF-BA";"DEL04-BA";"UOP02-DEL04-BA"
673862;2025-04-15;"terça-feira";"14:20:00";"PE";101;91;"JABOATAO DOS GUARARAPES";"Carga excessiva e/ou mal acondicionada";"Derramamento de carga";"Com Vítimas Feridas";"Pleno dia";"Crescente";"Céu Claro";"Dupla";"Reta";"Não";3;0;1;1;1;0;2;2;-8,224552;-34,993483;"SPRF-PE";"DEL01-PE";"UOP01-DEL01-PE"
673866;2025-04-15;"terça-feira";"15:10:00";"SP";116;278,9;"EMBU DAS ARTES";"Ausência de reação do condutor";"Colisão traseira";"Com Vítimas Feridas";"Pleno dia";"Decrescente";"Céu Claro";"Múltipla";"Reta;Declive";"Sim";6;0;0;1;5;0;1;6;-23,63744824;-46,8339335;"SPRF-SP";"DEL04-SP";"UOP01-DEL04-SP"
673868;2025-04-15;"terça-feira";"15:30:00";"GO";60;74,6;"ANAPOLIS";"Transitar no Acostamento";"Colisão com objeto";"Com Vítimas Fatais";"Pleno dia";"Decrescente";"Céu Claro";"Dupla";"Reta;Aclive";"Não";7;1;0;0;1;5;0;4;-16,277063;-48,783294;"SPRF-GO";"DEL02-GO";"UOP01-DEL02-GO"
673869;2025-04-15;"terça-feira";"15:45:00";"PB";230;36;"SANTA RITA";"Condutor Dormindo";"Colisão traseira";"Com Vítimas Feridas";"Pleno dia";"Crescente";"Céu Claro";"Dupla";"Reta;Aclive";"Sim";3;0;1;0;1;1;1;3;-7,12534131;-34,94817311;"SPRF-PB";"DEL01-PB";"UOP02-DEL01-PB"
673870;2025-04-04;"sexta-feira";"04:10:00";"MT";364;397;"CUIABA";"Reação tardia ou ineficiente do condutor";"Tombamento";"Com Vítimas Feridas";"Plena Noite";"Crescente";"Céu Claro";"Dupla";"Curva";"Sim";1;0;1;0;0;0;1;1;-15,66988257;-55,95109043;"SPRF-MT";"DEL01-MT";"UOP02-DEL01-MT"
673871;2025-04-15;"terça-feira";"12:30:00";"MG";262;502,9;"LUZ";"Carga excessiva e/ou mal acondicionada";"Saída de leito carroçável";"Com Vítimas Feridas";"Pleno dia";"Crescente";"Sol";"Simples";"Aclive;Reta";"Não";2;0;1;0;0;1;1;2;-19,7711;-45,496087;"SPRF-MG";"DEL08-MG";"UOP03-DEL08-MG"
673873;2025-04-15;"terça-feira";"16:20:00";"RS";285;454,2;"IJUI";"Reação tardia ou ineficiente do condutor";"Colisão com objeto";"Com Vítimas Feridas";"Pleno dia";"Decrescente";"Céu Claro";"Simples";"Reta;Ponte";"Sim";2;0;0;1;0;1;1;2;-28,379485;-53,875685;"SPRF-RS";"DEL10-RS";"UOP01-DEL10-RS"
673882;2025-04-15;"terça-feira";"16:45:00";"MA";135;7;"SAO LUIS";"Acessar a via sem observar a presença dos outros veículos";"Colisão lateral mesmo sentido";"Sem Vítimas";"Pleno dia";"Crescente";"Nublado";"Dupla";"Retorno Regulamentado";"Sim";2;0;0;0;2;0;0;2;-2,64003269;-44,27123308;"SPRF-MA";"DEL01-MA";"UOP01-DEL01-MA"
673889;2025-04-15;"terça-feira";"13:15:00";"RS";285;335,5;"CARAZINHO";"Manobra de mudança de faixa";"Colisão lateral mesmo sentido";"Com Vítimas Fatais";"Pleno dia";"Decrescente";"Vento";"Simples";"Curva";"Não";4;1;0;1;2;0;1;3;-28,316905;-52,752354;"SPRF-RS";"DEL08-RS";"UOP03-DEL08-RS"
673890;2025-04-07;"segunda-feira";"12:30:00";"BA";101;251;"CONCEICAO DO ALMEIDA";"Reação tardia ou ineficiente do condutor";"Tombamento";"Com Vítimas Feridas";"Pleno dia";"Decrescente";"Céu Claro";"Simples";"Reta";"Não";2;0;1;0;0;1;1;2;-12,891928;-39,229945;"SPRF-BA";"DEL01-BA";"UOP02-DEL01-BA"
673891;2025-04-15;"terça-feira";"17:20:00";"SP";116;220;"GUARULHOS";"Trafegar com motocicleta (ou similar) entre as faixas";"Colisão lateral mesmo sentido";"Com Vítimas Feridas";"Anoitecer";"Crescente";"Céu Claro";"Múltipla";"Reta";"Sim";2;0;1;0;1;0;1;2;-23,463674;-46,496369;"SPRF-SP";"DEL01-SP";"UOP01-DEL01-SP"
673897;2025-04-15;"terça-feira";"16:10:00";"MA";230;388;"BALSAS";"Reação tardia ou ineficiente do condutor";"Colisão traseira";"Com Vítimas Feridas";"Anoitecer";"Crescente";"Céu Claro";"Simples";"Reta";"Não";3;0;1;0;1;3;1;5;-7,4614;-46,01646;"SPRF-MA";"DEL05-MA";"UOP01-DEL05-MA"
673899;2025-04-15;"terça-feira";"17:50:00";"PA";10;355;"SANTA MARIA DO PARA";"Acessar a via sem observar a presença dos outros veículos";"Colisão transversal";"Com Vítimas Feridas";"Pleno dia";"Crescente";"Céu Claro";"Simples";"Reta";"Sim";2;0;0;1;1;0;1;2;-1,34943406;-47,57663727;"SPRF-PA";"DEL01-PA";"UOP02-DEL01-PA"
673906;2025-04-15;"terça-feira";"16:30:00";"MG";262;10;"MARTINS SOARES";"Ausência de reação do condutor";"Saída de leito carroçável";"Com Vítimas Feridas";"Pleno dia";"Crescente";"Chuva";"Simples";"Reta";"Não";1;0;0;1;0;0;1;1;-20,25607754;-41,82804108;"SPRF-MG";"DEL06-MG";"UOP03-DEL06-MG"
673913;2025-04-15;"terça-feira";"19:30:00";"MG";381;481;"CONTAGEM";"Velocidade Incompatível";"Colisão traseira";"Com Vítimas Feridas";"Plena Noite";"Decrescente";"Céu Claro";"Múltipla";"Reta";"Sim";2;0;1;0;1;0;1;2;-19,958315;-44,058871;"SPRF-MG";"DEL01-MG";"UOP03-DEL01-MG"
673915;2025-04-15;"terça-feira";"15:29:00";"PA";230;1116;"ITAITUBA";"Ausência de reação do condutor";"Colisão com objeto";"Com Vítimas Feridas";"Pleno dia";"Crescente";"Céu Claro";"Simples";"Curva;Aclive";"Não";2;0;1;0;0;1;1;2;-4,395862;-55,944012;"SPRF-PA";"DEL06-PA";"UOP01-DEL06-PA"
673919;2025-04-15;"terça-feira";"17:25:00";"BA";110;309;"INHAMBUPE";"Entrada inopinada do pedestre";"Atropelamento de Pedestre";"Com Vítimas Feridas";"Anoitecer";"Decrescente";"Céu Claro";"Simples";"Reta";"Não";3;0;0;1;0;2;1;2;-11,936223;-38,370808;"SPRF-BA";"DEL01-BA";"UOP04-DEL01-BA"
673920;2025-04-15;"terça-feira";"19:00:00";"BA";116;708,8;"MANOEL VITORINO";"Acesso irregular";"Colisão traseira";"Com Vítimas Feridas";"Plena Noite";"Crescente";"Céu Claro";"Simples";"Reta";"Não";2;0;1;0;0;1;1;2;-14,1477814;-40,2441242;"SPRF-BA";"DEL03-BA";"UOP01-DEL03-BA"
673921;2025-04-15;"terça-feira";"18:50:00";"MT";70;523;"VARZEA GRANDE";"Pedestre cruzava a pista fora da faixa";"Atropelamento de Pedestre";"Com Vítimas Feridas";"Anoitecer";"Crescente";"Nublado";"Simples";"Reta";"Sim";3;0;1;0;1;1;1;3;-15,6553628;-56,19085282;"SPRF-MT";"DEL01-MT";"UOP02-DEL01-MT"
673924;2025-04-15;"terça-feira";"18:50:00";"PR";369;119;"JATAIZINHO";"Manobra de mudança de faixa";"Colisão lateral mesmo sentido";"Com Vítimas Feridas";"Plena Noite";"Crescente";"Chuva";"Dupla";"Declive;Reta";"Não";2;0;0;1;0;1;1;2;-23,285299;-50,890308;"SPRF-PR";"DEL07-PR";"UOP05-DEL07-PR"
673925;2025-04-15;"terça-feira";"19:00:00";"RJ";40;110;"DUQUE DE CAXIAS";"Ausência de reação do condutor";"Colisão traseira";"Com Vítimas Feridas";"Plena Noite";"Decrescente";"Céu Claro";"Múltipla";"Reta;Aclive";"Sim";2;0;1;0;1;0;1;2;-22,68319693;-43,28524048;"SPRF-RJ";"DEL01-RJ";"UOP02-DEL01-RJ"
673934;2025-04-15;"terça-feira";"20:56:00";"MG";381;767;"CAMPANHA";"Velocidade Incompatível";"Colisão com objeto";"Com Vítimas Feridas";"Plena Noite";"Crescente";"Céu Claro";"Dupla";"Curva";"Não";3;0;2;0;0;1;2;2;-21,749906;-45,389167;"SPRF-MG";"DEL16-MG";"UOP02-DEL16-MG"
673936;2025-04-15;"terça-feira";"22:30:00";"ES";101;313;"VILA VELHA";"Reação tardia ou ineficiente do condutor";"Colisão traseira";"Com Vítimas Fatais";"Plena Noite";"Crescente";"Nublado";"Dupla";"Reta";"Não";3;1;0;0;1;2;0;4;-20,456781;-40,463964;"SPRF-ES";"DEL01-ES";"UOP01-DEL01-ES"
673938;2025-04-15;"terça-feira";"19:30:00";"SC";470;146;"RIO DO SUL";"Acessar a via sem observar a presença dos outros veículos";"Colisão transversal";"Com Vítimas Feridas";"Plena Noite";"Crescente";"Nublado";"Simples";"Reta";"Não";2;0;1;0;1;0;1;2;-27,242204;-49,688052;"SPRF-SC";"DEL04-SC";"UOP02-DEL04-SC"
673942;2025-04-15;"terça-feira";"20:15:00";"BA";101;734;"ITABELA";"Velocidade Incompatível";"Tombamento";"Com Vítimas Feridas";"Pleno dia";"Crescente";"Nublado";"Simples";"Curva";"Não";2;0;0;1;0;1;1;2;-16,49303882;-39,57444161;"SPRF-BA";"DEL09-BA";"UOP01-DEL09-BA"
673944;2025-04-15;"terça-feira";"22:10:00";"PI";316;373;"ALEGRETE DO PIAUI";"Ultrapassagem Indevida";"Colisão lateral mesmo sentido";"Com Vítimas Feridas";"Plena Noite";"Crescente";"Céu Claro";"Simples";"Reta";"Não";5;0;1;2;1;1;3;2;-7,2307825;-40,8714723;"SPRF-PI";"DEL04-PI";"UOP03-DEL04-PI"
673951;2025-04-15;"terça-feira";"21:00:00";"PR";116;63;"QUATRO BARRAS";"Ausência de reação do condutor";"Saída de leito carroçável";"Com Vítimas Feridas";"Plena Noite";"Decrescente";"Nublado";"Dupla";"Curva";"Não";2;0;1;0;0;1;1;2;-25,30699047;-48,99347126;"SPRF-PR";"DEL01-PR";"UOP02-DEL01-PR"
673952;2025-04-15;"terça-feira";"23:00:00";"PR";476;119,3;"COLOMBO";"Ausência de reação do condutor";"Colisão traseira";"Com Vítimas Feridas";"Plena Noite";"Crescente";"Nublado";"Dupla";"Reta;Aclive";"Sim";3;0;0;1;1;1;1;3;-25,36536463;-49,18647397;"SPRF-PR";"DEL01-PR";"UOP01-DEL01-PR"
673956;2025-04-15;"terça-feira";"23:40:00";"PR";163;280;"MARECHAL CANDIDO RONDON";"Velocidade Incompatível";"Colisão com objeto";"Sem Vítimas";"Plena Noite";"Decrescente";"Chuva";"Dupla";"Declive;Viaduto;Curva";"Não";2;0;0;0;1;1;0;2;-24,56786138;-54,03358482;"SPRF-PR";"DEL06-PR";"UOP02-DEL06-PR"
673959;2025-04-16;"quarta-feira";"00:30:00";"MS";163;165;"JUTI";"Reação tardia ou ineficiente do condutor";"Colisão com objeto";"Com Vítimas Fatais";"Plena Noite";"Crescente";"Garoa/Chuvisco";"Simples";"Reta;Ponte";"Não";1;1;0;0;0;0;0;1;-22,898989;-54,560504;"SPRF-MS";"DEL09-MS";"UOP01-DEL09-MS"
673960;2025-04-16;"quarta-feira";"00:10:00";"MG";262;554;"CORREGO DANTA";"Condutor Dormindo";"Saída de leito carroçável";"Com Vítimas Feridas";"Plena Noite";"Crescente";"Garoa/Chuvisco";"Simples";"Curva";"Não";2;0;1;0;0;1;1;2;-19,75014595;-45,916245;"SPRF-MG";"DEL08-MG";"UOP02-DEL08-MG"
673961;2025-04-16;"quarta-feira";"01:00:00";"SP";116;298,9;"SAO LOURENCO DA SERRA";"Ausência de reação do condutor";"Colisão lateral mesmo sentido";"Com Vítimas Fatais";"Plena Noite";"Crescente";"Céu Claro";"Dupla";"Reta";"Sim";5;1;0;0;3;4;0;8;-23,78808382;-46,91423638;"SPRF-SP";"DEL04-SP";"UOP01-DEL04-SP"
673964;2025-04-16;"quarta-feira";"04:10:00";"SC";101;216,5;"PALHOCA";"Velocidade Incompatível";"Colisão transversal";"Com Vítimas Feridas";"Plena Noite";"Crescente";"Céu Claro";"Múltipla";"Reta";"Não";3;0;0;1;1;1;1;3;-27,664186;-48,675675;"SPRF-SC";"DEL01-SC";"UOP02-DEL01-SC"