"id";"data_inversa";"dia_semana";"horario";"uf";"br";"km";"municipio";"causa_acidente";"tipo_acidente";"classificacao_acidente";"fase_dia";"sentido_via";"condicao_metereologica";"tipo_pista";"tracado_via";"uso_solo";"pessoas";"mortos";"feridos_leves";"feridos_graves";"ilesos";"ignorados";"feridos";"veiculos";"latitude";"longitude";"regional";"delegacia";"uop"
685557;2025-04-17;"quinta-feira";"20:00:00";"PR";376;174;"PONTA GROSSA";"Reação tardia ou ineficiente do condutor";"Colisão transversal";"Com Vítimas Feridas";"Plena Noite";"Decrescente";"Céu Claro";"Dupla";"Retorno Regulamentado";"Sim";2;0;1;0;1;0;1;2;-25,07402468;-50,21067012;"SPRF-PR";"DEL09-PR";"UOP01-DEL09-PR"
685568;2025-04-17;"quinta-feira";"22:00:00";"PR";277;661,3;"MATELANDIA";"Reação tardia ou ineficiente do condutor";"Colisão traseira";"Com Vítimas Feridas";"Pleno dia";"Decrescente";"Céu Claro";"Dupla";"Reta";"Não";2;0;0;1;1;0;1;2;-25,2524921;-54,00262702;"SPRF-PR";"DEL05-PR";"UOP02-DEL05-PR"
685574;2025-04-17;"quinta-feira";"21:40:00";"RJ";101;297;"ITABORAI";"Reação tardia ou ineficiente do condutor";"Colisão lateral mesmo sentido";"Com Vítimas Feridas";"Plena Noite";"Crescente";"Céu Claro";"Simples";"Reta";"Sim";3;0;1;0;1;1;1;3;-22,76826748;-42,90779114;"SPRF-RJ";"DEL02-RJ";"UOP02-DEL02-RJ"
685578;2025-04-17;"quinta-feira";"21:10:00";"RJ";116;324;"ITATIAIA";"Ausência de reação do condutor";"Colisão traseira";"Com Vítimas Feridas";"Plena Noite";"Crescente";"Céu Claro";"Dupla";"Aclive;Reta";"Não";2;0;0;1;1;0;1;2;-22,49740167;-44,576335;"SPRF-RJ";"DEL07-RJ";"UOP02-DEL07-RJ"
685584;2025-04-17;"quinta-feira";"20:15:00";"MA";316;611;"TIMON";"Transitar na contramão";"Colisão lateral sentido oposto";"Com Vítimas Feridas";"Plena Noite";"Decrescente";"Céu Claro";"Simples";"Declive";"Não";2;0;1;0;1;0;1;2;-5,07280891;-42,86797643;"SPRF-MA";"DEL03-MA";"UOP02-DEL03-MA"
685590;2025-04-17;"quinta-feira";"22:10:00";"PI";135;320;"CRISTINO CASTRO";"Animais na Pista";"Atropelamento de Animal";"Com Vítimas Feridas";"Plena Noite";"Crescente";"Céu Claro";"Simples";"Reta";"Não";3;0;1;0;2;0;1;2;-8,83497598;-44,228333;"SPRF-PI";"DEL03-PI";"UOP02-DEL03-PI"
685593;2025-04-17;"quinta-feira";"22:50:00";"MG";50;21;"ARAGUARI";"Condutor deixou de manter distância do veículo da frente";"Colisão traseira";"Com Vítimas Feridas";"Plena Noite";"Decrescente";"Céu Claro";"Dupla";"Reta";"Não";3;0;0;1;1;1;1;3;-18,595617;-48,053756;"SPRF-MG";"DEL15-MG";"UOP02-DEL15-MG"
685596;2025-04-17;"quinta-feira";"22:10:00";"RS";392;6,4;"RIO GRANDE";"Acessar a via sem observar a presença dos outros veículos";"Colisão transversal";"Com Vítimas Feridas";"Plena Noite";"Decrescente";"Céu Claro";"Simples";"Reta";"Não";3;0;1;0;1;1;1;3;-32,08873265;-52,10722273;"SPRF-RS";"DEL07-RS";"UOP02-DEL07-RS"
685598;2025-04-17;"quinta-feira";"19:30:00";"MT";364;811;"TANGARA DA SERRA";"Condutor deixou de manter distância do veículo da frente";"Colisão traseira";"Com Vítimas Feridas";"Plena Noite";"Crescente";"Céu Claro";"Simples";"Reta";"Não";5;0;1;1;2;3;2;6;-14,324311;-57,951886;"SPRF-MT";"DEL01-MT";"UOP01-DEL01-MT"
685602;2025-04-17;"quinta-feira";"22:50:00";"PR";376;434,9;"TIBAGI";"Reação tardia ou ineficiente do condutor";"Colisão traseira";"Com Vítimas Feridas";"Plena Noite";"Decrescente";"Céu Claro";"Simples";"Em Obras;Desvio Temporário";"Não";4;0;1;0;2;1;1;3;-24,77397734;-50,51952389;"SPRF-PR";"DEL03-PR";"UOP02-DEL03-PR"
685613;2025-04-18;"sexta-feira";"00:50:00";"PR";277;130;"CAMPO LARGO";"Acesso irregular";"Colisão transversal";"Sem Vítimas";"Plena Noite";"Crescente";"Ignorado";"Dupla";"Reta";"Não";3;0;0;0;1;2;0;3;-25,4467;-49,5765;"SPRF-PR";"DEL03-PR";"UOP03-DEL03-PR"
685616;2025-04-18;"sexta-feira";"01:55:00";"RN";101;129;"NISIA FLORESTA";"Condutor Dormindo";"Saída de leito carroçável";"Com Vítimas Feridas";"Plena Noite";"Crescente";"Céu Claro";"Dupla";"Curva;Declive";"Não";2;0;1;0;0;2;1;3;-6,113743;-35,233195;"SPRF-RN";"DEL01-RN";"UOP01-DEL01-RN"
685640;2025-04-18;"sexta-feira";"00:21:00";"CE";402;299,1;"UMIRIM";"Transitar na contramão";"Colisão lateral sentido oposto";"Com Vítimas Feridas";"Plena Noite";"Decrescente";"Céu Claro";"Simples";"Reta";"Não";8;0;3;3;2;0;6;2;-3,67553;-39,372412;"SPRF-CE";"DEL01-CE";"UOP03-DEL01-CE"
685644;2025-04-16;"quarta-feira";"08:50:00";"SC";282;115,6;"ALFREDO WAGNER";"Velocidade Incompatível";"Capotamento";"Com Vítimas Feridas";"Pleno dia";"Decrescente";"Sol";"Simples";"Curva;Declive";"Não";3;0;0;1;0;2;1;3;-27,760058;-49,39716;"SPRF-SC";"DEL01-SC";"UOP03-DEL01-SC"
685649;2025-04-18;"sexta-feira";"00:00:00";"BA";242;502;"OLIVEIRA DOS BREJINHOS";"Ingestão de álcool pelo condutor";"Colisão transversal";"Com Vítimas Feridas";"Plena Noite";"Crescente";"Céu Claro";"Simples";"Reta;Ponte";"Não";2;0;1;1;0;0;2;2;-12,36608765;-42,45453;"SPRF-BA";"DEL06-BA";"UOP01-DEL06-BA"
685650;2025-04-16;"quarta-feira";"17:30:00";"ES";101;294,1;"CARIACICA";"Chuva";"Colisão transversal";"Com Vítimas Feridas";"Anoitecer";"Crescente";"Chuva";"Múltipla";"Reta;Declive";"Sim";3;0;0;1;2;0;1;2;-20,32994386;-40,3988939;"SPRF-ES";"DEL01-ES";"UOP01-DEL01-ES"
685654;2025-04-16;"quarta-feira";"23:00:00";"PR";277;5;"PARANAGUA";"Condutor deixou de manter distância do veículo da frente";"Colisão traseira";"Com Vítimas Fatais";"Plena Noite";"Crescente";"Céu Claro";"Dupla";"Reta";"Sim";2;1;0;0;0;1;0;2;-25,55720477;-48,56784197;"SPRF-PR";"DEL01-PR";"UOP05-DEL01-PR"
685665;2025-04-16;"quarta-feira";"15:00:00";"GO";153;618,4;"MORRINHOS";"Velocidade Incompatível";"Tombamento";"Com Vítimas Feridas";"Pleno dia";"Crescente";"Nublado";"Dupla";"Curva";"Não";2;0;1;0;0;1;1;2;-17,52640623;-49,21531677;"SPRF-GO";"DEL03-GO";"UOP01-DEL03-GO"
685667;2025-04-18;"sexta-feira";"06:40:00";"MT";163;798;"VERA";"Ultrapassagem Indevida";"Colisão frontal";"Com Vítimas Fatais";"Pleno dia";"Crescente";"Céu Claro";"Simples";"Reta";"Não";4;1;1;1;1;0;2;2;-12,18823563;-55,53091049;"SPRF-MT";"DEL06-MT";"UOP02-DEL06-MT"
685671;2025-04-18;"sexta-feira";"04:38:00";"RO";364;678;"CANDEIAS DO JAMARI";"Transitar na contramão";"Colisão frontal";"Com Vítimas Fatais";"Plena Noite";"Decrescente";"Céu Claro";"Dupla";"Reta";"Não";7;4;0;2;0;2;2;4;-8,7838467;-63,5710117;"SPRF-RO";"DEL01-RO";"UOP01-DEL01-RO"
685672;2025-02-24;"segunda-feira";"12:20:00";"AL";316;107,4;"DOIS RIACHOS";"Ultrapassagem Indevida";"Colisão lateral mesmo sentido";"Com Vítimas Feridas";"Pleno dia";"Decrescente";"Céu Claro";"Simples";"Reta";"Não";5;0;1;1;3;0;2;2;-9,388603;-37,05005;"SPRF-AL";"DEL03-AL";"UOP01-DEL03-AL"
685676;2025-04-18;"sexta-feira";"05:50:00";"TO";153;232;"COLINAS DO TOCANTINS";"Ultrapassagem Indevida";"Colisão frontal";"Com Vítimas Fatais";"Amanhecer";"Crescente";"Sol";"Simples";"Reta";"Não";5;1;0;0;3;2;0;4;-7,930714;-48,466703;"SPRF-TO";"DEL02-TO";"UOP01-DEL02-TO"
685677;2025-04-12;"sábado";"04:00:00";"BA";116;584;"IRAJUBA";"Condutor Dormindo";"Colisão traseira";"Com Vítimas Feridas";"Amanhecer";"Decrescente";"Céu Claro";"Simples";"Aclive;Curva";"Não";3;0;1;0;1;1;1;3;-13,21083057;-40,01889161;"SPRF-BA";"DEL03-BA";"UOP02-DEL03-BA"
685679;2025-04-18;"sexta-feira";"07:35:00";"SP";116;445;"REGISTRO";"Ausência de reação do condutor";"Colisão traseira";"Sem Vítimas";"Pleno dia";"Crescente";"Céu Claro";"Simples";"Reta";"Não";5;0;0;0;4;1;0;3;-24,5039104;-47,8445568;"SPRF-SP";"DEL05-SP";"UOP01-DEL05-SP"
685686;2025-04-18;"sexta-feira";"08:50:00";"RN";427;90,9;"CAICO";"Demais falhas mecânicas ou elétricas";"Tombamento";"Sem Vítimas";"Pleno dia";"Decrescente";"Sol";"Simples";"Curva";"Não";2;0;0;0;1;1;0;2;-6,48456798;-37,03547001;"SPRF-RN";"DEL03-RN";"UOP01-DEL03-RN"
685688;2025-04-18;"sexta-feira";"10:20:00";"RJ";40;111;"DUQUE DE CAXIAS";"Manobra de mudança de faixa";"Colisão transversal";"Com Vítimas Feridas";"Pleno dia";"Decrescente";"Sol";"Múltipla";"Reta;Declive";"Sim";6;0;3;1;1;1;4;3;-22,69752;-43,289084;"SPRF-RJ";"DEL01-RJ";"UOP02-DEL01-RJ"
685690;2025-03-17;"segunda-feira";"14:00:00";"PE";101;89;"JABOATAO DOS GUARARAPES";"Condutor Dormindo";"Saída de leito carroçável";"Com Vítimas Feridas";"Pleno dia";"Crescente";"Sol";"Dupla";"Reta";"Não";1;0;1;0;0;0;1;1;-8,214015;-34,98701;"SPRF-PE";"DEL01-PE";"UOP01-DEL01-PE"
685692;2025-04-16;"quarta-feira";"09:30:00";"MS";158;42;"PARANAIBA";"Transitar na contramão";"Colisão lateral sentido oposto";"Com Vítimas Feridas";"Pleno dia";"Crescente";"Sol";"Simples";"Reta";"Não";3;0;1;0;2;0;1;2;-19,309611;-51,440881;"SPRF-MS";"DEL08-MS";"UOP01-DEL08-MS"
685700;2025-04-18;"sexta-feira";"11:00:00";"PA";316;70;"CASTANHAL";"Condutor deixou de manter distância do veículo da frente";"Colisão traseira";"Sem Vítimas";"Pleno dia";"Crescente";"Céu Claro";"Simples";"Reta";"Não";3;0;0;0;2;3;0;5;-1,2911166;-47,8578266;"SPRF-PA";"DEL01-PA";"UOP01-DEL01-PA"
685709;2025-04-18;"sexta-feira";"01:29:00";"RO";364;104;"CHUPINGUAIA";"Demais falhas mecânicas ou elétricas";"Incêndio";"Sem Vítimas";"Plena Noite";"Crescente";"Ignorado";"Simples";"Reta";"Não";2;0;0;0;1;3;0;4;-12,25488698;-60,67036137;"SPRF-RO";"DEL04-RO";"UOP01-DEL04-RO"
685712;2025-04-18;"sexta-feira";"11:30:00";"RS";285;200,5;"LAGOA VERMELHA";"Pedestre cruzava a pista fora da faixa";"Atropelamento de Pedestre";"Com Vítimas Feridas";"Pleno dia";"Decrescente";"Nublado";"Simples";"Reta";"Sim";3;0;0;1;1;1;1;3;-28,20642675;-51,53808832;"SPRF-RS";"DEL08-RS";"UOP05-DEL08-RS"
685713;2025-04-18;"sexta-feira";"08:20:00";"RS";386;292,5;"POUSO NOVO";"Reação tardia ou ineficiente do condutor";"Tombamento";"Com Vítimas Feridas";"Pleno dia";"Decrescente";"Céu Claro";"Simples";"Aclive;Curva";"Não";2;0;1;0;0;1;1;2;-29,20237657;-52,18685165;"SPRF-RS";"DEL04-RS";"UOP01-DEL04-RS"
685719;2025-04-18;"sexta-feira";"11:00:00";"PR";116;58;"CAMPINA GRANDE DO SUL";"Manobra de mudança de faixa";"Tombamento";"Com Vítimas Feridas";"Pleno dia";"Crescente";"Nublado";"Dupla";"Curva";"Não";3;0;1;1;0;1;2;2;-25,298196;-48,940483;"SPRF-PR";"DEL01-PR";"UOP02-DEL01-PR"
685721;2025-04-18;"sexta-feira";"11:10:00";"MS";163;309;"RIO BRILHANTE";"Reação tardia ou ineficiente do condutor";"Saída de leito carroçável";"Com Vítimas Feridas";"Pleno dia";"Decrescente";"Chuva";"Simples";"Reta";"Não";6;0;4;0;1;1;4;3;-21,902453;-54,52934;"SPRF-MS";"DEL02-MS";"UOP02-DEL02-MS"
685729;2025-04-18;"sexta-feira";"05:45:00";"SC";280;303,3;"PORTO UNIAO";"Transitar na contramão";"Colisão frontal";"Com Vítimas Feridas";"Plena Noite";"Decrescente";"Nublado";"Simples";"Curva";"Não";4;0;3;0;1;0;3;2;-26,278609;-51,052613;"SPRF-SC";"DEL06-SC";"UOP04-DEL06-SC"
685744;2025-04-18;"sexta-feira";"13:50:00";"MG";50;174,5;"UBERABA";"Condutor deixou de manter distância do veículo da frente";"Colisão traseira";"Com Vítimas Feridas";"Pleno dia";"Crescente";"Chuva";"Dupla";"Reta";"Sim";5;0;1;0;3;3;1;5;-19,74338292;-47,98423111;"SPRF-MG";"DEL13-MG";"UOP01-DEL13-MG"
685746;2025-04-18;"sexta-feira";"11:15:00";"RJ";116;266;"VOLTA REDONDA";"Demais falhas mecânicas ou elétricas";"Colisão traseira";"Com Vítimas Feridas";"Pleno dia";"Crescente";"Céu Claro";"Dupla";"Reta;Declive";"Não";3;0;0;1;1;1;1;3;-22,58845256;-44,09249738;"SPRF-RJ";"DEL07-RJ";"UOP02-DEL07-RJ"
685750;2025-04-18;"sexta-feira";"09:00:00";"SC";116;6,9;"MAFRA";"Acessar a via sem observar a presença dos outros veículos";"Colisão transversal";"Com Vítimas Feridas";"Pleno dia";"Decrescente";"Céu Claro";"Simples";"Interseção de Vias;Reta;Retorno Regulamentado";"Sim";14;0;1;1;11;1;2;7;-26,1525997;-49,831906;"SPRF-SC";"DEL06-SC";"UOP01-DEL06-SC"
685757;2025-04-16;"quarta-feira";"07:40:00";"AC";364;429;"FEIJO";"Condutor Dormindo";"Saída de leito carroçável";"Com Vítimas Fatais";"Pleno dia";"Decrescente";"Ignorado";"Simples";"Reta;Declive";"Não";2;1;0;0;0;1;0;2;-8,542158;-69,960707;"SPRF-AC";"DEL01-AC";"UOP01-DEL01-AC"
685760;2025-04-18;"sexta-feira";"13:55:00";"PR";369;471,5;"CORBELIA";"Reação tardia ou ineficiente do condutor";"Colisão frontal";"Com Vítimas Fatais";"Pleno dia";"Crescente";"Chuva";"Simples";"Declive;Curva";"Não";6;1;0;2;2;1;2;3;-24,70730511;-53,23957443;"SPRF-PR";"DEL04-PR";"UOP03-DEL04-PR"
685761;2025-04-18;"sexta-feira";"08:15:00";"GO";20;196;"SIMOLANDIA";"Pista Escorregadia";"Colisão lateral sentido oposto";"Sem Vítimas";"Amanhecer";"Crescente";"Chuva";"Simples";"Reta;Declive";"Não";4;0;0;0;3;2;0;4;-14,4513987;-46,4691578;"SPRF-DF";"DEL02-DF";"UOP03-DEL02-DF"
685767;2025-02-06;"quinta-feira";"08:45:00";"MG";40;277;"TRES MARIAS";"Demais falhas mecânicas ou elétricas";"Tombamento";"Sem Vítimas";"Pleno dia";"Crescente";"Céu Claro";"Simples";"Curva;Aclive";"Sim";2;0;0;0;1;1;0;2;-18,21264695;-45,22480595;"SPRF-MG";"DEL14-MG";"UOP02-DEL14-MG"
685779;2025-04-18;"sexta-feira";"06:00:00";"AM";174;1098;"PRESIDENTE FIGUEIREDO";"Condutor Dormindo";"Saída de leito carroçável";"Com Vítimas Feridas";"Amanhecer";"Decrescente";"Ignorado";"Simples";"Reta";"Não";4;0;1;1;1;1;2;2;-1,219086;-60,426847;"SPRF-AM";"DEL01-AM";"UOP02-DEL01-AM"
685780;2025-04-18;"sexta-feira";"16:55:00";"SP";116;293;"ITAPECERICA DA SERRA";"Acessar a via sem observar a presença dos outros veículos";"Colisão lateral mesmo sentido";"Sem Vítimas";"Pleno dia";"Decrescente";"Céu Claro";"Dupla";"Reta";"Não";3;0;0;0;2;1;0;3;-23,7002803;-46,8689625;"SPRF-SP";"DEL04-SP";"UOP01-DEL04-SP"
685783;2025-04-18;"sexta-feira";"16:00:00";"BA";116;389;"SANTA BARBARA";"Ingestão de álcool pelo condutor";"Colisão transversal";"Com Vítimas Feridas";"Pleno dia";"Decrescente";"Sol";"Dupla";"Reta";"Sim";2;0;1;0;1;0;1;2;-11,931661;-38,981085;"SPRF-BA";"DEL02-BA";"UOP01-DEL02-BA"
685784;2025-04-18;"sexta-feira";"12:25:00";"SC";101;322,4;"PESCARIA BRAVA";"Condutor deixou de manter distância do veículo da frente";"Colisão traseira";"Com Vítimas Fatais";"Pleno dia";"Decrescente";"Céu Claro";"Dupla";"Reta";"Sim";7;1;0;0;5;2;0;5;-28,429083;-48,9218516;"SPRF-SC";"DEL02-SC";"UOP01-DEL02-SC"
685788;2025-04-18;"sexta-feira";"17:00:00";"SC";101;117;"ITAJAI";"Reação tardia ou ineficiente do condutor";"Colisão lateral mesmo sentido";"Sem Vítimas";"Pleno dia";"Crescente";"Céu Claro";"Dupla";"Reta;Viaduto";"Não";3;0;0;0;3;0;0;2;-26,88837874;-48,72222397;"SPRF-SC";"DEL04-SC";"UOP04-DEL04-SC"
685794;2025-04-18;"sexta-feira";"16:30:00";"RS";153;396;"CACHOEIRA DO SUL";"Ausência de reação do condutor";"Colisão frontal";"Com Vítimas Feridas";"Pleno dia";"Crescente";"Céu Claro";"Simples";"Reta";"Não";5;0;0;3;1;1;3;3;-29,8566442;-52,96315259;"SPRF-RS";"DEL02-RS";"UOP03-DEL02-RS"
685797;2025-04-18;"sexta-feira";"15:20:00";"SC";116;305,4;"CAPAO ALTO";"Reação tardia ou ineficiente do condutor";"Saída de leito carroçável";"Com Vítimas Feridas";"Pleno dia";"Crescente";"Céu Claro";"Múltipla";"Curva";"Não";3;0;1;0;1;1;1;2;-28,19871727;-50,72472051;"SPRF-SC";"DEL05-SC";"UOP02-DEL05-SC"
685800;2025-04-18;"sexta-feira";"17:07:00";"RO";364;600;"ITAPUA DO OESTE";"Ingestão de álcool pelo condutor";"Colisão traseira";"Sem Vítimas";"Pleno dia";"Decrescente";"Chuva";"Simples";"Reta";"Não";6;0;0;0;6;0;0;3;-9,22021852;-63,17194462;"SPRF-RO";"DEL01-RO";"UOP04-DEL01-RO"
685810;2025-04-18;"sexta-feira";"19:00:00";"MG";40;165,5;"JUIZ DE FORA";"Reação tardia ou ineficiente do condutor";"Colisão lateral mesmo sentido";"Com Vítimas Feridas";"Plena Noite";"Crescente";"Céu Claro";"Simples";"Reta";"Não";3;0;2;0;1;0;2;2;-21,60018943;-43,45640078;"SPRF-MG";"DEL14-MG";"UOP02-DEL14-MG"
685815;2025-04-18;"sexta-feira";"17:00:00";"PA";155;285;"ELDORADO DO CARAJAS";"Ingestão de substâncias psicoativas pelo condutor";"Saída de leito carroçável";"Sem Vítimas";"Pleno dia";"Crescente";"Céu Claro";"Simples";"Reta";"Não";2;0;0;0;1;2;0;3;-5,857305;-49,195978;"SPRF-PA";"DEL03-PA";"UOP01-DEL03-PA"
685821;2025-04-18;"sexta-feira";"12:55:00";"BA";101;739;"ITABELA";"Reação tardia ou ineficiente do condutor";"Tombamento";"Com Vítimas Fatais";"Pleno dia";"Crescente";"Céu Claro";"Simples";"Curva";"Não";3;1;0;0;0;2;0;3;-16,534237;-39,566947;"SPRF-BA";"DEL09-BA";"UOP01-DEL09-BA"
685824;2025-04-18;"sexta-feira";"13:00:00";"CE";116;324;"JAGUARIBE";"Demais falhas mecânicas ou elétricas";"Incêndio";"Sem Vítimas";"Pleno dia";"Decrescente";"Céu Claro";"Simples";"Reta";"Não";2;0;0;0;1;2;0;3;-6,035164;-38,645164;"SPRF-CE";"DEL05-CE";"UOP02-DEL05-CE"
685825;2025-04-18;"sexta-feira";"19:20:00";"MT";163;53,1;"RONDONOPOLIS";"Ingestão de álcool pelo condutor";"Saída de leito carroçável";"Com Vítimas Feridas";"Plena Noite";"Decrescente";"Nublado";"Dupla";"Reta";"Não";2;0;1;0;0;1;1;2;-17,0427898;-54,76328373;"SPRF-MT";"DEL02-MT";"UOP03-DEL02-MT"
685830;2025-04-18;"sexta-feira";"16:00:00";"RS";287;403;"SANTIAGO";"Ingestão de álcool pelo condutor";"Saída de leito carroçável";"Com Vítimas Feridas";"Pleno dia";"Decrescente";"Céu Claro";"Simples";"Reta";"Sim";2;0;1;0;0;1;1;2;-29,14890395;-54,88609221;"SPRF-RS";"DEL12-RS";"UOP02-DEL12-RS"
685842;2025-04-18;"sexta-feira";"22:50:00";"ES";101;290;"CARIACICA";"Acessar a via sem observar a presença dos outros veículos";"Colisão transversal";"Com Vítimas Feridas";"Plena Noite";"Crescente";"Céu Claro";"Simples";"Reta;Retorno Regulamentado";"Sim";3;0;0;1;1;1;1;3;-20,2937462;-40,3929171;"SPRF-ES";"DEL01-ES";"UOP01-DEL01-ES"
685846;2025-04-18;"sexta-feira";"18:45:00";"SC";282;119;"BOM RETIRO";"Transitar na contramão";"Colisão frontal";"Com Vítimas Feridas";"Plena Noite";"Crescente";"Céu Claro";"Simples";"Curva";"Não";3;0;0;1;2;0;1;3;-27,79368027;-49,41513062;"SPRF-SC";"DEL05-SC";"UOP01-DEL05-SC"
685849;2025-04-18;"sexta-feira";"21:30:00";"BA";116;165;"CANUDOS";"Condutor Dormindo";"Capotamento";"Com Vítimas Feridas";"Plena Noite";"Crescente";"Céu Claro";"Simples";"Reta;Em Obras";"Não";2;0;0;1;0;1;1;2;-10,068913;-39,146395;"SPRF-BA";"DEL07-BA";"UOP03-DEL07-BA"
685850;2025-04-18;"sexta-feira";"14:30:00";"BA";110;226;"NOVA SOURE";"Reação tardia ou ineficiente do condutor";"Colisão frontal";"Com Vítimas Fatais";"Pleno dia";"Decrescente";"Céu Claro";"Simples";"Reta;Aclive";"Não";3;1;0;0;1;1;0;3;-11,2756583;-38,4403977;"SPRF-BA";"DEL07-BA";"UOP02-DEL07-BA"
685855;2025-04-19;"sábado";"00:05:00";"SP";116;330,1;"JUQUITIBA";"Pedestre andava na pista";"Atropelamento de Pedestre";"Com Vítimas Fatais";"Plena Noite";"Decrescente";"Nevoeiro/Neblina";"Dupla";"Declive;Reta";"Não";2;1;0;0;0;1;0;2;-23,94639814;-47,0984403;"SPRF-SP";"DEL04-SP";"UOP03-DEL04-SP"
685861;2025-04-19;"sábado";"01:45:00";"SP";116;49,5;"LORENA";"Condutor deixou de manter distância do veículo da frente";"Colisão traseira";"Sem Vítimas";"Plena Noite";"Decrescente";"Nublado";"Dupla";"Reta";"Não";3;0;0;0;3;0;0;3;-22,73465897;-45,08238697;"SPRF-SP";"DEL08-SP";"UOP02-DEL08-SP"
685863;2025-04-19;"sábado";"03:20:00";"RJ";116;282,8;"BARRA MANSA";"Pedestre andava na pista";"Atropelamento de Pedestre";"Com Vítimas Feridas";"Plena Noite";"Crescente";"Nublado";"Dupla";"Reta";"Não";3;0;0;1;1;1;1;3;-22,52541606;-44,19903396;"SPRF-RJ";"DEL07-RJ";"UOP02-DEL07-RJ"
685868;2025-04-19;"sábado";"01:30:00";"BA";116;645;"JAGUAQUARA";"Condutor Dormindo";"Colisão lateral sentido oposto";"Com Vítimas Fatais";"Plena Noite";"Crescente";"Céu Claro";"Simples";"Reta";"Não";4;1;3;0;0;0;3;2;-13,614777;-40,09159;"SPRF-BA";"DEL03-BA";"UOP01-DEL03-BA"
685871;2025-04-19;"sábado";"06:25:00";"RS";116;268;"CANOAS";"Manobra de mudança de faixa";"Colisão com objeto";"Com Vítimas Feridas";"Amanhecer";"Crescente";"Céu Claro";"Múltipla";"Reta";"Não";2;0;1;0;0;1;1;2;-29,94006881;-51,17714513;"SPRF-RS";"DEL01-RS";"UOP01-DEL01-RS"
685881;2025-04-19;"sábado";"03:30:00";"RJ";101;103,2;"CAMPOS DOS GOYTACAZES";"Reação tardia ou ineficiente do condutor";"Colisão traseira";"Com Vítimas Feridas";"Plena Noite";"Decrescente";"Chuva";"Dupla";"Reta;Aclive";"Não";3;0;0;1;1;2;1;4;-21,90468;-41,60655;"SPRF-RJ";"DEL08-RJ";"UOP02-DEL08-RJ"
685885;2025-04-19;"sábado";"06:20:00";"MG";381;719;"CARMO DA CACHOEIRA";"Condutor Dormindo";"Saída de leito carroçável";"Com Vítimas Feridas";"Amanhecer";"Crescente";"Ignorado";"Dupla";"Reta";"Não";1;0;1;0;0;0;1;1;-21,4300701;-45,210157;"SPRF-MG";"DEL04-MG";"UOP02-DEL04-MG"
685892;2025-04-19;"sábado";"04:30:00";"MT";163;931;"ITAUBA";"Ingestão de álcool pelo condutor";"Colisão traseira";"Sem Vítimas";"Amanhecer";"Decrescente";"Céu Claro";"Simples";"Reta";"Não";6;0;0;0;5;3;0;6;-11,07421703;-55,28071404;"SPRF-MT";"DEL06-MT";"UOP02-DEL06-MT"
685899;2025-04-15;"terça-feira";"15:30:00";"PI";135;148;"BERTOLINIA";"Reação tardia ou ineficiente do condutor";"Saída de leito carroçável";"Com Vítimas Feridas";"Pleno dia";"Decrescente";"Sol";"Simples";"Reta";"Não";1;0;1;0;0;0;1;1;-7,75654719;-43,86355019;"SPRF-PI";"DEL03-PI";"UOP01-DEL03-PI"
685900;2025-04-16;"quarta-feira";"18:00:00";"RJ";116;185;"RIO DE JANEIRO";"Ultrapassagem Indevida";"Colisão lateral mesmo sentido";"Com Vítimas Feridas";"Plena Noite";"Decrescente";"Céu Claro";"Dupla";"Reta";"Não";3;0;1;1;1;0;2;2;-22,8044575;-43,3451779;"SPRF-RJ";"DEL06-RJ";"UOP01-DEL06-RJ"
685904;2025-01-29;"quarta-feira";"16:15:00";"PR";116;7,5;"CAMPINA GRANDE DO SUL";"Velocidade Incompatível";"Colisão traseira";"Com Vítimas Feridas";"Pleno dia";"Crescente";"Chuva";"Dupla";"Curva";"Não";4;0;1;0;1;4;1;6;-25,08235366;-48,61499799;"SPRF-PR";"DEL01-PR";"UOP02-DEL01-PR"
685914;2025-04-19;"sábado";"09:30:00";"PA";316;172;"SANTA LUZIA DO PARA";"Transitar na contramão";"Colisão transversal";"Com Vítimas Feridas";"Pleno dia";"Decrescente";"Nublado";"Simples";"Reta";"Não";2;0;0;1;1;0;1;2;-1,354413;-47,051275;"SPRF-PA";"DEL01-PA";"UOP03-DEL01-PA"
685919;2025-04-16;"quarta-feira";"14:30:00";"MG";365;96;"JEQUITAI";"Acumulo de água sobre o pavimento";"Colisão frontal";"Com Vítimas Feridas";"Pleno dia";"Decrescente";"Chuva";"Simples";"Reta";"Não";4;0;0;2;1;1;2;3;-17,21424769;-44,44836055;"SPRF-MG";"DEL12-MG";"UOP01-DEL12-MG"
685933;2025-04-19;"sábado";"10:15:00";"MG";365;78,5;"JEQUITAI";"Condutor Dormindo";"Saída de leito carroçável";"Com Vítimas Feridas";"Pleno dia";"Crescente";"Chuva";"Simples";"Reta";"Não";2;0;0;1;0;1;1;2;-17,139194;-44,3565;"SPRF-MG";"DEL12-MG";"UOP01-DEL12-MG"
685939;2025-04-19;"sábado";"12:00:00";"GO";20;185,6;"SIMOLANDIA";"Velocidade Incompatível";"Saída de leito carroçável";"Sem Vítimas";"Pleno dia";"Decrescente";"Céu Claro";"Dupla";"Declive;Interseção de Vias";"Não";2;0;0;0;1;1;0;2;-14,4513655;-46,4691771;"SPRF-DF";"DEL02-DF";"UOP03-DEL02-DF"