"id";"data_inversa";"dia_semana";"horario";"uf";"br";"km";"municipio";"causa_acidente";"tipo_acidente";"classificacao_acidente";"fase_dia";"sentido_via";"condicao_metereologica";"tipo_pista";"tracado_via";"uso_solo";"pessoas";"mortos";"feridos_leves";"feridos_graves";"ilesos";"ignorados";"feridos";"veiculos";"latitude";"longitude";"regional";"delegacia";"uop"
686751;2025-04-22;"terça-feira";"16:19:00";"SC";280;57;"GUARAMIRIM";"Transitar na contramão";"Colisão frontal";"Com Vítimas Feridas";"Pleno dia";"Crescente";"Céu Claro";"Simples";"Reta";"Não";4;0;0;1;2;1;1;4;-26,476544;-48,9947136;"SPRF-SC";"DEL03-SC";"UOP03-DEL03-SC"
686754;2025-02-21;"sexta-feira";"16:45:00";"PR";376;172,6;"MARINGA";"Reação tardia ou ineficiente do condutor";"Colisão transversal";"Com Vítimas Feridas";"Pleno dia";"Decrescente";"Nublado";"Dupla";"Em Obras;Reta";"Sim";2;0;1;0;1;0;1;2;-23,41865;-51,974165;"SPRF-PR";"DEL09-PR";"UOP01-DEL09-PR"
686757;2025-04-22;"terça-feira";"17:25:00";"GO";60;102,1;"GOIANAPOLIS";"Acessar a via sem observar a presença dos outros veículos";"Colisão lateral mesmo sentido";"Com Vítimas Feridas";"Anoitecer";"Decrescente";"Céu Claro";"Dupla";"Reta;Aclive";"Sim";5;0;0;1;1;4;1;5;-16,40811848;-48,98704503;"SPRF-GO";"DEL02-GO";"UOP01-DEL02-GO"
686758;2025-04-22;"terça-feira";"17:15:00";"PR";376;460,1;"TIBAGI";"Reação tardia ou ineficiente do condutor";"Tombamento";"Com Vítimas Fatais";"Pleno dia";"Crescente";"Céu Claro";"Dupla";"Ponte;Curva;Declive";"Não";2;1;0;0;0;1;0;2;-24,9466;-50,3955;"SPRF-PR";"DEL03-PR";"UOP01-DEL03-PR"
686761;2025-04-22;"terça-feira";"16:50:00";"MS";163;556,1;"BANDEIRANTES";"Condutor Dormindo";"Saída de leito carroçável";"Com Vítimas Feridas";"Pleno dia";"Decrescente";"Céu Claro";"Simples";"Reta;Declive";"Não";2;0;1;0;0;2;1;3;-19,8509723;-54,3694935;"SPRF-MS";"DEL01-MS";"UOP02-DEL01-MS"
686762;2025-04-22;"terça-feira";"14:40:00";"PI";343;56;"BURITI DOS LOPES";"Carga excessiva e/ou mal acondicionada";"Tombamento";"Sem Vítimas";"Pleno dia";"Decrescente";"Céu Claro";"Simples";"Reta";"Não";1;0;0;0;1;0;0;1;-3,22853702;-41,81524515;"SPRF-PI";"DEL05-PI";"UOP01-DEL05-PI"
686765;2025-04-22;"terça-feira";"16:00:00";"PR";280;261,8;"MARMELEIRO";"Suicídio (presumido)";"Colisão frontal";"Com Vítimas Fatais";"Pleno dia";"Decrescente";"Céu Claro";"Simples";"Reta";"Não";3;1;0;0;1;1;0;3;-26,185339;-53,07656;"SPRF-PR";"DEL02-PR";"UOP01-DEL02-PR"
686769;2025-04-22;"terça-feira";"16:55:00";"GO";452;47,7;"RIO VERDE";"Demais falhas mecânicas ou elétricas";"Incêndio";"Sem Vítimas";"Pleno dia";"Crescente";"Céu Claro";"Simples";"Interseção de Vias";"Não";2;0;0;0;1;1;0;2;-17,959512;-50,49632;"SPRF-GO";"DEL04-GO";"UOP01-DEL04-GO"
686770;2025-04-22;"terça-feira";"19:05:00";"PR";163;95,8;"CAPANEMA";"Velocidade Incompatível";"Tombamento";"Com Vítimas Fatais";"Anoitecer";"Crescente";"Céu Claro";"Simples";"Curva";"Não";3;1;0;0;0;2;0;3;-25,620803;-53,801153;"SPRF-PR";"DEL02-PR";"UOP02-DEL02-PR"
686775;2025-04-10;"quinta-feira";"19:45:00";"BA";324;532,7;"CONCEICAO DO JACUIPE";"Ausência de reação do condutor";"Colisão traseira";"Com Vítimas Feridas";"Plena Noite";"Crescente";"Céu Claro";"Dupla";"Reta;Declive";"Não";8;0;2;0;5;2;2;7;-12,35313;-38,832005;"SPRF-BA";"DEL01-BA";"UOP03-DEL01-BA"
686782;2025-04-22;"terça-feira";"18:35:00";"PR";376;450;"TIBAGI";"Reação tardia ou ineficiente do condutor";"Tombamento";"Sem Vítimas";"Anoitecer";"Crescente";"Céu Claro";"Dupla";"Curva;Declive";"Não";2;0;0;0;1;2;0;3;-24,87715125;-50,44228792;"SPRF-PR";"DEL03-PR";"UOP02-DEL03-PR"
686783;2025-04-22;"terça-feira";"21:50:00";"RS";392;30,9;"RIO GRANDE";"Condutor Dormindo";"Colisão traseira";"Com Vítimas Feridas";"Plena Noite";"Decrescente";"Céu Claro";"Dupla";"Reta;Retorno Regulamentado";"Não";3;0;1;0;1;1;1;3;-32,0409403;-52,28236914;"SPRF-RS";"DEL07-RS";"UOP02-DEL07-RS"
686788;2025-04-22;"terça-feira";"21:00:00";"PB";101;85;"JOAO PESSOA";"Manobra de mudança de faixa";"Colisão lateral mesmo sentido";"Sem Vítimas";"Plena Noite";"Crescente";"Céu Claro";"Dupla";"Reta;Aclive";"Sim";3;0;0;0;2;1;0;3;-7,15536182;-34,90758687;"SPRF-PB";"DEL01-PB";"UOP01-DEL01-PB"
686794;2025-04-22;"terça-feira";"19:55:00";"PR";277;165;"PORTO AMAZONAS";"Transitar na contramão";"Colisão frontal";"Com Vítimas Fatais";"Plena Noite";"Crescente";"Céu Claro";"Simples";"Reta;Declive";"Não";2;1;0;0;1;0;0;2;-25,47022872;-49,90127413;"SPRF-PR";"DEL03-PR";"UOP03-DEL03-PR"
686800;2025-04-22;"terça-feira";"23:30:00";"SC";116;159,1;"SANTA CECILIA";"Velocidade Incompatível";"Saída de leito carroçável";"Com Vítimas Feridas";"Plena Noite";"Crescente";"Céu Claro";"Simples";"Curva";"Não";1;0;0;1;0;0;1;1;-27,0977101;-50,453796;"SPRF-SC";"DEL06-SC";"UOP02-DEL06-SC"
686805;2025-04-23;"quarta-feira";"01:45:00";"RS";386;231,6;"SOLEDADE";"Condutor Dormindo";"Colisão traseira";"Com Vítimas Fatais";"Plena Noite";"Decrescente";"Céu Claro";"Simples";"Em Obras;Curva";"Não";3;1;0;0;1;2;0;4;-28,688129;-52,586761;"SPRF-RS";"DEL04-RS";"UOP03-DEL04-RS"
686806;2025-04-23;"quarta-feira";"01:50:00";"MG";381;777;"CAMPANHA";"Reação tardia ou ineficiente do condutor";"Colisão lateral mesmo sentido";"Com Vítimas Feridas";"Plena Noite";"Decrescente";"Céu Claro";"Dupla";"Reta";"Não";3;0;1;0;1;1;1;3;-21,798156;-45,459122;"SPRF-MG";"DEL16-MG";"UOP02-DEL16-MG"
686808;2025-04-23;"quarta-feira";"03:00:00";"SC";116;1,3;"MAFRA";"Suicídio (presumido)";"Atropelamento de Pedestre";"Com Vítimas Fatais";"Plena Noite";"Crescente";"Nublado";"Simples";"Retorno Regulamentado;Reta;Rotatória";"Sim";3;1;0;0;1;1;0;3;-26,11945;-49,78898;"SPRF-SC";"DEL06-SC";"UOP01-DEL06-SC"
686809;2025-04-22;"terça-feira";"09:00:00";"SC";470;80;"RODEIO";"Velocidade Incompatível";"Colisão lateral sentido oposto";"Sem Vítimas";"Pleno dia";"Decrescente";"Céu Claro";"Simples";"Ponte;Curva";"Não";3;0;0;0;3;0;0;3;-26,94869874;-49,32106018;"SPRF-SC";"DEL04-SC";"UOP01-DEL04-SC"
686810;2025-04-23;"quarta-feira";"04:50:00";"PR";376;649;"TIJUCAS DO SUL";"Ingestão de álcool pelo condutor";"Colisão traseira";"Sem Vítimas";"Plena Noite";"Decrescente";"Céu Claro";"Dupla";"Reta";"Não";4;0;0;0;2;2;0;4;-25,84621727;-49,08367094;"SPRF-PR";"DEL01-PR";"UOP04-DEL01-PR"
686815;2025-04-23;"quarta-feira";"05:44:00";"MG";381;319;"NOVA ERA";"Condutor Dormindo";"Colisão lateral sentido oposto";"Com Vítimas Feridas";"Pleno dia";"Crescente";"Chuva";"Simples";"Reta";"Não";3;0;0;2;1;0;2;2;-19,68473798;-42,9871738;"SPRF-MG";"DEL03-MG";"UOP02-DEL03-MG"
686829;2025-04-23;"quarta-feira";"06:50:00";"BA";101;45;"ESPLANADA";"Transitar na contramão";"Colisão frontal";"Com Vítimas Feridas";"Pleno dia";"Crescente";"Céu Claro";"Simples";"Curva";"Não";3;0;0;1;1;1;1;3;-11,84755761;-37,99275108;"SPRF-SE";"DEL02-SE";"UOP03-DEL02-SE"
686830;2025-04-23;"quarta-feira";"06:30:00";"BA";242;894;"BARREIRAS";"Demais falhas mecânicas ou elétricas";"Tombamento";"Sem Vítimas";"Amanhecer";"Decrescente";"Céu Claro";"Simples";"Reta";"Não";2;0;0;0;1;2;0;3;-12,07;-45,635;"SPRF-BA";"DEL10-BA";"UOP01-DEL10-BA"
686836;2025-04-23;"quarta-feira";"08:30:00";"CE";222;4,5;"CAUCAIA";"Demais falhas mecânicas ou elétricas";"Colisão traseira";"Sem Vítimas";"Pleno dia";"Decrescente";"Nublado";"Dupla";"Retorno Regulamentado;Reta";"Sim";4;0;0;0;4;0;0;2;-3,74299734;-38,61293829;"SPRF-CE";"DEL01-CE";"UOP01-DEL01-CE"
686843;2025-04-23;"quarta-feira";"05:00:00";"MG";116;675,1;"MIRADOURO";"Condutor Dormindo";"Colisão lateral sentido oposto";"Com Vítimas Feridas";"Plena Noite";"Decrescente";"Nublado";"Simples";"Reta";"Não";5;0;2;0;3;0;2;2;-20,909359;-42,350929;"SPRF-MG";"DEL07-MG";"UOP02-DEL07-MG"
686853;2025-04-23;"quarta-feira";"09:10:00";"AL";104;35,5;"UNIAO DOS PALMARES";"Reação tardia ou ineficiente do condutor";"Colisão traseira";"Com Vítimas Feridas";"Pleno dia";"Decrescente";"Céu Claro";"Simples";"Reta";"Sim";3;0;1;0;2;0;1;3;-9,16529024;-36,02004502;"SPRF-AL";"DEL01-AL";"UOP02-DEL01-AL"
686854;2025-04-23;"quarta-feira";"06:00:00";"BA";101;443;"UBAITABA";"Pista Escorregadia";"Colisão traseira";"Com Vítimas Feridas";"Pleno dia";"Crescente";"Chuva";"Simples";"Reta";"Sim";6;0;3;0;2;1;3;3;-14,300538;-39,324159;"SPRF-BA";"DEL05-BA";"UOP01-DEL05-BA"
686856;2025-04-23;"quarta-feira";"06:55:00";"SC";153;64,4;"IRANI";"Ultrapassagem Indevida";"Colisão lateral sentido oposto";"Com Vítimas Fatais";"Amanhecer";"Crescente";"Céu Claro";"Simples";"Curva";"Sim";8;2;1;2;2;2;3;5;-27,01277155;-51,87751718;"SPRF-SC";"DEL07-SC";"UOP04-DEL07-SC"
686857;2025-04-23;"quarta-feira";"09:00:00";"BA";110;3;"PAULO AFONSO";"Ultrapassagem Indevida";"Colisão frontal";"Com Vítimas Fatais";"Pleno dia";"Crescente";"Céu Claro";"Simples";"Curva";"Não";3;1;0;0;1;2;0;4;-9,44663913;-38,20151925;"SPRF-BA";"DEL07-BA";"UOP01-DEL07-BA"
686858;2025-04-23;"quarta-feira";"10:30:00";"PE";101;69;"RECIFE";"Acessar a via sem observar a presença dos outros veículos";"Colisão transversal";"Sem Vítimas";"Pleno dia";"Crescente";"Céu Claro";"Múltipla";"Reta";"Sim";4;0;0;0;3;1;0;3;-8,06237399;-34,94508505;"SPRF-PE";"DEL01-PE";"UOP01-DEL01-PE"
686860;2025-04-23;"quarta-feira";"06:30:00";"PA";163;1;"NOVO PROGRESSO";"Reação tardia ou ineficiente do condutor";"Saída de leito carroçável";"Com Vítimas Feridas";"Pleno dia";"Decrescente";"Céu Claro";"Simples";"Reta";"Não";2;0;1;0;0;2;1;3;-9,51069324;-54,85937119;"SPRF-MT";"DEL06-MT";"UOP03-DEL06-MT"
686864;2025-04-23;"quarta-feira";"11:55:00";"PB";101;41,7;"MAMANGUAPE";"Acessar a via sem observar a presença dos outros veículos";"Colisão traseira";"Com Vítimas Feridas";"Pleno dia";"Crescente";"Céu Claro";"Dupla";"Declive";"Sim";2;0;1;0;1;0;1;2;-6,853736;-35,1347628;"SPRF-PB";"DEL01-PB";"UOP03-DEL01-PB"
686865;2025-04-23;"quarta-feira";"12:15:00";"PR";277;242;"IRATI";"Mal súbito do condutor";"Colisão lateral sentido oposto";"Com Vítimas Feridas";"Pleno dia";"Crescente";"Nublado";"Simples";"Reta";"Não";3;0;1;0;1;2;1;4;-25,457;-50,61;"SPRF-PR";"DEL08-PR";"UOP02-DEL08-PR"
686868;2025-04-23;"quarta-feira";"11:55:00";"MG";381;788;"CAMPANHA";"Avarias e/ou desgaste excessivo no pneu";"Incêndio";"Sem Vítimas";"Pleno dia";"Crescente";"Nublado";"Dupla";"Reta;Aclive";"Não";2;0;0;0;1;1;0;2;-21,83409364;-45,50331116;"SPRF-MG";"DEL16-MG";"UOP02-DEL16-MG"
686869;2025-04-23;"quarta-feira";"08:10:00";"MA";222;317;"VITORIA DO MEARIM";"Transitar na contramão";"Colisão frontal";"Com Vítimas Fatais";"Pleno dia";"Decrescente";"Céu Claro";"Simples";"Reta";"Não";4;2;1;0;1;0;1;3;-3,568683;-44,943525;"SPRF-MA";"DEL02-MA";"UOP01-DEL02-MA"
686871;2025-04-23;"quarta-feira";"07:00:00";"SC";153;101,9;"CONCORDIA";"Ultrapassagem Indevida";"Colisão frontal";"Com Vítimas Fatais";"Pleno dia";"Crescente";"Céu Claro";"Simples";"Curva;Aclive";"Não";3;1;0;0;1;2;0;4;-27,26464;-51,95953;"SPRF-SC";"DEL07-SC";"UOP04-DEL07-SC"
686877;2025-04-23;"quarta-feira";"13:50:00";"RS";158;285,8;"JULIO DE CASTILHOS";"Ausência de reação do condutor";"Colisão traseira";"Com Vítimas Feridas";"Pleno dia";"Decrescente";"Céu Claro";"Simples";"Reta;Em Obras;Aclive";"Não";3;0;1;0;1;3;1;5;-29,428703;-53,674507;"SPRF-RS";"DEL09-RS";"UOP01-DEL09-RS"
686878;2025-04-23;"quarta-feira";"13:40:00";"BA";324;608;"SIMOES FILHO";"Carga excessiva e/ou mal acondicionada";"Tombamento";"Com Vítimas Feridas";"Pleno dia";"Crescente";"Céu Claro";"Dupla";"Curva;Viaduto";"Sim";2;0;1;0;1;0;1;1;-12,819595;-38,4087878;"SPRF-BA";"DEL01-BA";"UOP01-DEL01-BA"
686880;2025-04-23;"quarta-feira";"14:35:00";"GO";60;100;"ANAPOLIS";"Demais falhas na via";"Engavetamento";"Com Vítimas Feridas";"Pleno dia";"Crescente";"Chuva";"Dupla";"Reta";"Sim";4;0;1;0;3;0;1;3;-16,399428;-48,968996;"SPRF-GO";"DEL02-GO";"UOP01-DEL02-GO"
686883;2025-04-23;"quarta-feira";"13:40:00";"CE";116;361,4;"ICO";"Condutor Dormindo";"Saída de leito carroçável";"Com Vítimas Feridas";"Pleno dia";"Crescente";"Céu Claro";"Simples";"Reta;Ponte";"Sim";2;0;1;0;0;1;1;2;-6,33537504;-38,74655415;"SPRF-CE";"DEL05-CE";"UOP01-DEL05-CE"
686885;2025-04-23;"quarta-feira";"14:20:00";"MS";262;376,3;"TERENOS";"Entrada inopinada do pedestre";"Atropelamento de Pedestre";"Com Vítimas Fatais";"Pleno dia";"Crescente";"Céu Claro";"Simples";"Reta";"Não";4;1;0;0;1;2;0;3;-20,48197375;-54,83149616;"SPRF-MS";"DEL01-MS";"UOP03-DEL01-MS"
686887;2025-04-23;"quarta-feira";"14:50:00";"PR";369;161,8;"CAMBE";"Condutor deixou de manter distância do veículo da frente";"Colisão traseira";"Com Vítimas Fatais";"Pleno dia";"Crescente";"Sol";"Dupla";"Reta;Aclive";"Sim";2;1;0;0;1;0;0;2;-23,29194161;-51,26614378;"SPRF-PR";"DEL07-PR";"UOP01-DEL07-PR"
686889;2025-04-23;"quarta-feira";"12:12:00";"MT";70;521;"VARZEA GRANDE";"Acessar a via sem observar a presença dos outros veículos";"Colisão transversal";"Com Vítimas Feridas";"Pleno dia";"Crescente";"Céu Claro";"Simples";"Interseção de Vias;Rotatória";"Sim";2;0;0;1;1;0;1;2;-15,66761909;-56,18182214;"SPRF-MT";"DEL01-MT";"UOP02-DEL01-MT"
686892;2025-04-23;"quarta-feira";"14:15:00";"PR";476;307,9;"SAO MATEUS DO SUL";"Ausência de sinalização";"Colisão traseira";"Com Vítimas Feridas";"Pleno dia";"Crescente";"Céu Claro";"Simples";"Declive;Reta";"Não";3;0;1;0;2;0;1;3;-26,01564984;-50,63683301;"SPRF-PR";"DEL02-PR";"UOP03-DEL02-PR"
686901;2025-04-23;"quarta-feira";"12:20:00";"MA";135;67;"SANTA RITA";"Reação tardia ou ineficiente do condutor";"Saída de leito carroçável";"Sem Vítimas";"Pleno dia";"Crescente";"Chuva";"Dupla";"Reta";"Não";2;0;0;0;1;1;0;2;-3,115493;-44,323428;"SPRF-MA";"DEL01-MA";"UOP02-DEL01-MA"
686907;2025-04-23;"quarta-feira";"13:45:00";"MG";356;272,1;"MURIAE";"Condutor Dormindo";"Colisão lateral sentido oposto";"Com Vítimas Feridas";"Pleno dia";"Decrescente";"Nublado";"Simples";"Curva;Declive";"Não";2;0;1;0;1;0;1;2;-21,135476;-42,315797;"SPRF-MG";"DEL07-MG";"UOP02-DEL07-MG"
686908;2025-04-23;"quarta-feira";"17:07:00";"CE";116;19;"EUSEBIO";"Acessar a via sem observar a presença dos outros veículos";"Colisão lateral mesmo sentido";"Sem Vítimas";"Anoitecer";"Decrescente";"Céu Claro";"Dupla";"Reta";"Não";3;0;0;0;2;2;0;4;-3,92338389;-38,50746632;"SPRF-CE";"DEL01-CE";"UOP02-DEL01-CE"
686910;2025-04-23;"quarta-feira";"17:36:00";"MG";251;521,3;"MONTES CLAROS";"Suicídio (presumido)";"Colisão frontal";"Com Vítimas Fatais";"Pleno dia";"Crescente";"Céu Claro";"Simples";"Reta;Declive";"Não";6;1;1;1;1;2;2;4;-16,66563081;-43,78480911;"SPRF-MG";"DEL12-MG";"UOP01-DEL12-MG"
686914;2025-04-23;"quarta-feira";"18:10:00";"ES";101;442;"MIMOSO DO SUL";"Ausência de reação do condutor";"Colisão lateral sentido oposto";"Com Vítimas Feridas";"Plena Noite";"Crescente";"Céu Claro";"Simples";"Curva";"Não";4;0;2;1;0;2;3;5;-21,098541;-41,253782;"SPRF-ES";"DEL03-ES";"UOP02-DEL03-ES"
686945;2025-04-23;"quarta-feira";"19:45:00";"TO";153;750,8;"FIGUEIROPOLIS";"Reação tardia ou ineficiente do condutor";"Colisão transversal";"Com Vítimas Feridas";"Plena Noite";"Decrescente";"Nublado";"Simples";"Reta";"Não";3;0;1;0;1;1;1;3;-12,23231931;-49,15781021;"SPRF-TO";"DEL01-TO";"UOP02-DEL01-TO"
686950;2025-04-23;"quarta-feira";"16:10:00";"SP";153;151;"PROMISSAO";"Acessar a via sem observar a presença dos outros veículos";"Tombamento";"Sem Vítimas";"Pleno dia";"Decrescente";"Céu Claro";"Simples";"Reta";"Não";3;0;0;0;3;0;0;2;-21,44394658;-49,7841543;"SPRF-SP";"DEL07-SP";"UOP01-DEL07-SP"
686958;2025-04-23;"quarta-feira";"18:30:00";"BA";349;832;"SERRA DO RAMALHO";"Manobra de mudança de faixa";"Colisão frontal";"Com Vítimas Fatais";"Plena Noite";"Decrescente";"Céu Claro";"Simples";"Reta";"Não";4;2;0;0;1;1;0;3;-13,303;-43,7565;"SPRF-BA";"DEL10-BA";"UOP02-DEL10-BA"
686965;2025-04-23;"quarta-feira";"20:00:00";"MT";158;536;"AGUA BOA";"Ausência de reação do condutor";"Tombamento";"Com Vítimas Feridas";"Plena Noite";"Crescente";"Céu Claro";"Simples";"Reta";"Não";2;0;1;0;0;2;1;3;-14,0337131;-52,18457222;"SPRF-MT";"DEL07-MT";"UOP02-DEL07-MT"
686970;2025-04-24;"quinta-feira";"00:45:00";"MG";116;704,3;"MURIAE";"Condutor Dormindo";"Colisão lateral sentido oposto";"Sem Vítimas";"Plena Noite";"Decrescente";"Céu Claro";"Simples";"Curva";"Sim";4;0;0;0;2;2;0;4;-21,1464769;-42,3812978;"SPRF-MG";"DEL07-MG";"UOP02-DEL07-MG"
686974;2025-04-24;"quinta-feira";"01:30:00";"CE";116;84;"CASCAVEL";"Transitar na contramão";"Colisão frontal";"Com Vítimas Feridas";"Plena Noite";"Crescente";"Céu Claro";"Simples";"Reta";"Não";3;0;0;1;1;2;1;4;-4,459287;-38,372012;"SPRF-CE";"DEL03-CE";"UOP02-DEL03-CE"
686976;2025-04-24;"quinta-feira";"01:48:00";"MG";251;449,7;"GRAO MOGOL";"Velocidade Incompatível";"Tombamento";"Com Vítimas Feridas";"Plena Noite";"Crescente";"Nublado";"Simples";"Curva;Declive";"Não";1;0;1;0;0;0;1;1;-16,4310445;-43,2835252;"SPRF-MG";"DEL12-MG";"UOP01-DEL12-MG"
686982;2025-04-24;"quinta-feira";"04:00:00";"SP";101;49,5;"UBATUBA";"Entrada inopinada do pedestre";"Atropelamento de Pedestre";"Com Vítimas Feridas";"Plena Noite";"Decrescente";"Céu Claro";"Simples";"Reta";"Sim";2;0;0;1;1;0;1;2;-23,44604187;-45,08145332;"SPRF-SP";"DEL06-SP";"UOP01-DEL06-SP"
686983;2025-04-24;"quinta-feira";"05:10:00";"TO";10;453;"PALMAS";"Estacionar ou parar em local proibido";"Colisão traseira";"Com Vítimas Feridas";"Plena Noite";"Crescente";"Céu Claro";"Múltipla";"Reta";"Sim";4;0;1;0;3;0;1;2;-10,32390184;-48,29729319;"SPRF-TO";"DEL01-TO";"UOP03-DEL01-TO"
686984;2025-04-24;"quinta-feira";"05:30:00";"SC";101;371,5;"ICARA";"Condutor Dormindo";"Saída de leito carroçável";"Com Vítimas Feridas";"Amanhecer";"Crescente";"Céu Claro";"Dupla";"Curva";"Não";2;0;1;0;0;1;1;2;-28,71368545;-49,21836225;"SPRF-SC";"DEL02-SC";"UOP01-DEL02-SC"
686986;2025-04-24;"quinta-feira";"06:00:00";"BA";324;620;"SALVADOR";"Condutor deixou de manter distância do veículo da frente";"Colisão traseira";"Com Vítimas Feridas";"Amanhecer";"Decrescente";"Garoa/Chuvisco";"Dupla";"Reta";"Não";3;0;1;0;1;1;1;2;-12,919791;-38,465798;"SPRF-BA";"DEL01-BA";"UOP01-DEL01-BA"
686989;2025-04-08;"terça-feira";"20:23:00";"PR";277;617,2;"CEU AZUL";"Demais falhas mecânicas ou elétricas";"Engavetamento";"Com Vítimas Feridas";"Plena Noite";"Crescente";"Garoa/Chuvisco";"Simples";"Aclive;Reta";"Não";6;0;2;0;4;0;2;4;-25,07378666;-53,68443895;"SPRF-PR";"DEL05-PR";"UOP02-DEL05-PR"
686992;2025-04-24;"quinta-feira";"06:30:00";"BA";101;200;"CACHOEIRA";"Chuva";"Colisão lateral sentido oposto";"Com Vítimas Feridas";"Pleno dia";"Crescente";"Chuva";"Simples";"Curva;Declive";"Não";5;0;2;0;2;1;2;4;-12,5746609;-38,9796866;"SPRF-BA";"DEL01-BA";"UOP03-DEL01-BA"
686996;2025-04-23;"quarta-feira";"21:30:00";"BA";101;421;"IBIRAPITANGA";"Condutor Dormindo";"Colisão lateral sentido oposto";"Sem Vítimas";"Plena Noite";"Crescente";"Chuva";"Simples";"Curva";"Não";4;0;0;0;1;3;0;3;-14,134417;-39,358072;"SPRF-BA";"DEL05-BA";"UOP03-DEL05-BA"
686997;2025-04-24;"quinta-feira";"06:50:00";"SP";116;298;"REGISTRO";"Acessar a via sem observar a presença dos outros veículos";"Colisão transversal";"Com Vítimas Feridas";"Pleno dia";"Decrescente";"Céu Claro";"Dupla";"Reta";"Não";2;0;1;0;1;0;1;2;-24,5026638;-47,8444106;"SPRF-SP";"DEL04-SP";"UOP01-DEL04-SP"
687000;2025-04-24;"quinta-feira";"07:40:00";"ES";101;291,9;"CARIACICA";"Trafegar com motocicleta (ou similar) entre as faixas";"Colisão transversal";"Com Vítimas Fatais";"Pleno dia";"Crescente";"Sol";"Dupla";"Retorno Regulamentado;Reta";"Sim";2;1;0;0;1;0;0;2;-20,305992;-40,395167;"SPRF-ES";"DEL01-ES";"UOP01-DEL01-ES"
687003;2025-04-24;"quinta-feira";"08:00:00";"ES";101;299,3;"VIANA";"Condutor deixou de manter distância do veículo da frente";"Colisão lateral mesmo sentido";"Com Vítimas Feridas";"Pleno dia";"Crescente";"Céu Claro";"Dupla";"Reta";"Sim";2;0;1;0;1;0;1;2;-20,3577014;-40,4262213;"SPRF-ES";"DEL01-ES";"UOP01-DEL01-ES"
687012;2025-04-24;"quinta-feira";"07:15:00";"SC";282;401,5;"JOACABA";"Ultrapassagem Indevida";"Colisão frontal";"Com Vítimas Feridas";"Pleno dia";"Decrescente";"Céu Claro";"Simples";"Reta;Declive";"Não";4;0;1;0;2;1;1;4;-27,12835491;-51,62801743;"SPRF-SC";"DEL07-SC";"UOP05-DEL07-SC"
687015;2025-04-24;"quinta-feira";"08:25:00";"PI";316;7;"TERESINA";"Manobra de mudança de faixa";"Colisão lateral mesmo sentido";"Com Vítimas Feridas";"Pleno dia";"Crescente";"Sol";"Múltipla";"Reta";"Sim";2;0;1;0;1;0;1;2;-5,15254061;-42,77284339;"SPRF-PI";"DEL01-PI";"UOP02-DEL01-PI"
687017;2025-04-24;"quinta-feira";"08:40:00";"SC";470;57,9;"BLUMENAU";"Trafegar com motocicleta (ou similar) entre as faixas";"Colisão transversal";"Com Vítimas Feridas";"Pleno dia";"Crescente";"Nublado";"Simples";"Reta;Em Obras";"Sim";2;0;1;0;1;0;1;2;-26,88385;-49,14545;"SPRF-SC";"DEL04-SC";"UOP01-DEL04-SC"
687025;2025-04-24;"quinta-feira";"09:30:00";"SC";101;5,3;"GARUVA";"Velocidade Incompatível";"Incêndio";"Sem Vítimas";"Pleno dia";"Crescente";"Nublado";"Dupla";"Reta";"Não";2;0;0;0;1;1;0;2;-26,04999729;-48,8596344;"SPRF-SC";"DEL03-SC";"UOP01-DEL03-SC"
687026;2025-04-22;"terça-feira";"02:00:00";"AC";364;108;"RIO BRANCO";"Reação tardia ou ineficiente do condutor";"Saída de leito carroçável";"Com Vítimas Feridas";"Plena Noite";"Decrescente";"Nublado";"Simples";"Reta";"Não";1;0;1;0;0;0;1;1;-10,017426;-67,654336;"SPRF-AC";"DEL01-AC";"UOP01-DEL01-AC"
687028;2025-04-24;"quinta-feira";"09:00:00";"PR";277;313;"GUARAPUAVA";"Acumulo de água sobre o pavimento";"Colisão frontal";"Com Vítimas Feridas";"Pleno dia";"Decrescente";"Chuva";"Simples";"Curva";"Não";2;0;1;0;1;0;1;2;-25,3467908;-51,2204249;"SPRF-PR";"DEL08-PR";"UOP01-DEL08-PR"
687031;2025-04-24;"quinta-feira";"09:00:00";"RJ";116;172;"SAO JOAO DE MERITI";"Acessar a via sem observar a presença dos outros veículos";"Colisão lateral mesmo sentido";"Com Vítimas Feridas";"Pleno dia";"Decrescente";"Céu Claro";"Múltipla";"Reta";"Sim";3;0;1;0;2;0;1;2;-22,80067251;-43,35333824;"SPRF-RJ";"DEL06-RJ";"UOP01-DEL06-RJ"
687035;2025-04-24;"quinta-feira";"10:45:00";"ES";101;288,8;"CARIACICA";"Condutor deixou de manter distância do veículo da frente";"Colisão traseira";"Com Vítimas Feridas";"Pleno dia";"Crescente";"Céu Claro";"Dupla";"Declive;Reta";"Não";2;0;0;1;1;0;1;2;-20,28322004;-40,39303601;"SPRF-ES";"DEL01-ES";"UOP01-DEL01-ES"
687039;2025-04-24;"quinta-feira";"10:30:00";"MG";381;597,3;"CARMOPOLIS DE MINAS";"Condutor usando celular";"Saída de leito carroçável";"Com Vítimas Feridas";"Pleno dia";"Decrescente";"Nublado";"Dupla";"Reta;Declive";"Não";2;0;1;0;0;1;1;2;-20,55499148;-44,66134608;"SPRF-MG";"DEL04-MG";"UOP01-DEL04-MG"