"id";"data_inversa";"dia_semana";"horario";"uf";"br";"km";"municipio";"causa_acidente";"tipo_acidente";"classificacao_acidente";"fase_dia";"sentido_via";"condicao_metereologica";"tipo_pista";"tracado_via";"uso_solo";"pessoas";"mortos";"feridos_leves";"feridos_graves";"ilesos";"ignorados";"feridos";"veiculos";"latitude";"longitude";"regional";"delegacia";"uop"
687041;2025-04-24;"quinta-feira";"11:30:00";"RJ";116;170;"SAO JOAO DE MERITI";"Ausência de reação do condutor";"Colisão traseira";"Com Vítimas Feridas";"Pleno dia";"Decrescente";"Céu Claro";"Dupla";"Reta";"Sim";7;0;3;1;3;0;4;7;-22,80095945;-43,35257465;"SPRF-RJ";"DEL06-RJ";"UOP01-DEL06-RJ"
687042;2025-04-24;"quinta-feira";"10:53:00";"RO";364;697;"PORTO VELHO";"Manobra de mudança de faixa";"Colisão lateral mesmo sentido";"Sem Vítimas";"Pleno dia";"Crescente";"Sol";"Dupla";"Reta";"Não";3;0;0;0;3;0;0;2;-8,800284;-63,7617625;"SPRF-RO";"DEL01-RO";"UOP01-DEL01-RO"
687043;2025-04-24;"quinta-feira";"12:24:00";"MG";354;711,4;"CAXAMBU";"Velocidade Incompatível";"Tombamento";"Com Vítimas Feridas";"Pleno dia";"Crescente";"Céu Claro";"Simples";"Curva";"Não";2;0;1;0;0;2;1;3;-22,04794052;-44,92659688;"SPRF-MG";"DEL17-MG";"UOP01-DEL17-MG"
687044;2025-04-24;"quinta-feira";"10:05:00";"RJ";116;266,5;"BARRA MANSA";"Desvio temporário";"Atropelamento de Pedestre";"Com Vítimas Fatais";"Pleno dia";"Decrescente";"Céu Claro";"Dupla";"Reta;Em Obras;Aclive";"Não";3;1;0;0;1;1;0;3;-22,5379048;-44,1823157;"SPRF-RJ";"DEL07-RJ";"UOP02-DEL07-RJ"
687048;2025-04-24;"quinta-feira";"13:00:00";"RJ";116;110;"GUAPIMIRIM";"Demais falhas mecânicas ou elétricas";"Incêndio";"Sem Vítimas";"Pleno dia";"Decrescente";"Céu Claro";"Dupla";"Reta";"Não";1;0;0;0;1;0;0;1;-22,546126;-42,987935;"SPRF-RJ";"DEL04-RJ";"UOP02-DEL04-RJ"
687054;2025-04-24;"quinta-feira";"13:08:00";"PB";101;89,1;"JOAO PESSOA";"Reação tardia ou ineficiente do condutor";"Engavetamento";"Com Vítimas Feridas";"Pleno dia";"Decrescente";"Sol";"Dupla";"Reta";"Sim";9;0;4;2;2;2;6;6;-7,17326328;-34,8981455;"SPRF-PB";"DEL01-PB";"UOP01-DEL01-PB"
687055;2025-04-24;"quinta-feira";"12:05:00";"SC";116;54;"PAPANDUVA";"Condutor deixou de manter distância do veículo da frente";"Colisão traseira";"Com Vítimas Feridas";"Pleno dia";"Crescente";"Garoa/Chuvisco";"Simples";"Rotatória";"Sim";2;0;1;0;1;0;1;2;-26,39464;-50,16255;"SPRF-SC";"DEL06-SC";"UOP02-DEL06-SC"
687060;2025-04-16;"quarta-feira";"06:50:00";"PB";230;138;"CAMPINA GRANDE";"Ultrapassagem Indevida";"Colisão lateral mesmo sentido";"Com Vítimas Feridas";"Pleno dia";"Decrescente";"Céu Claro";"Dupla";"Reta";"Não";4;0;2;1;1;0;3;2;-7,27007129;-35,78924641;"SPRF-PB";"DEL02-PB";"UOP01-DEL02-PB"
687062;2025-04-24;"quinta-feira";"15:20:00";"MG";381;478,6;"CONTAGEM";"Manobra de mudança de faixa";"Colisão lateral mesmo sentido";"Com Vítimas Feridas";"Pleno dia";"Crescente";"Céu Claro";"Múltipla";"Reta";"Sim";4;0;1;0;2;1;1;4;-19,96264225;-44,04065645;"SPRF-MG";"DEL01-MG";"UOP03-DEL01-MG"
687063;2025-04-05;"sábado";"01:00:00";"BA";324;547;"AMELIA RODRIGUES";"Ausência de reação do condutor";"Colisão traseira";"Com Vítimas Feridas";"Plena Noite";"Crescente";"Céu Claro";"Dupla";"Reta";"Não";3;0;0;1;1;2;1;4;-12,4216123;-38,743279;"SPRF-BA";"DEL01-BA";"UOP03-DEL01-BA"
687064;2025-03-13;"quinta-feira";"22:00:00";"SC";101;207,6;"SAO JOSE";"Ausência de reação do condutor";"Colisão traseira";"Com Vítimas Feridas";"Pleno dia";"Decrescente";"Céu Claro";"Múltipla";"Reta";"Sim";3;0;0;1;2;0;1;3;-27,60223;-48,62878;"SPRF-SC";"DEL01-SC";"UOP01-DEL01-SC"
687070;2025-04-24;"quinta-feira";"12:40:00";"BA";116;554;"AMARGOSA";"Reação tardia ou ineficiente do condutor";"Saída de leito carroçável";"Com Vítimas Feridas";"Pleno dia";"Crescente";"Nublado";"Simples";"Curva";"Não";2;0;0;2;0;0;2;1;-13,02528;-39,583744;"SPRF-BA";"DEL03-BA";"UOP02-DEL03-BA"
687072;2025-04-24;"quinta-feira";"16:25:00";"MG";381;423;"CAETE";"Ausência de reação do condutor";"Colisão traseira";"Com Vítimas Feridas";"Pleno dia";"Decrescente";"Céu Claro";"Dupla";"Reta;Aclive";"Sim";3;0;0;1;1;2;1;4;-19,7828574;-43,66378784;"SPRF-MG";"DEL01-MG";"UOP01-DEL01-MG"
687074;2025-04-24;"quinta-feira";"16:15:00";"MG";40;468;"CAETANOPOLIS";"Acessar a via sem observar a presença dos outros veículos";"Colisão transversal";"Com Vítimas Feridas";"Pleno dia";"Decrescente";"Céu Claro";"Dupla";"Retorno Regulamentado;Aclive;Reta";"Não";2;0;1;0;1;0;1;2;-19,3905056;-44,33601379;"SPRF-MG";"DEL02-MG";"UOP01-DEL02-MG"
687077;2025-04-24;"quinta-feira";"16:10:00";"RS";290;115;"ELDORADO DO SUL";"Manobra de mudança de faixa";"Colisão frontal";"Com Vítimas Feridas";"Pleno dia";"Crescente";"Céu Claro";"Simples";"Reta";"Sim";5;0;2;2;1;0;4;2;-30,0362931;-51,3276937;"SPRF-RS";"DEL02-RS";"UOP01-DEL02-RS"
687078;2025-04-24;"quinta-feira";"10:30:00";"BA";242;925;"LUIS EDUARDO MAGALHAES";"Manobra de mudança de faixa";"Colisão frontal";"Com Vítimas Fatais";"Pleno dia";"Decrescente";"Céu Claro";"Simples";"Reta";"Não";3;1;0;0;1;3;0;5;-12,11033;-45,9395;"SPRF-BA";"DEL10-BA";"UOP01-DEL10-BA"
687079;2025-04-24;"quinta-feira";"16:45:00";"PR";369;143,5;"LONDRINA";"Conversão proibida";"Colisão traseira";"Sem Vítimas";"Pleno dia";"Crescente";"Chuva";"Dupla";"Reta";"Sim";3;0;0;0;3;0;0;2;-23,293297;-51,102612;"SPRF-PR";"DEL07-PR";"UOP01-DEL07-PR"
687080;2025-04-24;"quinta-feira";"17:00:00";"SC";101;12;"GARUVA";"Condutor deixou de manter distância do veículo da frente";"Colisão traseira";"Com Vítimas Feridas";"Anoitecer";"Decrescente";"Garoa/Chuvisco";"Dupla";"Aclive";"Não";2;0;1;0;1;0;1;2;-26,087562;-48,8623;"SPRF-SC";"DEL03-SC";"UOP01-DEL03-SC"
687082;2025-04-24;"quinta-feira";"15:30:00";"MT";364;484;"JANGADA";"Manobra de mudança de faixa";"Colisão lateral sentido oposto";"Com Vítimas Feridas";"Pleno dia";"Decrescente";"Céu Claro";"Simples";"Curva";"Não";6;0;2;0;3;4;2;7;-15,309565;-56,433808;"SPRF-MT";"DEL01-MT";"UOP02-DEL01-MT"
687084;2025-04-24;"quinta-feira";"13:49:00";"PA";163;617;"TRAIRAO";"Reação tardia ou ineficiente do condutor";"Tombamento";"Com Vítimas Feridas";"Pleno dia";"Crescente";"Céu Claro";"Simples";"Aclive;Curva";"Não";2;0;0;1;0;2;1;3;-4,732686;-56,048033;"SPRF-PA";"DEL06-PA";"UOP02-DEL06-PA"
687094;2025-04-24;"quinta-feira";"18:35:00";"MG";262;357;"BETIM";"Ausência de reação do condutor";"Tombamento";"Com Vítimas Feridas";"Plena Noite";"Crescente";"Céu Claro";"Dupla";"Reta";"Não";3;0;0;1;2;0;1;3;-19,982333;-44,231994;"SPRF-MG";"DEL01-MG";"UOP03-DEL01-MG"
687099;2025-04-24;"quinta-feira";"19:00:00";"MG";381;685;"RIBEIRAO VERMELHO";"Condutor deixou de manter distância do veículo da frente";"Colisão traseira";"Com Vítimas Feridas";"Plena Noite";"Decrescente";"Nublado";"Dupla";"Aclive;Curva";"Não";3;0;1;0;1;2;1;4;-21,1653976;-45,126238;"SPRF-MG";"DEL04-MG";"UOP02-DEL04-MG"
687103;2025-04-24;"quinta-feira";"18:30:00";"MG";40;660,4;"CARANDAI";"Ausência de reação do condutor";"Colisão traseira";"Sem Vítimas";"Plena Noite";"Decrescente";"Nublado";"Simples";"Reta;Declive";"Não";2;0;0;0;2;0;0;2;-20,90366049;-43,82767573;"SPRF-MG";"DEL05-MG";"UOP02-DEL05-MG"
687105;2025-04-24;"quinta-feira";"18:15:00";"PE";101;82;"JABOATAO DOS GUARARAPES";"Trafegar com motocicleta (ou similar) entre as faixas";"Colisão lateral mesmo sentido";"Com Vítimas Feridas";"Plena Noite";"Decrescente";"Chuva";"Dupla";"Reta";"Não";3;0;1;0;2;0;1;3;-8,17135655;-34,93904321;"SPRF-PE";"DEL01-PE";"UOP01-DEL01-PE"
687113;2025-04-24;"quinta-feira";"19:30:00";"SP";116;117;"TAUBATE";"Frear bruscamente";"Colisão traseira";"Com Vítimas Feridas";"Plena Noite";"Crescente";"Chuva";"Dupla";"Reta;Interseção de Vias";"Não";8;0;5;0;2;1;5;4;-23,05814119;-45,61799739;"SPRF-SP";"DEL02-SP";"UOP02-DEL02-SP"
687115;2025-04-13;"domingo";"12:45:00";"MT";70;286;"PRIMAVERA DO LESTE";"Conversão proibida";"Colisão traseira";"Sem Vítimas";"Pleno dia";"Crescente";"Céu Claro";"Simples";"Aclive;Reta";"Sim";3;0;0;0;2;1;0;3;-15,575403;-54,344437;"SPRF-MT";"DEL05-MT";"UOP01-DEL05-MT"
687125;2025-04-24;"quinta-feira";"18:30:00";"SP";381;35;"ATIBAIA";"Ausência de reação do condutor";"Colisão com objeto";"Com Vítimas Feridas";"Plena Noite";"Crescente";"Garoa/Chuvisco";"Dupla";"Reta;Declive";"Não";3;0;1;0;1;1;1;2;-23,09078582;-46,57190323;"SPRF-SP";"DEL03-SP";"UOP02-DEL03-SP"
687126;2025-04-24;"quinta-feira";"20:00:00";"MT";364;207;"RONDONOPOLIS";"Manobra de mudança de faixa";"Colisão lateral mesmo sentido";"Com Vítimas Feridas";"Plena Noite";"Decrescente";"Céu Claro";"Dupla";"Reta";"Sim";5;0;1;0;3;2;1;4;-16,43663893;-54,68258277;"SPRF-MT";"DEL02-MT";"UOP01-DEL02-MT"
687127;2025-04-24;"quinta-feira";"15:35:00";"PR";376;439;"TIBAGI";"Ausência de reação do condutor";"Colisão lateral mesmo sentido";"Sem Vítimas";"Pleno dia";"Decrescente";"Chuva";"Dupla";"Curva";"Não";2;0;0;0;2;0;0;2;-24,80543477;-50,49041748;"SPRF-PR";"DEL03-PR";"UOP02-DEL03-PR"
687133;2025-04-24;"quinta-feira";"15:05:00";"PR";376;345,5;"ORTIGUEIRA";"Velocidade Incompatível";"Tombamento";"Sem Vítimas";"Pleno dia";"Crescente";"Chuva";"Simples";"Curva;Declive";"Não";2;0;0;0;1;2;0;3;-24,1739573;-50,96546888;"SPRF-PR";"DEL07-PR";"UOP02-DEL07-PR"
687136;2025-04-24;"quinta-feira";"20:55:00";"BA";101;930;"MUCURI";"Ingestão de álcool pelo condutor";"Colisão frontal";"Com Vítimas Feridas";"Plena Noite";"Decrescente";"Céu Claro";"Simples";"Reta";"Não";4;0;1;0;2;1;1;4;-17,96027884;-39,86061859;"SPRF-BA";"DEL09-BA";"UOP02-DEL09-BA"
687142;2025-04-24;"quinta-feira";"22:40:00";"ES";101;280;"SERRA";"Demais falhas mecânicas ou elétricas";"Incêndio";"Sem Vítimas";"Plena Noite";"Crescente";"Céu Claro";"Dupla";"Reta";"Não";1;0;0;0;1;0;0;1;-20,21771;-40,3513616;"SPRF-ES";"DEL02-ES";"UOP01-DEL02-ES"
687145;2025-04-24;"quinta-feira";"21:02:00";"RS";470;160;"NOVA PRATA";"Acessar a via sem observar a presença dos outros veículos";"Tombamento";"Com Vítimas Feridas";"Plena Noite";"Crescente";"Céu Claro";"Simples";"Reta;Interseção de Vias";"Sim";2;0;1;0;1;0;1;2;-28,80793416;-51,60343146;"SPRF-RS";"DEL06-RS";"UOP02-DEL06-RS"
687147;2025-04-24;"quinta-feira";"22:45:00";"PR";277;5;"PARANAGUA";"Condutor deixou de manter distância do veículo da frente";"Colisão traseira";"Com Vítimas Feridas";"Plena Noite";"Decrescente";"Nublado";"Simples";"Reta";"Sim";3;0;0;1;1;1;1;3;-25,557411;-48,569069;"SPRF-PR";"DEL01-PR";"UOP05-DEL01-PR"
687149;2025-04-24;"quinta-feira";"17:40:00";"MG";116;546;"SANTA BARBARA DO LESTE";"Acessar a via sem observar a presença dos outros veículos";"Colisão lateral mesmo sentido";"Com Vítimas Feridas";"Anoitecer";"Decrescente";"Nublado";"Simples";"Curva";"Não";4;0;0;1;2;1;1;3;-19,942525;-42,131898;"SPRF-MG";"DEL06-MG";"UOP02-DEL06-MG"
687151;2025-04-24;"quinta-feira";"18:27:00";"MT";163;885;"CLAUDIA";"Ultrapassagem Indevida";"Capotamento";"Com Vítimas Feridas";"Plena Noite";"Decrescente";"Céu Claro";"Simples";"Reta";"Não";4;0;1;0;2;1;1;3;-11,43117147;-55,35259724;"SPRF-MT";"DEL06-MT";"UOP02-DEL06-MT"
687153;2025-04-24;"quinta-feira";"20:30:00";"MG";116;693,6;"MURIAE";"Suicídio (presumido)";"Colisão frontal";"Com Vítimas Fatais";"Plena Noite";"Decrescente";"Céu Claro";"Simples";"Reta;Declive";"Não";3;1;0;0;1;1;0;3;-21,052943;-42,368377;"SPRF-MG";"DEL07-MG";"UOP02-DEL07-MG"
687155;2025-04-24;"quinta-feira";"23:20:00";"MG";365;354,4;"VARJAO DE MINAS";"Demais falhas mecânicas ou elétricas";"Incêndio";"Sem Vítimas";"Plena Noite";"Crescente";"Céu Claro";"Simples";"Reta";"Não";2;0;0;0;1;1;0;2;-18,461271;-46,083393;"SPRF-MG";"DEL10-MG";"UOP01-DEL10-MG"
687156;2025-04-24;"quinta-feira";"20:00:00";"RO";364;740;"PORTO VELHO";"Chuva";"Saída de leito carroçável";"Com Vítimas Feridas";"Plena Noite";"Crescente";"Chuva";"Simples";"Declive;Reta";"Não";2;0;1;0;0;2;1;3;-8,89835996;-63,96879941;"SPRF-RO";"DEL01-RO";"UOP02-DEL01-RO"
687157;2025-04-24;"quinta-feira";"22:20:00";"MA";135;10;"SAO LUIS";"Acumulo de água sobre o pavimento";"Colisão traseira";"Com Vítimas Feridas";"Plena Noite";"Decrescente";"Garoa/Chuvisco";"Dupla";"Curva";"Sim";6;0;1;0;5;0;1;2;-2,66217526;-44,28549252;"SPRF-MA";"DEL01-MA";"UOP01-DEL01-MA"
687158;2025-04-25;"sexta-feira";"01:10:00";"PA";10;28;"DOM ELISEU";"Demais falhas mecânicas ou elétricas";"Saída de leito carroçável";"Sem Vítimas";"Plena Noite";"Decrescente";"Céu Claro";"Simples";"Reta";"Não";2;0;0;0;1;1;0;2;-4,20713;-47,545127;"SPRF-PA";"DEL02-PA";"UOP02-DEL02-PA"
687159;2025-04-25;"sexta-feira";"00:40:00";"SE";101;159;"SAO CRISTOVAO";"Velocidade Incompatível";"Tombamento";"Sem Vítimas";"Plena Noite";"Crescente";"Céu Claro";"Simples";"Curva;Aclive";"Não";1;0;0;0;0;1;0;1;-10,9579681;-37,2346443;"SPRF-SE";"DEL02-SE";"UOP01-DEL02-SE"
687161;2025-04-25;"sexta-feira";"04:30:00";"PR";272;372;"CAMPO MOURAO";"Transitar na contramão";"Colisão frontal";"Com Vítimas Fatais";"Plena Noite";"Crescente";"Garoa/Chuvisco";"Simples";"Curva;Aclive";"Não";4;3;1;0;0;0;1;2;-24,0697999;-52,4440591;"SPRF-PR";"DEL09-PR";"UOP03-DEL09-PR"
687163;2025-04-25;"sexta-feira";"03:45:00";"MG";381;831;"SAO SEBASTIAO DA BELA VISTA";"Reação tardia ou ineficiente do condutor";"Colisão traseira";"Com Vítimas Feridas";"Plena Noite";"Decrescente";"Céu Claro";"Dupla";"Reta";"Não";2;0;1;0;1;0;1;2;-22,11949799;-45,75779611;"SPRF-MG";"DEL16-MG";"UOP01-DEL16-MG"
687164;2025-04-25;"sexta-feira";"04:20:00";"SP";116;110,8;"TAUBATE";"Suicídio (presumido)";"Atropelamento de Pedestre";"Com Vítimas Feridas";"Plena Noite";"Decrescente";"Nublado";"Dupla";"Reta";"Não";2;0;0;1;0;1;1;2;-23,03856174;-45,5601475;"SPRF-SP";"DEL02-SP";"UOP02-DEL02-SP"
687166;2025-04-25;"sexta-feira";"04:40:00";"TO";153;559;"FATIMA";"Demais falhas mecânicas ou elétricas";"Atropelamento de Pedestre";"Com Vítimas Feridas";"Plena Noite";"Crescente";"Céu Claro";"Simples";"Reta";"Não";4;0;1;0;3;0;1;2;-10,738225;-48,903565;"SPRF-TO";"DEL01-TO";"UOP01-DEL01-TO"
687167;2025-04-25;"sexta-feira";"06:00:00";"RJ";116;174;"SAO JOAO DE MERITI";"Trafegar com motocicleta (ou similar) entre as faixas";"Tombamento";"Com Vítimas Feridas";"Pleno dia";"Decrescente";"Céu Claro";"Múltipla";"Reta";"Sim";2;0;1;0;1;0;1;2;-22,79322385;-43,36636003;"SPRF-RJ";"DEL06-RJ";"UOP01-DEL06-RJ"
687175;2025-04-25;"sexta-feira";"05:23:00";"MG";381;614,9;"OLIVEIRA";"Velocidade Incompatível";"Saída de leito carroçável";"Com Vítimas Feridas";"Amanhecer";"Decrescente";"Chuva";"Dupla";"Reta";"Não";1;0;0;1;0;0;1;1;-20,71171272;-44,75894159;"SPRF-MG";"DEL04-MG";"UOP01-DEL04-MG"
687181;2025-04-25;"sexta-feira";"06:40:00";"SC";282;111,7;"ALFREDO WAGNER";"Curva acentuada";"Colisão lateral sentido oposto";"Com Vítimas Feridas";"Pleno dia";"Crescente";"Céu Claro";"Simples";"Curva;Declive";"Não";7;0;3;2;1;1;5;4;-27,733783;-49,374037;"SPRF-SC";"DEL01-SC";"UOP03-DEL01-SC"
687184;2025-04-25;"sexta-feira";"07:50:00";"MG";365;639,6;"UBERLANDIA";"Avarias e/ou desgaste excessivo no pneu";"Colisão traseira";"Com Vítimas Feridas";"Pleno dia";"Crescente";"Nublado";"Dupla";"Reta;Aclive";"Não";2;0;1;0;0;1;1;2;-18,8863455;-48,4589289;"SPRF-MG";"DEL15-MG";"UOP01-DEL15-MG"
687186;2025-04-25;"sexta-feira";"06:45:00";"MG";40;593,5;"OURO PRETO";"Manobra de mudança de faixa";"Colisão lateral mesmo sentido";"Com Vítimas Feridas";"Amanhecer";"Decrescente";"Garoa/Chuvisco";"Simples";"Curva";"Não";6;0;1;0;4;1;1;4;-20,39765285;-43,90256792;"SPRF-MG";"DEL05-MG";"UOP02-DEL05-MG"
687191;2025-04-25;"sexta-feira";"06:54:00";"TO";153;327,2;"GUARAI";"Condutor deixou de manter distância do veículo da frente";"Saída de leito carroçável";"Com Vítimas Feridas";"Pleno dia";"Decrescente";"Céu Claro";"Simples";"Reta;Declive";"Não";2;0;1;0;0;1;1;2;-8,771537;-48,510708;"SPRF-TO";"DEL02-TO";"UOP02-DEL02-TO"
687193;2025-04-25;"sexta-feira";"07:20:00";"RJ";101;261;"RIO BONITO";"Pista Escorregadia";"Queda de ocupante de veículo";"Com Vítimas Fatais";"Pleno dia";"Crescente";"Nublado";"Simples";"Curva";"Não";3;1;0;0;1;1;0;3;-22,71307449;-42,61978184;"SPRF-RJ";"DEL02-RJ";"UOP03-DEL02-RJ"
687196;2025-04-25;"sexta-feira";"08:30:00";"RN";304;302;"MACAIBA";"Manobra de mudança de faixa";"Colisão traseira";"Com Vítimas Feridas";"Pleno dia";"Crescente";"Céu Claro";"Dupla";"Reta";"Não";2;0;0;1;1;0;1;2;-5,8812744;-35,2912052;"SPRF-RN";"DEL01-RN";"UOP02-DEL01-RN"
687197;2025-04-25;"sexta-feira";"09:10:00";"RS";290;92;"PORTO ALEGRE";"Reação tardia ou ineficiente do condutor";"Colisão traseira";"Com Vítimas Feridas";"Pleno dia";"Crescente";"Céu Claro";"Múltipla";"Reta";"Sim";3;0;1;0;2;0;1;2;-29,97068057;-51,1821022;"SPRF-RS";"DEL01-RS";"UOP01-DEL01-RS"
687200;2025-04-25;"sexta-feira";"08:50:00";"PR";369;63,7;"BANDEIRANTES";"Ultrapassagem Indevida";"Colisão traseira";"Com Vítimas Feridas";"Pleno dia";"Decrescente";"Chuva";"Simples";"Reta";"Não";6;0;2;0;3;1;2;5;-23,13170661;-50,37050899;"SPRF-PR";"DEL07-PR";"UOP05-DEL07-PR"
687202;2025-02-23;"domingo";"00:25:00";"PE";316;74;"OURICURI";"Ausência de reação do condutor";"Tombamento";"Com Vítimas Feridas";"Plena Noite";"Decrescente";"Céu Claro";"Simples";"Declive";"Não";3;0;2;0;0;1;2;2;-7,82677705;-40,15323591;"SPRF-PE";"DEL05-PE";"UOP02-DEL05-PE"
687204;2025-04-25;"sexta-feira";"09:10:00";"GO";153;506;"APARECIDA DE GOIANIA";"Ausência de reação do condutor";"Colisão lateral mesmo sentido";"Sem Vítimas";"Pleno dia";"Decrescente";"Nublado";"Múltipla";"Reta";"Sim";4;0;0;0;3;1;0;3;-16,74883968;-49,24085325;"SPRF-GO";"DEL01-GO";"UOP01-DEL01-GO"
687209;2025-04-25;"sexta-feira";"06:50:00";"MG";116;7;"JUIZ DE FORA";"Velocidade Incompatível";"Colisão transversal";"Com Vítimas Feridas";"Amanhecer";"Crescente";"Chuva";"Simples";"Curva;Ponte";"Não";4;0;0;2;1;1;2;3;-21,7730101;-43,34557391;"SPRF-BA";"DEL08-BA";"UOP03-DEL08-BA"
687210;2025-04-25;"sexta-feira";"10:10:00";"SP";116;211,8;"GUARULHOS";"Manobra de mudança de faixa";"Colisão lateral mesmo sentido";"Com Vítimas Feridas";"Pleno dia";"Crescente";"Garoa/Chuvisco";"Múltipla";"Curva";"Sim";2;0;1;0;1;0;1;2;-23,435209;-46,426826;"SPRF-SP";"DEL01-SP";"UOP01-DEL01-SP"
687214;2025-04-25;"sexta-feira";"08:00:00";"RS";153;587;"HULHA NEGRA";"Modificação proibida";"Colisão frontal";"Com Vítimas Feridas";"Pleno dia";"Decrescente";"Nevoeiro/Neblina";"Simples";"Reta";"Não";5;0;1;1;2;1;2;4;-31,325453;-53,9855696;"SPRF-RS";"DEL11-RS";"UOP03-DEL11-RS"
687216;2025-04-25;"sexta-feira";"10:40:00";"BA";324;520;"FEIRA DE SANTANA";"Condutor deixou de manter distância do veículo da frente";"Engavetamento";"Com Vítimas Feridas";"Pleno dia";"Decrescente";"Céu Claro";"Dupla";"Reta";"Não";3;0;0;1;2;0;1;3;-12,275473;-38,931307;"SPRF-BA";"DEL01-BA";"UOP03-DEL01-BA"
687223;2025-04-16;"quarta-feira";"17:00:00";"MG";50;70;"UBERLANDIA";"Ausência de reação do condutor";"Colisão traseira";"Com Vítimas Feridas";"Anoitecer";"Decrescente";"Nublado";"Dupla";"Reta";"Sim";2;0;1;0;1;0;1;2;-18,88676133;-48,26215122;"SPRF-MG";"DEL15-MG";"UOP01-DEL15-MG"
687226;2025-04-25;"sexta-feira";"11:15:00";"PI";316;9;"TERESINA";"Manobra de mudança de faixa";"Colisão lateral mesmo sentido";"Com Vítimas Feridas";"Pleno dia";"Crescente";"Sol";"Múltipla";"Declive;Reta";"Sim";2;0;1;0;1;0;1;2;-5,1773899;-42,7655358;"SPRF-PI";"DEL01-PI";"UOP02-DEL01-PI"
687233;2025-04-25;"sexta-feira";"11:49:00";"SC";101;37;"JOINVILLE";"Reação tardia ou ineficiente do condutor";"Colisão traseira";"Com Vítimas Feridas";"Pleno dia";"Decrescente";"Céu Claro";"Múltipla";"Reta";"Sim";2;0;0;1;1;0;1;2;-26,2844062;-48,88808576;"SPRF-SC";"DEL03-SC";"UOP01-DEL03-SC"
687234;2025-04-25;"sexta-feira";"11:30:00";"RJ";40;109;"DUQUE DE CAXIAS";"Velocidade Incompatível";"Tombamento";"Com Vítimas Feridas";"Pleno dia";"Decrescente";"Garoa/Chuvisco";"Simples";"Aclive;Viaduto;Curva";"Sim";2;0;1;0;0;1;1;2;-22,6744742;-43,2853617;"SPRF-RJ";"DEL01-RJ";"UOP02-DEL01-RJ"
687236;2025-04-25;"sexta-feira";"12:00:00";"MG";40;504,5;"ESMERALDAS";"Mal súbito do condutor";"Tombamento";"Com Vítimas Feridas";"Pleno dia";"Crescente";"Céu Claro";"Dupla";"Reta";"Não";1;0;1;0;0;0;1;1;-19,730465;-44,152532;"SPRF-MG";"DEL02-MG";"UOP01-DEL02-MG"
687238;2025-04-25;"sexta-feira";"12:33:00";"MT";364;347,9;"SANTO ANTONIO DO LEVERGER";"Demais falhas mecânicas ou elétricas";"Colisão traseira";"Com Vítimas Feridas";"Pleno dia";"Crescente";"Céu Claro";"Dupla";"Reta;Declive";"Não";4;0;1;1;1;1;2;3;-15,795391;-55,564395;"SPRF-MT";"DEL05-MT";"UOP02-DEL05-MT"
687246;2025-04-25;"sexta-feira";"14:00:00";"SC";101;204,7;"SAO JOSE";"Reação tardia ou ineficiente do condutor";"Engavetamento";"Com Vítimas Feridas";"Pleno dia";"Crescente";"Sol";"Múltipla";"Reta";"Sim";3;0;1;0;2;0;1;3;-27,57869159;-48,61377658;"SPRF-SC";"DEL01-SC";"UOP01-DEL01-SC"
687247;2025-02-17;"segunda-feira";"21:30:00";"PA";163;652;"ITAITUBA";"Reação tardia ou ineficiente do condutor";"Tombamento";"Com Vítimas Feridas";"Plena Noite";"Crescente";"Ignorado";"Simples";"Curva";"Não";2;0;0;1;0;1;1;2;-4,5098;-55,86367;"SPRF-PA";"DEL06-PA";"UOP01-DEL06-PA"
687250;2025-04-25;"sexta-feira";"14:15:00";"PE";101;69;"RECIFE";"Ausência de reação do condutor";"Colisão traseira";"Com Vítimas Feridas";"Pleno dia";"Crescente";"Céu Claro";"Múltipla";"Interseção de Vias";"Sim";2;0;1;0;1;0;1;2;-8,0639505;-34,9447122;"SPRF-PE";"DEL01-PE";"UOP01-DEL01-PE"
687252;2025-04-25;"sexta-feira";"14:16:00";"PE";101;64;"RECIFE";"Condutor usando celular";"Colisão traseira";"Sem Vítimas";"Pleno dia";"Crescente";"Sol";"Dupla";"Reta;Viaduto";"Sim";2;0;0;0;2;0;0;2;-8,01714;-34,941178;"SPRF-PE";"DEL01-PE";"UOP01-DEL01-PE"
687255;2025-04-25;"sexta-feira";"14:45:00";"SC";101;205,7;"SAO JOSE";"Ausência de reação do condutor";"Colisão com objeto";"Com Vítimas Feridas";"Pleno dia";"Crescente";"Céu Claro";"Dupla";"Reta";"Sim";2;0;0;1;1;0;1;2;-27,589852;-48,617522;"SPRF-SC";"DEL01-SC";"UOP01-DEL01-SC"
687256;2025-04-25;"sexta-feira";"13:50:00";"RS";101;31;"TRES CACHOEIRAS";"Acessar a via sem observar a presença dos outros veículos";"Colisão traseira";"Com Vítimas Feridas";"Pleno dia";"Crescente";"Céu Claro";"Dupla";"Reta;Interseção de Vias";"Não";3;0;1;0;1;2;1;4;-29,49009068;-49,9753782;"SPRF-RS";"DEL03-RS";"UOP02-DEL03-RS"
687260;2025-04-17;"quinta-feira";"16:45:00";"RO";364;162,7;"PIMENTA BUENO";"Reação tardia ou ineficiente do condutor";"Colisão lateral sentido oposto";"Com Vítimas Feridas";"Pleno dia";"Decrescente";"Céu Claro";"Simples";"Reta;Declive";"Não";9;0;5;0;3;3;5;6;-11,899675;-60,977777;"SPRF-RO";"DEL02-RO";"UOP02-DEL02-RO"
687261;2025-04-25;"sexta-feira";"16:40:00";"SC";101;207;"SAO JOSE";"Condutor deixou de manter distância do veículo da frente";"Colisão traseira";"Com Vítimas Feridas";"Pleno dia";"Crescente";"Céu Claro";"Múltipla";"Aclive;Reta";"Não";2;0;1;0;1;0;1;2;-27,59625286;-48,61967174;"SPRF-SC";"DEL01-SC";"UOP01-DEL01-SC"