"id";"data_inversa";"dia_semana";"horario";"uf";"br";"km";"municipio";"causa_acidente";"tipo_acidente";"classificacao_acidente";"fase_dia";"sentido_via";"condicao_metereologica";"tipo_pista";"tracado_via";"uso_solo";"pessoas";"mortos";"feridos_leves";"feridos_graves";"ilesos";"ignorados";"feridos";"veiculos";"latitude";"longitude";"regional";"delegacia";"uop"
687264;2025-04-25;"sexta-feira";"14:00:00";"GO";70;434;"ARAGARCAS";"Demais falhas mecânicas ou elétricas";"Incêndio";"Sem Vítimas";"Pleno dia";"Decrescente";"Céu Claro";"Simples";"Reta";"Não";1;0;0;0;1;0;0;1;-15,888445;-51,88971;"SPRF-GO";"DEL04-GO";"UOP02-DEL04-GO"
687266;2025-04-25;"sexta-feira";"10:50:00";"GO";153;563;"MORRINHOS";"Chuva";"Saída de leito carroçável";"Com Vítimas Feridas";"Pleno dia";"Decrescente";"Chuva";"Dupla";"Declive";"Não";4;0;2;0;1;6;2;7;-17,6390144;-49,1913216;"SPRF-GO";"DEL03-GO";"UOP01-DEL03-GO"
687274;2025-04-25;"sexta-feira";"16:33:00";"PE";101;83,6;"JABOATAO DOS GUARARAPES";"Ausência de reação do condutor";"Colisão lateral mesmo sentido";"Sem Vítimas";"Anoitecer";"Decrescente";"Céu Claro";"Dupla";"Reta";"Sim";2;0;0;0;2;0;0;2;-8,178395;-34,947429;"SPRF-PE";"DEL01-PE";"UOP01-DEL01-PE"
687275;2025-04-25;"sexta-feira";"16:50:00";"GO";20;30,1;"FORMOSA";"Reação tardia ou ineficiente do condutor";"Colisão frontal";"Com Vítimas Feridas";"Pleno dia";"Crescente";"Garoa/Chuvisco";"Simples";"Reta;Declive";"Não";7;0;2;1;3;1;3;4;-15,499728;-47,110783;"SPRF-DF";"DEL02-DF";"UOP02-DEL02-DF"
687276;2025-04-25;"sexta-feira";"11:00:00";"GO";153;563;"MORRINHOS";"Chuva";"Colisão lateral mesmo sentido";"Com Vítimas Feridas";"Pleno dia";"Decrescente";"Chuva";"Dupla";"Declive";"Não";5;0;2;1;1;1;3;3;-17,6390144;-49,1913216;"SPRF-GO";"DEL03-GO";"UOP01-DEL03-GO"
687299;2025-04-25;"sexta-feira";"16:50:00";"PR";277;592,9;"CASCAVEL";"Condutor deixou de manter distância do veículo da frente";"Colisão traseira";"Com Vítimas Feridas";"Pleno dia";"Decrescente";"Garoa/Chuvisco";"Simples";"Declive;Reta";"Sim";5;0;0;1;3;1;1;5;-24,98088359;-53,48248277;"SPRF-PR";"DEL04-PR";"UOP01-DEL04-PR"
687304;2025-04-25;"sexta-feira";"19:10:00";"RJ";101;531;"ANGRA DOS REIS";"Chuva";"Colisão frontal";"Com Vítimas Feridas";"Plena Noite";"Decrescente";"Chuva";"Simples";"Curva";"Não";2;0;1;0;1;0;1;2;-23,01708645;-44,52925622;"SPRF-RJ";"DEL03-RJ";"UOP03-DEL03-RJ"
687308;2025-04-25;"sexta-feira";"16:30:00";"ES";484;98;"AFONSO CLAUDIO";"Ausência de reação do condutor";"Colisão transversal";"Com Vítimas Feridas";"Pleno dia";"Crescente";"Nublado";"Simples";"Aclive;Reta";"Não";2;0;0;1;1;0;1;2;-20,01336196;-41,03200468;"SPRF-ES";"DEL01-ES";"UOP02-DEL01-ES"
687314;2025-04-25;"sexta-feira";"18:05:00";"AC";364;122;"RIO BRANCO";"Manobra de mudança de faixa";"Colisão traseira";"Com Vítimas Feridas";"Plena Noite";"Crescente";"Céu Claro";"Dupla";"Reta";"Sim";3;0;1;0;1;3;1;5;-10,01175977;-67,78147101;"SPRF-AC";"DEL01-AC";"UOP01-DEL01-AC"
687317;2025-04-25;"sexta-feira";"18:40:00";"SC";101;114;"ITAJAI";"Acessar a via sem observar a presença dos outros veículos";"Colisão lateral mesmo sentido";"Com Vítimas Feridas";"Plena Noite";"Crescente";"Céu Claro";"Múltipla";"Reta";"Sim";4;0;2;0;1;1;2;4;-26,86632907;-48,73011279;"SPRF-SC";"DEL04-SC";"UOP04-DEL04-SC"
687318;2025-04-25;"sexta-feira";"19:40:00";"SC";101;175,1;"GOVERNADOR CELSO RAMOS";"Transitar no Acostamento";"Colisão com objeto";"Com Vítimas Fatais";"Plena Noite";"Crescente";"Céu Claro";"Dupla";"Reta";"Sim";4;1;0;0;2;1;0;4;-27,341202;-48,627975;"SPRF-SC";"DEL01-SC";"UOP01-DEL01-SC"
687322;2025-04-25;"sexta-feira";"19:10:00";"PR";476;172;"CONTENDA";"Reação tardia ou ineficiente do condutor";"Colisão transversal";"Com Vítimas Feridas";"Plena Noite";"Decrescente";"Nublado";"Dupla";"Reta";"Sim";2;0;0;1;1;0;1;2;-25,68169285;-49,52577559;"SPRF-PR";"DEL01-PR";"UOP06-DEL01-PR"
687327;2025-04-25;"sexta-feira";"19:20:00";"MG";116;720,2;"MURIAE";"Ingestão de álcool pelo condutor";"Saída de leito carroçável";"Com Vítimas Feridas";"Plena Noite";"Decrescente";"Nublado";"Simples";"Reta";"Não";1;0;1;0;0;0;1;1;-21,2507021;-42,39757061;"SPRF-MG";"DEL07-MG";"UOP02-DEL07-MG"
687329;2025-04-25;"sexta-feira";"18:10:00";"RO";364;358;"JI-PARANA";"Ultrapassagem Indevida";"Tombamento";"Com Vítimas Fatais";"Plena Noite";"Decrescente";"Chuva";"Simples";"Reta";"Não";3;1;0;0;1;1;0;3;-10,78746;-62,047308;"SPRF-RO";"DEL02-RO";"UOP01-DEL02-RO"
687332;2025-04-25;"sexta-feira";"21:33:00";"SP";116;179;"GUARAREMA";"Reação tardia ou ineficiente do condutor";"Colisão traseira";"Com Vítimas Feridas";"Plena Noite";"Crescente";"Garoa/Chuvisco";"Dupla";"Reta";"Não";4;0;3;0;1;0;3;2;-23,32793657;-46,12899391;"SPRF-SP";"DEL01-SP";"UOP01-DEL01-SP"
687335;2025-04-25;"sexta-feira";"22:00:00";"MG";381;491,3;"BETIM";"Reação tardia ou ineficiente do condutor";"Colisão traseira";"Com Vítimas Feridas";"Plena Noite";"Crescente";"Nublado";"Dupla";"Reta";"Sim";3;0;1;0;1;1;1;3;-19,95918132;-44,15378129;"SPRF-MG";"DEL01-MG";"UOP03-DEL01-MG"
687336;2025-04-25;"sexta-feira";"21:58:00";"MG";381;433,9;"SABARA";"Velocidade Incompatível";"Tombamento";"Com Vítimas Feridas";"Plena Noite";"Decrescente";"Nublado";"Simples";"Curva";"Não";4;0;0;1;1;2;1;3;-19,78673408;-43,73468399;"SPRF-MG";"DEL01-MG";"UOP01-DEL01-MG"
687338;2025-04-25;"sexta-feira";"21:50:00";"CE";222;312;"TIANGUA";"Ausência de reação do condutor";"Colisão traseira";"Com Vítimas Fatais";"Plena Noite";"Decrescente";"Chuva";"Dupla";"Reta";"Sim";2;1;0;0;1;0;0;2;-3,725175;-40,997508;"SPRF-CE";"DEL04-CE";"UOP02-DEL04-CE"
687340;2025-04-25;"sexta-feira";"21:20:00";"MG";381;927,9;"ITAPEVA";"Pedestre andava na pista";"Atropelamento de Pedestre";"Com Vítimas Feridas";"Plena Noite";"Decrescente";"Céu Claro";"Dupla";"Reta";"Sim";2;0;0;1;0;1;1;2;-22,76631837;-46,22365862;"SPRF-MG";"DEL16-MG";"UOP03-DEL16-MG"
687341;2025-04-25;"sexta-feira";"21:00:00";"PE";407;54;"PETROLINA";"Condutor Dormindo";"Saída de leito carroçável";"Sem Vítimas";"Plena Noite";"Decrescente";"Céu Claro";"Simples";"Ponte";"Não";1;0;0;0;1;0;0;1;-8,82512789;-40,82441211;"SPRF-PE";"DEL06-PE";"UOP02-DEL06-PE"
687344;2025-04-25;"sexta-feira";"22:40:00";"TO";153;150;"ARAGUAINA";"Manobra de mudança de faixa";"Colisão frontal";"Com Vítimas Feridas";"Plena Noite";"Crescente";"Céu Claro";"Simples";"Reta";"Não";4;0;2;1;1;0;3;3;-7,3233522;-48,3070174;"SPRF-TO";"DEL02-TO";"UOP01-DEL02-TO"
687352;2025-04-25;"sexta-feira";"16:40:00";"RS";290;420,8;"SAO GABRIEL";"Acessar a via sem observar a presença dos outros veículos";"Colisão transversal";"Sem Vítimas";"Pleno dia";"Decrescente";"Céu Claro";"Simples";"Rotatória";"Não";3;0;0;0;1;2;0;3;-30,33152765;-54,35644627;"SPRF-RS";"DEL11-RS";"UOP02-DEL11-RS"
687354;2025-04-25;"sexta-feira";"21:00:00";"MT";163;555;"DIAMANTINO";"Manobra de mudança de faixa";"Colisão lateral sentido oposto";"Com Vítimas Feridas";"Plena Noite";"Decrescente";"Céu Claro";"Simples";"Reta";"Não";2;0;1;0;0;1;1;2;-14,21187372;-56,09138489;"SPRF-MT";"DEL01-MT";"UOP01-DEL01-MT"
687355;2025-04-25;"sexta-feira";"19:30:00";"RS";101;61;"MAQUINE";"Demais falhas mecânicas ou elétricas";"Incêndio";"Sem Vítimas";"Plena Noite";"Decrescente";"Céu Claro";"Dupla";"Reta";"Não";2;0;0;0;1;1;0;2;-29,6833029;-50,14904308;"SPRF-RS";"DEL03-RS";"UOP02-DEL03-RS"
687357;2025-04-25;"sexta-feira";"20:20:00";"SC";101;403;"MARACAJA";"Manobra de mudança de faixa";"Colisão traseira";"Com Vítimas Feridas";"Plena Noite";"Crescente";"Céu Claro";"Dupla";"Reta";"Não";6;0;2;0;4;0;2;2;-28,88308423;-49,46134053;"SPRF-SC";"DEL02-SC";"UOP02-DEL02-SC"
687359;2025-04-26;"sábado";"01:20:00";"PR";153;466;"UNIAO DA VITORIA";"Transitar na contramão";"Colisão frontal";"Com Vítimas Fatais";"Plena Noite";"Crescente";"Céu Claro";"Simples";"Reta";"Não";2;1;0;0;1;0;0;2;-26,26985047;-51,17516664;"SPRF-PR";"DEL02-PR";"UOP03-DEL02-PR"
687365;2025-04-26;"sábado";"01:00:00";"RJ";40;83;"PETROPOLIS";"Demais falhas mecânicas ou elétricas";"Colisão com objeto";"Sem Vítimas";"Plena Noite";"Decrescente";"Garoa/Chuvisco";"Simples";"Reta";"Não";1;0;0;0;1;0;0;1;-22,5284686;-43,2228239;"SPRF-RJ";"DEL01-RJ";"UOP01-DEL01-RJ"
687370;2025-04-26;"sábado";"01:45:00";"PR";277;206,9;"PALMEIRA";"Velocidade Incompatível";"Tombamento";"Com Vítimas Fatais";"Plena Noite";"Crescente";"Céu Claro";"Simples";"Curva";"Não";2;1;0;0;0;1;0;2;-25,471109;-50,278777;"SPRF-PR";"DEL08-PR";"UOP02-DEL08-PR"
687377;2025-04-26;"sábado";"03:45:00";"SC";101;206,7;"SAO JOSE";"Reação tardia ou ineficiente do condutor";"Colisão com objeto";"Com Vítimas Feridas";"Plena Noite";"Decrescente";"Céu Claro";"Múltipla";"Reta;Declive";"Sim";4;0;1;0;1;2;1;4;-27,59837;-48,620933;"SPRF-SC";"DEL01-SC";"UOP01-DEL01-SC"
687392;2025-04-26;"sábado";"06:10:00";"PR";376;159;"MANDAGUACU";"Reação tardia ou ineficiente do condutor";"Colisão traseira";"Com Vítimas Feridas";"Pleno dia";"Crescente";"Céu Claro";"Dupla";"Reta";"Não";5;0;2;0;1;2;2;5;-23,32917342;-52,11150169;"SPRF-PR";"DEL09-PR";"UOP02-DEL09-PR"
687396;2025-04-26;"sábado";"05:00:00";"PR";376;413,8;"TIBAGI";"Reação tardia ou ineficiente do condutor";"Tombamento";"Com Vítimas Feridas";"Plena Noite";"Crescente";"Céu Claro";"Dupla";"Curva;Declive";"Não";2;0;0;1;0;1;1;2;-24,64031687;-50,62622007;"SPRF-PR";"DEL03-PR";"UOP02-DEL03-PR"
687399;2025-04-26;"sábado";"07:20:00";"TO";153;502;"PARAISO DO TOCANTINS";"Reação tardia ou ineficiente do condutor";"Colisão traseira";"Com Vítimas Feridas";"Pleno dia";"Decrescente";"Céu Claro";"Simples";"Reta";"Não";3;0;1;0;1;1;1;3;-10,226;-48,87628096;"SPRF-TO";"DEL01-TO";"UOP01-DEL01-TO"
687400;2025-04-25;"sexta-feira";"19:30:00";"MT";163;603;"NOVA MUTUM";"Retorno proibido";"Colisão transversal";"Com Vítimas Feridas";"Plena Noite";"Crescente";"Céu Claro";"Simples";"Em Obras;Reta";"Não";5;0;3;0;1;3;3;5;-13,78774612;-56,06374026;"SPRF-MT";"DEL01-MT";"UOP01-DEL01-MT"
687408;2025-04-26;"sábado";"07:20:00";"MG";365;640;"UBERLANDIA";"Reação tardia ou ineficiente do condutor";"Colisão lateral mesmo sentido";"Com Vítimas Feridas";"Amanhecer";"Crescente";"Nevoeiro/Neblina";"Dupla";"Reta";"Não";3;0;0;1;1;2;1;4;-18,88656846;-48,45791308;"SPRF-MG";"DEL15-MG";"UOP01-DEL15-MG"
687411;2025-04-25;"sexta-feira";"17:38:00";"PA";163;620;"TRAIRAO";"Ausência de reação do condutor";"Colisão lateral mesmo sentido";"Com Vítimas Feridas";"Pleno dia";"Crescente";"Céu Claro";"Simples";"Reta";"Não";3;0;1;0;1;1;1;3;-4,721663;-56,025703;"SPRF-PA";"DEL06-PA";"UOP02-DEL06-PA"
687417;2025-04-25;"sexta-feira";"12:48:00";"PA";163;455;"ITAITUBA";"Demais falhas mecânicas ou elétricas";"Saída de leito carroçável";"Com Vítimas Feridas";"Pleno dia";"Crescente";"Céu Claro";"Simples";"Reta";"Não";2;0;1;0;0;3;1;4;-5,86684;-55,711555;"SPRF-PA";"DEL06-PA";"UOP02-DEL06-PA"
687421;2025-04-11;"sexta-feira";"22:00:00";"RS";153;24,6;"TRES ARROIOS";"Ultrapassagem Indevida";"Colisão frontal";"Com Vítimas Fatais";"Plena Noite";"Decrescente";"Céu Claro";"Simples";"Curva";"Não";4;1;2;0;0;1;2;3;-27,49620646;-52,11779659;"SPRF-RS";"DEL08-RS";"UOP04-DEL08-RS"
687422;2025-03-25;"terça-feira";"15:31:00";"MG";153;14;"CENTRALINA";"Frear bruscamente";"Saída de leito carroçável";"Sem Vítimas";"Pleno dia";"Decrescente";"Nublado";"Dupla";"Retorno Regulamentado";"Não";3;0;0;0;2;3;0;5;-18,54453199;-49,1938358;"SPRF-MG";"DEL15-MG";"UOP03-DEL15-MG"
687434;2025-04-26;"sábado";"10:00:00";"MG";50;134;"UBERABA";"Demais falhas mecânicas ou elétricas";"Colisão com objeto";"Com Vítimas Feridas";"Pleno dia";"Crescente";"Céu Claro";"Dupla";"Reta;Aclive";"Não";3;0;1;0;2;0;1;1;-19,441215;-48,065212;"SPRF-MG";"DEL13-MG";"UOP01-DEL13-MG"
687441;2025-04-26;"sábado";"09:30:00";"GO";80;24,7;"PADRE BERNARDO";"Ausência de reação do condutor";"Colisão frontal";"Com Vítimas Fatais";"Pleno dia";"Decrescente";"Céu Claro";"Simples";"Curva";"Não";2;1;0;0;1;0;0;2;-15,38405329;-48,32847118;"SPRF-DF";"DEL03-DF";"UOP02-DEL03-DF"
687443;2025-04-26;"sábado";"10:00:00";"ES";262;64;"MARECHAL FLORIANO";"Curva acentuada";"Tombamento";"Com Vítimas Feridas";"Pleno dia";"Decrescente";"Céu Claro";"Simples";"Curva";"Não";3;0;2;0;0;1;2;2;-20,418668;-40,816593;"SPRF-ES";"DEL01-ES";"UOP02-DEL01-ES"
687447;2025-04-26;"sábado";"11:15:00";"RJ";101;387;"RIO DE JANEIRO";"Ausência de reação do condutor";"Colisão traseira";"Com Vítimas Feridas";"Pleno dia";"Crescente";"Céu Claro";"Dupla";"Reta";"Não";2;0;1;0;1;0;1;2;-22,88679;-43,654108;"SPRF-RJ";"DEL03-RJ";"UOP01-DEL03-RJ"
687448;2025-04-26;"sábado";"11:35:00";"PA";316;63;"CASTANHAL";"Acessar a via sem observar a presença dos outros veículos";"Colisão lateral mesmo sentido";"Com Vítimas Feridas";"Pleno dia";"Crescente";"Nublado";"Dupla";"Reta";"Sim";4;0;1;0;1;3;1;4;-1,2967;-47,9279;"SPRF-PA";"DEL01-PA";"UOP01-DEL01-PA"
687450;2025-04-26;"sábado";"09:30:00";"SC";153;48,8;"VARGEM BONITA";"Reação tardia ou ineficiente do condutor";"Colisão traseira";"Com Vítimas Feridas";"Pleno dia";"Crescente";"Céu Claro";"Simples";"Reta";"Não";7;0;4;0;2;1;4;3;-26,90768;-51,781403;"SPRF-SC";"DEL07-SC";"UOP07-DEL07-SC"
687452;2025-04-26;"sábado";"03:30:00";"BA";116;286;"TUCANO";"Condutor Dormindo";"Saída de leito carroçável";"Com Vítimas Feridas";"Amanhecer";"Decrescente";"Céu Claro";"Simples";"Reta;Declive;Interseção de Vias";"Sim";2;0;0;1;0;1;1;2;-11,067062;-38,837763;"SPRF-BA";"DEL07-BA";"UOP02-DEL07-BA"
687455;2025-04-26;"sábado";"09:20:00";"RJ";116;274;"BARRA MANSA";"Manobra de mudança de faixa";"Colisão traseira";"Com Vítimas Feridas";"Pleno dia";"Crescente";"Nublado";"Múltipla";"Reta;Declive;Viaduto";"Sim";3;0;1;0;1;2;1;4;-22,547623;-44,18342678;"SPRF-RJ";"DEL07-RJ";"UOP02-DEL07-RJ"
687463;2025-04-26;"sábado";"12:35:00";"GO";153;651;"GOIATUBA";"Velocidade Incompatível";"Tombamento";"Com Vítimas Feridas";"Pleno dia";"Crescente";"Céu Claro";"Dupla";"Reta";"Não";3;0;1;0;1;1;1;2;-17,967586;-49,253546;"SPRF-GO";"DEL03-GO";"UOP01-DEL03-GO"
687470;2025-04-26;"sábado";"14:20:00";"MG";40;618,5;"CONGONHAS";"Condutor deixou de manter distância do veículo da frente";"Colisão traseira";"Com Vítimas Feridas";"Pleno dia";"Crescente";"Céu Claro";"Simples";"Reta";"Não";5;0;0;1;3;1;1;4;-20,4767967;-43,8424208;"SPRF-MG";"DEL05-MG";"UOP02-DEL05-MG"
687472;2025-04-26;"sábado";"14:19:00";"MG";251;442,1;"GRAO MOGOL";"Ausência de reação do condutor";"Engavetamento";"Com Vítimas Fatais";"Pleno dia";"Crescente";"Céu Claro";"Simples";"Reta";"Sim";4;1;1;0;1;2;1;5;-16,4066607;-43,2276084;"SPRF-MG";"DEL12-MG";"UOP01-DEL12-MG"
687473;2025-04-26;"sábado";"14:00:00";"SP";116;126;"CACAPAVA";"Manobra de mudança de faixa";"Colisão com objeto";"Com Vítimas Feridas";"Pleno dia";"Decrescente";"Céu Claro";"Dupla";"Reta";"Não";3;0;1;1;0;1;2;2;-23,10337475;-45,69287091;"SPRF-SP";"DEL02-SP";"UOP02-DEL02-SP"
687480;2025-04-26;"sábado";"14:30:00";"MG";262;44;"MANHUACU";"Condutor Dormindo";"Colisão lateral sentido oposto";"Com Vítimas Feridas";"Pleno dia";"Decrescente";"Céu Claro";"Simples";"Reta";"Não";3;0;1;0;1;2;1;4;-20,26716911;-42,103014;"SPRF-MG";"DEL06-MG";"UOP03-DEL06-MG"
687483;2025-04-26;"sábado";"15:40:00";"PR";376;602;"CURITIBA";"Reação tardia ou ineficiente do condutor";"Saída de leito carroçável";"Com Vítimas Feridas";"Pleno dia";"Decrescente";"Céu Claro";"Dupla";"Reta;Declive";"Não";2;0;1;0;0;1;1;2;-25,53144418;-49,32397842;"SPRF-PR";"DEL01-PR";"UOP06-DEL01-PR"
687484;2025-04-26;"sábado";"14:45:00";"SC";116;54,2;"PAPANDUVA";"Demais falhas mecânicas ou elétricas";"Colisão com objeto";"Sem Vítimas";"Pleno dia";"Decrescente";"Céu Claro";"Simples";"Reta";"Sim";2;0;0;0;1;1;0;2;-26,39332327;-50,17585337;"SPRF-SC";"DEL06-SC";"UOP02-DEL06-SC"
687492;2025-04-26;"sábado";"14:20:00";"MG";381;173;"GOVERNADOR VALADARES";"Reação tardia ou ineficiente do condutor";"Saída de leito carroçável";"Com Vítimas Feridas";"Pleno dia";"Crescente";"Céu Claro";"Simples";"Curva";"Não";2;0;1;0;1;0;1;2;-18,97243795;-42,0954454;"SPRF-MG";"DEL06-MG";"UOP01-DEL06-MG"
687494;2025-04-26;"sábado";"17:15:00";"BA";116;18;"VITORIA DA CONQUISTA";"Acessar a via sem observar a presença dos outros veículos";"Colisão lateral mesmo sentido";"Com Vítimas Feridas";"Anoitecer";"Decrescente";"Nublado";"Simples";"Reta";"Sim";4;0;2;0;1;1;2;3;-14,89652;-40,83093;"SPRF-BA";"DEL08-BA";"UOP01-DEL08-BA"
687496;2025-04-26;"sábado";"16:15:00";"SC";101;142,8;"BALNEARIO CAMBORIU";"Objeto estático sobre o leito carroçável";"Colisão com objeto";"Com Vítimas Feridas";"Pleno dia";"Decrescente";"Sol";"Dupla";"Curva";"Não";2;0;1;0;1;0;1;2;-27,0492504;-48,59780638;"SPRF-SC";"DEL04-SC";"UOP03-DEL04-SC"
687503;2025-04-26;"sábado";"19:00:00";"TO";153;303;"PRESIDENTE KENNEDY";"Ausência de reação do condutor";"Colisão traseira";"Com Vítimas Fatais";"Plena Noite";"Crescente";"Céu Claro";"Simples";"Reta";"Não";3;1;0;0;1;1;0;3;-8,55031476;-48,48293781;"SPRF-TO";"DEL02-TO";"UOP02-DEL02-TO"
687509;2025-04-26;"sábado";"13:20:00";"MG";153;41;"CANAPOLIS";"Ausência de reação do condutor";"Colisão traseira";"Com Vítimas Feridas";"Pleno dia";"Crescente";"Nublado";"Dupla";"Reta;Em Obras";"Não";5;0;1;0;3;2;1;4;-18,749364;-49,08565;"SPRF-MG";"DEL15-MG";"UOP03-DEL15-MG"
687512;2025-04-26;"sábado";"19:38:00";"TO";153;679,8;"CARIRI DO TOCANTINS";"Conversão proibida";"Tombamento";"Com Vítimas Feridas";"Plena Noite";"Crescente";"Céu Claro";"Simples";"Reta";"Não";3;0;1;0;1;1;1;3;-11,793972;-49,120086;"SPRF-TO";"DEL01-TO";"UOP02-DEL01-TO"
687542;2025-04-26;"sábado";"20:50:00";"GO";50;99;"CRISTALINA";"Acesso irregular";"Colisão transversal";"Com Vítimas Feridas";"Plena Noite";"Decrescente";"Céu Claro";"Dupla";"Reta";"Sim";4;0;1;1;1;3;2;5;-16,7763;-47,624894;"SPRF-DF";"DEL01-DF";"UOP02-DEL01-DF"
687552;2025-04-26;"sábado";"12:50:00";"BA";242;463;"IBITIARA";"Demais falhas mecânicas ou elétricas";"Incêndio";"Sem Vítimas";"Pleno dia";"Decrescente";"Céu Claro";"Simples";"Aclive;Reta";"Não";2;0;0;0;1;2;0;3;-12,446022;-42,170291;"SPRF-BA";"DEL06-BA";"UOP01-DEL06-BA"
687572;2025-04-26;"sábado";"20:30:00";"RO";364;70;"VILHENA";"Ultrapassagem Indevida";"Colisão lateral mesmo sentido";"Com Vítimas Feridas";"Plena Noite";"Decrescente";"Céu Claro";"Simples";"Declive;Reta";"Não";3;0;1;1;0;1;2;2;-12,49687781;-60,49130023;"SPRF-RO";"DEL04-RO";"UOP01-DEL04-RO"
687582;2025-04-27;"domingo";"01:30:00";"CE";116;504,1;"BREJO SANTO";"Ingestão de álcool pelo condutor";"Colisão frontal";"Com Vítimas Feridas";"Plena Noite";"Decrescente";"Céu Claro";"Simples";"Reta";"Sim";3;0;0;1;1;1;1;3;-7,506367;-38,987283;"SPRF-CE";"DEL05-CE";"UOP03-DEL05-CE"
687593;2025-04-27;"domingo";"01:30:00";"RN";304;101,2;"ACU";"Ingestão de álcool pelo condutor";"Colisão frontal";"Com Vítimas Feridas";"Plena Noite";"Crescente";"Céu Claro";"Simples";"Aclive";"Não";2;0;1;0;1;0;1;2;-5,580398;-37,014288;"SPRF-RN";"DEL04-RN";"UOP01-DEL04-RN"
687601;2025-04-26;"sábado";"21:20:00";"MG";40;569;"NOVA LIMA";"Ausência de reação do condutor";"Colisão lateral mesmo sentido";"Com Vítimas Feridas";"Plena Noite";"Decrescente";"Céu Claro";"Simples";"Reta";"Sim";3;0;2;0;0;1;2;2;-20,21275;-43,972783;"SPRF-MG";"DEL01-MG";"UOP02-DEL01-MG"
687607;2025-04-27;"domingo";"07:00:00";"PR";376;605;"CURITIBA";"Acessar a via sem observar a presença dos outros veículos";"Tombamento";"Com Vítimas Feridas";"Amanhecer";"Crescente";"Nevoeiro/Neblina";"Dupla";"Interseção de Vias";"Não";2;0;1;0;1;0;1;2;-25,5428674;-49,30903316;"SPRF-PR";"DEL01-PR";"UOP06-DEL01-PR"
687608;2025-04-27;"domingo";"06:30:00";"CE";116;54;"PACAJUS";"Velocidade Incompatível";"Tombamento";"Com Vítimas Feridas";"Pleno dia";"Decrescente";"Céu Claro";"Múltipla";"Curva";"Sim";1;0;1;0;0;0;1;1;-4,19732511;-38,46940267;"SPRF-CE";"DEL01-CE";"UOP02-DEL01-CE"
687609;2025-04-27;"domingo";"06:00:00";"BA";116;522;"ITATIM";"Transitar na contramão";"Colisão lateral sentido oposto";"Com Vítimas Feridas";"Pleno dia";"Crescente";"Céu Claro";"Simples";"Reta";"Não";8;0;4;0;0;4;4;5;-12,71584396;-39,74423983;"SPRF-BA";"DEL03-BA";"UOP02-DEL03-BA"
687612;2025-04-27;"domingo";"06:58:00";"PR";277;328;"GUARAPUAVA";"Condutor usando celular";"Saída de leito carroçável";"Com Vítimas Feridas";"Amanhecer";"Crescente";"Nevoeiro/Neblina";"Simples";"Curva";"Não";1;0;1;0;0;0;1;1;-25,35955731;-51,35379051;"SPRF-PR";"DEL08-PR";"UOP01-DEL08-PR"
687628;2025-04-27;"domingo";"06:20:00";"RO";364;540;"ALTO PARAISO";"Ausência de reação do condutor";"Tombamento";"Com Vítimas Feridas";"Pleno dia";"Decrescente";"Céu Claro";"Simples";"Curva;Declive";"Não";2;0;1;0;0;1;1;2;-9,72128174;-63,11996341;"SPRF-RO";"DEL03-RO";"UOP01-DEL03-RO"
687631;2025-04-27;"domingo";"10:25:00";"MG";40;466;"SETE LAGOAS";"Transtornos Mentais (exceto suicidio)";"Atropelamento de Pedestre";"Com Vítimas Fatais";"Pleno dia";"Decrescente";"Céu Claro";"Dupla";"Reta";"Não";3;1;0;0;1;1;0;2;-19,45293;-44,31352;"SPRF-MG";"DEL02-MG";"UOP01-DEL02-MG"
687644;2025-04-27;"domingo";"11:42:00";"MG";381;3;"BETIM";"Demais falhas mecânicas ou elétricas";"Incêndio";"Sem Vítimas";"Pleno dia";"Decrescente";"Céu Claro";"Dupla";"Reta";"Sim";2;0;0;0;2;0;0;1;-19,984637;-44,166826;"SPRF-MG";"DEL01-MG";"UOP03-DEL01-MG"
687650;2025-04-27;"domingo";"11:20:00";"PI";316;182;"VALENCA DO PIAUI";"Manobra de mudança de faixa";"Capotamento";"Com Vítimas Feridas";"Pleno dia";"Crescente";"Céu Claro";"Simples";"Reta";"Não";5;0;0;1;2;2;1;5;-6,406144;-41,8381824;"SPRF-PI";"DEL04-PI";"UOP02-DEL04-PI"
687651;2025-04-27;"domingo";"12:10:00";"BA";116;781,7;"PLANALTO";"Ultrapassagem Indevida";"Colisão frontal";"Com Vítimas Fatais";"Pleno dia";"Crescente";"Céu Claro";"Simples";"Reta";"Não";3;1;0;0;1;2;0;4;-14,67639395;-40,50283253;"SPRF-BA";"DEL08-BA";"UOP02-DEL08-BA"
687656;2025-04-27;"domingo";"12:50:00";"CE";222;339;"TIANGUA";"Avarias e/ou desgaste excessivo no pneu";"Incêndio";"Sem Vítimas";"Pleno dia";"Crescente";"Céu Claro";"Simples";"Reta";"Não";2;0;0;0;1;2;0;3;-3,889623;-41,182073;"SPRF-CE";"DEL04-CE";"UOP02-DEL04-CE"
687659;2025-04-11;"sexta-feira";"15:12:00";"MG";381;820;"CAREACU";"Condutor deixou de manter distância do veículo da frente";"Colisão traseira";"Com Vítimas Feridas";"Pleno dia";"Decrescente";"Céu Claro";"Dupla";"Reta";"Não";3;0;1;0;1;1;1;3;-22,068578;-45,702822;"SPRF-MG";"DEL16-MG";"UOP02-DEL16-MG"