"id";"data_inversa";"dia_semana";"horario";"uf";"br";"km";"municipio";"causa_acidente";"tipo_acidente";"classificacao_acidente";"fase_dia";"sentido_via";"condicao_metereologica";"tipo_pista";"tracado_via";"uso_solo";"pessoas";"mortos";"feridos_leves";"feridos_graves";"ilesos";"ignorados";"feridos";"veiculos";"latitude";"longitude";"regional";"delegacia";"uop"
657373;2025-01-25;"sábado";"20:30:00";"PI";222;85;"PIRIPIRI";"Demais falhas na via";"Saída de leito carroçável";"Com Vítimas Fatais";"Plena Noite";"Crescente";"Céu Claro";"Simples";"Ponte";"Não";2;1;0;0;0;1;0;2;-4,24033984;-41,83304398;"SPRF-PI";"DEL02-PI";"UOP01-DEL02-PI"
657644;2025-01-27;"segunda-feira";"07:00:00";"GO";364;131;"APARECIDA DO RIO DOCE";"Condutor Dormindo";"Saída de leito carroçável";"Com Vítimas Feridas";"Pleno dia";"Crescente";"Céu Claro";"Simples";"Reta";"Não";3;0;2;0;0;1;2;2;-18,233049;-51,281437;"SPRF-GO";"DEL05-GO";"UOP02-DEL05-GO"
657666;2025-01-27;"segunda-feira";"08:50:00";"BA";101;916,9;"NOVA VICOSA";"Acessar a via sem observar a presença dos outros veículos";"Colisão traseira";"Com Vítimas Fatais";"Pleno dia";"Crescente";"Céu Claro";"Simples";"Reta";"Não";5;1;0;1;2;1;1;3;-17,86061142;-39,80354118;"SPRF-BA";"DEL09-BA";"UOP02-DEL09-BA"
658139;2025-01-29;"quarta-feira";"17:30:00";"MT";163;900,6;"CLAUDIA";"Ultrapassagem Indevida";"Colisão frontal";"Com Vítimas Fatais";"Anoitecer";"Crescente";"Nublado";"Simples";"Reta";"Não";7;1;0;4;1;1;4;3;-11,310755;-55,32402;"SPRF-MT";"DEL06-MT";"UOP02-DEL06-MT"
658480;2025-01-31;"sexta-feira";"16:40:00";"RO";364;605;"ITAPUA DO OESTE";"Acessar a via sem observar a presença dos outros veículos";"Colisão transversal";"Com Vítimas Feridas";"Pleno dia";"Crescente";"Céu Claro";"Simples";"Interseção de Vias;Reta";"Sim";3;0;1;0;1;1;1;3;-9,18603983;-63,19487383;"SPRF-RO";"DEL01-RO";"UOP04-DEL01-RO"
658535;2025-02-01;"sábado";"04:00:00";"SC";101;145;"ITAPEMA";"Ingestão de álcool pelo condutor";"Colisão lateral mesmo sentido";"Com Vítimas Feridas";"Plena Noite";"Crescente";"Nublado";"Dupla";"Reta";"Não";3;0;1;0;1;1;1;3;-27,08139206;-48,60130993;"SPRF-SC";"DEL04-SC";"UOP03-DEL04-SC"
658616;2025-02-01;"sábado";"12:00:00";"MG";365;620;"UBERLANDIA";"Reação tardia ou ineficiente do condutor";"Colisão traseira";"Sem Vítimas";"Pleno dia";"Crescente";"Nublado";"Múltipla";"Reta;Em Obras";"Não";3;0;0;0;1;2;0;3;-18,90349687;-48,28130603;"SPRF-MG";"DEL15-MG";"UOP01-DEL15-MG"
658660;2025-02-01;"sábado";"16:40:00";"GO";60;418,8;"RIO VERDE";"Condutor Dormindo";"Colisão traseira";"Sem Vítimas";"Pleno dia";"Decrescente";"Nublado";"Dupla";"Reta";"Não";3;0;0;0;2;1;0;3;-17,8205;-51,2209;"SPRF-GO";"DEL04-GO";"UOP02-DEL04-GO"
658726;2025-02-02;"domingo";"01:10:00";"PR";376;603;"CURITIBA";"Reação tardia ou ineficiente do condutor";"Colisão traseira";"Com Vítimas Feridas";"Plena Noite";"Decrescente";"Nublado";"Dupla";"Reta";"Não";5;0;2;0;2;1;2;3;-25,5452876;-49,29755393;"SPRF-PR";"DEL01-PR";"UOP06-DEL01-PR"
658866;2025-02-02;"domingo";"17:00:00";"MG";365;818,5;"SANTA VITORIA";"Chuva";"Colisão frontal";"Com Vítimas Fatais";"Pleno dia";"Decrescente";"Chuva";"Simples";"Reta";"Não";6;2;1;2;0;1;3;3;-18,87981755;-50,07725755;"SPRF-MG";"DEL15-MG";"UOP03-DEL15-MG"
658882;2025-02-02;"domingo";"19:50:00";"SP";116;74;"APARECIDA";"Acessar a via sem observar a presença dos outros veículos";"Colisão lateral mesmo sentido";"Sem Vítimas";"Plena Noite";"Decrescente";"Nublado";"Dupla";"Rotatória";"Sim";3;0;0;0;2;1;0;3;-22,87353809;-45,25320023;"SPRF-SP";"DEL08-SP";"UOP01-DEL08-SP"
659680;2025-02-06;"quinta-feira";"19:45:00";"PB";230;289;"SANTA LUZIA";"Transitar na contramão";"Colisão frontal";"Com Vítimas Feridas";"Plena Noite";"Crescente";"Céu Claro";"Simples";"Reta";"Sim";3;0;0;1;1;1;1;3;-6,8816;-36,9002;"SPRF-PB";"DEL03-PB";"UOP01-DEL03-PB"
659958;2025-02-08;"sábado";"03:30:00";"RS";153;410;"CACHOEIRA DO SUL";"Condutor deixou de manter distância do veículo da frente";"Colisão traseira";"Sem Vítimas";"Plena Noite";"Crescente";"Céu Claro";"Simples";"Reta;Declive";"Sim";7;0;0;0;6;1;0;3;-30,08129021;-52,87412957;"SPRF-RS";"DEL02-RS";"UOP03-DEL02-RS"
660036;2025-02-08;"sábado";"11:00:00";"PB";230;314,1;"SAO MAMEDE";"Ausência de reação do condutor";"Colisão traseira";"Com Vítimas Feridas";"Pleno dia";"Crescente";"Céu Claro";"Simples";"Reta";"Não";3;0;0;1;1;1;1;3;-6,9412;-37,1016;"SPRF-PB";"DEL03-PB";"UOP01-DEL03-PB"
660616;2025-02-10;"segunda-feira";"21:30:00";"BA";324;526;"FEIRA DE SANTANA";"Ausência de reação do condutor";"Colisão traseira";"Com Vítimas Feridas";"Plena Noite";"Decrescente";"Céu Claro";"Dupla";"Reta";"Sim";3;0;0;1;1;1;1;3;-12,30639712;-38,89051509;"SPRF-BA";"DEL01-BA";"UOP03-DEL01-BA"
660834;2025-02-11;"terça-feira";"19:50:00";"RO";319;55;"PORTO VELHO";"Avarias e/ou desgaste excessivo no pneu";"Saída de leito carroçável";"Com Vítimas Feridas";"Plena Noite";"Decrescente";"Chuva";"Simples";"Curva";"Não";3;0;2;0;0;1;2;2;-8,7436393;-63,94888401;"SPRF-RO";"DEL01-RO";"UOP01-DEL01-RO"
660850;2025-02-12;"quarta-feira";"06:25:00";"SP";116;175,9;"GUARAREMA";"Condutor deixou de manter distância do veículo da frente";"Colisão traseira";"Com Vítimas Feridas";"Pleno dia";"Decrescente";"Sol";"Dupla";"Reta";"Sim";5;0;2;0;2;1;2;3;-23,32173972;-46,100353;"SPRF-SP";"DEL01-SP";"UOP01-DEL01-SP"
661181;2025-02-13;"quinta-feira";"19:37:00";"TO";226;47,5;"DARCINOPOLIS";"Ausência de reação do condutor";"Colisão traseira";"Sem Vítimas";"Plena Noite";"Decrescente";"Céu Claro";"Simples";"Reta";"Não";5;0;0;0;4;1;0;3;-6,767156;-47,789856;"SPRF-TO";"DEL02-TO";"UOP03-DEL02-TO"
661184;2025-02-13;"quinta-feira";"17:00:00";"RJ";493;68;"NOVA IGUACU";"Condutor Dormindo";"Saída de leito carroçável";"Com Vítimas Feridas";"Pleno dia";"Crescente";"Céu Claro";"Dupla";"Reta";"Não";4;0;0;1;2;1;1;2;-22,68209;-43,46737;"SPRF-RJ";"DEL01-RJ";"UOP03-DEL01-RJ"
661647;2025-02-15;"sábado";"23:10:00";"AP";210;106;"PORTO GRANDE";"Reação tardia ou ineficiente do condutor";"Colisão traseira";"Sem Vítimas";"Plena Noite";"Crescente";"Chuva";"Simples";"Reta";"Sim";3;0;0;0;2;1;0;3;0,70564616;-51,41271608;"SPRF-AP";"DEL01-AP";"UOP01-DEL01-AP"
661913;2025-02-17;"segunda-feira";"06:35:00";"RO";364;516;"ARIQUEMES";"Acessar a via sem observar a presença dos outros veículos";"Colisão traseira";"Com Vítimas Feridas";"Pleno dia";"Decrescente";"Garoa/Chuvisco";"Simples";"Reta;Interseção de Vias";"Sim";3;0;0;1;1;1;1;3;-9,915961;-63,05532;"SPRF-RO";"DEL03-RO";"UOP01-DEL03-RO"
662606;2025-02-20;"quinta-feira";"18:30:00";"PR";376;594;"CURITIBA";"Condutor deixou de manter distância do veículo da frente";"Colisão traseira";"Com Vítimas Feridas";"Anoitecer";"Decrescente";"Nublado";"Dupla";"Reta";"Não";5;0;0;1;3;1;1;4;-25,45139991;-49,36251104;"SPRF-PR";"DEL03-PR";"UOP03-DEL03-PR"
663270;2025-02-23;"domingo";"20:00:00";"SC";158;139;"PALMITOS";"Acesso irregular";"Colisão transversal";"Com Vítimas Feridas";"Plena Noite";"Crescente";"Céu Claro";"Simples";"Reta";"Não";3;0;1;0;1;1;1;3;-27,1139854;-53,2161278;"SPRF-SC";"DEL07-SC";"UOP02-DEL07-SC"
663782;2025-02-26;"quarta-feira";"07:30:00";"SC";101;356;"SANGAO";"Manobra de mudança de faixa";"Saída de leito carroçável";"Com Vítimas Feridas";"Pleno dia";"Decrescente";"Céu Claro";"Dupla";"Reta";"Não";2;0;1;0;0;1;1;2;-28,6282017;-49,08490509;"SPRF-SC";"DEL02-SC";"UOP01-DEL02-SC"
664211;2025-01-31;"sexta-feira";"13:50:00";"MS";463;84;"PONTA PORA";"Velocidade Incompatível";"Colisão lateral sentido oposto";"Com Vítimas Feridas";"Pleno dia";"Crescente";"Chuva";"Simples";"Declive;Reta";"Não";8;0;3;0;4;1;3;4;-22,55735694;-55,48876906;"SPRF-MS";"DEL04-MS";"UOP03-DEL04-MS"
664425;2025-02-28;"sexta-feira";"17:40:00";"RJ";116;302;"PORTO REAL";"Ausência de reação do condutor";"Colisão traseira";"Com Vítimas Feridas";"Pleno dia";"Crescente";"Céu Claro";"Dupla";"Ponte";"Não";4;0;1;0;2;1;1;3;-22,4534457;-44,3698319;"SPRF-RJ";"DEL07-RJ";"UOP02-DEL07-RJ"
664894;2025-02-27;"quinta-feira";"12:00:00";"RJ";40;101;"DUQUE DE CAXIAS";"Conversão proibida";"Colisão transversal";"Com Vítimas Feridas";"Pleno dia";"Decrescente";"Céu Claro";"Simples";"Curva";"Sim";3;0;1;0;1;1;1;3;-22,610842;-43,284035;"SPRF-RJ";"DEL01-RJ";"UOP01-DEL01-RJ"
665231;2025-03-04;"terça-feira";"22:55:00";"PE";101;80;"JABOATAO DOS GUARARAPES";"Manobra de mudança de faixa";"Colisão lateral mesmo sentido";"Sem Vítimas";"Plena Noite";"Crescente";"Céu Claro";"Múltipla";"Reta";"Sim";4;0;0;0;3;1;0;3;-8,1537;-34,94166;"SPRF-PE";"DEL01-PE";"UOP01-DEL01-PE"
665833;2025-03-07;"sexta-feira";"19:40:00";"RJ";101;60;"CAMPOS DOS GOYTACAZES";"Reação tardia ou ineficiente do condutor";"Colisão traseira";"Com Vítimas Feridas";"Anoitecer";"Decrescente";"Nublado";"Simples";"Reta";"Sim";4;0;1;0;1;2;1;3;-21,724932;-41,32007;"SPRF-RJ";"DEL08-RJ";"UOP01-DEL08-RJ"
666394;2025-03-10;"segunda-feira";"15:35:00";"MG";381;937;"EXTREMA";"Ausência de reação do condutor";"Colisão traseira";"Com Vítimas Feridas";"Pleno dia";"Decrescente";"Chuva";"Dupla";"Curva";"Não";3;0;1;0;1;1;1;3;-22,81196696;-46,28840446;"SPRF-MG";"DEL16-MG";"UOP03-DEL16-MG"
666554;2025-03-11;"terça-feira";"05:30:00";"MG";365;860;"SANTA VITORIA";"Deficiência do Sistema de Iluminação/Sinalização";"Colisão lateral mesmo sentido";"Com Vítimas Feridas";"Plena Noite";"Crescente";"Céu Claro";"Simples";"Reta";"Sim";3;0;1;0;1;1;1;3;-19,04446737;-50,5002594;"SPRF-MG";"DEL15-MG";"UOP03-DEL15-MG"
666807;2025-03-12;"quarta-feira";"16:41:00";"RO";364;237;"CACOAL";"Reação tardia ou ineficiente do condutor";"Colisão lateral mesmo sentido";"Sem Vítimas";"Pleno dia";"Decrescente";"Céu Claro";"Simples";"Reta";"Sim";4;0;0;0;3;1;0;3;-11,44261266;-61,44856095;"SPRF-RO";"DEL02-RO";"UOP02-DEL02-RO"
667056;2025-03-13;"quinta-feira";"16:30:00";"PE";316;312;"FLORESTA";"Carga excessiva e/ou mal acondicionada";"Tombamento";"Sem Vítimas";"Pleno dia";"Crescente";"Céu Claro";"Simples";"Reta";"Não";2;0;0;0;1;1;0;2;-8,672913;-38,54344;"SPRF-PE";"DEL04-PE";"UOP03-DEL04-PE"
667227;2025-03-14;"sexta-feira";"16:50:00";"SC";101;148;"ITAPEMA";"Condutor deixou de manter distância do veículo da frente";"Colisão traseira";"Sem Vítimas";"Pleno dia";"Decrescente";"Céu Claro";"Múltipla";"Reta";"Sim";4;0;0;0;3;1;0;4;-27,09255086;-48,61705173;"SPRF-SC";"DEL04-SC";"UOP03-DEL04-SC"
667326;2025-03-14;"sexta-feira";"13:50:00";"MG";381;429;"SABARA";"Velocidade Incompatível";"Tombamento";"Com Vítimas Feridas";"Pleno dia";"Crescente";"Chuva";"Simples";"Curva";"Não";3;0;0;1;1;1;1;3;-19,78764077;-43,69176127;"SPRF-MG";"DEL01-MG";"UOP01-DEL01-MG"
667356;2025-03-15;"sábado";"08:25:00";"RS";285;459;"IJUI";"Ingestão de álcool pelo condutor";"Colisão lateral sentido oposto";"Sem Vítimas";"Pleno dia";"Crescente";"Nublado";"Simples";"Reta;Em Obras";"Sim";4;0;0;0;3;1;0;3;-28,40910174;-53,90225843;"SPRF-RS";"DEL10-RS";"UOP01-DEL10-RS"
667365;2025-03-15;"sábado";"07:00:00";"TO";242;453,5;"FORMOSO DO ARAGUAIA";"Ultrapassagem Indevida";"Colisão lateral mesmo sentido";"Com Vítimas Feridas";"Pleno dia";"Crescente";"Céu Claro";"Simples";"Reta";"Sim";3;0;1;0;1;1;1;3;-11,8105636;-49,53495026;"SPRF-TO";"DEL01-TO";"UOP02-DEL01-TO"
667612;2025-03-16;"domingo";"13:35:00";"SC";101;103,2;"BALNEARIO PICARRAS";"Ingestão de álcool pelo condutor";"Saída de leito carroçável";"Sem Vítimas";"Pleno dia";"Crescente";"Nublado";"Múltipla";"Reta";"Sim";2;0;0;0;1;1;0;2;-26,78496;-48,68267;"SPRF-SC";"DEL03-SC";"UOP02-DEL03-SC"
667706;2025-03-16;"domingo";"20:00:00";"GO";153;396,5;"PIRENOPOLIS";"Ingestão de álcool pelo condutor";"Colisão traseira";"Sem Vítimas";"Plena Noite";"Crescente";"Céu Claro";"Simples";"Reta;Declive";"Sim";3;0;0;0;2;1;0;3;-16,012103;-49,120813;"SPRF-GO";"DEL02-GO";"UOP02-DEL02-GO"
667729;2025-03-16;"domingo";"21:40:00";"RJ";116;169;"RIO DE JANEIRO";"Condutor deixou de manter distância do veículo da frente";"Colisão traseira";"Sem Vítimas";"Plena Noite";"Crescente";"Céu Claro";"Dupla";"Reta";"Sim";3;0;0;0;1;2;0;3;-22,81475581;-43,3272028;"SPRF-RJ";"DEL06-RJ";"UOP01-DEL06-RJ"
668254;2025-03-19;"quarta-feira";"12:00:00";"GO";153;292;"RIALMA";"Condutor deixou de manter distância do veículo da frente";"Colisão transversal";"Com Vítimas Feridas";"Pleno dia";"Decrescente";"Céu Claro";"Simples";"Curva";"Não";3;0;1;0;1;1;1;3;-15,24642725;-49,55589294;"SPRF-GO";"DEL02-GO";"UOP02-DEL02-GO"
668454;2025-03-20;"quinta-feira";"10:30:00";"PB";230;161;"CAMPINA GRANDE";"Manobra de mudança de faixa";"Colisão transversal";"Com Vítimas Feridas";"Pleno dia";"Crescente";"Céu Claro";"Simples";"Reta";"Não";3;0;0;1;1;1;1;3;-7,239917;-35,93919;"SPRF-PB";"DEL02-PB";"UOP01-DEL02-PB"
668679;2025-03-21;"sexta-feira";"15:10:00";"RJ";493;82;"NOVA IGUACU";"Reação tardia ou ineficiente do condutor";"Saída de leito carroçável";"Com Vítimas Feridas";"Pleno dia";"Crescente";"Nublado";"Dupla";"Reta";"Não";3;0;2;0;0;1;2;2;-22,68696;-43,51846;"SPRF-RJ";"DEL01-RJ";"UOP03-DEL01-RJ"
668723;2025-03-21;"sexta-feira";"19:50:00";"MT";174;165;"CACERES";"Deficiência do Sistema de Iluminação/Sinalização";"Colisão traseira";"Com Vítimas Feridas";"Plena Noite";"Decrescente";"Céu Claro";"Simples";"Reta";"Não";3;0;0;1;1;1;1;3;-16,0299076;-57,7281997;"SPRF-MT";"DEL03-MT";"UOP01-DEL03-MT"
668982;2025-03-23;"domingo";"02:40:00";"PE";232;494;"VERDEJANTE";"Deficiência do Sistema de Iluminação/Sinalização";"Colisão traseira";"Sem Vítimas";"Plena Noite";"Crescente";"Chuva";"Simples";"Reta";"Não";5;0;0;0;4;1;0;3;-8,01333621;-39,01021957;"SPRF-PE";"DEL05-PE";"UOP01-DEL05-PE"
668990;2025-03-23;"domingo";"03:45:00";"RO";364;679;"CANDEIAS DO JAMARI";"Velocidade Incompatível";"Colisão traseira";"Com Vítimas Feridas";"Plena Noite";"Crescente";"Céu Claro";"Simples";"Reta";"Não";4;0;0;2;1;1;2;3;-8,785197;-63,584845;"SPRF-RO";"DEL01-RO";"UOP01-DEL01-RO"
669076;2025-03-23;"domingo";"13:00:00";"MG";40;235;"SAO GONCALO DO ABAETE";"Chuva";"Saída de leito carroçável";"Com Vítimas Feridas";"Pleno dia";"Decrescente";"Chuva";"Simples";"Reta;Declive";"Não";4;0;1;1;1;1;2;2;-18,02738363;-45,53472519;"SPRF-MG";"DEL14-MG";"UOP02-DEL14-MG"
669459;2025-03-25;"terça-feira";"09:00:00";"GO";40;11;"LUZIANIA";"Condutor deixou de manter distância do veículo da frente";"Colisão traseira";"Sem Vítimas";"Pleno dia";"Crescente";"Céu Claro";"Dupla";"Reta";"Sim";4;0;0;0;3;1;0;3;-16,137317;-47,952652;"SPRF-DF";"DEL01-DF";"UOP01-DEL01-DF"
669504;2025-03-25;"terça-feira";"15:00:00";"SC";101;213;"PALHOCA";"Reação tardia ou ineficiente do condutor";"Colisão traseira";"Com Vítimas Feridas";"Pleno dia";"Decrescente";"Nublado";"Múltipla";"Reta";"Sim";5;0;2;0;2;1;2;4;-27,6430235;-48,66928155;"SPRF-SC";"DEL01-SC";"UOP02-DEL01-SC"
669859;2025-03-27;"quinta-feira";"10:10:00";"PE";424;78,9;"GARANHUNS";"Avarias e/ou desgaste excessivo no pneu";"Colisão lateral sentido oposto";"Sem Vítimas";"Pleno dia";"Decrescente";"Céu Claro";"Simples";"Reta";"Não";3;0;0;0;2;1;0;3;-8,82644518;-36,55244446;"SPRF-PE";"DEL03-PE";"UOP01-DEL03-PE"
670207;2025-03-28;"sexta-feira";"20:00:00";"SC";470;195;"PONTE ALTA";"Ultrapassagem Indevida";"Colisão frontal";"Com Vítimas Feridas";"Plena Noite";"Crescente";"Céu Claro";"Simples";"Curva;Declive";"Não";3;0;0;2;0;1;2;3;-27,30251982;-50,08530426;"SPRF-SC";"DEL04-SC";"UOP02-DEL04-SC"
670211;2025-03-28;"sexta-feira";"21:15:00";"PE";428;149,5;"PETROLINA";"Deficiência do Sistema de Iluminação/Sinalização";"Colisão traseira";"Com Vítimas Feridas";"Plena Noite";"Crescente";"Céu Claro";"Simples";"Reta";"Não";6;0;3;1;1;1;4;4;-9,065833;-40,3088;"SPRF-PE";"DEL06-PE";"UOP01-DEL06-PE"
670238;2025-03-29;"sábado";"04:20:00";"GO";40;12,1;"LUZIANIA";"Condutor Dormindo";"Colisão traseira";"Com Vítimas Feridas";"Plena Noite";"Crescente";"Nublado";"Dupla";"Reta;Aclive";"Sim";3;0;0;1;1;1;1;3;-16,144826;-47,945744;"SPRF-DF";"DEL01-DF";"UOP01-DEL01-DF"
670954;2025-04-01;"terça-feira";"17:21:00";"PI";343;305,8;"ALTOS";"Ultrapassagem Indevida";"Colisão lateral sentido oposto";"Com Vítimas Feridas";"Pleno dia";"Crescente";"Sol";"Simples";"Reta";"Não";3;0;0;1;1;1;1;3;-5,03524;-42,444362;"SPRF-PI";"DEL01-PI";"UOP01-DEL01-PI"
671129;2025-04-02;"quarta-feira";"12:30:00";"RS";290;356;"SAO SEPE";"Ausência de reação do condutor";"Saída de leito carroçável";"Com Vítimas Feridas";"Pleno dia";"Decrescente";"Chuva";"Simples";"Reta;Aclive";"Não";3;0;1;1;0;1;2;2;-30,378191;-53,738554;"SPRF-RS";"DEL09-RS";"UOP02-DEL09-RS"
671397;2025-04-03;"quinta-feira";"19:31:00";"PR";277;375;"GUARAPUAVA";"Transitar na contramão";"Colisão lateral sentido oposto";"Sem Vítimas";"Plena Noite";"Decrescente";"Céu Claro";"Simples";"Reta";"Não";5;0;0;0;4;1;0;3;-25,40730643;-51,69359207;"SPRF-PR";"DEL08-PR";"UOP01-DEL08-PR"
671469;2025-04-04;"sexta-feira";"11:10:00";"MG";40;544;"BELO HORIZONTE";"Manobra de mudança de faixa";"Colisão lateral mesmo sentido";"Com Vítimas Feridas";"Pleno dia";"Decrescente";"Céu Claro";"Dupla";"Reta";"Sim";3;0;1;0;1;1;1;3;-20,003;-43,965;"SPRF-MG";"DEL01-MG";"UOP02-DEL01-MG"
671545;2025-04-04;"sexta-feira";"17:10:00";"AL";101;139;"SAO MIGUEL DOS CAMPOS";"Condutor deixou de manter distância do veículo da frente";"Colisão lateral mesmo sentido";"Sem Vítimas";"Anoitecer";"Decrescente";"Céu Claro";"Simples";"Interseção de Vias;Rotatória";"Não";3;0;0;0;2;1;0;3;-9,80918747;-36,11639406;"SPRF-AL";"DEL02-AL";"UOP01-DEL02-AL"
671685;2025-04-05;"sábado";"04:00:00";"MS";60;414;"SIDROLANDIA";"Demais falhas mecânicas ou elétricas";"Incêndio";"Sem Vítimas";"Plena Noite";"Decrescente";"Vento";"Simples";"Reta";"Não";6;0;0;0;5;1;0;2;-20,891742;-54,852943;"SPRF-MS";"DEL01-MS";"UOP04-DEL01-MS"
671815;2025-04-05;"sábado";"19:25:00";"SC";163;76,5;"SAO MIGUEL DO OESTE";"Ingestão de álcool pelo condutor";"Saída de leito carroçável";"Sem Vítimas";"Plena Noite";"Crescente";"Céu Claro";"Simples";"Reta;Declive";"Não";2;0;0;0;1;1;0;2;-26,67991376;-53,51502331;"SPRF-SC";"DEL07-SC";"UOP03-DEL07-SC"
672134;2025-04-03;"quinta-feira";"09:30:00";"SC";282;3;"FLORIANOPOLIS";"Acessar a via sem observar a presença dos outros veículos";"Colisão lateral mesmo sentido";"Sem Vítimas";"Pleno dia";"Decrescente";"Nublado";"Múltipla";"Reta";"Sim";3;0;0;0;2;1;0;3;-27,59964;-48,600039;"SPRF-SC";"DEL01-SC";"UOP01-DEL01-SC"
672181;2025-04-07;"segunda-feira";"13:00:00";"AL";316;239,9;"ATALAIA";"Reação tardia ou ineficiente do condutor";"Colisão lateral sentido oposto";"Com Vítimas Fatais";"Pleno dia";"Crescente";"Céu Claro";"Simples";"Curva;Declive";"Não";6;1;2;0;2;1;2;4;-9,50400575;-36,05133533;"SPRF-AL";"DEL01-AL";"UOP01-DEL01-AL"
672800;2025-04-06;"domingo";"19:20:00";"SC";470;64;"INDAIAL";"Demais falhas mecânicas ou elétricas";"Colisão traseira";"Sem Vítimas";"Plena Noite";"Crescente";"Céu Claro";"Simples";"Reta";"Não";3;0;0;0;2;1;0;3;-26,87232791;-49,19248212;"SPRF-SC";"DEL04-SC";"UOP01-DEL04-SC"
672869;2025-04-11;"sexta-feira";"05:00:00";"MG";40;783;"JUIZ DE FORA";"Demais falhas mecânicas ou elétricas";"Incêndio";"Sem Vítimas";"Amanhecer";"Decrescente";"Céu Claro";"Dupla";"Declive";"Não";2;0;0;0;1;1;0;2;-21,72609522;-43,43882561;"SPRF-MG";"DEL05-MG";"UOP01-DEL05-MG"
673018;2025-04-11;"sexta-feira";"20:00:00";"RS";285;267,9;"MATO CASTELHANO";"Ultrapassagem Indevida";"Colisão frontal";"Com Vítimas Feridas";"Plena Noite";"Decrescente";"Céu Claro";"Simples";"Reta";"Não";3;0;2;0;0;1;2;3;-28,28971774;-52,16553658;"SPRF-RS";"DEL08-RS";"UOP03-DEL08-RS"
673090;2025-04-12;"sábado";"04:00:00";"ES";101;71;"SAO MATEUS";"Reação tardia ou ineficiente do condutor";"Colisão traseira";"Com Vítimas Feridas";"Amanhecer";"Decrescente";"Céu Claro";"Simples";"Reta";"Não";5;0;0;1;3;1;1;3;-18,760291;-39,863296;"SPRF-ES";"DEL04-ES";"UOP02-DEL04-ES"
673136;2025-04-12;"sábado";"09:10:00";"RN";110;47,5;"MOSSORO";"Acessar a via sem observar a presença dos outros veículos";"Colisão transversal";"Com Vítimas Feridas";"Pleno dia";"Decrescente";"Nublado";"Simples";"Reta";"Sim";3;0;1;0;1;1;1;3;-5,20597411;-37,32902169;"SPRF-RN";"DEL04-RN";"UOP01-DEL04-RN"
673709;2025-04-06;"domingo";"17:50:00";"MS";163;769;"COXIM";"Reação tardia ou ineficiente do condutor";"Capotamento";"Com Vítimas Feridas";"Anoitecer";"Crescente";"Céu Claro";"Simples";"Reta";"Não";5;0;1;0;3;1;1;2;-18,16162567;-54,66633797;"SPRF-MS";"DEL06-MS";"UOP01-DEL06-MS"
673922;2025-04-15;"terça-feira";"19:50:00";"SP";381;34;"ATIBAIA";"Reação tardia ou ineficiente do condutor";"Colisão traseira";"Sem Vítimas";"Plena Noite";"Decrescente";"Céu Claro";"Dupla";"Curva;Aclive";"Não";3;0;0;0;2;1;0;3;-23,0833953;-46,5697596;"SPRF-SP";"DEL03-SP";"UOP02-DEL03-SP"
685322;2025-04-17;"quinta-feira";"07:30:00";"PB";101;89;"JOAO PESSOA";"Acessar a via sem observar a presença dos outros veículos";"Colisão lateral mesmo sentido";"Sem Vítimas";"Pleno dia";"Crescente";"Céu Claro";"Dupla";"Reta";"Não";3;0;0;0;2;1;0;3;-7,18099;-34,90082;"SPRF-PB";"DEL01-PB";"UOP01-DEL01-PB"
685492;2025-04-17;"quinta-feira";"13:01:00";"AC";364;132;"RIO BRANCO";"Transitar na contramão";"Colisão transversal";"Com Vítimas Fatais";"Pleno dia";"Crescente";"Chuva";"Simples";"Reta;Declive";"Sim";8;1;0;3;3;2;3;7;-10,00909412;-67,84609616;"SPRF-AC";"DEL01-AC";"UOP01-DEL01-AC"
685606;2025-04-17;"quinta-feira";"23:00:00";"PR";277;111,2;"CAMPO LARGO";"Condutor deixou de manter distância do veículo da frente";"Engavetamento";"Com Vítimas Feridas";"Plena Noite";"Crescente";"Céu Claro";"Dupla";"Reta";"Não";11;0;2;0;8;1;2;5;-25,439543;-49,4008;"SPRF-PR";"DEL03-PR";"UOP03-DEL03-PR"
686031;2025-04-19;"sábado";"20:15:00";"DF";70;14;"BRASILIA";"Ingestão de álcool pelo condutor";"Colisão traseira";"Sem Vítimas";"Plena Noite";"Decrescente";"Céu Claro";"Dupla";"Reta";"Sim";3;0;0;0;2;1;0;3;-15,79767;-48,17651;"SPRF-DF";"DEL03-DF";"UOP02-DEL03-DF"
686595;2025-04-21;"segunda-feira";"22:15:00";"PR";277;57;"SAO JOSE DOS PINHAIS";"Ausência de reação do condutor";"Colisão traseira";"Com Vítimas Feridas";"Plena Noite";"Crescente";"Nevoeiro/Neblina";"Dupla";"Reta";"Não";4;0;1;0;2;1;1;4;-25,55204391;-49,0391922;"SPRF-PR";"DEL01-PR";"UOP01-DEL01-PR"
686921;2025-04-23;"quarta-feira";"18:42:00";"DF";70;16;"BRASILIA";"Demais falhas mecânicas ou elétricas";"Incêndio";"Sem Vítimas";"Plena Noite";"Crescente";"Céu Claro";"Dupla";"Rotatória";"Sim";2;0;0;0;1;1;0;2;-15,7957385;-48,1959962;"SPRF-DF";"DEL03-DF";"UOP02-DEL03-DF"
687091;2025-03-30;"domingo";"18:40:00";"RJ";116;105;"GUAPIMIRIM";"Transitar na contramão";"Colisão frontal";"Com Vítimas Feridas";"Plena Noite";"Crescente";"Garoa/Chuvisco";"Dupla";"Reta";"Não";6;0;2;2;1;1;4;3;-22,508694;-42,998417;"SPRF-RJ";"DEL04-RJ";"UOP01-DEL04-RJ"