"id";"data_inversa";"dia_semana";"horario";"uf";"br";"km";"municipio";"causa_acidente";"tipo_acidente";"classificacao_acidente";"fase_dia";"sentido_via";"condicao_metereologica";"tipo_pista";"tracado_via";"uso_solo";"pessoas";"mortos";"feridos_leves";"feridos_graves";"ilesos";"ignorados";"feridos";"veiculos";"latitude";"longitude";"regional";"delegacia";"uop"
687267;2025-04-25;"sexta-feira";"15:00:00";"MG";251;492;"FRANCISCO SA";"Demais falhas mecânicas ou elétricas";"Colisão lateral sentido oposto";"Com Vítimas Feridas";"Pleno dia";"Crescente";"Céu Claro";"Simples";"Reta";"Não";5;0;1;0;3;1;1;3;-16,60520622;-43,63155842;"SPRF-MG";"DEL12-MG";"UOP01-DEL12-MG"
687351;2025-04-25;"sexta-feira";"20:30:00";"MA";316;441,8;"PERITORO";"Ultrapassagem Indevida";"Colisão frontal";"Com Vítimas Feridas";"Plena Noite";"Decrescente";"Chuva";"Simples";"Curva";"Não";5;0;3;1;0;1;4;3;-4,40905603;-44,25979614;"SPRF-MA";"DEL03-MA";"UOP01-DEL03-MA"
687432;2025-04-26;"sábado";"08:07:00";"SC";163;70,9;"SAO MIGUEL DO OESTE";"Manobra de mudança de faixa";"Colisão lateral mesmo sentido";"Com Vítimas Feridas";"Pleno dia";"Decrescente";"Céu Claro";"Dupla";"Interseção de Vias;Reta";"Sim";4;0;1;1;1;1;2;4;-26,72854011;-53,5123965;"SPRF-SC";"DEL07-SC";"UOP03-DEL07-SC"
687568;2025-04-26;"sábado";"22:57:00";"GO";60;42;"ALEXANIA";"Ingestão de álcool pelo condutor";"Saída de leito carroçável";"Sem Vítimas";"Plena Noite";"Crescente";"Chuva";"Dupla";"Curva";"Não";2;0;0;0;1;1;0;2;-16,109696;-48,581537;"SPRF-DF";"DEL03-DF";"UOP01-DEL03-DF"
688109;2025-04-29;"terça-feira";"17:00:00";"MT";163;832;"SINOP";"Demais falhas mecânicas ou elétricas";"Colisão frontal";"Sem Vítimas";"Anoitecer";"Crescente";"Ignorado";"Simples";"Reta";"Sim";3;0;0;0;2;1;0;3;-11,87947185;-55,49994204;"SPRF-MT";"DEL06-MT";"UOP02-DEL06-MT"
688140;2025-04-29;"terça-feira";"20:35:00";"MG";50;185,5;"UBERABA";"Ausência de reação do condutor";"Colisão traseira";"Sem Vítimas";"Plena Noite";"Crescente";"Céu Claro";"Dupla";"Reta";"Não";3;0;0;0;2;1;0;3;-19,820549;-47,893634;"SPRF-MG";"DEL13-MG";"UOP01-DEL13-MG"
652468;2025-01-01;"quarta-feira";"00:30:00";"PE";101;89,5;"JABOATAO DOS GUARARAPES";"Reação tardia ou ineficiente do condutor";"Colisão traseira";"Com Vítimas Feridas";"Plena Noite";"Decrescente";"Céu Claro";"Dupla";"Reta";"Não";4;0;2;0;0;2;2;3;-8,20760697;-34,98372005;"SPRF-PE";"DEL01-PE";"UOP01-DEL01-PE"
652469;2025-01-01;"quarta-feira";"00:50:00";"SC";101;120;"ITAJAI";"Ausência de reação do condutor";"Tombamento";"Com Vítimas Feridas";"Plena Noite";"Decrescente";"Nublado";"Dupla";"Reta";"Não";2;0;1;0;1;0;1;1;-26,912758;-48,711998;"SPRF-SC";"DEL04-SC";"UOP04-DEL04-SC"
652470;2025-01-01;"quarta-feira";"01:15:00";"GO";153;414;"ANAPOLIS";"Transitar na contramão";"Colisão lateral sentido oposto";"Com Vítimas Feridas";"Plena Noite";"Decrescente";"Garoa/Chuvisco";"Simples";"Reta";"Não";5;0;0;1;4;0;1;2;-16,133518;-49,047565;"SPRF-GO";"DEL02-GO";"UOP02-DEL02-GO"
652471;2025-01-01;"quarta-feira";"02:00:00";"PR";116;11,3;"COLOMBO";"Ingestão de álcool pelo condutor";"Saída de leito carroçável";"Sem Vítimas";"Plena Noite";"Crescente";"Céu Claro";"Dupla";"Reta";"Não";1;0;0;0;1;0;0;1;-25,37228723;-49,13813353;"SPRF-PR";"DEL01-PR";"UOP02-DEL01-PR"
652473;2025-01-01;"quarta-feira";"01:40:00";"DF";20;8,8;"BRASILIA";"Reação tardia ou ineficiente do condutor";"Colisão transversal";"Sem Vítimas";"Plena Noite";"Crescente";"Céu Claro";"Dupla";"Reta";"Sim";3;0;0;0;3;0;0;2;-15,658386;-47,791534;"SPRF-DF";"DEL02-DF";"UOP01-DEL02-DF"
652474;2025-01-01;"quarta-feira";"02:30:00";"PR";163;219,7;"CASCAVEL";"Velocidade Incompatível";"Capotamento";"Com Vítimas Feridas";"Plena Noite";"Decrescente";"Céu Claro";"Dupla";"Reta";"Não";3;0;2;0;1;0;2;1;-24,897235;-53,533793;"SPRF-PR";"DEL04-PR";"UOP01-DEL04-PR"
652475;2025-01-01;"quarta-feira";"02:37:00";"PB";230;35,9;"SANTA RITA";"Ausência de reação do condutor";"Tombamento";"Com Vítimas Feridas";"Plena Noite";"Crescente";"Céu Claro";"Dupla";"Reta";"Sim";1;0;1;0;0;0;1;1;-7,12664996;-34,95011855;"SPRF-PB";"DEL01-PB";"UOP02-DEL01-PB"
652476;2025-01-01;"quarta-feira";"01:30:00";"SP";116;6,7;"QUELUZ";"Ausência de reação do condutor";"Colisão com objeto";"Com Vítimas Feridas";"Plena Noite";"Decrescente";"Céu Claro";"Dupla";"Reta";"Não";2;0;2;0;0;0;2;1;-22,53158181;-44,75374706;"SPRF-SP";"DEL08-SP";"UOP02-DEL08-SP"
652477;2025-01-01;"quarta-feira";"03:00:00";"PR";116;14;"COLOMBO";"Suicídio (presumido)";"Capotamento";"Com Vítimas Fatais";"Plena Noite";"Decrescente";"Nublado";"Dupla";"Reta";"Sim";5;1;1;0;1;2;1;2;-25,3818;-49,1643;"SPRF-PR";"DEL01-PR";"UOP02-DEL01-PR"
652478;2025-01-01;"quarta-feira";"03:15:00";"SC";101;143;"ITAPEMA";"Demais falhas mecânicas ou elétricas";"Incêndio";"Sem Vítimas";"Plena Noite";"Crescente";"Céu Claro";"Dupla";"Reta";"Não";1;0;0;0;1;0;0;1;-27,06436;-48,59599405;"SPRF-SC";"DEL04-SC";"UOP03-DEL04-SC"
652479;2025-01-01;"quarta-feira";"03:35:00";"PI";343;8,4;"PARNAIBA";"Ausência de reação do condutor";"Colisão traseira";"Sem Vítimas";"Plena Noite";"Crescente";"Céu Claro";"Simples";"Reta";"Sim";2;0;0;0;1;1;0;2;-2,899382;-41,723724;"SPRF-PI";"DEL05-PI";"UOP01-DEL05-PI"
652480;2025-01-01;"quarta-feira";"03:50:00";"PE";101;41;"IGARASSU";"Velocidade Incompatível";"Saída de leito carroçável";"Sem Vítimas";"Plena Noite";"Crescente";"Céu Claro";"Dupla";"Ponte";"Sim";1;0;0;0;0;1;0;1;-7,83539746;-34,91316676;"SPRF-PE";"DEL01-PE";"UOP02-DEL01-PE"
652481;2025-01-01;"quarta-feira";"01:50:00";"PR";373;173;"PONTA GROSSA";"Entrada inopinada do pedestre";"Atropelamento de Pedestre";"Com Vítimas Feridas";"Plena Noite";"Crescente";"Nublado";"Dupla";"Curva";"Sim";3;0;0;1;1;1;1;2;-25,07594908;-50,20995715;"SPRF-PR";"DEL03-PR";"UOP01-DEL03-PR"
652482;2025-01-01;"quarta-feira";"04:00:00";"PR";376;141,9;"NOVA ESPERANCA";"Ingestão de álcool pelo condutor";"Colisão traseira";"Com Vítimas Feridas";"Plena Noite";"Decrescente";"Céu Claro";"Dupla";"Declive;Reta";"Não";4;0;1;2;1;0;3;3;-23,24847;-52,168648;"SPRF-PR";"DEL09-PR";"UOP02-DEL09-PR"
652483;2025-01-01;"quarta-feira";"04:15:00";"DF";70;16;"BRASILIA";"Ausência de reação do condutor";"Colisão com objeto";"Com Vítimas Feridas";"Plena Noite";"Decrescente";"Nublado";"Dupla";"Reta;Rotatória";"Sim";1;0;0;1;0;0;1;1;-15,796144;-48,194225;"SPRF-DF";"DEL03-DF";"UOP02-DEL03-DF"
652484;2025-01-01;"quarta-feira";"03:15:00";"SC";101;446;"SANTA ROSA DO SUL";"Ingestão de álcool pelo condutor";"Colisão traseira";"Com Vítimas Feridas";"Plena Noite";"Decrescente";"Céu Claro";"Dupla";"Reta";"Não";3;0;1;1;1;0;2;2;-29,1519083;-49,72709298;"SPRF-SC";"DEL02-SC";"UOP02-DEL02-SC"
652485;2025-01-01;"quarta-feira";"03:15:00";"RJ";101;530,8;"ANGRA DOS REIS";"Retorno proibido";"Colisão transversal";"Com Vítimas Feridas";"Plena Noite";"Decrescente";"Nublado";"Simples";"Reta";"Sim";2;0;0;1;0;1;1;2;-23,0232454;-44,51684972;"SPRF-RJ";"DEL03-RJ";"UOP03-DEL03-RJ"
652486;2025-01-01;"quarta-feira";"03:40:00";"PR";476;143;"CURITIBA";"Ausência de reação do condutor";"Saída de leito carroçável";"Sem Vítimas";"Plena Noite";"Decrescente";"Céu Claro";"Dupla";"Curva";"Não";1;0;0;0;0;1;0;1;-25,53852381;-49,3106597;"SPRF-PR";"DEL01-PR";"UOP06-DEL01-PR"
652487;2025-01-01;"quarta-feira";"03:15:00";"PR";373;234;"IMBITUVA";"Ausência de reação do condutor";"Saída de leito carroçável";"Sem Vítimas";"Plena Noite";"Crescente";"Céu Claro";"Simples";"Reta";"Não";1;0;0;0;0;1;0;1;-25,18453854;-50,70672388;"SPRF-PR";"DEL03-PR";"UOP01-DEL03-PR"
652489;2025-01-01;"quarta-feira";"03:00:00";"MT";364;266;"SAO PEDRO DA CIPA";"Ingestão de álcool pelo condutor";"Saída de leito carroçável";"Com Vítimas Feridas";"Plena Noite";"Decrescente";"Céu Claro";"Simples";"Curva";"Sim";5;0;1;0;4;0;1;1;-15,995969;-54,92259699;"SPRF-MT";"DEL02-MT";"UOP01-DEL02-MT"
652490;2025-01-01;"quarta-feira";"05:40:00";"PR";153;330;"IRATI";"Ausência de reação do condutor";"Colisão com objeto";"Sem Vítimas";"Amanhecer";"Decrescente";"Céu Claro";"Simples";"Rotatória";"Não";1;0;0;0;0;1;0;1;-25,45471011;-50,6196247;"SPRF-PR";"DEL08-PR";"UOP02-DEL08-PR"
652491;2025-01-01;"quarta-feira";"06:00:00";"MG";50;177;"UBERABA";"Ingestão de álcool pelo condutor";"Colisão traseira";"Com Vítimas Feridas";"Pleno dia";"Crescente";"Céu Claro";"Dupla";"Aclive;Curva";"Sim";2;0;1;0;1;0;1;2;-19,77914852;-47,95047701;"SPRF-MG";"DEL13-MG";"UOP01-DEL13-MG"
652492;2025-01-01;"quarta-feira";"03:00:00";"PR";277;35;"MORRETES";"Reação tardia ou ineficiente do condutor";"Tombamento";"Sem Vítimas";"Plena Noite";"Crescente";"Nevoeiro/Neblina";"Dupla";"Curva;Aclive";"Não";2;0;0;0;0;2;0;1;-25,55225338;-48,79892578;"SPRF-PR";"DEL01-PR";"UOP05-DEL01-PR"
652494;2025-01-01;"quarta-feira";"06:00:00";"MG";50;180;"UBERABA";"Reação tardia ou ineficiente do condutor";"Capotamento";"Com Vítimas Feridas";"Amanhecer";"Decrescente";"Céu Claro";"Simples";"Retorno Regulamentado;Interseção de Vias";"Não";2;0;1;0;1;0;1;1;-19,77848216;-47,92194709;"SPRF-MG";"DEL13-MG";"UOP01-DEL13-MG"
652495;2025-01-01;"quarta-feira";"03:55:00";"MG";381;497;"BETIM";"Velocidade Incompatível";"Colisão com objeto";"Sem Vítimas";"Plena Noite";"Decrescente";"Chuva";"Dupla";"Reta";"Sim";1;0;0;0;1;0;0;1;-20,00483625;-44,21367172;"SPRF-MG";"DEL01-MG";"UOP03-DEL01-MG"
652496;2025-01-01;"quarta-feira";"07:10:00";"DF";20;10;"BRASILIA";"Reação tardia ou ineficiente do condutor";"Saída de leito carroçável";"Sem Vítimas";"Pleno dia";"Crescente";"Nublado";"Dupla";"Reta";"Sim";1;0;0;0;1;0;0;1;-15,650243;-47,773872;"SPRF-DF";"DEL02-DF";"UOP01-DEL02-DF"
652497;2025-01-01;"quarta-feira";"06:20:00";"RS";290;18;"SANTO ANTONIO DA PATRULHA";"Demais falhas mecânicas ou elétricas";"Saída de leito carroçável";"Com Vítimas Feridas";"Pleno dia";"Crescente";"Céu Claro";"Dupla";"Reta";"Não";1;0;1;0;0;0;1;1;-29,881149;-50,435249;"SPRF-RS";"DEL03-RS";"UOP01-DEL03-RS"
652500;2025-01-01;"quarta-feira";"04:30:00";"MG";459;96;"POUSO ALEGRE";"Transitar na contramão";"Colisão transversal";"Sem Vítimas";"Plena Noite";"Crescente";"Céu Claro";"Simples";"Reta;Declive";"Não";2;0;0;0;1;1;0;2;-22,196163;-45,978573;"SPRF-MG";"DEL09-MG";"UOP01-DEL09-MG"
652501;2025-01-01;"quarta-feira";"02:09:00";"SC";280;79,7;"CORUPA";"Reação tardia ou ineficiente do condutor";"Tombamento";"Com Vítimas Feridas";"Plena Noite";"Crescente";"Céu Claro";"Simples";"Reta";"Não";1;0;1;0;0;0;1;1;-26,44657315;-49,20157809;"SPRF-SC";"DEL06-SC";"UOP03-DEL06-SC"
652502;2025-01-01;"quarta-feira";"05:50:00";"SC";101;46,1;"JOINVILLE";"Condutor deixou de manter distância do veículo da frente";"Colisão traseira";"Com Vítimas Feridas";"Amanhecer";"Crescente";"Céu Claro";"Dupla";"Reta";"Sim";2;0;1;0;1;0;1;2;-26,33150083;-48,86187762;"SPRF-SC";"DEL03-SC";"UOP01-DEL03-SC"
652504;2025-01-01;"quarta-feira";"07:00:00";"PR";277;19,7;"MORRETES";"Velocidade Incompatível";"Saída de leito carroçável";"Com Vítimas Feridas";"Pleno dia";"Decrescente";"Sol";"Dupla";"Curva";"Não";2;0;2;0;0;0;2;1;-25,535132;-48,703615;"SPRF-PR";"DEL01-PR";"UOP05-DEL01-PR"
652506;2025-01-01;"quarta-feira";"07:00:00";"GO";70;1;"AGUAS LINDAS DE GOIAS";"Ausência de reação do condutor";"Capotamento";"Sem Vítimas";"Pleno dia";"Decrescente";"Nublado";"Dupla";"Reta;Declive";"Sim";2;0;0;0;0;2;0;1;-15,77579351;-48,23259001;"SPRF-DF";"DEL03-DF";"UOP02-DEL03-DF"
652508;2025-01-01;"quarta-feira";"05:30:00";"PE";428;192;"PETROLINA";"Ausência de reação do condutor";"Saída de leito carroçável";"Com Vítimas Feridas";"Amanhecer";"Crescente";"Céu Claro";"Simples";"Interseção de Vias;Rotatória";"Sim";1;0;1;0;0;0;1;1;-9,38067769;-40,51113714;"SPRF-PE";"DEL06-PE";"UOP01-DEL06-PE"
652509;2025-01-01;"quarta-feira";"07:00:00";"PB";230;514,9;"BOM JESUS";"Desrespeitar a preferência no cruzamento";"Colisão transversal";"Com Vítimas Feridas";"Pleno dia";"Decrescente";"Céu Claro";"Simples";"Interseção de Vias";"Sim";2;0;0;2;0;0;2;2;-6,871335;-38,646712;"SPRF-PB";"DEL03-PB";"UOP03-DEL03-PB"
652510;2025-01-01;"quarta-feira";"07:10:00";"GO";20;119;"FLORES DE GOIAS";"Condutor Dormindo";"Saída de leito carroçável";"Com Vítimas Feridas";"Pleno dia";"Decrescente";"Nublado";"Simples";"Reta";"Não";1;0;0;1;0;0;1;1;-14,873932;-46,835747;"SPRF-DF";"DEL02-DF";"UOP03-DEL02-DF"
652513;2025-01-01;"quarta-feira";"04:45:00";"MG";267;37;"ARGIRITA";"Demais Fenômenos da natureza";"Saída de leito carroçável";"Sem Vítimas";"Plena Noite";"Decrescente";"Garoa/Chuvisco";"Simples";"Reta";"Não";2;0;0;0;2;0;0;1;-21,66671274;-42,88426505;"SPRF-MG";"DEL07-MG";"UOP01-DEL07-MG"
652515;2025-01-01;"quarta-feira";"05:25:00";"MT";163;790;"VERA";"Ingestão de álcool pelo condutor";"Saída de leito carroçável";"Sem Vítimas";"Pleno dia";"Decrescente";"Chuva";"Simples";"Reta";"Não";2;0;0;0;2;0;0;1;-12,256255;-55,552873;"SPRF-MT";"DEL06-MT";"UOP02-DEL06-MT"
652516;2025-01-01;"quarta-feira";"07:53:00";"SP";381;37,4;"ATIBAIA";"Reação tardia ou ineficiente do condutor";"Colisão traseira";"Sem Vítimas";"Pleno dia";"Decrescente";"Céu Claro";"Dupla";"Reta";"Sim";4;0;0;0;4;0;0;2;-23,10506237;-46,56881577;"SPRF-SP";"DEL03-SP";"UOP01-DEL03-SP"
652517;2025-01-01;"quarta-feira";"07:05:00";"PR";277;445,1;"LARANJEIRAS DO SUL";"Acessar a via sem observar a presença dos outros veículos";"Colisão lateral mesmo sentido";"Com Vítimas Feridas";"Pleno dia";"Crescente";"Céu Claro";"Simples";"Aclive;Reta";"Não";2;0;0;1;0;1;1;2;-25,370514;-52,329772;"SPRF-PR";"DEL04-PR";"UOP02-DEL04-PR"
652518;2025-01-01;"quarta-feira";"06:00:00";"SC";101;197,5;"SAO JOSE";"Reação tardia ou ineficiente do condutor";"Atropelamento de Pedestre";"Com Vítimas Feridas";"Amanhecer";"Crescente";"Nublado";"Múltipla";"Reta";"Não";2;0;1;0;0;1;1;2;-27,51844497;-48,63848496;"SPRF-SC";"DEL01-SC";"UOP01-DEL01-SC"
652520;2025-01-01;"quarta-feira";"06:50:00";"RO";319;58;"PORTO VELHO";"Condutor deixou de manter distância do veículo da frente";"Colisão traseira";"Sem Vítimas";"Pleno dia";"Decrescente";"Chuva";"Dupla";"Reta";"Sim";2;0;0;0;2;0;0;2;-8,739714;-63,93214024;"SPRF-RO";"DEL01-RO";"UOP01-DEL01-RO"
652521;2025-01-01;"quarta-feira";"08:50:00";"SC";101;150;"ITAPEMA";"Ingestão de álcool pelo condutor";"Colisão com objeto";"Sem Vítimas";"Pleno dia";"Decrescente";"Nublado";"Múltipla";"Retorno Regulamentado";"Sim";1;0;0;0;0;1;0;1;-27,11744799;-48,60940987;"SPRF-SC";"DEL04-SC";"UOP03-DEL04-SC"
652523;2025-01-01;"quarta-feira";"07:15:00";"PB";230;4;"CABEDELO";"Ingestão de álcool pelo condutor";"Colisão com objeto";"Com Vítimas Feridas";"Pleno dia";"Crescente";"Céu Claro";"Simples";"Curva";"Sim";1;0;1;0;0;0;1;1;-7,0004;-34,8284;"SPRF-PB";"DEL01-PB";"UOP01-DEL01-PB"
652524;2025-01-01;"quarta-feira";"07:51:00";"SC";470;72;"INDAIAL";"Ingestão de álcool pelo condutor";"Saída de leito carroçável";"Com Vítimas Feridas";"Pleno dia";"Crescente";"Céu Claro";"Simples";"Reta";"Não";4;0;0;4;0;0;4;1;-26,901979;-49,268745;"SPRF-SC";"DEL04-SC";"UOP01-DEL04-SC"
652526;2025-01-01;"quarta-feira";"06:30:00";"MA";226;297,4;"BARRA DO CORDA";"Ingestão de álcool pelo condutor";"Colisão traseira";"Sem Vítimas";"Pleno dia";"Decrescente";"Céu Claro";"Simples";"Curva";"Sim";2;0;0;0;2;0;0;2;-5,50151358;-45,24431705;"SPRF-MA";"DEL06-MA";"UOP01-DEL06-MA"
652527;2025-01-01;"quarta-feira";"02:15:00";"MT";163;1044,8;"MATUPA";"Ingestão de álcool pelo condutor";"Saída de leito carroçável";"Sem Vítimas";"Amanhecer";"Crescente";"Nublado";"Simples";"Aclive";"Não";1;0;0;0;1;0;0;1;-10,24279574;-54,98732729;"SPRF-MT";"DEL06-MT";"UOP03-DEL06-MT"
652529;2025-01-01;"quarta-feira";"09:50:00";"SC";101;135;"BALNEARIO CAMBORIU";"Transitar na contramão";"Colisão frontal";"Com Vítimas Feridas";"Pleno dia";"Crescente";"Céu Claro";"Múltipla";"Reta";"Sim";2;0;1;0;1;0;1;2;-27,0050108;-48,62677494;"SPRF-SC";"DEL04-SC";"UOP03-DEL04-SC"
652530;2025-01-01;"quarta-feira";"09:55:00";"PB";230;52;"CRUZ DO ESPIRITO SANTO";"Demais falhas mecânicas ou elétricas";"Tombamento";"Com Vítimas Feridas";"Pleno dia";"Crescente";"Céu Claro";"Dupla";"Reta";"Não";2;0;1;1;0;0;2;1;-7,1951;-35,0691;"SPRF-PB";"DEL01-PB";"UOP02-DEL01-PB"
652531;2025-01-01;"quarta-feira";"09:45:00";"SC";101;368;"ICARA";"Condutor Dormindo";"Saída de leito carroçável";"Com Vítimas Feridas";"Pleno dia";"Decrescente";"Céu Claro";"Dupla";"Reta";"Não";2;0;0;2;0;0;2;1;-28,6957326;-49,17347228;"SPRF-SC";"DEL02-SC";"UOP01-DEL02-SC"
652532;2025-01-01;"quarta-feira";"07:20:00";"MG";50;180;"UBERABA";"Ingestão de álcool pelo condutor";"Colisão com objeto";"Sem Vítimas";"Pleno dia";"Crescente";"Céu Claro";"Simples";"Viaduto";"Sim";1;0;0;0;0;1;0;1;-19,77848216;-47,92194709;"SPRF-MG";"DEL13-MG";"UOP01-DEL13-MG"
652533;2025-01-01;"quarta-feira";"09:15:00";"MA";135;33;"BACABEIRA";"Ausência de reação do condutor";"Saída de leito carroçável";"Sem Vítimas";"Pleno dia";"Decrescente";"Céu Claro";"Dupla";"Reta";"Não";4;0;0;0;4;0;0;2;-2,83108301;-44,3745066;"SPRF-MA";"DEL01-MA";"UOP01-DEL01-MA"
652534;2025-01-01;"quarta-feira";"10:00:00";"SC";101;109;"PENHA";"Avarias e/ou desgaste excessivo no pneu";"Queda de ocupante de veículo";"Com Vítimas Feridas";"Pleno dia";"Decrescente";"Sol";"Múltipla";"Curva";"Não";2;0;2;0;0;0;2;1;-26,8333519;-48,69632106;"SPRF-SC";"DEL03-SC";"UOP02-DEL03-SC"
652536;2025-01-01;"quarta-feira";"10:30:00";"SC";470;7;"NAVEGANTES";"Transitar na contramão";"Colisão frontal";"Com Vítimas Feridas";"Pleno dia";"Crescente";"Céu Claro";"Dupla";"Aclive;Reta;Viaduto";"Não";3;0;1;1;1;0;2;3;-26,84499;-48,71505;"SPRF-SC";"DEL04-SC";"UOP04-DEL04-SC"
652537;2025-01-01;"quarta-feira";"08:20:00";"MG";262;129;"RIO CASCA";"Ausência de reação do condutor";"Saída de leito carroçável";"Com Vítimas Feridas";"Pleno dia";"Decrescente";"Garoa/Chuvisco";"Simples";"Curva";"Não";5;0;1;0;4;0;1;1;-20,21312389;-42,65721909;"SPRF-MG";"DEL03-MG";"UOP03-DEL03-MG"
652538;2025-01-01;"quarta-feira";"04:00:00";"CE";222;126;"ITAPAJE";"Reação tardia ou ineficiente do condutor";"Atropelamento de Pedestre";"Com Vítimas Fatais";"Amanhecer";"Decrescente";"Nublado";"Simples";"Curva;Declive";"Não";2;1;0;0;0;1;0;2;-3,69613087;-39,6007584;"SPRF-CE";"DEL04-CE";"UOP03-DEL04-CE"
652539;2025-01-01;"quarta-feira";"10:00:00";"RS";116;632,9;"JAGUARAO";"Ausência de reação do condutor";"Saída de leito carroçável";"Com Vítimas Feridas";"Pleno dia";"Crescente";"Céu Claro";"Simples";"Reta";"Não";2;0;1;0;1;0;1;1;-32,416934;-53,235894;"SPRF-RS";"DEL07-RS";"UOP03-DEL07-RS"
652540;2025-01-01;"quarta-feira";"11:05:00";"SC";280;20,2;"ARAQUARI";"Velocidade Incompatível";"Capotamento";"Com Vítimas Feridas";"Pleno dia";"Crescente";"Céu Claro";"Simples";"Reta";"Não";3;0;0;3;0;0;3;1;-26,36990477;-48,68224301;"SPRF-SC";"DEL03-SC";"UOP03-DEL03-SC"
652541;2025-01-01;"quarta-feira";"09:50:00";"MG";116;643,5;"FERVEDOURO";"Velocidade Incompatível";"Colisão lateral mesmo sentido";"Com Vítimas Fatais";"Pleno dia";"Crescente";"Nublado";"Simples";"Reta";"Não";4;1;1;1;1;0;2;2;-20,66154092;-42,26743625;"SPRF-MG";"DEL07-MG";"UOP02-DEL07-MG"
652542;2025-01-01;"quarta-feira";"10:45:00";"PR";163;33;"SANTO ANTONIO DO SUDOESTE";"Acessar a via sem observar a presença dos outros veículos";"Colisão transversal";"Com Vítimas Feridas";"Pleno dia";"Crescente";"Céu Claro";"Simples";"Reta";"Sim";4;0;0;1;3;0;1;2;-26,082715;-53,716463;"SPRF-PR";"DEL02-PR";"UOP02-DEL02-PR"
652543;2025-01-01;"quarta-feira";"11:00:00";"CE";222;1,8;"FORTALEZA";"Condutor deixou de manter distância do veículo da frente";"Colisão traseira";"Com Vítimas Feridas";"Pleno dia";"Crescente";"Céu Claro";"Múltipla";"Reta";"Sim";2;0;0;1;1;0;1;2;-3,737804;-38,578061;"SPRF-CE";"DEL01-CE";"UOP01-DEL01-CE"
652547;2025-01-01;"quarta-feira";"09:15:00";"SC";282;99,3;"ALFREDO WAGNER";"Demais falhas mecânicas ou elétricas";"Colisão frontal";"Com Vítimas Feridas";"Pleno dia";"Decrescente";"Céu Claro";"Simples";"Curva";"Não";3;0;2;0;1;0;2;2;-27,700373;-49,287563;"SPRF-SC";"DEL01-SC";"UOP03-DEL01-SC"
652548;2025-01-01;"quarta-feira";"12:59:00";"PR";116;144;"MANDIRITUBA";"Condutor deixou de manter distância do veículo da frente";"Colisão traseira";"Com Vítimas Feridas";"Pleno dia";"Decrescente";"Céu Claro";"Simples";"Reta";"Não";4;0;0;1;3;0;1;2;-25,76405694;-49,32116324;"SPRF-PR";"DEL01-PR";"UOP03-DEL01-PR"
652550;2025-01-01;"quarta-feira";"12:40:00";"MG";365;607;"UBERLANDIA";"Acessar a via sem observar a presença dos outros veículos";"Colisão transversal";"Com Vítimas Feridas";"Pleno dia";"Crescente";"Céu Claro";"Simples";"Reta";"Não";2;0;0;1;1;0;1;2;-18,92245913;-48,18448691;"SPRF-MG";"DEL15-MG";"UOP01-DEL15-MG"
652551;2025-01-01;"quarta-feira";"13:00:00";"SC";101;132;"BALNEARIO CAMBORIU";"Ingestão de álcool pelo condutor";"Colisão traseira";"Com Vítimas Feridas";"Pleno dia";"Crescente";"Céu Claro";"Dupla";"Reta";"Sim";3;0;1;1;1;0;2;2;-26,99654133;-48,65564711;"SPRF-SC";"DEL04-SC";"UOP03-DEL04-SC"
652552;2025-01-01;"quarta-feira";"12:35:00";"RS";392;285,4;"SAO SEPE";"Reação tardia ou ineficiente do condutor";"Colisão transversal";"Sem Vítimas";"Pleno dia";"Crescente";"Sol";"Simples";"Declive;Reta";"Não";2;0;0;0;2;0;0;2;-30,28693867;-53,54049683;"SPRF-RS";"DEL09-RS";"UOP02-DEL09-RS"
652554;2025-01-01;"quarta-feira";"08:30:00";"MG";381;428;"CAETE";"Acumulo de água sobre o pavimento";"Colisão lateral sentido oposto";"Com Vítimas Feridas";"Pleno dia";"Decrescente";"Nublado";"Simples";"Reta";"Não";2;0;1;0;1;0;1;2;-19,78885371;-43,70613892;"SPRF-MG";"DEL01-MG";"UOP01-DEL01-MG"
652557;2025-01-01;"quarta-feira";"09:30:00";"MT";70;42,3;"BARRA DO GARCAS";"Ausência de reação do condutor";"Saída de leito carroçável";"Com Vítimas Feridas";"Pleno dia";"Crescente";"Céu Claro";"Simples";"Reta";"Não";2;0;1;0;1;0;1;1;-15,7690862;-52,5780752;"SPRF-MT";"DEL07-MT";"UOP01-DEL07-MT"
652558;2025-01-01;"quarta-feira";"13:52:00";"MG";381;482;"BETIM";"Condutor Dormindo";"Colisão com objeto";"Com Vítimas Feridas";"Pleno dia";"Crescente";"Céu Claro";"Dupla";"Declive;Reta";"Sim";1;0;1;0;0;0;1;1;-19,95882786;-44,07543182;"SPRF-MG";"DEL01-MG";"UOP03-DEL01-MG"
652559;2025-01-01;"quarta-feira";"09:20:00";"MG";40;78,3;"PARACATU";"Ausência de reação do condutor";"Saída de leito carroçável";"Com Vítimas Feridas";"Pleno dia";"Crescente";"Nublado";"Simples";"Reta";"Não";2;0;0;1;1;0;1;1;-17,45277425;-46,67703013;"SPRF-MG";"DEL14-MG";"UOP01-DEL14-MG"