"id";"data_inversa";"dia_semana";"horario";"uf";"br";"km";"municipio";"causa_acidente";"tipo_acidente";"classificacao_acidente";"fase_dia";"sentido_via";"condicao_metereologica";"tipo_pista";"tracado_via";"uso_solo";"pessoas";"mortos";"feridos_leves";"feridos_graves";"ilesos";"ignorados";"feridos";"veiculos";"latitude";"longitude";"regional";"delegacia";"uop"
652857;2025-01-02;"quinta-feira";"23:20:00";"RJ";493;9;"GUAPIMIRIM";"Iluminação deficiente";"Atropelamento de Pedestre";"Com Vítimas Feridas";"Plena Noite";"Crescente";"Nublado";"Simples";"Reta";"Não";2;0;0;1;1;0;1;2;-22,70436802;-42,9550061;"SPRF-RJ";"DEL04-RJ";"UOP02-DEL04-RJ"
652858;2025-01-02;"quinta-feira";"22:10:00";"SC";282;644,8;"SAO MIGUEL DO OESTE";"Transitar na contramão";"Colisão lateral sentido oposto";"Com Vítimas Feridas";"Plena Noite";"Decrescente";"Céu Claro";"Simples";"Declive;Reta";"Não";11;0;11;0;0;0;11;4;-26,765259;-53,487865;"SPRF-SC";"DEL07-SC";"UOP03-DEL07-SC"
652859;2025-01-03;"sexta-feira";"00:20:00";"SP";116;38;"CACHOEIRA PAULISTA";"Pista esburacada";"Colisão traseira";"Com Vítimas Feridas";"Plena Noite";"Crescente";"Céu Claro";"Dupla";"Curva";"Sim";5;0;3;0;2;0;3;2;-22,67026579;-44,99183604;"SPRF-SP";"DEL08-SP";"UOP02-DEL08-SP"
652860;2025-01-03;"sexta-feira";"00:10:00";"SC";282;29;"SANTO AMARO DA IMPERATRIZ";"Ausência de reação do condutor";"Saída de leito carroçável";"Com Vítimas Feridas";"Plena Noite";"Decrescente";"Nublado";"Simples";"Curva";"Sim";2;0;1;0;1;0;1;1;-27,679737;-48,786785;"SPRF-SC";"DEL01-SC";"UOP03-DEL01-SC"
652863;2025-01-03;"sexta-feira";"01:01:00";"RJ";101;401,2;"ITAGUAI";"Animais na Pista";"Atropelamento de Animal";"Com Vítimas Feridas";"Plena Noite";"Crescente";"Chuva";"Dupla";"Reta";"Não";2;0;1;0;1;0;1;1;-22,84853075;-43,77998836;"SPRF-RJ";"DEL03-RJ";"UOP01-DEL03-RJ"
652864;2025-01-03;"sexta-feira";"01:00:00";"PB";230;6;"CABEDELO";"Condutor Dormindo";"Tombamento";"Com Vítimas Feridas";"Plena Noite";"Decrescente";"Nublado";"Simples";"Reta";"Sim";1;0;1;0;0;0;1;1;-7,02;-34,8359;"SPRF-PB";"DEL01-PB";"UOP01-DEL01-PB"
652866;2025-01-03;"sexta-feira";"02:53:00";"PR";277;322,7;"GUARAPUAVA";"Transitar na contramão";"Colisão frontal";"Com Vítimas Feridas";"Plena Noite";"Decrescente";"Nublado";"Simples";"Reta";"Não";5;0;4;1;0;0;5;2;-25,375901;-51,29568;"SPRF-PR";"DEL08-PR";"UOP01-DEL08-PR"
652868;2025-01-03;"sexta-feira";"04:25:00";"PB";101;117,9;"PEDRAS DE FOGO";"Objeto estático sobre o leito carroçável";"Saída de leito carroçável";"Com Vítimas Feridas";"Amanhecer";"Crescente";"Céu Claro";"Dupla";"Reta";"Não";3;0;2;0;1;0;2;1;-7,41357983;-34,95743528;"SPRF-PB";"DEL01-PB";"UOP01-DEL01-PB"
652870;2025-01-03;"sexta-feira";"05:10:00";"SC";101;214,3;"PALHOCA";"Desrespeitar a preferência no cruzamento";"Colisão transversal";"Com Vítimas Feridas";"Amanhecer";"Crescente";"Céu Claro";"Dupla";"Reta;Viaduto";"Sim";2;0;2;0;0;0;2;2;-27,64735302;-48,67285609;"SPRF-SC";"DEL01-SC";"UOP02-DEL01-SC"
652871;2025-01-03;"sexta-feira";"06:45:00";"SP";116;210;"GUARULHOS";"Condutor deixou de manter distância do veículo da frente";"Colisão traseira";"Com Vítimas Feridas";"Pleno dia";"Crescente";"Céu Claro";"Múltipla";"Reta";"Sim";2;0;1;0;1;0;1;2;-23,42870023;-46,41085991;"SPRF-SP";"DEL01-SP";"UOP01-DEL01-SP"
652872;2025-01-03;"sexta-feira";"05:30:00";"PR";277;652,5;"MATELANDIA";"Ausência de reação do condutor";"Colisão traseira";"Com Vítimas Feridas";"Amanhecer";"Decrescente";"Céu Claro";"Simples";"Retorno Regulamentado;Reta";"Sim";2;0;1;0;0;1;1;2;-25,20838433;-53,95023292;"SPRF-PR";"DEL05-PR";"UOP02-DEL05-PR"
652874;2025-01-03;"sexta-feira";"05:00:00";"SP";116;68,7;"APARECIDA";"Demais falhas mecânicas ou elétricas";"Colisão com objeto";"Com Vítimas Feridas";"Amanhecer";"Crescente";"Nublado";"Simples";"Interseção de Vias;Declive;Curva";"Não";1;0;1;0;0;0;1;1;-22,83833819;-45,22340558;"SPRF-SP";"DEL08-SP";"UOP01-DEL08-SP"
652875;2025-01-02;"quinta-feira";"12:00:00";"MT";70;59;"BARRA DO GARCAS";"Reação tardia ou ineficiente do condutor";"Saída de leito carroçável";"Com Vítimas Feridas";"Pleno dia";"Decrescente";"Chuva";"Simples";"Declive;Reta";"Não";3;0;1;0;1;1;1;2;-15,6977442;-52,68428613;"SPRF-MT";"DEL07-MT";"UOP01-DEL07-MT"
652876;2025-01-03;"sexta-feira";"04:50:00";"BA";116;750;"POCOES";"Mal súbito do condutor";"Saída de leito carroçável";"Com Vítimas Feridas";"Amanhecer";"Crescente";"Céu Claro";"Simples";"Reta;Aclive";"Sim";4;0;2;0;2;0;2;1;-14,47723421;-40,33493042;"SPRF-BA";"DEL08-BA";"UOP02-DEL08-BA"
652877;2025-01-03;"sexta-feira";"07:00:00";"ES";101;294;"CARIACICA";"Reação tardia ou ineficiente do condutor";"Colisão lateral mesmo sentido";"Com Vítimas Feridas";"Pleno dia";"Crescente";"Céu Claro";"Múltipla";"Reta";"Sim";2;0;1;0;1;0;1;2;-20,32415948;-40,3952903;"SPRF-ES";"DEL01-ES";"UOP01-DEL01-ES"
652878;2025-01-03;"sexta-feira";"06:05:00";"PE";101;50;"ABREU E LIMA";"Condutor deixou de manter distância do veículo da frente";"Colisão lateral mesmo sentido";"Com Vítimas Feridas";"Pleno dia";"Crescente";"Nublado";"Múltipla";"Reta";"Sim";4;0;1;0;3;0;1;3;-7,90938602;-34,90123228;"SPRF-PE";"DEL01-PE";"UOP02-DEL01-PE"
652879;2025-01-03;"sexta-feira";"06:00:00";"SP";116;213;"GUARULHOS";"Condutor deixou de manter distância do veículo da frente";"Colisão traseira";"Com Vítimas Feridas";"Pleno dia";"Crescente";"Céu Claro";"Múltipla";"Reta";"Sim";2;0;1;0;1;0;1;2;-23,43971486;-46,43667806;"SPRF-SP";"DEL01-SP";"UOP01-DEL01-SP"
652880;2025-01-03;"sexta-feira";"07:00:00";"SP";381;71;"MAIRIPORA";"Trafegar com motocicleta (ou similar) entre as faixas";"Colisão lateral mesmo sentido";"Com Vítimas Feridas";"Pleno dia";"Crescente";"Céu Claro";"Dupla";"Reta;Aclive";"Não";2;0;1;0;1;0;1;2;-23,35047979;-46,55267274;"SPRF-SP";"DEL03-SP";"UOP01-DEL03-SP"
652882;2025-01-03;"sexta-feira";"07:00:00";"MG";381;853;"POUSO ALEGRE";"Velocidade Incompatível";"Saída de leito carroçável";"Com Vítimas Feridas";"Pleno dia";"Crescente";"Nublado";"Dupla";"Reta";"Não";1;0;1;0;0;0;1;1;-22,30499294;-45,90167524;"SPRF-MG";"DEL16-MG";"UOP01-DEL16-MG"
652884;2025-01-03;"sexta-feira";"07:30:00";"RJ";101;485;"ANGRA DOS REIS";"Manobra de mudança de faixa";"Colisão traseira";"Com Vítimas Feridas";"Pleno dia";"Decrescente";"Céu Claro";"Simples";"Reta";"Sim";3;0;2;0;0;1;2;2;-22,98573526;-44,29709764;"SPRF-RJ";"DEL03-RJ";"UOP03-DEL03-RJ"
652886;2025-01-02;"quinta-feira";"00:15:00";"PI";135;506;"MONTE ALEGRE DO PIAUI";"Animais na Pista";"Atropelamento de Animal";"Com Vítimas Feridas";"Plena Noite";"Crescente";"Céu Claro";"Simples";"Reta";"Não";2;0;0;2;0;0;2;1;-9,76197013;-45,31008481;"SPRF-PI";"DEL03-PI";"UOP02-DEL03-PI"
652887;2025-01-03;"sexta-feira";"05:00:00";"RO";364;130,5;"PIMENTA BUENO";"Animais na Pista";"Atropelamento de Animal";"Com Vítimas Feridas";"Amanhecer";"Decrescente";"Céu Claro";"Simples";"Reta";"Não";2;0;1;0;1;0;1;1;-11,47694099;-61,39322799;"SPRF-RO";"DEL02-RO";"UOP02-DEL02-RO"
652888;2025-01-03;"sexta-feira";"07:45:00";"PB";101;122,5;"CAAPORA";"Curva acentuada";"Saída de leito carroçável";"Com Vítimas Feridas";"Pleno dia";"Crescente";"Garoa/Chuvisco";"Dupla";"Curva;Declive";"Não";1;0;1;0;0;0;1;1;-7,45814233;-34,98086929;"SPRF-PB";"DEL01-PB";"UOP01-DEL01-PB"
652890;2025-01-03;"sexta-feira";"08:15:00";"SP";101;51;"UBATUBA";"Acessar a via sem observar a presença dos outros veículos";"Colisão frontal";"Com Vítimas Feridas";"Pleno dia";"Decrescente";"Céu Claro";"Simples";"Reta";"Sim";5;0;1;0;4;0;1;2;-23,45627795;-45,07111896;"SPRF-SP";"DEL06-SP";"UOP01-DEL06-SP"
652891;2025-01-03;"sexta-feira";"08:15:00";"MG";381;831;"SAO SEBASTIAO DA BELA VISTA";"Problema na suspensão";"Saída de leito carroçável";"Com Vítimas Feridas";"Pleno dia";"Crescente";"Nublado";"Dupla";"Curva";"Não";3;0;1;0;2;0;1;1;-22,14509897;-45,81876904;"SPRF-MG";"DEL16-MG";"UOP01-DEL16-MG"
652892;2025-01-03;"sexta-feira";"08:15:00";"SC";101;332;"TUBARAO";"Reação tardia ou ineficiente do condutor";"Colisão com objeto";"Com Vítimas Feridas";"Pleno dia";"Crescente";"Céu Claro";"Dupla";"Interseção de Vias";"Sim";5;0;2;0;3;0;2;2;-28,46767;-49,002167;"SPRF-SC";"DEL02-SC";"UOP01-DEL02-SC"
652894;2025-01-03;"sexta-feira";"08:30:00";"CE";222;4;"CAUCAIA";"Acesso irregular";"Colisão transversal";"Com Vítimas Feridas";"Pleno dia";"Decrescente";"Céu Claro";"Múltipla";"Reta";"Sim";2;0;1;0;1;0;1;2;-3,74164754;-38,60449792;"SPRF-CE";"DEL01-CE";"UOP01-DEL01-CE"
652895;2025-01-03;"sexta-feira";"08:00:00";"PI";343;3;"TERESINA";"Condutor deixou de manter distância do veículo da frente";"Colisão traseira";"Com Vítimas Feridas";"Pleno dia";"Decrescente";"Céu Claro";"Múltipla";"Reta";"Sim";2;0;0;1;1;0;1;2;-5,089569;-42,802288;"SPRF-PI";"DEL01-PI";"UOP01-DEL01-PI"
652896;2025-01-03;"sexta-feira";"08:40:00";"SC";101;67,3;"ARAQUARI";"Reação tardia ou ineficiente do condutor";"Colisão traseira";"Com Vítimas Feridas";"Pleno dia";"Decrescente";"Sol";"Dupla";"Reta";"Não";4;0;2;0;2;0;2;2;-26,48645;-48,73483602;"SPRF-SC";"DEL03-SC";"UOP02-DEL03-SC"
652899;2025-01-03;"sexta-feira";"08:20:00";"MG";40;827,5;"SIMAO PEREIRA";"Ausência de reação do condutor";"Saída de leito carroçável";"Com Vítimas Feridas";"Pleno dia";"Crescente";"Céu Claro";"Dupla";"Reta";"Não";1;0;1;0;0;0;1;1;-21,98932602;-43,2844189;"SPRF-MG";"DEL05-MG";"UOP01-DEL05-MG"
652900;2025-01-03;"sexta-feira";"07:25:00";"MG";381;630;"OLIVEIRA";"Velocidade Incompatível";"Saída de leito carroçável";"Com Vítimas Feridas";"Amanhecer";"Decrescente";"Chuva";"Dupla";"Curva";"Não";5;0;4;0;1;0;4;1;-20,70021201;-44,74879926;"SPRF-MG";"DEL04-MG";"UOP01-DEL04-MG"
652901;2025-01-03;"sexta-feira";"08:58:00";"PB";230;56,4;"CRUZ DO ESPIRITO SANTO";"Demais falhas mecânicas ou elétricas";"Tombamento";"Com Vítimas Feridas";"Pleno dia";"Decrescente";"Céu Claro";"Dupla";"Reta";"Não";2;0;1;1;0;0;2;1;-7,2021;-35,1038;"SPRF-PB";"DEL01-PB";"UOP02-DEL01-PB"
652902;2025-01-03;"sexta-feira";"08:30:00";"RJ";101;93;"CAMPOS DOS GOYTACAZES";"Ausência de reação do condutor";"Saída de leito carroçável";"Com Vítimas Feridas";"Amanhecer";"Decrescente";"Chuva";"Dupla";"Reta";"Não";4;0;1;0;3;0;1;1;-21,82626899;-41,49641201;"SPRF-RJ";"DEL08-RJ";"UOP02-DEL08-RJ"
652903;2025-01-03;"sexta-feira";"08:35:00";"MG";40;782,9;"JUIZ DE FORA";"Condutor Dormindo";"Colisão com objeto";"Com Vítimas Feridas";"Pleno dia";"Crescente";"Nublado";"Dupla";"Aclive;Reta";"Não";2;0;2;0;0;0;2;1;-21,69593719;-43,44982474;"SPRF-MG";"DEL05-MG";"UOP01-DEL05-MG"
652904;2025-01-03;"sexta-feira";"08:00:00";"SP";381;86,6;"GUARULHOS";"Demais falhas mecânicas ou elétricas";"Queda de ocupante de veículo";"Com Vítimas Feridas";"Pleno dia";"Crescente";"Céu Claro";"Múltipla";"Reta";"Sim";2;0;1;0;1;0;1;1;-23,45930499;-46,57161179;"SPRF-SP";"DEL03-SP";"UOP01-DEL03-SP"
652905;2025-01-03;"sexta-feira";"09:15:00";"RJ";493;52;"DUQUE DE CAXIAS";"Demais falhas mecânicas ou elétricas";"Queda de ocupante de veículo";"Com Vítimas Feridas";"Pleno dia";"Crescente";"Céu Claro";"Dupla";"Reta";"Não";2;0;1;1;0;0;2;1;-22,672089;-43,285053;"SPRF-RJ";"DEL01-RJ";"UOP03-DEL01-RJ"
652907;2025-01-03;"sexta-feira";"09:30:00";"MG";381;3;"BETIM";"Demais falhas mecânicas ou elétricas";"Incêndio";"Sem Vítimas";"Pleno dia";"Decrescente";"Nublado";"Dupla";"Reta";"Não";2;0;0;0;2;0;0;1;-19,96825;-44,198708;"SPRF-MG";"DEL01-MG";"UOP03-DEL01-MG"
652910;2025-01-03;"sexta-feira";"08:45:00";"PR";116;145;"MANDIRITUBA";"Ausência de reação do condutor";"Atropelamento de Pedestre";"Com Vítimas Fatais";"Pleno dia";"Decrescente";"Céu Claro";"Simples";"Reta;Aclive";"Não";3;1;0;0;1;1;0;2;-25,8127148;-49,3285196;"SPRF-PR";"DEL01-PR";"UOP03-DEL01-PR"
652912;2025-01-03;"sexta-feira";"10:30:00";"BA";415;34;"ILHEUS";"Conversão proibida";"Colisão transversal";"Com Vítimas Feridas";"Pleno dia";"Crescente";"Céu Claro";"Múltipla";"Reta";"Sim";5;0;1;0;4;0;1;2;-14,8482;-39,281986;"SPRF-BA";"DEL05-BA";"UOP01-DEL05-BA"
652913;2025-01-03;"sexta-feira";"10:45:00";"PR";369;133,3;"IBIPORA";"Acessar a via sem observar a presença dos outros veículos";"Colisão transversal";"Com Vítimas Fatais";"Pleno dia";"Crescente";"Céu Claro";"Dupla";"Interseção de Vias";"Não";4;1;0;0;3;0;0;2;-23,26060471;-51,01269186;"SPRF-PR";"DEL07-PR";"UOP01-DEL07-PR"
652915;2025-01-03;"sexta-feira";"11:05:00";"BA";116;464;"SANTO ESTEVAO";"Animais na Pista";"Colisão traseira";"Com Vítimas Feridas";"Pleno dia";"Decrescente";"Céu Claro";"Dupla";"Reta";"Não";8;0;1;0;7;0;1;3;-12,4441144;-39,23773631;"SPRF-BA";"DEL02-BA";"UOP01-DEL02-BA"
652916;2025-01-03;"sexta-feira";"11:20:00";"SC";101;218,4;"PALHOCA";"Trafegar com motocicleta (ou similar) entre as faixas";"Colisão lateral mesmo sentido";"Com Vítimas Feridas";"Pleno dia";"Crescente";"Céu Claro";"Dupla";"Reta";"Sim";3;0;2;0;1;0;2;2;-27,6758601;-48,67052525;"SPRF-SC";"DEL01-SC";"UOP02-DEL01-SC"
652917;2025-01-03;"sexta-feira";"09:42:00";"RS";392;713,2;"PORTO XAVIER";"Acessar a via sem observar a presença dos outros veículos";"Colisão transversal";"Com Vítimas Feridas";"Pleno dia";"Crescente";"Céu Claro";"Simples";"Curva";"Sim";2;0;0;1;1;0;1;2;-27,97267189;-55,12920431;"SPRF-RS";"DEL10-RS";"UOP01-DEL10-RS"
652919;2025-01-03;"sexta-feira";"10:40:00";"PE";232;5;"RECIFE";"Condutor deixou de manter distância do veículo da frente";"Colisão traseira";"Com Vítimas Feridas";"Pleno dia";"Decrescente";"Sol";"Múltipla";"Reta";"Sim";2;0;0;1;1;0;1;2;-8,06795766;-34,94535414;"SPRF-PE";"DEL01-PE";"UOP01-DEL01-PE"
652921;2025-01-03;"sexta-feira";"09:50:00";"BA";110;360;"CATU";"Manobra de mudança de faixa";"Capotamento";"Com Vítimas Feridas";"Pleno dia";"Crescente";"Céu Claro";"Simples";"Reta";"Não";5;0;5;0;0;0;5;1;-12,36659322;-38,38801135;"SPRF-BA";"DEL01-BA";"UOP04-DEL01-BA"
652922;2025-01-03;"sexta-feira";"10:30:00";"SC";101;142;"ITAPEMA";"Manobra de mudança de faixa";"Colisão lateral mesmo sentido";"Com Vítimas Feridas";"Pleno dia";"Crescente";"Céu Claro";"Dupla";"Curva";"Sim";3;0;1;0;0;2;1;3;-27,056089;-48,599449;"SPRF-SC";"DEL04-SC";"UOP03-DEL04-SC"
652924;2025-01-03;"sexta-feira";"11:30:00";"PB";230;19;"JOAO PESSOA";"Ausência de reação do condutor";"Colisão traseira";"Com Vítimas Feridas";"Pleno dia";"Decrescente";"Sol";"Dupla";"Reta;Em Obras";"Sim";3;0;2;0;1;0;2;2;-7,1281;-34,8466;"SPRF-PB";"DEL01-PB";"UOP01-DEL01-PB"
652925;2025-01-03;"sexta-feira";"11:20:00";"SC";280;33;"ARAQUARI";"Ausência de reação do condutor";"Queda de ocupante de veículo";"Com Vítimas Feridas";"Pleno dia";"Decrescente";"Céu Claro";"Simples";"Reta";"Não";1;0;1;0;0;0;1;1;-26,42576441;-48,78741376;"SPRF-SC";"DEL03-SC";"UOP03-DEL03-SC"
652927;2025-01-03;"sexta-feira";"10:15:00";"GO";153;70;"PORANGATU";"Desrespeitar a preferência no cruzamento";"Colisão transversal";"Com Vítimas Feridas";"Pleno dia";"Crescente";"Nublado";"Simples";"Reta";"Sim";5;0;2;0;3;0;2;2;-13,450082;-49,134861;"SPRF-GO";"DEL07-GO";"UOP01-DEL07-GO"
652929;2025-01-03;"sexta-feira";"09:50:00";"BA";116;632;"JAGUAQUARA";"Ausência de reação do condutor";"Colisão transversal";"Com Vítimas Feridas";"Pleno dia";"Decrescente";"Sol";"Simples";"Interseção de Vias;Reta";"Sim";2;0;1;0;1;0;1;2;-13,46756485;-40,03652534;"SPRF-BA";"DEL03-BA";"UOP01-DEL03-BA"
652932;2025-01-03;"sexta-feira";"12:40:00";"PR";369;182,2;"ARAPONGAS";"Acessar a via sem observar a presença dos outros veículos";"Colisão transversal";"Com Vítimas Feridas";"Pleno dia";"Decrescente";"Céu Claro";"Simples";"Reta;Interseção de Vias";"Sim";2;0;1;0;1;0;1;2;-23,38454812;-51,41923428;"SPRF-PR";"DEL07-PR";"UOP03-DEL07-PR"
652933;2025-01-03;"sexta-feira";"13:00:00";"SC";101;196,7;"BIGUACU";"Reação tardia ou ineficiente do condutor";"Colisão traseira";"Com Vítimas Feridas";"Pleno dia";"Decrescente";"Sol";"Múltipla";"Declive;Reta";"Sim";2;0;0;1;1;0;1;2;-27,51101091;-48,64322292;"SPRF-SC";"DEL01-SC";"UOP01-DEL01-SC"
652934;2025-01-03;"sexta-feira";"12:10:00";"MG";381;919;"CAMANDUCAIA";"Ausência de reação do condutor";"Colisão com objeto";"Com Vítimas Feridas";"Pleno dia";"Crescente";"Chuva";"Dupla";"Reta";"Não";2;0;2;0;0;0;2;1;-22,7716591;-46,19193618;"SPRF-MG";"DEL16-MG";"UOP03-DEL16-MG"
652935;2025-01-03;"sexta-feira";"11:00:00";"MG";116;413;"GOVERNADOR VALADARES";"Transitar no Acostamento";"Colisão lateral mesmo sentido";"Com Vítimas Feridas";"Pleno dia";"Crescente";"Nublado";"Simples";"Reta";"Sim";2;0;0;1;1;0;1;2;-18,88135621;-41,95887202;"SPRF-MG";"DEL06-MG";"UOP01-DEL06-MG"
652936;2025-01-03;"sexta-feira";"13:00:00";"PE";428;186;"PETROLINA";"Transitar no Acostamento";"Colisão traseira";"Com Vítimas Feridas";"Pleno dia";"Crescente";"Céu Claro";"Dupla";"Reta";"Sim";2;0;1;0;1;0;1;2;-9,34807826;-40,47441248;"SPRF-PE";"DEL06-PE";"UOP01-DEL06-PE"
652939;2025-01-03;"sexta-feira";"13:00:00";"PR";116;105;"SAO JOSE DOS PINHAIS";"Velocidade Incompatível";"Capotamento";"Sem Vítimas";"Pleno dia";"Crescente";"Céu Claro";"Dupla";"Reta";"Não";2;0;0;0;2;0;0;1;-25,56635207;-49,16833598;"SPRF-PR";"DEL01-PR";"UOP07-DEL01-PR"
652941;2025-01-03;"sexta-feira";"12:20:00";"SE";101;62;"ROSARIO DO CATETE";"Condutor deixou de manter distância do veículo da frente";"Colisão traseira";"Com Vítimas Feridas";"Pleno dia";"Crescente";"Céu Claro";"Dupla";"Reta";"Não";7;0;1;0;6;0;1;2;-10,68457007;-37,03562689;"SPRF-SE";"DEL02-SE";"UOP02-DEL02-SE"
652943;2025-01-03;"sexta-feira";"10:40:00";"MG";267;185,5;"OLARIA";"Ultrapassagem Indevida";"Colisão frontal";"Com Vítimas Feridas";"Pleno dia";"Decrescente";"Céu Claro";"Simples";"Curva";"Não";4;0;4;0;0;0;4;2;-21,88971907;-43,94989589;"SPRF-MG";"DEL05-MG";"UOP01-DEL05-MG"
652946;2025-01-03;"sexta-feira";"09:30:00";"MT";364;270,2;"JACIARA";"Reação tardia ou ineficiente do condutor";"Queda de ocupante de veículo";"Com Vítimas Feridas";"Pleno dia";"Crescente";"Nublado";"Simples";"Declive;Reta";"Sim";1;0;1;0;0;0;1;1;-15,9689785;-54,94463002;"SPRF-MT";"DEL05-MT";"UOP02-DEL05-MT"
652951;2025-01-03;"sexta-feira";"14:25:00";"RJ";40;100;"DUQUE DE CAXIAS";"Demais falhas mecânicas ou elétricas";"Incêndio";"Sem Vítimas";"Pleno dia";"Decrescente";"Nublado";"Simples";"Curva";"Não";1;0;0;0;1;0;0;1;-22,59404803;-43,28079889;"SPRF-RJ";"DEL01-RJ";"UOP01-DEL01-RJ"
652952;2025-01-03;"sexta-feira";"12:30:00";"RN";226;325,5;"MESSIAS TARGINO";"Ultrapassagem Indevida";"Saída de leito carroçável";"Com Vítimas Feridas";"Pleno dia";"Decrescente";"Céu Claro";"Simples";"Reta";"Não";1;0;1;0;0;0;1;1;-6,07603518;-37,52521992;"SPRF-RN";"DEL04-RN";"UOP01-DEL04-RN"
652953;2025-01-03;"sexta-feira";"07:31:00";"MG";381;646,4;"SANTO ANTONIO DO AMPARO";"Reação tardia ou ineficiente do condutor";"Colisão com objeto";"Com Vítimas Feridas";"Pleno dia";"Crescente";"Nublado";"Dupla";"Curva";"Não";3;0;2;0;1;0;2;1;-20,92360378;-44,87417221;"SPRF-MG";"DEL04-MG";"UOP02-DEL04-MG"
652954;2025-01-03;"sexta-feira";"15:34:00";"PA";230;111;"MARABA";"Ausência de reação do condutor";"Colisão traseira";"Com Vítimas Feridas";"Pleno dia";"Crescente";"Céu Claro";"Simples";"Reta";"Sim";2;0;1;0;1;0;1;2;-5,37139594;-49,04004698;"SPRF-PA";"DEL03-PA";"UOP01-DEL03-PA"
652955;2025-01-03;"sexta-feira";"15:25:00";"SC";101;133;"BALNEARIO CAMBORIU";"Manobra de mudança de faixa";"Colisão lateral mesmo sentido";"Com Vítimas Feridas";"Pleno dia";"Crescente";"Céu Claro";"Dupla";"Aclive";"Sim";2;0;1;0;1;0;1;2;-26,99936;-48,64609;"SPRF-SC";"DEL04-SC";"UOP03-DEL04-SC"
652957;2025-01-03;"sexta-feira";"15:30:00";"PI";343;265;"CAMPO MAIOR";"Condutor deixou de manter distância do veículo da frente";"Colisão traseira";"Com Vítimas Feridas";"Pleno dia";"Decrescente";"Nublado";"Simples";"Reta";"Sim";4;0;0;1;3;0;1;2;-4,834697;-42,167046;"SPRF-PI";"DEL01-PI";"UOP03-DEL01-PI"
652958;2025-01-03;"sexta-feira";"15:05:00";"RJ";116;179;"BELFORD ROXO";"Reação tardia ou ineficiente do condutor";"Colisão traseira";"Com Vítimas Feridas";"Pleno dia";"Crescente";"Nublado";"Dupla";"Reta";"Não";2;0;1;0;1;0;1;2;-22,769902;-43,408036;"SPRF-RJ";"DEL06-RJ";"UOP01-DEL06-RJ"
652959;2025-01-03;"sexta-feira";"15:30:00";"PI";316;10;"TERESINA";"Acessar a via sem observar a presença dos outros veículos";"Colisão lateral mesmo sentido";"Com Vítimas Feridas";"Pleno dia";"Crescente";"Céu Claro";"Simples";"Reta";"Sim";2;0;1;0;1;0;1;2;-5,18280197;-42,76350291;"SPRF-PI";"DEL01-PI";"UOP02-DEL01-PI"
652960;2025-01-03;"sexta-feira";"14:30:00";"RJ";465;10;"SEROPEDICA";"Reação tardia ou ineficiente do condutor";"Engavetamento";"Sem Vítimas";"Pleno dia";"Crescente";"Nublado";"Simples";"Reta";"Não";4;0;0;0;3;1;0;3;-22,777218;-43,663025;"SPRF-RJ";"DEL06-RJ";"UOP02-DEL06-RJ"
652961;2025-01-03;"sexta-feira";"16:00:00";"SP";116;174;"GUARAREMA";"Demais falhas mecânicas ou elétricas";"Queda de ocupante de veículo";"Com Vítimas Feridas";"Pleno dia";"Decrescente";"Céu Claro";"Dupla";"Declive";"Não";2;0;2;0;0;0;2;1;-23,31710055;-46,08178719;"SPRF-SP";"DEL02-SP";"UOP01-DEL02-SP"
652962;2025-01-03;"sexta-feira";"10:00:00";"SP";116;138;"SAO JOSE DOS CAMPOS";"Reação tardia ou ineficiente do condutor";"Queda de ocupante de veículo";"Com Vítimas Feridas";"Pleno dia";"Decrescente";"Céu Claro";"Dupla";"Reta";"Sim";2;0;2;0;0;0;2;1;-23,1572739;-45,79554605;"SPRF-SP";"DEL02-SP";"UOP01-DEL02-SP"
652964;2025-01-03;"sexta-feira";"14:30:00";"SC";101;134;"BALNEARIO CAMBORIU";"Reação tardia ou ineficiente do condutor";"Colisão lateral mesmo sentido";"Com Vítimas Feridas";"Pleno dia";"Crescente";"Nublado";"Múltipla";"Reta";"Sim";4;0;1;0;2;1;1;4;-27,00218;-48,636433;"SPRF-SC";"DEL04-SC";"UOP03-DEL04-SC"
652965;2025-01-03;"sexta-feira";"14:55:00";"SC";101;288,5;"IMBITUBA";"Desrespeitar a preferência no cruzamento";"Colisão transversal";"Com Vítimas Feridas";"Pleno dia";"Decrescente";"Céu Claro";"Múltipla";"Interseção de Vias;Curva";"Sim";3;0;2;0;1;0;2;2;-28,26839437;-48,70066524;"SPRF-SC";"DEL02-SC";"UOP03-DEL02-SC"
652967;2025-01-03;"sexta-feira";"14:00:00";"RO";364;422;"JARU";"Retorno proibido";"Colisão transversal";"Sem Vítimas";"Pleno dia";"Crescente";"Céu Claro";"Simples";"Reta";"Não";3;0;0;0;3;0;0;2;-10,4597532;-62,4558043;"SPRF-RO";"DEL03-RO";"UOP02-DEL03-RO"
652968;2025-01-03;"sexta-feira";"16:20:00";"MG";153;38,9;"CANAPOLIS";"Chuva";"Saída de leito carroçável";"Com Vítimas Feridas";"Pleno dia";"Decrescente";"Chuva";"Dupla";"Reta";"Não";6;0;5;0;1;0;5;1;-18,73302108;-49,10715606;"SPRF-MG";"DEL15-MG";"UOP03-DEL15-MG"