"id";"data_inversa";"dia_semana";"horario";"uf";"br";"km";"municipio";"causa_acidente";"tipo_acidente";"classificacao_acidente";"fase_dia";"sentido_via";"condicao_metereologica";"tipo_pista";"tracado_via";"uso_solo";"pessoas";"mortos";"feridos_leves";"feridos_graves";"ilesos";"ignorados";"feridos";"veiculos";"latitude";"longitude";"regional";"delegacia";"uop"
653080;2025-01-04;"sábado";"07:00:00";"PB";230;9;"CABEDELO";"Manobra de mudança de faixa";"Colisão lateral mesmo sentido";"Sem Vítimas";"Pleno dia";"Decrescente";"Céu Claro";"Dupla";"Reta";"Sim";6;0;0;0;6;0;0;2;-7,0433;-34,8466;"SPRF-PB";"DEL01-PB";"UOP01-DEL01-PB"
653081;2025-01-04;"sábado";"06:15:00";"RJ";116;177;"SAO JOAO DE MERITI";"Trafegar com motocicleta (ou similar) entre as faixas";"Colisão lateral mesmo sentido";"Com Vítimas Feridas";"Pleno dia";"Decrescente";"Céu Claro";"Dupla";"Reta";"Não";2;0;1;0;1;0;1;2;-22,78055198;-43,39208599;"SPRF-RJ";"DEL06-RJ";"UOP01-DEL06-RJ"
653084;2025-01-04;"sábado";"06:45:00";"SC";101;40;"JOINVILLE";"Velocidade Incompatível";"Colisão com objeto";"Com Vítimas Feridas";"Pleno dia";"Decrescente";"Nublado";"Múltipla";"Reta";"Sim";1;0;1;0;0;0;1;1;-26,27176094;-48,89468382;"SPRF-SC";"DEL03-SC";"UOP01-DEL03-SC"
653085;2025-01-04;"sábado";"07:05:00";"GO";20;48;"FORMOSA";"Condutor Dormindo";"Colisão lateral sentido oposto";"Sem Vítimas";"Amanhecer";"Crescente";"Céu Claro";"Simples";"Reta";"Sim";6;0;0;0;6;0;0;2;-15,34398;-47,120541;"SPRF-DF";"DEL02-DF";"UOP02-DEL02-DF"
653086;2025-01-04;"sábado";"02:35:00";"RJ";116;211;"SEROPEDICA";"Ausência de reação do condutor";"Colisão com objeto";"Com Vítimas Feridas";"Plena Noite";"Decrescente";"Ignorado";"Dupla";"Reta";"Não";2;0;2;0;0;0;2;1;-22,71844298;-43,700897;"SPRF-RJ";"DEL06-RJ";"UOP02-DEL06-RJ"
653087;2025-01-04;"sábado";"08:14:00";"RJ";116;176;"SAO JOAO DE MERITI";"Demais falhas mecânicas ou elétricas";"Queda de ocupante de veículo";"Com Vítimas Feridas";"Pleno dia";"Crescente";"Céu Claro";"Dupla";"Reta";"Não";2;0;1;0;1;0;1;1;-22,7839538;-43,38195488;"SPRF-RJ";"DEL06-RJ";"UOP01-DEL06-RJ"
653088;2025-01-04;"sábado";"07:20:00";"SC";101;116,8;"ITAJAI";"Ausência de reação do condutor";"Colisão lateral mesmo sentido";"Com Vítimas Feridas";"Pleno dia";"Decrescente";"Sol";"Dupla";"Reta";"Não";2;0;0;2;0;0;2;2;-26,87905605;-48,72603512;"SPRF-SC";"DEL04-SC";"UOP04-DEL04-SC"
653089;2025-01-04;"sábado";"08:45:00";"RJ";116;172;"SAO JOAO DE MERITI";"Ausência de reação do condutor";"Colisão traseira";"Com Vítimas Feridas";"Pleno dia";"Decrescente";"Céu Claro";"Dupla";"Reta";"Sim";3;0;1;0;2;0;1;2;-22,80188151;-43,35043673;"SPRF-RJ";"DEL06-RJ";"UOP01-DEL06-RJ"
653090;2025-01-04;"sábado";"07:49:00";"PE";101;7,4;"GOIANA";"Acessar a via sem observar a presença dos outros veículos";"Colisão transversal";"Com Vítimas Feridas";"Pleno dia";"Crescente";"Céu Claro";"Dupla";"Reta";"Sim";2;0;1;0;1;0;1;2;-7,564785;-34,990213;"SPRF-PE";"DEL01-PE";"UOP02-DEL01-PE"
653091;2025-01-04;"sábado";"08:30:00";"SE";101;152;"ESTANCIA";"Afundamento ou ondulação no pavimento";"Saída de leito carroçável";"Sem Vítimas";"Pleno dia";"Decrescente";"Sol";"Simples";"Reta";"Sim";2;0;0;0;2;0;0;1;-11,27423982;-37,44799376;"SPRF-SE";"DEL02-SE";"UOP01-DEL02-SE"
653092;2025-01-04;"sábado";"03:20:00";"RJ";116;145;"DUQUE DE CAXIAS";"Ausência de reação do condutor";"Colisão traseira";"Com Vítimas Feridas";"Plena Noite";"Decrescente";"Céu Claro";"Múltipla";"Reta";"Sim";2;0;1;0;1;0;1;2;-22,66237951;-43,25529831;"SPRF-RJ";"DEL01-RJ";"UOP02-DEL01-RJ"
653094;2025-01-04;"sábado";"08:50:00";"RJ";101;469;"ANGRA DOS REIS";"Ausência de reação do condutor";"Colisão frontal";"Com Vítimas Feridas";"Pleno dia";"Crescente";"Céu Claro";"Simples";"Reta";"Não";6;0;4;0;2;0;4;3;-23,01160388;-44,23091089;"SPRF-RJ";"DEL03-RJ";"UOP03-DEL03-RJ"
653096;2025-01-04;"sábado";"08:45:00";"DF";70;3,8;"BRASILIA";"Acesso irregular";"Colisão transversal";"Com Vítimas Feridas";"Pleno dia";"Decrescente";"Céu Claro";"Dupla";"Reta";"Sim";3;0;1;0;2;0;1;2;-15,802453;-48,080387;"SPRF-DF";"DEL03-DF";"UOP02-DEL03-DF"
653097;2025-01-04;"sábado";"09:20:00";"TO";153;701,5;"CARIRI DO TOCANTINS";"Acessar a via sem observar a presença dos outros veículos";"Colisão transversal";"Com Vítimas Feridas";"Pleno dia";"Decrescente";"Céu Claro";"Simples";"Interseção de Vias;Reta";"Não";5;0;3;1;1;0;4;2;-11,9609026;-49,19947692;"SPRF-TO";"DEL01-TO";"UOP02-DEL01-TO"
653098;2025-01-04;"sábado";"07:50:00";"MG";381;941,1;"EXTREMA";"Afundamento ou ondulação no pavimento";"Saída de leito carroçável";"Com Vítimas Feridas";"Pleno dia";"Crescente";"Chuva";"Dupla";"Curva;Declive";"Sim";2;0;1;0;1;0;1;1;-22,86021873;-46,34260711;"SPRF-MG";"DEL16-MG";"UOP03-DEL16-MG"
653100;2025-01-04;"sábado";"08:15:00";"RJ";101;384,7;"RIO DE JANEIRO";"Manobra de mudança de faixa";"Colisão lateral mesmo sentido";"Com Vítimas Feridas";"Pleno dia";"Crescente";"Sol";"Dupla";"Reta";"Não";2;0;1;0;1;0;1;2;-22,87911609;-43,62323999;"SPRF-RJ";"DEL03-RJ";"UOP01-DEL03-RJ"
653102;2025-01-04;"sábado";"08:00:00";"BA";324;404;"NOVA FATIMA";"Condutor deixou de manter distância do veículo da frente";"Colisão traseira";"Com Vítimas Feridas";"Pleno dia";"Decrescente";"Céu Claro";"Simples";"Curva";"Sim";3;0;1;0;2;0;1;2;-11,60427899;-39,6312174;"SPRF-BA";"DEL04-BA";"UOP02-DEL04-BA"
653103;2025-01-04;"sábado";"10:20:00";"SP";116;159,4;"JACAREI";"Demais falhas mecânicas ou elétricas";"Queda de ocupante de veículo";"Com Vítimas Feridas";"Pleno dia";"Decrescente";"Céu Claro";"Dupla";"Reta";"Sim";2;0;2;0;0;0;2;1;-23,26585409;-45,95983994;"SPRF-SP";"DEL02-SP";"UOP01-DEL02-SP"
653105;2025-01-04;"sábado";"10:10:00";"RS";158;194,8;"CRUZ ALTA";"Desrespeitar a preferência no cruzamento";"Colisão transversal";"Com Vítimas Feridas";"Pleno dia";"Crescente";"Céu Claro";"Dupla";"Interseção de Vias";"Sim";2;0;1;0;1;0;1;2;-28,63883986;-53,57203169;"SPRF-RS";"DEL10-RS";"UOP02-DEL10-RS"
653107;2025-01-04;"sábado";"09:25:00";"RJ";116;198;"QUEIMADOS";"Reação tardia ou ineficiente do condutor";"Colisão traseira";"Com Vítimas Feridas";"Pleno dia";"Decrescente";"Sol";"Dupla";"Reta";"Não";2;0;1;0;1;0;1;2;-22,72952183;-43,57481597;"SPRF-RJ";"DEL06-RJ";"UOP02-DEL06-RJ"
653108;2025-01-04;"sábado";"08:15:00";"MG";153;184,6;"FRUTAL";"Reação tardia ou ineficiente do condutor";"Colisão lateral mesmo sentido";"Com Vítimas Feridas";"Pleno dia";"Crescente";"Céu Claro";"Simples";"Reta";"Não";4;0;1;0;3;0;1;2;-19,83954443;-48,96469116;"SPRF-MG";"DEL13-MG";"UOP02-DEL13-MG"
653109;2025-01-04;"sábado";"09:45:00";"SC";282;59,2;"RANCHO QUEIMADO";"Conversão proibida";"Colisão transversal";"Com Vítimas Fatais";"Pleno dia";"Crescente";"Céu Claro";"Simples";"Aclive;Interseção de Vias;Em Obras;Curva";"Não";3;1;0;0;2;0;0;3;-27,676822;-49,015042;"SPRF-SC";"DEL01-SC";"UOP03-DEL01-SC"
653111;2025-01-04;"sábado";"10:20:00";"SC";101;214;"PALHOCA";"Desrespeitar a preferência no cruzamento";"Colisão transversal";"Com Vítimas Feridas";"Pleno dia";"Decrescente";"Sol";"Múltipla";"Interseção de Vias";"Não";2;0;1;0;0;1;1;2;-27,64443;-48,67057;"SPRF-SC";"DEL01-SC";"UOP02-DEL01-SC"
653112;2025-01-04;"sábado";"10:30:00";"RS";386;344;"LAJEADO";"Reação tardia ou ineficiente do condutor";"Tombamento";"Com Vítimas Feridas";"Pleno dia";"Decrescente";"Céu Claro";"Múltipla";"Reta";"Sim";2;0;1;1;0;0;2;1;-29,439268;-51,993633;"SPRF-RS";"DEL04-RS";"UOP01-DEL04-RS"
653120;2025-01-04;"sábado";"11:30:00";"RJ";101;482;"ANGRA DOS REIS";"Transitar na contramão";"Colisão lateral sentido oposto";"Com Vítimas Feridas";"Pleno dia";"Crescente";"Nublado";"Simples";"Reta";"Não";4;0;0;1;1;2;1;3;-22,995193;-44,301309;"SPRF-RJ";"DEL03-RJ";"UOP03-DEL03-RJ"
653121;2025-01-04;"sábado";"11:40:00";"CE";20;306;"CANINDE";"Desrespeitar a preferência no cruzamento";"Colisão transversal";"Com Vítimas Feridas";"Pleno dia";"Decrescente";"Sol";"Simples";"Interseção de Vias";"Sim";5;0;1;0;4;0;1;2;-4,36698604;-39,30270365;"SPRF-CE";"DEL02-CE";"UOP01-DEL02-CE"
653123;2025-01-04;"sábado";"11:45:00";"CE";116;163,8;"RUSSAS";"Objeto estático sobre o leito carroçável";"Queda de ocupante de veículo";"Com Vítimas Feridas";"Pleno dia";"Crescente";"Céu Claro";"Simples";"Reta";"Sim";2;0;2;0;0;0;2;1;-4,95066655;-37,99422026;"SPRF-CE";"DEL03-CE";"UOP01-DEL03-CE"
653124;2025-01-04;"sábado";"11:30:00";"SC";101;126,1;"ITAJAI";"Trafegar com motocicleta (ou similar) entre as faixas";"Colisão lateral mesmo sentido";"Com Vítimas Feridas";"Pleno dia";"Decrescente";"Nublado";"Dupla";"Reta";"Sim";3;0;1;0;2;0;1;2;-26,95564404;-48,67978366;"SPRF-SC";"DEL04-SC";"UOP04-DEL04-SC"
653125;2025-01-04;"sábado";"11:50:00";"MT";158;626;"AGUA BOA";"Ausência de reação do condutor";"Saída de leito carroçável";"Com Vítimas Feridas";"Pleno dia";"Crescente";"Sol";"Simples";"Reta";"Não";4;0;2;0;2;0;2;1;-14,4766339;-52,2771232;"SPRF-MT";"DEL07-MT";"UOP02-DEL07-MT"
653128;2025-01-04;"sábado";"13:10:00";"SC";101;458;"PASSO DE TORRES";"Manobra de mudança de faixa";"Colisão traseira";"Com Vítimas Feridas";"Pleno dia";"Crescente";"Céu Claro";"Dupla";"Reta";"Não";2;0;0;1;1;0;1;2;-29,24075694;-49,75535784;"SPRF-SC";"DEL02-SC";"UOP02-DEL02-SC"
653130;2025-01-04;"sábado";"12:16:00";"BA";116;7;"VITORIA DA CONQUISTA";"Acumulo de areia ou detritos sobre o pavimento";"Queda de ocupante de veículo";"Com Vítimas Feridas";"Pleno dia";"Crescente";"Céu Claro";"Simples";"Curva;Rotatória";"Sim";1;0;1;0;0;0;1;1;-14,84472001;-40,88896751;"SPRF-BA";"DEL08-BA";"UOP01-DEL08-BA"
653131;2025-01-04;"sábado";"10:15:00";"MG";116;777,4;"LEOPOLDINA";"Reação tardia ou ineficiente do condutor";"Colisão frontal";"Com Vítimas Feridas";"Pleno dia";"Crescente";"Nublado";"Simples";"Curva";"Não";3;0;1;0;2;0;1;2;-21,59632074;-42,69196405;"SPRF-MG";"DEL07-MG";"UOP01-DEL07-MG"
653132;2025-01-04;"sábado";"12:30:00";"PR";277;74,7;"SAO JOSE DOS PINHAIS";"Reação tardia ou ineficiente do condutor";"Saída de leito carroçável";"Com Vítimas Feridas";"Pleno dia";"Crescente";"Céu Claro";"Simples";"Reta";"Não";1;0;1;0;0;0;1;1;-25,51726115;-49,11540707;"SPRF-PR";"DEL01-PR";"UOP07-DEL01-PR"
653133;2025-01-04;"sábado";"12:00:00";"SC";101;353,4;"JAGUARUNA";"Ausência de reação do condutor";"Colisão traseira";"Com Vítimas Feridas";"Pleno dia";"Decrescente";"Céu Claro";"Dupla";"Reta";"Não";5;0;4;0;1;0;4;2;-28,61232036;-49,06197674;"SPRF-SC";"DEL02-SC";"UOP01-DEL02-SC"
653134;2025-01-04;"sábado";"12:30:00";"MG";381;752;"TRES CORACOES";"Velocidade Incompatível";"Tombamento";"Com Vítimas Feridas";"Pleno dia";"Decrescente";"Sol";"Dupla";"Aclive;Retorno Regulamentado;Curva";"Sim";2;0;1;1;0;0;2;1;-21,67246754;-45,33430028;"SPRF-MG";"DEL16-MG";"UOP02-DEL16-MG"
653135;2025-01-04;"sábado";"12:45:00";"BA";235;352;"JUAZEIRO";"Frear bruscamente";"Engavetamento";"Com Vítimas Feridas";"Pleno dia";"Crescente";"Sol";"Simples";"Reta";"Não";6;0;1;0;5;0;1;3;-9,4077522;-40,50490917;"SPRF-PE";"DEL06-PE";"UOP01-DEL06-PE"
653136;2025-01-04;"sábado";"13:00:00";"RJ";101;575;"PARATY";"Conversão proibida";"Colisão transversal";"Com Vítimas Feridas";"Pleno dia";"Crescente";"Céu Claro";"Simples";"Curva";"Sim";2;0;1;0;1;0;1;2;-23,21978585;-44,73466957;"SPRF-RJ";"DEL03-RJ";"UOP04-DEL03-RJ"
653137;2025-01-04;"sábado";"13:10:00";"PI";343;261,5;"CAMPO MAIOR";"Ausência de reação do condutor";"Saída de leito carroçável";"Com Vítimas Feridas";"Pleno dia";"Crescente";"Nublado";"Simples";"Reta";"Não";1;0;1;0;0;0;1;1;-4,806726;-42,145878;"SPRF-PI";"DEL01-PI";"UOP03-DEL01-PI"
653139;2025-01-04;"sábado";"13:00:00";"SP";381;31;"ATIBAIA";"Avarias e/ou desgaste excessivo no pneu";"Queda de ocupante de veículo";"Com Vítimas Feridas";"Pleno dia";"Crescente";"Céu Claro";"Dupla";"Aclive;Reta";"Não";1;0;1;0;0;0;1;1;-23,0559669;-46,57063716;"SPRF-SP";"DEL03-SP";"UOP02-DEL03-SP"
653140;2025-01-04;"sábado";"11:20:00";"RJ";40;119;"DUQUE DE CAXIAS";"Demais falhas mecânicas ou elétricas";"Incêndio";"Sem Vítimas";"Pleno dia";"Crescente";"Céu Claro";"Dupla";"Reta";"Sim";1;0;0;0;1;0;0;1;-22,76375592;-43,28683062;"SPRF-RJ";"DEL01-RJ";"UOP02-DEL01-RJ"
653142;2025-01-04;"sábado";"13:35:00";"BA";324;537;"AMELIA RODRIGUES";"Acessar a via sem observar a presença dos outros veículos";"Colisão lateral mesmo sentido";"Com Vítimas Feridas";"Pleno dia";"Decrescente";"Céu Claro";"Dupla";"Reta";"Sim";2;0;1;0;0;1;1;2;-12,36902201;-38,81384601;"SPRF-BA";"DEL01-BA";"UOP03-DEL01-BA"
653143;2025-01-04;"sábado";"11:40:00";"PR";277;346;"GUARAPUAVA";"Reação tardia ou ineficiente do condutor";"Colisão com objeto";"Com Vítimas Feridas";"Pleno dia";"Decrescente";"Céu Claro";"Simples";"Curva";"Não";2;0;2;0;0;0;2;1;-25,33928412;-51,42880296;"SPRF-PR";"DEL08-PR";"UOP01-DEL08-PR"
653146;2025-01-04;"sábado";"14:10:00";"MG";381;283;"JAGUARACU";"Ultrapassagem Indevida";"Colisão frontal";"Com Vítimas Feridas";"Pleno dia";"Decrescente";"Céu Claro";"Simples";"Reta";"Não";6;0;2;0;4;0;2;2;-19,61757501;-42,78412299;"SPRF-MG";"DEL03-MG";"UOP02-DEL03-MG"
653147;2025-01-04;"sábado";"09:30:00";"BA";242;294;"LAJEDINHO";"Acessar a via sem observar a presença dos outros veículos";"Colisão transversal";"Com Vítimas Feridas";"Pleno dia";"Crescente";"Céu Claro";"Simples";"Reta";"Não";9;0;3;0;6;0;3;2;-12,43874222;-40,84106995;"SPRF-BA";"DEL06-BA";"UOP02-DEL06-BA"
653148;2025-01-04;"sábado";"13:50:00";"RS";470;255,9;"SALVADOR DO SUL";"Desrespeitar a preferência no cruzamento";"Colisão transversal";"Com Vítimas Feridas";"Pleno dia";"Crescente";"Céu Claro";"Simples";"Interseção de Vias;Curva;Retorno Regulamentado";"Sim";6;0;2;0;4;0;2;2;-29,44101207;-51,50787592;"SPRF-RS";"DEL06-RS";"UOP01-DEL06-RS"
653149;2025-01-04;"sábado";"14:50:00";"GO";414;436;"ANAPOLIS";"Acessar a via sem observar a presença dos outros veículos";"Colisão transversal";"Com Vítimas Feridas";"Pleno dia";"Crescente";"Céu Claro";"Simples";"Interseção de Vias;Declive";"Sim";2;0;1;0;1;0;1;2;-16,25482505;-48,9361188;"SPRF-GO";"DEL02-GO";"UOP01-DEL02-GO"
653152;2025-01-04;"sábado";"15:04:00";"SC";101;199,4;"SAO JOSE";"Reação tardia ou ineficiente do condutor";"Queda de ocupante de veículo";"Com Vítimas Feridas";"Pleno dia";"Decrescente";"Sol";"Dupla";"Interseção de Vias";"Não";3;0;2;0;0;1;2;2;-27,53413705;-48,63003205;"SPRF-SC";"DEL01-SC";"UOP01-DEL01-SC"
653153;2025-01-04;"sábado";"10:40:00";"SC";280;233,9;"CANOINHAS";"Acessar a via sem observar a presença dos outros veículos";"Colisão transversal";"Com Vítimas Feridas";"Pleno dia";"Crescente";"Céu Claro";"Simples";"Interseção de Vias";"Sim";3;0;1;1;1;0;2;2;-26,19146187;-50,39215;"SPRF-SC";"DEL06-SC";"UOP04-DEL06-SC"
653155;2025-01-04;"sábado";"13:15:00";"MG";262;401,5;"PARA DE MINAS";"Velocidade Incompatível";"Saída de leito carroçável";"Com Vítimas Feridas";"Pleno dia";"Crescente";"Nublado";"Dupla";"Curva";"Não";1;0;1;0;0;0;1;1;-19,90018759;-44,55287088;"SPRF-MG";"DEL01-MG";"UOP03-DEL01-MG"
653156;2025-01-04;"sábado";"11:20:00";"RJ";116;205;"SEROPEDICA";"Avarias e/ou desgaste excessivo no pneu";"Tombamento";"Com Vítimas Feridas";"Pleno dia";"Crescente";"Céu Claro";"Dupla";"Reta";"Não";1;0;1;0;0;0;1;1;-22,72746688;-43,64167998;"SPRF-RJ";"DEL06-RJ";"UOP02-DEL06-RJ"
653158;2025-01-04;"sábado";"15:10:00";"RS";116;309;"GUAIBA";"Velocidade Incompatível";"Colisão traseira";"Com Vítimas Feridas";"Pleno dia";"Crescente";"Céu Claro";"Dupla";"Reta";"Não";2;0;1;0;1;0;1;2;-30,19187406;-51,39787181;"SPRF-RS";"DEL02-RS";"UOP01-DEL02-RS"
653159;2025-01-04;"sábado";"13:02:00";"SC";470;62,1;"INDAIAL";"Transitar na contramão";"Tombamento";"Com Vítimas Feridas";"Pleno dia";"Crescente";"Céu Claro";"Simples";"Reta";"Não";4;0;1;1;1;1;2;4;-26,874521;-49,182938;"SPRF-SC";"DEL04-SC";"UOP01-DEL04-SC"
653160;2025-01-04;"sábado";"12:32:00";"GO";153;69;"PORANGATU";"Avarias e/ou desgaste excessivo no pneu";"Tombamento";"Com Vítimas Feridas";"Pleno dia";"Decrescente";"Céu Claro";"Simples";"Curva";"Sim";2;0;2;0;0;0;2;1;-13,441854;-49,13295;"SPRF-GO";"DEL07-GO";"UOP01-DEL07-GO"
653161;2025-01-04;"sábado";"15:30:00";"MG";116;419,4;"ALPERCATA";"Velocidade Incompatível";"Saída de leito carroçável";"Com Vítimas Feridas";"Pleno dia";"Decrescente";"Céu Claro";"Simples";"Reta";"Não";2;0;2;0;0;0;2;2;-18,92044406;-41,94023945;"SPRF-MG";"DEL06-MG";"UOP01-DEL06-MG"
653162;2025-01-04;"sábado";"15:15:00";"PR";373;276;"PRUDENTOPOLIS";"Reação tardia ou ineficiente do condutor";"Saída de leito carroçável";"Sem Vítimas";"Pleno dia";"Crescente";"Céu Claro";"Simples";"Reta";"Não";1;0;0;0;1;0;0;1;-25,25754888;-51,07658207;"SPRF-PR";"DEL08-PR";"UOP01-DEL08-PR"
653163;2025-01-04;"sábado";"14:00:00";"SC";282;58;"RANCHO QUEIMADO";"Condutor Dormindo";"Saída de leito carroçável";"Com Vítimas Feridas";"Pleno dia";"Decrescente";"Céu Claro";"Simples";"Reta";"Sim";2;0;1;0;1;0;1;1;-27,683594;-49,005539;"SPRF-SC";"DEL01-SC";"UOP03-DEL01-SC"
653164;2025-01-04;"sábado";"15:00:00";"SC";282;110;"ALFREDO WAGNER";"Condutor deixou de manter distância do veículo da frente";"Colisão traseira";"Com Vítimas Feridas";"Pleno dia";"Crescente";"Céu Claro";"Simples";"Reta";"Não";2;0;0;1;1;0;1;2;-27,727324;-49,360542;"SPRF-SC";"DEL01-SC";"UOP03-DEL01-SC"
653165;2025-01-04;"sábado";"14:20:00";"MG";116;452,8;"ENGENHEIRO CALDAS";"Pedestre andava na pista";"Atropelamento de Pedestre";"Com Vítimas Feridas";"Pleno dia";"Crescente";"Céu Claro";"Simples";"Reta";"Não";3;0;0;1;2;0;1;2;-19,16864814;-42,03097176;"SPRF-MG";"DEL06-MG";"UOP02-DEL06-MG"
653166;2025-01-04;"sábado";"16:50:00";"GO";60;61;"ABADIANIA";"Reação tardia ou ineficiente do condutor";"Colisão traseira";"Com Vítimas Feridas";"Pleno dia";"Crescente";"Céu Claro";"Dupla";"Reta";"Não";2;0;0;1;0;1;1;2;-16,1903;-48,7114;"SPRF-GO";"DEL02-GO";"UOP01-DEL02-GO"
653167;2025-01-04;"sábado";"14:45:00";"MG";116;429,9;"ALPERCATA";"Demais falhas mecânicas ou elétricas";"Saída de leito carroçável";"Com Vítimas Feridas";"Pleno dia";"Decrescente";"Nublado";"Simples";"Curva";"Não";3;0;2;0;1;0;2;1;-18,998271;-41,977464;"SPRF-MG";"DEL06-MG";"UOP01-DEL06-MG"
653168;2025-01-04;"sábado";"13:25:00";"MG";116;546,6;"SANTA BARBARA DO LESTE";"Reação tardia ou ineficiente do condutor";"Saída de leito carroçável";"Com Vítimas Feridas";"Pleno dia";"Crescente";"Céu Claro";"Simples";"Reta";"Não";4;0;3;0;1;0;3;1;-19,93628201;-42,13101771;"SPRF-MG";"DEL06-MG";"UOP02-DEL06-MG"
653170;2025-01-04;"sábado";"16:20:00";"SC";282;3,2;"FLORIANOPOLIS";"Ingestão de álcool pelo condutor";"Colisão traseira";"Com Vítimas Feridas";"Pleno dia";"Crescente";"Nublado";"Simples";"Aclive;Curva";"Não";2;0;1;0;1;0;1;2;-27,600384;-48,599705;"SPRF-SC";"DEL01-SC";"UOP01-DEL01-SC"
653171;2025-01-04;"sábado";"15:20:00";"PR";280;307,3;"BARRACAO";"Condutor deixou de manter distância do veículo da frente";"Colisão traseira";"Com Vítimas Feridas";"Pleno dia";"Decrescente";"Céu Claro";"Simples";"Curva";"Não";7;0;2;0;5;0;2;2;-26,2912219;-53,45385075;"SPRF-PR";"DEL02-PR";"UOP01-DEL02-PR"
653172;2025-01-04;"sábado";"16:35:00";"RJ";101;490;"ANGRA DOS REIS";"Ausência de reação do condutor";"Atropelamento de Pedestre";"Com Vítimas Fatais";"Pleno dia";"Crescente";"Céu Claro";"Simples";"Reta";"Não";3;1;0;0;1;1;0;2;-22,95640053;-44,31282898;"SPRF-RJ";"DEL03-RJ";"UOP03-DEL03-RJ"
653173;2025-01-04;"sábado";"17:00:00";"SE";235;11;"NOSSA SENHORA DO SOCORRO";"Acessar a via sem observar a presença dos outros veículos";"Colisão transversal";"Com Vítimas Feridas";"Pleno dia";"Crescente";"Céu Claro";"Simples";"Interseção de Vias";"Não";2;0;1;0;1;0;1;2;-10,877883;-37,156052;"SPRF-SE";"DEL01-SE";"UOP01-DEL01-SE"
653174;2025-01-04;"sábado";"16:15:00";"PE";101;51;"ABREU E LIMA";"Velocidade Incompatível";"Saída de leito carroçável";"Com Vítimas Feridas";"Pleno dia";"Decrescente";"Sol";"Dupla";"Interseção de Vias;Viaduto";"Sim";2;0;2;0;0;0;2;1;-7,92255402;-34,89412308;"SPRF-PE";"DEL01-PE";"UOP02-DEL01-PE"
653175;2025-01-04;"sábado";"16:15:00";"PE";101;51,8;"ABREU E LIMA";"Velocidade Incompatível";"Saída de leito carroçável";"Com Vítimas Feridas";"Pleno dia";"Decrescente";"Céu Claro";"Dupla";"Curva";"Sim";1;0;1;0;0;0;1;1;-7,92251152;-34,89457369;"SPRF-PE";"DEL01-PE";"UOP02-DEL01-PE"
653178;2025-01-04;"sábado";"17:30:00";"SC";101;118,1;"ITAJAI";"Ausência de reação do condutor";"Tombamento";"Com Vítimas Feridas";"Pleno dia";"Crescente";"Sol";"Dupla";"Reta";"Não";2;0;2;0;0;0;2;1;-26,895859;-48,71903;"SPRF-SC";"DEL04-SC";"UOP04-DEL04-SC"
653179;2025-01-04;"sábado";"15:40:00";"MA";316;406,5;"ALTO ALEGRE DO MARANHAO";"Chuva";"Saída de leito carroçável";"Com Vítimas Feridas";"Pleno dia";"Crescente";"Chuva";"Simples";"Reta";"Não";3;0;1;0;2;0;1;1;-4,24808;-44,435707;"SPRF-MA";"DEL03-MA";"UOP01-DEL03-MA"
653180;2025-01-04;"sábado";"16:40:00";"SC";101;122,7;"ITAJAI";"Manobra de mudança de faixa";"Colisão lateral mesmo sentido";"Com Vítimas Feridas";"Pleno dia";"Decrescente";"Nublado";"Simples";"Reta";"Não";2;0;1;0;1;0;1;2;-26,92955916;-48,70499836;"SPRF-SC";"DEL04-SC";"UOP04-DEL04-SC"
653181;2025-01-04;"sábado";"15:15:00";"RS";290;654;"URUGUAIANA";"Ausência de reação do condutor";"Saída de leito carroçável";"Com Vítimas Feridas";"Pleno dia";"Decrescente";"Céu Claro";"Simples";"Declive;Reta";"Não";2;0;2;0;0;0;2;1;-30,007816;-56,45895;"SPRF-RS";"DEL13-RS";"UOP01-DEL13-RS"
653183;2025-01-04;"sábado";"17:50:00";"RN";101;72;"NATAL";"Desrespeitar a preferência no cruzamento";"Colisão transversal";"Sem Vítimas";"Plena Noite";"Decrescente";"Céu Claro";"Simples";"Interseção de Vias;Reta";"Não";6;0;0;0;6;0;0;2;-5,69866248;-35,26316835;"SPRF-RN";"DEL02-RN";"UOP01-DEL02-RN"
653184;2025-01-04;"sábado";"18:15:00";"ES";101;391,9;"RIO NOVO DO SUL";"Acessar a via sem observar a presença dos outros veículos";"Colisão traseira";"Com Vítimas Feridas";"Anoitecer";"Decrescente";"Céu Claro";"Simples";"Interseção de Vias";"Não";3;0;2;0;1;0;2;2;-20,8657929;-40,89634385;"SPRF-ES";"DEL03-ES";"UOP02-DEL03-ES"
653185;2025-01-04;"sábado";"18:20:00";"PR";373;399;"CANDOI";"Reação tardia ou ineficiente do condutor";"Saída de leito carroçável";"Com Vítimas Feridas";"Plena Noite";"Crescente";"Céu Claro";"Simples";"Reta";"Não";1;0;1;0;0;0;1;1;-25,56145105;-52,04536396;"SPRF-PR";"DEL08-PR";"UOP01-DEL08-PR"
653186;2025-01-04;"sábado";"17:55:00";"ES";101;271,5;"SERRA";"Transitar na contramão";"Colisão lateral sentido oposto";"Com Vítimas Feridas";"Anoitecer";"Decrescente";"Céu Claro";"Dupla";"Reta";"Não";2;0;1;0;1;0;1;2;-20,23267;-40,27658;"SPRF-ES";"DEL02-ES";"UOP01-DEL02-ES"