"id";"data_inversa";"dia_semana";"horario";"uf";"br";"km";"municipio";"causa_acidente";"tipo_acidente";"classificacao_acidente";"fase_dia";"sentido_via";"condicao_metereologica";"tipo_pista";"tracado_via";"uso_solo";"pessoas";"mortos";"feridos_leves";"feridos_graves";"ilesos";"ignorados";"feridos";"veiculos";"latitude";"longitude";"regional";"delegacia";"uop"
653768;2025-01-07;"terça-feira";"23:00:00";"RS";116;243;"SAO LEOPOLDO";"Acessar a via sem observar a presença dos outros veículos";"Colisão transversal";"Com Vítimas Feridas";"Plena Noite";"Crescente";"Céu Claro";"Simples";"Curva;Viaduto";"Não";2;0;1;0;1;0;1;2;-29,73196199;-51,14952004;"SPRF-RS";"DEL01-RS";"UOP02-DEL01-RS"
653770;2025-01-07;"terça-feira";"17:15:00";"BA";116;621;"JAGUAQUARA";"Velocidade Incompatível";"Saída de leito carroçável";"Com Vítimas Feridas";"Anoitecer";"Crescente";"Nublado";"Simples";"Reta";"Não";4;0;4;0;0;0;4;1;-13,4124765;-40,0255605;"SPRF-BA";"DEL03-BA";"UOP02-DEL03-BA"
653772;2025-01-07;"terça-feira";"23:40:00";"PR";376;175;"MARINGA";"Acessar a via sem observar a presença dos outros veículos";"Colisão traseira";"Com Vítimas Feridas";"Plena Noite";"Crescente";"Céu Claro";"Múltipla";"Reta";"Sim";3;0;1;0;2;0;1;2;-23,41304;-51,9452;"SPRF-PR";"DEL09-PR";"UOP01-DEL09-PR"
653775;2025-01-07;"terça-feira";"23:50:00";"PE";232;409;"SERRA TALHADA";"Ingestão de álcool pelo condutor";"Colisão traseira";"Com Vítimas Feridas";"Plena Noite";"Decrescente";"Céu Claro";"Simples";"Reta";"Sim";2;0;2;0;0;0;2;2;-7,981944;-38,289467;"SPRF-PE";"DEL04-PE";"UOP01-DEL04-PE"
653776;2025-01-08;"quarta-feira";"01:10:00";"PR";277;71;"SAO JOSE DOS PINHAIS";"Reação tardia ou ineficiente do condutor";"Atropelamento de Animal";"Com Vítimas Feridas";"Plena Noite";"Crescente";"Céu Claro";"Dupla";"Reta";"Sim";1;0;0;1;0;0;1;1;-25,52920381;-49,08862791;"SPRF-PR";"DEL01-PR";"UOP07-DEL01-PR"
653777;2025-01-08;"quarta-feira";"01:58:00";"RJ";101;397;"ITAGUAI";"Ausência de reação do condutor";"Colisão traseira";"Com Vítimas Feridas";"Plena Noite";"Crescente";"Nublado";"Dupla";"Reta";"Sim";2;0;1;0;0;1;1;2;-22,87460977;-43,7406698;"SPRF-RJ";"DEL03-RJ";"UOP01-DEL03-RJ"
653778;2025-01-08;"quarta-feira";"03:00:00";"MG";116;244,7;"TEOFILO OTONI";"Demais falhas mecânicas ou elétricas";"Incêndio";"Sem Vítimas";"Plena Noite";"Decrescente";"Garoa/Chuvisco";"Múltipla";"Reta";"Sim";52;0;0;0;52;0;0;1;-17,599897;-41,492423;"SPRF-MG";"DEL11-MG";"UOP01-DEL11-MG"
653780;2025-01-08;"quarta-feira";"06:10:00";"PE";101;45,1;"IGARASSU";"Transitar na contramão";"Colisão frontal";"Com Vítimas Fatais";"Pleno dia";"Crescente";"Céu Claro";"Simples";"Reta";"Sim";2;1;0;0;1;0;0;2;-7,866528;-34,907093;"SPRF-PE";"DEL01-PE";"UOP02-DEL01-PE"
653781;2025-01-08;"quarta-feira";"06:00:00";"GO";40;25;"LUZIANIA";"Velocidade Incompatível";"Saída de leito carroçável";"Com Vítimas Feridas";"Amanhecer";"Decrescente";"Céu Claro";"Simples";"Reta";"Sim";2;0;2;0;0;0;2;1;-16,252751;-47,900453;"SPRF-DF";"DEL01-DF";"UOP01-DEL01-DF"
653782;2025-01-08;"quarta-feira";"06:05:00";"BA";324;598;"CANDEIAS";"Demais falhas mecânicas ou elétricas";"Incêndio";"Sem Vítimas";"Pleno dia";"Crescente";"Céu Claro";"Dupla";"Reta";"Não";3;0;0;0;3;0;0;1;-12,73432323;-38,44227717;"SPRF-BA";"DEL01-BA";"UOP01-DEL01-BA"
653783;2025-01-07;"terça-feira";"18:30:00";"MG";116;688,5;"MURIAE";"Reação tardia ou ineficiente do condutor";"Tombamento";"Com Vítimas Feridas";"Plena Noite";"Crescente";"Nublado";"Simples";"Curva";"Não";1;0;0;1;0;0;1;1;-21,00463422;-42,36667213;"SPRF-MG";"DEL07-MG";"UOP02-DEL07-MG"
653784;2025-01-08;"quarta-feira";"06:58:00";"ES";101;299,9;"VIANA";"Condutor usando celular";"Colisão traseira";"Com Vítimas Feridas";"Pleno dia";"Crescente";"Nublado";"Múltipla";"Curva";"Não";4;0;0;2;2;0;2;3;-20,358635;-40,432167;"SPRF-ES";"DEL01-ES";"UOP01-DEL01-ES"
653788;2025-01-07;"terça-feira";"23:15:00";"RJ";116;124;"MAGE";"Animais na Pista";"Atropelamento de Animal";"Com Vítimas Feridas";"Plena Noite";"Decrescente";"Garoa/Chuvisco";"Dupla";"Reta";"Não";5;0;2;0;2;1;2;2;-22,64632807;-43,07016895;"SPRF-RJ";"DEL04-RJ";"UOP02-DEL04-RJ"
653789;2025-01-08;"quarta-feira";"07:45:00";"SP";116;223;"GUARULHOS";"Ausência de reação do condutor";"Colisão lateral mesmo sentido";"Com Vítimas Feridas";"Pleno dia";"Crescente";"Nublado";"Múltipla";"Reta";"Sim";3;0;1;0;2;0;1;2;-23,47559815;-46,5246609;"SPRF-SP";"DEL01-SP";"UOP01-DEL01-SP"
653792;2025-01-08;"quarta-feira";"07:50:00";"RS";468;120,8;"TIRADENTES DO SUL";"Acessar a via sem observar a presença dos outros veículos";"Colisão transversal";"Com Vítimas Feridas";"Pleno dia";"Crescente";"Céu Claro";"Simples";"Reta";"Não";2;0;1;0;1;0;1;2;-27,40703108;-54,03577111;"SPRF-RS";"DEL08-RS";"UOP02-DEL08-RS"
653796;2025-01-08;"quarta-feira";"08:30:00";"RN";101;95,6;"NATAL";"Condutor deixou de manter distância do veículo da frente";"Colisão lateral mesmo sentido";"Com Vítimas Feridas";"Pleno dia";"Crescente";"Céu Claro";"Dupla";"Curva";"Sim";2;0;1;0;1;0;1;2;-5,84770142;-35,20849943;"SPRF-RN";"DEL01-RN";"UOP01-DEL01-RN"
653799;2025-01-08;"quarta-feira";"09:00:00";"RS";386;417;"MONTENEGRO";"Ausência de reação do condutor";"Colisão com objeto";"Com Vítimas Feridas";"Pleno dia";"Decrescente";"Céu Claro";"Simples";"Reta";"Não";1;0;1;0;0;0;1;1;-29,818958;-51,452934;"SPRF-RS";"DEL04-RS";"UOP02-DEL04-RS"
653800;2025-01-08;"quarta-feira";"08:50:00";"SC";101;208,4;"SAO JOSE";"Condutor desrespeitou a iluminação vermelha do semáforo";"Colisão transversal";"Com Vítimas Feridas";"Pleno dia";"Decrescente";"Nublado";"Dupla";"Reta;Interseção de Vias";"Sim";2;0;1;0;1;0;1;2;-27,60327979;-48,63201818;"SPRF-SC";"DEL01-SC";"UOP01-DEL01-SC"
653801;2025-01-08;"quarta-feira";"07:50:00";"ES";101;267,1;"SERRA";"Manobra de mudança de faixa";"Colisão lateral mesmo sentido";"Com Vítimas Feridas";"Pleno dia";"Crescente";"Céu Claro";"Dupla";"Reta";"Sim";2;0;1;0;1;0;1;2;-20,19930999;-40,26884609;"SPRF-ES";"DEL02-ES";"UOP01-DEL02-ES"
653802;2025-01-08;"quarta-feira";"08:50:00";"SP";116;444;"REGISTRO";"Condutor deixou de manter distância do veículo da frente";"Colisão traseira";"Com Vítimas Feridas";"Pleno dia";"Decrescente";"Nublado";"Dupla";"Reta";"Sim";3;0;2;0;1;0;2;2;-24,49129421;-47,83614553;"SPRF-SP";"DEL05-SP";"UOP01-DEL05-SP"
653806;2025-01-08;"quarta-feira";"08:20:00";"PI";316;2,7;"TERESINA";"Reação tardia ou ineficiente do condutor";"Colisão traseira";"Com Vítimas Feridas";"Pleno dia";"Decrescente";"Nublado";"Múltipla";"Reta";"Sim";2;0;0;1;1;0;1;2;-5,125982;-42,794047;"SPRF-PI";"DEL01-PI";"UOP02-DEL01-PI"
653808;2025-01-08;"quarta-feira";"07:40:00";"PE";101;61,8;"RECIFE";"Reação tardia ou ineficiente do condutor";"Engavetamento";"Com Vítimas Feridas";"Pleno dia";"Decrescente";"Céu Claro";"Dupla";"Reta";"Sim";3;0;1;0;2;0;1;3;-7,99471925;-34,93839562;"SPRF-PE";"DEL01-PE";"UOP02-DEL01-PE"
653809;2025-01-08;"quarta-feira";"09:45:00";"RN";101;95,5;"NATAL";"Condutor deixou de manter distância do veículo da frente";"Colisão traseira";"Com Vítimas Feridas";"Pleno dia";"Crescente";"Céu Claro";"Dupla";"Reta";"Sim";2;0;1;0;1;0;1;2;-5,84076841;-35,21035949;"SPRF-RN";"DEL01-RN";"UOP01-DEL01-RN"
653810;2025-01-08;"quarta-feira";"08:30:00";"SP";101;52;"UBATUBA";"Pedestre cruzava a pista fora da faixa";"Atropelamento de Pedestre";"Com Vítimas Feridas";"Pleno dia";"Crescente";"Céu Claro";"Simples";"Curva";"Sim";2;0;1;1;0;0;2;2;-23,46699306;-45,06301582;"SPRF-SP";"DEL06-SP";"UOP01-DEL06-SP"
653811;2025-01-08;"quarta-feira";"07:50:00";"SE";101;85;"NOSSA SENHORA DO SOCORRO";"Transitar na contramão";"Saída de leito carroçável";"Com Vítimas Feridas";"Pleno dia";"Decrescente";"Céu Claro";"Dupla";"Aclive;Viaduto";"Não";1;0;1;0;0;0;1;1;-10,84356101;-37,13696712;"SPRF-SE";"DEL01-SE";"UOP01-DEL01-SE"
653817;2025-01-08;"quarta-feira";"10:15:00";"BA";324;533;"FEIRA DE SANTANA";"Ausência de reação do condutor";"Colisão traseira";"Com Vítimas Feridas";"Pleno dia";"Decrescente";"Céu Claro";"Dupla";"Reta";"Não";2;0;1;0;1;0;1;2;-12,34449694;-38,84017496;"SPRF-BA";"DEL01-BA";"UOP03-DEL01-BA"
653819;2025-01-08;"quarta-feira";"10:40:00";"SP";101;52;"UBATUBA";"Conversão proibida";"Colisão transversal";"Com Vítimas Feridas";"Pleno dia";"Crescente";"Nublado";"Simples";"Curva";"Sim";2;0;1;0;1;0;1;2;-23,4623355;-45,06476561;"SPRF-SP";"DEL06-SP";"UOP01-DEL06-SP"
653820;2025-01-08;"quarta-feira";"10:00:00";"MT";364;323;"CAMPO VERDE";"Chuva";"Saída de leito carroçável";"Com Vítimas Feridas";"Pleno dia";"Crescente";"Chuva";"Dupla";"Curva";"Não";4;0;4;0;0;0;4;1;-15,81564806;-55,35031001;"SPRF-MT";"DEL05-MT";"UOP02-DEL05-MT"
653823;2025-01-08;"quarta-feira";"07:00:00";"MG";251;468,2;"FRANCISCO SA";"Velocidade Incompatível";"Saída de leito carroçável";"Com Vítimas Feridas";"Pleno dia";"Crescente";"Chuva";"Simples";"Reta";"Não";2;0;1;0;1;0;1;1;-16,48154143;-43,41101901;"SPRF-MG";"DEL12-MG";"UOP01-DEL12-MG"
653824;2025-01-08;"quarta-feira";"10:15:00";"SC";101;214,7;"PALHOCA";"Acessar a via sem observar a presença dos outros veículos";"Colisão transversal";"Com Vítimas Feridas";"Pleno dia";"Crescente";"Céu Claro";"Múltipla";"Reta";"Sim";2;0;1;0;1;0;1;2;-27,64443;-48,67057;"SPRF-SC";"DEL01-SC";"UOP02-DEL01-SC"
653825;2025-01-08;"quarta-feira";"09:43:00";"RJ";101;321;"NITEROI";"Ausência de reação do condutor";"Tombamento";"Com Vítimas Feridas";"Pleno dia";"Decrescente";"Chuva";"Dupla";"Reta";"Não";1;0;1;0;0;0;1;1;-22,86981096;-43,11046465;"SPRF-RJ";"DEL02-RJ";"UOP01-DEL02-RJ"
653826;2025-01-08;"quarta-feira";"10:55:00";"RO";364;238;"CACOAL";"Condutor desrespeitou a iluminação vermelha do semáforo";"Colisão transversal";"Com Vítimas Feridas";"Pleno dia";"Crescente";"Chuva";"Simples";"Interseção de Vias";"Sim";2;0;1;0;1;0;1;2;-11,438663;-61,454825;"SPRF-RO";"DEL02-RO";"UOP02-DEL02-RO"
653828;2025-01-08;"quarta-feira";"10:45:00";"MG";153;184,9;"FRUTAL";"Condutor deixou de manter distância do veículo da frente";"Saída de leito carroçável";"Com Vítimas Feridas";"Pleno dia";"Crescente";"Nublado";"Simples";"Reta";"Não";3;0;1;0;2;0;1;1;-19,88968108;-48,97343918;"SPRF-MG";"DEL13-MG";"UOP02-DEL13-MG"
653829;2025-01-08;"quarta-feira";"11:50:00";"SC";101;208,4;"SAO JOSE";"Ausência de reação do condutor";"Colisão lateral mesmo sentido";"Com Vítimas Feridas";"Pleno dia";"Decrescente";"Garoa/Chuvisco";"Múltipla";"Reta";"Sim";2;0;1;0;1;0;1;2;-27,60327979;-48,63201818;"SPRF-SC";"DEL01-SC";"UOP01-DEL01-SC"
653831;2025-01-08;"quarta-feira";"12:00:00";"SC";101;135;"BALNEARIO CAMBORIU";"Reação tardia ou ineficiente do condutor";"Tombamento";"Com Vítimas Feridas";"Pleno dia";"Decrescente";"Nublado";"Múltipla";"Reta";"Sim";1;0;1;0;0;0;1;1;-27,0050108;-48,62677494;"SPRF-SC";"DEL04-SC";"UOP03-DEL04-SC"
653835;2025-01-08;"quarta-feira";"13:00:00";"MG";40;44;"PARACATU";"Acessar a via sem observar a presença dos outros veículos";"Colisão transversal";"Sem Vítimas";"Pleno dia";"Crescente";"Nublado";"Simples";"Interseção de Vias;Rotatória";"Não";5;0;0;0;4;1;0;2;-17,23101648;-46,85390396;"SPRF-MG";"DEL14-MG";"UOP01-DEL14-MG"
653836;2025-01-08;"quarta-feira";"13:00:00";"PR";376;614;"SAO JOSE DOS PINHAIS";"Reação tardia ou ineficiente do condutor";"Colisão transversal";"Com Vítimas Feridas";"Pleno dia";"Decrescente";"Céu Claro";"Dupla";"Reta";"Não";3;0;1;0;2;0;1;2;-25,57084314;-49,19356398;"SPRF-PR";"DEL01-PR";"UOP03-DEL01-PR"
653838;2025-01-08;"quarta-feira";"13:55:00";"SC";101;108;"PENHA";"Ausência de reação do condutor";"Tombamento";"Com Vítimas Feridas";"Pleno dia";"Decrescente";"Nublado";"Dupla";"Reta";"Não";1;0;1;0;0;0;1;1;-26,82606902;-48,69052298;"SPRF-SC";"DEL03-SC";"UOP02-DEL03-SC"
653840;2025-01-08;"quarta-feira";"14:40:00";"RS";290;104;"ELDORADO DO SUL";"Ausência de reação do condutor";"Saída de leito carroçável";"Com Vítimas Feridas";"Pleno dia";"Decrescente";"Céu Claro";"Dupla";"Reta";"Sim";3;0;2;0;1;0;2;1;-29,993122;-51,275398;"SPRF-RS";"DEL02-RS";"UOP01-DEL02-RS"
653841;2025-01-08;"quarta-feira";"13:52:00";"PB";101;9;"MAMANGUAPE";"Condutor Dormindo";"Capotamento";"Com Vítimas Feridas";"Pleno dia";"Decrescente";"Céu Claro";"Dupla";"Reta";"Não";1;0;1;0;0;0;1;1;-6,58371616;-35,14396733;"SPRF-PB";"DEL01-PB";"UOP03-DEL01-PB"
653842;2025-01-08;"quarta-feira";"13:30:00";"GO";60;33,3;"ALEXANIA";"Pista Escorregadia";"Saída de leito carroçável";"Com Vítimas Feridas";"Pleno dia";"Crescente";"Chuva";"Dupla";"Curva;Declive";"Não";2;0;2;0;0;0;2;1;-16,098917;-48,522568;"SPRF-DF";"DEL03-DF";"UOP01-DEL03-DF"
653843;2025-01-08;"quarta-feira";"13:45:00";"SC";101;137,4;"BALNEARIO CAMBORIU";"Demais falhas mecânicas ou elétricas";"Tombamento";"Com Vítimas Feridas";"Pleno dia";"Decrescente";"Nublado";"Dupla";"Aclive;Reta";"Sim";1;0;1;0;0;0;1;1;-27,0157238;-48,61192763;"SPRF-SC";"DEL04-SC";"UOP03-DEL04-SC"
653844;2025-01-08;"quarta-feira";"14:40:00";"MG";40;716,1;"BARBACENA";"Chuva";"Colisão com objeto";"Com Vítimas Feridas";"Pleno dia";"Decrescente";"Chuva";"Dupla";"Curva";"Não";2;0;2;0;0;0;2;1;-21,25153502;-43,66402206;"SPRF-MG";"DEL05-MG";"UOP01-DEL05-MG"
653845;2025-01-08;"quarta-feira";"09:00:00";"RR";174;711;"PACARAIMA";"Ausência de reação do condutor";"Colisão frontal";"Com Vítimas Feridas";"Pleno dia";"Decrescente";"Céu Claro";"Simples";"Curva;Declive";"Não";11;0;8;3;0;0;11;2;4,461419;-61,139996;"SPRF-RR";"DEL01-RR";"UOP01-DEL01-RR"
653846;2025-01-08;"quarta-feira";"14:40:00";"GO";60;196,4;"GUAPO";"Chuva";"Saída de leito carroçável";"Com Vítimas Feridas";"Pleno dia";"Crescente";"Chuva";"Dupla";"Curva";"Não";1;0;1;0;0;0;1;1;-16,853;-49,5858;"SPRF-GO";"DEL01-GO";"UOP02-DEL01-GO"
653849;2025-01-08;"quarta-feira";"15:20:00";"BA";324;517;"FEIRA DE SANTANA";"Acessar a via sem observar a presença dos outros veículos";"Colisão transversal";"Com Vítimas Feridas";"Pleno dia";"Crescente";"Sol";"Simples";"Reta";"Sim";2;0;1;0;1;0;1;2;-12,24953308;-38,93362525;"SPRF-BA";"DEL02-BA";"UOP01-DEL02-BA"
653850;2025-01-08;"quarta-feira";"14:50:00";"SP";116;219;"GUARULHOS";"Trafegar com motocicleta (ou similar) entre as faixas";"Colisão lateral mesmo sentido";"Com Vítimas Feridas";"Pleno dia";"Decrescente";"Nublado";"Múltipla";"Aclive;Em Obras;Reta";"Sim";2;0;1;0;0;1;1;2;-23,46143954;-46,48885316;"SPRF-SP";"DEL01-SP";"UOP01-DEL01-SP"
653853;2025-01-08;"quarta-feira";"15:15:00";"MG";116;702,7;"MURIAE";"Pedestre cruzava a pista fora da faixa";"Atropelamento de Pedestre";"Com Vítimas Feridas";"Pleno dia";"Decrescente";"Céu Claro";"Múltipla";"Reta";"Sim";3;0;2;0;1;0;2;2;-21,11938311;-42,38006362;"SPRF-MG";"DEL07-MG";"UOP02-DEL07-MG"
653855;2025-01-08;"quarta-feira";"15:35:00";"TO";153;329,9;"GUARAI";"Condutor Dormindo";"Saída de leito carroçável";"Com Vítimas Feridas";"Pleno dia";"Crescente";"Nublado";"Simples";"Reta";"Não";1;0;1;0;0;0;1;1;-8,79047;-48,512292;"SPRF-TO";"DEL02-TO";"UOP02-DEL02-TO"
653857;2025-01-06;"segunda-feira";"12:00:00";"SC";101;135;"BALNEARIO CAMBORIU";"Trafegar com motocicleta (ou similar) entre as faixas";"Colisão lateral mesmo sentido";"Com Vítimas Feridas";"Pleno dia";"Decrescente";"Céu Claro";"Dupla";"Reta";"Sim";2;0;2;0;0;0;2;2;-27,0050108;-48,62677494;"SPRF-SC";"DEL04-SC";"UOP03-DEL04-SC"
653860;2025-01-08;"quarta-feira";"10:00:00";"RJ";116;129;"MAGE";"Avarias e/ou desgaste excessivo no pneu";"Tombamento";"Com Vítimas Feridas";"Pleno dia";"Crescente";"Nublado";"Dupla";"Reta";"Não";2;0;2;0;0;0;2;1;-22,66471224;-43,11056004;"SPRF-RJ";"DEL04-RJ";"UOP02-DEL04-RJ"
653861;2025-01-08;"quarta-feira";"12:45:00";"MT";364;257;"JUSCIMEIRA";"Acumulo de água sobre o pavimento";"Saída de leito carroçável";"Com Vítimas Feridas";"Pleno dia";"Crescente";"Chuva";"Dupla";"Reta";"Não";5;0;3;2;0;0;5;1;-16,06464917;-54,8799054;"SPRF-MT";"DEL02-MT";"UOP01-DEL02-MT"
653865;2025-01-08;"quarta-feira";"16:25:00";"MG";40;545;"NOVA LIMA";"Ausência de reação do condutor";"Capotamento";"Com Vítimas Feridas";"Pleno dia";"Crescente";"Nublado";"Simples";"Viaduto;Reta";"Não";4;0;3;1;0;0;4;1;-20,011584;-43,967215;"SPRF-MG";"DEL01-MG";"UOP02-DEL01-MG"
653869;2025-01-08;"quarta-feira";"16:35:00";"RS";116;144,3;"CAXIAS DO SUL";"Reação tardia ou ineficiente do condutor";"Colisão traseira";"Com Vítimas Feridas";"Pleno dia";"Decrescente";"Sol";"Dupla";"Reta";"Sim";2;0;1;0;1;0;1;2;-29,1267449;-51,12768983;"SPRF-RS";"DEL05-RS";"UOP01-DEL05-RS"
653871;2025-01-08;"quarta-feira";"15:00:00";"MG";40;496;"ESMERALDAS";"Manobra de mudança de faixa";"Colisão lateral mesmo sentido";"Com Vítimas Feridas";"Pleno dia";"Crescente";"Chuva";"Dupla";"Declive;Curva";"Não";4;0;2;0;2;0;2;2;-19,67245366;-44,19235468;"SPRF-MG";"DEL02-MG";"UOP01-DEL02-MG"
653872;2025-01-08;"quarta-feira";"17:00:00";"PR";376;178,4;"MARINGA";"Condutor deixou de manter distância do veículo da frente";"Colisão traseira";"Com Vítimas Feridas";"Pleno dia";"Crescente";"Sol";"Dupla";"Reta";"Sim";3;0;1;0;2;0;1;3;-23,41784555;-51,91724002;"SPRF-PR";"DEL09-PR";"UOP01-DEL09-PR"
653873;2025-01-08;"quarta-feira";"16:40:00";"MG";40;782,6;"JUIZ DE FORA";"Demais falhas mecânicas ou elétricas";"Colisão com objeto";"Com Vítimas Feridas";"Anoitecer";"Decrescente";"Chuva";"Dupla";"Reta;Declive";"Não";3;0;1;0;2;0;1;1;-21,69593719;-43,44982474;"SPRF-MG";"DEL05-MG";"UOP01-DEL05-MG"
653874;2025-01-08;"quarta-feira";"15:40:00";"ES";262;43,8;"DOMINGOS MARTINS";"Conversão proibida";"Colisão transversal";"Com Vítimas Feridas";"Pleno dia";"Crescente";"Céu Claro";"Simples";"Reta";"Não";5;0;2;0;3;0;2;3;-20,38770779;-40,66824031;"SPRF-ES";"DEL01-ES";"UOP01-DEL01-ES"
653875;2025-01-08;"quarta-feira";"17:05:00";"CE";116;5;"FORTALEZA";"Ingestão de álcool pelo condutor";"Colisão lateral mesmo sentido";"Sem Vítimas";"Pleno dia";"Crescente";"Céu Claro";"Múltipla";"Reta";"Sim";2;0;0;0;2;0;0;2;-3,79467116;-38,50772734;"SPRF-CE";"DEL01-CE";"UOP02-DEL01-CE"
653877;2025-01-08;"quarta-feira";"15:30:00";"SC";101;155;"PORTO BELO";"Reação tardia ou ineficiente do condutor";"Saída de leito carroçável";"Com Vítimas Feridas";"Pleno dia";"Crescente";"Sol";"Múltipla";"Viaduto";"Sim";1;0;1;0;0;0;1;1;-27,16292;-48,61129;"SPRF-SC";"DEL04-SC";"UOP03-DEL04-SC"
653878;2025-01-08;"quarta-feira";"14:00:00";"RO";364;10;"VILHENA";"Manobra de mudança de faixa";"Colisão transversal";"Com Vítimas Feridas";"Pleno dia";"Crescente";"Chuva";"Simples";"Reta";"Sim";2;0;1;0;1;0;1;2;-12,74884525;-60,10823965;"SPRF-RO";"DEL04-RO";"UOP01-DEL04-RO"
653880;2025-01-08;"quarta-feira";"17:10:00";"MA";135;16;"SAO LUIS";"Entrada inopinada do pedestre";"Atropelamento de Pedestre";"Sem Vítimas";"Pleno dia";"Decrescente";"Céu Claro";"Simples";"Retorno Regulamentado;Reta";"Não";2;0;0;0;1;1;0;2;-2,53073;-44,3068;"SPRF-MA";"DEL01-MA";"UOP01-DEL01-MA"
653881;2025-01-08;"quarta-feira";"17:30:00";"RS";153;49;"ERECHIM";"Entrada inopinada do pedestre";"Atropelamento de Pedestre";"Com Vítimas Feridas";"Pleno dia";"Crescente";"Nublado";"Simples";"Reta;Interseção de Vias";"Sim";2;0;1;0;1;0;1;2;-27,65513812;-52,26579899;"SPRF-RS";"DEL08-RS";"UOP04-DEL08-RS"
653882;2025-01-08;"quarta-feira";"16:50:00";"PR";376;677;"GUARATUBA";"Velocidade Incompatível";"Saída de leito carroçável";"Com Vítimas Feridas";"Pleno dia";"Decrescente";"Chuva";"Dupla";"Curva";"Não";1;0;1;0;0;0;1;1;-25,93367517;-48,9113003;"SPRF-PR";"DEL01-PR";"UOP04-DEL01-PR"
653884;2025-01-08;"quarta-feira";"17:20:00";"PE";104;74,8;"CARUARU";"Acessar a via sem observar a presença dos outros veículos";"Colisão transversal";"Com Vítimas Feridas";"Anoitecer";"Crescente";"Céu Claro";"Simples";"Declive;Reta";"Não";2;0;0;2;0;0;2;2;-8,349874;-35,985184;"SPRF-PE";"DEL02-PE";"UOP01-DEL02-PE"
653887;2025-01-08;"quarta-feira";"18:10:00";"SP";101;52;"UBATUBA";"Transitar na contramão";"Colisão lateral sentido oposto";"Com Vítimas Feridas";"Anoitecer";"Crescente";"Chuva";"Simples";"Rotatória";"Sim";3;0;1;0;2;0;1;2;-23,46329554;-45,06439447;"SPRF-SP";"DEL06-SP";"UOP01-DEL06-SP"
653888;2025-01-08;"quarta-feira";"18:10:00";"MG";381;451;"SABARA";"Acesso irregular";"Colisão frontal";"Com Vítimas Feridas";"Anoitecer";"Decrescente";"Céu Claro";"Simples";"Interseção de Vias";"Sim";2;0;1;0;1;0;1;2;-19,83832024;-43,8806931;"SPRF-MG";"DEL01-MG";"UOP01-DEL01-MG"
653889;2025-01-08;"quarta-feira";"18:31:00";"ES";101;260,8;"SERRA";"Afundamento ou ondulação no pavimento";"Queda de ocupante de veículo";"Com Vítimas Feridas";"Plena Noite";"Decrescente";"Chuva";"Simples";"Curva";"Não";1;0;1;0;0;0;1;1;-20,14616415;-40,28836206;"SPRF-ES";"DEL02-ES";"UOP01-DEL02-ES"
653891;2025-01-08;"quarta-feira";"18:30:00";"SC";470;59,8;"BLUMENAU";"Conversão proibida";"Colisão lateral mesmo sentido";"Com Vítimas Feridas";"Pleno dia";"Crescente";"Nublado";"Simples";"Em Obras;Reta;Aclive";"Não";3;0;1;0;2;0;1;2;-26,882812;-49,1548;"SPRF-SC";"DEL04-SC";"UOP01-DEL04-SC"
653892;2025-01-08;"quarta-feira";"13:15:00";"RO";421;25;"MONTE NEGRO";"Condutor deixou de manter distância do veículo da frente";"Eventos atípicos";"Com Vítimas Feridas";"Pleno dia";"Decrescente";"Nublado";"Simples";"Reta";"Não";2;0;1;0;0;1;1;2;-10,07348;-63,212029;"SPRF-RO";"DEL03-RO";"UOP01-DEL03-RO"
653893;2025-01-08;"quarta-feira";"18:30:00";"BA";101;156;"CONCEICAO DO JACUIPE";"Acessar a via sem observar a presença dos outros veículos";"Colisão transversal";"Com Vítimas Feridas";"Anoitecer";"Crescente";"Céu Claro";"Dupla";"Reta";"Não";2;0;1;0;1;0;1;2;-12,3271571;-38,74540508;"SPRF-BA";"DEL01-BA";"UOP03-DEL01-BA"
653894;2025-01-08;"quarta-feira";"18:40:00";"CE";116;13;"FORTALEZA";"Condutor deixou de manter distância do veículo da frente";"Colisão traseira";"Com Vítimas Feridas";"Plena Noite";"Crescente";"Céu Claro";"Múltipla";"Reta";"Sim";3;0;2;0;1;0;2;2;-3,86088501;-38,49715296;"SPRF-CE";"DEL01-CE";"UOP02-DEL01-CE"
653901;2025-01-08;"quarta-feira";"17:05:00";"SC";280;21;"ARAQUARI";"Acessar a via sem observar a presença dos outros veículos";"Colisão transversal";"Com Vítimas Feridas";"Pleno dia";"Crescente";"Nublado";"Simples";"Reta";"Sim";3;0;1;0;1;1;1;3;-26,37043169;-48,69219602;"SPRF-SC";"DEL03-SC";"UOP03-DEL03-SC"
653904;2025-01-08;"quarta-feira";"18:55:00";"RN";101;95;"NATAL";"Ausência de reação do condutor";"Colisão com objeto";"Com Vítimas Feridas";"Plena Noite";"Crescente";"Céu Claro";"Simples";"Reta";"Sim";1;0;0;1;0;0;1;1;-5,84076841;-35,21035949;"SPRF-RN";"DEL01-RN";"UOP01-DEL01-RN"