"id";"data_inversa";"dia_semana";"horario";"uf";"br";"km";"municipio";"causa_acidente";"tipo_acidente";"classificacao_acidente";"fase_dia";"sentido_via";"condicao_metereologica";"tipo_pista";"tracado_via";"uso_solo";"pessoas";"mortos";"feridos_leves";"feridos_graves";"ilesos";"ignorados";"feridos";"veiculos";"latitude";"longitude";"regional";"delegacia";"uop"
654415;2025-01-11;"sábado";"11:10:00";"PA";155;307;"MARABA";"Ingestão de álcool pelo condutor";"Tombamento";"Com Vítimas Feridas";"Pleno dia";"Decrescente";"Céu Claro";"Simples";"Reta";"Não";1;0;0;1;0;0;1;1;-5,67838705;-49,11460166;"SPRF-PA";"DEL03-PA";"UOP01-DEL03-PA"
654417;2025-01-11;"sábado";"11:44:00";"PA";316;57;"CASTANHAL";"Pedestre cruzava a pista fora da faixa";"Atropelamento de Pedestre";"Sem Vítimas";"Pleno dia";"Crescente";"Chuva";"Dupla";"Reta";"Sim";2;0;0;0;1;1;0;2;-1,30088766;-47,98196704;"SPRF-PA";"DEL01-PA";"UOP01-DEL01-PA"
654419;2025-01-11;"sábado";"11:50:00";"MG";40;791,7;"JUIZ DE FORA";"Reação tardia ou ineficiente do condutor";"Saída de leito carroçável";"Com Vítimas Feridas";"Pleno dia";"Crescente";"Sol";"Dupla";"Interseção de Vias;Reta";"Não";2;0;1;0;1;0;1;1;-21,78120901;-43,41890484;"SPRF-MG";"DEL05-MG";"UOP01-DEL05-MG"
654420;2025-01-11;"sábado";"10:40:00";"MG";50;22;"ARAGUARI";"Ingestão de álcool pelo condutor";"Tombamento";"Com Vítimas Feridas";"Pleno dia";"Decrescente";"Sol";"Simples";"Curva;Aclive";"Não";1;0;1;0;0;0;1;1;-18,60474;-48,051437;"SPRF-MG";"DEL15-MG";"UOP02-DEL15-MG"
654421;2025-01-11;"sábado";"11:50:00";"PR";277;727;"FOZ DO IGUACU";"Acesso irregular";"Colisão transversal";"Com Vítimas Feridas";"Pleno dia";"Decrescente";"Céu Claro";"Dupla";"Reta";"Sim";3;0;3;0;0;0;3;2;-25,51017487;-54,56454899;"SPRF-PR";"DEL05-PR";"UOP03-DEL05-PR"
654423;2025-01-11;"sábado";"13:00:00";"RJ";101;92;"CAMPOS DOS GOYTACAZES";"Demais falhas mecânicas ou elétricas";"Queda de ocupante de veículo";"Com Vítimas Feridas";"Pleno dia";"Crescente";"Céu Claro";"Dupla";"Reta";"Não";1;0;1;0;0;0;1;1;-21,85456357;-41,52621893;"SPRF-RJ";"DEL08-RJ";"UOP02-DEL08-RJ"
654425;2025-01-11;"sábado";"12:00:00";"GO";70;317;"JUSSARA";"Manobra de mudança de faixa";"Colisão traseira";"Com Vítimas Feridas";"Pleno dia";"Decrescente";"Céu Claro";"Dupla";"Retorno Regulamentado";"Sim";3;0;1;0;1;1;1;3;-15,87581838;-50,86884499;"SPRF-GO";"DEL04-GO";"UOP02-DEL04-GO"
654427;2025-01-11;"sábado";"13:00:00";"PE";407;119;"PETROLINA";"Acessar a via sem observar a presença dos outros veículos";"Colisão transversal";"Com Vítimas Feridas";"Pleno dia";"Crescente";"Chuva";"Dupla";"Reta";"Não";2;0;1;0;1;0;1;2;-9,34735026;-40,5542922;"SPRF-PE";"DEL06-PE";"UOP01-DEL06-PE"
654428;2025-01-11;"sábado";"12:20:00";"RO";174;11;"VILHENA";"Ultrapassagem Indevida";"Colisão lateral mesmo sentido";"Com Vítimas Feridas";"Pleno dia";"Decrescente";"Nublado";"Simples";"Interseção de Vias;Reta";"Sim";3;0;2;1;0;0;3;2;-12,74605898;-60,11270299;"SPRF-RO";"DEL04-RO";"UOP01-DEL04-RO"
654429;2025-01-11;"sábado";"14:10:00";"RS";116;263;"CANOAS";"Demais falhas mecânicas ou elétricas";"Tombamento";"Com Vítimas Feridas";"Pleno dia";"Decrescente";"Céu Claro";"Dupla";"Reta";"Sim";3;0;2;0;0;1;2;2;-29,90781298;-51,1769557;"SPRF-RS";"DEL01-RS";"UOP01-DEL01-RS"
654430;2025-01-11;"sábado";"12:15:00";"PR";376;432;"TIBAGI";"Velocidade Incompatível";"Colisão com objeto";"Com Vítimas Feridas";"Pleno dia";"Crescente";"Nublado";"Dupla";"Curva";"Não";3;0;3;0;0;0;3;1;-24,75487094;-50,53509738;"SPRF-PR";"DEL03-PR";"UOP02-DEL03-PR"
654432;2025-01-11;"sábado";"12:00:00";"RS";116;222,5;"DOIS IRMAOS";"Acessar a via sem observar a presença dos outros veículos";"Colisão transversal";"Com Vítimas Feridas";"Pleno dia";"Crescente";"Céu Claro";"Dupla";"Retorno Regulamentado;Reta";"Sim";2;0;1;0;1;0;1;2;-29,58096695;-51,09515511;"SPRF-RS";"DEL01-RS";"UOP02-DEL01-RS"
654433;2025-01-11;"sábado";"14:00:00";"MG";381;843,1;"SAO SEBASTIAO DA BELA VISTA";"Manobra de mudança de faixa";"Colisão lateral mesmo sentido";"Com Vítimas Feridas";"Pleno dia";"Crescente";"Sol";"Dupla";"Reta";"Não";2;0;1;0;1;0;1;2;-22,21565425;-45,86960261;"SPRF-MG";"DEL16-MG";"UOP01-DEL16-MG"
654434;2025-01-11;"sábado";"14:35:00";"SE";235;51,2;"ITABAIANA";"Condutor deixou de manter distância do veículo da frente";"Colisão traseira";"Com Vítimas Feridas";"Pleno dia";"Crescente";"Céu Claro";"Simples";"Aclive;Reta";"Sim";2;0;0;1;1;0;1;2;-10,69917421;-37,43265152;"SPRF-SE";"DEL01-SE";"UOP02-DEL01-SE"
654435;2025-01-11;"sábado";"10:50:00";"PE";232;147;"SAO CAITANO";"Ausência de reação do condutor";"Tombamento";"Com Vítimas Feridas";"Pleno dia";"Crescente";"Céu Claro";"Dupla";"Reta";"Não";1;0;0;1;0;0;1;1;-8,33373137;-36,13751116;"SPRF-PE";"DEL03-PE";"UOP02-DEL03-PE"
654437;2025-01-11;"sábado";"13:00:00";"SC";282;54,4;"RANCHO QUEIMADO";"Velocidade Incompatível";"Colisão frontal";"Com Vítimas Feridas";"Pleno dia";"Decrescente";"Garoa/Chuvisco";"Simples";"Curva";"Não";4;0;3;0;1;0;3;2;-27,685799;-48,974514;"SPRF-SC";"DEL01-SC";"UOP03-DEL01-SC"
654438;2025-01-11;"sábado";"12:35:00";"BA";110;144;"CICERO DANTAS";"Ausência de reação do condutor";"Saída de leito carroçável";"Com Vítimas Feridas";"Pleno dia";"Decrescente";"Nublado";"Simples";"Curva;Declive";"Sim";1;0;1;0;0;0;1;1;-10,611738;-38,392292;"SPRF-BA";"DEL07-BA";"UOP02-DEL07-BA"
654439;2025-01-11;"sábado";"13:00:00";"BA";349;956;"CORRENTINA";"Reação tardia ou ineficiente do condutor";"Tombamento";"Com Vítimas Feridas";"Pleno dia";"Crescente";"Céu Claro";"Simples";"Reta";"Não";1;0;1;0;0;0;1;1;-13,34775335;-44,63734466;"SPRF-BA";"DEL10-BA";"UOP02-DEL10-BA"
654441;2025-01-11;"sábado";"12:00:00";"RJ";101;425;"MANGARATIBA";"Ultrapassagem Indevida";"Colisão frontal";"Com Vítimas Feridas";"Pleno dia";"Crescente";"Céu Claro";"Simples";"Reta";"Sim";9;0;6;0;3;0;6;3;-22,92618815;-43,96323294;"SPRF-RJ";"DEL03-RJ";"UOP02-DEL03-RJ"
654442;2025-01-11;"sábado";"09:30:00";"RS";285;569,8;"SAO LUIZ GONZAGA";"Transitar na contramão";"Colisão frontal";"Com Vítimas Fatais";"Pleno dia";"Decrescente";"Céu Claro";"Simples";"Reta";"Sim";3;1;1;0;1;0;1;2;-28,413052;-54,985699;"SPRF-RS";"DEL12-RS";"UOP01-DEL12-RS"
654443;2025-01-11;"sábado";"14:20:00";"MS";463;4;"DOURADOS";"Acessar a via sem observar a presença dos outros veículos";"Colisão transversal";"Com Vítimas Feridas";"Pleno dia";"Crescente";"Céu Claro";"Simples";"Reta;Em Obras";"Sim";2;0;1;0;0;1;1;2;-22,25932395;-54,842668;"SPRF-MS";"DEL04-MS";"UOP01-DEL04-MS"
654444;2025-01-11;"sábado";"11:50:00";"RJ";493;72;"DUQUE DE CAXIAS";"Ausência de reação do condutor";"Saída de leito carroçável";"Com Vítimas Feridas";"Pleno dia";"Crescente";"Céu Claro";"Dupla";"Reta";"Não";1;0;1;0;0;0;1;1;-22,672089;-43,285053;"SPRF-RJ";"DEL01-RJ";"UOP03-DEL01-RJ"
654445;2025-01-11;"sábado";"09:00:00";"PR";487;178,3;"CAMPO MOURAO";"Manobra de mudança de faixa";"Colisão lateral mesmo sentido";"Com Vítimas Feridas";"Pleno dia";"Decrescente";"Céu Claro";"Dupla";"Rotatória";"Sim";3;0;2;0;1;0;2;2;-24,04705186;-52,39354134;"SPRF-PR";"DEL09-PR";"UOP03-DEL09-PR"
654446;2025-01-11;"sábado";"13:20:00";"BA";418;120;"MUCURI";"Transitar na contramão";"Colisão frontal";"Com Vítimas Feridas";"Pleno dia";"Crescente";"Céu Claro";"Simples";"Reta";"Não";6;0;0;1;5;0;1;2;-17,87143911;-40,14042309;"SPRF-BA";"DEL09-BA";"UOP02-DEL09-BA"
654447;2025-01-11;"sábado";"14:00:00";"RJ";101;462;"ANGRA DOS REIS";"Ultrapassagem Indevida";"Saída de leito carroçável";"Com Vítimas Feridas";"Pleno dia";"Crescente";"Céu Claro";"Simples";"Curva";"Não";5;0;2;0;3;0;2;1;-23,02970078;-44,20784712;"SPRF-RJ";"DEL03-RJ";"UOP03-DEL03-RJ"
654450;2025-01-09;"quinta-feira";"14:15:00";"SC";282;555,7;"NOVA ITABERABA";"Reação tardia ou ineficiente do condutor";"Colisão lateral sentido oposto";"Com Vítimas Feridas";"Pleno dia";"Crescente";"Céu Claro";"Simples";"Curva;Declive";"Não";2;0;1;0;1;0;1;2;-26,935896;-52,810684;"SPRF-SC";"DEL07-SC";"UOP01-DEL07-SC"
654451;2025-01-11;"sábado";"15:20:00";"PB";101;59,9;"SANTA RITA";"Demais falhas na via";"Tombamento";"Com Vítimas Feridas";"Pleno dia";"Crescente";"Céu Claro";"Dupla";"Reta";"Não";2;0;1;1;0;0;2;1;-6,99352402;-35,06896004;"SPRF-PB";"DEL01-PB";"UOP03-DEL01-PB"
654452;2025-01-11;"sábado";"12:00:00";"MG";365;381;"PATOS DE MINAS";"Reação tardia ou ineficiente do condutor";"Saída de leito carroçável";"Com Vítimas Feridas";"Pleno dia";"Decrescente";"Céu Claro";"Simples";"Reta";"Não";3;0;3;0;0;0;3;1;-18,56330778;-46,23875211;"SPRF-MG";"DEL10-MG";"UOP01-DEL10-MG"
654453;2025-01-11;"sábado";"15:30:00";"ES";101;288,9;"CARIACICA";"Manobra de mudança de faixa";"Colisão traseira";"Com Vítimas Feridas";"Pleno dia";"Decrescente";"Sol";"Dupla";"Reta";"Sim";2;0;1;0;1;0;1;2;-20,27160351;-40,39091743;"SPRF-ES";"DEL01-ES";"UOP01-DEL01-ES"
654454;2025-01-11;"sábado";"15:36:00";"RS";116;256;"ESTEIO";"Ausência de reação do condutor";"Colisão traseira";"Com Vítimas Feridas";"Pleno dia";"Decrescente";"Céu Claro";"Dupla";"Reta";"Sim";2;0;2;0;0;0;2;2;-29,84393699;-51,17728603;"SPRF-RS";"DEL01-RS";"UOP02-DEL01-RS"
654455;2025-01-11;"sábado";"13:30:00";"SC";101;97;"BALNEARIO PICARRAS";"Avarias e/ou desgaste excessivo no pneu";"Tombamento";"Com Vítimas Feridas";"Pleno dia";"Crescente";"Nublado";"Dupla";"Reta";"Não";2;0;2;0;0;0;2;1;-26,72823703;-48,70224928;"SPRF-SC";"DEL03-SC";"UOP02-DEL03-SC"
654458;2025-01-11;"sábado";"15:45:00";"PB";230;334;"PATOS";"Ingestão de álcool pelo condutor";"Colisão transversal";"Com Vítimas Feridas";"Pleno dia";"Crescente";"Céu Claro";"Simples";"Curva";"Não";2;0;0;1;1;0;1;2;-7,018;-37,2589;"SPRF-PB";"DEL03-PB";"UOP01-DEL03-PB"
654459;2025-01-11;"sábado";"09:47:00";"SC";282;132,9;"BOM RETIRO";"Ultrapassagem Indevida";"Colisão frontal";"Com Vítimas Fatais";"Pleno dia";"Decrescente";"Céu Claro";"Simples";"Curva;Aclive";"Não";2;1;1;0;0;0;1;2;-27,8074269;-49,531308;"SPRF-SC";"DEL05-SC";"UOP01-DEL05-SC"
654460;2025-01-11;"sábado";"15:35:00";"RS";386;306;"POUSO NOVO";"Pista Escorregadia";"Tombamento";"Com Vítimas Feridas";"Pleno dia";"Decrescente";"Sol";"Simples";"Curva";"Não";2;0;2;0;0;0;2;1;-29,194696;-52,185722;"SPRF-RS";"DEL04-RS";"UOP01-DEL04-RS"
654461;2025-01-11;"sábado";"15:45:00";"RS";386;306;"POUSO NOVO";"Pista Escorregadia";"Tombamento";"Com Vítimas Feridas";"Pleno dia";"Decrescente";"Sol";"Simples";"Curva";"Não";2;0;1;0;1;0;1;1;-29,194696;-52,185722;"SPRF-RS";"DEL04-RS";"UOP01-DEL04-RS"
654464;2025-01-11;"sábado";"14:25:00";"RJ";393;275,8;"BARRA DO PIRAI";"Animais na Pista";"Atropelamento de Animal";"Com Vítimas Feridas";"Pleno dia";"Crescente";"Céu Claro";"Simples";"Reta";"Não";1;0;1;0;0;0;1;1;-22,48279699;-43,970547;"SPRF-RJ";"DEL05-RJ";"UOP04-DEL05-RJ"
654466;2025-01-11;"sábado";"14:30:00";"MS";262;419,8;"TERENOS";"Ausência de reação do condutor";"Tombamento";"Com Vítimas Feridas";"Pleno dia";"Crescente";"Céu Claro";"Simples";"Reta;Declive";"Não";1;0;1;0;0;0;1;1;-20,46449452;-55,19587024;"SPRF-MS";"DEL01-MS";"UOP03-DEL01-MS"
654467;2025-01-11;"sábado";"14:30:00";"AM";0;0;"MANAUS";"Pista Escorregadia";"Colisão frontal";"Com Vítimas Feridas";"Pleno dia";"Não Informado";"Chuva";"Dupla";"Aclive";"Sim";3;0;0;2;1;0;2;2;-3,10224956;-59,94650245;"SPRF-AM";"DEL01-AM";"UOP03-DEL01-AM"
654469;2025-01-11;"sábado";"15:05:00";"RJ";393;284;"VOLTA REDONDA";"Ausência de reação do condutor";"Colisão traseira";"Com Vítimas Feridas";"Pleno dia";"Decrescente";"Sol";"Simples";"Reta";"Não";3;0;1;0;1;1;1;2;-22,49663;-44,070893;"SPRF-RJ";"DEL05-RJ";"UOP04-DEL05-RJ"
654470;2025-01-11;"sábado";"14:35:00";"SC";282;221;"LAGES";"Reação tardia ou ineficiente do condutor";"Colisão transversal";"Com Vítimas Feridas";"Pleno dia";"Crescente";"Nublado";"Dupla";"Interseção de Vias;Reta;Rotatória;Aclive";"Sim";2;0;1;0;1;0;1;2;-27,796358;-50,343426;"SPRF-SC";"DEL05-SC";"UOP01-DEL05-SC"
654471;2025-01-11;"sábado";"15:10:00";"BA";101;796;"ITAMARAJU";"Demais falhas mecânicas ou elétricas";"Saída de leito carroçável";"Com Vítimas Feridas";"Pleno dia";"Crescente";"Chuva";"Simples";"Reta";"Não";2;0;2;0;0;0;2;1;-16,90508485;-39,52468872;"SPRF-BA";"DEL09-BA";"UOP01-DEL09-BA"
654472;2025-01-11;"sábado";"15:30:00";"GO";40;105,9;"CRISTALINA";"Condutor Dormindo";"Saída de leito carroçável";"Com Vítimas Feridas";"Pleno dia";"Decrescente";"Céu Claro";"Dupla";"Reta";"Não";3;0;2;0;1;0;2;1;-16,822591;-47,551275;"SPRF-DF";"DEL01-DF";"UOP02-DEL01-DF"
654474;2025-01-11;"sábado";"16:00:00";"SC";116;192;"PONTE ALTA";"Ausência de reação do condutor";"Colisão traseira";"Com Vítimas Feridas";"Pleno dia";"Crescente";"Céu Claro";"Simples";"Reta";"Não";2;0;0;1;1;0;1;2;-27,36303564;-50,43355252;"SPRF-SC";"DEL05-SC";"UOP03-DEL05-SC"
654475;2025-01-11;"sábado";"14:30:00";"MG";459;74,2;"SENADOR JOSE BENTO";"Velocidade Incompatível";"Saída de leito carroçável";"Com Vítimas Feridas";"Pleno dia";"Decrescente";"Céu Claro";"Simples";"Curva";"Não";1;0;1;0;0;0;1;1;-22,138563;-46,146851;"SPRF-MG";"DEL09-MG";"UOP01-DEL09-MG"
654476;2025-01-11;"sábado";"16:00:00";"GO";70;319;"JUSSARA";"Ausência de reação do condutor";"Colisão traseira";"Sem Vítimas";"Pleno dia";"Decrescente";"Céu Claro";"Dupla";"Reta";"Sim";3;0;0;0;3;0;0;2;-15,876487;-50,87205;"SPRF-GO";"DEL04-GO";"UOP02-DEL04-GO"
654479;2025-01-11;"sábado";"17:30:00";"BA";101;813,8;"ITAMARAJU";"Acesso irregular";"Colisão lateral mesmo sentido";"Com Vítimas Feridas";"Pleno dia";"Decrescente";"Chuva";"Simples";"Reta";"Não";2;0;1;1;0;0;2;2;-17,066913;-39,557112;"SPRF-BA";"DEL09-BA";"UOP01-DEL09-BA"
654481;2025-01-11;"sábado";"16:50:00";"MG";381;584,1;"CARMOPOLIS DE MINAS";"Condutor Dormindo";"Saída de leito carroçável";"Com Vítimas Feridas";"Pleno dia";"Crescente";"Céu Claro";"Dupla";"Reta";"Não";4;0;3;0;1;0;3;1;-20,52949002;-44,63874994;"SPRF-MG";"DEL04-MG";"UOP01-DEL04-MG"
654482;2025-01-11;"sábado";"17:50:00";"RN";226;13,8;"MACAIBA";"Transitar na contramão";"Colisão frontal";"Com Vítimas Feridas";"Anoitecer";"Crescente";"Céu Claro";"Simples";"Reta";"Sim";5;0;4;1;0;0;5;3;-5,85297459;-35,31897913;"SPRF-RN";"DEL01-RN";"UOP02-DEL01-RN"
654483;2025-01-11;"sábado";"18:05:00";"PR";369;199;"APUCARANA";"Manobra de mudança de faixa";"Colisão frontal";"Com Vítimas Feridas";"Pleno dia";"Decrescente";"Garoa/Chuvisco";"Simples";"Reta";"Sim";2;0;1;0;1;0;1;2;-23,52554288;-51,44486904;"SPRF-PR";"DEL07-PR";"UOP03-DEL07-PR"
654484;2025-01-08;"quarta-feira";"06:30:00";"BA";101;578;"CAMACAN";"Velocidade Incompatível";"Saída de leito carroçável";"Com Vítimas Feridas";"Pleno dia";"Decrescente";"Céu Claro";"Simples";"Curva";"Não";3;0;2;0;1;0;2;1;-15,497843;-39,43252405;"SPRF-BA";"DEL05-BA";"UOP02-DEL05-BA"
654485;2025-01-11;"sábado";"17:50:00";"PB";101;119;"CAAPORA";"Animais na Pista";"Colisão com objeto";"Com Vítimas Feridas";"Plena Noite";"Decrescente";"Céu Claro";"Simples";"Aclive";"Sim";3;0;2;0;1;0;2;1;-7,42897814;-34,96672977;"SPRF-PB";"DEL01-PB";"UOP01-DEL01-PB"
654486;2025-01-11;"sábado";"18:10:00";"RS";116;145,9;"CAXIAS DO SUL";"Ausência de reação do condutor";"Colisão traseira";"Com Vítimas Feridas";"Pleno dia";"Crescente";"Chuva";"Dupla";"Curva";"Sim";2;0;1;0;1;0;1;2;-29,1350217;-51,1302779;"SPRF-RS";"DEL05-RS";"UOP01-DEL05-RS"
654487;2025-01-11;"sábado";"18:30:00";"PB";230;9;"CABEDELO";"Condutor deixou de manter distância do veículo da frente";"Colisão traseira";"Sem Vítimas";"Plena Noite";"Decrescente";"Céu Claro";"Dupla";"Curva;Viaduto";"Sim";2;0;0;0;2;0;0;2;-7,0433;-34,8466;"SPRF-PB";"DEL01-PB";"UOP01-DEL01-PB"
654488;2025-01-11;"sábado";"18:20:00";"MG";50;180;"UBERABA";"Condutor deixou de manter distância do veículo da frente";"Colisão traseira";"Com Vítimas Feridas";"Anoitecer";"Decrescente";"Sol";"Simples";"Interseção de Vias";"Sim";2;0;2;0;0;0;2;1;-19,77848216;-47,92194709;"SPRF-MG";"DEL13-MG";"UOP01-DEL13-MG"
654489;2025-01-11;"sábado";"17:35:00";"PE";428;183;"PETROLINA";"Ingestão de álcool pelo condutor";"Colisão traseira";"Com Vítimas Feridas";"Anoitecer";"Crescente";"Garoa/Chuvisco";"Dupla";"Reta";"Sim";2;0;1;0;1;0;1;2;-9,32412987;-40,46211325;"SPRF-PE";"DEL06-PE";"UOP01-DEL06-PE"
654490;2025-01-11;"sábado";"17:35:00";"GO";60;15,9;"ALEXANIA";"Manobra de mudança de faixa";"Colisão traseira";"Com Vítimas Feridas";"Pleno dia";"Crescente";"Céu Claro";"Dupla";"Aclive;Reta;Retorno Regulamentado";"Não";4;0;1;0;3;0;1;2;-16,094168;-48,517212;"SPRF-DF";"DEL03-DF";"UOP01-DEL03-DF"
654491;2025-01-11;"sábado";"18:00:00";"GO";60;418;"RIO VERDE";"Reação tardia ou ineficiente do condutor";"Saída de leito carroçável";"Com Vítimas Feridas";"Pleno dia";"Decrescente";"Nublado";"Dupla";"Reta;Retorno Regulamentado";"Não";4;0;1;0;3;0;1;1;-17,821385;-51,241245;"SPRF-GO";"DEL04-GO";"UOP02-DEL04-GO"
654492;2025-01-11;"sábado";"18:45:00";"PR";376;666,1;"GUARATUBA";"Reação tardia ou ineficiente do condutor";"Colisão com objeto";"Sem Vítimas";"Anoitecer";"Decrescente";"Garoa/Chuvisco";"Simples";"Aclive;Curva";"Não";2;0;0;0;2;0;0;1;-25,86037408;-48,95087256;"SPRF-PR";"DEL01-PR";"UOP04-DEL01-PR"
654493;2025-01-11;"sábado";"18:00:00";"PE";104;82;"AGRESTINA";"Condutor Dormindo";"Capotamento";"Com Vítimas Feridas";"Plena Noite";"Decrescente";"Céu Claro";"Simples";"Declive;Ponte";"Não";2;0;2;0;0;0;2;1;-8,414513;-35,967102;"SPRF-PE";"DEL02-PE";"UOP01-DEL02-PE"
654494;2025-01-11;"sábado";"19:00:00";"RN";101;103,6;"PARNAMIRIM";"Pedestre cruzava a pista fora da faixa";"Atropelamento de Pedestre";"Com Vítimas Feridas";"Plena Noite";"Decrescente";"Céu Claro";"Múltipla";"Reta";"Sim";4;0;0;1;3;0;1;2;-5,89034022;-35,24894996;"SPRF-RN";"DEL01-RN";"UOP01-DEL01-RN"
654495;2025-01-11;"sábado";"19:20:00";"ES";101;125;"SOORETAMA";"Reação tardia ou ineficiente do condutor";"Colisão transversal";"Com Vítimas Feridas";"Plena Noite";"Decrescente";"Nublado";"Dupla";"Reta";"Sim";2;0;1;0;1;0;1;2;-19,18496498;-40,09429827;"SPRF-ES";"DEL04-ES";"UOP01-DEL04-ES"
654496;2025-01-11;"sábado";"19:20:00";"MG";365;626;"UBERLANDIA";"Entrada inopinada do pedestre";"Atropelamento de Pedestre";"Com Vítimas Feridas";"Anoitecer";"Crescente";"Céu Claro";"Dupla";"Aclive;Reta";"Sim";4;0;1;0;2;1;1;2;-18,90659356;-48,33469405;"SPRF-MG";"DEL15-MG";"UOP01-DEL15-MG"
654497;2025-01-11;"sábado";"19:20:00";"MG";381;491;"BETIM";"Manobra de mudança de faixa";"Colisão lateral mesmo sentido";"Com Vítimas Feridas";"Plena Noite";"Decrescente";"Céu Claro";"Dupla";"Reta";"Não";4;0;1;0;3;0;1;2;-19,95904672;-44,1517514;"SPRF-MG";"DEL01-MG";"UOP03-DEL01-MG"
654498;2025-01-11;"sábado";"18:40:00";"SP";153;57;"SAO JOSE DO RIO PRETO";"Reação tardia ou ineficiente do condutor";"Tombamento";"Sem Vítimas";"Anoitecer";"Decrescente";"Nublado";"Dupla";"Reta";"Não";1;0;0;0;0;1;0;1;-20,76991095;-49,34982212;"SPRF-SP";"DEL09-SP";"UOP01-DEL09-SP"
654500;2025-01-11;"sábado";"19:00:00";"MA";226;335,1;"JENIPAPO DOS VIEIRAS";"Acessar a via sem observar a presença dos outros veículos";"Colisão transversal";"Com Vítimas Fatais";"Plena Noite";"Crescente";"Nublado";"Simples";"Reta";"Não";2;1;0;0;0;1;0;2;-5,47216891;-45,49516409;"SPRF-MA";"DEL06-MA";"UOP01-DEL06-MA"
654502;2025-01-11;"sábado";"17:30:00";"MT";163;87;"RONDONOPOLIS";"Ausência de reação do condutor";"Saída de leito carroçável";"Com Vítimas Feridas";"Anoitecer";"Crescente";"Chuva";"Dupla";"Reta";"Não";4;0;4;0;0;0;4;1;-16,76443595;-54,65835311;"SPRF-MT";"DEL02-MT";"UOP03-DEL02-MT"
654503;2025-01-11;"sábado";"18:30:00";"RR";432;198,5;"CANTA";"Falta de acostamento";"Queda de ocupante de veículo";"Com Vítimas Feridas";"Plena Noite";"Crescente";"Céu Claro";"Simples";"Reta";"Não";3;0;0;2;0;1;2;2;2,66944189;-60,59384324;"SPRF-RR";"DEL01-RR";"UOP01-DEL01-RR"
654504;2025-01-11;"sábado";"19:00:00";"SC";101;317,5;"PESCARIA BRAVA";"Animais na Pista";"Atropelamento de Animal";"Com Vítimas Feridas";"Plena Noite";"Decrescente";"Céu Claro";"Dupla";"Curva";"Não";6;0;1;0;5;0;1;3;-28,42964439;-48,87128055;"SPRF-SC";"DEL02-SC";"UOP01-DEL02-SC"
654507;2025-01-11;"sábado";"19:40:00";"MG";116;208,2;"CATUJI";"Desrespeitar a preferência no cruzamento";"Colisão transversal";"Com Vítimas Feridas";"Plena Noite";"Crescente";"Nublado";"Simples";"Reta";"Sim";2;0;1;0;1;0;1;2;-17,308365;-41,518593;"SPRF-MG";"DEL11-MG";"UOP01-DEL11-MG"
654508;2025-01-11;"sábado";"20:00:00";"PB";230;36,1;"SANTA RITA";"Pedestre cruzava a pista fora da faixa";"Atropelamento de Pedestre";"Com Vítimas Feridas";"Plena Noite";"Decrescente";"Nublado";"Dupla";"Curva;Declive";"Sim";2;0;1;0;0;1;1;2;-7,1246;-34,9473;"SPRF-PB";"DEL01-PB";"UOP02-DEL01-PB"
654509;2025-01-11;"sábado";"19:30:00";"MS";262;376;"TERENOS";"Reação tardia ou ineficiente do condutor";"Saída de leito carroçável";"Sem Vítimas";"Plena Noite";"Crescente";"Céu Claro";"Simples";"Reta";"Não";1;0;0;0;1;0;0;1;-20,48574084;-54,82946269;"SPRF-MS";"DEL01-MS";"UOP03-DEL01-MS"
654510;2025-01-11;"sábado";"20:30:00";"MT";70;2;"BARRA DO GARCAS";"Reação tardia ou ineficiente do condutor";"Colisão transversal";"Com Vítimas Feridas";"Plena Noite";"Crescente";"Céu Claro";"Simples";"Declive";"Sim";2;0;0;1;1;0;1;2;-15,88749699;-52,26810568;"SPRF-MT";"DEL07-MT";"UOP01-DEL07-MT"
654511;2025-01-11;"sábado";"20:30:00";"PR";376;231,5;"APUCARANA";"Velocidade Incompatível";"Capotamento";"Sem Vítimas";"Plena Noite";"Crescente";"Nublado";"Dupla";"Retorno Regulamentado;Reta";"Sim";1;0;0;0;0;1;0;1;-23,56687835;-51,52357221;"SPRF-PR";"DEL07-PR";"UOP03-DEL07-PR"
654512;2025-01-11;"sábado";"20:30:00";"RJ";116;300,4;"RESENDE";"Reação tardia ou ineficiente do condutor";"Tombamento";"Com Vítimas Feridas";"Plena Noite";"Crescente";"Chuva";"Dupla";"Reta";"Não";1;0;1;0;0;0;1;1;-22,45223481;-44,35432502;"SPRF-RJ";"DEL07-RJ";"UOP02-DEL07-RJ"
654514;2025-01-11;"sábado";"21:00:00";"PR";376;624,2;"SAO JOSE DOS PINHAIS";"Manobra de mudança de faixa";"Colisão lateral mesmo sentido";"Com Vítimas Feridas";"Plena Noite";"Decrescente";"Nublado";"Dupla";"Reta";"Não";3;0;1;0;2;0;1;2;-25,64336599;-49,15942795;"SPRF-PR";"DEL01-PR";"UOP04-DEL01-PR"
654515;2025-01-11;"sábado";"11:10:00";"MT";364;435;"VARZEA GRANDE";"Chuva";"Queda de ocupante de veículo";"Com Vítimas Feridas";"Pleno dia";"Decrescente";"Céu Claro";"Dupla";"Reta";"Sim";1;0;1;0;0;0;1;1;-15,64127781;-56,13085281;"SPRF-MT";"DEL01-MT";"UOP02-DEL01-MT"