"id";"data_inversa";"dia_semana";"horario";"uf";"br";"km";"municipio";"causa_acidente";"tipo_acidente";"classificacao_acidente";"fase_dia";"sentido_via";"condicao_metereologica";"tipo_pista";"tracado_via";"uso_solo";"pessoas";"mortos";"feridos_leves";"feridos_graves";"ilesos";"ignorados";"feridos";"veiculos";"latitude";"longitude";"regional";"delegacia";"uop"
654829;2025-01-13;"segunda-feira";"10:50:00";"ES";101;418;"CACHOEIRO DE ITAPEMIRIM";"Condutor deixou de manter distância do veículo da frente";"Colisão traseira";"Com Vítimas Feridas";"Pleno dia";"Decrescente";"Nublado";"Simples";"Reta";"Não";3;0;3;0;0;0;3;2;-20,95438035;-41,09327978;"SPRF-ES";"DEL03-ES";"UOP02-DEL03-ES"
654830;2025-01-13;"segunda-feira";"11:04:00";"RN";101;97;"NATAL";"Condutor deixou de manter distância do veículo da frente";"Colisão traseira";"Com Vítimas Feridas";"Pleno dia";"Decrescente";"Céu Claro";"Dupla";"Reta";"Sim";2;0;1;0;1;0;1;2;-5,85758898;-35,21271205;"SPRF-RN";"DEL01-RN";"UOP01-DEL01-RN"
654831;2025-01-13;"segunda-feira";"11:15:00";"BA";324;610;"SIMOES FILHO";"Pedestre andava na pista";"Atropelamento de Pedestre";"Com Vítimas Feridas";"Pleno dia";"Crescente";"Nublado";"Dupla";"Reta";"Não";2;0;1;0;0;1;1;2;-12,835127;-38,413252;"SPRF-BA";"DEL01-BA";"UOP01-DEL01-BA"
654832;2025-01-13;"segunda-feira";"10:50:00";"PR";277;71;"SAO JOSE DOS PINHAIS";"Ausência de reação do condutor";"Colisão com objeto";"Com Vítimas Feridas";"Pleno dia";"Decrescente";"Sol";"Dupla";"Reta;Viaduto";"Não";1;0;0;1;0;0;1;1;-25,5118092;-49,12779093;"SPRF-PR";"DEL01-PR";"UOP07-DEL01-PR"
654833;2025-01-13;"segunda-feira";"11:00:00";"ES";101;42;"CONCEICAO DA BARRA";"Avarias e/ou desgaste excessivo no pneu";"Tombamento";"Com Vítimas Feridas";"Pleno dia";"Crescente";"Nublado";"Simples";"Reta";"Não";2;0;0;1;1;0;1;1;-18,51702193;-39,91329775;"SPRF-ES";"DEL04-ES";"UOP02-DEL04-ES"
654834;2025-01-13;"segunda-feira";"10:00:00";"RJ";101;446;"MANGARATIBA";"Reação tardia ou ineficiente do condutor";"Colisão transversal";"Com Vítimas Feridas";"Pleno dia";"Decrescente";"Nublado";"Simples";"Reta";"Não";3;0;3;0;0;0;3;2;-22,995425;-44,09939196;"SPRF-RJ";"DEL03-RJ";"UOP02-DEL03-RJ"
654835;2025-01-13;"segunda-feira";"10:05:00";"DF";70;10,2;"BRASILIA";"Acessar a via sem observar a presença dos outros veículos";"Colisão lateral mesmo sentido";"Com Vítimas Feridas";"Pleno dia";"Decrescente";"Nublado";"Dupla";"Retorno Regulamentado;Reta";"Sim";2;0;1;0;1;0;1;2;-15,787066;-48,140709;"SPRF-DF";"DEL03-DF";"UOP02-DEL03-DF"
654836;2025-01-13;"segunda-feira";"10:58:00";"PR";369;136,3;"IBIPORA";"Reação tardia ou ineficiente do condutor";"Colisão frontal";"Com Vítimas Feridas";"Pleno dia";"Decrescente";"Sol";"Simples";"Declive;Reta";"Sim";3;0;0;1;2;0;1;2;-23,266813;-51,038084;"SPRF-PR";"DEL07-PR";"UOP01-DEL07-PR"
654837;2025-01-13;"segunda-feira";"06:40:00";"PB";230;249;"JUAZEIRINHO";"Acessar a via sem observar a presença dos outros veículos";"Colisão transversal";"Com Vítimas Feridas";"Pleno dia";"Crescente";"Céu Claro";"Simples";"Reta";"Não";2;0;0;1;0;1;1;2;-7,0661;-36,6441;"SPRF-PB";"DEL02-PB";"UOP02-DEL02-PB"
654838;2025-01-13;"segunda-feira";"11:20:00";"CE";222;40;"CAUCAIA";"Acessar a via sem observar a presença dos outros veículos";"Colisão lateral mesmo sentido";"Com Vítimas Feridas";"Pleno dia";"Crescente";"Céu Claro";"Simples";"Reta";"Sim";2;0;1;0;1;0;1;2;-3,68690023;-38,90730706;"SPRF-CE";"DEL01-CE";"UOP03-DEL01-CE"
654841;2025-01-13;"segunda-feira";"10:30:00";"BA";324;614;"SALVADOR";"Condutor deixou de manter distância do veículo da frente";"Colisão traseira";"Com Vítimas Feridas";"Pleno dia";"Crescente";"Nublado";"Dupla";"Reta";"Sim";3;0;1;0;2;0;1;2;-12,8639793;-38,42370126;"SPRF-BA";"DEL01-BA";"UOP01-DEL01-BA"
654843;2025-01-13;"segunda-feira";"10:40:00";"PR";277;522,3;"GUARANIACU";"Reação tardia ou ineficiente do condutor";"Saída de leito carroçável";"Com Vítimas Feridas";"Pleno dia";"Crescente";"Céu Claro";"Simples";"Reta;Rotatória";"Não";3;0;0;1;2;0;1;1;-25,09966619;-52,89478824;"SPRF-PR";"DEL04-PR";"UOP04-DEL04-PR"
654845;2025-01-13;"segunda-feira";"10:00:00";"RS";470;59,1;"CAPAO BONITO DO SUL";"Condutor Dormindo";"Colisão frontal";"Com Vítimas Feridas";"Pleno dia";"Decrescente";"Céu Claro";"Simples";"Declive;Curva";"Não";2;0;1;0;1;0;1;2;-28,083968;-51,467647;"SPRF-RS";"DEL08-RS";"UOP05-DEL08-RS"
654846;2025-01-13;"segunda-feira";"12:00:00";"SC";282;55,1;"AGUAS MORNAS";"Transitar na contramão";"Colisão frontal";"Com Vítimas Feridas";"Pleno dia";"Crescente";"Nublado";"Simples";"Reta";"Não";6;0;2;3;1;0;5;2;-27,689514;-48,982376;"SPRF-SC";"DEL01-SC";"UOP03-DEL01-SC"
654848;2025-01-13;"segunda-feira";"10:30:00";"MG";153;242;"FRONTEIRA";"Reação tardia ou ineficiente do condutor";"Tombamento";"Com Vítimas Feridas";"Pleno dia";"Crescente";"Céu Claro";"Simples";"Reta";"Não";1;0;1;0;0;0;1;1;-20,29847332;-49,20614844;"SPRF-MG";"DEL13-MG";"UOP02-DEL13-MG"
654849;2025-01-13;"segunda-feira";"12:20:00";"RJ";101;325;"RIO DE JANEIRO";"Reação tardia ou ineficiente do condutor";"Engavetamento";"Sem Vítimas";"Pleno dia";"Decrescente";"Nublado";"Simples";"Reta;Ponte";"Sim";3;0;0;0;3;0;0;3;-22,87292569;-43,13625699;"SPRF-RJ";"DEL02-RJ";"UOP01-DEL02-RJ"
654850;2025-01-13;"segunda-feira";"10:00:00";"RJ";40;80;"PETROPOLIS";"Reação tardia ou ineficiente do condutor";"Colisão com objeto";"Com Vítimas Feridas";"Pleno dia";"Crescente";"Chuva";"Dupla";"Curva";"Sim";1;0;1;0;0;0;1;1;-22,49798597;-43,22878703;"SPRF-RJ";"DEL01-RJ";"UOP01-DEL01-RJ"
654851;2025-01-01;"quarta-feira";"18:50:00";"RS";448;10;"CANOAS";"Chuva";"Colisão frontal";"Com Vítimas Feridas";"Pleno dia";"Decrescente";"Chuva";"Múltipla";"Interseção de Vias;Reta";"Não";7;0;1;0;6;0;1;2;-29,903273;-51,244934;"SPRF-RS";"DEL01-RS";"UOP01-DEL01-RS"
654852;2025-01-05;"domingo";"16:20:00";"RS";386;222,5;"MORMACO";"Pedestre andava na pista";"Atropelamento de Pedestre";"Com Vítimas Feridas";"Pleno dia";"Crescente";"Céu Claro";"Simples";"Reta";"Não";5;0;1;0;4;0;1;2;-28,64112;-52,615265;"SPRF-RS";"DEL04-RS";"UOP03-DEL04-RS"
654853;2025-01-13;"segunda-feira";"13:00:00";"BA";407;230;"CAPIM GROSSO";"Transitar no Acostamento";"Colisão traseira";"Com Vítimas Feridas";"Pleno dia";"Crescente";"Nublado";"Simples";"Reta";"Sim";2;0;1;0;0;1;1;2;-11,37301196;-40,00843048;"SPRF-BA";"DEL04-BA";"UOP02-DEL04-BA"
654854;2025-01-13;"segunda-feira";"12:30:00";"PE";232;131;"CARUARU";"Ausência de reação do condutor";"Tombamento";"Com Vítimas Feridas";"Pleno dia";"Decrescente";"Nublado";"Dupla";"Reta";"Não";1;0;0;1;0;0;1;1;-8,30117613;-35,99843996;"SPRF-PE";"DEL02-PE";"UOP01-DEL02-PE"
654855;2025-01-13;"segunda-feira";"11:35:00";"RS";392;343;"SANTA MARIA";"Ausência de reação do condutor";"Capotamento";"Com Vítimas Feridas";"Pleno dia";"Decrescente";"Céu Claro";"Simples";"Reta";"Não";1;0;0;1;0;0;1;1;-29,79634608;-53,77914426;"SPRF-RS";"DEL09-RS";"UOP01-DEL09-RS"
654856;2025-01-13;"segunda-feira";"13:17:00";"SC";101;331;"TUBARAO";"Ausência de reação do condutor";"Colisão com objeto";"Sem Vítimas";"Pleno dia";"Crescente";"Céu Claro";"Dupla";"Reta;Interseção de Vias";"Sim";1;0;0;0;1;0;0;1;-28,45567521;-48,9812689;"SPRF-SC";"DEL02-SC";"UOP01-DEL02-SC"
654857;2025-01-13;"segunda-feira";"13:20:00";"GO";60;64;"ABADIANIA";"Demais falhas mecânicas ou elétricas";"Incêndio";"Sem Vítimas";"Pleno dia";"Decrescente";"Céu Claro";"Dupla";"Reta";"Não";1;0;0;0;0;1;0;1;-16,1993;-48,7348;"SPRF-GO";"DEL02-GO";"UOP01-DEL02-GO"
654858;2025-01-13;"segunda-feira";"13:30:00";"DF";60;31;"BRASILIA";"Ingestão de álcool pelo condutor";"Saída de leito carroçável";"Com Vítimas Feridas";"Pleno dia";"Decrescente";"Nublado";"Dupla";"Aclive;Curva";"Sim";1;0;1;0;0;0;1;1;-16,045682;-48,256965;"SPRF-DF";"DEL03-DF";"UOP01-DEL03-DF"
654859;2025-01-13;"segunda-feira";"11:00:00";"PI";343;24;"PARNAIBA";"Carga excessiva e/ou mal acondicionada";"Colisão com objeto";"Com Vítimas Feridas";"Pleno dia";"Decrescente";"Céu Claro";"Simples";"Reta";"Não";3;0;2;0;1;0;2;2;-3,01677;-41,768826;"SPRF-PI";"DEL05-PI";"UOP01-DEL05-PI"
654864;2025-01-13;"segunda-feira";"13:25:00";"PE";232;10,4;"JABOATAO DOS GUARARAPES";"Ausência de reação do condutor";"Saída de leito carroçável";"Com Vítimas Feridas";"Pleno dia";"Decrescente";"Nublado";"Simples";"Curva";"Sim";1;0;1;0;0;0;1;1;-8,07937718;-34,98958111;"SPRF-PE";"DEL01-PE";"UOP01-DEL01-PE"
654865;2025-01-13;"segunda-feira";"12:30:00";"MG";40;257,5;"SAO GONCALO DO ABAETE";"Ultrapassagem Indevida";"Colisão frontal";"Com Vítimas Feridas";"Pleno dia";"Crescente";"Chuva";"Simples";"Declive;Reta";"Não";6;0;1;3;2;0;4;3;-18,13657095;-45,37279299;"SPRF-MG";"DEL14-MG";"UOP02-DEL14-MG"
654866;2025-01-13;"segunda-feira";"14:16:00";"PE";232;8;"RECIFE";"Condutor deixou de manter distância do veículo da frente";"Colisão traseira";"Sem Vítimas";"Pleno dia";"Decrescente";"Céu Claro";"Múltipla";"Reta";"Sim";6;0;0;0;4;2;0;2;-8,07583727;-34,97015791;"SPRF-PE";"DEL01-PE";"UOP01-DEL01-PE"
654868;2025-01-13;"segunda-feira";"14:00:00";"PR";277;281;"PRUDENTOPOLIS";"Reação tardia ou ineficiente do condutor";"Saída de leito carroçável";"Com Vítimas Feridas";"Pleno dia";"Decrescente";"Céu Claro";"Simples";"Reta";"Não";3;0;0;1;2;0;1;1;-25,35311186;-50,92528987;"SPRF-PR";"DEL08-PR";"UOP02-DEL08-PR"
654871;2025-01-13;"segunda-feira";"13:50:00";"AL";101;79;"RIO LARGO";"Acumulo de areia ou detritos sobre o pavimento";"Tombamento";"Com Vítimas Feridas";"Pleno dia";"Crescente";"Nublado";"Simples";"Aclive;Curva";"Não";2;0;2;0;0;0;2;1;-9,440261;-35,836445;"SPRF-AL";"DEL01-AL";"UOP01-DEL01-AL"
654872;2025-01-13;"segunda-feira";"11:57:00";"RO";364;424;"JARU";"Conversão proibida";"Colisão transversal";"Com Vítimas Feridas";"Pleno dia";"Decrescente";"Céu Claro";"Simples";"Interseção de Vias;Reta";"Sim";2;0;2;0;0;0;2;2;-10,44457274;-62,46568412;"SPRF-RO";"DEL03-RO";"UOP02-DEL03-RO"
654873;2025-01-13;"segunda-feira";"14:10:00";"PI";343;316;"ALTOS";"Ausência de reação do condutor";"Colisão traseira";"Sem Vítimas";"Pleno dia";"Decrescente";"Nublado";"Simples";"Reta";"Não";2;0;0;0;2;0;0;2;-5,046231;-42,535843;"SPRF-PI";"DEL01-PI";"UOP01-DEL01-PI"
654874;2025-01-13;"segunda-feira";"15:20:00";"SC";101;199,3;"SAO JOSE";"Manobra de mudança de faixa";"Colisão traseira";"Com Vítimas Feridas";"Pleno dia";"Crescente";"Céu Claro";"Múltipla";"Reta";"Sim";3;0;0;1;2;0;1;2;-27,53413705;-48,63003205;"SPRF-SC";"DEL01-SC";"UOP01-DEL01-SC"
654875;2025-01-13;"segunda-feira";"14:10:00";"SC";116;261;"CAPAO ALTO";"Condutor deixou de manter distância do veículo da frente";"Saída de leito carroçável";"Com Vítimas Feridas";"Pleno dia";"Crescente";"Sol";"Simples";"Reta";"Não";2;0;1;0;1;0;1;1;-27,91003632;-50,44670952;"SPRF-SC";"DEL05-SC";"UOP02-DEL05-SC"
654876;2025-01-13;"segunda-feira";"15:20:00";"SP";116;219;"GUARULHOS";"Condutor deixou de manter distância do veículo da frente";"Colisão traseira";"Com Vítimas Feridas";"Pleno dia";"Decrescente";"Céu Claro";"Múltipla";"Reta";"Sim";2;0;1;0;1;0;1;2;-23,46143954;-46,48885316;"SPRF-SP";"DEL01-SP";"UOP01-DEL01-SP"
654877;2025-01-13;"segunda-feira";"15:30:00";"MG";40;665,4;"CARANDAI";"Desrespeitar a preferência no cruzamento";"Colisão transversal";"Com Vítimas Feridas";"Pleno dia";"Crescente";"Sol";"Simples";"Declive;Reta;Retorno Regulamentado";"Não";2;0;0;2;0;0;2;2;-20,94341144;-43,81008983;"SPRF-MG";"DEL05-MG";"UOP02-DEL05-MG"
654878;2025-01-13;"segunda-feira";"14:50:00";"PI";316;4,6;"TERESINA";"Ausência de reação do condutor";"Saída de leito carroçável";"Com Vítimas Feridas";"Pleno dia";"Crescente";"Sol";"Múltipla";"Reta";"Sim";1;0;1;0;0;0;1;1;-5,13655894;-42,78900388;"SPRF-PI";"DEL01-PI";"UOP02-DEL01-PI"
654879;2025-01-13;"segunda-feira";"16:00:00";"RS";386;440;"CANOAS";"Objeto estático sobre o leito carroçável";"Colisão com objeto";"Sem Vítimas";"Pleno dia";"Crescente";"Céu Claro";"Dupla";"Reta";"Não";2;0;0;0;2;0;0;1;-29,878265;-51,241951;"SPRF-RS";"DEL01-RS";"UOP01-DEL01-RS"
654882;2025-01-13;"segunda-feira";"15:44:00";"PE";101;86;"JABOATAO DOS GUARARAPES";"Reação tardia ou ineficiente do condutor";"Colisão traseira";"Com Vítimas Feridas";"Pleno dia";"Crescente";"Céu Claro";"Dupla";"Reta";"Não";2;0;0;1;1;0;1;2;-8,18470013;-34,96816895;"SPRF-PE";"DEL01-PE";"UOP01-DEL01-PE"
654884;2025-01-13;"segunda-feira";"16:25:00";"MG";50;1,5;"ARAGUARI";"Velocidade Incompatível";"Saída de leito carroçável";"Com Vítimas Feridas";"Pleno dia";"Decrescente";"Chuva";"Dupla";"Curva;Declive";"Não";3;0;2;1;0;0;3;1;-18,42982393;-48,06250588;"SPRF-MG";"DEL15-MG";"UOP02-DEL15-MG"
654886;2025-01-13;"segunda-feira";"16:50:00";"SP";116;218,7;"GUARULHOS";"Trafegar com motocicleta (ou similar) entre as faixas";"Tombamento";"Com Vítimas Feridas";"Pleno dia";"Crescente";"Nublado";"Múltipla";"Reta";"Não";1;0;1;0;0;0;1;1;-23,457972;-46,479927;"SPRF-SP";"DEL01-SP";"UOP01-DEL01-SP"
654887;2025-01-13;"segunda-feira";"14:45:00";"SC";280;23,7;"ARAQUARI";"Acessar a via sem observar a presença dos outros veículos";"Colisão transversal";"Com Vítimas Feridas";"Pleno dia";"Crescente";"Céu Claro";"Simples";"Reta;Em Obras";"Sim";2;0;0;1;1;0;1;2;-26,375622;-48,71751;"SPRF-SC";"DEL03-SC";"UOP03-DEL03-SC"
654888;2025-01-13;"segunda-feira";"16:45:00";"RJ";101;333;"RIO DE JANEIRO";"Ausência de reação do condutor";"Tombamento";"Com Vítimas Feridas";"Pleno dia";"Decrescente";"Nublado";"Dupla";"Reta";"Sim";1;0;1;0;0;0;1;1;-22,87827816;-43,21053578;"SPRF-RJ";"DEL02-RJ";"UOP01-DEL02-RJ"
654889;2025-01-13;"segunda-feira";"16:30:00";"BA";324;622;"SALVADOR";"Demais falhas mecânicas ou elétricas";"Tombamento";"Com Vítimas Feridas";"Pleno dia";"Decrescente";"Céu Claro";"Múltipla";"Reta";"Não";2;0;2;0;0;0;2;1;-12,91888605;-38,46502095;"SPRF-BA";"DEL01-BA";"UOP01-DEL01-BA"
654893;2025-01-13;"segunda-feira";"16:30:00";"PE";232;90;"SAIRE";"Reação tardia ou ineficiente do condutor";"Saída de leito carroçável";"Com Vítimas Feridas";"Pleno dia";"Decrescente";"Céu Claro";"Dupla";"Curva";"Sim";1;0;1;0;0;0;1;1;-8,21750054;-35,65820932;"SPRF-PE";"DEL02-PE";"UOP02-DEL02PE"
654894;2025-01-13;"segunda-feira";"16:00:00";"RJ";40;83;"PETROPOLIS";"Neblina";"Saída de leito carroçável";"Com Vítimas Feridas";"Pleno dia";"Crescente";"Nevoeiro/Neblina";"Dupla";"Curva";"Sim";4;0;1;0;3;0;1;1;-22,51910302;-43,22873364;"SPRF-RJ";"DEL01-RJ";"UOP01-DEL01-RJ"
654896;2025-01-13;"segunda-feira";"08:01:00";"MS";163;843;"SONORA";"Ausência de reação do condutor";"Colisão com objeto";"Sem Vítimas";"Amanhecer";"Decrescente";"Ignorado";"Simples";"Aclive";"Não";1;0;0;0;0;1;0;1;-17,54609699;-54,74124217;"SPRF-MS";"DEL06-MS";"UOP01-DEL06-MS"
654900;2025-01-13;"segunda-feira";"17:30:00";"PR";369;138,7;"IBIPORA";"Acessar a via sem observar a presença dos outros veículos";"Colisão lateral mesmo sentido";"Com Vítimas Feridas";"Pleno dia";"Decrescente";"Céu Claro";"Dupla";"Rotatória";"Sim";3;0;1;0;1;1;1;3;-23,27394026;-51,0563547;"SPRF-PR";"DEL07-PR";"UOP01-DEL07-PR"
654901;2025-01-13;"segunda-feira";"17:15:00";"RN";110;52,3;"MOSSORO";"Desrespeitar a preferência no cruzamento";"Colisão transversal";"Com Vítimas Feridas";"Anoitecer";"Crescente";"Nublado";"Simples";"Reta;Interseção de Vias";"Sim";2;0;1;0;1;0;1;2;-5,235871;-37,331882;"SPRF-RN";"DEL04-RN";"UOP01-DEL04-RN"
654903;2025-01-13;"segunda-feira";"17:00:00";"RJ";393;282;"VOLTA REDONDA";"Acessar a via sem observar a presença dos outros veículos";"Tombamento";"Com Vítimas Feridas";"Pleno dia";"Crescente";"Céu Claro";"Simples";"Interseção de Vias";"Sim";1;0;0;1;0;0;1;1;-22,48160065;-44,06308293;"SPRF-RJ";"DEL05-RJ";"UOP04-DEL05-RJ"
654905;2025-01-13;"segunda-feira";"17:30:00";"SP";116;108;"TAUBATE";"Reação tardia ou ineficiente do condutor";"Colisão traseira";"Com Vítimas Feridas";"Pleno dia";"Crescente";"Nublado";"Dupla";"Reta";"Sim";5;0;2;0;3;0;2;2;-23,0233097;-45,53763622;"SPRF-SP";"DEL02-SP";"UOP02-DEL02-SP"
654906;2025-01-13;"segunda-feira";"15:40:00";"BA";116;860;"VITORIA DA CONQUISTA";"Reação tardia ou ineficiente do condutor";"Saída de leito carroçável";"Com Vítimas Feridas";"Pleno dia";"Decrescente";"Garoa/Chuvisco";"Simples";"Reta";"Não";3;0;1;1;1;0;2;1;-15,12906573;-41,03788603;"SPRF-BA";"DEL08-BA";"UOP01-DEL08-BA"
654907;2025-01-13;"segunda-feira";"17:45:00";"PB";230;157,4;"CAMPINA GRANDE";"Acessar a via sem observar a presença dos outros veículos";"Colisão transversal";"Com Vítimas Feridas";"Anoitecer";"Crescente";"Céu Claro";"Simples";"Interseção de Vias";"Sim";3;0;1;0;1;1;1;2;-7,264;-35,9199;"SPRF-PB";"DEL02-PB";"UOP01-DEL02-PB"
654908;2025-01-13;"segunda-feira";"17:30:00";"BA";101;503;"ITABUNA";"Acessar a via sem observar a presença dos outros veículos";"Colisão lateral mesmo sentido";"Com Vítimas Feridas";"Pleno dia";"Crescente";"Sol";"Simples";"Reta";"Sim";2;0;2;0;0;0;2;2;-14,93204115;-39,30057969;"SPRF-BA";"DEL05-BA";"UOP01-DEL05-BA"
654913;2025-01-13;"segunda-feira";"17:55:00";"PR";153;42;"SANTO ANTONIO DA PLATINA";"Condutor deixou de manter distância do veículo da frente";"Colisão traseira";"Com Vítimas Feridas";"Pleno dia";"Crescente";"Céu Claro";"Simples";"Em Obras;Interseção de Vias;Reta;Rotatória";"Sim";2;0;1;0;1;0;1;2;-23,29512144;-50,06578041;"SPRF-PR";"DEL07-PR";"UOP04-DEL07-PR"
654914;2025-01-13;"segunda-feira";"18:10:00";"PR";116;117;"CURITIBA";"Reação tardia ou ineficiente do condutor";"Colisão lateral mesmo sentido";"Com Vítimas Feridas";"Anoitecer";"Crescente";"Céu Claro";"Múltipla";"Reta";"Sim";2;0;0;1;1;0;1;2;-25,557806;-49,30651;"SPRF-PR";"DEL01-PR";"UOP03-DEL01-PR"
654915;2025-01-13;"segunda-feira";"17:42:00";"PB";230;323,3;"QUIXABA";"Ultrapassagem Indevida";"Colisão frontal";"Com Vítimas Feridas";"Anoitecer";"Decrescente";"Nublado";"Simples";"Declive;Reta";"Não";4;0;2;0;2;0;2;2;-6,9823;-37,1718;"SPRF-PB";"DEL03-PB";"UOP01-DEL03-PB"
654916;2025-01-13;"segunda-feira";"07:40:00";"PI";407;470;"JAICOS";"Transitar na contramão";"Colisão frontal";"Com Vítimas Feridas";"Pleno dia";"Decrescente";"Céu Claro";"Simples";"Declive;Reta";"Não";3;0;0;1;2;0;1;2;-7,37249681;-41,14980421;"SPRF-PI";"DEL04-PI";"UOP01-DEL04-PI"
654917;2025-01-13;"segunda-feira";"17:51:00";"ES";101;66;"SAO MATEUS";"Acessar a via sem observar a presença dos outros veículos";"Colisão transversal";"Com Vítimas Feridas";"Plena Noite";"Decrescente";"Céu Claro";"Simples";"Reta;Interseção de Vias";"Sim";2;0;1;0;1;0;1;2;-18,7165195;-39,87436378;"SPRF-ES";"DEL04-ES";"UOP02-DEL04-ES"
654918;2025-01-13;"segunda-feira";"18:30:00";"ES";259;101,3;"BAIXO GUANDU";"Acessar a via sem observar a presença dos outros veículos";"Colisão transversal";"Com Vítimas Feridas";"Plena Noite";"Crescente";"Céu Claro";"Simples";"Reta";"Não";2;0;0;1;1;0;1;2;-19,52023464;-41,00239031;"SPRF-ES";"DEL02-ES";"UOP01-DEL02-ES"
654919;2025-01-13;"segunda-feira";"19:10:00";"SP";116;230;"SAO PAULO";"Ausência de reação do condutor";"Colisão traseira";"Com Vítimas Feridas";"Plena Noite";"Decrescente";"Nublado";"Múltipla";"Reta";"Sim";3;0;1;0;0;2;1;3;-23,515783;-46,578867;"SPRF-SP";"DEL01-SP";"UOP01-DEL01-SP"
654921;2025-01-12;"domingo";"21:24:00";"MA";316;549;"CAXIAS";"Reação tardia ou ineficiente do condutor";"Atropelamento de Pedestre";"Com Vítimas Feridas";"Pleno dia";"Decrescente";"Céu Claro";"Simples";"Reta";"Sim";2;0;2;0;0;0;2;2;-4,887895;-43,371475;"SPRF-MA";"DEL03-MA";"UOP02-DEL03-MA"
654922;2025-01-13;"segunda-feira";"17:40:00";"PR";277;116;"CAMPO LARGO";"Ausência de reação do condutor";"Atropelamento de Pedestre";"Com Vítimas Feridas";"Pleno dia";"Crescente";"Céu Claro";"Dupla";"Reta";"Não";2;0;0;2;0;0;2;2;-25,43342542;-49,40593292;"SPRF-PR";"DEL03-PR";"UOP03-DEL03-PR"
654923;2025-01-13;"segunda-feira";"17:00:00";"MT";163;75,6;"RONDONOPOLIS";"Acumulo de água sobre o pavimento";"Saída de leito carroçável";"Com Vítimas Feridas";"Anoitecer";"Decrescente";"Chuva";"Dupla";"Reta";"Não";3;0;1;0;2;0;1;1;-16,85962499;-54,70777273;"SPRF-MT";"DEL02-MT";"UOP03-DEL02-MT"
654924;2025-01-13;"segunda-feira";"19:20:00";"PB";230;18;"JOAO PESSOA";"Condutor deixou de manter distância do veículo da frente";"Colisão traseira";"Com Vítimas Feridas";"Plena Noite";"Decrescente";"Céu Claro";"Dupla";"Reta";"Sim";3;0;2;0;0;1;2;2;-7,1198;-34,8453;"SPRF-PB";"DEL01-PB";"UOP01-DEL01-PB"
654925;2025-01-13;"segunda-feira";"18:22:00";"PB";230;75,9;"RIACHAO DO POCO";"Transitar no Acostamento";"Colisão frontal";"Com Vítimas Feridas";"Plena Noite";"Decrescente";"Nublado";"Dupla";"Reta";"Não";2;0;1;1;0;0;2;2;-7,18710406;-35,28706312;"SPRF-PB";"DEL01-PB";"UOP02-DEL01-PB"
654927;2025-01-05;"domingo";"12:26:00";"PR";277;517,9;"GUARANIACU";"Acessar a via sem observar a presença dos outros veículos";"Colisão transversal";"Com Vítimas Feridas";"Pleno dia";"Decrescente";"Céu Claro";"Simples";"Reta;Declive";"Sim";3;0;1;0;1;1;1;2;-25,10981087;-52,85352945;"SPRF-PR";"DEL04-PR";"UOP04-DEL04-PR"
654930;2025-01-13;"segunda-feira";"20:25:00";"SP";101;16,7;"UBATUBA";"Acessar a via sem observar a presença dos outros veículos";"Colisão transversal";"Com Vítimas Feridas";"Plena Noite";"Crescente";"Céu Claro";"Simples";"Aclive;Reta";"Não";2;0;1;0;1;0;1;2;-23,32700315;-44,88452224;"SPRF-SP";"DEL06-SP";"UOP01-DEL06-SP"
654931;2025-01-13;"segunda-feira";"19:00:00";"RS";285;221,2;"CASEIROS";"Ultrapassagem Indevida";"Colisão frontal";"Com Vítimas Feridas";"Anoitecer";"Decrescente";"Céu Claro";"Simples";"Reta";"Não";5;0;4;1;0;0;5;2;-28,256794;-51,710686;"SPRF-RS";"DEL08-RS";"UOP05-DEL08-RS"
654932;2025-01-13;"segunda-feira";"19:25:00";"RN";304;39;"MOSSORO";"Pedestre andava na pista";"Atropelamento de Pedestre";"Com Vítimas Feridas";"Plena Noite";"Decrescente";"Céu Claro";"Simples";"Reta";"Sim";2;0;0;1;0;1;1;2;-5,18846685;-37,37410298;"SPRF-RN";"DEL04-RN";"UOP02-DEL04-RN"
654935;2025-01-13;"segunda-feira";"21:38:00";"SP";116;225;"GUARULHOS";"Acessar a via sem observar a presença dos outros veículos";"Colisão transversal";"Com Vítimas Feridas";"Plena Noite";"Decrescente";"Céu Claro";"Múltipla";"Reta";"Sim";2;0;1;0;1;0;1;2;-23,48586772;-46,54075317;"SPRF-SP";"DEL01-SP";"UOP01-DEL01-SP"
654936;2025-01-13;"segunda-feira";"21:01:00";"RJ";393;278,4;"BARRA DO PIRAI";"Reação tardia ou ineficiente do condutor";"Tombamento";"Sem Vítimas";"Plena Noite";"Crescente";"Céu Claro";"Simples";"Reta";"Não";1;0;0;0;1;0;0;1;-22,480533;-44,035039;"SPRF-RJ";"DEL05-RJ";"UOP04-DEL05-RJ"