"id";"data_inversa";"dia_semana";"horario";"uf";"br";"km";"municipio";"causa_acidente";"tipo_acidente";"classificacao_acidente";"fase_dia";"sentido_via";"condicao_metereologica";"tipo_pista";"tracado_via";"uso_solo";"pessoas";"mortos";"feridos_leves";"feridos_graves";"ilesos";"ignorados";"feridos";"veiculos";"latitude";"longitude";"regional";"delegacia";"uop"
655052;2025-01-14;"terça-feira";"13:30:00";"RJ";101;54;"CAMPOS DOS GOYTACAZES";"Acessar a via sem observar a presença dos outros veículos";"Colisão transversal";"Com Vítimas Feridas";"Pleno dia";"Decrescente";"Garoa/Chuvisco";"Simples";"Declive;Reta";"Sim";3;0;2;0;1;0;2;2;-21,669741;-41,311119;"SPRF-RJ";"DEL08-RJ";"UOP01-DEL08-RJ"
655053;2025-01-14;"terça-feira";"07:55:00";"BA";367;84;"EUNAPOLIS";"Reação tardia ou ineficiente do condutor";"Tombamento";"Com Vítimas Feridas";"Pleno dia";"Decrescente";"Garoa/Chuvisco";"Simples";"Curva";"Sim";1;0;0;1;0;0;1;1;-16,37465;-39,579426;"SPRF-BA";"DEL09-BA";"UOP03-DEL09-BA"
655054;2025-01-14;"terça-feira";"12:50:00";"MG";40;618,7;"CONGONHAS";"Velocidade Incompatível";"Saída de leito carroçável";"Com Vítimas Feridas";"Pleno dia";"Decrescente";"Chuva";"Simples";"Aclive;Reta";"Sim";1;0;1;0;0;0;1;1;-20,5615888;-43,81227278;"SPRF-MG";"DEL05-MG";"UOP02-DEL05-MG"
655056;2025-01-14;"terça-feira";"12:50:00";"SP";116;282;"EMBU DAS ARTES";"Velocidade Incompatível";"Queda de ocupante de veículo";"Com Vítimas Feridas";"Pleno dia";"Decrescente";"Nublado";"Dupla";"Reta";"Sim";2;0;1;0;1;0;1;1;-23,68570216;-46,85970975;"SPRF-SP";"DEL04-SP";"UOP01-DEL04-SP"
655057;2025-01-14;"terça-feira";"14:40:00";"TO";153;334;"GUARAI";"Acessar a via sem observar a presença dos outros veículos";"Colisão transversal";"Com Vítimas Feridas";"Pleno dia";"Crescente";"Garoa/Chuvisco";"Dupla";"Interseção de Vias";"Sim";2;0;1;0;1;0;1;2;-8,835718;-48,512123;"SPRF-TO";"DEL02-TO";"UOP02-DEL02-TO"
655059;2025-01-14;"terça-feira";"14:20:00";"ES";101;206,5;"JOAO NEIVA";"Reação tardia ou ineficiente do condutor";"Colisão com objeto";"Com Vítimas Feridas";"Pleno dia";"Decrescente";"Chuva";"Simples";"Curva;Declive";"Não";3;0;1;0;2;0;1;1;-19,76435421;-40,37263919;"SPRF-ES";"DEL02-ES";"UOP01-DEL02-ES"
655060;2025-01-14;"terça-feira";"13:01:00";"RJ";116;187;"NOVA IGUACU";"Demais falhas mecânicas ou elétricas";"Tombamento";"Com Vítimas Feridas";"Pleno dia";"Crescente";"Céu Claro";"Dupla";"Reta";"Não";2;0;2;0;0;0;2;1;-22,73883756;-43,47245197;"SPRF-RJ";"DEL06-RJ";"UOP01-DEL06-RJ"
655061;2025-01-14;"terça-feira";"12:31:00";"MT";70;540;"NOSSA SENHORA DO LIVRAMENTO";"Ausência de reação do condutor";"Colisão traseira";"Com Vítimas Feridas";"Pleno dia";"Decrescente";"Nublado";"Simples";"Reta";"Não";3;0;1;0;2;0;1;2;-15,679148;-56,297332;"SPRF-MT";"DEL03-MT";"UOP02-DEL03-MT"
655062;2025-01-14;"terça-feira";"11:20:00";"PI";135;297,2;"CRISTINO CASTRO";"Acesso irregular";"Colisão transversal";"Com Vítimas Feridas";"Pleno dia";"Crescente";"Nublado";"Simples";"Reta";"Não";5;0;1;2;1;1;3;3;-8,69779185;-44,08943712;"SPRF-PI";"DEL03-PI";"UOP02-DEL03-PI"
655065;2025-01-14;"terça-feira";"12:50:00";"GO";153;424,4;"ANAPOLIS";"Avarias e/ou desgaste excessivo no pneu";"Saída de leito carroçável";"Com Vítimas Feridas";"Pleno dia";"Decrescente";"Chuva";"Dupla";"Reta";"Não";2;0;1;0;1;0;1;1;-16,22593443;-49,01092172;"SPRF-GO";"DEL02-GO";"UOP01-DEL02-GO"
655066;2025-01-14;"terça-feira";"13:10:00";"RJ";116;201;"QUEIMADOS";"Animais na Pista";"Colisão traseira";"Com Vítimas Feridas";"Pleno dia";"Crescente";"Nublado";"Dupla";"Reta";"Não";3;0;0;1;2;0;1;3;-22,73124742;-43,60364806;"SPRF-RJ";"DEL06-RJ";"UOP02-DEL06-RJ"
655067;2025-01-14;"terça-feira";"15:20:00";"MG";40;462;"SETE LAGOAS";"Acumulo de água sobre o pavimento";"Saída de leito carroçável";"Com Vítimas Feridas";"Pleno dia";"Decrescente";"Chuva";"Dupla";"Aclive;Reta";"Não";4;0;2;0;2;0;2;1;-19,4136917;-44,33879427;"SPRF-MG";"DEL02-MG";"UOP01-DEL02-MG"
655069;2025-01-14;"terça-feira";"15:15:00";"PR";277;724,2;"FOZ DO IGUACU";"Manobra de mudança de faixa";"Colisão lateral mesmo sentido";"Com Vítimas Feridas";"Pleno dia";"Decrescente";"Nublado";"Dupla";"Reta";"Sim";2;0;1;0;1;0;1;2;-25,500379;-54,533312;"SPRF-PR";"DEL05-PR";"UOP03-DEL05-PR"
655071;2025-01-14;"terça-feira";"15:50:00";"MG";40;457,5;"CAETANOPOLIS";"Avarias e/ou desgaste excessivo no pneu";"Saída de leito carroçável";"Com Vítimas Feridas";"Pleno dia";"Crescente";"Chuva";"Dupla";"Reta";"Não";2;0;2;0;0;0;2;1;-19,371466;-44,336132;"SPRF-MG";"DEL02-MG";"UOP01-DEL02-MG"
655076;2025-01-14;"terça-feira";"15:50:00";"PR";116;201,8;"RIO NEGRO";"Velocidade Incompatível";"Colisão traseira";"Com Vítimas Feridas";"Pleno dia";"Decrescente";"Céu Claro";"Simples";"Aclive;Reta";"Não";3;0;2;0;1;0;2;2;-26,05781226;-49,72690791;"SPRF-SC";"DEL06-SC";"UOP01-DEL06-SC"
655077;2025-01-14;"terça-feira";"14:49:00";"PE";101;60,4;"RECIFE";"Trafegar com motocicleta (ou similar) entre as faixas";"Colisão lateral mesmo sentido";"Com Vítimas Feridas";"Pleno dia";"Decrescente";"Céu Claro";"Dupla";"Reta";"Sim";3;0;0;1;2;0;1;2;-7,98344307;-34,93176727;"SPRF-PE";"DEL01-PE";"UOP02-DEL01-PE"
655078;2025-01-14;"terça-feira";"15:55:00";"SC";101;195;"BIGUACU";"Reação tardia ou ineficiente do condutor";"Colisão lateral mesmo sentido";"Com Vítimas Feridas";"Pleno dia";"Decrescente";"Céu Claro";"Múltipla";"Reta";"Sim";3;0;2;0;1;0;2;2;-27,5047092;-48,65010819;"SPRF-SC";"DEL01-SC";"UOP01-DEL01-SC"
655081;2025-01-14;"terça-feira";"14:20:00";"SE";101;199;"CRISTINAPOLIS";"Ausência de reação do condutor";"Colisão transversal";"Com Vítimas Feridas";"Pleno dia";"Decrescente";"Chuva";"Simples";"Reta";"Sim";2;0;1;0;0;1;1;2;-11,48067309;-37,76331995;"SPRF-SE";"DEL02-SE";"UOP03-DEL02-SE"
655083;2025-01-14;"terça-feira";"16:00:00";"RS";116;268;"CANOAS";"Ausência de reação do condutor";"Colisão com objeto";"Com Vítimas Feridas";"Pleno dia";"Decrescente";"Céu Claro";"Dupla";"Reta";"Sim";1;0;1;0;0;0;1;1;-29,95651131;-51,1760498;"SPRF-RS";"DEL01-RS";"UOP01-DEL01-RS"
655084;2025-01-14;"terça-feira";"16:35:00";"PE";101;69;"RECIFE";"Ausência de reação do condutor";"Saída de leito carroçável";"Com Vítimas Feridas";"Pleno dia";"Crescente";"Nublado";"Dupla";"Reta";"Não";1;0;1;0;0;0;1;1;-8,05951606;-34,94581024;"SPRF-PE";"DEL01-PE";"UOP01-DEL01-PE"
655085;2025-01-14;"terça-feira";"17:10:00";"SP";116;449,7;"REGISTRO";"Afundamento ou ondulação no pavimento";"Queda de ocupante de veículo";"Com Vítimas Feridas";"Pleno dia";"Decrescente";"Céu Claro";"Dupla";"Reta";"Não";1;0;1;0;0;0;1;1;-24,52913591;-47,85619324;"SPRF-SP";"DEL05-SP";"UOP01-DEL05-SP"
655086;2025-01-14;"terça-feira";"16:45:00";"ES";101;262,9;"SERRA";"Trafegar com motocicleta (ou similar) entre as faixas";"Colisão lateral mesmo sentido";"Com Vítimas Feridas";"Pleno dia";"Decrescente";"Nublado";"Dupla";"Reta;Declive";"Sim";2;0;1;0;1;0;1;2;-20,166139;-40,272574;"SPRF-ES";"DEL02-ES";"UOP01-DEL02-ES"
655087;2025-01-14;"terça-feira";"15:10:00";"RJ";40;112;"DUQUE DE CAXIAS";"Ultrapassagem Indevida";"Colisão lateral mesmo sentido";"Com Vítimas Feridas";"Pleno dia";"Decrescente";"Céu Claro";"Dupla";"Reta";"Sim";3;0;2;0;1;0;2;2;-22,7004454;-43,29014851;"SPRF-RJ";"DEL01-RJ";"UOP02-DEL01-RJ"
655088;2025-01-14;"terça-feira";"17:00:00";"DF";60;28,4;"BRASILIA";"Acumulo de água sobre o pavimento";"Colisão com objeto";"Com Vítimas Feridas";"Pleno dia";"Crescente";"Chuva";"Dupla";"Aclive;Curva";"Não";2;0;2;0;0;0;2;1;-16,020638;-48,250832;"SPRF-DF";"DEL03-DF";"UOP01-DEL03-DF"
655091;2025-01-14;"terça-feira";"12:30:00";"PI";135;401;"REDENCAO DO GURGUEIA";"Reação tardia ou ineficiente do condutor";"Saída de leito carroçável";"Com Vítimas Feridas";"Pleno dia";"Crescente";"Chuva";"Simples";"Curva;Declive";"Não";31;0;6;0;7;18;6;1;-9,41075383;-44,59663522;"SPRF-PI";"DEL03-PI";"UOP02-DEL03-PI"
655092;2025-01-14;"terça-feira";"17:40:00";"RN";406;167;"SAO GONCALO DO AMARANTE";"Acessar a via sem observar a presença dos outros veículos";"Colisão transversal";"Com Vítimas Feridas";"Anoitecer";"Crescente";"Céu Claro";"Simples";"Reta";"Sim";2;0;0;1;1;0;1;2;-5,75210586;-35,31647444;"SPRF-RN";"DEL02-RN";"UOP01-DEL02-RN"
655093;2025-01-14;"terça-feira";"17:45:00";"GO";40;3;"VALPARAISO DE GOIAS";"Reação tardia ou ineficiente do condutor";"Colisão traseira";"Com Vítimas Feridas";"Pleno dia";"Decrescente";"Nublado";"Dupla";"Viaduto;Reta";"Sim";2;0;1;0;1;0;1;2;-16,076081;-47,985671;"SPRF-DF";"DEL01-DF";"UOP01-DEL01-DF"
655094;2025-01-14;"terça-feira";"12:45:00";"MG";381;620;"OLIVEIRA";"Velocidade Incompatível";"Saída de leito carroçável";"Com Vítimas Feridas";"Pleno dia";"Decrescente";"Chuva";"Dupla";"Curva";"Não";2;0;1;0;1;0;1;1;-20,78558012;-44,78578864;"SPRF-MG";"DEL04-MG";"UOP01-DEL04-MG"
655095;2025-01-14;"terça-feira";"12:20:00";"SC";280;304,1;"PORTO UNIAO";"Acessar a via sem observar a presença dos outros veículos";"Colisão transversal";"Com Vítimas Feridas";"Pleno dia";"Decrescente";"Céu Claro";"Simples";"Reta";"Sim";3;0;0;1;2;0;1;2;-26,27999553;-51,05063229;"SPRF-SC";"DEL06-SC";"UOP04-DEL06-SC"
655096;2025-01-14;"terça-feira";"06:30:00";"MG";251;472;"FRANCISCO SA";"Pista Escorregadia";"Colisão lateral sentido oposto";"Sem Vítimas";"Amanhecer";"Decrescente";"Chuva";"Simples";"Declive;Reta";"Sim";2;0;0;0;2;0;0;2;-16,4669101;-43,43947986;"SPRF-MG";"DEL12-MG";"UOP01-DEL12-MG"
655098;2025-01-14;"terça-feira";"18:15:00";"PB";230;9,9;"CABEDELO";"Demais falhas na via";"Tombamento";"Com Vítimas Feridas";"Plena Noite";"Crescente";"Chuva";"Dupla";"Reta";"Sim";2;0;2;0;0;0;2;1;-7,0433;-34,8466;"SPRF-PB";"DEL01-PB";"UOP01-DEL01-PB"
655099;2025-01-14;"terça-feira";"18:00:00";"SP";116;51,1;"LORENA";"Acumulo de água sobre o pavimento";"Queda de ocupante de veículo";"Com Vítimas Feridas";"Anoitecer";"Crescente";"Garoa/Chuvisco";"Simples";"Aclive;Curva;Viaduto";"Sim";1;0;1;0;0;0;1;1;-22,74238541;-45,09179592;"SPRF-SP";"DEL08-SP";"UOP02-DEL08-SP"
655100;2025-01-14;"terça-feira";"17:15:00";"PR";277;669;"MEDIANEIRA";"Acessar a via sem observar a presença dos outros veículos";"Saída de leito carroçável";"Sem Vítimas";"Pleno dia";"Decrescente";"Chuva";"Dupla";"Reta";"Sim";1;0;0;0;1;0;0;1;-25,27562214;-54,0709859;"SPRF-PR";"DEL05-PR";"UOP02-DEL05-PR"
655102;2025-01-14;"terça-feira";"18:20:00";"SC";101;193;"BIGUACU";"Condutor deixou de manter distância do veículo da frente";"Engavetamento";"Com Vítimas Feridas";"Anoitecer";"Decrescente";"Céu Claro";"Múltipla";"Reta;Ponte";"Sim";5;0;1;0;4;0;1;5;-27,489574;-48,655914;"SPRF-SC";"DEL01-SC";"UOP01-DEL01-SC"
655103;2025-01-14;"terça-feira";"16:00:00";"MG";381;380;"SAO GONCALO DO RIO ABAIXO";"Condutor Dormindo";"Colisão frontal";"Com Vítimas Feridas";"Pleno dia";"Decrescente";"Céu Claro";"Simples";"Reta;Aclive";"Não";7;0;5;0;2;0;5;2;-19,82692046;-43,38405945;"SPRF-MG";"DEL01-MG";"UOP01-DEL01-MG"
655104;2025-01-14;"terça-feira";"17:45:00";"SP";153;62,3;"SAO JOSE DO RIO PRETO";"Reação tardia ou ineficiente do condutor";"Colisão traseira";"Com Vítimas Feridas";"Pleno dia";"Crescente";"Céu Claro";"Dupla";"Aclive;Reta";"Sim";2;0;1;0;1;0;1;2;-20,81325404;-49,35675563;"SPRF-SP";"DEL09-SP";"UOP01-DEL09-SP"
655107;2025-01-14;"terça-feira";"18:30:00";"PR";373;172;"PONTA GROSSA";"Manobra de mudança de faixa";"Colisão lateral mesmo sentido";"Com Vítimas Feridas";"Anoitecer";"Crescente";"Nublado";"Múltipla";"Reta";"Sim";3;0;1;0;1;1;1;3;-25,08139932;-50,19200981;"SPRF-PR";"DEL03-PR";"UOP01-DEL03-PR"
655108;2025-01-14;"terça-feira";"19:25:00";"SC";101;237,7;"PALHOCA";"Trafegar com motocicleta (ou similar) entre as faixas";"Colisão lateral mesmo sentido";"Com Vítimas Feridas";"Plena Noite";"Decrescente";"Céu Claro";"Dupla";"Reta";"Não";2;0;1;0;1;0;1;2;-27,83490593;-48,63077716;"SPRF-SC";"DEL01-SC";"UOP02-DEL01-SC"
655109;2025-01-14;"terça-feira";"18:35:00";"CE";116;372,8;"ICO";"Ausência de reação do condutor";"Colisão traseira";"Com Vítimas Feridas";"Plena Noite";"Crescente";"Céu Claro";"Simples";"Reta";"Sim";4;0;1;1;0;2;2;3;-6,37861604;-38,80975697;"SPRF-CE";"DEL05-CE";"UOP01-DEL05-CE"
655110;2025-01-14;"terça-feira";"18:34:00";"PA";316;44;"SANTA IZABEL DO PARA";"Demais falhas mecânicas ou elétricas";"Tombamento";"Com Vítimas Feridas";"Anoitecer";"Decrescente";"Ignorado";"Dupla";"Reta";"Não";2;0;1;0;1;0;1;1;-1,27592647;-48,08710906;"SPRF-PA";"DEL01-PA";"UOP01-DEL01-PA"
655112;2025-01-14;"terça-feira";"19:00:00";"GO";364;386;"SANTA RITA DO ARAGUAIA";"Acessar a via sem observar a presença dos outros veículos";"Colisão transversal";"Com Vítimas Feridas";"Plena Noite";"Decrescente";"Céu Claro";"Dupla";"Interseção de Vias;Reta;Retorno Regulamentado";"Sim";2;0;1;0;0;1;1;2;-17,321859;-53,209393;"SPRF-GO";"DEL05-GO";"UOP01-DEL05-GO"
655113;2025-01-14;"terça-feira";"16:05:00";"MG";262;437,1;"NOVA SERRANA";"Chuva";"Saída de leito carroçável";"Com Vítimas Feridas";"Pleno dia";"Crescente";"Chuva";"Dupla";"Curva";"Não";1;0;0;1;0;0;1;1;-19,89622194;-44,86972815;"SPRF-MG";"DEL08-MG";"UOP03-DEL08-MG"
655114;2025-01-14;"terça-feira";"19:00:00";"GO";153;495;"GOIANIA";"Ultrapassagem Indevida";"Colisão transversal";"Sem Vítimas";"Plena Noite";"Crescente";"Chuva";"Dupla";"Reta;Aclive";"Sim";2;0;0;0;1;1;0;2;-16,6681;-49,2263;"SPRF-GO";"DEL01-GO";"UOP01-DEL01-GO"
655115;2025-01-14;"terça-feira";"16:00:00";"RN";226;324,7;"MESSIAS TARGINO";"Acessar a via sem observar a presença dos outros veículos";"Colisão transversal";"Com Vítimas Feridas";"Pleno dia";"Decrescente";"Céu Claro";"Simples";"Reta";"Sim";2;0;1;1;0;0;2;2;-6,07589649;-37,51931906;"SPRF-RN";"DEL04-RN";"UOP01-DEL04-RN"
655117;2025-01-10;"sexta-feira";"07:10:00";"PR";163;9;"BARRACAO";"Velocidade Incompatível";"Colisão com objeto";"Sem Vítimas";"Pleno dia";"Decrescente";"Céu Claro";"Simples";"Interseção de Vias;Rotatória";"Sim";1;0;0;0;1;0;0;1;-26,25172639;-53,63581365;"SPRF-PR";"DEL02-PR";"UOP02-DEL02-PR"
655118;2025-01-14;"terça-feira";"19:35:00";"RN";101;83;"SAO GONCALO DO AMARANTE";"Reação tardia ou ineficiente do condutor";"Colisão traseira";"Com Vítimas Feridas";"Plena Noite";"Decrescente";"Céu Claro";"Dupla";"Reta";"Sim";2;0;1;0;1;0;1;2;-5,7710445;-35,26616981;"SPRF-RN";"DEL02-RN";"UOP01-DEL02-RN"
655119;2025-01-14;"terça-feira";"19:19:00";"MS";163;681;"RIO VERDE DE MATO GROSSO";"Acessar a via sem observar a presença dos outros veículos";"Colisão transversal";"Com Vítimas Feridas";"Plena Noite";"Crescente";"Céu Claro";"Simples";"Interseção de Vias";"Sim";6;0;1;0;5;0;1;2;-18,91578008;-54,83862738;"SPRF-MS";"DEL06-MS";"UOP02-DEL06-MS"
655120;2025-01-14;"terça-feira";"17:20:00";"MG";116;408;"GOVERNADOR VALADARES";"Pista Escorregadia";"Tombamento";"Com Vítimas Feridas";"Anoitecer";"Decrescente";"Chuva";"Simples";"Reta";"Sim";2;0;2;0;0;0;2;1;-18,84221919;-41,98289416;"SPRF-MG";"DEL06-MG";"UOP01-DEL06-MG"
655121;2025-01-14;"terça-feira";"19:15:00";"CE";116;6;"FORTALEZA";"Manobra de mudança de faixa";"Colisão traseira";"Com Vítimas Feridas";"Plena Noite";"Decrescente";"Chuva";"Múltipla";"Reta";"Sim";2;0;2;0;0;0;2;2;-3,802624;-38,50400499;"SPRF-CE";"DEL01-CE";"UOP02-DEL01-CE"
655122;2025-01-14;"terça-feira";"17:30:00";"PE";428;186;"PETROLINA";"Reação tardia ou ineficiente do condutor";"Colisão traseira";"Com Vítimas Feridas";"Anoitecer";"Crescente";"Céu Claro";"Dupla";"Reta";"Sim";2;0;1;0;1;0;1;2;-9,34807826;-40,47441248;"SPRF-PE";"DEL06-PE";"UOP01-DEL06-PE"
655123;2025-01-14;"terça-feira";"20:30:00";"GO";40;3;"VALPARAISO DE GOIAS";"Condutor deixou de manter distância do veículo da frente";"Colisão traseira";"Com Vítimas Feridas";"Plena Noite";"Crescente";"Céu Claro";"Dupla";"Reta";"Sim";2;0;1;0;0;1;1;2;-16,076081;-47,985671;"SPRF-DF";"DEL01-DF";"UOP01-DEL01-DF"
655124;2025-01-14;"terça-feira";"20:30:00";"PB";230;18,2;"JOAO PESSOA";"Ausência de reação do condutor";"Colisão traseira";"Com Vítimas Feridas";"Plena Noite";"Decrescente";"Céu Claro";"Dupla";"Viaduto;Reta;Aclive";"Sim";3;0;1;0;2;0;1;2;-7,1198;-34,8453;"SPRF-PB";"DEL01-PB";"UOP01-DEL01-PB"
655126;2025-01-14;"terça-feira";"20:40:00";"GO";153;518;"HIDROLANDIA";"Manobra de mudança de faixa";"Colisão traseira";"Com Vítimas Feridas";"Plena Noite";"Crescente";"Chuva";"Dupla";"Reta;Aclive";"Não";3;0;0;2;1;0;2;2;-16,8581;-49,2488;"SPRF-GO";"DEL01-GO";"UOP03-DEL01-GO"
655127;2025-01-14;"terça-feira";"19:50:00";"PR";277;497,7;"GUARANIACU";"Condutor deixou de manter distância do veículo da frente";"Colisão traseira";"Com Vítimas Feridas";"Plena Noite";"Crescente";"Chuva";"Simples";"Aclive;Reta";"Não";2;0;1;0;1;0;1;2;-25,1792322;-52,66906541;"SPRF-PR";"DEL04-PR";"UOP04-DEL04-PR"
655128;2025-01-14;"terça-feira";"19:40:00";"SC";163;109,2;"GUARUJA DO SUL";"Avarias e/ou desgaste excessivo no pneu";"Saída de leito carroçável";"Com Vítimas Feridas";"Plena Noite";"Decrescente";"Chuva";"Simples";"Aclive;Curva";"Não";1;0;0;1;0;0;1;1;-26,40992;-53,522137;"SPRF-SC";"DEL07-SC";"UOP03-DEL07-SC"
655129;2025-01-14;"terça-feira";"21:00:00";"PE";407;123;"PETROLINA";"Transitar na contramão";"Colisão frontal";"Com Vítimas Feridas";"Plena Noite";"Crescente";"Nublado";"Simples";"Reta;Em Obras";"Sim";2;0;1;0;0;1;1;2;-9,36149178;-40,54594462;"SPRF-PE";"DEL06-PE";"UOP01-DEL06-PE"
655130;2025-01-14;"terça-feira";"18:50:00";"SC";282;1;"FLORIANOPOLIS";"Reação tardia ou ineficiente do condutor";"Colisão lateral mesmo sentido";"Com Vítimas Feridas";"Anoitecer";"Crescente";"Nublado";"Múltipla";"Reta";"Sim";2;0;1;0;1;0;1;2;-27,602955;-48,580509;"SPRF-SC";"DEL01-SC";"UOP01-DEL01-SC"
655131;2025-01-14;"terça-feira";"19:00:00";"RS";153;407;"CACHOEIRA DO SUL";"Acessar a via sem observar a presença dos outros veículos";"Colisão transversal";"Com Vítimas Feridas";"Anoitecer";"Decrescente";"Céu Claro";"Dupla";"Reta;Interseção de Vias";"Sim";2;0;1;1;0;0;2;2;-30,02195224;-52,9175806;"SPRF-RS";"DEL02-RS";"UOP03-DEL02-RS"
655132;2025-01-14;"terça-feira";"18:20:00";"PB";230;433,9;"POMBAL";"Ausência de reação do condutor";"Saída de leito carroçável";"Sem Vítimas";"Plena Noite";"Decrescente";"Chuva";"Simples";"Reta";"Não";1;0;0;0;0;1;0;1;-6,7474;-37,9762;"SPRF-PB";"DEL03-PB";"UOP02-DEL03-PB"
655137;2025-01-14;"terça-feira";"22:15:00";"SC";101;48;"JOINVILLE";"Ingestão de álcool pelo condutor";"Saída de leito carroçável";"Sem Vítimas";"Plena Noite";"Decrescente";"Céu Claro";"Dupla";"Reta";"Não";1;0;0;0;1;0;0;1;-26,37626097;-48,853755;"SPRF-SC";"DEL03-SC";"UOP01-DEL03-SC"
655138;2025-01-14;"terça-feira";"22:30:00";"PB";230;138,3;"CAMPINA GRANDE";"Animais na Pista";"Atropelamento de Animal";"Com Vítimas Feridas";"Plena Noite";"Decrescente";"Céu Claro";"Dupla";"Reta";"Não";2;0;2;0;0;0;2;1;-7,2755;-35,7831;"SPRF-PB";"DEL02-PB";"UOP01-DEL02-PB"
655139;2025-01-14;"terça-feira";"21:41:00";"CE";230;81;"VARZEA ALEGRE";"Pedestre andava na pista";"Atropelamento de Pedestre";"Com Vítimas Fatais";"Plena Noite";"Crescente";"Chuva";"Simples";"Reta";"Sim";2;1;0;0;1;0;0;2;-6,7922524;-39,3079452;"SPRF-CE";"DEL05-CE";"UOP01-DEL05-CE"
655140;2025-01-14;"terça-feira";"20:00:00";"MT";163;805;"SINOP";"Reação tardia ou ineficiente do condutor";"Colisão traseira";"Com Vítimas Feridas";"Plena Noite";"Crescente";"Céu Claro";"Simples";"Reta";"Não";2;0;0;1;1;0;1;2;-12,12869;-55,515465;"SPRF-MT";"DEL06-MT";"UOP02-DEL06-MT"
655144;2025-01-14;"terça-feira";"20:00:00";"MT";174;405;"NOVA LACERDA";"Animais na Pista";"Atropelamento de Animal";"Com Vítimas Feridas";"Plena Noite";"Decrescente";"Nublado";"Simples";"Reta";"Não";2;0;0;2;0;0;2;1;-14,35546098;-59,65409089;"SPRF-MT";"DEL04-MT";"UOP02-DEL04-MT"
655145;2025-01-14;"terça-feira";"22:40:00";"RO";364;516;"ARIQUEMES";"Reação tardia ou ineficiente do condutor";"Saída de leito carroçável";"Com Vítimas Feridas";"Plena Noite";"Decrescente";"Chuva";"Dupla";"Reta";"Sim";1;0;0;1;0;0;1;1;-9,915961;-63,05532;"SPRF-RO";"DEL03-RO";"UOP01-DEL03-RO"
655148;2025-01-15;"quarta-feira";"02:00:00";"MG";365;68,5;"JEQUITAI";"Condutor Dormindo";"Colisão frontal";"Com Vítimas Feridas";"Plena Noite";"Crescente";"Chuva";"Simples";"Curva";"Não";6;0;2;4;0;0;6;2;-17,06346094;-44,3372752;"SPRF-MG";"DEL12-MG";"UOP01-DEL12-MG"
655149;2025-01-15;"quarta-feira";"02:00:00";"PR";369;138;"IBIPORA";"Acessar a via sem observar a presença dos outros veículos";"Colisão transversal";"Com Vítimas Feridas";"Plena Noite";"Crescente";"Céu Claro";"Simples";"Reta";"Sim";2;0;0;1;1;0;1;2;-23,27097656;-51,04818821;"SPRF-PR";"DEL07-PR";"UOP01-DEL07-PR"
655150;2025-01-15;"quarta-feira";"01:30:00";"RJ";40;97;"PETROPOLIS";"Reação tardia ou ineficiente do condutor";"Queda de ocupante de veículo";"Com Vítimas Feridas";"Plena Noite";"Decrescente";"Chuva";"Dupla";"Reta";"Não";1;0;1;0;0;0;1;1;-22,57356181;-43,27802893;"SPRF-RJ";"DEL01-RJ";"UOP01-DEL01-RJ"
655151;2025-01-15;"quarta-feira";"02:10:00";"SP";116;113,3;"TAUBATE";"Problema com o freio";"Colisão com objeto";"Com Vítimas Feridas";"Plena Noite";"Decrescente";"Céu Claro";"Dupla";"Reta";"Sim";1;0;1;0;0;0;1;1;-23,0440828;-45,58041405;"SPRF-SP";"DEL02-SP";"UOP02-DEL02-SP"
655152;2025-01-15;"quarta-feira";"00:27:00";"RN";110;35,4;"MOSSORO";"Animais na Pista";"Atropelamento de Animal";"Com Vítimas Feridas";"Plena Noite";"Decrescente";"Nublado";"Simples";"Reta";"Não";1;0;1;0;0;0;1;1;-5,16806008;-37,22635297;"SPRF-RN";"DEL04-RN";"UOP01-DEL04-RN"
655153;2025-01-15;"quarta-feira";"03:30:00";"ES";101;205,1;"JOAO NEIVA";"Chuva";"Atropelamento de Pedestre";"Com Vítimas Feridas";"Plena Noite";"Decrescente";"Chuva";"Simples";"Reta";"Sim";2;0;1;0;0;1;1;2;-19,75823196;-40,3795009;"SPRF-ES";"DEL02-ES";"UOP01-DEL02-ES"
655154;2025-01-15;"quarta-feira";"02:50:00";"MT";364;213;"RONDONOPOLIS";"Animais na Pista";"Atropelamento de Animal";"Com Vítimas Feridas";"Plena Noite";"Decrescente";"Céu Claro";"Dupla";"Declive;Reta";"Não";5;0;1;0;4;0;1;1;-16,35547945;-54,69264222;"SPRF-MT";"DEL02-MT";"UOP01-DEL02-MT"
655155;2025-01-15;"quarta-feira";"03:30:00";"GO";60;186;"ABADIA DE GOIAS";"Reação tardia ou ineficiente do condutor";"Tombamento";"Com Vítimas Feridas";"Plena Noite";"Crescente";"Céu Claro";"Múltipla";"Declive;Curva";"Não";1;0;0;1;0;0;1;1;-16,7848;-49,4946;"SPRF-GO";"DEL01-GO";"UOP02-DEL01-GO"
655156;2025-01-15;"quarta-feira";"04:20:00";"BA";116;865,3;"VITORIA DA CONQUISTA";"Avarias e/ou desgaste excessivo no pneu";"Colisão frontal";"Com Vítimas Fatais";"Amanhecer";"Decrescente";"Chuva";"Simples";"Reta";"Não";2;1;0;0;1;0;0;2;-15,17221663;-41,06414795;"SPRF-BA";"DEL08-BA";"UOP01-DEL08-BA"