"id";"data_inversa";"dia_semana";"horario";"uf";"br";"km";"municipio";"causa_acidente";"tipo_acidente";"classificacao_acidente";"fase_dia";"sentido_via";"condicao_metereologica";"tipo_pista";"tracado_via";"uso_solo";"pessoas";"mortos";"feridos_leves";"feridos_graves";"ilesos";"ignorados";"feridos";"veiculos";"latitude";"longitude";"regional";"delegacia";"uop"
655296;2025-01-15;"quarta-feira";"19:00:00";"RN";101;106;"PARNAMIRIM";"Pedestre cruzava a pista fora da faixa";"Atropelamento de Pedestre";"Com Vítimas Feridas";"Plena Noite";"Crescente";"Céu Claro";"Dupla";"Reta";"Sim";2;0;1;1;0;0;2;2;-5,91056401;-35,26130795;"SPRF-RN";"DEL01-RN";"UOP01-DEL01-RN"
655297;2025-01-15;"quarta-feira";"18:45:00";"PR";277;78,6;"CURITIBA";"Reação tardia ou ineficiente do condutor";"Tombamento";"Com Vítimas Feridas";"Plena Noite";"Decrescente";"Céu Claro";"Dupla";"Reta;Viaduto";"Sim";1;0;1;0;0;0;1;1;-25,479939;-49,198932;"SPRF-PR";"DEL01-PR";"UOP07-DEL01-PR"
655298;2025-01-15;"quarta-feira";"18:30:00";"RN";226;7,3;"MACAIBA";"Animais na Pista";"Atropelamento de Animal";"Com Vítimas Feridas";"Plena Noite";"Crescente";"Céu Claro";"Simples";"Reta";"Sim";1;0;1;0;0;0;1;1;-5,82773209;-35,28005834;"SPRF-RN";"DEL01-RN";"UOP02-DEL01-RN"
655299;2025-01-15;"quarta-feira";"18:00:00";"MT";70;11,3;"BARRA DO GARCAS";"Ingestão de álcool pelo condutor";"Colisão transversal";"Com Vítimas Feridas";"Anoitecer";"Decrescente";"Nublado";"Simples";"Reta";"Sim";2;0;1;0;1;0;1;2;-15,87896313;-52,352928;"SPRF-MT";"DEL07-MT";"UOP01-DEL07-MT"
655300;2025-01-15;"quarta-feira";"19:00:00";"PR";277;659;"MATELANDIA";"Ausência de reação do condutor";"Tombamento";"Com Vítimas Feridas";"Anoitecer";"Crescente";"Céu Claro";"Dupla";"Declive;Curva";"Não";2;0;2;0;0;0;2;1;-25,24664169;-53,98334832;"SPRF-PR";"DEL05-PR";"UOP02-DEL05-PR"
655301;2025-01-15;"quarta-feira";"18:40:00";"PR";369;136;"IBIPORA";"Conversão proibida";"Colisão transversal";"Com Vítimas Feridas";"Anoitecer";"Decrescente";"Céu Claro";"Simples";"Interseção de Vias";"Sim";2;0;0;1;1;0;1;2;-23,26566;-51,03704;"SPRF-PR";"DEL07-PR";"UOP01-DEL07-PR"
655302;2025-01-15;"quarta-feira";"19:30:00";"SC";101;202;"SAO JOSE";"Manobra de mudança de faixa";"Colisão lateral mesmo sentido";"Com Vítimas Feridas";"Plena Noite";"Decrescente";"Céu Claro";"Múltipla";"Reta";"Sim";2;0;1;0;1;0;1;2;-27,55711595;-48,61897889;"SPRF-SC";"DEL01-SC";"UOP01-DEL01-SC"
655304;2025-01-15;"quarta-feira";"16:55:00";"SP";116;50,3;"LORENA";"Condutor deixou de manter distância do veículo da frente";"Colisão traseira";"Com Vítimas Feridas";"Pleno dia";"Crescente";"Céu Claro";"Dupla";"Reta";"Não";2;0;1;0;1;0;1;2;-22,73603721;-45,08433485;"SPRF-SP";"DEL08-SP";"UOP02-DEL08-SP"
655305;2025-01-15;"quarta-feira";"20:10:00";"BA";116;16,8;"VITORIA DA CONQUISTA";"Acessar a via sem observar a presença dos outros veículos";"Colisão transversal";"Com Vítimas Feridas";"Plena Noite";"Decrescente";"Garoa/Chuvisco";"Simples";"Interseção de Vias";"Sim";3;0;2;0;1;0;2;2;-14,90231;-40,84425;"SPRF-PE";"DEL05-PE";"UOP03-DEL05-PE"
655306;2025-01-15;"quarta-feira";"18:30:00";"MG";365;433,5;"PATOS DE MINAS";"Reação tardia ou ineficiente do condutor";"Saída de leito carroçável";"Com Vítimas Feridas";"Plena Noite";"Decrescente";"Chuva";"Simples";"Reta";"Não";1;0;1;0;0;0;1;1;-18,77706055;-46,68754335;"SPRF-MG";"DEL10-MG";"UOP01-DEL10-MG"
655307;2025-01-15;"quarta-feira";"19:45:00";"PR";373;178;"PONTA GROSSA";"Condutor Dormindo";"Saída de leito carroçável";"Sem Vítimas";"Plena Noite";"Decrescente";"Céu Claro";"Dupla";"Curva";"Sim";1;0;0;0;1;0;0;1;-25,05195312;-50,23303539;"SPRF-PR";"DEL03-PR";"UOP01-DEL03-PR"
655309;2025-01-15;"quarta-feira";"19:30:00";"MS";163;455,9;"CAMPO GRANDE";"Desrespeitar a preferência no cruzamento";"Colisão transversal";"Com Vítimas Feridas";"Plena Noite";"Crescente";"Nublado";"Simples";"Reta";"Não";8;0;1;0;7;0;1;2;-20,68996498;-54,55227495;"SPRF-MS";"DEL01-MS";"UOP01-DEL01-MS"
655315;2025-01-15;"quarta-feira";"19:38:00";"PI";343;309,6;"ALTOS";"Acessar a via sem observar a presença dos outros veículos";"Colisão transversal";"Com Vítimas Feridas";"Plena Noite";"Crescente";"Nublado";"Simples";"Curva";"Sim";2;0;1;0;1;0;1;2;-5,040053;-42,4821353;"SPRF-PI";"DEL01-PI";"UOP01-DEL01-PI"
655316;2025-01-15;"quarta-feira";"20:45:00";"MG";40;614,1;"CONGONHAS";"Ausência de reação do condutor";"Colisão com objeto";"Sem Vítimas";"Plena Noite";"Crescente";"Céu Claro";"Simples";"Reta";"Não";1;0;0;0;1;0;0;1;-20,52977973;-43,82351464;"SPRF-MG";"DEL05-MG";"UOP02-DEL05-MG"
655318;2025-01-15;"quarta-feira";"16:40:00";"RJ";493;25;"MAGE";"Reação tardia ou ineficiente do condutor";"Colisão traseira";"Com Vítimas Feridas";"Pleno dia";"Decrescente";"Céu Claro";"Simples";"Reta";"Não";2;0;1;0;1;0;1;2;-22,65788388;-43,079654;"SPRF-RJ";"DEL04-RJ";"UOP02-DEL04-RJ"
655319;2025-01-15;"quarta-feira";"19:20:00";"TO";153;498;"PARAISO DO TOCANTINS";"Ultrapassagem Indevida";"Colisão transversal";"Com Vítimas Feridas";"Plena Noite";"Crescente";"Céu Claro";"Simples";"Reta;Declive";"Sim";2;0;1;0;1;0;1;2;-10,18390502;-48,88017144;"SPRF-TO";"DEL01-TO";"UOP01-DEL01-TO"
655322;2025-01-15;"quarta-feira";"21:15:00";"PB";101;89,5;"JOAO PESSOA";"Pedestre andava na pista";"Atropelamento de Pedestre";"Com Vítimas Feridas";"Plena Noite";"Crescente";"Nublado";"Dupla";"Reta";"Sim";2;0;0;1;0;1;1;2;-7,1749088;-34,89883661;"SPRF-PB";"DEL01-PB";"UOP01-DEL01-PB"
655323;2025-01-15;"quarta-feira";"21:00:00";"SC";280;126,8;"RIO NEGRINHO";"Acessar a via sem observar a presença dos outros veículos";"Colisão traseira";"Com Vítimas Feridas";"Plena Noite";"Crescente";"Céu Claro";"Simples";"Aclive;Interseção de Vias;Reta";"Sim";3;0;1;2;0;0;3;2;-26,23779604;-49,49427399;"SPRF-SC";"DEL06-SC";"UOP03-DEL06-SC"
655324;2025-01-15;"quarta-feira";"12:30:00";"MG";365;480;"PATROCINIO";"Transitar na contramão";"Colisão frontal";"Sem Vítimas";"Pleno dia";"Crescente";"Céu Claro";"Dupla";"Curva";"Não";2;0;0;0;2;0;0;2;-18,89211322;-47,06972105;"SPRF-MG";"DEL10-MG";"UOP01-DEL10-MG"
655326;2025-01-15;"quarta-feira";"14:40:00";"BA";116;588,5;"NOVA ITARANA";"Ultrapassagem Indevida";"Colisão frontal";"Com Vítimas Feridas";"Pleno dia";"Decrescente";"Nublado";"Simples";"Declive";"Não";8;0;6;0;1;1;6;3;-13,1535402;-39,9989063;"SPRF-BA";"DEL03-BA";"UOP02-DEL03-BA"
655327;2025-01-15;"quarta-feira";"21:00:00";"BA";324;566;"SAO SEBASTIAO DO PASSE";"Transtornos Mentais (exceto suicidio)";"Atropelamento de Pedestre";"Com Vítimas Fatais";"Plena Noite";"Crescente";"Céu Claro";"Dupla";"Reta";"Não";2;1;0;0;1;0;0;2;-12,52455997;-38,61040198;"SPRF-BA";"DEL01-BA";"UOP01-DEL01-BA"
655328;2025-01-11;"sábado";"21:30:00";"AL";316;50,8;"CANAPI";"Chuva";"Saída de leito carroçável";"Com Vítimas Feridas";"Plena Noite";"Crescente";"Chuva";"Simples";"Reta";"Não";2;0;1;0;0;1;1;1;-9,1986062;-37,50735715;"SPRF-AL";"DEL03-AL";"UOP02-DEL03-AL"
655330;2025-01-15;"quarta-feira";"22:20:00";"RS";116;250;"SAO LEOPOLDO";"Ausência de reação do condutor";"Queda de ocupante de veículo";"Com Vítimas Feridas";"Plena Noite";"Decrescente";"Céu Claro";"Dupla";"Reta";"Sim";2;0;2;0;0;0;2;1;-29,79148798;-51,16399615;"SPRF-RS";"DEL01-RS";"UOP02-DEL01-RS"
655331;2025-01-15;"quarta-feira";"22:03:00";"CE";20;404,2;"CAUCAIA";"Ausência de reação do condutor";"Colisão traseira";"Com Vítimas Feridas";"Plena Noite";"Decrescente";"Céu Claro";"Simples";"Reta";"Não";3;0;2;0;0;1;2;2;-3,77647367;-38,6827755;"SPRF-CE";"DEL01-CE";"UOP01-DEL01-CE"
655332;2025-01-15;"quarta-feira";"12:26:00";"RJ";101;333,4;"RIO DE JANEIRO";"Ausência de reação do condutor";"Queda de ocupante de veículo";"Com Vítimas Feridas";"Pleno dia";"Crescente";"Nublado";"Dupla";"Curva";"Sim";1;0;1;0;0;0;1;1;-22,87827816;-43,21053578;"SPRF-RJ";"DEL02-RJ";"UOP01-DEL02-RJ"
655335;2025-01-15;"quarta-feira";"20:30:00";"SP";459;31;"LORENA";"Ausência de reação do condutor";"Colisão traseira";"Sem Vítimas";"Plena Noite";"Decrescente";"Céu Claro";"Simples";"Reta";"Sim";2;0;0;0;2;0;0;2;-22,732813;-45,098679;"SPRF-SP";"DEL08-SP";"UOP02-DEL08-SP"
655337;2025-01-15;"quarta-feira";"22:50:00";"PR";116;116;"CURITIBA";"Ausência de reação do condutor";"Colisão traseira";"Com Vítimas Feridas";"Plena Noite";"Crescente";"Céu Claro";"Simples";"Reta";"Sim";7;0;1;3;2;1;4;3;-25,56083937;-49,3080622;"SPRF-PR";"DEL01-PR";"UOP03-DEL01-PR"
655338;2025-01-15;"quarta-feira";"20:50:00";"MG";262;422,8;"IGARATINGA";"Velocidade Incompatível";"Tombamento";"Com Vítimas Feridas";"Pleno dia";"Crescente";"Nublado";"Dupla";"Curva";"Não";2;0;0;1;1;0;1;2;-19,88573008;-44,72054503;"SPRF-MG";"DEL08-MG";"UOP03-DEL08-MG"
655339;2025-01-15;"quarta-feira";"22:15:00";"MG";381;479;"CONTAGEM";"Velocidade Incompatível";"Colisão traseira";"Com Vítimas Feridas";"Plena Noite";"Crescente";"Nublado";"Múltipla";"Aclive;Reta";"Sim";3;0;2;0;1;0;2;2;-19,96151932;-44,03821027;"SPRF-MG";"DEL01-MG";"UOP03-DEL01-MG"
655341;2025-01-15;"quarta-feira";"18:06:00";"RJ";101;87;"CAMPOS DOS GOYTACAZES";"Reação tardia ou ineficiente do condutor";"Colisão traseira";"Com Vítimas Feridas";"Anoitecer";"Decrescente";"Nublado";"Dupla";"Reta";"Não";2;0;1;0;0;1;1;2;-21,82626899;-41,49641201;"SPRF-RJ";"DEL08-RJ";"UOP02-DEL08-RJ"
655343;2025-01-15;"quarta-feira";"23:30:00";"SP";116;222;"GUARULHOS";"Ausência de reação do condutor";"Colisão com objeto";"Com Vítimas Feridas";"Plena Noite";"Decrescente";"Ignorado";"Múltipla";"Reta;Em Obras";"Sim";2;0;0;1;1;0;1;2;-23,47093408;-46,51631097;"SPRF-SP";"DEL01-SP";"UOP01-DEL01-SP"
655344;2025-01-15;"quarta-feira";"22:05:00";"RJ";101;67;"CAMPOS DOS GOYTACAZES";"Retorno proibido";"Colisão transversal";"Com Vítimas Feridas";"Plena Noite";"Decrescente";"Céu Claro";"Simples";"Reta";"Não";3;0;1;1;1;0;2;2;-21,774;-41,361265;"SPRF-RJ";"DEL08-RJ";"UOP02-DEL08-RJ"
655345;2025-01-15;"quarta-feira";"23:10:00";"PB";230;10,8;"CABEDELO";"Ingestão de álcool pelo condutor";"Colisão com objeto";"Sem Vítimas";"Plena Noite";"Decrescente";"Céu Claro";"Dupla";"Em Obras;Reta";"Não";1;0;0;0;1;0;0;1;-7,0514;-34,8499;"SPRF-PB";"DEL01-PB";"UOP01-DEL01-PB"
655346;2025-01-16;"quinta-feira";"00:20:00";"SC";101;201;"SAO JOSE";"Demais falhas mecânicas ou elétricas";"Queda de ocupante de veículo";"Com Vítimas Feridas";"Plena Noite";"Decrescente";"Céu Claro";"Múltipla";"Aclive";"Sim";2;0;1;1;0;0;2;1;-27,54836599;-48,61977975;"SPRF-SC";"DEL01-SC";"UOP01-DEL01-SC"
655348;2025-01-16;"quinta-feira";"00:00:00";"MG";381;921;"CAMANDUCAIA";"Velocidade Incompatível";"Colisão com objeto";"Sem Vítimas";"Plena Noite";"Decrescente";"Nublado";"Dupla";"Aclive;Curva";"Não";1;0;0;0;1;0;0;1;-22,76212639;-46,16928587;"SPRF-MG";"DEL16-MG";"UOP03-DEL16-MG"
655351;2025-01-16;"quinta-feira";"01:15:00";"PR";116;9;"CAMPINA GRANDE DO SUL";"Ausência de reação do condutor";"Saída de leito carroçável";"Sem Vítimas";"Plena Noite";"Crescente";"Garoa/Chuvisco";"Dupla";"Reta";"Não";2;0;0;0;0;2;0;1;-25,3708;-49,1246;"SPRF-PR";"DEL01-PR";"UOP02-DEL01-PR"
655352;2025-01-15;"quarta-feira";"16:00:00";"PA";230;1230;"ITAITUBA";"Demais falhas na via";"Saída de leito carroçável";"Sem Vítimas";"Pleno dia";"Crescente";"Chuva";"Simples";"Reta";"Não";4;0;0;0;3;1;0;1;-4,62473602;-56,389;"SPRF-PA";"DEL06-PA";"UOP01-DEL06-PA"
655354;2025-01-16;"quinta-feira";"02:25:00";"GO";60;38;"GOIANIA";"Condutor Dormindo";"Colisão com objeto";"Sem Vítimas";"Plena Noite";"Decrescente";"Céu Claro";"Dupla";"Curva";"Sim";1;0;0;0;1;0;0;1;-16,75056;-49,341296;"SPRF-DF";"DEL03-DF";"UOP01-DEL03-DF"
655355;2025-01-16;"quinta-feira";"02:50:00";"MG";381;438,7;"SABARA";"Condutor Dormindo";"Saída de leito carroçável";"Com Vítimas Feridas";"Plena Noite";"Decrescente";"Nublado";"Simples";"Declive;Reta";"Não";1;0;1;0;0;0;1;1;-19,80934407;-43,777791;"SPRF-MG";"DEL01-MG";"UOP01-DEL01-MG"
655356;2025-01-16;"quinta-feira";"02:50:00";"SP";116;223;"GUARULHOS";"Ausência de reação do condutor";"Saída de leito carroçável";"Sem Vítimas";"Plena Noite";"Decrescente";"Nublado";"Múltipla";"Reta";"Não";1;0;0;0;0;1;0;1;-23,4803587;-46,5319737;"SPRF-SP";"DEL01-SP";"UOP01-DEL01-SP"
655359;2025-01-15;"quarta-feira";"23:20:00";"RS";290;178,2;"BUTIA";"Reação tardia ou ineficiente do condutor";"Saída de leito carroçável";"Com Vítimas Feridas";"Plena Noite";"Decrescente";"Céu Claro";"Simples";"Reta";"Não";1;0;1;0;0;0;1;1;-30,134542;-51,992455;"SPRF-RS";"DEL02-RS";"UOP03-DEL02-RS"
655361;2025-01-16;"quinta-feira";"04:30:00";"SP";381;31;"ATIBAIA";"Velocidade Incompatível";"Saída de leito carroçável";"Com Vítimas Feridas";"Plena Noite";"Decrescente";"Céu Claro";"Dupla";"Reta";"Não";5;0;1;0;2;2;1;5;-23,0559669;-46,57063716;"SPRF-SP";"DEL03-SP";"UOP02-DEL03-SP"
655367;2025-01-16;"quinta-feira";"06:30:00";"SC";101;205,1;"SAO JOSE";"Demais falhas mecânicas ou elétricas";"Incêndio";"Sem Vítimas";"Pleno dia";"Decrescente";"Chuva";"Múltipla";"Reta";"Não";1;0;0;0;1;0;0;1;-27,58313237;-48,61532885;"SPRF-SC";"DEL01-SC";"UOP01-DEL01-SC"
655369;2025-01-16;"quinta-feira";"05:50:00";"GO";153;319;"RIANAPOLIS";"Acessar a via sem observar a presença dos outros veículos";"Colisão transversal";"Com Vítimas Feridas";"Amanhecer";"Decrescente";"Chuva";"Dupla";"Retorno Regulamentado;Interseção de Vias";"Sim";2;0;1;0;1;0;1;2;-15,43866;-49,509186;"SPRF-GO";"DEL02-GO";"UOP02-DEL02-GO"
655372;2025-01-16;"quinta-feira";"07:20:00";"RS";290;104;"ELDORADO DO SUL";"Manobra de mudança de faixa";"Colisão lateral mesmo sentido";"Com Vítimas Feridas";"Pleno dia";"Decrescente";"Sol";"Dupla";"Reta;Ponte";"Não";3;0;0;2;1;0;2;2;-29,993122;-51,275398;"SPRF-RS";"DEL02-RS";"UOP01-DEL02-RS"
655374;2025-01-16;"quinta-feira";"08:00:00";"RS";116;257;"ESTEIO";"Manobra de mudança de faixa";"Colisão lateral mesmo sentido";"Com Vítimas Feridas";"Pleno dia";"Crescente";"Sol";"Dupla";"Em Obras;Curva";"Sim";4;0;2;0;1;1;2;3;-29,85262195;-51,17968329;"SPRF-RS";"DEL01-RS";"UOP02-DEL01-RS"
655375;2025-01-15;"quarta-feira";"06:50:00";"RJ";40;43;"AREAL";"Velocidade Incompatível";"Atropelamento de Pedestre";"Com Vítimas Feridas";"Amanhecer";"Decrescente";"Chuva";"Dupla";"Curva";"Não";3;0;0;1;2;0;1;2;-22,265139;-43,108506;"SPRF-RJ";"DEL05-RJ";"UOP02-DEL05-RJ"
655376;2025-01-16;"quinta-feira";"07:37:00";"PA";230;112;"MARABA";"Condutor deixou de manter distância do veículo da frente";"Engavetamento";"Com Vítimas Feridas";"Pleno dia";"Decrescente";"Nublado";"Simples";"Reta";"Sim";3;0;1;0;2;0;1;3;-5,36913479;-49,04877095;"SPRF-PA";"DEL03-PA";"UOP01-DEL03-PA"
655377;2025-01-16;"quinta-feira";"06:30:00";"SP";116;115;"TAUBATE";"Avarias e/ou desgaste excessivo no pneu";"Queda de ocupante de veículo";"Com Vítimas Feridas";"Pleno dia";"Crescente";"Céu Claro";"Dupla";"Reta";"Sim";2;0;2;0;0;0;2;1;-23,0496047;-45,59973712;"SPRF-SP";"DEL02-SP";"UOP02-DEL02-SP"
655378;2025-01-16;"quinta-feira";"07:08:00";"MG";40;523;"CONTAGEM";"Ausência de reação do condutor";"Colisão traseira";"Com Vítimas Feridas";"Pleno dia";"Crescente";"Céu Claro";"Dupla";"Reta";"Não";2;0;1;0;1;0;1;2;-19,86874894;-44,05962197;"SPRF-MG";"DEL01-MG";"UOP02-DEL01-MG"
655380;2025-01-16;"quinta-feira";"07:20:00";"MG";381;480;"CONTAGEM";"Ausência de reação do condutor";"Colisão traseira";"Com Vítimas Feridas";"Pleno dia";"Decrescente";"Céu Claro";"Dupla";"Reta";"Sim";3;0;0;1;2;0;1;2;-19,95749597;-44,07899901;"SPRF-MG";"DEL01-MG";"UOP03-DEL01-MG"
655381;2025-01-16;"quinta-feira";"07:30:00";"MG";381;6,5;"BETIM";"Demais falhas mecânicas ou elétricas";"Incêndio";"Sem Vítimas";"Pleno dia";"Crescente";"Céu Claro";"Dupla";"Curva";"Não";1;0;0;0;1;0;0;1;-19,96825;-44,198708;"SPRF-MG";"DEL01-MG";"UOP03-DEL01-MG"
655382;2025-01-16;"quinta-feira";"07:30:00";"RN";101;106;"PARNAMIRIM";"Avarias e/ou desgaste excessivo no pneu";"Queda de ocupante de veículo";"Com Vítimas Feridas";"Pleno dia";"Decrescente";"Céu Claro";"Dupla";"Reta";"Sim";2;0;1;1;0;0;2;1;-5,91056401;-35,26130795;"SPRF-RN";"DEL01-RN";"UOP01-DEL01-RN"
655383;2025-01-03;"sexta-feira";"16:25:00";"MG";146;482;"POCOS DE CALDAS";"Reação tardia ou ineficiente do condutor";"Colisão com objeto";"Com Vítimas Feridas";"Pleno dia";"Crescente";"Nublado";"Simples";"Reta;Aclive";"Não";1;0;1;0;0;0;1;1;-21,76994203;-46,42178535;"SPRF-MG";"DEL09-MG";"UOP01-DEL09-MG"
655384;2025-01-16;"quinta-feira";"07:50:00";"MG";50;182;"UBERABA";"Velocidade Incompatível";"Colisão traseira";"Com Vítimas Feridas";"Pleno dia";"Decrescente";"Nublado";"Dupla";"Reta";"Não";3;0;3;0;0;0;3;2;-19,793806;-47,911165;"SPRF-MG";"DEL13-MG";"UOP01-DEL13-MG"
655385;2025-01-16;"quinta-feira";"07:50:00";"RJ";101;261;"RIO BONITO";"Ausência de reação do condutor";"Colisão traseira";"Com Vítimas Feridas";"Pleno dia";"Crescente";"Céu Claro";"Dupla";"Interseção de Vias;Curva";"Sim";3;0;1;0;2;0;1;2;-22,71139378;-42,61157199;"SPRF-RJ";"DEL02-RJ";"UOP03-DEL02-RJ"
655386;2025-01-16;"quinta-feira";"07:52:00";"PE";232;101;"BEZERROS";"Reação tardia ou ineficiente do condutor";"Colisão transversal";"Com Vítimas Feridas";"Pleno dia";"Crescente";"Céu Claro";"Simples";"Declive;Reta";"Sim";2;0;0;1;1;0;1;2;-8,24194679;-35,75097313;"SPRF-PE";"DEL02-PE";"UOP02-DEL02PE"
655387;2025-01-16;"quinta-feira";"08:20:00";"PR";376;605;"CURITIBA";"Manobra de mudança de faixa";"Colisão traseira";"Com Vítimas Feridas";"Amanhecer";"Decrescente";"Nublado";"Dupla";"Curva";"Não";3;0;1;0;2;0;1;2;-25,55177228;-49,27905516;"SPRF-PR";"DEL01-PR";"UOP06-DEL01-PR"
655392;2025-01-16;"quinta-feira";"09:00:00";"SC";282;83;"ALFREDO WAGNER";"Mal súbito do condutor";"Saída de leito carroçável";"Com Vítimas Feridas";"Pleno dia";"Crescente";"Garoa/Chuvisco";"Simples";"Curva";"Não";2;0;2;0;0;0;2;1;-27,666153;-49,175022;"SPRF-SC";"DEL01-SC";"UOP03-DEL01-SC"
655396;2025-01-16;"quinta-feira";"07:40:00";"ES";262;71,8;"DOMINGOS MARTINS";"Conversão proibida";"Colisão frontal";"Com Vítimas Feridas";"Pleno dia";"Crescente";"Céu Claro";"Simples";"Retorno Regulamentado;Reta";"Não";3;0;1;0;1;1;1;3;-20,4202155;-40,87402784;"SPRF-ES";"DEL01-ES";"UOP02-DEL01-ES"
655398;2025-01-16;"quinta-feira";"09:00:00";"SC";101;192,3;"BIGUACU";"Avarias e/ou desgaste excessivo no pneu";"Colisão com objeto";"Com Vítimas Feridas";"Pleno dia";"Crescente";"Chuva";"Múltipla";"Curva";"Sim";1;0;1;0;0;0;1;1;-27,48443781;-48,64765238;"SPRF-SC";"DEL01-SC";"UOP01-DEL01-SC"
655399;2025-01-16;"quinta-feira";"07:45:00";"RJ";101;415;"MANGARATIBA";"Demais falhas mecânicas ou elétricas";"Incêndio";"Sem Vítimas";"Pleno dia";"Decrescente";"Sol";"Simples";"Reta";"Sim";1;0;0;0;1;0;0;1;-22,90433243;-43,88181398;"SPRF-RJ";"DEL03-RJ";"UOP01-DEL03-RJ"
655401;2025-01-16;"quinta-feira";"09:45:00";"BA";324;619,8;"SALVADOR";"Condutor deixou de manter distância do veículo da frente";"Colisão traseira";"Com Vítimas Feridas";"Pleno dia";"Crescente";"Sol";"Múltipla";"Reta";"Não";3;0;2;0;1;0;2;2;-12,89820999;-38,45012202;"SPRF-BA";"DEL01-BA";"UOP01-DEL01-BA"
655403;2025-01-16;"quinta-feira";"08:00:00";"PR";116;157;"MANDIRITUBA";"Reação tardia ou ineficiente do condutor";"Queda de ocupante de veículo";"Com Vítimas Feridas";"Pleno dia";"Decrescente";"Nublado";"Dupla";"Reta";"Não";2;0;1;0;1;0;1;2;-25,86771116;-49,36469855;"SPRF-PR";"DEL01-PR";"UOP03-DEL01-PR"
655407;2025-01-16;"quinta-feira";"07:30:00";"SC";282;234;"LAGES";"Reação tardia ou ineficiente do condutor";"Saída de leito carroçável";"Com Vítimas Feridas";"Pleno dia";"Crescente";"Garoa/Chuvisco";"Simples";"Curva";"Não";1;0;0;1;0;0;1;1;-27,783495;-50,463604;"SPRF-SC";"DEL05-SC";"UOP02-DEL05-SC"
655409;2025-01-16;"quinta-feira";"10:30:00";"RJ";393;168;"TRES RIOS";"Ultrapassagem Indevida";"Colisão transversal";"Com Vítimas Feridas";"Pleno dia";"Crescente";"Nublado";"Simples";"Interseção de Vias;Reta";"Sim";2;0;0;1;1;0;1;2;-22,127502;-43,147022;"SPRF-RJ";"DEL05-RJ";"UOP01-DEL05-RJ"
655410;2025-01-16;"quinta-feira";"10:00:00";"BA";116;545;"MILAGRES";"Acessar a via sem observar a presença dos outros veículos";"Colisão frontal";"Com Vítimas Feridas";"Pleno dia";"Decrescente";"Céu Claro";"Simples";"Reta";"Não";5;0;1;0;4;0;1;2;-12,82991892;-39,82926219;"SPRF-BA";"DEL03-BA";"UOP02-DEL03-BA"
655411;2025-01-16;"quinta-feira";"09:00:00";"MG";40;700,5;"BARBACENA";"Manobra de mudança de faixa";"Colisão lateral mesmo sentido";"Com Vítimas Feridas";"Pleno dia";"Decrescente";"Céu Claro";"Dupla";"Reta";"Sim";3;0;0;2;1;0;2;2;-21,206885;-43,7494816;"SPRF-MG";"DEL05-MG";"UOP02-DEL05-MG"
655413;2025-01-16;"quinta-feira";"11:00:00";"RJ";101;205,7;"CASIMIRO DE ABREU";"Reação tardia ou ineficiente do condutor";"Colisão lateral mesmo sentido";"Com Vítimas Feridas";"Pleno dia";"Crescente";"Nublado";"Simples";"Reta";"Sim";3;0;1;0;2;0;1;2;-22,475714;-42,19184;"SPRF-RJ";"DEL08-RJ";"UOP04-DEL08-RJ"
655415;2025-01-16;"quinta-feira";"10:45:00";"RJ";101;528;"ANGRA DOS REIS";"Acessar a via sem observar a presença dos outros veículos";"Colisão transversal";"Com Vítimas Feridas";"Pleno dia";"Crescente";"Céu Claro";"Simples";"Reta";"Sim";5;0;5;0;0;0;5;2;-23,02314418;-44,50045173;"SPRF-RJ";"DEL03-RJ";"UOP03-DEL03-RJ"
655416;2025-01-16;"quinta-feira";"09:20:00";"SP";116;278;"EMBU DAS ARTES";"Ausência de reação do condutor";"Colisão traseira";"Com Vítimas Feridas";"Pleno dia";"Decrescente";"Céu Claro";"Dupla";"Reta";"Sim";2;0;1;0;1;0;1;2;-23,65508497;-46,84918605;"SPRF-SP";"DEL04-SP";"UOP01-DEL04-SP"
655417;2025-01-16;"quinta-feira";"11:30:00";"BA";324;610;"SIMOES FILHO";"Demais falhas mecânicas ou elétricas";"Queda de ocupante de veículo";"Com Vítimas Feridas";"Pleno dia";"Crescente";"Céu Claro";"Dupla";"Reta";"Sim";1;0;1;0;0;0;1;1;-12,82931703;-38,41113193;"SPRF-BA";"DEL01-BA";"UOP01-DEL01-BA"
655420;2025-01-16;"quinta-feira";"10:00:00";"MG";262;561;"CORREGO DANTA";"Velocidade Incompatível";"Saída de leito carroçável";"Sem Vítimas";"Pleno dia";"Decrescente";"Chuva";"Simples";"Curva";"Não";1;0;0;0;1;0;0;1;-19,74235817;-45,94580685;"SPRF-MG";"DEL08-MG";"UOP02-DEL08-MG"
655424;2025-01-16;"quinta-feira";"08:10:00";"SC";480;130;"CHAPECO";"Conversão proibida";"Colisão lateral mesmo sentido";"Com Vítimas Feridas";"Pleno dia";"Decrescente";"Céu Claro";"Simples";"Interseção de Vias;Reta";"Sim";2;0;1;0;1;0;1;2;-27,05534298;-52,63652069;"SPRF-SC";"DEL07-SC";"UOP01-DEL07-SC"
655426;2025-01-16;"quinta-feira";"12:10:00";"RN";101;94;"NATAL";"Acessar a via sem observar a presença dos outros veículos";"Colisão transversal";"Com Vítimas Feridas";"Pleno dia";"Crescente";"Céu Claro";"Dupla";"Reta;Interseção de Vias";"Sim";3;0;1;0;2;0;1;2;-5,83176615;-35,21191342;"SPRF-RN";"DEL01-RN";"UOP01-DEL01-RN"