"id";"data_inversa";"dia_semana";"horario";"uf";"br";"km";"municipio";"causa_acidente";"tipo_acidente";"classificacao_acidente";"fase_dia";"sentido_via";"condicao_metereologica";"tipo_pista";"tracado_via";"uso_solo";"pessoas";"mortos";"feridos_leves";"feridos_graves";"ilesos";"ignorados";"feridos";"veiculos";"latitude";"longitude";"regional";"delegacia";"uop"
655556;2025-01-17;"sexta-feira";"07:00:00";"PR";369;148,7;"LONDRINA";"Acumulo de óleo sobre o pavimento";"Colisão traseira";"Com Vítimas Feridas";"Pleno dia";"Decrescente";"Chuva";"Dupla";"Reta";"Sim";2;0;1;0;1;0;1;2;-23,292976;-51,144291;"SPRF-PR";"DEL07-PR";"UOP01-DEL07-PR"
655557;2025-01-16;"quinta-feira";"18:00:00";"SC";280;128;"RIO NEGRINHO";"Condutor deixou de manter distância do veículo da frente";"Colisão traseira";"Com Vítimas Feridas";"Anoitecer";"Crescente";"Céu Claro";"Simples";"Declive;Reta";"Sim";2;0;1;0;1;0;1;2;-26,24317941;-49,51320018;"SPRF-SC";"DEL06-SC";"UOP03-DEL06-SC"
655558;2025-01-17;"sexta-feira";"07:15:00";"ES";101;270,2;"SERRA";"Acessar a via sem observar a presença dos outros veículos";"Colisão transversal";"Com Vítimas Feridas";"Pleno dia";"Crescente";"Céu Claro";"Dupla";"Reta";"Sim";2;0;1;0;1;0;1;2;-20,28166144;-40,24291992;"SPRF-ES";"DEL02-ES";"UOP01-DEL02-ES"
655559;2025-01-17;"sexta-feira";"07:00:00";"RS";470;215;"BENTO GONCALVES";"Acesso irregular";"Colisão traseira";"Com Vítimas Feridas";"Pleno dia";"Crescente";"Céu Claro";"Simples";"Reta;Retorno Regulamentado";"Sim";3;0;1;0;1;1;1;3;-29,150635;-51,530241;"SPRF-RS";"DEL06-RS";"UOP01-DEL06-RS"
655561;2025-01-17;"sexta-feira";"06:07:00";"MG";381;908;"CAMBUI";"Velocidade Incompatível";"Colisão com objeto";"Com Vítimas Feridas";"Pleno dia";"Decrescente";"Nevoeiro/Neblina";"Dupla";"Curva;Declive";"Não";4;0;1;0;3;0;1;1;-22,71744092;-46,12652111;"SPRF-MG";"DEL16-MG";"UOP03-DEL16-MG"
655562;2025-01-17;"sexta-feira";"06:30:00";"RJ";101;528;"ANGRA DOS REIS";"Condutor Dormindo";"Saída de leito carroçável";"Com Vítimas Feridas";"Pleno dia";"Decrescente";"Céu Claro";"Simples";"Curva";"Não";1;0;1;0;0;0;1;1;-23,02314418;-44,50045173;"SPRF-RJ";"DEL03-RJ";"UOP03-DEL03-RJ"
655563;2025-01-17;"sexta-feira";"07:30:00";"SP";116;500;"CAJATI";"Velocidade Incompatível";"Saída de leito carroçável";"Com Vítimas Feridas";"Pleno dia";"Crescente";"Chuva";"Dupla";"Curva";"Não";3;0;1;0;2;0;1;1;-24,78162109;-48,18342711;"SPRF-SP";"DEL05-SP";"UOP02-DEL05-SP"
655565;2025-01-17;"sexta-feira";"08:20:00";"RJ";116;173;"SAO JOAO DE MERITI";"Manobra de mudança de faixa";"Colisão traseira";"Com Vítimas Feridas";"Pleno dia";"Decrescente";"Céu Claro";"Dupla";"Reta";"Não";3;0;2;0;1;0;2;2;-22,79810324;-43,35726614;"SPRF-RJ";"DEL06-RJ";"UOP01-DEL06-RJ"
655567;2025-01-17;"sexta-feira";"08:20:00";"PR";116;70;"SAO JOSE DOS PINHAIS";"Reação tardia ou ineficiente do condutor";"Saída de leito carroçável";"Com Vítimas Feridas";"Pleno dia";"Decrescente";"Garoa/Chuvisco";"Simples";"Curva";"Não";1;0;1;0;0;0;1;1;-25,513522;-49,12785;"SPRF-PR";"DEL01-PR";"UOP02-DEL01-PR"
655569;2025-01-17;"sexta-feira";"08:00:00";"RJ";465;3;"SEROPEDICA";"Acessar a via sem observar a presença dos outros veículos";"Colisão transversal";"Com Vítimas Feridas";"Pleno dia";"Decrescente";"Céu Claro";"Simples";"Reta";"Sim";2;0;1;0;1;0;1;2;-22,73427;-43,711994;"SPRF-RJ";"DEL06-RJ";"UOP02-DEL06-RJ"
655570;2025-01-17;"sexta-feira";"07:30:00";"PI";230;309,3;"FLORIANO";"Acessar a via sem observar a presença dos outros veículos";"Colisão transversal";"Com Vítimas Feridas";"Pleno dia";"Crescente";"Céu Claro";"Simples";"Reta";"Sim";2;0;0;1;0;1;1;2;-6,77433132;-43,00632318;"SPRF-PI";"DEL03-PI";"UOP01-DEL03-PI"
655571;2025-01-17;"sexta-feira";"09:13:00";"PR";116;116;"CURITIBA";"Ausência de reação do condutor";"Colisão traseira";"Com Vítimas Feridas";"Pleno dia";"Decrescente";"Nublado";"Múltipla";"Reta";"Sim";2;0;0;1;1;0;1;2;-25,54988723;-49,28248211;"SPRF-PR";"DEL01-PR";"UOP03-DEL01-PR"
655572;2025-01-17;"sexta-feira";"08:45:00";"PB";230;22;"JOAO PESSOA";"Trafegar com motocicleta (ou similar) entre as faixas";"Colisão traseira";"Com Vítimas Feridas";"Pleno dia";"Decrescente";"Céu Claro";"Dupla";"Reta";"Sim";2;0;1;0;1;0;1;2;-7,15218486;-34,85384703;"SPRF-PB";"DEL01-PB";"UOP01-DEL01-PB"
655573;2025-01-17;"sexta-feira";"01:15:00";"RJ";465;12;"SEROPEDICA";"Acessar a via sem observar a presença dos outros veículos";"Colisão transversal";"Com Vítimas Feridas";"Plena Noite";"Crescente";"Céu Claro";"Simples";"Reta";"Sim";2;0;1;0;1;0;1;2;-22,791252;-43,651257;"SPRF-RJ";"DEL06-RJ";"UOP02-DEL06-RJ"
655575;2025-01-17;"sexta-feira";"07:05:00";"RJ";40;120;"DUQUE DE CAXIAS";"Reação tardia ou ineficiente do condutor";"Colisão traseira";"Com Vítimas Feridas";"Pleno dia";"Crescente";"Céu Claro";"Dupla";"Reta";"Sim";2;0;1;0;1;0;1;2;-22,77280597;-43,28626763;"SPRF-RJ";"DEL01-RJ";"UOP02-DEL01-RJ"
655576;2025-01-17;"sexta-feira";"07:55:00";"PR";116;124;"CURITIBA";"Reação tardia ou ineficiente do condutor";"Colisão traseira";"Com Vítimas Feridas";"Pleno dia";"Decrescente";"Nublado";"Dupla";"Reta";"Não";2;0;1;0;1;0;1;2;-25,621008;-49,316222;"SPRF-PR";"DEL01-PR";"UOP03-DEL01-PR"
655578;2025-01-17;"sexta-feira";"09:15:00";"PR";116;38;"CAMPINA GRANDE DO SUL";"Velocidade Incompatível";"Capotamento";"Com Vítimas Feridas";"Pleno dia";"Decrescente";"Garoa/Chuvisco";"Dupla";"Curva";"Não";2;0;1;0;1;0;1;1;-25,14802509;-48,85922071;"SPRF-PR";"DEL01-PR";"UOP02-DEL01-PR"
655579;2025-01-17;"sexta-feira";"07:30:00";"MS";163;179;"JUTI";"Animais na Pista";"Saída de leito carroçável";"Com Vítimas Feridas";"Pleno dia";"Decrescente";"Céu Claro";"Simples";"Reta";"Não";1;0;1;0;0;0;1;1;-22,83983611;-54,67208409;"SPRF-MS";"DEL09-MS";"UOP01-DEL09-MS"
655583;2025-01-17;"sexta-feira";"10:40:00";"GO";60;180;"ABADIA DE GOIAS";"Condutor Dormindo";"Saída de leito carroçável";"Com Vítimas Feridas";"Pleno dia";"Decrescente";"Céu Claro";"Dupla";"Declive;Reta";"Não";1;0;1;0;0;0;1;1;-16,7666;-49,4751;"SPRF-GO";"DEL01-GO";"UOP02-DEL01-GO"
655584;2025-01-17;"sexta-feira";"10:40:00";"RN";101;107;"PARNAMIRIM";"Estacionar ou parar em local proibido";"Colisão lateral mesmo sentido";"Com Vítimas Feridas";"Pleno dia";"Crescente";"Céu Claro";"Dupla";"Reta";"Sim";2;0;1;0;1;0;1;2;-5,91920796;-35,26412409;"SPRF-RN";"DEL01-RN";"UOP01-DEL01-RN"
655588;2025-01-17;"sexta-feira";"11:00:00";"PR";277;43;"MORRETES";"Reação tardia ou ineficiente do condutor";"Colisão traseira";"Com Vítimas Feridas";"Pleno dia";"Decrescente";"Nublado";"Dupla";"Curva;Declive";"Não";2;0;1;0;1;0;1;2;-25,592517;-48,88858;"SPRF-PR";"DEL01-PR";"UOP05-DEL01-PR"
655590;2025-01-17;"sexta-feira";"04:40:00";"MT";163;1033;"PEIXOTO DE AZEVEDO";"Ausência de reação do condutor";"Saída de leito carroçável";"Com Vítimas Feridas";"Plena Noite";"Crescente";"Chuva";"Simples";"Reta";"Não";2;0;1;0;1;0;1;1;-10,33413892;-55,03922841;"SPRF-MT";"DEL06-MT";"UOP03-DEL06-MT"
655593;2025-01-17;"sexta-feira";"06:30:00";"MT";163;117,6;"RONDONOPOLIS";"Manobra de mudança de faixa";"Colisão lateral mesmo sentido";"Sem Vítimas";"Pleno dia";"Decrescente";"Chuva";"Dupla";"Reta";"Sim";2;0;0;0;2;0;0;2;-16,508;-54,653192;"SPRF-MT";"DEL02-MT";"UOP01-DEL02-MT"
655595;2025-01-17;"sexta-feira";"09:28:00";"SP";116;300;"SAO LOURENCO DA SERRA";"Reação tardia ou ineficiente do condutor";"Colisão lateral mesmo sentido";"Com Vítimas Feridas";"Pleno dia";"Decrescente";"Céu Claro";"Dupla";"Reta;Declive";"Não";2;0;1;0;1;0;1;2;-23,80425272;-46,92143625;"SPRF-SP";"DEL04-SP";"UOP01-DEL04-SP"
655596;2025-01-17;"sexta-feira";"11:00:00";"RS";470;188;"VERANOPOLIS";"Ausência de reação do condutor";"Colisão traseira";"Com Vítimas Feridas";"Pleno dia";"Crescente";"Céu Claro";"Simples";"Curva";"Não";6;0;1;0;5;0;1;4;-29,0090907;-51,56456778;"SPRF-RS";"DEL06-RS";"UOP02-DEL06-RS"
655598;2025-01-17;"sexta-feira";"12:00:00";"CE";20;219;"BOA VIAGEM";"Pista esburacada";"Saída de leito carroçável";"Com Vítimas Feridas";"Pleno dia";"Decrescente";"Céu Claro";"Simples";"Reta";"Não";5;0;1;0;4;0;1;1;-5,00474996;-39,66633507;"SPRF-CE";"DEL02-CE";"UOP02-DEL02-CE"
655600;2025-01-17;"sexta-feira";"12:20:00";"GO";153;515;"APARECIDA DE GOIANIA";"Ausência de reação do condutor";"Colisão transversal";"Com Vítimas Feridas";"Pleno dia";"Decrescente";"Céu Claro";"Dupla";"Reta";"Sim";2;0;1;0;1;0;1;2;-16,8413;-49,2454;"SPRF-GO";"DEL01-GO";"UOP03-DEL01-GO"
655602;2025-01-01;"quarta-feira";"20:10:00";"BA";101;222,5;"CRUZ DAS ALMAS";"Reação tardia ou ineficiente do condutor";"Colisão frontal";"Com Vítimas Feridas";"Plena Noite";"Crescente";"Céu Claro";"Simples";"Reta";"Sim";2;0;0;1;0;1;1;2;-12,678612;-39,138085;"SPRF-BA";"DEL01-BA";"UOP02-DEL01-BA"
655603;2025-01-08;"quarta-feira";"15:18:00";"GO";20;129,8;"FLORES DE GOIAS";"Pista Escorregadia";"Saída de leito carroçável";"Sem Vítimas";"Pleno dia";"Decrescente";"Ignorado";"Simples";"Reta";"Não";1;0;0;0;0;1;0;1;-14,846278;-46,750543;"SPRF-DF";"DEL02-DF";"UOP03-DEL02-DF"
655604;2025-01-17;"sexta-feira";"12:00:00";"DF";20;9;"BRASILIA";"Entrada inopinada do pedestre";"Atropelamento de Pedestre";"Com Vítimas Feridas";"Pleno dia";"Crescente";"Céu Claro";"Dupla";"Aclive;Reta";"Sim";2;0;0;1;1;0;1;2;-15,654671;-47,782917;"SPRF-DF";"DEL02-DF";"UOP01-DEL02-DF"
655605;2025-01-17;"sexta-feira";"12:00:00";"RS";285;313,3;"PASSO FUNDO";"Demais falhas mecânicas ou elétricas";"Saída de leito carroçável";"Com Vítimas Feridas";"Pleno dia";"Decrescente";"Céu Claro";"Simples";"Reta";"Não";4;0;1;0;3;0;1;1;-28,242607;-52,563049;"SPRF-RS";"DEL08-RS";"UOP03-DEL08-RS"
655609;2025-01-17;"sexta-feira";"12:00:00";"MG";381;456;"BELO HORIZONTE";"Velocidade Incompatível";"Colisão com objeto";"Sem Vítimas";"Pleno dia";"Crescente";"Sol";"Dupla";"Retorno Regulamentado;Reta";"Sim";3;0;0;0;3;0;0;2;-19,85862954;-43,91292495;"SPRF-MG";"DEL01-MG";"UOP01-DEL01-MG"
655612;2025-01-17;"sexta-feira";"13:19:00";"SP";0;0;"SAO PAULO";"Trafegar com motocicleta (ou similar) entre as faixas";"Colisão lateral mesmo sentido";"Com Vítimas Feridas";"Pleno dia";"Não Informado";"Céu Claro";"Múltipla";"Reta";"Sim";2;0;2;0;0;0;2;2;-23,51291902;-46,57604698;"SPRF-SP";"DEL01-SP";"UOP01-DEL01-SP"
655613;2025-01-17;"sexta-feira";"13:00:00";"MG";381;632;"OLIVEIRA";"Velocidade Incompatível";"Capotamento";"Com Vítimas Feridas";"Pleno dia";"Decrescente";"Céu Claro";"Dupla";"Reta";"Não";1;0;1;0;0;0;1;1;-20,86147692;-44,84048107;"SPRF-MG";"DEL04-MG";"UOP01-DEL04-MG"
655614;2025-01-09;"quinta-feira";"17:15:00";"SP";116;546;"BARRA DO TURVO";"Acumulo de água sobre o pavimento";"Colisão com objeto";"Com Vítimas Feridas";"Pleno dia";"Crescente";"Chuva";"Simples";"Declive;Curva";"Não";2;0;2;0;0;0;2;1;-24,95016699;-48,42400302;"SPRF-SP";"DEL05-SP";"UOP02-DEL05-SP"
655615;2025-01-15;"quarta-feira";"02:30:00";"RS";116;152;"CAXIAS DO SUL";"Animais na Pista";"Atropelamento de Animal";"Com Vítimas Feridas";"Plena Noite";"Crescente";"Céu Claro";"Simples";"Curva";"Sim";1;0;0;1;0;0;1;1;-29,1829343;-51,16801501;"SPRF-RS";"DEL05-RS";"UOP01-DEL05-RS"
655616;2025-01-17;"sexta-feira";"12:00:00";"SC";282;22,9;"ARAQUARI";"Condutor deixou de manter distância do veículo da frente";"Colisão traseira";"Com Vítimas Feridas";"Pleno dia";"Crescente";"Nublado";"Simples";"Reta";"Sim";2;0;0;1;1;0;1;2;-26,371398;-48,710853;"SPRF-SC";"DEL01-SC";"UOP02-DEL01-SC"
655617;2025-01-17;"sexta-feira";"13:45:00";"RJ";116;111;"DUQUE DE CAXIAS";"Reação tardia ou ineficiente do condutor";"Colisão traseira";"Com Vítimas Feridas";"Pleno dia";"Decrescente";"Sol";"Múltipla";"Reta";"Sim";3;0;1;0;2;0;1;3;-22,69409078;-43,28796744;"SPRF-RJ";"DEL04-RJ";"UOP02-DEL04-RJ"
655618;2025-01-17;"sexta-feira";"13:30:00";"RJ";101;228;"SILVA JARDIM";"Ausência de reação do condutor";"Saída de leito carroçável";"Com Vítimas Feridas";"Pleno dia";"Decrescente";"Céu Claro";"Dupla";"Curva";"Não";3;0;2;0;1;0;2;1;-22,56241824;-42,35993577;"SPRF-RJ";"DEL02-RJ";"UOP03-DEL02-RJ"
655621;2025-01-17;"sexta-feira";"13:31:00";"PE";232;105;"BEZERROS";"Reação tardia ou ineficiente do condutor";"Colisão com objeto";"Com Vítimas Feridas";"Pleno dia";"Crescente";"Céu Claro";"Dupla";"Aclive;Curva";"Não";1;0;1;0;0;0;1;1;-8,25830415;-35,78275595;"SPRF-PE";"DEL02-PE";"UOP02-DEL02PE"
655623;2025-01-17;"sexta-feira";"05:30:00";"SC";101;181;"BIGUACU";"Acumulo de água sobre o pavimento";"Queda de ocupante de veículo";"Com Vítimas Feridas";"Amanhecer";"Decrescente";"Chuva";"Dupla";"Desvio Temporário";"Sim";1;0;1;0;0;0;1;1;-27,38958699;-48,63197593;"SPRF-SC";"DEL01-SC";"UOP01-DEL01-SC"
655624;2025-01-17;"sexta-feira";"14:10:00";"ES";101;151;"LINHARES";"Acesso irregular";"Colisão transversal";"Com Vítimas Feridas";"Pleno dia";"Crescente";"Céu Claro";"Simples";"Interseção de Vias;Curva";"Não";3;0;1;0;2;0;1;3;-19,41730794;-40,06842479;"SPRF-ES";"DEL04-ES";"UOP01-DEL04-ES"
655625;2025-01-17;"sexta-feira";"14:40:00";"RJ";116;186;"NOVA IGUACU";"Condutor deixou de manter distância do veículo da frente";"Colisão traseira";"Com Vítimas Feridas";"Pleno dia";"Crescente";"Céu Claro";"Simples";"Reta";"Não";3;0;2;0;1;0;2;2;-22,73962339;-43,46276495;"SPRF-RJ";"DEL06-RJ";"UOP01-DEL06-RJ"
655626;2025-01-17;"sexta-feira";"14:10:00";"SP";116;143,8;"SAO JOSE DOS CAMPOS";"Trafegar com motocicleta (ou similar) entre as faixas";"Colisão traseira";"Com Vítimas Feridas";"Pleno dia";"Decrescente";"Céu Claro";"Dupla";"Reta;Declive";"Sim";3;0;1;0;1;1;1;3;-23,16306214;-45,80729049;"SPRF-SP";"DEL02-SP";"UOP01-DEL02-SP"
655627;2025-01-17;"sexta-feira";"14:50:00";"RJ";116;172;"SAO JOAO DE MERITI";"Manobra de mudança de faixa";"Colisão traseira";"Com Vítimas Feridas";"Pleno dia";"Crescente";"Céu Claro";"Múltipla";"Reta";"Não";2;0;1;0;1;0;1;2;-22,80188151;-43,35043673;"SPRF-RJ";"DEL06-RJ";"UOP01-DEL06-RJ"
655629;2025-01-17;"sexta-feira";"14:30:00";"MG";116;721;"MURIAE";"Manobra de mudança de faixa";"Saída de leito carroçável";"Com Vítimas Feridas";"Pleno dia";"Crescente";"Céu Claro";"Simples";"Curva";"Sim";3;0;2;0;1;0;2;1;-21,25848136;-42,40177631;"SPRF-MG";"DEL07-MG";"UOP02-DEL07-MG"
655630;2025-01-17;"sexta-feira";"12:20:00";"MG";116;533,2;"SANTA RITA DE MINAS";"Ingestão de álcool pelo condutor";"Saída de leito carroçável";"Com Vítimas Feridas";"Pleno dia";"Crescente";"Céu Claro";"Simples";"Curva";"Não";2;0;2;0;0;0;2;1;-19,83624191;-42,13833241;"SPRF-MG";"DEL06-MG";"UOP02-DEL06-MG"
655631;2025-01-05;"domingo";"08:45:00";"SC";101;25;"JOINVILLE";"Demais falhas na via";"Queda de ocupante de veículo";"Com Vítimas Feridas";"Pleno dia";"Decrescente";"Chuva";"Simples";"Reta";"Não";2;0;1;1;0;0;2;1;-26,1834739;-48,9105912;"SPRF-SC";"DEL03-SC";"UOP01-DEL03-SC"
655633;2025-01-17;"sexta-feira";"13:20:00";"PE";316;238;"BELEM DE SAO FRANCISCO";"Reação tardia ou ineficiente do condutor";"Colisão traseira";"Sem Vítimas";"Pleno dia";"Crescente";"Céu Claro";"Simples";"Aclive";"Não";6;0;0;0;6;0;0;2;-8,62871324;-39,06725909;"SPRF-PE";"DEL05-PE";"UOP03-DEL05-PE"
655634;2025-01-17;"sexta-feira";"10:00:00";"MG";116;513,6;"UBAPORANGA";"Demais falhas mecânicas ou elétricas";"Tombamento";"Com Vítimas Feridas";"Pleno dia";"Crescente";"Sol";"Simples";"Reta;Aclive";"Não";2;0;2;0;0;0;2;1;-19,66981698;-42,11727987;"SPRF-MG";"DEL06-MG";"UOP02-DEL06-MG"
655636;2025-01-17;"sexta-feira";"13:45:00";"RS";153;544,9;"CACAPAVA DO SUL";"Ausência de reação do condutor";"Saída de leito carroçável";"Com Vítimas Feridas";"Pleno dia";"Decrescente";"Céu Claro";"Simples";"Curva";"Não";1;0;1;0;0;0;1;1;-30,7880152;-53,57513997;"SPRF-RS";"DEL09-RS";"UOP02-DEL09-RS"
655637;2025-01-17;"sexta-feira";"15:00:00";"PR";277;449,8;"LARANJEIRAS DO SUL";"Acessar a via sem observar a presença dos outros veículos";"Colisão lateral mesmo sentido";"Com Vítimas Feridas";"Pleno dia";"Crescente";"Céu Claro";"Simples";"Aclive;Reta";"Não";2;0;0;1;1;0;1;2;-25,36867502;-52,340728;"SPRF-PR";"DEL04-PR";"UOP02-DEL04-PR"
655639;2025-01-17;"sexta-feira";"14:50:00";"RS";290;37;"SANTO ANTONIO DA PATRULHA";"Ausência de reação do condutor";"Queda de ocupante de veículo";"Com Vítimas Feridas";"Pleno dia";"Decrescente";"Céu Claro";"Múltipla";"Reta";"Não";2;0;2;0;0;0;2;1;-29,885529;-50,62759;"SPRF-RS";"DEL03-RS";"UOP01-DEL03-RS"
655640;2025-01-17;"sexta-feira";"10:00:00";"BA";116;422;"FEIRA DE SANTANA";"Acessar a via sem observar a presença dos outros veículos";"Colisão lateral mesmo sentido";"Com Vítimas Feridas";"Pleno dia";"Decrescente";"Céu Claro";"Simples";"Reta";"Sim";2;0;1;0;1;0;1;2;-12,23156306;-38,96901347;"SPRF-BA";"DEL02-BA";"UOP01-DEL02-BA"
655641;2025-01-17;"sexta-feira";"16:00:00";"PE";408;81,4;"PAUDALHO";"Ausência de reação do condutor";"Colisão traseira";"Com Vítimas Feridas";"Pleno dia";"Decrescente";"Sol";"Dupla";"Reta";"Não";2;0;1;0;1;0;1;2;-7,93468246;-35,1301265;"SPRF-PE";"DEL01-PE";"UOP01-DEL01-PE"
655643;2025-01-17;"sexta-feira";"15:30:00";"PE";101;70;"RECIFE";"Ausência de reação do condutor";"Colisão traseira";"Com Vítimas Feridas";"Pleno dia";"Crescente";"Céu Claro";"Dupla";"Reta";"Não";2;0;1;0;0;1;1;2;-8,06776119;-34,94265074;"SPRF-PE";"DEL01-PE";"UOP01-DEL01-PE"
655645;2025-01-17;"sexta-feira";"15:10:00";"RN";304;293;"MACAIBA";"Condutor usando celular";"Saída de leito carroçável";"Sem Vítimas";"Pleno dia";"Crescente";"Sol";"Dupla";"Reta";"Não";1;0;0;0;1;0;0;1;-5,8689403;-35,38593292;"SPRF-RN";"DEL01-RN";"UOP02-DEL01-RN"
655648;2025-01-17;"sexta-feira";"15:30:00";"SC";101;131;"BALNEARIO CAMBORIU";"Acesso irregular";"Tombamento";"Com Vítimas Feridas";"Pleno dia";"Crescente";"Céu Claro";"Simples";"Interseção de Vias";"Sim";1;0;0;1;0;0;1;1;-26,99064209;-48,66310912;"SPRF-SC";"DEL04-SC";"UOP03-DEL04-SC"
655650;2025-01-17;"sexta-feira";"15:45:00";"MG";365;401;"PATOS DE MINAS";"Condutor deixou de manter distância do veículo da frente";"Colisão traseira";"Com Vítimas Feridas";"Pleno dia";"Crescente";"Céu Claro";"Simples";"Reta";"Não";5;0;1;0;4;0;1;2;-18,63309325;-46,4411538;"SPRF-MG";"DEL10-MG";"UOP01-DEL10-MG"
655652;2025-01-17;"sexta-feira";"15:00:00";"RJ";116;82;"TERESOPOLIS";"Retorno proibido";"Colisão transversal";"Com Vítimas Feridas";"Pleno dia";"Decrescente";"Céu Claro";"Simples";"Reta";"Sim";2;0;2;0;0;0;2;2;-22,4065491;-42,95136745;"SPRF-RJ";"DEL04-RJ";"UOP01-DEL04-RJ"
655653;2025-01-17;"sexta-feira";"16:00:00";"RJ";101;386;"RIO DE JANEIRO";"Velocidade Incompatível";"Colisão traseira";"Com Vítimas Feridas";"Pleno dia";"Crescente";"Céu Claro";"Dupla";"Reta";"Não";2;0;1;0;1;0;1;2;-22,88515046;-43,6468792;"SPRF-RJ";"DEL03-RJ";"UOP01-DEL03-RJ"
655654;2025-01-17;"sexta-feira";"11:00:00";"RJ";101;481;"ANGRA DOS REIS";"Ultrapassagem Indevida";"Colisão transversal";"Com Vítimas Feridas";"Pleno dia";"Crescente";"Céu Claro";"Simples";"Em Obras;Interseção de Vias;Reta";"Sim";3;0;1;1;1;0;2;2;-23,00976021;-44,29153237;"SPRF-RJ";"DEL03-RJ";"UOP03-DEL03-RJ"
655657;2025-01-17;"sexta-feira";"12:30:00";"SC";280;55;"GUARAMIRIM";"Reação tardia ou ineficiente do condutor";"Colisão transversal";"Com Vítimas Feridas";"Pleno dia";"Decrescente";"Nublado";"Múltipla";"Interseção de Vias;Reta";"Sim";2;0;1;0;1;0;1;2;-26,47584353;-48,9937858;"SPRF-SC";"DEL03-SC";"UOP03-DEL03-SC"
655659;2025-01-17;"sexta-feira";"16:20:00";"GO";60;232;"CEZARINA";"Acessar a via sem observar a presença dos outros veículos";"Colisão traseira";"Com Vítimas Feridas";"Pleno dia";"Decrescente";"Céu Claro";"Dupla";"Retorno Regulamentado";"Não";5;0;0;1;4;0;1;2;-17,0685;-49,806;"SPRF-GO";"DEL01-GO";"UOP02-DEL01-GO"
655660;2025-01-17;"sexta-feira";"15:10:00";"SC";101;159;"PORTO BELO";"Condutor deixou de manter distância do veículo da frente";"Colisão lateral mesmo sentido";"Com Vítimas Feridas";"Pleno dia";"Crescente";"Garoa/Chuvisco";"Dupla";"Reta";"Sim";2;0;1;0;1;0;1;2;-27,1998778;-48,61534236;"SPRF-SC";"DEL04-SC";"UOP03-DEL04-SC"
655665;2025-01-17;"sexta-feira";"17:00:00";"SP";116;110;"TAUBATE";"Ausência de reação do condutor";"Colisão com objeto";"Com Vítimas Feridas";"Anoitecer";"Decrescente";"Nublado";"Dupla";"Reta";"Sim";1;0;1;0;0;0;1;1;-23,03412614;-45,5526999;"SPRF-SP";"DEL02-SP";"UOP02-DEL02-SP"
655666;2025-01-17;"sexta-feira";"15:00:00";"RR";401;69;"BONFIM";"Ausência de reação do condutor";"Colisão traseira";"Com Vítimas Feridas";"Pleno dia";"Decrescente";"Sol";"Simples";"Reta";"Não";8;0;5;1;0;2;6;3;3,1629714;-60,23866122;"SPRF-RR";"DEL01-RR";"UOP01-DEL01-RR"
655668;2025-01-17;"sexta-feira";"17:50:00";"RS";116;254;"SAPUCAIA DO SUL";"Acessar a via sem observar a presença dos outros veículos";"Colisão lateral mesmo sentido";"Com Vítimas Feridas";"Pleno dia";"Decrescente";"Chuva";"Dupla";"Reta";"Sim";3;0;2;0;1;0;2;2;-29,82654797;-51,17241311;"SPRF-RS";"DEL01-RS";"UOP02-DEL01-RS"
655671;2025-01-17;"sexta-feira";"18:20:00";"PR";116;134;"FAZENDA RIO GRANDE";"Ultrapassagem Indevida";"Colisão transversal";"Com Vítimas Feridas";"Pleno dia";"Decrescente";"Nublado";"Dupla";"Reta";"Sim";3;0;2;1;0;0;3;2;-25,67510803;-49,3157007;"SPRF-PR";"DEL01-PR";"UOP03-DEL01-PR"
655673;2025-01-17;"sexta-feira";"17:00:00";"RS";285;238,5;"CASEIROS";"Condutor deixou de manter distância do veículo da frente";"Colisão traseira";"Com Vítimas Feridas";"Pleno dia";"Crescente";"Sol";"Simples";"Curva;Declive";"Não";5;0;2;0;3;0;2;2;-28,252514;-51,858852;"SPRF-RS";"DEL08-RS";"UOP03-DEL08-RS"
655674;2025-01-17;"sexta-feira";"17:00:00";"PE";316;37;"ARARIPINA";"Animais na Pista";"Atropelamento de Animal";"Com Vítimas Feridas";"Anoitecer";"Crescente";"Céu Claro";"Simples";"Reta";"Não";2;0;1;1;0;0;2;1;-7,65163984;-40,41197275;"SPRF-PE";"DEL05-PE";"UOP02-DEL05-PE"
655675;2025-01-17;"sexta-feira";"16:40:00";"MG";116;276;"TEOFILO OTONI";"Desrespeitar a preferência no cruzamento";"Colisão transversal";"Com Vítimas Feridas";"Pleno dia";"Crescente";"Céu Claro";"Dupla";"Retorno Regulamentado;Interseção de Vias;Rotatória";"Sim";3;0;0;1;2;0;1;2;-17,85139064;-41,51474833;"SPRF-MG";"DEL11-MG";"UOP01-DEL11-MG"
655676;2025-01-17;"sexta-feira";"17:55:00";"SC";116;226,4;"CORREIA PINTO";"Demais falhas mecânicas ou elétricas";"Queda de ocupante de veículo";"Com Vítimas Feridas";"Pleno dia";"Crescente";"Céu Claro";"Simples";"Reta";"Não";2;0;2;0;0;0;2;1;-27,627321;-50,34153899;"SPRF-SC";"DEL05-SC";"UOP03-DEL05-SC"
655677;2025-01-17;"sexta-feira";"18:30:00";"RS";116;252;"SAPUCAIA DO SUL";"Acumulo de água sobre o pavimento";"Colisão lateral mesmo sentido";"Com Vítimas Feridas";"Pleno dia";"Decrescente";"Chuva";"Dupla";"Reta";"Não";3;0;1;0;1;1;1;3;-29,80913395;-51,1675292;"SPRF-RS";"DEL01-RS";"UOP02-DEL01-RS"