"id";"data_inversa";"dia_semana";"horario";"uf";"br";"km";"municipio";"causa_acidente";"tipo_acidente";"classificacao_acidente";"fase_dia";"sentido_via";"condicao_metereologica";"tipo_pista";"tracado_via";"uso_solo";"pessoas";"mortos";"feridos_leves";"feridos_graves";"ilesos";"ignorados";"feridos";"veiculos";"latitude";"longitude";"regional";"delegacia";"uop"
655679;2025-01-17;"sexta-feira";"18:10:00";"GO";414;393;"CORUMBA DE GOIAS";"Desrespeitar a preferência no cruzamento";"Colisão transversal";"Com Vítimas Feridas";"Anoitecer";"Crescente";"Céu Claro";"Simples";"Interseção de Vias";"Sim";2;0;0;1;1;0;1;2;-15,91925897;-48,80882251;"SPRF-GO";"DEL02-GO";"UOP01-DEL02-GO"
655680;2025-01-17;"sexta-feira";"15:40:00";"PR";376;407;"TIBAGI";"Velocidade Incompatível";"Colisão com objeto";"Com Vítimas Feridas";"Pleno dia";"Decrescente";"Chuva";"Dupla";"Curva;Declive";"Não";2;0;1;0;1;0;1;1;-24,60239324;-50,66428737;"SPRF-PR";"DEL03-PR";"UOP02-DEL03-PR"
655681;2025-01-17;"sexta-feira";"14:30:00";"RJ";101;205;"CASIMIRO DE ABREU";"Ausência de reação do condutor";"Colisão traseira";"Com Vítimas Feridas";"Pleno dia";"Crescente";"Sol";"Dupla";"Reta";"Sim";2;0;0;1;1;0;1;2;-22,475714;-42,19184;"SPRF-RJ";"DEL08-RJ";"UOP04-DEL08-RJ"
655682;2025-01-17;"sexta-feira";"18:40:00";"GO";153;504;"APARECIDA DE GOIANIA";"Ausência de reação do condutor";"Colisão traseira";"Com Vítimas Feridas";"Plena Noite";"Crescente";"Céu Claro";"Dupla";"Reta";"Sim";2;0;0;1;1;0;1;2;-16,7451;-49,2408;"SPRF-GO";"DEL01-GO";"UOP01-DEL01-GO"
655683;2025-01-17;"sexta-feira";"18:00:00";"MG";40;553;"NOVA LIMA";"Condutor deixou de manter distância do veículo da frente";"Engavetamento";"Com Vítimas Feridas";"Anoitecer";"Decrescente";"Céu Claro";"Dupla";"Reta";"Sim";5;0;0;2;3;0;2;3;-20,06863326;-43,98194759;"SPRF-MG";"DEL01-MG";"UOP02-DEL01-MG"
655686;2025-01-17;"sexta-feira";"18:50:00";"PR";277;60,7;"SAO JOSE DOS PINHAIS";"Condutor usando celular";"Saída de leito carroçável";"Sem Vítimas";"Anoitecer";"Crescente";"Chuva";"Dupla";"Reta";"Não";1;0;0;0;1;0;0;1;-25,551218;-49,038642;"SPRF-PR";"DEL01-PR";"UOP01-DEL01-PR"
655687;2025-01-17;"sexta-feira";"17:15:00";"CE";230;80;"VARZEA ALEGRE";"Reação tardia ou ineficiente do condutor";"Colisão com objeto";"Com Vítimas Fatais";"Anoitecer";"Crescente";"Nublado";"Dupla";"Curva";"Sim";1;1;0;0;0;0;0;1;-6,79477201;-39,302597;"SPRF-CE";"DEL05-CE";"UOP01-DEL05-CE"
655688;2025-01-17;"sexta-feira";"17:00:00";"PR";280;280,5;"FLOR DA SERRA DO SUL";"Ultrapassagem Indevida";"Saída de leito carroçável";"Com Vítimas Feridas";"Pleno dia";"Decrescente";"Céu Claro";"Simples";"Reta";"Não";5;0;0;1;4;0;1;3;-26,24539005;-53,22355706;"SPRF-PR";"DEL02-PR";"UOP01-DEL02-PR"
655690;2025-01-17;"sexta-feira";"17:10:00";"RS";116;472,5;"SAO LOURENCO DO SUL";"Demais falhas mecânicas ou elétricas";"Incêndio";"Sem Vítimas";"Pleno dia";"Crescente";"Nublado";"Dupla";"Reta";"Não";1;0;0;0;1;0;0;1;-31,36343118;-52,08262687;"SPRF-RS";"DEL07-RS";"UOP01-DEL07-RS"
655691;2025-01-17;"sexta-feira";"18:54:00";"SP";153;42;"ONDA VERDE";"Demais falhas na via";"Tombamento";"Com Vítimas Feridas";"Anoitecer";"Decrescente";"Garoa/Chuvisco";"Simples";"Reta";"Não";2;0;1;0;1;0;1;1;-20,63725202;-49,33843793;"SPRF-SP";"DEL09-SP";"UOP01-DEL09-SP"
655692;2025-01-17;"sexta-feira";"15:05:00";"SP";116;509,5;"CAJATI";"Acumulo de água sobre o pavimento";"Queda de ocupante de veículo";"Com Vítimas Feridas";"Pleno dia";"Crescente";"Chuva";"Simples";"Curva";"Não";1;0;1;0;0;0;1;1;-24,82178987;-48,21419034;"SPRF-SP";"DEL05-SP";"UOP02-DEL05-SP"
655694;2025-01-17;"sexta-feira";"17:30:00";"PA";230;4,5;"ALTAMIRA";"Reação tardia ou ineficiente do condutor";"Colisão frontal";"Com Vítimas Feridas";"Pleno dia";"Decrescente";"Nublado";"Simples";"Reta";"Não";2;0;0;1;1;0;1;2;-3,18801523;-52,20411301;"SPRF-PA";"DEL03-PA";"UOP01-DEL03-PA"
655695;2025-01-17;"sexta-feira";"17:45:00";"RS";470;183;"VERANOPOLIS";"Transitar na contramão";"Colisão frontal";"Com Vítimas Fatais";"Pleno dia";"Decrescente";"Céu Claro";"Simples";"Reta";"Não";3;1;2;0;0;0;2;2;-28,99615608;-51,55829913;"SPRF-RS";"DEL06-RS";"UOP02-DEL06-RS"
655696;2025-01-17;"sexta-feira";"19:30:00";"RJ";40;91;"PETROPOLIS";"Acumulo de óleo sobre o pavimento";"Tombamento";"Com Vítimas Feridas";"Plena Noite";"Decrescente";"Céu Claro";"Dupla";"Curva;Aclive";"Sim";2;0;2;0;0;0;2;1;-22,54903566;-43,24229724;"SPRF-RJ";"DEL01-RJ";"UOP01-DEL01-RJ"
655697;2025-01-17;"sexta-feira";"19:30:00";"RN";406;115,7;"POCO BRANCO";"Animais na Pista";"Atropelamento de Animal";"Sem Vítimas";"Plena Noite";"Decrescente";"Céu Claro";"Simples";"Reta";"Não";1;0;0;0;1;0;0;1;-5,57023884;-35,71071495;"SPRF-RN";"DEL02-RN";"UOP01-DEL02-RN"
655699;2025-01-17;"sexta-feira";"18:40:00";"AL";104;88,2;"RIO LARGO";"Afundamento ou ondulação no pavimento";"Colisão lateral mesmo sentido";"Com Vítimas Fatais";"Plena Noite";"Crescente";"Céu Claro";"Dupla";"Em Obras;Reta";"Sim";1;1;0;0;0;0;0;1;-9,48375193;-35,81815581;"SPRF-AL";"DEL01-AL";"UOP01-DEL01-AL"
655700;2025-01-17;"sexta-feira";"19:08:00";"SC";280;51,4;"GUARAMIRIM";"Reação tardia ou ineficiente do condutor";"Queda de ocupante de veículo";"Com Vítimas Feridas";"Anoitecer";"Decrescente";"Garoa/Chuvisco";"Simples";"Retorno Regulamentado";"Não";1;0;1;0;0;0;1;1;-26,46538871;-48,95544449;"SPRF-SC";"DEL03-SC";"UOP03-DEL03-SC"
655702;2025-01-17;"sexta-feira";"19:00:00";"MG";381;491;"BETIM";"Ausência de reação do condutor";"Tombamento";"Com Vítimas Feridas";"Plena Noite";"Crescente";"Céu Claro";"Múltipla";"Reta";"Sim";1;0;1;0;0;0;1;1;-19,97018187;-44,18210416;"SPRF-MG";"DEL01-MG";"UOP03-DEL01-MG"
655703;2025-01-17;"sexta-feira";"20:20:00";"MG";116;277;"TEOFILO OTONI";"Acessar a via sem observar a presença dos outros veículos";"Atropelamento de Pedestre";"Com Vítimas Feridas";"Plena Noite";"Crescente";"Céu Claro";"Simples";"Interseção de Vias";"Não";2;0;0;2;0;0;2;2;-17,859945;-41,515144;"SPRF-MG";"DEL11-MG";"UOP01-DEL11-MG"
655704;2025-01-17;"sexta-feira";"19:50:00";"SC";280;193,3;"MAFRA";"Demais falhas mecânicas ou elétricas";"Incêndio";"Sem Vítimas";"Plena Noite";"Crescente";"Nublado";"Simples";"Reta";"Não";1;0;0;0;0;1;0;1;-26,17717048;-50,00641103;"SPRF-SC";"DEL06-SC";"UOP01-DEL06-SC"
655705;2025-01-17;"sexta-feira";"20:30:00";"RJ";116;180;"NOVA IGUACU";"Manobra de mudança de faixa";"Colisão lateral mesmo sentido";"Com Vítimas Feridas";"Plena Noite";"Crescente";"Céu Claro";"Dupla";"Reta";"Sim";2;0;1;0;1;0;1;2;-22,7651616;-43,4154728;"SPRF-RJ";"DEL06-RJ";"UOP01-DEL06-RJ"
655706;2025-01-17;"sexta-feira";"20:08:00";"RJ";101;326;"NITEROI";"Demais falhas mecânicas ou elétricas";"Queda de ocupante de veículo";"Com Vítimas Feridas";"Plena Noite";"Crescente";"Céu Claro";"Dupla";"Reta;Ponte";"Sim";2;0;2;0;0;0;2;1;-22,87206203;-43,146105;"SPRF-RJ";"DEL02-RJ";"UOP01-DEL02-RJ"
655710;2025-01-17;"sexta-feira";"20:30:00";"RS";116;534;"CAPAO DO LEAO";"Velocidade Incompatível";"Colisão traseira";"Com Vítimas Fatais";"Plena Noite";"Crescente";"Céu Claro";"Simples";"Reta;Ponte";"Não";3;1;2;0;0;0;2;2;-31,7821028;-52,46872114;"SPRF-RS";"DEL07-RS";"UOP01-DEL07-RS"
655711;2025-01-17;"sexta-feira";"19:05:00";"CE";222;230,8;"SOBRAL";"Ausência de reação do condutor";"Queda de ocupante de veículo";"Com Vítimas Feridas";"Plena Noite";"Crescente";"Nublado";"Simples";"Em Obras;Reta";"Não";1;0;0;1;0;0;1;1;-3,70054016;-40,39250394;"SPRF-CE";"DEL04-CE";"UOP01-DEL04-CE"
655713;2025-01-17;"sexta-feira";"19:25:00";"SC";101;204;"SAO JOSE";"Reação tardia ou ineficiente do condutor";"Tombamento";"Com Vítimas Feridas";"Plena Noite";"Decrescente";"Nublado";"Dupla";"Interseção de Vias;Reta";"Sim";1;0;1;0;0;0;1;1;-27,57413014;-48,61363083;"SPRF-SC";"DEL01-SC";"UOP01-DEL01-SC"
655715;2025-01-17;"sexta-feira";"20:25:00";"RS";290;418,5;"SAO GABRIEL";"Ausência de reação do condutor";"Colisão traseira";"Com Vítimas Feridas";"Plena Noite";"Decrescente";"Céu Claro";"Simples";"Rotatória";"Sim";4;0;1;0;3;0;1;2;-30,35225915;-54,33302522;"SPRF-RS";"DEL11-RS";"UOP02-DEL11-RS"
655716;2025-01-17;"sexta-feira";"20:10:00";"RS";290;83;"CACHOEIRINHA";"Avarias e/ou desgaste excessivo no pneu";"Queda de ocupante de veículo";"Com Vítimas Feridas";"Plena Noite";"Decrescente";"Céu Claro";"Múltipla";"Reta";"Sim";2;0;1;0;1;0;1;1;-29,96376;-51,097771;"SPRF-RS";"DEL01-RS";"UOP01-DEL01-RS"
655717;2025-01-17;"sexta-feira";"20:34:00";"RJ";101;274;"TANGUA";"Ausência de reação do condutor";"Colisão frontal";"Com Vítimas Feridas";"Plena Noite";"Decrescente";"Céu Claro";"Simples";"Reta";"Sim";3;0;1;0;2;0;1;2;-22,73506292;-42,71948103;"SPRF-RJ";"DEL02-RJ";"UOP03-DEL02-RJ"
655718;2025-01-17;"sexta-feira";"21:06:00";"PR";277;79,5;"CURITIBA";"Acessar a via sem observar a presença dos outros veículos";"Colisão lateral mesmo sentido";"Com Vítimas Feridas";"Plena Noite";"Decrescente";"Céu Claro";"Dupla";"Reta";"Sim";3;0;2;0;1;0;2;2;-25,4759819;-49,20713745;"SPRF-PR";"DEL01-PR";"UOP07-DEL01-PR"
655719;2025-01-17;"sexta-feira";"19:15:00";"ES";101;256;"SERRA";"Acesso irregular";"Colisão transversal";"Com Vítimas Feridas";"Plena Noite";"Crescente";"Céu Claro";"Simples";"Aclive";"Sim";3;0;1;0;1;1;1;3;-20,119123;-40,311005;"SPRF-ES";"DEL02-ES";"UOP01-DEL02-ES"
655720;2025-01-17;"sexta-feira";"21:05:00";"RS";153;48,7;"ERECHIM";"Velocidade Incompatível";"Tombamento";"Com Vítimas Feridas";"Plena Noite";"Decrescente";"Céu Claro";"Dupla";"Reta";"Sim";1;0;1;0;0;0;1;1;-27,65118001;-52,257248;"SPRF-RS";"DEL08-RS";"UOP04-DEL08-RS"
655723;2025-01-17;"sexta-feira";"19:05:00";"AL";423;103,5;"DELMIRO GOUVEIA";"Deficiência do Sistema de Iluminação/Sinalização";"Colisão traseira";"Com Vítimas Feridas";"Plena Noite";"Decrescente";"Céu Claro";"Simples";"Reta;Aclive";"Não";4;0;3;0;1;0;3;3;-9,4027224;-38,1818248;"SPRF-BA";"DEL07-BA";"UOP01-DEL07-BA"
655725;2025-01-17;"sexta-feira";"19:15:00";"RJ";40;108;"DUQUE DE CAXIAS";"Reação tardia ou ineficiente do condutor";"Colisão frontal";"Com Vítimas Feridas";"Plena Noite";"Decrescente";"Céu Claro";"Múltipla";"Reta";"Sim";2;0;1;0;1;0;1;2;-22,66476979;-43,28495144;"SPRF-RJ";"DEL01-RJ";"UOP02-DEL01-RJ"
655726;2025-01-17;"sexta-feira";"21:20:00";"PR";277;2,3;"PARANAGUA";"Ausência de reação do condutor";"Tombamento";"Com Vítimas Feridas";"Plena Noite";"Decrescente";"Céu Claro";"Simples";"Curva";"Não";1;0;0;1;0;0;1;1;-25,535518;-48,555151;"SPRF-PR";"DEL01-PR";"UOP05-DEL01-PR"
655727;2025-01-17;"sexta-feira";"21:40:00";"PE";101;48;"ABREU E LIMA";"Ausência de reação do condutor";"Colisão traseira";"Com Vítimas Feridas";"Plena Noite";"Crescente";"Céu Claro";"Dupla";"Reta";"Sim";2;0;1;0;1;0;1;2;-7,89174705;-34,9033493;"SPRF-PE";"DEL01-PE";"UOP02-DEL01-PE"
655729;2025-01-17;"sexta-feira";"21:15:00";"CE";222;2,5;"FORTALEZA";"Desrespeitar a preferência no cruzamento";"Colisão transversal";"Com Vítimas Feridas";"Plena Noite";"Decrescente";"Céu Claro";"Múltipla";"Interseção de Vias";"Sim";2;0;1;1;0;0;2;2;-3,73911117;-38,58687498;"SPRF-CE";"DEL01-CE";"UOP01-DEL01-CE"
655730;2025-01-17;"sexta-feira";"21:35:00";"DF";20;2;"BRASILIA";"Manobra de mudança de faixa";"Colisão transversal";"Com Vítimas Feridas";"Plena Noite";"Crescente";"Nublado";"Dupla";"Retorno Regulamentado;Reta";"Sim";2;0;0;1;1;0;1;2;-15,682896;-47,840729;"SPRF-DF";"DEL02-DF";"UOP01-DEL02-DF"
655731;2025-01-17;"sexta-feira";"20:10:00";"RJ";40;119;"DUQUE DE CAXIAS";"Reação tardia ou ineficiente do condutor";"Tombamento";"Com Vítimas Feridas";"Plena Noite";"Crescente";"Céu Claro";"Múltipla";"Curva";"Sim";1;0;1;0;0;0;1;1;-22,76375592;-43,28683062;"SPRF-RJ";"DEL01-RJ";"UOP02-DEL01-RJ"
655732;2025-01-17;"sexta-feira";"20:30:00";"RJ";101;384;"RIO DE JANEIRO";"Velocidade Incompatível";"Queda de ocupante de veículo";"Com Vítimas Feridas";"Plena Noite";"Decrescente";"Nublado";"Dupla";"Reta";"Sim";1;0;1;0;0;0;1;1;-22,87911609;-43,62323999;"SPRF-RJ";"DEL03-RJ";"UOP01-DEL03-RJ"
655733;2025-01-17;"sexta-feira";"21:50:00";"RS";116;317;"BARRA DO RIBEIRO";"Ingestão de álcool pelo condutor";"Colisão lateral mesmo sentido";"Com Vítimas Feridas";"Plena Noite";"Decrescente";"Céu Claro";"Dupla";"Reta;Aclive";"Não";2;0;1;0;1;0;1;2;-30,28157609;-51,41240974;"SPRF-RS";"DEL02-RS";"UOP01-DEL02-RS"
655734;2025-01-17;"sexta-feira";"20:30:00";"MS";163;743;"COXIM";"Ingestão de álcool pelo condutor";"Colisão com objeto";"Sem Vítimas";"Plena Noite";"Crescente";"Chuva";"Simples";"Declive";"Não";3;0;0;0;3;0;0;1;-18,40730994;-54,67814203;"SPRF-MS";"DEL06-MS";"UOP01-DEL06-MS"
655735;2025-01-17;"sexta-feira";"22:30:00";"SP";116;109;"TAUBATE";"Reação tardia ou ineficiente do condutor";"Tombamento";"Com Vítimas Feridas";"Plena Noite";"Decrescente";"Céu Claro";"Múltipla";"Reta";"Sim";2;0;2;0;0;0;2;1;-23,02871304;-45,54517097;"SPRF-SP";"DEL02-SP";"UOP02-DEL02-SP"
655736;2025-01-17;"sexta-feira";"16:40:00";"RJ";40;99;"DUQUE DE CAXIAS";"Acesso irregular";"Colisão lateral mesmo sentido";"Com Vítimas Feridas";"Pleno dia";"Crescente";"Céu Claro";"Dupla";"Reta";"Não";6;0;0;1;5;0;1;4;-22,58585204;-43,27716391;"SPRF-RJ";"DEL01-RJ";"UOP01-DEL01-RJ"
655737;2025-01-17;"sexta-feira";"21:20:00";"RJ";101;406;"ITAGUAI";"Ultrapassagem Indevida";"Colisão lateral mesmo sentido";"Com Vítimas Feridas";"Plena Noite";"Crescente";"Céu Claro";"Dupla";"Reta";"Sim";2;0;1;0;1;0;1;2;-22,87188798;-43,80896322;"SPRF-RJ";"DEL03-RJ";"UOP01-DEL03-RJ"
655738;2025-01-17;"sexta-feira";"22:13:00";"PE";232;80,6;"GRAVATA";"Trafegar com motocicleta (ou similar) entre as faixas";"Colisão transversal";"Com Vítimas Feridas";"Plena Noite";"Crescente";"Céu Claro";"Simples";"Reta";"Sim";3;0;0;3;0;0;3;2;-8,19579864;-35,56962305;"SPRF-PE";"DEL02-PE";"UOP02-DEL02PE"
655739;2025-01-17;"sexta-feira";"19:52:00";"PI";343;142;"PIRACURUCA";"Manobra de mudança de faixa";"Colisão lateral mesmo sentido";"Sem Vítimas";"Plena Noite";"Crescente";"Céu Claro";"Simples";"Reta";"Sim";2;0;0;0;2;0;0;2;-3,937132;-41,717117;"SPRF-PI";"DEL02-PI";"UOP01-DEL02-PI"
655740;2025-01-17;"sexta-feira";"21:50:00";"RS";448;18;"CANOAS";"Ausência de reação do condutor";"Colisão traseira";"Com Vítimas Feridas";"Plena Noite";"Crescente";"Céu Claro";"Dupla";"Reta";"Sim";2;0;2;0;0;0;2;2;-29,944614;-51,204464;"SPRF-RS";"DEL01-RS";"UOP01-DEL01-RS"
655741;2025-01-17;"sexta-feira";"18:40:00";"SC";282;216;"LAGES";"Entrada inopinada do pedestre";"Atropelamento de Pedestre";"Com Vítimas Feridas";"Pleno dia";"Decrescente";"Nublado";"Simples";"Aclive;Reta";"Sim";2;0;1;0;1;0;1;2;-27,79434465;-50,28265357;"SPRF-SC";"DEL05-SC";"UOP01-DEL05-SC"
655742;2025-01-17;"sexta-feira";"22:10:00";"MG";116;410,7;"GOVERNADOR VALADARES";"Velocidade Incompatível";"Colisão traseira";"Com Vítimas Feridas";"Plena Noite";"Decrescente";"Céu Claro";"Simples";"Reta";"Sim";3;0;3;0;0;0;3;2;-18,855625;-41,975623;"SPRF-MG";"DEL06-MG";"UOP01-DEL06-MG"
655743;2025-01-17;"sexta-feira";"22:45:00";"PR";369;480,7;"CORBELIA";"Acessar a via sem observar a presença dos outros veículos";"Colisão transversal";"Com Vítimas Fatais";"Plena Noite";"Decrescente";"Céu Claro";"Simples";"Curva";"Não";4;1;0;0;1;2;0;4;-24,76033;-53,2937;"SPRF-PR";"DEL04-PR";"UOP03-DEL04-PR"
655744;2025-01-17;"sexta-feira";"22:00:00";"MG";40;565;"NOVA LIMA";"Ingestão de álcool pelo condutor";"Engavetamento";"Sem Vítimas";"Plena Noite";"Decrescente";"Céu Claro";"Simples";"Reta";"Não";4;0;0;0;4;0;0;3;-20,16985101;-43,96554788;"SPRF-MG";"DEL01-MG";"UOP02-DEL01-MG"
655745;2025-01-17;"sexta-feira";"23:00:00";"PE";232;67;"GRAVATA";"Demais falhas mecânicas ou elétricas";"Incêndio";"Sem Vítimas";"Plena Noite";"Crescente";"Céu Claro";"Dupla";"Reta";"Não";1;0;0;0;1;0;0;1;-8,16733;-35,46734;"SPRF-PE";"DEL02-PE";"UOP02-DEL02PE"
655746;2025-01-17;"sexta-feira";"18:35:00";"PR";277;509,7;"GUARANIACU";"Ingestão de álcool pelo condutor";"Colisão frontal";"Com Vítimas Fatais";"Anoitecer";"Crescente";"Céu Claro";"Simples";"Reta";"Não";6;2;3;1;0;0;4;2;-25,12162365;-52,77960777;"SPRF-PR";"DEL04-PR";"UOP04-DEL04-PR"
655747;2025-01-17;"sexta-feira";"22:30:00";"PR";277;181;"PALMEIRA";"Condutor deixou de manter distância do veículo da frente";"Colisão traseira";"Sem Vítimas";"Plena Noite";"Crescente";"Nublado";"Simples";"Reta";"Não";3;0;0;0;3;0;0;2;-25,42668717;-50,06984711;"SPRF-PR";"DEL08-PR";"UOP02-DEL08-PR"
655748;2025-01-17;"sexta-feira";"19:00:00";"RS";285;91,8;"MONTE ALEGRE DOS CAMPOS";"Avarias e/ou desgaste excessivo no pneu";"Saída de leito carroçável";"Com Vítimas Feridas";"Plena Noite";"Crescente";"Céu Claro";"Simples";"Reta";"Não";1;0;1;0;0;0;1;1;-28,611689;-50,698742;"SPRF-RS";"DEL05-RS";"UOP03-DEL05-RS"
655749;2025-01-18;"sábado";"00:20:00";"RS";285;197;"LAGOA VERMELHA";"Ingestão de álcool pelo condutor";"Saída de leito carroçável";"Com Vítimas Feridas";"Plena Noite";"Crescente";"Céu Claro";"Simples";"Reta";"Sim";1;0;1;0;0;0;1;1;-28,218493;-51,509666;"SPRF-RS";"DEL08-RS";"UOP05-DEL08-RS"
655750;2025-01-17;"sexta-feira";"23:00:00";"MG";356;279,4;"EUGENOPOLIS";"Condutor usando celular";"Saída de leito carroçável";"Com Vítimas Feridas";"Plena Noite";"Decrescente";"Nublado";"Simples";"Curva;Declive";"Não";1;0;1;0;0;0;1;1;-21,12514202;-42,254502;"SPRF-MG";"DEL07-MG";"UOP02-DEL07-MG"
655751;2025-01-18;"sábado";"00:10:00";"PR";369;160,1;"CAMBE";"Ingestão de álcool pelo condutor";"Colisão traseira";"Com Vítimas Feridas";"Pleno dia";"Crescente";"Chuva";"Dupla";"Aclive;Curva";"Sim";5;0;1;0;4;0;1;2;-23,2815743;-51,25538282;"SPRF-PR";"DEL07-PR";"UOP01-DEL07-PR"
655752;2025-01-17;"sexta-feira";"22:00:00";"MT";364;399;"CUIABA";"Acesso irregular";"Colisão transversal";"Com Vítimas Fatais";"Plena Noite";"Crescente";"Céu Claro";"Dupla";"Reta";"Sim";3;1;0;0;1;1;0;3;-15,68642489;-55,91347495;"SPRF-MT";"DEL01-MT";"UOP02-DEL01-MT"
655754;2025-01-18;"sábado";"00:28:00";"PE";101;70,8;"RECIFE";"Pedestre cruzava a pista fora da faixa";"Atropelamento de Pedestre";"Com Vítimas Feridas";"Plena Noite";"Crescente";"Céu Claro";"Dupla";"Reta";"Não";2;0;1;1;0;0;2;2;-8,06776119;-34,94265074;"SPRF-PE";"DEL01-PE";"UOP01-DEL01-PE"
655756;2025-01-18;"sábado";"01:05:00";"PR";376;172,8;"MARINGA";"Velocidade Incompatível";"Colisão com objeto";"Sem Vítimas";"Plena Noite";"Decrescente";"Nublado";"Dupla";"Desvio Temporário;Em Obras;Reta";"Sim";2;0;0;0;0;2;0;2;-23,4172197;-51,9589231;"SPRF-PR";"DEL09-PR";"UOP01-DEL09-PR"
655759;2025-01-18;"sábado";"02:15:00";"MG";381;939;"EXTREMA";"Velocidade Incompatível";"Colisão com objeto";"Sem Vítimas";"Plena Noite";"Crescente";"Chuva";"Dupla";"Curva";"Não";2;0;0;0;2;0;0;1;-22,81752232;-46,29466936;"SPRF-MG";"DEL16-MG";"UOP03-DEL16-MG"
655760;2025-01-18;"sábado";"01:49:00";"GO";153;505;"APARECIDA DE GOIANIA";"Trafegar com motocicleta (ou similar) entre as faixas";"Colisão lateral mesmo sentido";"Com Vítimas Feridas";"Plena Noite";"Crescente";"Nublado";"Dupla";"Reta";"Sim";2;0;0;1;1;0;1;2;-16,7537;-49,2411;"SPRF-GO";"DEL01-GO";"UOP01-DEL01-GO"
655761;2025-01-18;"sábado";"02:00:00";"RS";392;687,7;"ROQUE GONZALES";"Ausência de reação do condutor";"Saída de leito carroçável";"Com Vítimas Feridas";"Plena Noite";"Crescente";"Céu Claro";"Simples";"Reta";"Não";3;0;3;0;0;0;3;1;-28,10773448;-54,99793599;"SPRF-RS";"DEL10-RS";"UOP01-DEL10-RS"
655764;2025-01-17;"sexta-feira";"20:51:00";"MA";230;131;"PASTOS BONS";"Ausência de reação do condutor";"Saída de leito carroçável";"Com Vítimas Fatais";"Plena Noite";"Crescente";"Céu Claro";"Simples";"Curva;Declive";"Não";3;1;0;1;0;1;1;2;-6,58135488;-43,99116199;"SPRF-MA";"DEL05-MA";"UOP01-DEL05-MA"
655765;2025-01-18;"sábado";"03:30:00";"PR";369;192;"ARAPONGAS";"Ingestão de álcool pelo condutor";"Saída de leito carroçável";"Com Vítimas Feridas";"Plena Noite";"Decrescente";"Chuva";"Dupla";"Reta";"Não";1;0;1;0;0;0;1;1;-23,451288;-51,423193;"SPRF-PR";"DEL07-PR";"UOP03-DEL07-PR"
655767;2025-01-18;"sábado";"02:20:00";"RJ";116;130;"MAGE";"Ingestão de álcool pelo condutor";"Colisão lateral mesmo sentido";"Sem Vítimas";"Plena Noite";"Decrescente";"Céu Claro";"Dupla";"Reta";"Não";4;0;0;0;4;0;0;2;-22,66471224;-43,11056004;"SPRF-RJ";"DEL04-RJ";"UOP02-DEL04-RJ"
655768;2025-01-18;"sábado";"03:30:00";"PR";163;197;"CASCAVEL";"Ausência de reação do condutor";"Saída de leito carroçável";"Com Vítimas Feridas";"Plena Noite";"Crescente";"Céu Claro";"Dupla";"Interseção de Vias";"Não";1;0;1;0;0;0;1;1;-25,0266387;-53,54866549;"SPRF-PR";"DEL05-PR";"UOP05-DEL05-PR"
655770;2025-01-18;"sábado";"04:15:00";"RJ";101;318;"SAO GONCALO";"Demais falhas mecânicas ou elétricas";"Queda de ocupante de veículo";"Com Vítimas Feridas";"Plena Noite";"Crescente";"Céu Claro";"Dupla";"Reta";"Sim";1;0;1;0;0;0;1;1;-22,84562994;-43,09841211;"SPRF-RJ";"DEL02-RJ";"UOP02-DEL02-RJ"
655772;2025-01-18;"sábado";"05:05:00";"PE";232;24,5;"MORENO";"Acessar a via sem observar a presença dos outros veículos";"Colisão traseira";"Com Vítimas Feridas";"Amanhecer";"Decrescente";"Céu Claro";"Dupla";"Reta";"Não";3;0;0;2;1;0;2;2;-8,10482918;-35,10351264;"SPRF-PE";"DEL01-PE";"UOP01-DEL01-PE"
655773;2025-01-18;"sábado";"05:10:00";"BA";324;621;"SALVADOR";"Ausência de reação do condutor";"Colisão traseira";"Com Vítimas Feridas";"Amanhecer";"Decrescente";"Céu Claro";"Múltipla";"Reta";"Sim";3;0;2;0;1;0;2;2;-12,932743;-38,471325;"SPRF-BA";"DEL01-BA";"UOP01-DEL01-BA"
655774;2025-01-18;"sábado";"05:20:00";"GO";60;90;"ANAPOLIS";"Reação tardia ou ineficiente do condutor";"Saída de leito carroçável";"Com Vítimas Feridas";"Plena Noite";"Decrescente";"Nevoeiro/Neblina";"Dupla";"Reta";"Sim";1;0;0;1;0;0;1;1;-16,3427;-48,9019;"SPRF-GO";"DEL02-GO";"UOP01-DEL02-GO"
655775;2025-01-18;"sábado";"05:20:00";"SC";101;203;"SAO JOSE";"Velocidade Incompatível";"Capotamento";"Com Vítimas Feridas";"Amanhecer";"Crescente";"Céu Claro";"Dupla";"Reta";"Sim";2;0;1;1;0;0;2;1;-27,5650044;-48,61460082;"SPRF-SC";"DEL01-SC";"UOP01-DEL01-SC"
655777;2025-01-18;"sábado";"02:00:00";"PB";230;512;"CAJAZEIRAS";"Animais na Pista";"Atropelamento de Animal";"Com Vítimas Feridas";"Plena Noite";"Crescente";"Nublado";"Simples";"Reta";"Não";1;0;0;1;0;0;1;1;-6,8878;-38,605;"SPRF-PB";"DEL03-PB";"UOP03-DEL03-PB"
655779;2025-01-18;"sábado";"05:00:00";"SP";116;156;"SAO JOSE DOS CAMPOS";"Ausência de reação do condutor";"Colisão traseira";"Sem Vítimas";"Amanhecer";"Decrescente";"Céu Claro";"Múltipla";"Reta";"Sim";2;0;0;0;2;0;0;2;-23,25044084;-45,93572909;"SPRF-SP";"DEL02-SP";"UOP01-DEL02-SP"