"id";"data_inversa";"dia_semana";"horario";"uf";"br";"km";"municipio";"causa_acidente";"tipo_acidente";"classificacao_acidente";"fase_dia";"sentido_via";"condicao_metereologica";"tipo_pista";"tracado_via";"uso_solo";"pessoas";"mortos";"feridos_leves";"feridos_graves";"ilesos";"ignorados";"feridos";"veiculos";"latitude";"longitude";"regional";"delegacia";"uop"
655782;2025-01-18;"sábado";"05:30:00";"PR";369;179;"ARAPONGAS";"Ausência de reação do condutor";"Saída de leito carroçável";"Com Vítimas Fatais";"Amanhecer";"Decrescente";"Nublado";"Dupla";"Desvio Temporário;Reta";"Não";1;1;0;0;0;0;0;1;-23,360223;-51,398182;"SPRF-PR";"DEL07-PR";"UOP03-DEL07-PR"
655783;2025-01-18;"sábado";"06:30:00";"SC";282;3,6;"FLORIANOPOLIS";"Manobra de mudança de faixa";"Colisão lateral mesmo sentido";"Com Vítimas Feridas";"Pleno dia";"Decrescente";"Céu Claro";"Múltipla";"Reta";"Sim";2;0;1;0;1;0;1;2;-27,600384;-48,599705;"SPRF-SC";"DEL01-SC";"UOP01-DEL01-SC"
655784;2025-01-17;"sexta-feira";"22:40:00";"RJ";101;236,7;"SILVA JARDIM";"Ausência de reação do condutor";"Colisão com objeto";"Com Vítimas Feridas";"Plena Noite";"Crescente";"Céu Claro";"Simples";"Viaduto;Curva;Retorno Regulamentado";"Não";3;0;2;0;1;0;2;1;-22,61013794;-42,40427401;"SPRF-RJ";"DEL02-RJ";"UOP03-DEL02-RJ"
655787;2025-01-18;"sábado";"06:00:00";"RS";392;71,5;"PELOTAS";"Ausência de reação do condutor";"Saída de leito carroçável";"Sem Vítimas";"Amanhecer";"Crescente";"Nublado";"Simples";"Reta";"Sim";1;0;0;0;0;1;0;1;-31,72790198;-52,38685478;"SPRF-RS";"DEL07-RS";"UOP01-DEL07-RS"
655790;2025-01-17;"sexta-feira";"03:00:00";"AM";0;0;"MANAUS";"Manobra de mudança de faixa";"Colisão lateral mesmo sentido";"Sem Vítimas";"Plena Noite";"Não Informado";"Céu Claro";"Múltipla";"Reta";"Sim";2;0;0;0;2;0;0;2;-3,133801;-59,979615;"SPRF-AM";"DEL01-AM";"UOP03-DEL01-AM"
655791;2025-01-18;"sábado";"07:45:00";"SC";101;195,2;"BIGUACU";"Transitar na contramão";"Colisão frontal";"Com Vítimas Feridas";"Pleno dia";"Crescente";"Céu Claro";"Simples";"Reta;Interseção de Vias";"Sim";2;0;1;0;1;0;1;2;-27,5047092;-48,65010819;"SPRF-SC";"DEL01-SC";"UOP01-DEL01-SC"
655792;2025-01-18;"sábado";"08:00:00";"SC";280;122,4;"SAO BENTO DO SUL";"Acessar a via sem observar a presença dos outros veículos";"Colisão transversal";"Com Vítimas Feridas";"Pleno dia";"Crescente";"Céu Claro";"Simples";"Declive;Interseção de Vias;Rotatória";"Não";2;0;1;0;1;0;1;2;-26,24540725;-49,46037412;"SPRF-SC";"DEL06-SC";"UOP03-DEL06-SC"
655793;2025-01-14;"terça-feira";"22:55:00";"PR";277;586;"CASCAVEL";"Ausência de reação do condutor";"Colisão com objeto";"Com Vítimas Feridas";"Plena Noite";"Decrescente";"Chuva";"Simples";"Curva";"Sim";1;0;1;0;0;0;1;1;-24,9649472;-53,4210459;"SPRF-PR";"DEL04-PR";"UOP01-DEL04-PR"
655794;2025-01-18;"sábado";"07:00:00";"ES";101;148;"LINHARES";"Ausência de reação do condutor";"Engavetamento";"Com Vítimas Feridas";"Pleno dia";"Crescente";"Céu Claro";"Dupla";"Reta";"Sim";3;0;1;0;2;0;1;3;-19,38787399;-40,06752766;"SPRF-ES";"DEL04-ES";"UOP01-DEL04-ES"
655795;2025-01-18;"sábado";"07:55:00";"RS";470;209;"BENTO GONCALVES";"Acessar a via sem observar a presença dos outros veículos";"Colisão transversal";"Com Vítimas Feridas";"Pleno dia";"Decrescente";"Céu Claro";"Simples";"Curva";"Sim";2;0;1;0;1;0;1;2;-29,10894598;-51,54542236;"SPRF-RS";"DEL06-RS";"UOP01-DEL06-RS"
655797;2025-01-18;"sábado";"06:40:00";"MG";50;21;"UBERLANDIA";"Acessar a via sem observar a presença dos outros veículos";"Colisão transversal";"Com Vítimas Feridas";"Pleno dia";"Crescente";"Céu Claro";"Simples";"Declive";"Não";2;0;0;1;1;0;1;2;-18,9113;-48,2622;"SPRF-MG";"DEL15-MG";"UOP01-DEL15-MG"
655798;2025-01-18;"sábado";"08:40:00";"SP";381;44;"ATIBAIA";"Velocidade Incompatível";"Capotamento";"Com Vítimas Feridas";"Pleno dia";"Decrescente";"Céu Claro";"Simples";"Declive;Reta";"Sim";2;0;2;0;0;0;2;1;-23,16458615;-46,57418959;"SPRF-SP";"DEL03-SP";"UOP01-DEL03-SP"
655800;2025-01-18;"sábado";"04:50:00";"MA";135;156,7;"MATOES DO NORTE";"Condutor Dormindo";"Saída de leito carroçável";"Com Vítimas Feridas";"Plena Noite";"Crescente";"Ignorado";"Simples";"Reta";"Não";2;0;1;0;1;0;1;1;-3,81361914;-44,51476862;"SPRF-MA";"DEL03-MA";"UOP01-DEL03-MA"
655801;2025-01-18;"sábado";"08:45:00";"SC";101;126,3;"ITAJAI";"Avarias e/ou desgaste excessivo no pneu";"Capotamento";"Com Vítimas Feridas";"Pleno dia";"Crescente";"Céu Claro";"Dupla";"Curva";"Sim";4;0;0;1;3;0;1;1;-26,95564404;-48,67978366;"SPRF-SC";"DEL04-SC";"UOP04-DEL04-SC"
655803;2025-01-18;"sábado";"07:30:00";"PR";116;38;"CAMPINA GRANDE DO SUL";"Ausência de reação do condutor";"Saída de leito carroçável";"Com Vítimas Feridas";"Pleno dia";"Decrescente";"Chuva";"Dupla";"Curva";"Não";5;0;3;0;2;0;3;1;-25,14802509;-48,85922071;"SPRF-PR";"DEL01-PR";"UOP02-DEL01-PR"
655805;2025-01-18;"sábado";"09:50:00";"SP";488;2;"APARECIDA";"Reação tardia ou ineficiente do condutor";"Colisão traseira";"Com Vítimas Feridas";"Pleno dia";"Crescente";"Céu Claro";"Dupla";"Reta";"Sim";3;0;1;0;1;1;1;3;-22,849216;-45,236801;"SPRF-SP";"DEL08-SP";"UOP01-DEL08-SP"
655806;2025-01-18;"sábado";"03:45:00";"MG";365;651;"UBERLANDIA";"Condutor Dormindo";"Saída de leito carroçável";"Com Vítimas Feridas";"Plena Noite";"Decrescente";"Céu Claro";"Dupla";"Reta;Declive";"Não";3;0;2;0;1;0;2;1;-18,86755464;-48,56819793;"SPRF-MG";"DEL15-MG";"UOP01-DEL15-MG"
655807;2025-01-18;"sábado";"09:00:00";"SC";280;92;"CORUPA";"Demais falhas mecânicas ou elétricas";"Incêndio";"Sem Vítimas";"Pleno dia";"Crescente";"Céu Claro";"Simples";"Curva";"Não";4;0;0;0;4;0;0;1;-26,39448258;-49,2950379;"SPRF-SC";"DEL06-SC";"UOP03-DEL06-SC"
655808;2025-01-18;"sábado";"10:00:00";"SC";470;54,5;"BLUMENAU";"Falta de elemento de contenção que evite a saída do leito carroçável";"Saída de leito carroçável";"Sem Vítimas";"Pleno dia";"Crescente";"Céu Claro";"Dupla";"Declive;Curva;Interseção de Vias";"Sim";1;0;0;0;0;1;0;1;-26,87300156;-49,11417067;"SPRF-SC";"DEL04-SC";"UOP01-DEL04-SC"
655809;2025-01-18;"sábado";"09:50:00";"SP";116;145,1;"SAO JOSE DOS CAMPOS";"Reação tardia ou ineficiente do condutor";"Colisão traseira";"Com Vítimas Feridas";"Pleno dia";"Decrescente";"Sol";"Múltipla";"Reta";"Sim";3;0;1;0;2;0;1;2;-23,1869844;-45,8548078;"SPRF-SP";"DEL02-SP";"UOP01-DEL02-SP"
655810;2025-01-18;"sábado";"06:45:00";"RJ";101;479;"ANGRA DOS REIS";"Velocidade Incompatível";"Queda de ocupante de veículo";"Com Vítimas Feridas";"Pleno dia";"Decrescente";"Céu Claro";"Simples";"Curva";"Sim";1;0;0;1;0;0;1;1;-23,00854164;-44,27562028;"SPRF-RJ";"DEL03-RJ";"UOP03-DEL03-RJ"
655812;2025-01-18;"sábado";"10:07:00";"PE";316;33;"ARARIPINA";"Reação tardia ou ineficiente do condutor";"Colisão traseira";"Com Vítimas Feridas";"Pleno dia";"Crescente";"Céu Claro";"Simples";"Reta";"Não";3;0;2;0;1;0;2;2;-7,63100969;-40,44882886;"SPRF-PE";"DEL05-PE";"UOP02-DEL05-PE"
655813;2025-01-18;"sábado";"10:00:00";"SP";116;112,5;"TAUBATE";"Manobra de mudança de faixa";"Colisão traseira";"Com Vítimas Feridas";"Pleno dia";"Decrescente";"Sol";"Dupla";"Reta";"Não";3;0;2;0;1;0;2;2;-23,04159343;-45,57065616;"SPRF-SP";"DEL02-SP";"UOP02-DEL02-SP"
655814;2025-01-18;"sábado";"10:35:00";"SP";101;47;"UBATUBA";"Conversão proibida";"Colisão transversal";"Com Vítimas Feridas";"Pleno dia";"Decrescente";"Céu Claro";"Simples";"Reta";"Sim";5;0;2;0;3;0;2;2;-23,429897;-45,082436;"SPRF-SP";"DEL06-SP";"UOP01-DEL06-SP"
655816;2025-01-18;"sábado";"09:40:00";"RJ";101;298;"ITABORAI";"Reação tardia ou ineficiente do condutor";"Colisão traseira";"Com Vítimas Feridas";"Pleno dia";"Crescente";"Céu Claro";"Dupla";"Reta";"Sim";2;0;1;0;1;0;1;2;-22,7714;-42,92896;"SPRF-RJ";"DEL02-RJ";"UOP02-DEL02-RJ"
655817;2025-01-18;"sábado";"11:10:00";"SP";116;31,7;"CRUZEIRO";"Manobra de mudança de faixa";"Colisão lateral mesmo sentido";"Com Vítimas Feridas";"Pleno dia";"Crescente";"Céu Claro";"Dupla";"Reta;Aclive";"Não";3;0;0;2;0;1;2;2;-22,63966194;-44,93868903;"SPRF-SP";"DEL08-SP";"UOP02-DEL08-SP"
655818;2025-01-18;"sábado";"11:08:00";"DF";70;7;"BRASILIA";"Acessar a via sem observar a presença dos outros veículos";"Colisão transversal";"Com Vítimas Feridas";"Pleno dia";"Decrescente";"Céu Claro";"Dupla";"Aclive;Interseção de Vias;Reta";"Sim";3;0;0;1;2;0;1;2;-15,787601;-48,114429;"SPRF-DF";"DEL03-DF";"UOP02-DEL03-DF"
655819;2025-01-18;"sábado";"10:30:00";"RS";386;392;"TRIUNFO";"Velocidade Incompatível";"Tombamento";"Sem Vítimas";"Pleno dia";"Decrescente";"Sol";"Simples";"Reta;Em Obras";"Não";2;0;0;0;2;0;0;1;-29,704739;-51,654911;"SPRF-RS";"DEL04-RS";"UOP02-DEL04-RS"
655821;2025-01-18;"sábado";"10:00:00";"RJ";101;302;"SAO GONCALO";"Trafegar com motocicleta (ou similar) entre as faixas";"Colisão lateral mesmo sentido";"Com Vítimas Feridas";"Pleno dia";"Decrescente";"Céu Claro";"Dupla";"Reta";"Sim";2;0;1;0;1;0;1;2;-22,78069318;-42,96706396;"SPRF-RJ";"DEL02-RJ";"UOP02-DEL02-RJ"
655822;2025-01-18;"sábado";"09:20:00";"MS";163;289,8;"DOURADINA";"Transitar no Acostamento";"Colisão traseira";"Com Vítimas Feridas";"Pleno dia";"Decrescente";"Céu Claro";"Simples";"Reta";"Sim";2;0;1;0;0;1;1;2;-22,0750759;-54,56541842;"SPRF-MS";"DEL04-MS";"UOP01-DEL04-MS"
655823;2025-01-18;"sábado";"11:00:00";"ES";101;156,9;"LINHARES";"Acessar a via sem observar a presença dos outros veículos";"Colisão transversal";"Com Vítimas Feridas";"Pleno dia";"Crescente";"Céu Claro";"Simples";"Rotatória";"Sim";3;0;0;2;1;0;2;2;-19,44596035;-40,09435048;"SPRF-ES";"DEL04-ES";"UOP01-DEL04-ES"
655824;2025-01-18;"sábado";"11:48:00";"RN";406;168,8;"SAO GONCALO DO AMARANTE";"Acessar a via sem observar a presença dos outros veículos";"Colisão traseira";"Com Vítimas Feridas";"Pleno dia";"Decrescente";"Sol";"Dupla";"Reta";"Sim";2;0;1;0;1;0;1;2;-5,754778;-35,309058;"SPRF-RN";"DEL02-RN";"UOP01-DEL02-RN"
655825;2025-01-18;"sábado";"11:30:00";"MG";381;869,2;"POUSO ALEGRE";"Desrespeitar a preferência no cruzamento";"Colisão transversal";"Com Vítimas Feridas";"Pleno dia";"Crescente";"Sol";"Simples";"Declive;Viaduto;Interseção de Vias";"Não";3;0;2;0;1;0;2;2;-22,42671983;-45,97163217;"SPRF-MG";"DEL16-MG";"UOP01-DEL16-MG"
655828;2025-01-18;"sábado";"09:00:00";"BA";101;379;"IBIRAPITANGA";"Ultrapassagem Indevida";"Saída de leito carroçável";"Com Vítimas Fatais";"Pleno dia";"Decrescente";"Céu Claro";"Simples";"Reta";"Não";3;1;1;0;1;0;1;2;-13,98208099;-39,47893602;"SPRF-BA";"DEL05-BA";"UOP03-DEL05-BA"
655829;2025-01-18;"sábado";"12:30:00";"AL";104;30,7;"UNIAO DOS PALMARES";"Acessar a via sem observar a presença dos outros veículos";"Colisão transversal";"Com Vítimas Feridas";"Pleno dia";"Decrescente";"Sol";"Simples";"Reta;Interseção de Vias";"Não";2;0;1;1;0;0;2;2;-9,13108003;-36,02846146;"SPRF-AL";"DEL01-AL";"UOP02-DEL01-AL"
655830;2025-01-18;"sábado";"11:55:00";"PE";101;70;"RECIFE";"Estacionar ou parar em local proibido";"Colisão lateral mesmo sentido";"Com Vítimas Feridas";"Pleno dia";"Decrescente";"Céu Claro";"Dupla";"Reta";"Não";3;0;1;1;0;1;2;2;-8,06776119;-34,94265074;"SPRF-PE";"DEL01-PE";"UOP01-DEL01-PE"
655834;2025-01-18;"sábado";"11:50:00";"MG";116;787,5;"LEOPOLDINA";"Acesso irregular";"Colisão transversal";"Com Vítimas Feridas";"Pleno dia";"Decrescente";"Céu Claro";"Simples";"Curva";"Não";3;0;0;2;1;0;2;2;-21,65553512;-42,71805691;"SPRF-MG";"DEL07-MG";"UOP01-DEL07-MG"
655835;2025-01-18;"sábado";"13:05:00";"RN";101;75;"EXTREMOZ";"Demais falhas mecânicas ou elétricas";"Colisão frontal";"Com Vítimas Feridas";"Pleno dia";"Crescente";"Céu Claro";"Dupla";"Rotatória";"Sim";2;0;1;0;1;0;1;2;-5,721906;-35,27672;"SPRF-RN";"DEL02-RN";"UOP01-DEL02-RN"
655837;2025-01-18;"sábado";"13:30:00";"RN";101;163;"CANGUARETAMA";"Acessar a via sem observar a presença dos outros veículos";"Colisão transversal";"Com Vítimas Feridas";"Pleno dia";"Crescente";"Sol";"Dupla";"Retorno Regulamentado;Reta";"Não";7;0;4;0;3;0;4;2;-6,393516;-35,13976;"SPRF-RN";"DEL01-RN";"UOP01-DEL01-RN"
655838;2025-01-18;"sábado";"14:10:00";"BA";324;513,5;"FEIRA DE SANTANA";"Ultrapassagem Indevida";"Atropelamento de Pedestre";"Com Vítimas Feridas";"Pleno dia";"Crescente";"Sol";"Simples";"Reta";"Sim";3;0;2;1;0;0;3;2;-12,23098007;-38,96101401;"SPRF-BA";"DEL02-BA";"UOP01-DEL02-BA"
655839;2025-01-18;"sábado";"08:15:00";"SC";101;450;"SAO JOAO DO SUL";"Pista Escorregadia";"Tombamento";"Com Vítimas Feridas";"Pleno dia";"Crescente";"Nublado";"Dupla";"Reta";"Não";1;0;0;1;0;0;1;1;-29,17229091;-49,74904711;"SPRF-SC";"DEL02-SC";"UOP02-DEL02-SC"
655840;2025-01-18;"sábado";"12:15:00";"MG";50;173,5;"UBERABA";"Ausência de reação do condutor";"Capotamento";"Com Vítimas Feridas";"Pleno dia";"Decrescente";"Céu Claro";"Dupla";"Reta";"Sim";2;0;2;0;0;0;2;1;-19,7624352;-47,97701547;"SPRF-MG";"DEL13-MG";"UOP01-DEL13-MG"
655841;2025-01-18;"sábado";"11:00:00";"RJ";101;308;"SAO GONCALO";"Reação tardia ou ineficiente do condutor";"Queda de ocupante de veículo";"Com Vítimas Feridas";"Pleno dia";"Decrescente";"Céu Claro";"Dupla";"Reta";"Sim";2;0;2;0;0;0;2;1;-22,79309326;-43,02479595;"SPRF-RJ";"DEL02-RJ";"UOP02-DEL02-RJ"
655842;2025-01-01;"quarta-feira";"02:10:00";"PR";376;177,5;"MARINGA";"Manobra de mudança de faixa";"Colisão lateral mesmo sentido";"Com Vítimas Feridas";"Plena Noite";"Decrescente";"Céu Claro";"Dupla";"Interseção de Vias";"Sim";3;0;1;0;0;2;1;3;-23,41595855;-51,92226484;"SPRF-PR";"DEL09-PR";"UOP01-DEL09-PR"
655843;2025-01-18;"sábado";"14:00:00";"RN";101;109;"PARNAMIRIM";"Acessar a via sem observar a presença dos outros veículos";"Colisão transversal";"Com Vítimas Feridas";"Pleno dia";"Decrescente";"Céu Claro";"Múltipla";"Retorno Regulamentado";"Sim";2;0;0;1;1;0;1;2;-5,937378;-35,26483;"SPRF-RN";"DEL01-RN";"UOP01-DEL01-RN"
655844;2025-01-18;"sábado";"13:38:00";"PE";101;57;"RECIFE";"Ausência de reação do condutor";"Colisão traseira";"Com Vítimas Feridas";"Pleno dia";"Decrescente";"Céu Claro";"Dupla";"Reta";"Não";3;0;1;0;2;0;1;2;-7,96346213;-34,91513486;"SPRF-PE";"DEL01-PE";"UOP02-DEL01-PE"
655847;2025-01-18;"sábado";"14:50:00";"RS";285;452,5;"IJUI";"Velocidade Incompatível";"Tombamento";"Com Vítimas Feridas";"Pleno dia";"Crescente";"Sol";"Simples";"Declive";"Não";1;0;1;0;0;0;1;1;-28,37433443;-53,86021614;"SPRF-RS";"DEL10-RS";"UOP01-DEL10-RS"
655848;2025-01-18;"sábado";"15:10:00";"MG";364;21;"FRUTAL";"Reação tardia ou ineficiente do condutor";"Saída de leito carroçável";"Com Vítimas Feridas";"Pleno dia";"Crescente";"Nublado";"Simples";"Reta;Aclive";"Não";1;0;1;0;0;0;1;1;-20,047768;-48,841195;"SPRF-MG";"DEL13-MG";"UOP02-DEL13-MG"
655849;2025-01-18;"sábado";"15:15:00";"DF";20;16,6;"BRASILIA";"Velocidade Incompatível";"Colisão lateral mesmo sentido";"Com Vítimas Fatais";"Pleno dia";"Crescente";"Céu Claro";"Dupla";"Declive;Retorno Regulamentado;Reta";"Não";2;1;0;1;0;0;1;2;-15,625675;-47,725159;"SPRF-DF";"DEL02-DF";"UOP01-DEL02-DF"
655852;2025-01-18;"sábado";"15:40:00";"ES";101;329,3;"GUARAPARI";"Condutor deixou de manter distância do veículo da frente";"Colisão traseira";"Com Vítimas Feridas";"Pleno dia";"Crescente";"Céu Claro";"Dupla";"Reta";"Não";6;0;0;1;5;0;1;2;-20,58543019;-40,49702183;"SPRF-ES";"DEL03-ES";"UOP01-DEL03-ES"
655853;2025-01-18;"sábado";"15:40:00";"PR";376;618;"SAO JOSE DOS PINHAIS";"Reação tardia ou ineficiente do condutor";"Saída de leito carroçável";"Sem Vítimas";"Pleno dia";"Crescente";"Chuva";"Dupla";"Reta;Declive";"Sim";1;0;0;0;1;0;0;1;-25,59168398;-49,17197705;"SPRF-PR";"DEL01-PR";"UOP04-DEL01-PR"
655854;2025-01-18;"sábado";"11:10:00";"AL";101;4;"NOVO LINO";"Demais falhas mecânicas ou elétricas";"Colisão com objeto";"Com Vítimas Feridas";"Pleno dia";"Crescente";"Céu Claro";"Dupla";"Reta";"Não";3;0;3;0;0;0;3;1;-8,91120381;-35,63447367;"SPRF-AL";"DEL01-AL";"UOP02-DEL01-AL"
655855;2025-01-18;"sábado";"14:00:00";"PR";376;407;"TIBAGI";"Velocidade Incompatível";"Colisão com objeto";"Com Vítimas Feridas";"Pleno dia";"Crescente";"Chuva";"Dupla";"Curva";"Não";3;0;2;1;0;0;3;1;-24,6002;-50,665913;"SPRF-PR";"DEL03-PR";"UOP02-DEL03-PR"
655856;2025-01-18;"sábado";"14:55:00";"BA";324;609;"SIMOES FILHO";"Avarias e/ou desgaste excessivo no pneu";"Tombamento";"Sem Vítimas";"Pleno dia";"Crescente";"Céu Claro";"Simples";"Reta";"Não";1;0;0;0;1;0;0;1;-12,82066;-38,40798;"SPRF-BA";"DEL01-BA";"UOP01-DEL01-BA"
655857;2025-01-18;"sábado";"15:00:00";"RJ";116;277;"BARRA MANSA";"Ingestão de álcool pelo condutor";"Colisão com objeto";"Com Vítimas Feridas";"Pleno dia";"Decrescente";"Sol";"Dupla";"Curva";"Sim";1;0;1;0;0;0;1;1;-22,55905501;-44,17284006;"SPRF-RJ";"DEL07-RJ";"UOP02-DEL07-RJ"
655859;2025-01-18;"sábado";"16:20:00";"MG";40;518;"RIBEIRAO DAS NEVES";"Ausência de reação do condutor";"Colisão traseira";"Com Vítimas Feridas";"Pleno dia";"Decrescente";"Céu Claro";"Dupla";"Reta;Retorno Regulamentado";"Sim";3;0;1;1;1;0;2;2;-19,8321242;-44,08208533;"SPRF-MG";"DEL01-MG";"UOP02-DEL01-MG"
655861;2025-01-18;"sábado";"16:45:00";"SC";101;315;"LAGUNA";"Ausência de reação do condutor";"Colisão transversal";"Com Vítimas Feridas";"Pleno dia";"Crescente";"Chuva";"Múltipla";"Curva";"Sim";3;0;1;1;1;0;2;2;-28,44102234;-48,82276475;"SPRF-SC";"DEL02-SC";"UOP01-DEL02-SC"
655863;2025-01-18;"sábado";"16:25:00";"MG";50;179;"UBERABA";"Reação tardia ou ineficiente do condutor";"Colisão com objeto";"Sem Vítimas";"Pleno dia";"Crescente";"Céu Claro";"Dupla";"Reta";"Não";1;0;0;0;0;1;0;1;-19,77827047;-47,93140998;"SPRF-MG";"DEL13-MG";"UOP01-DEL13-MG"
655864;2025-01-18;"sábado";"14:43:00";"MT";364;348,7;"SANTO ANTONIO DO LEVERGER";"Reação tardia ou ineficiente do condutor";"Queda de ocupante de veículo";"Com Vítimas Feridas";"Pleno dia";"Decrescente";"Garoa/Chuvisco";"Dupla";"Curva";"Não";1;0;1;0;0;0;1;1;-15,80416834;-55,55429598;"SPRF-MT";"DEL05-MT";"UOP02-DEL05-MT"
655865;2025-01-18;"sábado";"14:40:00";"SC";101;3,7;"ARARANGUA";"Conversão proibida";"Colisão transversal";"Com Vítimas Feridas";"Pleno dia";"Decrescente";"Nublado";"Simples";"Rotatória";"Sim";2;0;1;0;1;0;1;2;-28,94941481;-49,50706601;"SPRF-SC";"DEL02-SC";"UOP02-DEL02-SC"
655866;2025-01-18;"sábado";"16:30:00";"RJ";101;421;"MANGARATIBA";"Conversão proibida";"Colisão transversal";"Com Vítimas Feridas";"Pleno dia";"Crescente";"Sol";"Simples";"Curva";"Sim";3;0;2;0;1;0;2;2;-22,91666975;-43,93080593;"SPRF-RJ";"DEL03-RJ";"UOP02-DEL03-RJ"
655867;2025-01-18;"sábado";"16:30:00";"PE";408;82,1;"PAUDALHO";"Ausência de reação do condutor";"Colisão com objeto";"Sem Vítimas";"Pleno dia";"Decrescente";"Céu Claro";"Múltipla";"Reta";"Sim";3;0;0;0;1;2;0;2;-7,942052;-35,122295;"SPRF-PE";"DEL01-PE";"UOP01-DEL01-PE"
655868;2025-01-18;"sábado";"17:20:00";"RN";101;102;"PARNAMIRIM";"Demais falhas mecânicas ou elétricas";"Queda de ocupante de veículo";"Com Vítimas Feridas";"Anoitecer";"Crescente";"Céu Claro";"Dupla";"Reta";"Sim";2;0;2;0;0;0;2;1;-5,88858217;-35,24018997;"SPRF-RN";"DEL01-RN";"UOP01-DEL01-RN"
655869;2025-01-18;"sábado";"16:50:00";"SC";101;276,6;"IMBITUBA";"Transitar na contramão";"Colisão transversal";"Sem Vítimas";"Pleno dia";"Decrescente";"Céu Claro";"Simples";"Interseção de Vias";"Sim";2;0;0;0;2;0;0;2;-28,14644701;-48,69204746;"SPRF-SC";"DEL02-SC";"UOP03-DEL02-SC"
655870;2025-01-18;"sábado";"10:30:00";"SC";280;214;"TRES BARRAS";"Ingestão de álcool pelo condutor";"Tombamento";"Com Vítimas Feridas";"Pleno dia";"Decrescente";"Céu Claro";"Simples";"Curva";"Não";1;0;1;0;0;0;1;1;-26,18318414;-50,20686497;"SPRF-SC";"DEL06-SC";"UOP04-DEL06-SC"
655871;2025-01-18;"sábado";"16:50:00";"RS";290;93;"PORTO ALEGRE";"Avarias e/ou desgaste excessivo no pneu";"Tombamento";"Com Vítimas Feridas";"Pleno dia";"Decrescente";"Nublado";"Múltipla";"Reta";"Não";2;0;2;0;0;0;2;1;-29,97104916;-51,19032919;"SPRF-RS";"DEL01-RS";"UOP01-DEL01-RS"
655873;2025-01-18;"sábado";"17:20:00";"PR";116;120;"CURITIBA";"Reação tardia ou ineficiente do condutor";"Saída de leito carroçável";"Sem Vítimas";"Pleno dia";"Crescente";"Chuva";"Simples";"Declive;Reta";"Não";2;0;0;0;2;0;0;1;-25,589377;-49,315185;"SPRF-PR";"DEL01-PR";"UOP03-DEL01-PR"
655874;2025-01-18;"sábado";"17:25:00";"RS";290;125;"ELDORADO DO SUL";"Acostamento em desnível";"Tombamento";"Com Vítimas Feridas";"Pleno dia";"Crescente";"Céu Claro";"Simples";"Reta";"Não";1;0;1;0;0;0;1;1;-30,055038;-51,458992;"SPRF-RS";"DEL02-RS";"UOP01-DEL02-RS"
655876;2025-01-18;"sábado";"17:45:00";"PR";376;530;"PONTA GROSSA";"Reação tardia ou ineficiente do condutor";"Colisão traseira";"Com Vítimas Feridas";"Pleno dia";"Decrescente";"Chuva";"Dupla";"Aclive;Reta";"Não";2;0;1;0;1;0;1;2;-25,292769;-49,89840478;"SPRF-PR";"DEL03-PR";"UOP04-DEL03-PR"
655878;2025-01-18;"sábado";"16:00:00";"SC";280;229;"CANOINHAS";"Demais Fenômenos da natureza";"Saída de leito carroçável";"Sem Vítimas";"Pleno dia";"Crescente";"Chuva";"Simples";"Reta";"Não";1;0;0;0;0;1;0;1;-26,18601731;-50,35213894;"SPRF-SC";"DEL06-SC";"UOP04-DEL06-SC"
655880;2025-01-18;"sábado";"17:00:00";"AL";101;136,8;"SAO MIGUEL DOS CAMPOS";"Ingestão de álcool pelo condutor";"Queda de ocupante de veículo";"Com Vítimas Feridas";"Pleno dia";"Decrescente";"Céu Claro";"Dupla";"Reta;Declive";"Não";2;0;1;0;0;1;1;2;-9,79561892;-36,10861314;"SPRF-AL";"DEL02-AL";"UOP01-DEL02-AL"
655881;2025-01-18;"sábado";"16:20:00";"DF";70;0,6;"BRASILIA";"Acessar a via sem observar a presença dos outros veículos";"Colisão transversal";"Com Vítimas Fatais";"Pleno dia";"Crescente";"Céu Claro";"Dupla";"Reta";"Sim";2;1;0;0;1;0;0;2;-15,792352;-48,054509;"SPRF-DF";"DEL03-DF";"UOP02-DEL03-DF"
655883;2025-01-18;"sábado";"17:06:00";"RS";116;122;"SAO MARCOS";"Restrição de visibilidade em curvas horizontais";"Colisão transversal";"Com Vítimas Feridas";"Pleno dia";"Decrescente";"Céu Claro";"Simples";"Curva";"Não";3;0;3;0;0;0;3;2;-29,01040633;-51,07327877;"SPRF-RS";"DEL05-RS";"UOP01-DEL05-RS"
655885;2025-01-18;"sábado";"18:00:00";"MG";40;525;"CONTAGEM";"Condutor deixou de manter distância do veículo da frente";"Colisão traseira";"Com Vítimas Feridas";"Anoitecer";"Crescente";"Céu Claro";"Dupla";"Reta";"Sim";2;0;1;0;1;0;1;2;-19,88361702;-44,05039336;"SPRF-MG";"DEL01-MG";"UOP02-DEL01-MG"
655886;2025-01-18;"sábado";"18:45:00";"RS";386;366,1;"FAZENDA VILANOVA";"Ingestão de álcool pelo condutor";"Colisão frontal";"Com Vítimas Feridas";"Pleno dia";"Crescente";"Céu Claro";"Dupla";"Curva";"Não";8;0;1;7;0;0;8;2;-29,572111;-51,855782;"SPRF-RS";"DEL04-RS";"UOP01-DEL04-RS"
655887;2025-01-18;"sábado";"19:30:00";"MG";50;65;"UBERLANDIA";"Velocidade Incompatível";"Queda de ocupante de veículo";"Com Vítimas Feridas";"Plena Noite";"Decrescente";"Nublado";"Dupla";"Reta";"Não";1;0;1;0;0;0;1;1;-18,85140204;-48,25345932;"SPRF-MG";"DEL15-MG";"UOP02-DEL15-MG"