"id";"data_inversa";"dia_semana";"horario";"uf";"br";"km";"municipio";"causa_acidente";"tipo_acidente";"classificacao_acidente";"fase_dia";"sentido_via";"condicao_metereologica";"tipo_pista";"tracado_via";"uso_solo";"pessoas";"mortos";"feridos_leves";"feridos_graves";"ilesos";"ignorados";"feridos";"veiculos";"latitude";"longitude";"regional";"delegacia";"uop"
656922;2025-01-23;"quinta-feira";"20:30:00";"MG";381;485,6;"BETIM";"Ausência de reação do condutor";"Colisão lateral mesmo sentido";"Com Vítimas Feridas";"Plena Noite";"Crescente";"Nublado";"Dupla";"Aclive;Reta";"Sim";2;0;0;1;1;0;1;2;-19,95606275;-44,10431092;"SPRF-MG";"DEL01-MG";"UOP03-DEL01-MG"
656923;2025-01-23;"quinta-feira";"19:40:00";"GO";50;278;"CATALAO";"Acessar a via sem observar a presença dos outros veículos";"Colisão transversal";"Com Vítimas Feridas";"Plena Noite";"Crescente";"Céu Claro";"Simples";"Interseção de Vias";"Sim";2;0;1;0;1;0;1;2;-18,1696;-47,92;"SPRF-GO";"DEL06-GO";"UOP01-DEL06-GO"
656925;2025-01-23;"quinta-feira";"21:15:00";"PR";376;548;"PALMEIRA";"Ausência de reação do condutor";"Saída de leito carroçável";"Sem Vítimas";"Plena Noite";"Decrescente";"Céu Claro";"Dupla";"Reta";"Não";1;0;0;0;1;0;0;1;-25,408;-49,781;"SPRF-PR";"DEL03-PR";"UOP03-DEL03-PR"
656926;2025-01-23;"quinta-feira";"19:30:00";"BA";415;59;"ITABUNA";"Condutor Dormindo";"Saída de leito carroçável";"Com Vítimas Feridas";"Plena Noite";"Decrescente";"Céu Claro";"Simples";"Reta";"Não";1;0;1;0;0;0;1;1;-14,8556728;-39,394165;"SPRF-BA";"DEL05-BA";"UOP01-DEL05-BA"
656927;2025-01-23;"quinta-feira";"21:30:00";"TO";153;693;"CARIRI DO TOCANTINS";"Reação tardia ou ineficiente do condutor";"Saída de leito carroçável";"Com Vítimas Feridas";"Plena Noite";"Decrescente";"Céu Claro";"Simples";"Reta";"Não";1;0;1;0;0;0;1;1;-11,89559706;-49,16831388;"SPRF-TO";"DEL01-TO";"UOP02-DEL01-TO"
656929;2025-01-23;"quinta-feira";"21:40:00";"SC";470;64,5;"INDAIAL";"Reação tardia ou ineficiente do condutor";"Queda de ocupante de veículo";"Com Vítimas Feridas";"Plena Noite";"Crescente";"Céu Claro";"Simples";"Declive;Reta;Em Obras";"Não";1;0;1;0;0;0;1;1;-26,872396;-49,19228;"SPRF-SC";"DEL04-SC";"UOP01-DEL04-SC"
656930;2025-01-23;"quinta-feira";"20:00:00";"MG";381;811;"CAREACU";"Velocidade Incompatível";"Saída de leito carroçável";"Sem Vítimas";"Plena Noite";"Decrescente";"Chuva";"Dupla";"Curva";"Não";2;0;0;0;2;0;0;1;-22,05313393;-45,6960471;"SPRF-MG";"DEL16-MG";"UOP02-DEL16-MG"
656933;2025-01-23;"quinta-feira";"20:45:00";"MG";381;671,3;"PERDOES";"Velocidade Incompatível";"Saída de leito carroçável";"Com Vítimas Feridas";"Plena Noite";"Crescente";"Garoa/Chuvisco";"Dupla";"Curva;Declive";"Não";2;0;2;0;0;0;2;1;-21,06591934;-45,0528717;"SPRF-MG";"DEL04-MG";"UOP02-DEL04-MG"
656934;2025-01-23;"quinta-feira";"22:00:00";"ES";101;266,3;"SERRA";"Acessar a via sem observar a presença dos outros veículos";"Colisão transversal";"Com Vítimas Feridas";"Plena Noite";"Crescente";"Garoa/Chuvisco";"Dupla";"Reta";"Sim";2;0;1;0;1;0;1;2;-20,190199;-40,26828891;"SPRF-ES";"DEL02-ES";"UOP01-DEL02-ES"
656935;2025-01-23;"quinta-feira";"22:30:00";"RN";101;137;"ARES";"Animais na Pista";"Atropelamento de Animal";"Com Vítimas Feridas";"Plena Noite";"Decrescente";"Céu Claro";"Dupla";"Ponte";"Não";1;0;0;1;0;0;1;1;-6,18022401;-35,21699006;"SPRF-RN";"DEL01-RN";"UOP01-DEL01-RN"
656936;2025-01-23;"quinta-feira";"17:25:00";"BA";324;608;"SIMOES FILHO";"Reação tardia ou ineficiente do condutor";"Colisão traseira";"Com Vítimas Feridas";"Pleno dia";"Crescente";"Céu Claro";"Dupla";"Reta;Declive";"Sim";3;0;1;1;1;0;2;2;-12,81182914;-38,40478762;"SPRF-BA";"DEL01-BA";"UOP01-DEL01-BA"
656937;2025-01-23;"quinta-feira";"19:00:00";"MT";70;230;"POXOREO";"Manobra de mudança de faixa";"Colisão frontal";"Com Vítimas Fatais";"Plena Noite";"Crescente";"Céu Claro";"Simples";"Curva";"Não";2;1;0;0;1;0;0;2;-15,63920983;-53,94100182;"SPRF-MT";"DEL05-MT";"UOP01-DEL05-MT"
656938;2025-01-23;"quinta-feira";"18:20:00";"RJ";116;261;"VOLTA REDONDA";"Frear bruscamente";"Colisão traseira";"Com Vítimas Feridas";"Anoitecer";"Crescente";"Garoa/Chuvisco";"Múltipla";"Reta;Aclive";"Não";3;0;0;1;2;0;1;2;-22,58476877;-44,05026905;"SPRF-RJ";"DEL07-RJ";"UOP02-DEL07-RJ"
656940;2025-01-23;"quinta-feira";"20:40:00";"MG";262;95,5;"ABRE CAMPO";"Acessar a via sem observar a presença dos outros veículos";"Atropelamento de Pedestre";"Com Vítimas Fatais";"Plena Noite";"Crescente";"Céu Claro";"Simples";"Reta";"Sim";2;1;0;0;1;0;0;2;-20,3007766;-42,47286782;"SPRF-MG";"DEL03-MG";"UOP03-DEL03-MG"
656941;2025-01-23;"quinta-feira";"22:00:00";"RJ";40;114;"DUQUE DE CAXIAS";"Iluminação deficiente";"Colisão traseira";"Com Vítimas Feridas";"Plena Noite";"Decrescente";"Nublado";"Simples";"Reta";"Sim";2;0;0;1;1;0;1;2;-22,71853604;-43,28993324;"SPRF-RJ";"DEL01-RJ";"UOP02-DEL01-RJ"
656943;2025-01-23;"quinta-feira";"22:40:00";"MT";158;794,8;"BARRA DO GARCAS";"Ausência de reação do condutor";"Saída de leito carroçável";"Com Vítimas Feridas";"Plena Noite";"Decrescente";"Céu Claro";"Simples";"Curva";"Sim";1;0;1;0;0;0;1;1;-15,85742032;-52,31382782;"SPRF-MT";"DEL07-MT";"UOP01-DEL07-MT"
656945;2025-01-23;"quinta-feira";"23:30:00";"ES";101;289,4;"CARIACICA";"Reação tardia ou ineficiente do condutor";"Colisão traseira";"Com Vítimas Feridas";"Plena Noite";"Crescente";"Céu Claro";"Dupla";"Aclive";"Sim";3;0;1;0;0;2;1;2;-20,28029304;-40,39302931;"SPRF-ES";"DEL01-ES";"UOP01-DEL01-ES"
656946;2025-01-23;"quinta-feira";"22:30:00";"PI";343;511,9;"AMARANTE";"Animais na Pista";"Saída de leito carroçável";"Com Vítimas Feridas";"Plena Noite";"Decrescente";"Céu Claro";"Simples";"Reta";"Não";3;0;1;1;1;0;2;1;-6,2962741;-42,81251907;"SPRF-PI";"DEL03-PI";"UOP01-DEL03-PI"
656947;2025-01-23;"quinta-feira";"23:15:00";"RJ";101;231;"SILVA JARDIM";"Acessar a via sem observar a presença dos outros veículos";"Colisão transversal";"Com Vítimas Feridas";"Plena Noite";"Decrescente";"Céu Claro";"Dupla";"Reta";"Não";4;0;1;0;3;0;1;3;-22,57752408;-42,38045083;"SPRF-RJ";"DEL02-RJ";"UOP03-DEL02-RJ"
656949;2025-01-24;"sexta-feira";"01:45:00";"PE";232;7,6;"RECIFE";"Participar de racha";"Saída de leito carroçável";"Com Vítimas Feridas";"Plena Noite";"Crescente";"Céu Claro";"Dupla";"Retorno Regulamentado";"Sim";3;0;2;1;0;0;3;1;-8,07529109;-34,96765852;"SPRF-PE";"DEL01-PE";"UOP01-DEL01-PE"
656951;2025-01-23;"quinta-feira";"21:55:00";"MT";163;649;"LUCAS DO RIO VERDE";"Condutor Dormindo";"Saída de leito carroçável";"Sem Vítimas";"Plena Noite";"Decrescente";"Céu Claro";"Simples";"Curva";"Não";1;0;0;0;0;1;0;1;-13,48678294;-56,05721992;"SPRF-MT";"DEL06-MT";"UOP01-DEL06-MT"
656954;2025-01-24;"sexta-feira";"01:20:00";"PB";230;12;"CABEDELO";"Ausência de reação do condutor";"Saída de leito carroçável";"Sem Vítimas";"Plena Noite";"Crescente";"Céu Claro";"Simples";"Em Obras";"Sim";1;0;0;0;0;1;0;1;-7,068;-34,85;"SPRF-PB";"DEL01-PB";"UOP01-DEL01-PB"
656955;2025-01-23;"quinta-feira";"11:00:00";"RS";290;175,5;"BUTIA";"Acessar a via sem observar a presença dos outros veículos";"Colisão lateral mesmo sentido";"Com Vítimas Feridas";"Pleno dia";"Crescente";"Sol";"Simples";"Reta";"Não";3;0;0;1;2;0;1;2;-30,129343;-51,961823;"SPRF-RS";"DEL02-RS";"UOP03-DEL02-RS"
656957;2025-01-23;"quinta-feira";"21:30:00";"BA";324;623;"SALVADOR";"Ausência de reação do condutor";"Queda de ocupante de veículo";"Com Vítimas Feridas";"Plena Noite";"Decrescente";"Céu Claro";"Dupla";"Reta";"Sim";1;0;1;0;0;0;1;1;-12,92628699;-38,46838679;"SPRF-BA";"DEL01-BA";"UOP01-DEL01-BA"
656958;2025-01-24;"sexta-feira";"03:50:00";"SC";101;214;"PALHOCA";"Velocidade Incompatível";"Saída de leito carroçável";"Sem Vítimas";"Plena Noite";"Crescente";"Nublado";"Dupla";"Reta";"Sim";1;0;0;0;0;1;0;1;-27,64443;-48,67057;"SPRF-SC";"DEL01-SC";"UOP02-DEL01-SC"
656959;2025-01-23;"quinta-feira";"22:30:00";"RS";471;537,3;"SANTA VITORIA DO PALMAR";"Reação tardia ou ineficiente do condutor";"Capotamento";"Com Vítimas Feridas";"Plena Noite";"Crescente";"Céu Claro";"Simples";"Curva";"Não";1;0;1;0;0;0;1;1;-32,756981;-52,651249;"SPRF-RS";"DEL07-RS";"UOP02-DEL07-RS"
656960;2025-01-24;"sexta-feira";"04:56:00";"PI";343;589;"FLORIANO";"Ausência de reação do condutor";"Tombamento";"Com Vítimas Feridas";"Amanhecer";"Crescente";"Céu Claro";"Dupla";"Reta";"Sim";1;0;0;1;0;0;1;1;-6,776695;-43,009346;"SPRF-PI";"DEL03-PI";"UOP01-DEL03-PI"
656964;2025-01-24;"sexta-feira";"05:50:00";"MS";60;425,3;"SIDROLANDIA";"Acessar a via sem observar a presença dos outros veículos";"Colisão transversal";"Com Vítimas Feridas";"Pleno dia";"Crescente";"Céu Claro";"Dupla";"Reta";"Sim";2;0;1;0;1;0;1;2;-20,93140019;-54,95876312;"SPRF-MS";"DEL01-MS";"UOP04-DEL01-MS"
656965;2025-01-24;"sexta-feira";"06:20:00";"PR";277;588,7;"CASCAVEL";"Manobra de mudança de faixa";"Colisão transversal";"Com Vítimas Feridas";"Pleno dia";"Decrescente";"Céu Claro";"Simples";"Declive;Reta";"Sim";2;0;2;0;0;0;2;2;-24,97751;-53,44579;"SPRF-PR";"DEL04-PR";"UOP01-DEL04-PR"
656966;2025-01-21;"terça-feira";"17:45:00";"BA";324;580;"CANDEIAS";"Demais falhas mecânicas ou elétricas";"Incêndio";"Sem Vítimas";"Anoitecer";"Decrescente";"Céu Claro";"Dupla";"Reta";"Não";1;0;0;0;1;0;0;1;-12,59913862;-38,50896481;"SPRF-BA";"DEL01-BA";"UOP01-DEL01-BA"
656968;2025-01-24;"sexta-feira";"04:25:00";"BA";242;140;"RAFAEL JAMBEIRO";"Velocidade Incompatível";"Saída de leito carroçável";"Com Vítimas Feridas";"Pleno dia";"Decrescente";"Céu Claro";"Simples";"Curva";"Não";53;0;0;7;46;0;7;1;-12,58313875;-39,52154473;"SPRF-BA";"DEL02-BA";"UOP02-DEL02-BA"
656971;2025-01-12;"domingo";"12:00:00";"RS";116;228;"DOIS IRMAOS";"Ausência de reação do condutor";"Tombamento";"Com Vítimas Feridas";"Pleno dia";"Decrescente";"Céu Claro";"Simples";"Curva";"Não";2;0;2;0;0;0;2;1;-29,61103966;-51,12425074;"SPRF-RS";"DEL01-RS";"UOP02-DEL01-RS"
656974;2025-01-24;"sexta-feira";"07:35:00";"DF";70;19;"BRASILIA";"Manobra de mudança de faixa";"Colisão lateral mesmo sentido";"Com Vítimas Feridas";"Pleno dia";"Decrescente";"Céu Claro";"Dupla";"Aclive";"Não";2;0;1;0;1;0;1;2;-15,788868;-48,220242;"SPRF-DF";"DEL03-DF";"UOP02-DEL03-DF"
656975;2025-01-24;"sexta-feira";"06:30:00";"MG";40;525;"CONTAGEM";"Manobra de mudança de faixa";"Tombamento";"Com Vítimas Feridas";"Amanhecer";"Crescente";"Céu Claro";"Dupla";"Reta";"Sim";2;0;1;0;1;0;1;2;-19,88361702;-44,05039336;"SPRF-MG";"DEL01-MG";"UOP02-DEL01-MG"
656976;2025-01-24;"sexta-feira";"06:30:00";"BA";324;616;"SALVADOR";"Demais falhas mecânicas ou elétricas";"Queda de ocupante de veículo";"Com Vítimas Feridas";"Pleno dia";"Decrescente";"Céu Claro";"Dupla";"Declive;Reta";"Sim";2;0;2;0;0;0;2;1;-12,87957905;-38,43213893;"SPRF-BA";"DEL01-BA";"UOP01-DEL01-BA"
656978;2025-01-24;"sexta-feira";"07:31:00";"MG";381;739,5;"TRES CORACOES";"Reação tardia ou ineficiente do condutor";"Saída de leito carroçável";"Com Vítimas Fatais";"Pleno dia";"Decrescente";"Céu Claro";"Dupla";"Curva";"Não";1;1;0;0;0;0;0;1;-21,61514806;-45,24157278;"SPRF-MG";"DEL16-MG";"UOP02-DEL16-MG"
656979;2025-01-24;"sexta-feira";"07:10:00";"AL";104;59;"MURICI";"Acessar a via sem observar a presença dos outros veículos";"Colisão transversal";"Com Vítimas Feridas";"Pleno dia";"Crescente";"Céu Claro";"Dupla";"Rotatória";"Sim";2;0;1;0;1;0;1;2;-9,30725223;-35,94003311;"SPRF-AL";"DEL01-AL";"UOP02-DEL01-AL"
656980;2025-01-24;"sexta-feira";"08:00:00";"SC";101;211;"PALHOCA";"Trafegar com motocicleta (ou similar) entre as faixas";"Colisão lateral mesmo sentido";"Com Vítimas Feridas";"Pleno dia";"Decrescente";"Nublado";"Múltipla";"Reta";"Sim";2;0;1;0;1;0;1;2;-27,62329313;-48,65245588;"SPRF-SC";"DEL01-SC";"UOP02-DEL01-SC"
656984;2025-01-24;"sexta-feira";"07:15:00";"SP";381;36;"ATIBAIA";"Demais falhas mecânicas ou elétricas";"Colisão traseira";"Com Vítimas Feridas";"Pleno dia";"Decrescente";"Céu Claro";"Dupla";"Aclive;Reta";"Sim";2;0;1;0;1;0;1;2;-23,09707232;-46,57180706;"SPRF-SP";"DEL03-SP";"UOP01-DEL03-SP"
656985;2025-01-24;"sexta-feira";"07:40:00";"SC";470;174,2;"POUSO REDONDO";"Reação tardia ou ineficiente do condutor";"Colisão traseira";"Com Vítimas Feridas";"Pleno dia";"Crescente";"Nublado";"Simples";"Reta";"Sim";4;0;2;0;2;0;2;2;-27,25715705;-49,93386984;"SPRF-SC";"DEL04-SC";"UOP02-DEL04-SC"
656987;2025-01-24;"sexta-feira";"09:20:00";"SP";101;51;"UBATUBA";"Acessar a via sem observar a presença dos outros veículos";"Colisão transversal";"Com Vítimas Feridas";"Pleno dia";"Crescente";"Céu Claro";"Simples";"Reta";"Sim";2;0;1;0;1;0;1;2;-23,45627795;-45,07111896;"SPRF-SP";"DEL06-SP";"UOP01-DEL06-SP"
656988;2025-01-24;"sexta-feira";"07:00:00";"BA";116;818,8;"VITORIA DA CONQUISTA";"Desrespeitar a preferência no cruzamento";"Colisão transversal";"Com Vítimas Feridas";"Pleno dia";"Decrescente";"Céu Claro";"Simples";"Declive;Interseção de Vias";"Não";2;0;1;0;1;0;1;2;-14,82928018;-40,82951736;"SPRF-BA";"DEL08-BA";"UOP01-DEL08-BA"
656989;2025-01-24;"sexta-feira";"09:45:00";"MG";50;180;"UBERABA";"Condutor deixou de manter distância do veículo da frente";"Colisão traseira";"Com Vítimas Feridas";"Pleno dia";"Crescente";"Céu Claro";"Dupla";"Interseção de Vias;Viaduto";"Sim";2;0;0;1;1;0;1;2;-19,77848216;-47,92194709;"SPRF-MG";"DEL13-MG";"UOP01-DEL13-MG"
656990;2025-01-24;"sexta-feira";"09:20:00";"SC";101;333,7;"TUBARAO";"Desrespeitar a preferência no cruzamento";"Colisão transversal";"Com Vítimas Feridas";"Pleno dia";"Decrescente";"Céu Claro";"Múltipla";"Viaduto";"Sim";2;0;1;0;1;0;1;2;-28,46630107;-48,99653096;"SPRF-SC";"DEL02-SC";"UOP01-DEL02-SC"
656991;2025-01-01;"quarta-feira";"02:55:00";"SC";470;25;"ILHOTA";"Pedestre andava na pista";"Atropelamento de Pedestre";"Com Vítimas Feridas";"Plena Noite";"Crescente";"Nublado";"Dupla";"Reta";"Não";3;0;0;1;2;0;1;2;-26,8854833;-48,87096405;"SPRF-SC";"DEL04-SC";"UOP04-DEL04-SC"
656992;2025-01-24;"sexta-feira";"08:10:00";"PR";277;583;"CASCAVEL";"Manobra de mudança de faixa";"Colisão transversal";"Com Vítimas Feridas";"Pleno dia";"Decrescente";"Céu Claro";"Simples";"Viaduto;Retorno Regulamentado;Reta";"Sim";3;0;1;0;0;2;1;2;-24,97165493;-53,39428595;"SPRF-PR";"DEL04-PR";"UOP01-DEL04-PR"
656993;2025-01-24;"sexta-feira";"08:50:00";"PE";232;319,2;"CUSTODIA";"Demais falhas mecânicas ou elétricas";"Incêndio";"Sem Vítimas";"Pleno dia";"Crescente";"Sol";"Simples";"Aclive;Reta";"Não";1;0;0;0;1;0;0;1;-8,1236144;-37,53328221;"SPRF-PE";"DEL04-PE";"UOP02-DEL04-PE"
656995;2025-01-24;"sexta-feira";"10:35:00";"RJ";116;187;"NOVA IGUACU";"Reação tardia ou ineficiente do condutor";"Colisão lateral mesmo sentido";"Com Vítimas Feridas";"Pleno dia";"Decrescente";"Nublado";"Dupla";"Reta";"Não";2;0;1;0;1;0;1;2;-22,73883756;-43,47245197;"SPRF-RJ";"DEL06-RJ";"UOP01-DEL06-RJ"
656998;2025-01-24;"sexta-feira";"08:05:00";"MG";40;98,7;"LAGOA GRANDE";"Reação tardia ou ineficiente do condutor";"Saída de leito carroçável";"Com Vítimas Feridas";"Pleno dia";"Decrescente";"Céu Claro";"Simples";"Reta";"Não";2;0;2;0;0;0;2;1;-17,54929481;-46,52158383;"SPRF-MG";"DEL14-MG";"UOP01-DEL14-MG"
656999;2025-01-24;"sexta-feira";"10:00:00";"RJ";101;321;"NITEROI";"Trafegar com motocicleta (ou similar) entre as faixas";"Colisão traseira";"Com Vítimas Feridas";"Pleno dia";"Crescente";"Nublado";"Dupla";"Reta";"Sim";2;0;0;1;1;0;1;2;-22,86981096;-43,11046465;"SPRF-RJ";"DEL02-RJ";"UOP01-DEL02-RJ"
657003;2025-01-24;"sexta-feira";"11:43:00";"PB";230;18;"JOAO PESSOA";"Condutor deixou de manter distância do veículo da frente";"Engavetamento";"Com Vítimas Feridas";"Pleno dia";"Decrescente";"Sol";"Dupla";"Reta";"Sim";4;0;1;0;3;0;1;3;-7,1198;-34,8453;"SPRF-PB";"DEL01-PB";"UOP01-DEL01-PB"
657004;2025-01-24;"sexta-feira";"11:50:00";"SC";101;333,7;"TUBARAO";"Desrespeitar a preferência no cruzamento";"Colisão transversal";"Com Vítimas Feridas";"Pleno dia";"Crescente";"Sol";"Simples";"Interseção de Vias;Viaduto;Reta";"Sim";2;0;1;0;1;0;1;2;-28,46963444;-49,01550293;"SPRF-SC";"DEL02-SC";"UOP01-DEL02-SC"
657005;2025-01-24;"sexta-feira";"10:00:00";"MG";381;756;"TRES CORACOES";"Reação tardia ou ineficiente do condutor";"Colisão traseira";"Com Vítimas Feridas";"Pleno dia";"Decrescente";"Céu Claro";"Dupla";"Reta;Rotatória";"Não";6;0;1;0;5;0;1;2;-21,6960517;-45,36128707;"SPRF-MG";"DEL16-MG";"UOP02-DEL16-MG"
657006;2025-01-24;"sexta-feira";"12:15:00";"SP";116;226;"GUARULHOS";"Acesso irregular";"Colisão lateral mesmo sentido";"Com Vítimas Feridas";"Pleno dia";"Crescente";"Céu Claro";"Múltipla";"Reta";"Sim";2;0;1;0;1;0;1;2;-23,49102507;-46,54878195;"SPRF-SP";"DEL01-SP";"UOP01-DEL01-SP"
657007;2025-01-24;"sexta-feira";"12:00:00";"PR";163;160;"LINDOESTE";"Condutor Dormindo";"Saída de leito carroçável";"Com Vítimas Feridas";"Pleno dia";"Crescente";"Céu Claro";"Dupla";"Curva;Aclive";"Não";2;0;1;0;1;0;1;1;-25,33653711;-53,5887282;"SPRF-PR";"DEL05-PR";"UOP05-DEL05-PR"
657008;2025-01-24;"sexta-feira";"10:20:00";"MG";262;669,4;"IBIA";"Velocidade Incompatível";"Saída de leito carroçável";"Com Vítimas Feridas";"Pleno dia";"Crescente";"Sol";"Simples";"Declive;Em Obras;Curva";"Não";1;0;1;0;0;0;1;1;-19,55172772;-46,79118955;"SPRF-MG";"DEL08-MG";"UOP01-DEL08-MG"
657009;2025-01-24;"sexta-feira";"12:30:00";"RJ";101;416;"MANGARATIBA";"Entrada inopinada do pedestre";"Atropelamento de Pedestre";"Com Vítimas Feridas";"Pleno dia";"Crescente";"Céu Claro";"Simples";"Curva";"Não";2;0;0;1;1;0;1;2;-22,9137496;-43,90081644;"SPRF-RJ";"DEL03-RJ";"UOP02-DEL03-RJ"
657010;2025-01-24;"sexta-feira";"11:00:00";"MT";70;6;"BARRA DO GARCAS";"Acessar a via sem observar a presença dos outros veículos";"Colisão transversal";"Com Vítimas Feridas";"Pleno dia";"Crescente";"Céu Claro";"Simples";"Rotatória";"Sim";2;0;1;0;1;0;1;2;-15,878268;-52,306705;"SPRF-MT";"DEL07-MT";"UOP01-DEL07-MT"
657011;2025-01-24;"sexta-feira";"12:05:00";"PE";407;129;"PETROLINA";"Condutor deixou de manter distância do veículo da frente";"Colisão traseira";"Com Vítimas Feridas";"Pleno dia";"Crescente";"Céu Claro";"Dupla";"Ponte";"Sim";2;0;0;1;1;0;1;2;-9,39958299;-40,50459298;"SPRF-PE";"DEL06-PE";"UOP01-DEL06-PE"
657012;2025-01-24;"sexta-feira";"11:50:00";"PR";376;614;"SAO JOSE DOS PINHAIS";"Reação tardia ou ineficiente do condutor";"Colisão traseira";"Sem Vítimas";"Pleno dia";"Decrescente";"Céu Claro";"Dupla";"Reta";"Sim";2;0;0;0;2;0;0;2;-25,57084314;-49,19356398;"SPRF-PR";"DEL01-PR";"UOP03-DEL01-PR"
657013;2025-01-24;"sexta-feira";"10:30:00";"RO";364;429;"JARU";"Condutor deixou de manter distância do veículo da frente";"Engavetamento";"Com Vítimas Feridas";"Pleno dia";"Decrescente";"Céu Claro";"Simples";"Reta";"Não";3;0;0;1;2;0;1;3;-10,41628317;-62,5026501;"SPRF-RO";"DEL03-RO";"UOP02-DEL03-RO"
657014;2025-01-24;"sexta-feira";"13:00:00";"PR";376;4,2;"MANDAGUARI";"Acessar a via sem observar a presença dos outros veículos";"Colisão transversal";"Com Vítimas Feridas";"Pleno dia";"Decrescente";"Céu Claro";"Simples";"Reta;Interseção de Vias";"Sim";2;0;1;0;1;0;1;2;-23,519212;-51,680609;"SPRF-PR";"DEL09-PR";"UOP01-DEL09-PR"
657017;2025-01-24;"sexta-feira";"13:00:00";"MG";262;444,7;"NOVA SERRANA";"Demais falhas mecânicas ou elétricas";"Saída de leito carroçável";"Com Vítimas Feridas";"Pleno dia";"Decrescente";"Sol";"Dupla";"Reta";"Sim";3;0;1;0;2;0;1;2;-19,86875821;-44,98568773;"SPRF-MG";"DEL08-MG";"UOP03-DEL08-MG"
657018;2025-01-14;"terça-feira";"07:30:00";"PB";101;122;"CAAPORA";"Acumulo de água sobre o pavimento";"Saída de leito carroçável";"Com Vítimas Feridas";"Pleno dia";"Crescente";"Nublado";"Dupla";"Declive;Curva";"Não";1;0;1;0;0;0;1;1;-7,45038197;-34,97994215;"SPRF-PB";"DEL01-PB";"UOP01-DEL01-PB"
657020;2025-01-24;"sexta-feira";"10:30:00";"PB";0;0;"JOAO PESSOA";"Velocidade Incompatível";"Colisão com objeto";"Sem Vítimas";"Pleno dia";"Não Informado";"Sol";"Simples";"Reta;Rotatória";"Não";1;0;0;0;1;0;0;1;-7,11896815;-34,83057283;"SPRF-PB";"DEL01-PB";"UOP01-DEL01-PB"
657022;2025-01-20;"segunda-feira";"07:45:00";"SC";101;205;"SAO JOSE";"Ausência de reação do condutor";"Colisão com objeto";"Com Vítimas Feridas";"Pleno dia";"Crescente";"Céu Claro";"Múltipla";"Reta";"Sim";1;0;1;0;0;0;1;1;-27,58313237;-48,61532885;"SPRF-SC";"DEL01-SC";"UOP01-DEL01-SC"
657024;2025-01-24;"sexta-feira";"14:00:00";"GO";414;383,7;"CORUMBA DE GOIAS";"Reação tardia ou ineficiente do condutor";"Saída de leito carroçável";"Com Vítimas Feridas";"Pleno dia";"Decrescente";"Céu Claro";"Simples";"Curva";"Não";4;0;3;0;1;0;3;1;-15,86047004;-48,77016595;"SPRF-GO";"DEL02-GO";"UOP01-DEL02-GO"
657026;2025-01-24;"sexta-feira";"15:15:00";"PB";230;6,3;"CABEDELO";"Manobra de mudança de faixa";"Colisão lateral mesmo sentido";"Com Vítimas Feridas";"Pleno dia";"Crescente";"Céu Claro";"Múltipla";"Declive;Viaduto";"Sim";2;0;1;0;1;0;1;2;-7,02;-34,8359;"SPRF-PB";"DEL01-PB";"UOP01-DEL01-PB"
657027;2025-01-24;"sexta-feira";"11:20:00";"BA";415;58;"ITABUNA";"Velocidade Incompatível";"Colisão frontal";"Com Vítimas Feridas";"Pleno dia";"Decrescente";"Garoa/Chuvisco";"Simples";"Curva";"Não";4;0;2;2;0;0;4;2;-14,849513;-39,38578;"SPRF-BA";"DEL05-BA";"UOP01-DEL05-BA"
657028;2025-01-24;"sexta-feira";"07:20:00";"RJ";40;10;"COMENDADOR LEVY GASPARIAN";"Reação tardia ou ineficiente do condutor";"Saída de leito carroçável";"Com Vítimas Feridas";"Pleno dia";"Decrescente";"Sol";"Dupla";"Curva";"Não";5;0;4;1;0;0;5;1;-22,04690218;-43,20124626;"SPRF-RJ";"DEL05-RJ";"UOP02-DEL05-RJ"
657029;2025-01-24;"sexta-feira";"14:30:00";"GO";153;547,4;"PROFESSOR JAMIL";"Ausência de reação do condutor";"Saída de leito carroçável";"Com Vítimas Feridas";"Pleno dia";"Crescente";"Céu Claro";"Dupla";"Declive;Reta";"Não";2;0;2;0;0;0;2;1;-17,1147;-49,2132;"SPRF-GO";"DEL01-GO";"UOP03-DEL01-GO"
657031;2025-01-24;"sexta-feira";"15:10:00";"SC";101;318,5;"PESCARIA BRAVA";"Ausência de reação do condutor";"Saída de leito carroçável";"Com Vítimas Feridas";"Pleno dia";"Decrescente";"Céu Claro";"Múltipla";"Reta";"Sim";1;0;1;0;0;0;1;1;-28,4266481;-48,86160099;"SPRF-SC";"DEL02-SC";"UOP01-DEL02-SC"
657032;2025-01-24;"sexta-feira";"14:00:00";"SC";470;66,5;"INDAIAL";"Acessar a via sem observar a presença dos outros veículos";"Colisão transversal";"Com Vítimas Feridas";"Pleno dia";"Decrescente";"Nublado";"Simples";"Em Obras;Reta;Rotatória";"Sim";4;0;1;0;3;0;1;2;-26,870407;-49,221844;"SPRF-SC";"DEL04-SC";"UOP01-DEL04-SC"