"id";"data_inversa";"dia_semana";"horario";"uf";"br";"km";"municipio";"causa_acidente";"tipo_acidente";"classificacao_acidente";"fase_dia";"sentido_via";"condicao_metereologica";"tipo_pista";"tracado_via";"uso_solo";"pessoas";"mortos";"feridos_leves";"feridos_graves";"ilesos";"ignorados";"feridos";"veiculos";"latitude";"longitude";"regional";"delegacia";"uop"
657361;2025-01-25;"sábado";"21:20:00";"SP";116;407;"JUQUIA";"Ausência de reação do condutor";"Queda de ocupante de veículo";"Com Vítimas Feridas";"Plena Noite";"Decrescente";"Chuva";"Dupla";"Reta";"Não";1;0;1;0;0;0;1;1;-24,32689195;-47,56569901;"SPRF-SP";"DEL05-SP";"UOP01-DEL05-SP"
657364;2025-01-25;"sábado";"23:10:00";"PI";316;3,9;"TERESINA";"Velocidade Incompatível";"Saída de leito carroçável";"Com Vítimas Feridas";"Plena Noite";"Decrescente";"Garoa/Chuvisco";"Múltipla";"Reta";"Sim";1;0;1;0;0;0;1;1;-5,139383;-42,785563;"SPRF-PI";"DEL01-PI";"UOP02-DEL01-PI"
657365;2025-01-25;"sábado";"12:30:00";"RO";364;308,3;"PRESIDENTE MEDICI";"Desrespeitar a preferência no cruzamento";"Colisão transversal";"Com Vítimas Feridas";"Pleno dia";"Decrescente";"Sol";"Múltipla";"Interseção de Vias;Reta";"Sim";2;0;0;1;1;0;1;2;-11,172427;-61,901573;"SPRF-RO";"DEL02-RO";"UOP01-DEL02-RO"
657367;2025-01-26;"domingo";"00:30:00";"SP";116;123;"CACAPAVA";"Reação tardia ou ineficiente do condutor";"Colisão com objeto";"Com Vítimas Feridas";"Plena Noite";"Decrescente";"Nublado";"Dupla";"Reta";"Não";5;0;2;0;2;1;2;3;-23,08754228;-45,66969781;"SPRF-SP";"DEL02-SP";"UOP02-DEL02-SP"
657369;2025-01-26;"domingo";"01:00:00";"SC";101;156;"PORTO BELO";"Desrespeitar a preferência no cruzamento";"Colisão frontal";"Com Vítimas Feridas";"Plena Noite";"Decrescente";"Nublado";"Dupla";"Interseção de Vias";"Sim";2;0;1;1;0;0;2;2;-27,172272;-48,61170204;"SPRF-SC";"DEL04-SC";"UOP03-DEL04-SC"
657370;2025-01-25;"sábado";"21:50:00";"RJ";40;92;"PETROPOLIS";"Reação tardia ou ineficiente do condutor";"Tombamento";"Com Vítimas Feridas";"Plena Noite";"Crescente";"Céu Claro";"Dupla";"Curva;Declive";"Sim";1;0;1;0;0;0;1;1;-22,55191954;-43,25068815;"SPRF-RJ";"DEL01-RJ";"UOP01-DEL01-RJ"
657371;2025-01-25;"sábado";"21:40:00";"MG";146;458,9;"BOTELHOS";"Ingestão de álcool pelo condutor";"Colisão transversal";"Com Vítimas Feridas";"Plena Noite";"Crescente";"Céu Claro";"Simples";"Reta;Declive;Interseção de Vias";"Não";4;0;2;1;1;0;3;2;-21,632192;-46,407369;"SPRF-MG";"DEL09-MG";"UOP01-DEL09-MG"
657372;2025-01-25;"sábado";"23:00:00";"SC";101;58,9;"ARAQUARI";"Condutor deixou de manter distância do veículo da frente";"Colisão traseira";"Com Vítimas Feridas";"Plena Noite";"Crescente";"Nublado";"Dupla";"Reta;Declive";"Não";3;0;3;0;0;0;3;2;-26,44456229;-48,79654884;"SPRF-SC";"DEL03-SC";"UOP02-DEL03-SC"
657374;2025-01-26;"domingo";"00:35:00";"PE";101;65;"RECIFE";"Ausência de reação do condutor";"Saída de leito carroçável";"Com Vítimas Feridas";"Plena Noite";"Crescente";"Céu Claro";"Dupla";"Reta";"Sim";1;0;0;1;0;0;1;1;-8,02478597;-34,94276635;"SPRF-PE";"DEL01-PE";"UOP01-DEL01-PE"
657375;2025-01-26;"domingo";"01:25:00";"RJ";101;478;"ANGRA DOS REIS";"Reação tardia ou ineficiente do condutor";"Colisão com objeto";"Com Vítimas Feridas";"Plena Noite";"Crescente";"Nublado";"Simples";"Curva";"Sim";2;0;1;0;1;0;1;1;-23,00246527;-44,27270594;"SPRF-RJ";"DEL03-RJ";"UOP03-DEL03-RJ"
657376;2025-01-25;"sábado";"23:45:00";"SP";116;52,9;"LORENA";"Pedestre andava na pista";"Atropelamento de Pedestre";"Com Vítimas Feridas";"Plena Noite";"Crescente";"Céu Claro";"Dupla";"Reta";"Não";3;0;0;1;1;1;1;2;-22,74708138;-45,09973038;"SPRF-SP";"DEL08-SP";"UOP02-DEL08-SP"
657377;2025-01-26;"domingo";"01:05:00";"SP";116;62;"GUARATINGUETA";"Transitar na contramão";"Colisão transversal";"Sem Vítimas";"Plena Noite";"Decrescente";"Nublado";"Dupla";"Reta";"Não";2;0;0;0;1;1;0;2;-22,80538606;-45,17236692;"SPRF-SP";"DEL08-SP";"UOP01-DEL08-SP"
657378;2025-01-25;"sábado";"22:30:00";"MG";365;161;"PIRAPORA";"Área urbana sem a presença de local apropriado para a travessia de pedestres";"Atropelamento de Pedestre";"Com Vítimas Feridas";"Plena Noite";"Crescente";"Nublado";"Simples";"Reta";"Sim";2;0;0;1;1;0;1;2;-17,36446786;-44,92847403;"SPRF-MG";"DEL10-MG";"UOP02-DEL010-MG"
657379;2025-01-26;"domingo";"01:30:00";"GO";40;80;"CRISTALINA";"Condutor Dormindo";"Saída de leito carroçável";"Com Vítimas Feridas";"Plena Noite";"Crescente";"Céu Claro";"Dupla";"Curva";"Não";1;0;1;0;0;0;1;1;-16,669464;-47,713391;"SPRF-DF";"DEL01-DF";"UOP02-DEL01-DF"
657380;2025-01-25;"sábado";"21:32:00";"PA";163;139;"ALTAMIRA";"Reação tardia ou ineficiente do condutor";"Atropelamento de Animal";"Sem Vítimas";"Plena Noite";"Crescente";"Nublado";"Simples";"Aclive";"Não";1;0;0;0;1;0;0;1;-8,4668;-55,134;"SPRF-MT";"DEL06-MT";"UOP03-DEL06-MT"
657383;2025-01-26;"domingo";"02:21:00";"MT";70;3,9;"BARRA DO GARCAS";"Reação tardia ou ineficiente do condutor";"Colisão com objeto";"Com Vítimas Fatais";"Plena Noite";"Crescente";"Nublado";"Dupla";"Rotatória";"Sim";1;1;0;0;0;0;0;1;-15,88252843;-52,27574027;"SPRF-MT";"DEL07-MT";"UOP01-DEL07-MT"
657384;2025-01-26;"domingo";"02:30:00";"MA";135;23;"SAO LUIS";"Ausência de reação do condutor";"Colisão traseira";"Sem Vítimas";"Plena Noite";"Crescente";"Céu Claro";"Dupla";"Reta";"Sim";2;0;0;0;2;0;0;2;-2,53073;-44,3068;"SPRF-MA";"DEL01-MA";"UOP01-DEL01-MA"
657385;2025-01-26;"domingo";"04:00:00";"MG";262;409;"IGARATINGA";"Ausência de reação do condutor";"Saída de leito carroçável";"Com Vítimas Feridas";"Plena Noite";"Crescente";"Ignorado";"Dupla";"Curva;Declive";"Não";5;0;1;0;4;0;1;1;-19,8901412;-44,62313102;"SPRF-MG";"DEL08-MG";"UOP03-DEL08-MG"
657386;2025-01-26;"domingo";"03:40:00";"SC";101;11,9;"GARUVA";"Ausência de reação do condutor";"Colisão traseira";"Com Vítimas Feridas";"Pleno dia";"Decrescente";"Chuva";"Múltipla";"Reta";"Não";1;0;1;0;0;0;1;1;-26,07202503;-48,86100853;"SPRF-SC";"DEL03-SC";"UOP01-DEL03-SC"
657387;2025-01-26;"domingo";"04:41:00";"GO";153;516;"APARECIDA DE GOIANIA";"Ingestão de álcool pelo condutor";"Colisão traseira";"Sem Vítimas";"Plena Noite";"Crescente";"Nublado";"Dupla";"Reta";"Sim";2;0;0;0;2;0;0;2;-16,8504;-49,2473;"SPRF-GO";"DEL01-GO";"UOP03-DEL01-GO"
657388;2025-01-26;"domingo";"01:30:00";"BA";407;102;"JAGUARARI";"Animais na Pista";"Atropelamento de Animal";"Com Vítimas Fatais";"Plena Noite";"Crescente";"Céu Claro";"Simples";"Reta;Declive";"Não";3;1;1;1;0;0;2;1;-10,25144463;-40,19450109;"SPRF-BA";"DEL04-BA";"UOP01-DEL04-BA"
657390;2025-01-26;"domingo";"04:55:00";"SC";470;49;"BLUMENAU";"Ausência de reação do condutor";"Tombamento";"Com Vítimas Feridas";"Amanhecer";"Crescente";"Sol";"Dupla";"Curva";"Sim";2;0;1;1;0;0;2;1;-26,860662;-49,065159;"SPRF-SC";"DEL04-SC";"UOP01-DEL04-SC"
657393;2025-01-26;"domingo";"04:40:00";"RS";287;298;"SAO PEDRO DO SUL";"Ingestão de álcool pelo condutor";"Saída de leito carroçável";"Sem Vítimas";"Amanhecer";"Crescente";"Céu Claro";"Simples";"Reta";"Não";2;0;0;0;2;0;0;1;-29,64548343;-54,37431605;"SPRF-RS";"DEL09-RS";"UOP01-DEL09-RS"
657394;2025-01-26;"domingo";"05:50:00";"PR";277;71;"SAO JOSE DOS PINHAIS";"Reação tardia ou ineficiente do condutor";"Saída de leito carroçável";"Com Vítimas Feridas";"Amanhecer";"Crescente";"Nublado";"Dupla";"Reta";"Sim";2;0;1;0;1;0;1;1;-25,50727759;-49,13789749;"SPRF-PR";"DEL01-PR";"UOP07-DEL01-PR"
657395;2025-01-26;"domingo";"03:00:00";"RJ";40;123;"DUQUE DE CAXIAS";"Demais falhas mecânicas ou elétricas";"Incêndio";"Sem Vítimas";"Plena Noite";"Decrescente";"Céu Claro";"Dupla";"Curva";"Sim";1;0;0;0;0;1;0;1;-22,79907687;-43,29015739;"SPRF-RJ";"DEL01-RJ";"UOP02-DEL01-RJ"
657396;2025-01-26;"domingo";"03:30:00";"MG";381;821;"CAREACU";"Velocidade Incompatível";"Colisão com objeto";"Com Vítimas Feridas";"Plena Noite";"Crescente";"Nevoeiro/Neblina";"Dupla";"Interseção de Vias;Reta";"Não";5;0;3;0;2;0;3;1;-22,11209226;-45,74742779;"SPRF-MG";"DEL16-MG";"UOP02-DEL16-MG"
657398;2025-01-26;"domingo";"06:10:00";"SC";101;205,9;"SAO JOSE";"Condutor deixou de manter distância do veículo da frente";"Colisão traseira";"Com Vítimas Feridas";"Pleno dia";"Crescente";"Céu Claro";"Múltipla";"Reta";"Sim";2;0;1;0;1;0;1;2;-27,58313237;-48,61532885;"SPRF-SC";"DEL01-SC";"UOP01-DEL01-SC"
657399;2025-01-26;"domingo";"02:15:00";"RJ";101;415;"MANGARATIBA";"Animais na Pista";"Atropelamento de Animal";"Com Vítimas Feridas";"Plena Noite";"Decrescente";"Céu Claro";"Dupla";"Reta";"Não";2;0;2;0;0;0;2;1;-22,90433243;-43,88181398;"SPRF-RJ";"DEL03-RJ";"UOP01-DEL03-RJ"
657402;2025-01-26;"domingo";"06:25:00";"PB";230;42,1;"SANTA RITA";"Demais falhas mecânicas ou elétricas";"Saída de leito carroçável";"Com Vítimas Feridas";"Pleno dia";"Decrescente";"Céu Claro";"Dupla";"Reta";"Não";2;0;1;1;0;0;2;1;-7,1426;-34,9956;"SPRF-PB";"DEL01-PB";"UOP02-DEL01-PB"
657403;2025-01-26;"domingo";"02:30:00";"GO";60;114;"GOIANAPOLIS";"Ausência de reação do condutor";"Saída de leito carroçável";"Com Vítimas Feridas";"Plena Noite";"Crescente";"Nublado";"Dupla";"Reta";"Sim";1;0;1;0;0;0;1;1;-16,4633;-49,0636;"SPRF-GO";"DEL01-GO";"UOP01-DEL01-GO"
657405;2025-01-26;"domingo";"06:40:00";"SC";101;195,8;"BIGUACU";"Manobra de mudança de faixa";"Colisão lateral mesmo sentido";"Com Vítimas Feridas";"Pleno dia";"Crescente";"Nublado";"Múltipla";"Interseção de Vias;Reta";"Sim";2;0;1;0;1;0;1;2;-27,5047092;-48,65010819;"SPRF-SC";"DEL01-SC";"UOP01-DEL01-SC"
657406;2025-01-26;"domingo";"05:30:00";"MT";364;449;"VARZEA GRANDE";"Ausência de reação do condutor";"Colisão frontal";"Com Vítimas Feridas";"Amanhecer";"Crescente";"Céu Claro";"Simples";"Reta";"Não";2;0;0;1;1;0;1;2;-15,59907434;-56,21805803;"SPRF-MT";"DEL01-MT";"UOP02-DEL01-MT"
657407;2025-01-26;"domingo";"01:20:00";"RS";471;172;"RIO PARDO";"Condutor Dormindo";"Saída de leito carroçável";"Com Vítimas Feridas";"Plena Noite";"Decrescente";"Céu Claro";"Simples";"Curva";"Sim";1;0;0;1;0;0;1;1;-30,005714;-52,367828;"SPRF-RS";"DEL02-RS";"UOP03-DEL02-RS"
657408;2025-01-26;"domingo";"06:30:00";"PB";230;12,5;"CABEDELO";"Animais na Pista";"Atropelamento de Animal";"Com Vítimas Feridas";"Pleno dia";"Decrescente";"Céu Claro";"Dupla";"Reta";"Sim";2;0;2;0;0;0;2;1;-7,068;-34,85;"SPRF-PB";"DEL01-PB";"UOP01-DEL01-PB"
657410;2025-01-12;"domingo";"07:00:00";"PR";277;328;"GUARAPUAVA";"Transitar na contramão";"Colisão lateral sentido oposto";"Com Vítimas Fatais";"Pleno dia";"Crescente";"Nublado";"Simples";"Reta";"Não";7;1;5;0;1;0;5;3;-25,3658465;-51,344064;"SPRF-PR";"DEL08-PR";"UOP01-DEL08-PR"
657411;2025-01-26;"domingo";"06:00:00";"PA";10;262,5;"AURORA DO PARA";"Ausência de reação do condutor";"Colisão traseira";"Com Vítimas Fatais";"Amanhecer";"Crescente";"Ignorado";"Simples";"Reta;Declive";"Sim";4;1;0;2;0;1;2;2;-2,141316;-47,560802;"SPRF-PA";"DEL02-PA";"UOP01-DEL02-PA"
657413;2025-01-26;"domingo";"07:00:00";"RS";293;2,7;"PELOTAS";"Acesso irregular";"Colisão transversal";"Com Vítimas Feridas";"Pleno dia";"Crescente";"Céu Claro";"Simples";"Reta";"Não";2;0;1;0;1;0;1;2;-31,750426;-52,35999499;"SPRF-RS";"DEL07-RS";"UOP01-DEL07-RS"
657415;2025-01-26;"domingo";"06:00:00";"RO";429;94,5;"ALVORADA DOESTE";"Ausência de reação do condutor";"Tombamento";"Com Vítimas Feridas";"Amanhecer";"Crescente";"Ignorado";"Dupla";"Declive";"Sim";1;0;0;1;0;0;1;1;-11,35984129;-62,2992267;"SPRF-RO";"DEL02-RO";"UOP03-DEL02-RO"
657416;2025-01-26;"domingo";"08:35:00";"SE";101;46;"JAPARATUBA";"Chuva";"Saída de leito carroçável";"Com Vítimas Feridas";"Pleno dia";"Crescente";"Chuva";"Dupla";"Retorno Regulamentado;Reta;Declive";"Não";2;0;2;0;0;0;2;1;-10,57096002;-36,96427168;"SPRF-SE";"DEL02-SE";"UOP02-DEL02-SE"
657417;2025-01-26;"domingo";"08:40:00";"MG";116;412;"GOVERNADOR VALADARES";"Acessar a via sem observar a presença dos outros veículos";"Colisão transversal";"Com Vítimas Feridas";"Pleno dia";"Crescente";"Céu Claro";"Simples";"Reta";"Sim";3;0;2;0;1;0;2;2;-18,87596871;-41,96438245;"SPRF-MG";"DEL06-MG";"UOP01-DEL06-MG"
657418;2025-01-26;"domingo";"07:30:00";"BA";324;553;"AMELIA RODRIGUES";"Demais falhas mecânicas ou elétricas";"Saída de leito carroçável";"Com Vítimas Feridas";"Pleno dia";"Crescente";"Céu Claro";"Dupla";"Reta";"Não";5;0;1;0;4;0;1;1;-12,45504393;-38,70402395;"SPRF-BA";"DEL01-BA";"UOP03-DEL01-BA"
657420;2025-01-26;"domingo";"09:00:00";"GO";70;9;"AGUAS LINDAS DE GOIAS";"Demais falhas mecânicas ou elétricas";"Colisão com objeto";"Sem Vítimas";"Pleno dia";"Crescente";"Céu Claro";"Dupla";"Reta";"Sim";2;0;0;0;2;0;0;2;-15,73576731;-48,28288046;"SPRF-DF";"DEL03-DF";"UOP02-DEL03-DF"
657422;2025-01-26;"domingo";"05:40:00";"RO";364;415,2;"JARU";"Ausência de reação do condutor";"Saída de leito carroçável";"Sem Vítimas";"Amanhecer";"Crescente";"Nevoeiro/Neblina";"Simples";"Reta";"Não";1;0;0;0;0;1;0;1;-10,50318569;-62,41426582;"SPRF-RO";"DEL03-RO";"UOP02-DEL03-RO"
657423;2025-01-20;"segunda-feira";"12:00:00";"SC";101;302;"LAGUNA";"Ausência de reação do condutor";"Engavetamento";"Com Vítimas Feridas";"Pleno dia";"Crescente";"Sol";"Dupla";"Reta";"Não";10;0;1;0;9;0;1;4;-28,35387609;-48,7426239;"SPRF-SC";"DEL02-SC";"UOP03-DEL02-SC"
657424;2025-01-26;"domingo";"09:00:00";"BA";116;11,8;"VITORIA DA CONQUISTA";"Avarias e/ou desgaste excessivo no pneu";"Queda de ocupante de veículo";"Com Vítimas Feridas";"Pleno dia";"Crescente";"Céu Claro";"Simples";"Reta";"Não";2;0;1;0;1;0;1;1;-14,851;-40,8485;"SPRF-BA";"DEL08-BA";"UOP01-DEL08-BA"
657427;2025-01-26;"domingo";"07:05:00";"MT";70;0,6;"BARRA DO GARCAS";"Desrespeitar a preferência no cruzamento";"Colisão traseira";"Com Vítimas Feridas";"Pleno dia";"Decrescente";"Céu Claro";"Dupla";"Rotatória";"Sim";3;0;1;1;1;0;2;2;-15,893992;-52,258408;"SPRF-MT";"DEL07-MT";"UOP01-DEL07-MT"
657428;2025-01-26;"domingo";"09:35:00";"GO";60;90;"ANAPOLIS";"Demais falhas mecânicas ou elétricas";"Tombamento";"Com Vítimas Feridas";"Pleno dia";"Decrescente";"Céu Claro";"Dupla";"Declive;Reta";"Sim";2;0;1;0;1;0;1;1;-16,3427;-48,9019;"SPRF-GO";"DEL02-GO";"UOP01-DEL02-GO"
657432;2025-01-26;"domingo";"08:59:00";"SP";153;45,7;"SAO JOSE DO RIO PRETO";"Ultrapassagem Indevida";"Colisão traseira";"Com Vítimas Feridas";"Pleno dia";"Decrescente";"Céu Claro";"Simples";"Reta";"Não";3;0;1;0;2;0;1;2;-20,66398299;-49,34086178;"SPRF-SP";"DEL09-SP";"UOP01-DEL09-SP"
657433;2025-01-26;"domingo";"08:30:00";"GO";60;20;"ALEXANIA";"Reação tardia ou ineficiente do condutor";"Saída de leito carroçável";"Com Vítimas Feridas";"Pleno dia";"Crescente";"Céu Claro";"Dupla";"Curva;Declive";"Não";1;0;1;0;0;0;1;1;-16,0963;-48,5202;"SPRF-DF";"DEL03-DF";"UOP01-DEL03-DF"
657436;2025-01-19;"domingo";"06:10:00";"SC";282;561;"NOVA ERECHIM";"Condutor Dormindo";"Saída de leito carroçável";"Com Vítimas Feridas";"Pleno dia";"Crescente";"Céu Claro";"Simples";"Reta";"Não";3;0;2;0;1;0;2;1;-26,919464;-52,861614;"SPRF-SC";"DEL07-SC";"UOP02-DEL07-SC"
657437;2025-01-26;"domingo";"09:25:00";"RJ";116;173;"SAO JOAO DE MERITI";"Ausência de reação do condutor";"Colisão traseira";"Com Vítimas Feridas";"Pleno dia";"Crescente";"Céu Claro";"Dupla";"Reta";"Sim";3;0;2;0;1;0;2;2;-22,79810324;-43,35726614;"SPRF-RJ";"DEL06-RJ";"UOP01-DEL06-RJ"
657438;2025-01-26;"domingo";"10:00:00";"PR";476;88;"BOCAIUVA DO SUL";"Declive acentuado";"Colisão com objeto";"Com Vítimas Feridas";"Pleno dia";"Decrescente";"Céu Claro";"Simples";"Curva";"Não";1;0;0;1;0;0;1;1;-25,179029;-49,118553;"SPRF-PR";"DEL01-PR";"UOP01-DEL01-PR"
657439;2025-01-26;"domingo";"10:00:00";"GO";40;92,2;"CRISTALINA";"Acessar a via sem observar a presença dos outros veículos";"Colisão transversal";"Com Vítimas Feridas";"Pleno dia";"Crescente";"Céu Claro";"Simples";"Interseção de Vias;Reta";"Não";5;0;4;0;1;0;4;2;-16,73460543;-47,62126923;"SPRF-DF";"DEL01-DF";"UOP02-DEL01-DF"
657440;2025-01-26;"domingo";"10:30:00";"ES";101;174,7;"ARACRUZ";"Acessar a via sem observar a presença dos outros veículos";"Colisão transversal";"Com Vítimas Feridas";"Pleno dia";"Crescente";"Céu Claro";"Simples";"Reta;Interseção de Vias";"Não";3;0;1;1;0;1;2;2;-19,58047007;-40,18782185;"SPRF-ES";"DEL04-ES";"UOP01-DEL04-ES"
657442;2025-01-26;"domingo";"10:00:00";"PR";376;291,5;"MAUA DA SERRA";"Velocidade Incompatível";"Queda de ocupante de veículo";"Com Vítimas Feridas";"Pleno dia";"Decrescente";"Céu Claro";"Dupla";"Curva";"Não";1;0;1;0;0;0;1;1;-23,907572;-51,192665;"SPRF-PR";"DEL07-PR";"UOP02-DEL07-PR"
657443;2025-01-26;"domingo";"10:30:00";"RJ";101;415;"MANGARATIBA";"Ingestão de álcool pelo condutor";"Saída de leito carroçável";"Com Vítimas Feridas";"Pleno dia";"Crescente";"Céu Claro";"Dupla";"Reta";"Não";2;0;1;0;1;0;1;1;-22,90433243;-43,88181398;"SPRF-RJ";"DEL03-RJ";"UOP01-DEL03-RJ"
657444;2025-01-26;"domingo";"10:16:00";"PR";369;202;"APUCARANA";"Conversão proibida";"Colisão transversal";"Sem Vítimas";"Pleno dia";"Decrescente";"Céu Claro";"Simples";"Reta;Interseção de Vias";"Sim";3;0;0;0;3;0;0;2;-23,5467929;-51,45194113;"SPRF-PR";"DEL07-PR";"UOP03-DEL07-PR"
657445;2025-01-26;"domingo";"10:55:00";"SC";101;24,4;"JOINVILLE";"Avarias e/ou desgaste excessivo no pneu";"Tombamento";"Com Vítimas Feridas";"Pleno dia";"Decrescente";"Céu Claro";"Dupla";"Reta";"Sim";2;0;2;0;0;0;2;1;-26,17483309;-48,90767978;"SPRF-SC";"DEL03-SC";"UOP01-DEL03-SC"
657446;2025-01-26;"domingo";"10:30:00";"ES";262;58,1;"MARECHAL FLORIANO";"Conversão proibida";"Colisão traseira";"Com Vítimas Feridas";"Pleno dia";"Decrescente";"Sol";"Simples";"Reta";"Não";3;0;1;0;2;0;1;2;-20,42076276;-40,76927908;"SPRF-ES";"DEL01-ES";"UOP01-DEL01-ES"
657449;2025-01-26;"domingo";"09:55:00";"MT";70;525;"VARZEA GRANDE";"Acessar a via sem observar a presença dos outros veículos";"Colisão transversal";"Com Vítimas Feridas";"Pleno dia";"Crescente";"Céu Claro";"Simples";"Reta;Interseção de Vias";"Sim";3;0;3;0;0;0;3;2;-15,652106;-56,201497;"SPRF-MT";"DEL01-MT";"UOP02-DEL01-MT"
657450;2025-01-26;"domingo";"11:20:00";"SP";153;72,7;"SAO JOSE DO RIO PRETO";"Ingestão de álcool pelo condutor";"Colisão com objeto";"Sem Vítimas";"Pleno dia";"Decrescente";"Céu Claro";"Dupla";"Declive;Reta";"Sim";2;0;0;0;2;0;0;1;-20,87627206;-49,42004692;"SPRF-SP";"DEL09-SP";"UOP01-DEL09-SP"
657452;2025-01-26;"domingo";"11:30:00";"ES";262;39,5;"DOMINGOS MARTINS";"Transitar na contramão";"Colisão frontal";"Com Vítimas Feridas";"Pleno dia";"Crescente";"Céu Claro";"Simples";"Curva";"Não";8;0;1;0;7;0;1;2;-20,38402519;-40,63602448;"SPRF-ES";"DEL01-ES";"UOP01-DEL01-ES"
657453;2025-01-26;"domingo";"11:50:00";"ES";101;365,3;"ANCHIETA";"Velocidade Incompatível";"Colisão com objeto";"Com Vítimas Feridas";"Pleno dia";"Crescente";"Céu Claro";"Simples";"Aclive;Reta";"Não";2;0;0;2;0;0;2;1;-20,73397538;-40,7507118;"SPRF-ES";"DEL03-ES";"UOP01-DEL03-ES"
657455;2025-01-26;"domingo";"11:50:00";"TO";153;133;"ARAGUAINA";"Ausência de reação do condutor";"Saída de leito carroçável";"Com Vítimas Fatais";"Plena Noite";"Decrescente";"Céu Claro";"Simples";"Reta";"Não";1;1;0;0;0;0;0;1;-7,11461109;-48,18743388;"SPRF-TO";"DEL02-TO";"UOP01-DEL02-TO"
657457;2025-01-26;"domingo";"11:30:00";"AL";101;178;"TEOTONIO VILELA";"Transitar na contramão";"Colisão frontal";"Com Vítimas Feridas";"Pleno dia";"Decrescente";"Céu Claro";"Simples";"Reta";"Não";5;0;2;0;1;2;2;3;-9,88723897;-36,390828;"SPRF-AL";"DEL02-AL";"UOP02-DEL02-AL"
657458;2025-01-26;"domingo";"12:10:00";"SP";116;373;"MIRACATU";"Condutor Dormindo";"Colisão com objeto";"Com Vítimas Feridas";"Pleno dia";"Decrescente";"Nublado";"Dupla";"Reta";"Não";1;0;1;0;0;0;1;1;-24,17559984;-47,34537385;"SPRF-SP";"DEL04-SP";"UOP02-DEL04-SP"
657460;2025-01-26;"domingo";"09:25:00";"SC";280;24,8;"ARAQUARI";"Acessar a via sem observar a presença dos outros veículos";"Colisão transversal";"Com Vítimas Feridas";"Pleno dia";"Decrescente";"Sol";"Simples";"Reta";"Sim";2;0;2;0;0;0;2;2;-26,37724921;-48,71953282;"SPRF-SC";"DEL03-SC";"UOP03-DEL03-SC"
657461;2025-01-26;"domingo";"12:30:00";"PR";376;177,3;"MARINGA";"Ausência de reação do condutor";"Colisão com objeto";"Com Vítimas Feridas";"Pleno dia";"Crescente";"Céu Claro";"Dupla";"Retorno Regulamentado;Reta";"Sim";2;0;1;1;0;0;2;1;-23,41595855;-51,92226484;"SPRF-PR";"DEL09-PR";"UOP01-DEL09-PR"
657462;2025-01-26;"domingo";"12:00:00";"MG";381;932,9;"EXTREMA";"Ausência de reação do condutor";"Tombamento";"Com Vítimas Feridas";"Pleno dia";"Crescente";"Nublado";"Dupla";"Curva";"Não";1;0;1;0;0;0;1;1;-22,79357583;-46,25246494;"SPRF-MG";"DEL16-MG";"UOP03-DEL16-MG"
657464;2025-01-26;"domingo";"12:50:00";"SC";282;320;"VARGEM";"Manobra de mudança de faixa";"Colisão lateral sentido oposto";"Com Vítimas Feridas";"Pleno dia";"Crescente";"Céu Claro";"Simples";"Reta";"Não";2;0;2;0;0;0;2;1;-27,510321;-50,922432;"SPRF-SC";"DEL07-SC";"UOP06-DEL07-SC"
657465;2025-01-26;"domingo";"13:15:00";"SP";101;46;"UBATUBA";"Reação tardia ou ineficiente do condutor";"Colisão traseira";"Com Vítimas Feridas";"Pleno dia";"Crescente";"Garoa/Chuvisco";"Simples";"Reta";"Sim";4;0;1;0;3;0;1;2;-23,42403383;-45,07492113;"SPRF-SP";"DEL06-SP";"UOP01-DEL06-SP"
657466;2025-01-26;"domingo";"11:45:00";"MT";70;730;"CACERES";"Acessar a via sem observar a presença dos outros veículos";"Colisão transversal";"Sem Vítimas";"Pleno dia";"Decrescente";"Céu Claro";"Simples";"Reta";"Sim";2;0;0;0;2;0;0;2;-16,10342215;-57,67733216;"SPRF-MT";"DEL03-MT";"UOP01-DEL03-MT"
657469;2025-01-26;"domingo";"09:50:00";"SC";282;402,3;"CATANDUVAS";"Ausência de reação do condutor";"Saída de leito carroçável";"Sem Vítimas";"Pleno dia";"Crescente";"Céu Claro";"Simples";"Curva";"Não";1;0;0;0;0;1;0;1;-27,115656;-51,631065;"SPRF-SC";"DEL07-SC";"UOP05-DEL07-SC"
657470;2025-01-26;"domingo";"14:00:00";"BA";116;427;"FEIRA DE SANTANA";"Reação tardia ou ineficiente do condutor";"Saída de leito carroçável";"Com Vítimas Feridas";"Pleno dia";"Decrescente";"Céu Claro";"Dupla";"Reta";"Sim";2;0;0;1;0;1;1;2;-12,272592;-38,993806;"SPRF-BA";"DEL02-BA";"UOP01-DEL02-BA"
657471;2025-01-26;"domingo";"12:20:00";"BA";101;903,6;"IBIRAPUA";"Acessar a via sem observar a presença dos outros veículos";"Saída de leito carroçável";"Com Vítimas Feridas";"Pleno dia";"Crescente";"Céu Claro";"Simples";"Aclive";"Não";2;0;0;1;1;0;1;2;-17,759748;-39,775365;"SPRF-BA";"DEL09-BA";"UOP02-DEL09-BA"
657472;2025-01-26;"domingo";"12:40:00";"SC";101;262,3;"GAROPABA";"Ausência de reação do condutor";"Saída de leito carroçável";"Com Vítimas Feridas";"Pleno dia";"Crescente";"Céu Claro";"Dupla";"Reta";"Sim";1;0;0;1;0;0;1;1;-28,03525949;-48,70902836;"SPRF-SC";"DEL02-SC";"UOP03-DEL02-SC"