"id";"data_inversa";"dia_semana";"horario";"uf";"br";"km";"municipio";"causa_acidente";"tipo_acidente";"classificacao_acidente";"fase_dia";"sentido_via";"condicao_metereologica";"tipo_pista";"tracado_via";"uso_solo";"pessoas";"mortos";"feridos_leves";"feridos_graves";"ilesos";"ignorados";"feridos";"veiculos";"latitude";"longitude";"regional";"delegacia";"uop"
657473;2025-01-26;"domingo";"11:30:00";"RN";110;5;"AREIA BRANCA";"Reação tardia ou ineficiente do condutor";"Colisão transversal";"Com Vítimas Feridas";"Pleno dia";"Crescente";"Céu Claro";"Simples";"Curva";"Não";3;0;2;0;1;0;2;2;-4,95135716;-37,09382023;"SPRF-RN";"DEL04-RN";"UOP01-DEL04-RN"
657474;2025-01-26;"domingo";"14:00:00";"CE";222;63;"SAO GONCALO DO AMARANTE";"Transitar na contramão";"Colisão transversal";"Com Vítimas Feridas";"Pleno dia";"Crescente";"Nublado";"Simples";"Reta";"Sim";3;0;0;1;2;0;1;2;-3,6717776;-39,10726798;"SPRF-CE";"DEL01-CE";"UOP03-DEL01-CE"
657475;2025-01-26;"domingo";"13:45:00";"MG";381;519,1;"IGARAPE";"Velocidade Incompatível";"Tombamento";"Com Vítimas Feridas";"Pleno dia";"Decrescente";"Chuva";"Dupla";"Curva;Declive";"Não";2;0;2;0;0;0;2;1;-20,12834104;-44,30330781;"SPRF-MG";"DEL01-MG";"UOP03-DEL01-MG"
657477;2025-01-26;"domingo";"13:43:00";"MG";381;519,1;"IGARAPE";"Velocidade Incompatível";"Tombamento";"Com Vítimas Feridas";"Pleno dia";"Decrescente";"Chuva";"Dupla";"Curva;Declive";"Não";1;0;1;0;0;0;1;1;-20,1088719;-44,315927;"SPRF-MG";"DEL01-MG";"UOP03-DEL01-MG"
657479;2025-01-26;"domingo";"14:10:00";"RS";116;261;"CANOAS";"Demais falhas mecânicas ou elétricas";"Tombamento";"Com Vítimas Feridas";"Pleno dia";"Crescente";"Nublado";"Dupla";"Reta";"Sim";3;0;2;0;0;1;2;2;-29,887983;-51,17901;"SPRF-RS";"DEL01-RS";"UOP01-DEL01-RS"
657480;2025-01-26;"domingo";"14:00:00";"MG";365;657,5;"UBERLANDIA";"Ingestão de álcool pelo condutor";"Colisão com objeto";"Sem Vítimas";"Pleno dia";"Crescente";"Sol";"Dupla";"Reta";"Não";2;0;0;0;1;1;0;1;-18,88770079;-48,62008095;"SPRF-MG";"DEL15-MG";"UOP01-DEL15-MG"
657481;2025-01-26;"domingo";"14:00:00";"RN";101;109,6;"PARNAMIRIM";"Velocidade Incompatível";"Colisão com objeto";"Com Vítimas Feridas";"Pleno dia";"Decrescente";"Céu Claro";"Múltipla";"Em Obras;Curva;Interseção de Vias";"Sim";2;0;2;0;0;0;2;1;-5,93894814;-35,26443958;"SPRF-RN";"DEL01-RN";"UOP01-DEL01-RN"
657483;2025-01-26;"domingo";"14:40:00";"PB";230;17;"JOAO PESSOA";"Pedestre cruzava a pista fora da faixa";"Atropelamento de Pedestre";"Com Vítimas Feridas";"Pleno dia";"Crescente";"Céu Claro";"Dupla";"Reta";"Sim";2;0;1;0;1;0;1;2;-7,1121;-34,8426;"SPRF-PB";"DEL01-PB";"UOP01-DEL01-PB"
657484;2025-01-26;"domingo";"12:30:00";"RJ";40;113;"DUQUE DE CAXIAS";"Reação tardia ou ineficiente do condutor";"Colisão lateral mesmo sentido";"Com Vítimas Feridas";"Pleno dia";"Decrescente";"Céu Claro";"Múltipla";"Reta";"Não";2;0;1;0;0;1;1;2;-22,70948502;-43,29040354;"SPRF-RJ";"DEL01-RJ";"UOP02-DEL01-RJ"
657485;2025-01-26;"domingo";"14:34:00";"MG";381;635;"SANTO ANTONIO DO AMPARO";"Reação tardia ou ineficiente do condutor";"Colisão com objeto";"Com Vítimas Feridas";"Pleno dia";"Decrescente";"Chuva";"Dupla";"Curva";"Não";4;0;3;0;1;0;3;1;-20,88278809;-44,85183046;"SPRF-MG";"DEL04-MG";"UOP01-DEL04-MG"
657486;2025-01-26;"domingo";"15:20:00";"SC";101;6;"BIGUACU";"Condutor Dormindo";"Saída de leito carroçável";"Com Vítimas Feridas";"Pleno dia";"Decrescente";"Nublado";"Dupla";"Curva";"Não";2;0;2;0;0;0;2;1;-27,4946;-48,6561;"SPRF-SC";"DEL01-SC";"UOP01-DEL01-SC"
657488;2025-01-26;"domingo";"15:10:00";"SC";470;142,9;"RIO DO SUL";"Acessar a via sem observar a presença dos outros veículos";"Colisão transversal";"Com Vítimas Feridas";"Pleno dia";"Decrescente";"Céu Claro";"Simples";"Interseção de Vias;Curva";"Sim";3;0;0;1;1;1;1;3;-27,229801;-49,6693;"SPRF-SC";"DEL04-SC";"UOP02-DEL04-SC"
657489;2025-01-26;"domingo";"14:50:00";"SP";116;310,8;"SAO LOURENCO DA SERRA";"Chuva";"Colisão com objeto";"Com Vítimas Feridas";"Pleno dia";"Crescente";"Chuva";"Dupla";"Declive;Reta";"Não";2;0;1;0;1;0;1;1;-23,8717102;-46,96137189;"SPRF-SP";"DEL04-SP";"UOP01-DEL04-SP"
657490;2025-01-26;"domingo";"15:00:00";"PR";116;173;"QUITANDINHA";"Acessar a via sem observar a presença dos outros veículos";"Colisão transversal";"Sem Vítimas";"Pleno dia";"Decrescente";"Céu Claro";"Simples";"Reta;Interseção de Vias";"Não";2;0;0;0;0;2;0;2;-25,89648;-49,550045;"SPRF-PR";"DEL01-PR";"UOP03-DEL01-PR"
657491;2025-01-26;"domingo";"16:00:00";"MG";50;65;"UBERLANDIA";"Avarias e/ou desgaste excessivo no pneu";"Saída de leito carroçável";"Com Vítimas Feridas";"Pleno dia";"Crescente";"Céu Claro";"Dupla";"Reta";"Não";2;0;1;0;1;0;1;1;-18,85140204;-48,25345932;"SPRF-MG";"DEL15-MG";"UOP02-DEL15-MG"
657492;2025-01-26;"domingo";"16:00:00";"RS";472;577;"URUGUAIANA";"Ausência de reação do condutor";"Colisão com objeto";"Com Vítimas Feridas";"Pleno dia";"Crescente";"Céu Claro";"Simples";"Curva;Rotatória";"Sim";1;0;1;0;0;0;1;1;-29,76580017;-57,00834791;"SPRF-RS";"DEL13-RS";"UOP01-DEL13-RS"
657494;2025-01-26;"domingo";"16:55:00";"MG";40;716,9;"BARBACENA";"Velocidade Incompatível";"Colisão com objeto";"Com Vítimas Feridas";"Pleno dia";"Decrescente";"Chuva";"Dupla";"Curva";"Não";3;0;1;0;2;0;1;2;-21,25153502;-43,66402206;"SPRF-MG";"DEL05-MG";"UOP01-DEL05-MG"
657495;2025-01-26;"domingo";"14:00:00";"MG";381;855,1;"POUSO ALEGRE";"Ausência de reação do condutor";"Saída de leito carroçável";"Com Vítimas Feridas";"Pleno dia";"Crescente";"Sol";"Dupla";"Reta";"Não";1;0;1;0;0;0;1;1;-22,28051906;-45,89512825;"SPRF-MG";"DEL16-MG";"UOP01-DEL16-MG"
657496;2025-01-26;"domingo";"14:48:00";"PR";369;473,8;"CORBELIA";"Condutor deixou de manter distância do veículo da frente";"Colisão traseira";"Com Vítimas Feridas";"Pleno dia";"Decrescente";"Sol";"Simples";"Reta";"Não";3;0;1;0;2;0;1;2;-24,718529;-53,246337;"SPRF-PR";"DEL04-PR";"UOP03-DEL04-PR"
657497;2025-01-26;"domingo";"16:20:00";"SC";101;196,7;"BIGUACU";"Reação tardia ou ineficiente do condutor";"Colisão com objeto";"Com Vítimas Feridas";"Pleno dia";"Decrescente";"Nublado";"Múltipla";"Curva";"Sim";1;0;0;1;0;0;1;1;-27,51101091;-48,64322292;"SPRF-SC";"DEL01-SC";"UOP01-DEL01-SC"
657498;2025-01-26;"domingo";"16:30:00";"MG";381;501;"BETIM";"Trafegar com motocicleta (ou similar) entre as faixas";"Colisão lateral mesmo sentido";"Com Vítimas Feridas";"Pleno dia";"Decrescente";"Céu Claro";"Múltipla";"Reta";"Sim";3;0;1;0;2;0;1;3;-20,01270991;-44,22031403;"SPRF-MG";"DEL01-MG";"UOP03-DEL01-MG"
657499;2025-01-26;"domingo";"16:10:00";"MG";381;500;"BETIM";"Condutor deixou de manter distância do veículo da frente";"Engavetamento";"Sem Vítimas";"Pleno dia";"Decrescente";"Sol";"Dupla";"Aclive;Reta";"Sim";4;0;0;0;3;1;0;4;-20,00250761;-44,21198845;"SPRF-MG";"DEL01-MG";"UOP03-DEL01-MG"
657500;2025-01-26;"domingo";"14:00:00";"MT";158;790,1;"BARRA DO GARCAS";"Demais falhas mecânicas ou elétricas";"Queda de ocupante de veículo";"Com Vítimas Feridas";"Pleno dia";"Decrescente";"Céu Claro";"Simples";"Aclive";"Não";1;0;1;0;0;0;1;1;-15,827985;-52,307073;"SPRF-MT";"DEL07-MT";"UOP01-DEL07-MT"
657501;2025-01-26;"domingo";"16:30:00";"RS";101;82,7;"OSORIO";"Reação tardia ou ineficiente do condutor";"Colisão traseira";"Com Vítimas Feridas";"Pleno dia";"Crescente";"Céu Claro";"Dupla";"Reta";"Não";3;0;1;0;2;0;1;2;-29,84322488;-50,24558869;"SPRF-RS";"DEL03-RS";"UOP01-DEL03-RS"
657506;2025-01-26;"domingo";"14:00:00";"PE";116;6,4;"SALGUEIRO";"Ausência de reação do condutor";"Colisão com objeto";"Sem Vítimas";"Pleno dia";"Crescente";"Céu Claro";"Simples";"Reta";"Não";1;0;0;0;0;1;0;1;-7,903998;-39,114899;"SPRF-PE";"DEL05-PE";"UOP01-DEL05-PE"
657507;2025-01-26;"domingo";"16:30:00";"MG";116;704,1;"MURIAE";"Frear bruscamente";"Tombamento";"Com Vítimas Feridas";"Pleno dia";"Decrescente";"Chuva";"Simples";"Reta";"Sim";2;0;1;0;1;0;1;1;-21,13416858;-42,38722798;"SPRF-MG";"DEL07-MG";"UOP02-DEL07-MG"
657509;2025-01-26;"domingo";"15:15:00";"MG";381;315,8;"ANTONIO DIAS";"Velocidade Incompatível";"Colisão frontal";"Com Vítimas Fatais";"Pleno dia";"Decrescente";"Céu Claro";"Simples";"Curva";"Não";2;1;0;0;1;0;0;2;-19,69154909;-42,99258988;"SPRF-MG";"DEL03-MG";"UOP02-DEL03-MG"
657511;2025-01-26;"domingo";"17:05:00";"MG";262;437,3;"NOVA SERRANA";"Acessar a via sem observar a presença dos outros veículos";"Colisão transversal";"Com Vítimas Feridas";"Pleno dia";"Crescente";"Sol";"Dupla";"Retorno Regulamentado;Reta";"Não";4;0;1;0;3;0;1;2;-19,89622194;-44,86972815;"SPRF-MG";"DEL08-MG";"UOP03-DEL08-MG"
657512;2025-01-26;"domingo";"16:25:00";"RO";319;58,3;"PORTO VELHO";"Acessar a via sem observar a presença dos outros veículos";"Colisão lateral mesmo sentido";"Sem Vítimas";"Pleno dia";"Decrescente";"Céu Claro";"Dupla";"Interseção de Vias";"Sim";2;0;0;0;2;0;0;2;-8,766685;-63,884052;"SPRF-RO";"DEL01-RO";"UOP01-DEL01-RO"
657514;2025-01-26;"domingo";"15:54:00";"SC";470;32;"GASPAR";"Condutor deixou de manter distância do veículo da frente";"Colisão lateral mesmo sentido";"Com Vítimas Feridas";"Pleno dia";"Crescente";"Céu Claro";"Dupla";"Reta";"Não";3;0;0;1;2;0;1;3;-26,901793;-48,931812;"SPRF-SC";"DEL04-SC";"UOP01-DEL04-SC"
657516;2025-01-26;"domingo";"17:40:00";"MG";146;486,9;"POCOS DE CALDAS";"Avarias e/ou desgaste excessivo no pneu";"Saída de leito carroçável";"Sem Vítimas";"Pleno dia";"Crescente";"Chuva";"Simples";"Reta;Aclive";"Sim";3;0;0;0;3;0;0;1;-21,8079621;-46,4799316;"SPRF-MG";"DEL09-MG";"UOP01-DEL09-MG"
657517;2025-01-26;"domingo";"16:30:00";"RJ";116;141;"DUQUE DE CAXIAS";"Ausência de reação do condutor";"Engavetamento";"Com Vítimas Feridas";"Pleno dia";"Crescente";"Céu Claro";"Dupla";"Reta;Ponte";"Não";6;0;1;0;5;0;1;3;-22,64724486;-43,22083001;"SPRF-RJ";"DEL01-RJ";"UOP02-DEL01-RJ"
657518;2025-01-26;"domingo";"17:50:00";"MG";459;35,2;"CALDAS";"Velocidade Incompatível";"Saída de leito carroçável";"Com Vítimas Feridas";"Pleno dia";"Decrescente";"Chuva";"Simples";"Curva";"Não";2;0;2;0;0;0;2;1;-21,94101539;-46,35071754;"SPRF-MG";"DEL09-MG";"UOP01-DEL09-MG"
657519;2025-01-26;"domingo";"17:00:00";"SP";381;46;"ATIBAIA";"Pista Escorregadia";"Colisão com objeto";"Sem Vítimas";"Pleno dia";"Decrescente";"Chuva";"Simples";"Reta";"Sim";3;0;0;0;3;0;0;1;-23,180897;-46,580777;"SPRF-SP";"DEL03-SP";"UOP01-DEL03-SP"
657520;2025-01-26;"domingo";"17:30:00";"GO";364;251;"JATAI";"Velocidade Incompatível";"Saída de leito carroçável";"Com Vítimas Feridas";"Anoitecer";"Decrescente";"Garoa/Chuvisco";"Simples";"Curva";"Não";3;0;1;0;2;0;1;1;-17,723007;-52,161961;"SPRF-GO";"DEL05-GO";"UOP01-DEL05-GO"
657521;2025-01-26;"domingo";"18:00:00";"CE";222;20;"CAUCAIA";"Acessar a via sem observar a presença dos outros veículos";"Colisão transversal";"Com Vítimas Feridas";"Plena Noite";"Crescente";"Céu Claro";"Simples";"Desvio Temporário;Em Obras";"Não";2;0;1;0;1;0;1;2;-3,7411838;-38,7350389;"SPRF-CE";"DEL01-CE";"UOP01-DEL01-CE"
657523;2025-01-26;"domingo";"16:35:00";"MG";381;654;"SANTO ANTONIO DO AMPARO";"Avarias e/ou desgaste excessivo no pneu";"Capotamento";"Com Vítimas Feridas";"Pleno dia";"Crescente";"Chuva";"Dupla";"Aclive;Curva";"Não";5;0;1;0;4;0;1;1;-20,98800716;-44,95206356;"SPRF-MG";"DEL04-MG";"UOP02-DEL04-MG"
657525;2025-01-26;"domingo";"19:00:00";"SP";153;35;"NOVA GRANADA";"Ingestão de álcool pelo condutor";"Colisão traseira";"Sem Vítimas";"Plena Noite";"Crescente";"Chuva";"Simples";"Reta";"Não";3;0;0;0;3;0;0;3;-20,58054802;-49,31936791;"SPRF-SP";"DEL09-SP";"UOP01-DEL09-SP"
657526;2025-01-26;"domingo";"18:00:00";"RS";116;261;"CANOAS";"Frear bruscamente";"Colisão traseira";"Com Vítimas Feridas";"Pleno dia";"Crescente";"Céu Claro";"Dupla";"Reta";"Sim";3;0;1;0;2;0;1;2;-29,88826233;-51,17912292;"SPRF-RS";"DEL01-RS";"UOP01-DEL01-RS"
657528;2025-01-26;"domingo";"19:00:00";"SP";153;61;"SAO JOSE DO RIO PRETO";"Ingestão de álcool pelo condutor";"Engavetamento";"Sem Vítimas";"Plena Noite";"Crescente";"Chuva";"Dupla";"Retorno Regulamentado;Reta";"Sim";3;0;0;0;3;0;0;3;-20,80502876;-49,35574909;"SPRF-SP";"DEL09-SP";"UOP01-DEL09-SP"
657529;2025-01-26;"domingo";"18:20:00";"PR";476;182;"LAPA";"Velocidade Incompatível";"Saída de leito carroçável";"Com Vítimas Feridas";"Anoitecer";"Decrescente";"Céu Claro";"Simples";"Curva";"Não";2;0;1;0;1;0;1;1;-25,716891;-49,61441;"SPRF-PR";"DEL01-PR";"UOP06-DEL01-PR"
657530;2025-01-26;"domingo";"18:35:00";"MG";40;480;"SETE LAGOAS";"Avarias e/ou desgaste excessivo no pneu";"Colisão com objeto";"Com Vítimas Fatais";"Anoitecer";"Decrescente";"Chuva";"Dupla";"Curva;Declive";"Não";6;1;4;0;1;0;4;2;-19,54293519;-44,2485434;"SPRF-MG";"DEL02-MG";"UOP01-DEL02-MG"
657531;2025-01-26;"domingo";"17:55:00";"RJ";101;61;"CAMPOS DOS GOYTACAZES";"Entrada inopinada do pedestre";"Atropelamento de Pedestre";"Com Vítimas Feridas";"Anoitecer";"Decrescente";"Nublado";"Simples";"Reta";"Sim";2;0;1;0;0;1;1;2;-21,72048414;-41,31448591;"SPRF-RJ";"DEL08-RJ";"UOP01-DEL08-RJ"
657533;2025-01-26;"domingo";"15:15:00";"RS";290;194,9;"RIO PARDO";"Demais falhas mecânicas ou elétricas";"Queda de ocupante de veículo";"Com Vítimas Feridas";"Pleno dia";"Crescente";"Céu Claro";"Simples";"Reta";"Não";2;0;2;0;0;0;2;1;-30,163651;-52,15506;"SPRF-RS";"DEL02-RS";"UOP03-DEL02-RS"
657534;2025-01-26;"domingo";"18:45:00";"PR";376;349;"ORTIGUEIRA";"Acessar a via sem observar a presença dos outros veículos";"Colisão transversal";"Sem Vítimas";"Anoitecer";"Decrescente";"Céu Claro";"Simples";"Reta;Declive";"Não";6;0;0;0;5;1;0;2;-24,23741824;-50,91757915;"SPRF-PR";"DEL07-PR";"UOP02-DEL07-PR"
657535;2025-01-26;"domingo";"18:46:00";"PE";101;49;"ABREU E LIMA";"Ultrapassagem Indevida";"Colisão frontal";"Com Vítimas Feridas";"Plena Noite";"Decrescente";"Chuva";"Múltipla";"Reta";"Sim";2;0;0;1;1;0;1;2;-7,90886695;-34,90223408;"SPRF-PE";"DEL01-PE";"UOP02-DEL01-PE"
657537;2025-01-26;"domingo";"19:15:00";"MG";116;279;"TEOFILO OTONI";"Conversão proibida";"Colisão transversal";"Com Vítimas Feridas";"Plena Noite";"Crescente";"Céu Claro";"Simples";"Reta";"Sim";3;0;1;0;2;0;1;2;-17,87634412;-41,52080762;"SPRF-MG";"DEL11-MG";"UOP01-DEL11-MG"
657538;2025-01-26;"domingo";"17:40:00";"SE";235;84;"FREI PAULO";"Acessar a via sem observar a presença dos outros veículos";"Colisão transversal";"Com Vítimas Feridas";"Anoitecer";"Crescente";"Ignorado";"Simples";"Aclive;Curva;Interseção de Vias";"Sim";3;0;2;0;0;1;2;2;-10,554296;-37,633732;"SPRF-SE";"DEL01-SE";"UOP02-DEL01-SE"
657540;2025-01-26;"domingo";"17:50:00";"RJ";40;4;"COMENDADOR LEVY GASPARIAN";"Chuva";"Saída de leito carroçável";"Com Vítimas Feridas";"Plena Noite";"Decrescente";"Chuva";"Dupla";"Curva";"Não";1;0;1;0;0;0;1;1;-22,01337537;-43,23594846;"SPRF-RJ";"DEL05-RJ";"UOP02-DEL05-RJ"
657541;2025-01-26;"domingo";"18:30:00";"RJ";40;4;"COMENDADOR LEVY GASPARIAN";"Chuva";"Colisão traseira";"Com Vítimas Feridas";"Plena Noite";"Decrescente";"Chuva";"Dupla";"Curva;Declive";"Não";3;0;2;0;1;0;2;2;-22,01279315;-43,25743147;"SPRF-RJ";"DEL05-RJ";"UOP02-DEL05-RJ"
657542;2025-01-26;"domingo";"19:00:00";"BA";110;306;"INHAMBUPE";"Frear bruscamente";"Colisão traseira";"Com Vítimas Fatais";"Plena Noite";"Crescente";"Céu Claro";"Simples";"Reta";"Não";3;1;1;1;0;0;2;2;-11,95971896;-38,3725292;"SPRF-BA";"DEL01-BA";"UOP04-DEL01-BA"
657543;2025-01-26;"domingo";"19:30:00";"PR";116;96;"SAO JOSE DOS PINHAIS";"Chuva";"Tombamento";"Com Vítimas Feridas";"Anoitecer";"Crescente";"Chuva";"Dupla";"Reta";"Não";2;0;1;0;1;0;1;1;-25,53864856;-49,15024999;"SPRF-PR";"DEL01-PR";"UOP07-DEL01-PR"
657544;2025-01-26;"domingo";"18:50:00";"RS";116;298;"GUAIBA";"Transitar no Acostamento";"Colisão traseira";"Com Vítimas Fatais";"Anoitecer";"Crescente";"Céu Claro";"Dupla";"Reta";"Sim";5;1;0;1;0;3;1;3;-30,10644302;-51,34381389;"SPRF-RS";"DEL02-RS";"UOP01-DEL02-RS"
657546;2025-01-26;"domingo";"19:20:00";"RO";364;198;"PIMENTA BUENO";"Acessar a via sem observar a presença dos outros veículos";"Colisão lateral mesmo sentido";"Com Vítimas Feridas";"Plena Noite";"Crescente";"Nublado";"Simples";"Reta";"Sim";2;0;1;0;1;0;1;2;-11,67104;-61,191322;"SPRF-RO";"DEL02-RO";"UOP02-DEL02-RO"
657547;2025-01-26;"domingo";"11:05:00";"PA";230;726,3;"MEDICILANDIA";"Pista esburacada";"Saída de leito carroçável";"Com Vítimas Feridas";"Pleno dia";"Crescente";"Céu Claro";"Simples";"Reta";"Não";4;0;4;0;0;0;4;1;-3,35708059;-52,76922703;"SPRF-PA";"DEL04-PA";"UOP01-DEL04-PA"
657548;2025-01-26;"domingo";"20:15:00";"RS";392;101;"MORRO REDONDO";"Condutor deixou de manter distância do veículo da frente";"Colisão lateral mesmo sentido";"Com Vítimas Feridas";"Plena Noite";"Crescente";"Céu Claro";"Simples";"Reta;Declive";"Não";2;0;1;0;0;1;1;2;-31,53006815;-52,58461814;"SPRF-RS";"DEL07-RS";"UOP01-DEL07-RS"
657549;2025-01-26;"domingo";"20:00:00";"GO";70;9;"AGUAS LINDAS DE GOIAS";"Ingestão de álcool pelo condutor";"Colisão traseira";"Com Vítimas Feridas";"Plena Noite";"Decrescente";"Nublado";"Dupla";"Reta";"Sim";4;0;3;0;1;0;3;2;-15,73576731;-48,28288046;"SPRF-DF";"DEL03-DF";"UOP02-DEL03-DF"
657551;2025-01-26;"domingo";"20:00:00";"AL";316;234;"ATALAIA";"Conversão proibida";"Colisão frontal";"Com Vítimas Feridas";"Plena Noite";"Crescente";"Céu Claro";"Simples";"Reta";"Sim";3;0;1;0;2;0;1;2;-9,495433;-36,082429;"SPRF-AL";"DEL01-AL";"UOP01-DEL01-AL"
657552;2025-01-26;"domingo";"16:30:00";"MG";365;505,8;"PATROCINIO";"Pista Escorregadia";"Capotamento";"Com Vítimas Feridas";"Pleno dia";"Decrescente";"Chuva";"Simples";"Reta";"Não";4;0;4;0;0;0;4;1;-18,95015062;-47,2727949;"SPRF-MG";"DEL10-MG";"UOP01-DEL10-MG"
657553;2025-01-26;"domingo";"20:30:00";"MG";40;621;"CONSELHEIRO LAFAIETE";"Condutor deixou de manter distância do veículo da frente";"Colisão traseira";"Com Vítimas Feridas";"Plena Noite";"Crescente";"Chuva";"Simples";"Reta;Declive";"Sim";5;0;1;0;4;0;1;2;-20,58556107;-43,80743334;"SPRF-MG";"DEL05-MG";"UOP02-DEL05-MG"
657554;2025-01-26;"domingo";"19:30:00";"BA";101;875,2;"TEIXEIRA DE FREITAS";"Ingestão de álcool pelo condutor";"Colisão traseira";"Com Vítimas Feridas";"Plena Noite";"Decrescente";"Céu Claro";"Simples";"Reta";"Sim";2;0;0;1;0;1;1;2;-17,529243;-39,70969;"SPRF-BA";"DEL09-BA";"UOP02-DEL09-BA"
657555;2025-01-26;"domingo";"20:15:00";"RS";290;176,9;"BUTIA";"Acessar a via sem observar a presença dos outros veículos";"Colisão transversal";"Com Vítimas Feridas";"Plena Noite";"Crescente";"Céu Claro";"Simples";"Reta";"Sim";3;0;1;0;1;1;1;3;-30,131086;-51,972031;"SPRF-RS";"DEL02-RS";"UOP03-DEL02-RS"
657556;2025-01-26;"domingo";"19:50:00";"SC";282;513,6;"XAXIM";"Acessar a via sem observar a presença dos outros veículos";"Colisão transversal";"Com Vítimas Fatais";"Plena Noite";"Crescente";"Nublado";"Simples";"Reta";"Não";7;1;0;0;5;1;0;3;-26,91529409;-52,48435557;"SPRF-SC";"DEL07-SC";"UOP01-DEL07-SC"
657559;2025-01-26;"domingo";"17:00:00";"CE";222;298;"TIANGUA";"Ingestão de álcool pelo condutor";"Tombamento";"Com Vítimas Feridas";"Pleno dia";"Crescente";"Chuva";"Simples";"Curva";"Não";1;0;1;0;0;0;1;1;-3,65334406;-40,9299664;"SPRF-CE";"DEL04-CE";"UOP02-DEL04-CE"
657560;2025-01-26;"domingo";"20:55:00";"SC";101;226,9;"PALHOCA";"Trafegar com motocicleta (ou similar) entre as faixas";"Colisão traseira";"Com Vítimas Feridas";"Plena Noite";"Decrescente";"Nublado";"Dupla";"Reta";"Não";3;0;0;1;1;1;1;3;-27,74200001;-48,63806504;"SPRF-SC";"DEL01-SC";"UOP02-DEL01-SC"
657561;2025-01-26;"domingo";"21:15:00";"ES";101;331,9;"GUARAPARI";"Transitar no Acostamento";"Atropelamento de Pedestre";"Com Vítimas Fatais";"Plena Noite";"Crescente";"Nublado";"Dupla";"Reta";"Não";2;1;0;0;0;1;0;2;-20,60149301;-40,50248706;"SPRF-ES";"DEL03-ES";"UOP01-DEL03-ES"
657562;2025-01-26;"domingo";"20:30:00";"PR";376;155,8;"MANDAGUACU";"Pedestre cruzava a pista fora da faixa";"Atropelamento de Pedestre";"Com Vítimas Fatais";"Plena Noite";"Decrescente";"Céu Claro";"Múltipla";"Reta";"Sim";2;1;0;0;1;0;0;2;-23,3431911;-52,09041624;"SPRF-PR";"DEL09-PR";"UOP02-DEL09-PR"
657563;2025-01-26;"domingo";"21:05:00";"RJ";101;327;"RIO DE JANEIRO";"Ausência de reação do condutor";"Colisão traseira";"Com Vítimas Feridas";"Plena Noite";"Decrescente";"Nublado";"Dupla";"Aclive;Reta";"Não";2;0;1;1;0;0;2;2;-22,87117393;-43,15595099;"SPRF-RJ";"DEL02-RJ";"UOP01-DEL02-RJ"
657564;2025-01-26;"domingo";"19:30:00";"PR";277;265;"IRATI";"Ausência de reação do condutor";"Saída de leito carroçável";"Com Vítimas Feridas";"Anoitecer";"Crescente";"Céu Claro";"Simples";"Curva";"Não";1;0;1;0;0;0;1;1;-25,40796469;-50,78574703;"SPRF-PR";"DEL08-PR";"UOP02-DEL08-PR"
657565;2025-01-26;"domingo";"21:30:00";"ES";101;32;"CONCEICAO DA BARRA";"Acessar a via sem observar a presença dos outros veículos";"Colisão transversal";"Com Vítimas Feridas";"Plena Noite";"Crescente";"Céu Claro";"Simples";"Reta";"Sim";3;0;0;2;0;1;2;2;-18,42549901;-39,93487006;"SPRF-ES";"DEL04-ES";"UOP02-DEL04-ES"
657566;2025-01-26;"domingo";"20:40:00";"RJ";493;18,5;"GUAPIMIRIM";"Acessar a via sem observar a presença dos outros veículos";"Colisão transversal";"Com Vítimas Feridas";"Plena Noite";"Crescente";"Céu Claro";"Dupla";"Reta";"Não";2;0;1;0;1;0;1;2;-22,6687122;-43,01862696;"SPRF-RJ";"DEL04-RJ";"UOP02-DEL04-RJ"
657567;2025-01-26;"domingo";"20:50:00";"GO";40;19;"LUZIANIA";"Acesso irregular";"Colisão transversal";"Com Vítimas Feridas";"Pleno dia";"Decrescente";"Céu Claro";"Dupla";"Reta";"Sim";7;0;4;1;2;0;5;2;-16,201556;-47,921314;"SPRF-DF";"DEL01-DF";"UOP01-DEL01-DF"
657568;2025-01-26;"domingo";"21:20:00";"ES";101;392,3;"RIO NOVO DO SUL";"Iluminação deficiente";"Colisão transversal";"Com Vítimas Feridas";"Plena Noite";"Crescente";"Céu Claro";"Simples";"Interseção de Vias";"Não";2;0;1;0;1;0;1;2;-20,86651733;-40,90775156;"SPRF-ES";"DEL03-ES";"UOP02-DEL03-ES"
657569;2025-01-26;"domingo";"19:55:00";"MG";381;686;"LAVRAS";"Velocidade Incompatível";"Colisão com objeto";"Sem Vítimas";"Plena Noite";"Decrescente";"Chuva";"Dupla";"Curva";"Não";4;0;0;0;4;0;0;2;-21,20030689;-45,11944438;"SPRF-MG";"DEL04-MG";"UOP02-DEL04-MG"
657570;2025-01-26;"domingo";"20:25:00";"SC";101;427,1;"SOMBRIO";"Ausência de reação do condutor";"Tombamento";"Com Vítimas Feridas";"Plena Noite";"Decrescente";"Nublado";"Múltipla";"Reta";"Não";1;0;1;0;0;0;1;1;-29,04731597;-49,61751938;"SPRF-SC";"DEL02-SC";"UOP02-DEL02-SC"
657571;2025-01-26;"domingo";"21:10:00";"MA";316;266,9;"SANTA INES";"Pista Escorregadia";"Queda de ocupante de veículo";"Com Vítimas Feridas";"Plena Noite";"Crescente";"Chuva";"Simples";"Reta";"Não";1;0;1;0;0;0;1;1;-3,681815;-45,347157;"SPRF-MA";"DEL02-MA";"UOP01-DEL02-MA"