"id";"data_inversa";"dia_semana";"horario";"uf";"br";"km";"municipio";"causa_acidente";"tipo_acidente";"classificacao_acidente";"fase_dia";"sentido_via";"condicao_metereologica";"tipo_pista";"tracado_via";"uso_solo";"pessoas";"mortos";"feridos_leves";"feridos_graves";"ilesos";"ignorados";"feridos";"veiculos";"latitude";"longitude";"regional";"delegacia";"uop"
657683;2025-01-27;"segunda-feira";"11:00:00";"PI";402;79;"LUIS CORREIA";"Ausência de reação do condutor";"Colisão traseira";"Com Vítimas Feridas";"Pleno dia";"Decrescente";"Sol";"Simples";"Reta";"Sim";2;0;1;0;1;0;1;2;-3,07581078;-41,42705109;"SPRF-PI";"DEL05-PI";"UOP01-DEL05-PI"
657684;2025-01-27;"segunda-feira";"12:00:00";"PI";343;12,1;"PARNAIBA";"Acessar a via sem observar a presença dos outros veículos";"Colisão transversal";"Com Vítimas Feridas";"Pleno dia";"Crescente";"Sol";"Simples";"Reta";"Sim";2;0;1;0;0;1;1;2;-2,910035;-41,753662;"SPRF-PI";"DEL05-PI";"UOP01-DEL05-PI"
657685;2025-01-27;"segunda-feira";"12:30:00";"PR";163;62,6;"PEROLA DOESTE";"Chuva";"Colisão lateral sentido oposto";"Com Vítimas Feridas";"Pleno dia";"Decrescente";"Chuva";"Múltipla";"Curva;Aclive";"Não";3;0;2;0;1;0;2;2;-25,849808;-53,751462;"SPRF-PR";"DEL02-PR";"UOP02-DEL02-PR"
657687;2025-01-18;"sábado";"16:40:00";"SP";153;59,7;"SAO JOSE DO RIO PRETO";"Reação tardia ou ineficiente do condutor";"Colisão com objeto";"Com Vítimas Feridas";"Pleno dia";"Crescente";"Sol";"Dupla";"Reta";"Sim";4;0;1;0;3;0;1;2;-20,78733103;-49,35399276;"SPRF-SP";"DEL09-SP";"UOP01-DEL09-SP"
657688;2025-01-27;"segunda-feira";"12:30:00";"PR";277;632;"CEU AZUL";"Condutor deixou de manter distância do veículo da frente";"Colisão traseira";"Com Vítimas Feridas";"Pleno dia";"Decrescente";"Céu Claro";"Simples";"Reta";"Sim";2;0;1;0;1;0;1;2;-25,12256565;-53,80997113;"SPRF-PR";"DEL05-PR";"UOP02-DEL05-PR"
657689;2025-01-27;"segunda-feira";"11:45:00";"DF";20;10,3;"BRASILIA";"Ausência de sinalização";"Colisão transversal";"Com Vítimas Feridas";"Pleno dia";"Decrescente";"Nublado";"Dupla";"Em Obras;Desvio Temporário;Reta";"Sim";3;0;1;0;2;0;1;2;-15,650243;-47,773872;"SPRF-DF";"DEL02-DF";"UOP01-DEL02-DF"
657690;2025-01-27;"segunda-feira";"13:04:00";"PE";101;67;"RECIFE";"Reação tardia ou ineficiente do condutor";"Colisão traseira";"Com Vítimas Feridas";"Pleno dia";"Crescente";"Céu Claro";"Dupla";"Reta";"Sim";2;0;1;0;1;0;1;2;-8,050081;-34,945829;"SPRF-PE";"DEL01-PE";"UOP01-DEL01-PE"
657691;2025-01-27;"segunda-feira";"13:30:00";"RS";471;657,5;"SANTA VITORIA DO PALMAR";"Acessar a via sem observar a presença dos outros veículos";"Colisão transversal";"Com Vítimas Feridas";"Pleno dia";"Crescente";"Céu Claro";"Simples";"Reta";"Sim";2;0;0;1;1;0;1;2;-33,514408;-53,330658;"SPRF-RS";"DEL07-RS";"UOP04-DEL07-RS"
657693;2025-01-27;"segunda-feira";"11:20:00";"MG";262;40,2;"MANHUACU";"Acessar a via sem observar a presença dos outros veículos";"Colisão transversal";"Com Vítimas Feridas";"Pleno dia";"Decrescente";"Céu Claro";"Simples";"Rotatória;Reta;Retorno Regulamentado;Declive";"Sim";2;0;0;1;1;0;1;2;-20,27142167;-42,06546063;"SPRF-MG";"DEL06-MG";"UOP03-DEL06-MG"
657695;2025-01-27;"segunda-feira";"13:40:00";"MG";381;1;"BETIM";"Avarias e/ou desgaste excessivo no pneu";"Queda de ocupante de veículo";"Com Vítimas Feridas";"Pleno dia";"Decrescente";"Nublado";"Dupla";"Reta";"Não";2;0;2;0;0;0;2;1;-19,97095494;-44,16006947;"SPRF-MG";"DEL01-MG";"UOP03-DEL01-MG"
657698;2025-01-27;"segunda-feira";"13:05:00";"SC";101;328,9;"TUBARAO";"Ultrapassagem Indevida";"Colisão lateral mesmo sentido";"Sem Vítimas";"Pleno dia";"Crescente";"Céu Claro";"Dupla";"Reta;Ponte";"Não";3;0;0;0;1;2;0;3;-28,43648094;-48,95989307;"SPRF-SC";"DEL02-SC";"UOP01-DEL02-SC"
657699;2025-01-27;"segunda-feira";"14:00:00";"MG";381;837,2;"SAO SEBASTIAO DA BELA VISTA";"Velocidade Incompatível";"Colisão com objeto";"Com Vítimas Feridas";"Pleno dia";"Crescente";"Chuva";"Dupla";"Curva";"Não";4;0;1;0;3;0;1;1;-22,18544691;-45,84411022;"SPRF-MG";"DEL16-MG";"UOP01-DEL16-MG"
657701;2025-01-27;"segunda-feira";"14:20:00";"MG";381;3,9;"BETIM";"Avarias e/ou desgaste excessivo no pneu";"Tombamento";"Com Vítimas Feridas";"Pleno dia";"Crescente";"Céu Claro";"Dupla";"Reta";"Sim";2;0;2;0;0;0;2;1;-19,96825;-44,198708;"SPRF-MG";"DEL01-MG";"UOP03-DEL01-MG"
657702;2025-01-27;"segunda-feira";"09:00:00";"PR";369;371;"MAMBORE";"Desrespeitar a preferência no cruzamento";"Colisão transversal";"Com Vítimas Feridas";"Pleno dia";"Decrescente";"Céu Claro";"Simples";"Reta";"Não";3;0;2;0;1;0;2;2;-24,2732433;-52,5122958;"SPRF-PR";"DEL04-PR";"UOP03-DEL04-PR"
657706;2025-01-27;"segunda-feira";"14:30:00";"RS";290;79;"GRAVATAI";"Ausência de reação do condutor";"Colisão lateral mesmo sentido";"Com Vítimas Feridas";"Pleno dia";"Decrescente";"Céu Claro";"Múltipla";"Reta";"Não";2;0;1;0;1;0;1;2;-29,952908;-51,048054;"SPRF-RS";"DEL01-RS";"UOP01-DEL01-RS"
657707;2025-01-21;"terça-feira";"19:30:00";"MS";163;591,1;"BANDEIRANTES";"Entrada inopinada do pedestre";"Atropelamento de Pedestre";"Com Vítimas Feridas";"Plena Noite";"Decrescente";"Céu Claro";"Dupla";"Reta;Declive";"Não";2;0;0;1;1;0;1;2;-19,56443495;-54,42305893;"SPRF-MS";"DEL06-MS";"UOP02-DEL06-MS"
657709;2025-01-27;"segunda-feira";"14:35:00";"GO";414;440;"ANAPOLIS";"Ausência de reação do condutor";"Colisão traseira";"Com Vítimas Feridas";"Pleno dia";"Crescente";"Céu Claro";"Dupla";"Rotatória";"Sim";2;0;1;0;1;0;1;2;-16,28128823;-48,94258908;"SPRF-GO";"DEL02-GO";"UOP01-DEL02-GO"
657711;2025-01-27;"segunda-feira";"13:30:00";"MG";116;667,8;"MIRADOURO";"Ingestão de álcool pelo condutor";"Tombamento";"Com Vítimas Feridas";"Pleno dia";"Crescente";"Nublado";"Simples";"Reta";"Não";1;0;1;0;0;0;1;1;-20,85515645;-42,32152831;"SPRF-MG";"DEL07-MG";"UOP02-DEL07-MG"
657713;2025-01-21;"terça-feira";"01:45:00";"RJ";101;316;"SAO GONCALO";"Reação tardia ou ineficiente do condutor";"Colisão lateral mesmo sentido";"Com Vítimas Feridas";"Plena Noite";"Decrescente";"Céu Claro";"Dupla";"Reta";"Sim";2;0;1;0;1;0;1;2;-22,82835879;-43,09208739;"SPRF-RJ";"DEL02-RJ";"UOP02-DEL02-RJ"
657715;2025-01-27;"segunda-feira";"15:45:00";"PB";230;16;"JOAO PESSOA";"Pista Escorregadia";"Queda de ocupante de veículo";"Com Vítimas Feridas";"Pleno dia";"Decrescente";"Sol";"Dupla";"Reta";"Sim";1;0;1;0;0;0;1;1;-7,1092;-34,8431;"SPRF-PB";"DEL01-PB";"UOP01-DEL01-PB"
657716;2025-01-27;"segunda-feira";"15:40:00";"DF";20;31,5;"BRASILIA";"Avarias e/ou desgaste excessivo no pneu";"Saída de leito carroçável";"Com Vítimas Feridas";"Pleno dia";"Decrescente";"Céu Claro";"Dupla";"Aclive;Reta";"Não";1;0;1;0;0;0;1;1;-15,592531;-47,594936;"SPRF-DF";"DEL02-DF";"UOP01-DEL02-DF"
657717;2025-01-27;"segunda-feira";"15:15:00";"PR";277;8;"PARANAGUA";"Ausência de reação do condutor";"Saída de leito carroçável";"Com Vítimas Feridas";"Pleno dia";"Decrescente";"Céu Claro";"Dupla";"Reta";"Não";4;0;3;1;0;0;4;1;-25,568198;-48,615292;"SPRF-PR";"DEL01-PR";"UOP05-DEL01-PR"
657718;2025-01-27;"segunda-feira";"14:00:00";"MG";356;271,2;"MURIAE";"Restrição de visibilidade em curvas horizontais";"Colisão traseira";"Com Vítimas Feridas";"Pleno dia";"Decrescente";"Nublado";"Simples";"Curva;Aclive";"Não";4;0;1;0;3;0;1;3;-21,13210421;-42,31711942;"SPRF-MG";"DEL07-MG";"UOP02-DEL07-MG"
657720;2025-01-27;"segunda-feira";"15:30:00";"SP";101;42;"UBATUBA";"Acessar a via sem observar a presença dos outros veículos";"Colisão transversal";"Com Vítimas Feridas";"Pleno dia";"Decrescente";"Chuva";"Simples";"Reta";"Sim";2;0;1;0;1;0;1;2;-23,41389015;-45,05312415;"SPRF-SP";"DEL06-SP";"UOP01-DEL06-SP"
657721;2025-01-27;"segunda-feira";"15:35:00";"RN";110;48;"MOSSORO";"Transitar no Acostamento";"Colisão traseira";"Com Vítimas Feridas";"Pleno dia";"Crescente";"Sol";"Simples";"Reta";"Sim";2;0;1;0;1;0;1;2;-5,20881178;-37,33285083;"SPRF-RN";"DEL04-RN";"UOP01-DEL04-RN"
657722;2025-01-15;"quarta-feira";"23:45:00";"SC";101;210,2;"SAO JOSE";"Reação tardia ou ineficiente do condutor";"Colisão traseira";"Com Vítimas Feridas";"Plena Noite";"Decrescente";"Céu Claro";"Múltipla";"Reta";"Sim";2;0;0;1;1;0;1;2;-27,6167305;-48,6457265;"SPRF-SC";"DEL01-SC";"UOP01-DEL01-SC"
657724;2025-01-27;"segunda-feira";"15:30:00";"AL";316;261;"PILAR";"Velocidade Incompatível";"Colisão traseira";"Sem Vítimas";"Pleno dia";"Crescente";"Céu Claro";"Simples";"Reta";"Sim";2;0;0;0;2;0;0;2;-9,59005875;-35,89598604;"SPRF-AL";"DEL02-AL";"UOP01-DEL02-AL"
657727;2025-01-27;"segunda-feira";"15:10:00";"PR";369;150;"LONDRINA";"Condutor usando celular";"Colisão com objeto";"Sem Vítimas";"Pleno dia";"Crescente";"Céu Claro";"Dupla";"Reta";"Sim";1;0;0;0;1;0;0;1;-23,29284232;-51,16357148;"SPRF-PR";"DEL07-PR";"UOP01-DEL07-PR"
657729;2025-01-27;"segunda-feira";"16:00:00";"MG";40;516;"RIBEIRAO DAS NEVES";"Acessar a via sem observar a presença dos outros veículos";"Colisão lateral mesmo sentido";"Com Vítimas Feridas";"Pleno dia";"Decrescente";"Céu Claro";"Dupla";"Reta";"Não";3;0;2;0;1;0;2;2;-19,81628624;-44,08960124;"SPRF-MG";"DEL01-MG";"UOP02-DEL01-MG"
657730;2025-01-27;"segunda-feira";"15:50:00";"SP";116;562;"BARRA DO TURVO";"Reação tardia ou ineficiente do condutor";"Colisão lateral mesmo sentido";"Com Vítimas Feridas";"Pleno dia";"Crescente";"Nublado";"Dupla";"Curva";"Não";3;0;2;0;1;0;2;2;-25,02464023;-48,52213701;"SPRF-SP";"DEL05-SP";"UOP02-DEL05-SP"
657731;2025-01-27;"segunda-feira";"16:45:00";"SC";280;28,7;"ARAQUARI";"Ausência de reação do condutor";"Colisão transversal";"Com Vítimas Feridas";"Pleno dia";"Decrescente";"Céu Claro";"Simples";"Reta;Interseção de Vias";"Sim";2;0;0;1;1;0;1;2;-26,40450077;-48,74561031;"SPRF-SC";"DEL03-SC";"UOP03-DEL03-SC"
657732;2025-01-27;"segunda-feira";"16:45:00";"RS";386;399;"TRIUNFO";"Retorno proibido";"Colisão transversal";"Com Vítimas Feridas";"Pleno dia";"Crescente";"Céu Claro";"Dupla";"Reta";"Não";4;0;2;2;0;0;4;2;-29,749271;-51,609505;"SPRF-RS";"DEL04-RS";"UOP02-DEL04-RS"
657733;2025-01-27;"segunda-feira";"15:20:00";"BA";101;722;"EUNAPOLIS";"Ultrapassagem Indevida";"Colisão frontal";"Com Vítimas Feridas";"Pleno dia";"Decrescente";"Sol";"Simples";"Curva";"Não";6;0;1;0;5;0;1;2;-16,41097;-39,588016;"SPRF-BA";"DEL09-BA";"UOP01-DEL09-BA"
657734;2025-01-27;"segunda-feira";"15:15:00";"AC";364;124;"RIO BRANCO";"Desrespeitar a preferência no cruzamento";"Colisão transversal";"Com Vítimas Feridas";"Pleno dia";"Decrescente";"Céu Claro";"Dupla";"Rotatória";"Sim";2;0;0;1;1;0;1;2;-10,01152469;-67,79140099;"SPRF-AC";"DEL01-AC";"UOP01-DEL01-AC"
657737;2025-01-27;"segunda-feira";"16:00:00";"PR";277;672;"MEDIANEIRA";"Condutor deixou de manter distância do veículo da frente";"Colisão traseira";"Com Vítimas Feridas";"Pleno dia";"Decrescente";"Chuva";"Dupla";"Reta";"Sim";2;0;1;0;1;0;1;2;-25,28740438;-54,09701091;"SPRF-PR";"DEL05-PR";"UOP02-DEL05-PR"
657738;2025-01-27;"segunda-feira";"17:25:00";"BA";324;614;"SALVADOR";"Problema na suspensão";"Queda de ocupante de veículo";"Com Vítimas Feridas";"Pleno dia";"Decrescente";"Céu Claro";"Dupla";"Reta";"Não";1;0;1;0;0;0;1;1;-12,8639793;-38,42370126;"SPRF-BA";"DEL01-BA";"UOP01-DEL01-BA"
657739;2025-01-27;"segunda-feira";"17:20:00";"MG";40;687,1;"RESSAQUINHA";"Transitar na contramão";"Colisão lateral sentido oposto";"Sem Vítimas";"Pleno dia";"Decrescente";"Chuva";"Simples";"Aclive;Reta";"Não";3;0;0;0;1;2;0;2;-21,098726;-43,766661;"SPRF-MG";"DEL05-MG";"UOP02-DEL05-MG"
657743;2025-01-27;"segunda-feira";"17:38:00";"CE";116;12;"FORTALEZA";"Ausência de reação do condutor";"Colisão traseira";"Com Vítimas Feridas";"Anoitecer";"Decrescente";"Céu Claro";"Dupla";"Reta";"Não";2;0;0;1;1;0;1;2;-3,852077;-38,495525;"SPRF-CE";"DEL01-CE";"UOP02-DEL01-CE"
657746;2025-01-27;"segunda-feira";"12:05:00";"GO";414;304;"VILA PROPICIO";"Demais falhas mecânicas ou elétricas";"Saída de leito carroçável";"Sem Vítimas";"Pleno dia";"Crescente";"Céu Claro";"Simples";"Reta";"Não";2;0;0;0;1;1;0;1;-15,24609601;-48,69037628;"SPRF-GO";"DEL02-GO";"UOP01-DEL02-GO"
657747;2025-01-23;"quinta-feira";"03:05:00";"MS";163;626;"SAO GABRIEL DO OESTE";"Ausência de reação do condutor";"Saída de leito carroçável";"Sem Vítimas";"Plena Noite";"Decrescente";"Céu Claro";"Dupla";"Reta";"Sim";1;0;0;0;1;0;0;1;-19,3136279;-54,61889488;"SPRF-MS";"DEL06-MS";"UOP02-DEL06-MS"
657748;2025-01-27;"segunda-feira";"17:20:00";"MS";163;730;"COXIM";"Acessar a via sem observar a presença dos outros veículos";"Colisão transversal";"Com Vítimas Feridas";"Pleno dia";"Decrescente";"Céu Claro";"Simples";"Reta";"Sim";3;0;2;0;1;0;2;2;-18,50978886;-54,73602351;"SPRF-MS";"DEL06-MS";"UOP01-DEL06-MS"
657749;2025-01-27;"segunda-feira";"17:00:00";"RJ";101;266;"RIO BONITO";"Condutor deixou de manter distância do veículo da frente";"Tombamento";"Com Vítimas Feridas";"Anoitecer";"Crescente";"Nublado";"Dupla";"Curva";"Não";1;0;1;0;0;0;1;1;-22,70861445;-42,65178735;"SPRF-RJ";"DEL02-RJ";"UOP03-DEL02-RJ"
657752;2025-01-27;"segunda-feira";"18:30:00";"RS";116;231;"IVOTI";"Manobra de mudança de faixa";"Colisão transversal";"Com Vítimas Feridas";"Anoitecer";"Decrescente";"Chuva";"Simples";"Reta;Aclive";"Sim";4;0;4;0;0;0;4;2;-29,62743221;-51,13858608;"SPRF-RS";"DEL01-RS";"UOP02-DEL01-RS"
657753;2025-01-27;"segunda-feira";"14:30:00";"PE";232;105,8;"BEZERROS";"Reação tardia ou ineficiente do condutor";"Saída de leito carroçável";"Com Vítimas Feridas";"Pleno dia";"Crescente";"Nublado";"Dupla";"Aclive;Reta";"Não";1;0;0;1;0;0;1;1;-8,25830415;-35,78275595;"SPRF-PE";"DEL02-PE";"UOP02-DEL02PE"
657755;2025-01-27;"segunda-feira";"16:50:00";"RJ";116;148;"DUQUE DE CAXIAS";"Chuva";"Colisão com objeto";"Com Vítimas Feridas";"Pleno dia";"Crescente";"Chuva";"Dupla";"Reta";"Sim";1;0;1;0;0;0;1;1;-22,6723488;-43,28215398;"SPRF-RJ";"DEL01-RJ";"UOP02-DEL01-RJ"
657759;2025-01-27;"segunda-feira";"18:45:00";"PR";277;83;"CURITIBA";"Avarias e/ou desgaste excessivo no pneu";"Tombamento";"Com Vítimas Feridas";"Anoitecer";"Decrescente";"Céu Claro";"Dupla";"Reta";"Sim";2;0;1;0;1;0;1;1;-25,568939;-49,181978;"SPRF-PR";"DEL01-PR";"UOP03-DEL01-PR"
657761;2025-01-27;"segunda-feira";"18:00:00";"SP";116;511;"CAJATI";"Velocidade Incompatível";"Saída de leito carroçável";"Com Vítimas Feridas";"Anoitecer";"Decrescente";"Garoa/Chuvisco";"Simples";"Curva;Declive";"Não";1;0;1;0;0;0;1;1;-24,83558399;-48,2223738;"SPRF-SP";"DEL05-SP";"UOP02-DEL05-SP"
657762;2025-01-27;"segunda-feira";"19:00:00";"ES";101;141,2;"LINHARES";"Pedestre andava na pista";"Atropelamento de Pedestre";"Com Vítimas Feridas";"Plena Noite";"Decrescente";"Céu Claro";"Dupla";"Reta";"Sim";2;0;1;0;0;1;1;2;-19,32655693;-40,07192387;"SPRF-ES";"DEL04-ES";"UOP01-DEL04-ES"
657764;2025-01-27;"segunda-feira";"15:47:00";"PB";230;165,3;"CAMPINA GRANDE";"Transitar na contramão";"Colisão frontal";"Com Vítimas Fatais";"Pleno dia";"Crescente";"Céu Claro";"Simples";"Curva;Declive";"Sim";3;1;1;0;0;1;1;3;-7,20502533;-35,95010877;"SPRF-PB";"DEL02-PB";"UOP01-DEL02-PB"
657766;2025-01-27;"segunda-feira";"18:00:00";"RO";319;56;"PORTO VELHO";"Demais falhas mecânicas ou elétricas";"Incêndio";"Sem Vítimas";"Anoitecer";"Crescente";"Nublado";"Simples";"Ponte";"Não";1;0;0;0;1;0;0;1;-8,739714;-63,93214024;"SPRF-RO";"DEL01-RO";"UOP01-DEL01-RO"
657769;2025-01-27;"segunda-feira";"16:40:00";"PA";10;74;"RONDON DO PARA";"Acessar a via sem observar a presença dos outros veículos";"Colisão transversal";"Com Vítimas Feridas";"Pleno dia";"Crescente";"Céu Claro";"Simples";"Reta";"Sim";2;0;0;1;1;0;1;2;-4,58559018;-47,85541534;"SPRF-PA";"DEL02-PA";"UOP02-DEL02-PA"
657771;2025-01-27;"segunda-feira";"19:00:00";"RS";386;306,1;"POUSO NOVO";"Velocidade Incompatível";"Saída de leito carroçável";"Com Vítimas Feridas";"Plena Noite";"Decrescente";"Chuva";"Simples";"Curva;Aclive";"Não";1;0;1;0;0;0;1;1;-29,194696;-52,185722;"SPRF-RS";"DEL04-RS";"UOP01-DEL04-RS"
657773;2025-01-27;"segunda-feira";"18:40:00";"MA";10;253;"IMPERATRIZ";"Condutor deixou de manter distância do veículo da frente";"Colisão traseira";"Com Vítimas Feridas";"Plena Noite";"Crescente";"Céu Claro";"Simples";"Reta";"Sim";3;0;0;1;2;0;1;2;-5,526911;-47,471455;"SPRF-MA";"DEL04-MA";"UOP01-DEL04-MA"
657774;2025-01-27;"segunda-feira";"19:01:00";"PE";428;140;"LAGOA GRANDE";"Conversão proibida";"Colisão transversal";"Com Vítimas Feridas";"Plena Noite";"Decrescente";"Céu Claro";"Simples";"Reta;Interseção de Vias";"Sim";3;0;0;2;1;0;2;2;-9,00007204;-40,27205229;"SPRF-PE";"DEL06-PE";"UOP03-DEL06-PE"
657775;2025-01-27;"segunda-feira";"18:50:00";"SC";101;255,5;"PAULO LOPES";"Ausência de reação do condutor";"Colisão traseira";"Com Vítimas Feridas";"Anoitecer";"Decrescente";"Nublado";"Simples";"Curva;Declive";"Não";5;0;1;0;3;1;1;2;-27,990146;-48,679981;"SPRF-SC";"DEL02-SC";"UOP03-DEL02-SC"
657776;2025-01-27;"segunda-feira";"18:48:00";"RN";110;125,1;"AUGUSTO SEVERO";"Deficiência do Sistema de Iluminação/Sinalização";"Colisão traseira";"Com Vítimas Feridas";"Plena Noite";"Crescente";"Nublado";"Simples";"Declive";"Não";2;0;1;0;1;0;1;2;-5,86081305;-37,31126581;"SPRF-RN";"DEL04-RN";"UOP01-DEL04-RN"
657777;2025-01-27;"segunda-feira";"17:55:00";"SC";101;14;"GARUVA";"Demais falhas mecânicas ou elétricas";"Tombamento";"Com Vítimas Feridas";"Pleno dia";"Decrescente";"Chuva";"Dupla";"Reta";"Não";2;0;2;0;0;0;2;1;-26,09803515;-48,86773972;"SPRF-SC";"DEL03-SC";"UOP01-DEL03-SC"
657778;2025-01-27;"segunda-feira";"18:30:00";"RJ";40;124;"DUQUE DE CAXIAS";"Carga excessiva e/ou mal acondicionada";"Incêndio";"Sem Vítimas";"Plena Noite";"Crescente";"Nublado";"Múltipla";"Reta";"Sim";1;0;0;0;1;0;0;1;-22,807953;-43,289124;"SPRF-RJ";"DEL01-RJ";"UOP02-DEL01-RJ"
657780;2025-01-27;"segunda-feira";"20:20:00";"RS";480;64,7;"BARAO DE COTEGIPE";"Ingestão de álcool pelo condutor";"Colisão frontal";"Com Vítimas Feridas";"Plena Noite";"Crescente";"Céu Claro";"Simples";"Curva";"Sim";2;0;1;0;1;0;1;2;-27,61899397;-52,38880515;"SPRF-RS";"DEL08-RS";"UOP04-DEL08-RS"
657781;2025-01-27;"segunda-feira";"20:10:00";"GO";60;101;"ANAPOLIS";"Manobra de mudança de faixa";"Colisão traseira";"Sem Vítimas";"Plena Noite";"Crescente";"Céu Claro";"Dupla";"Retorno Regulamentado";"Sim";3;0;0;0;3;0;0;3;-16,40416898;-48,97996187;"SPRF-GO";"DEL02-GO";"UOP01-DEL02-GO"
657783;2025-01-27;"segunda-feira";"17:50:00";"BA";330;806;"JEQUIE";"Velocidade Incompatível";"Capotamento";"Com Vítimas Feridas";"Anoitecer";"Crescente";"Céu Claro";"Simples";"Declive";"Não";2;0;1;1;0;0;2;1;-13,98328201;-39,94236501;"SPRF-BA";"DEL03-BA";"UOP01-DEL03-BA"
657784;2025-01-27;"segunda-feira";"19:45:00";"MS";262;380;"TERENOS";"Reação tardia ou ineficiente do condutor";"Saída de leito carroçável";"Com Vítimas Feridas";"Plena Noite";"Crescente";"Céu Claro";"Simples";"Retorno Regulamentado;Reta";"Não";2;0;1;0;1;0;1;1;-20,45577198;-54,84474093;"SPRF-MS";"DEL01-MS";"UOP03-DEL01-MS"
657785;2025-01-27;"segunda-feira";"19:50:00";"PE";232;403;"SERRA TALHADA";"Manobra de mudança de faixa";"Colisão lateral sentido oposto";"Com Vítimas Feridas";"Pleno dia";"Decrescente";"Chuva";"Simples";"Reta;Ponte";"Não";4;0;0;1;0;3;1;3;-8,00147098;-38,24433438;"SPRF-PE";"DEL04-PE";"UOP01-DEL04-PE"
657786;2025-01-27;"segunda-feira";"17:40:00";"RS";290;281,8;"CACHOEIRA DO SUL";"Ultrapassagem Indevida";"Colisão frontal";"Com Vítimas Feridas";"Anoitecer";"Crescente";"Nublado";"Simples";"Reta;Aclive";"Não";12;0;3;6;3;0;9;4;-30,251297;-53,033596;"SPRF-RS";"DEL02-RS";"UOP03-DEL02-RS"
657788;2025-01-27;"segunda-feira";"19:00:00";"SC";101;134;"BALNEARIO CAMBORIU";"Manobra de mudança de faixa";"Colisão traseira";"Com Vítimas Feridas";"Plena Noite";"Crescente";"Nublado";"Múltipla";"Reta";"Sim";2;0;1;0;1;0;1;2;-27,00218;-48,636433;"SPRF-SC";"DEL04-SC";"UOP03-DEL04-SC"
657789;2025-01-27;"segunda-feira";"18:50:00";"PR";369;484,5;"CORBELIA";"Velocidade Incompatível";"Tombamento";"Com Vítimas Feridas";"Pleno dia";"Decrescente";"Chuva";"Dupla";"Curva;Declive";"Sim";1;0;1;0;0;0;1;1;-24,796051;-53,288598;"SPRF-PR";"DEL04-PR";"UOP03-DEL04-PR"
657791;2025-01-27;"segunda-feira";"18:45:00";"SC";280;58;"GUARAMIRIM";"Reação tardia ou ineficiente do condutor";"Atropelamento de Pedestre";"Com Vítimas Feridas";"Anoitecer";"Crescente";"Nublado";"Dupla";"Reta";"Sim";2;0;1;0;1;0;1;2;-26,47415593;-49,021211;"SPRF-SC";"DEL03-SC";"UOP03-DEL03-SC"
657792;2025-01-27;"segunda-feira";"15:30:00";"PR";277;127,8;"CAMPO LARGO";"Pedestre andava na pista";"Atropelamento de Pedestre";"Com Vítimas Feridas";"Pleno dia";"Crescente";"Nublado";"Dupla";"Reta";"Sim";2;0;0;1;1;0;1;2;-25,44496036;-49,49851513;"SPRF-PR";"DEL03-PR";"UOP03-DEL03-PR"
657793;2025-01-27;"segunda-feira";"21:50:00";"PE";232;7,9;"RECIFE";"Velocidade Incompatível";"Saída de leito carroçável";"Com Vítimas Feridas";"Plena Noite";"Decrescente";"Chuva";"Dupla";"Em Obras;Reta";"Sim";1;0;1;0;0;0;1;1;-8,075878;-34,969798;"SPRF-PE";"DEL01-PE";"UOP01-DEL01-PE"
657794;2025-01-27;"segunda-feira";"22:30:00";"SC";101;206,3;"SAO JOSE";"Reação tardia ou ineficiente do condutor";"Queda de ocupante de veículo";"Com Vítimas Feridas";"Plena Noite";"Decrescente";"Garoa/Chuvisco";"Múltipla";"Reta";"Sim";2;0;2;0;0;0;2;1;-27,59193546;-48,61824557;"SPRF-SC";"DEL01-SC";"UOP01-DEL01-SC"
657798;2025-01-27;"segunda-feira";"11:30:00";"MG";262;37,4;"MANHUACU";"Reação tardia ou ineficiente do condutor";"Colisão lateral mesmo sentido";"Com Vítimas Feridas";"Pleno dia";"Crescente";"Céu Claro";"Simples";"Curva";"Sim";2;0;1;0;1;0;1;2;-20,25748975;-42,03048732;"SPRF-MG";"DEL06-MG";"UOP03-DEL06-MG"
657801;2025-01-27;"segunda-feira";"22:00:00";"MG";40;723,4;"BARBACENA";"Avarias e/ou desgaste excessivo no pneu";"Saída de leito carroçável";"Com Vítimas Feridas";"Plena Noite";"Decrescente";"Garoa/Chuvisco";"Dupla";"Curva";"Não";4;0;4;0;0;0;4;1;-21,29864253;-43,62857213;"SPRF-MG";"DEL05-MG";"UOP01-DEL05-MG"
657805;2025-01-27;"segunda-feira";"22:30:00";"MG";365;628;"UBERLANDIA";"Ausência de reação do condutor";"Tombamento";"Com Vítimas Feridas";"Plena Noite";"Decrescente";"Nublado";"Simples";"Reta";"Sim";1;0;0;1;0;0;1;1;-18,90175741;-48,35287106;"SPRF-MG";"DEL15-MG";"UOP01-DEL15-MG"
657809;2025-01-28;"terça-feira";"00:40:00";"SP";116;277,7;"EMBU DAS ARTES";"Mal súbito do condutor";"Saída de leito carroçável";"Com Vítimas Feridas";"Plena Noite";"Decrescente";"Nublado";"Dupla";"Reta";"Sim";1;0;1;0;0;0;1;1;-23,64870535;-46,84395469;"SPRF-SP";"DEL04-SP";"UOP01-DEL04-SP"
657815;2025-01-27;"segunda-feira";"08:00:00";"RJ";356;12;"ITAPERUNA";"Acessar a via sem observar a presença dos outros veículos";"Colisão transversal";"Com Vítimas Feridas";"Pleno dia";"Crescente";"Sol";"Simples";"Reta";"Não";5;0;3;0;2;0;3;2;-21,16687137;-42,08055587;"SPRF-RJ";"DEL08-RJ";"UOP03-DEL08-RJ"