"id";"data_inversa";"dia_semana";"horario";"uf";"br";"km";"municipio";"causa_acidente";"tipo_acidente";"classificacao_acidente";"fase_dia";"sentido_via";"condicao_metereologica";"tipo_pista";"tracado_via";"uso_solo";"pessoas";"mortos";"feridos_leves";"feridos_graves";"ilesos";"ignorados";"feridos";"veiculos";"latitude";"longitude";"regional";"delegacia";"uop"
657817;2025-01-28;"terça-feira";"06:20:00";"SC";101;206,3;"SAO JOSE";"Acessar a via sem observar a presença dos outros veículos";"Colisão transversal";"Com Vítimas Feridas";"Pleno dia";"Decrescente";"Céu Claro";"Múltipla";"Reta;Interseção de Vias";"Sim";2;0;0;1;1;0;1;2;-27,59193546;-48,61824557;"SPRF-SC";"DEL01-SC";"UOP01-DEL01-SC"
657819;2025-01-28;"terça-feira";"06:22:00";"MG";381;526;"BRUMADINHO";"Curva acentuada";"Queda de ocupante de veículo";"Com Vítimas Feridas";"Pleno dia";"Crescente";"Céu Claro";"Dupla";"Curva";"Não";1;0;0;1;0;0;1;1;-20,16175378;-44,34144636;"SPRF-MG";"DEL04-MG";"UOP03-DEL04-MG"
657820;2025-01-27;"segunda-feira";"19:45:00";"MS";262;592;"MIRANDA";"Ausência de reação do condutor";"Tombamento";"Com Vítimas Feridas";"Plena Noite";"Crescente";"Céu Claro";"Simples";"Reta";"Não";1;0;1;0;0;0;1;1;-20,13367406;-56,674271;"SPRF-MS";"DEL03-MS";"UOP02-DEL03-MS"
657821;2025-01-28;"terça-feira";"07:00:00";"RS";392;352;"SANTA MARIA";"Condutor deixou de manter distância do veículo da frente";"Colisão traseira";"Com Vítimas Feridas";"Pleno dia";"Decrescente";"Nublado";"Simples";"Aclive;Reta";"Sim";3;0;2;0;1;0;2;2;-29,725584;-53,805588;"SPRF-RS";"DEL09-RS";"UOP01-DEL09-RS"
657822;2025-01-28;"terça-feira";"07:00:00";"GO";80;20;"PADRE BERNARDO";"Reação tardia ou ineficiente do condutor";"Tombamento";"Com Vítimas Feridas";"Pleno dia";"Crescente";"Céu Claro";"Simples";"Reta";"Não";1;0;1;0;0;0;1;1;-15,377257;-48,214469;"SPRF-DF";"DEL03-DF";"UOP02-DEL03-DF"
657823;2025-01-28;"terça-feira";"07:22:00";"ES";101;204;"JOAO NEIVA";"Acessar a via sem observar a presença dos outros veículos";"Colisão transversal";"Com Vítimas Feridas";"Pleno dia";"Crescente";"Céu Claro";"Simples";"Reta";"Sim";2;0;1;0;1;0;1;2;-19,74948916;-40,37922678;"SPRF-ES";"DEL02-ES";"UOP01-DEL02-ES"
657824;2025-01-28;"terça-feira";"07:37:00";"ES";101;267;"SERRA";"Demais falhas mecânicas ou elétricas";"Queda de ocupante de veículo";"Com Vítimas Feridas";"Pleno dia";"Crescente";"Céu Claro";"Dupla";"Reta";"Sim";2;0;1;0;0;1;1;2;-20,19930999;-40,26884609;"SPRF-ES";"DEL02-ES";"UOP01-DEL02-ES"
657827;2025-01-28;"terça-feira";"07:50:00";"RS";116;265;"CANOAS";"Manobra de mudança de faixa";"Colisão lateral mesmo sentido";"Com Vítimas Feridas";"Pleno dia";"Crescente";"Céu Claro";"Dupla";"Curva";"Não";3;0;1;0;2;0;1;2;-29,92342302;-51,17780944;"SPRF-RS";"DEL01-RS";"UOP01-DEL01-RS"
657828;2025-01-28;"terça-feira";"06:50:00";"RJ";40;12,9;"TRES RIOS";"Condutor Dormindo";"Saída de leito carroçável";"Com Vítimas Feridas";"Pleno dia";"Crescente";"Nublado";"Dupla";"Curva";"Não";1;0;1;0;0;0;1;1;-22,05732477;-43,19811326;"SPRF-RJ";"DEL05-RJ";"UOP02-DEL05-RJ"
657829;2025-01-28;"terça-feira";"06:45:00";"BA";324;590;"CANDEIAS";"Ausência de reação do condutor";"Colisão com objeto";"Com Vítimas Feridas";"Pleno dia";"Crescente";"Céu Claro";"Dupla";"Reta";"Não";3;0;2;0;1;0;2;1;-12,67291202;-38,46908411;"SPRF-BA";"DEL01-BA";"UOP01-DEL01-BA"
657830;2025-01-28;"terça-feira";"07:30:00";"PR";116;118;"CURITIBA";"Ausência de reação do condutor";"Engavetamento";"Sem Vítimas";"Pleno dia";"Decrescente";"Céu Claro";"Dupla";"Reta";"Não";4;0;0;0;4;0;0;4;-25,54657438;-49,29173608;"SPRF-PR";"DEL01-PR";"UOP03-DEL01-PR"
657831;2025-01-28;"terça-feira";"07:40:00";"PR";277;82;"CURITIBA";"Trafegar com motocicleta (ou similar) entre as faixas";"Colisão traseira";"Com Vítimas Feridas";"Pleno dia";"Crescente";"Céu Claro";"Dupla";"Reta";"Sim";3;0;2;0;1;0;2;2;-25,568939;-49,181978;"SPRF-PR";"DEL01-PR";"UOP03-DEL01-PR"
657832;2025-01-28;"terça-feira";"06:00:00";"RJ";493;62;"DUQUE DE CAXIAS";"Ausência de reação do condutor";"Saída de leito carroçável";"Com Vítimas Feridas";"Pleno dia";"Decrescente";"Céu Claro";"Dupla";"Reta";"Não";2;0;1;0;1;0;1;1;-22,672089;-43,285053;"SPRF-RJ";"DEL01-RJ";"UOP03-DEL01-RJ"
657833;2025-01-28;"terça-feira";"07:58:00";"MG";40;470,9;"SETE LAGOAS";"Velocidade Incompatível";"Colisão com objeto";"Sem Vítimas";"Pleno dia";"Decrescente";"Céu Claro";"Dupla";"Reta";"Não";1;0;0;0;1;0;0;1;-19,474607;-44,29196;"SPRF-MG";"DEL02-MG";"UOP01-DEL02-MG"
657834;2025-01-28;"terça-feira";"07:37:00";"SC";101;204,2;"SAO JOSE";"Reação tardia ou ineficiente do condutor";"Tombamento";"Com Vítimas Feridas";"Pleno dia";"Crescente";"Nublado";"Múltipla";"Reta";"Sim";1;0;1;0;0;0;1;1;-27,58313237;-48,61532885;"SPRF-SC";"DEL01-SC";"UOP01-DEL01-SC"
657835;2025-01-28;"terça-feira";"08:15:00";"RS";116;300;"GUAIBA";"Acessar a via sem observar a presença dos outros veículos";"Colisão frontal";"Com Vítimas Feridas";"Pleno dia";"Decrescente";"Nublado";"Simples";"Reta";"Sim";2;0;0;1;1;0;1;2;-30,12131741;-51,34788752;"SPRF-RS";"DEL02-RS";"UOP01-DEL02-RS"
657836;2025-01-28;"terça-feira";"08:00:00";"PI";343;306,5;"ALTOS";"Desrespeitar a preferência no cruzamento";"Colisão transversal";"Com Vítimas Feridas";"Pleno dia";"Decrescente";"Céu Claro";"Simples";"Interseção de Vias;Reta";"Sim";2;0;0;1;1;0;1;2;-5,038756;-42,450893;"SPRF-PI";"DEL01-PI";"UOP01-DEL01-PI"
657837;2025-01-26;"domingo";"17:30:00";"RJ";116;142;"DUQUE DE CAXIAS";"Trafegar com motocicleta (ou similar) entre as faixas";"Colisão traseira";"Com Vítimas Feridas";"Pleno dia";"Crescente";"Céu Claro";"Dupla";"Reta";"Sim";2;0;1;0;1;0;1;2;-22,64876087;-43,23031638;"SPRF-RJ";"DEL01-RJ";"UOP02-DEL01-RJ"
657838;2025-01-28;"terça-feira";"07:45:00";"PI";343;7;"PARNAIBA";"Animais na Pista";"Atropelamento de Animal";"Com Vítimas Feridas";"Pleno dia";"Crescente";"Céu Claro";"Simples";"Reta";"Sim";1;0;0;1;0;0;1;1;-2,898051;-41,714767;"SPRF-PI";"DEL05-PI";"UOP01-DEL05-PI"
657840;2025-01-28;"terça-feira";"07:42:00";"PE";104;64;"CARUARU";"Reação tardia ou ineficiente do condutor";"Colisão traseira";"Com Vítimas Feridas";"Pleno dia";"Decrescente";"Nublado";"Dupla";"Reta";"Sim";2;0;1;0;1;0;1;2;-8,2783;-35,9815;"SPRF-PE";"DEL02-PE";"UOP01-DEL02-PE"
657841;2025-01-28;"terça-feira";"06:55:00";"MS";163;469;"CAMPO GRANDE";"Acumulo de areia ou detritos sobre o pavimento";"Tombamento";"Com Vítimas Feridas";"Pleno dia";"Crescente";"Céu Claro";"Simples";"Reta";"Sim";2;0;1;0;0;1;1;2;-20,566965;-54,561515;"SPRF-MS";"DEL01-MS";"UOP01-DEL01-MS"
657842;2025-01-28;"terça-feira";"08:50:00";"SP";153;62,5;"SAO JOSE DO RIO PRETO";"Manobra de mudança de faixa";"Colisão lateral mesmo sentido";"Com Vítimas Feridas";"Pleno dia";"Crescente";"Céu Claro";"Dupla";"Aclive;Reta";"Sim";2;0;1;0;1;0;1;2;-20,81325404;-49,35675563;"SPRF-SP";"DEL09-SP";"UOP01-DEL09-SP"
657844;2025-01-28;"terça-feira";"07:40:00";"SC";101;282;"IMBITUBA";"Reação tardia ou ineficiente do condutor";"Colisão transversal";"Com Vítimas Feridas";"Pleno dia";"Crescente";"Céu Claro";"Dupla";"Rotatória";"Sim";2;0;1;0;1;0;1;2;-28,19626005;-48,69739859;"SPRF-SC";"DEL02-SC";"UOP03-DEL02-SC"
657845;2025-01-28;"terça-feira";"08:18:00";"PE";101;76;"RECIFE";"Transitar no Acostamento";"Atropelamento de Pedestre";"Com Vítimas Feridas";"Pleno dia";"Decrescente";"Nublado";"Dupla";"Reta";"Sim";3;0;1;1;0;1;2;2;-8,11152;-34,94591;"SPRF-PE";"DEL01-PE";"UOP01-DEL01-PE"
657846;2025-01-28;"terça-feira";"08:40:00";"SC";101;208,3;"SAO JOSE";"Ausência de reação do condutor";"Tombamento";"Com Vítimas Feridas";"Pleno dia";"Decrescente";"Céu Claro";"Múltipla";"Reta";"Sim";1;0;1;0;0;0;1;1;-27,60327979;-48,63201818;"SPRF-SC";"DEL01-SC";"UOP01-DEL01-SC"
657847;2025-01-28;"terça-feira";"08:50:00";"MG";50;0,2;"ARAGUARI";"Reação tardia ou ineficiente do condutor";"Saída de leito carroçável";"Com Vítimas Feridas";"Pleno dia";"Crescente";"Céu Claro";"Dupla";"Curva;Aclive";"Não";1;0;1;0;0;0;1;1;-18,42432;-48,068207;"SPRF-MG";"DEL15-MG";"UOP02-DEL15-MG"
657848;2025-01-28;"terça-feira";"09:00:00";"DF";20;6;"BRASILIA";"Manobra de mudança de faixa";"Colisão lateral mesmo sentido";"Com Vítimas Feridas";"Pleno dia";"Decrescente";"Céu Claro";"Dupla";"Reta";"Sim";3;0;3;0;0;0;3;2;-15,665888;-47,808308;"SPRF-DF";"DEL02-DF";"UOP01-DEL02-DF"
657849;2025-01-28;"terça-feira";"07:45:00";"PR";376;216,9;"JANDAIA DO SUL";"Desrespeitar a preferência no cruzamento";"Colisão transversal";"Com Vítimas Feridas";"Pleno dia";"Decrescente";"Nublado";"Simples";"Aclive;Interseção de Vias";"Sim";3;0;3;0;0;0;3;2;-23,59767281;-51,63339596;"SPRF-PR";"DEL09-PR";"UOP01-DEL09-PR"
657850;2025-01-28;"terça-feira";"08:50:00";"SC";101;207,9;"SAO JOSE";"Reação tardia ou ineficiente do condutor";"Colisão traseira";"Com Vítimas Feridas";"Pleno dia";"Crescente";"Nublado";"Múltipla";"Curva";"Sim";2;0;0;1;1;0;1;2;-27,60001226;-48,6226467;"SPRF-SC";"DEL01-SC";"UOP01-DEL01-SC"
657853;2025-01-24;"sexta-feira";"22:30:00";"RJ";356;134;"CAMPOS DOS GOYTACAZES";"Pedestre andava na pista";"Atropelamento de Pedestre";"Com Vítimas Feridas";"Plena Noite";"Crescente";"Céu Claro";"Simples";"Interseção de Vias;Reta";"Sim";3;0;1;2;0;0;3;2;-21,72679391;-41,34758482;"SPRF-RJ";"DEL08-RJ";"UOP01-DEL08-RJ"
657854;2025-01-28;"terça-feira";"07:40:00";"SC";101;112,2;"ITAJAI";"Ausência de reação do condutor";"Colisão lateral mesmo sentido";"Com Vítimas Feridas";"Pleno dia";"Crescente";"Nublado";"Dupla";"Reta";"Não";2;0;1;0;1;0;1;2;-26,84589005;-48,72131295;"SPRF-SC";"DEL04-SC";"UOP04-DEL04-SC"
657855;2025-01-28;"terça-feira";"08:42:00";"PR";272;367,9;"CAMPO MOURAO";"Reação tardia ou ineficiente do condutor";"Colisão com objeto";"Com Vítimas Feridas";"Pleno dia";"Crescente";"Céu Claro";"Dupla";"Reta";"Sim";2;0;1;0;0;1;1;2;-24,05398844;-52,40924835;"SPRF-PR";"DEL09-PR";"UOP03-DEL09-PR"
657860;2025-01-28;"terça-feira";"07:40:00";"SC";282;573;"NOVA ERECHIM";"Acessar a via sem observar a presença dos outros veículos";"Colisão transversal";"Com Vítimas Feridas";"Pleno dia";"Crescente";"Céu Claro";"Simples";"Reta";"Não";2;0;0;1;1;0;1;2;-26,872942;-52,956654;"SPRF-SC";"DEL07-SC";"UOP02-DEL07-SC"
657861;2025-01-28;"terça-feira";"10:00:00";"RS";290;409,2;"SANTA MARGARIDA DO SUL";"Acessar a via sem observar a presença dos outros veículos";"Colisão transversal";"Sem Vítimas";"Pleno dia";"Decrescente";"Sol";"Simples";"Reta";"Não";6;0;0;0;6;0;0;2;-30,3650255;-54,24310684;"SPRF-RS";"DEL09-RS";"UOP02-DEL09-RS"
657862;2025-01-28;"terça-feira";"10:30:00";"SC";101;119,5;"ITAJAI";"Ausência de reação do condutor";"Colisão lateral mesmo sentido";"Com Vítimas Feridas";"Pleno dia";"Crescente";"Nublado";"Dupla";"Reta;Ponte";"Não";2;0;0;1;1;0;1;2;-26,9043179;-48,71555481;"SPRF-SC";"DEL04-SC";"UOP04-DEL04-SC"
657863;2025-01-28;"terça-feira";"07:55:00";"ES";262;134;"BREJETUBA";"Transitar na contramão";"Colisão frontal";"Com Vítimas Feridas";"Pleno dia";"Crescente";"Nevoeiro/Neblina";"Simples";"Curva";"Não";7;0;5;0;2;0;5;2;-20,24029105;-41,32539293;"SPRF-ES";"DEL01-ES";"UOP02-DEL01-ES"
657864;2025-01-28;"terça-feira";"10:40:00";"RS";116;247;"SAO LEOPOLDO";"Manobra de mudança de faixa";"Colisão lateral mesmo sentido";"Com Vítimas Feridas";"Pleno dia";"Decrescente";"Céu Claro";"Múltipla";"Reta";"Sim";2;0;1;0;1;0;1;2;-29,76733091;-51,1535296;"SPRF-RS";"DEL01-RS";"UOP02-DEL01-RS"
657865;2025-01-28;"terça-feira";"10:20:00";"RS";290;637,8;"URUGUAIANA";"Reação tardia ou ineficiente do condutor";"Colisão traseira";"Com Vítimas Feridas";"Pleno dia";"Crescente";"Céu Claro";"Simples";"Reta;Em Obras";"Não";9;0;0;1;8;0;1;2;-30,019506;-56,290599;"SPRF-RS";"DEL13-RS";"UOP02-DEL13-RS"
657867;2025-01-18;"sábado";"15:15:00";"PR";153;83;"CONSELHEIRO MAIRINCK";"Acumulo de água sobre o pavimento";"Saída de leito carroçável";"Com Vítimas Feridas";"Pleno dia";"Crescente";"Nublado";"Simples";"Reta";"Não";5;0;5;0;0;0;5;1;-23,6302471;-50,14830773;"SPRF-PR";"DEL07-PR";"UOP04-DEL07-PR"
657868;2025-01-28;"terça-feira";"11:20:00";"RJ";101;58;"CAMPOS DOS GOYTACAZES";"Ausência de reação do condutor";"Colisão traseira";"Com Vítimas Feridas";"Pleno dia";"Crescente";"Céu Claro";"Simples";"Reta";"Sim";5;0;2;0;3;0;2;2;-21,70488703;-41,30979616;"SPRF-RJ";"DEL08-RJ";"UOP01-DEL08-RJ"
657870;2025-01-28;"terça-feira";"10:45:00";"GO";80;25;"PADRE BERNARDO";"Ausência de reação do condutor";"Saída de leito carroçável";"Com Vítimas Feridas";"Pleno dia";"Crescente";"Chuva";"Simples";"Curva";"Não";2;0;2;0;0;0;2;1;-15,337575;-48,233721;"SPRF-DF";"DEL03-DF";"UOP02-DEL03-DF"
657871;2025-01-28;"terça-feira";"10:40:00";"MA";316;559;"CAXIAS";"Acessar a via sem observar a presença dos outros veículos";"Colisão lateral mesmo sentido";"Com Vítimas Feridas";"Pleno dia";"Crescente";"Céu Claro";"Simples";"Curva";"Não";2;0;0;1;1;0;1;2;-4,886379;-43,292355;"SPRF-MA";"DEL03-MA";"UOP02-DEL03-MA"
657872;2025-01-28;"terça-feira";"11:30:00";"PR";277;699;"SAO MIGUEL DO IGUACU";"Condutor Dormindo";"Colisão com objeto";"Com Vítimas Feridas";"Pleno dia";"Crescente";"Céu Claro";"Dupla";"Declive;Reta";"Não";2;0;1;0;1;0;1;1;-25,40119949;-54,31992672;"SPRF-PR";"DEL05-PR";"UOP01-DEL05-PR"
657874;2025-01-28;"terça-feira";"11:45:00";"SC";101;119,1;"ITAJAI";"Manobra de mudança de faixa";"Colisão lateral mesmo sentido";"Com Vítimas Feridas";"Pleno dia";"Decrescente";"Nublado";"Dupla";"Reta";"Não";2;0;0;1;1;0;1;2;-26,9043179;-48,71555481;"SPRF-SC";"DEL04-SC";"UOP04-DEL04-SC"
657878;2025-01-28;"terça-feira";"12:55:00";"ES";101;304;"VIANA";"Ausência de reação do condutor";"Colisão traseira";"Com Vítimas Feridas";"Pleno dia";"Crescente";"Sol";"Dupla";"Reta";"Não";2;0;1;0;1;0;1;2;-20,3800645;-40,45431391;"SPRF-ES";"DEL01-ES";"UOP01-DEL01-ES"
657879;2025-01-28;"terça-feira";"12:30:00";"PR";376;8;"MARINGA";"Avarias e/ou desgaste excessivo no pneu";"Queda de ocupante de veículo";"Com Vítimas Feridas";"Pleno dia";"Crescente";"Céu Claro";"Dupla";"Declive;Reta";"Não";2;0;2;0;0;0;2;1;-23,4273;-51,9375;"SPRF-PR";"DEL09-PR";"UOP01-DEL09-PR"
657881;2025-01-28;"terça-feira";"08:10:00";"GO";153;442,3;"ANAPOLIS";"Reação tardia ou ineficiente do condutor";"Tombamento";"Sem Vítimas";"Pleno dia";"Decrescente";"Nublado";"Dupla";"Reta";"Sim";1;0;0;0;1;0;0;1;-16,325272;-48,922024;"SPRF-GO";"DEL02-GO";"UOP01-DEL02-GO"
657885;2025-01-28;"terça-feira";"12:30:00";"MG";262;34,1;"MANHUACU";"Desrespeitar a preferência no cruzamento";"Colisão transversal";"Com Vítimas Feridas";"Pleno dia";"Crescente";"Céu Claro";"Simples";"Reta;Rotatória";"Sim";2;0;1;0;1;0;1;2;-20,25692664;-42,01099203;"SPRF-MG";"DEL06-MG";"UOP03-DEL06-MG"
657891;2025-01-28;"terça-feira";"12:40:00";"SP";153;89;"JACI";"Transitar na contramão";"Saída de leito carroçável";"Com Vítimas Feridas";"Pleno dia";"Decrescente";"Céu Claro";"Simples";"Reta";"Não";1;0;1;0;0;0;1;1;-20,95392297;-49,55130302;"SPRF-SP";"DEL09-SP";"UOP01-DEL09-SP"
657893;2025-01-28;"terça-feira";"13:10:00";"PI";343;8,9;"PARNAIBA";"Acessar a via sem observar a presença dos outros veículos";"Colisão transversal";"Com Vítimas Feridas";"Pleno dia";"Decrescente";"Céu Claro";"Simples";"Reta";"Sim";2;0;1;0;0;1;1;2;-2,899382;-41,723724;"SPRF-PI";"DEL05-PI";"UOP01-DEL05-PI"
657899;2025-01-28;"terça-feira";"14:20:00";"SC";470;134,6;"RIO DO SUL";"Mal súbito do condutor";"Saída de leito carroçável";"Com Vítimas Feridas";"Pleno dia";"Crescente";"Nublado";"Simples";"Reta";"Sim";1;0;1;0;0;0;1;1;-27,17738539;-49,59373355;"SPRF-SC";"DEL04-SC";"UOP02-DEL04-SC"
657902;2025-01-28;"terça-feira";"15:15:00";"SC";101;213,1;"PALHOCA";"Manobra de mudança de faixa";"Colisão lateral mesmo sentido";"Com Vítimas Feridas";"Pleno dia";"Crescente";"Céu Claro";"Múltipla";"Aclive;Reta";"Não";5;0;3;0;2;0;3;2;-27,63697369;-48,66514142;"SPRF-SC";"DEL01-SC";"UOP02-DEL01-SC"
657904;2025-01-28;"terça-feira";"15:00:00";"ES";101;392;"RIO NOVO DO SUL";"Acessar a via sem observar a presença dos outros veículos";"Colisão transversal";"Com Vítimas Feridas";"Pleno dia";"Crescente";"Céu Claro";"Simples";"Interseção de Vias";"Não";6;0;0;1;5;0;1;2;-20,86675192;-40,90785027;"SPRF-ES";"DEL03-ES";"UOP02-DEL03-ES"
657905;2025-01-28;"terça-feira";"15:20:00";"RS";290;19,9;"SANTO ANTONIO DA PATRULHA";"Demais falhas mecânicas ou elétricas";"Colisão traseira";"Com Vítimas Feridas";"Pleno dia";"Crescente";"Céu Claro";"Dupla";"Reta";"Não";3;0;1;0;2;0;1;2;-29,884407;-50,444893;"SPRF-RS";"DEL03-RS";"UOP01-DEL03-RS"
657906;2025-01-28;"terça-feira";"13:20:00";"RJ";40;121;"DUQUE DE CAXIAS";"Ausência de reação do condutor";"Queda de ocupante de veículo";"Com Vítimas Feridas";"Pleno dia";"Decrescente";"Céu Claro";"Simples";"Rotatória";"Sim";1;0;1;0;0;0;1;1;-22,78185499;-43,28571273;"SPRF-RJ";"DEL01-RJ";"UOP02-DEL01-RJ"
657907;2025-01-28;"terça-feira";"15:10:00";"ES";101;283;"CARIACICA";"Transitar na contramão";"Colisão frontal";"Com Vítimas Feridas";"Pleno dia";"Decrescente";"Céu Claro";"Simples";"Curva;Retorno Regulamentado";"Sim";3;0;0;1;2;0;1;2;-20,23074547;-40,3673047;"SPRF-ES";"DEL01-ES";"UOP01-DEL01-ES"
657908;2025-01-28;"terça-feira";"14:13:00";"PR";369;37,5;"ANDIRA";"Condutor desrespeitou a iluminação vermelha do semáforo";"Colisão transversal";"Com Vítimas Feridas";"Pleno dia";"Decrescente";"Sol";"Simples";"Interseção de Vias";"Sim";4;0;1;0;3;0;1;2;-23,04716635;-50,23535013;"SPRF-PR";"DEL07-PR";"UOP05-DEL07-PR"
657909;2025-01-28;"terça-feira";"15:40:00";"MG";381;494;"BETIM";"Reação tardia ou ineficiente do condutor";"Tombamento";"Com Vítimas Feridas";"Pleno dia";"Decrescente";"Nublado";"Dupla";"Reta";"Sim";1;0;1;0;0;0;1;1;-19,985563;-44,20318;"SPRF-MG";"DEL01-MG";"UOP03-DEL01-MG"
657914;2025-01-28;"terça-feira";"15:05:00";"RJ";493;6;"ITABORAI";"Retorno proibido";"Colisão transversal";"Com Vítimas Feridas";"Pleno dia";"Crescente";"Céu Claro";"Simples";"Reta;Em Obras";"Não";2;0;1;0;1;0;1;2;-22,73124198;-42,95145305;"SPRF-RJ";"DEL02-RJ";"UOP02-DEL02-RJ"
657915;2025-01-28;"terça-feira";"16:20:00";"RJ";101;503;"ANGRA DOS REIS";"Transitar no Acostamento";"Colisão transversal";"Com Vítimas Feridas";"Pleno dia";"Decrescente";"Nublado";"Simples";"Reta";"Não";3;0;1;0;2;0;1;2;-22,92526971;-44,36990312;"SPRF-RJ";"DEL03-RJ";"UOP03-DEL03-RJ"
657917;2025-01-28;"terça-feira";"17:17:00";"RN";101;97;"NATAL";"Ausência de reação do condutor";"Colisão traseira";"Com Vítimas Feridas";"Pleno dia";"Decrescente";"Céu Claro";"Múltipla";"Reta";"Sim";3;0;1;0;2;0;1;2;-5,85758898;-35,21271205;"SPRF-RN";"DEL01-RN";"UOP01-DEL01-RN"
657920;2025-01-28;"terça-feira";"11:20:00";"BA";101;825;"ITAMARAJU";"Curva acentuada";"Colisão frontal";"Com Vítimas Feridas";"Pleno dia";"Crescente";"Céu Claro";"Simples";"Curva";"Não";2;0;1;0;1;0;1;2;-17,150802;-39,566957;"SPRF-BA";"DEL09-BA";"UOP02-DEL09-BA"
657921;2025-01-28;"terça-feira";"14:30:00";"GO";60;133;"GOIANIA";"Ausência de reação do condutor";"Saída de leito carroçável";"Com Vítimas Feridas";"Pleno dia";"Crescente";"Céu Claro";"Dupla";"Declive";"Não";2;0;0;2;0;0;2;1;-16,5815;-49,1772;"SPRF-GO";"DEL01-GO";"UOP01-DEL01-GO"
657922;2025-01-28;"terça-feira";"16:30:00";"PR";153;502;"GENERAL CARNEIRO";"Velocidade Incompatível";"Saída de leito carroçável";"Com Vítimas Feridas";"Pleno dia";"Crescente";"Chuva";"Simples";"Curva";"Não";1;0;1;0;0;0;1;1;-26,504;-51,349;"SPRF-PR";"DEL02-PR";"UOP03-DEL02-PR"
657924;2025-01-28;"terça-feira";"17:15:00";"TO";153;147;"ARAGUAINA";"Ausência de reação do condutor";"Queda de ocupante de veículo";"Com Vítimas Feridas";"Pleno dia";"Decrescente";"Céu Claro";"Simples";"Reta";"Sim";1;0;0;1;0;0;1;1;-7,22175693;-48,24826214;"SPRF-TO";"DEL02-TO";"UOP01-DEL02-TO"
657925;2025-01-28;"terça-feira";"16:15:00";"PI";343;51;"BURITI DOS LOPES";"Demais falhas mecânicas ou elétricas";"Incêndio";"Sem Vítimas";"Pleno dia";"Decrescente";"Céu Claro";"Simples";"Reta";"Não";1;0;0;0;1;0;0;1;-3,187513;-41,846832;"SPRF-PI";"DEL05-PI";"UOP01-DEL05-PI"
657926;2025-01-28;"terça-feira";"17:35:00";"RS";116;551,9;"CAPAO DO LEAO";"Ausência de reação do condutor";"Tombamento";"Com Vítimas Feridas";"Pleno dia";"Crescente";"Céu Claro";"Simples";"Reta";"Não";2;0;2;0;0;0;2;1;-31,86859597;-52,61260502;"SPRF-RS";"DEL07-RS";"UOP03-DEL07-RS"
657927;2025-01-28;"terça-feira";"17:40:00";"SC";280;4,5;"SAO FRANCISCO DO SUL";"Ultrapassagem Indevida";"Atropelamento de Pedestre";"Com Vítimas Feridas";"Pleno dia";"Crescente";"Céu Claro";"Simples";"Reta";"Sim";2;0;1;0;1;0;1;2;-26,25329566;-48,61916042;"SPRF-SC";"DEL03-SC";"UOP03-DEL03-SC"
657928;2025-01-28;"terça-feira";"17:20:00";"ES";259;53;"COLATINA";"Retorno proibido";"Colisão transversal";"Com Vítimas Feridas";"Pleno dia";"Crescente";"Céu Claro";"Simples";"Reta";"Não";2;0;1;0;0;1;1;2;-19,49989886;-40,62939795;"SPRF-ES";"DEL02-ES";"UOP01-DEL02-ES"
657929;2025-01-28;"terça-feira";"17:30:00";"PR";369;134;"IBIPORA";"Velocidade Incompatível";"Tombamento";"Com Vítimas Feridas";"Pleno dia";"Decrescente";"Céu Claro";"Simples";"Reta";"Sim";1;0;0;1;0;0;1;1;-23,26405057;-51,03438669;"SPRF-PR";"DEL07-PR";"UOP01-DEL07-PR"
657931;2025-01-28;"terça-feira";"17:15:00";"SC";470;289;"CAMPOS NOVOS";"Reação tardia ou ineficiente do condutor";"Colisão transversal";"Sem Vítimas";"Pleno dia";"Crescente";"Céu Claro";"Simples";"Reta;Interseção de Vias";"Não";2;0;0;0;2;0;0;2;-27,333546;-50,95219;"SPRF-SC";"DEL07-SC";"UOP06-DEL07-SC"
657933;2025-01-28;"terça-feira";"17:20:00";"SC";101;37;"SAO JOSE";"Demais falhas mecânicas ou elétricas";"Incêndio";"Com Vítimas Feridas";"Pleno dia";"Crescente";"Nublado";"Dupla";"Reta";"Não";5;0;2;0;3;0;2;1;-27,5884;-48,6128;"SPRF-SC";"DEL01-SC";"UOP02-DEL01-SC"
657934;2025-01-28;"terça-feira";"18:30:00";"PB";101;41;"MAMANGUAPE";"Pedestre cruzava a pista fora da faixa";"Atropelamento de Pedestre";"Com Vítimas Feridas";"Plena Noite";"Crescente";"Céu Claro";"Dupla";"Reta;Declive";"Sim";2;0;1;0;0;1;1;2;-6,84766595;-35,13549958;"SPRF-PB";"DEL01-PB";"UOP03-DEL01-PB"
657935;2025-01-28;"terça-feira";"18:45:00";"SP";116;147;"SAO JOSE DOS CAMPOS";"Trafegar com motocicleta (ou similar) entre as faixas";"Colisão traseira";"Com Vítimas Feridas";"Pleno dia";"Decrescente";"Céu Claro";"Múltipla";"Reta";"Sim";2;0;1;0;1;0;1;2;-23,19542994;-45,87176303;"SPRF-SP";"DEL02-SP";"UOP01-DEL02-SP"