"id";"data_inversa";"dia_semana";"horario";"uf";"br";"km";"municipio";"causa_acidente";"tipo_acidente";"classificacao_acidente";"fase_dia";"sentido_via";"condicao_metereologica";"tipo_pista";"tracado_via";"uso_solo";"pessoas";"mortos";"feridos_leves";"feridos_graves";"ilesos";"ignorados";"feridos";"veiculos";"latitude";"longitude";"regional";"delegacia";"uop"
658550;2025-02-01;"sábado";"05:15:00";"CE";116;46,5;"PACAJUS";"Ausência de reação do condutor";"Colisão com objeto";"Com Vítimas Fatais";"Amanhecer";"Crescente";"Céu Claro";"Dupla";"Curva";"Sim";1;1;0;0;0;0;0;1;-4,1312959;-38,48313475;"SPRF-CE";"DEL01-CE";"UOP02-DEL01-CE"
658551;2025-02-01;"sábado";"04:00:00";"SC";282;37;"AGUAS MORNAS";"Demais falhas mecânicas ou elétricas";"Incêndio";"Sem Vítimas";"Plena Noite";"Crescente";"Céu Claro";"Simples";"Declive;Curva";"Não";1;0;0;0;1;0;0;1;-27,707325;-48,842983;"SPRF-SC";"DEL01-SC";"UOP03-DEL01-SC"
658554;2025-02-01;"sábado";"06:15:00";"MG";50;174;"UBERABA";"Pedestre cruzava a pista fora da faixa";"Saída de leito carroçável";"Com Vítimas Feridas";"Pleno dia";"Crescente";"Céu Claro";"Dupla";"Reta";"Sim";2;0;1;0;1;0;1;1;-19,770817;-47,973434;"SPRF-MG";"DEL13-MG";"UOP01-DEL13-MG"
658555;2025-02-01;"sábado";"06:00:00";"CE";230;3,3;"IPAUMIRIM";"Pista esburacada";"Saída de leito carroçável";"Com Vítimas Feridas";"Pleno dia";"Crescente";"Céu Claro";"Simples";"Reta;Aclive";"Não";1;0;1;0;0;0;1;1;-6,84889593;-38,70687098;"SPRF-PB";"DEL03-PB";"UOP03-DEL03-PB"
658556;2025-02-01;"sábado";"06:15:00";"SP";116;201;"ARUJA";"Reação tardia ou ineficiente do condutor";"Saída de leito carroçável";"Sem Vítimas";"Pleno dia";"Crescente";"Garoa/Chuvisco";"Múltipla";"Reta";"Sim";1;0;0;0;0;1;0;1;-23,40362877;-46,33050107;"SPRF-SP";"DEL01-SP";"UOP01-DEL01-SP"
658557;2025-02-01;"sábado";"06:40:00";"MG";40;40;"PARACATU";"Acessar a via sem observar a presença dos outros veículos";"Colisão transversal";"Com Vítimas Feridas";"Pleno dia";"Crescente";"Céu Claro";"Simples";"Interseção de Vias";"Não";6;0;0;2;3;1;2;2;-17,21013894;-46,88089301;"SPRF-MG";"DEL14-MG";"UOP01-DEL14-MG"
658559;2025-02-01;"sábado";"06:10:00";"SC";470;3,8;"NAVEGANTES";"Velocidade Incompatível";"Colisão transversal";"Com Vítimas Feridas";"Amanhecer";"Decrescente";"Nublado";"Simples";"Em Obras;Interseção de Vias";"Sim";2;0;1;0;1;0;1;2;-26,861937;-48,681618;"SPRF-SC";"DEL04-SC";"UOP04-DEL04-SC"
658560;2025-02-01;"sábado";"07:05:00";"SC";470;129,7;"LONTRAS";"Condutor deixou de manter distância do veículo da frente";"Colisão traseira";"Com Vítimas Feridas";"Pleno dia";"Decrescente";"Céu Claro";"Simples";"Reta";"Sim";7;0;3;0;4;0;3;2;-27,15539307;-49,55649376;"SPRF-SC";"DEL04-SC";"UOP02-DEL04-SC"
658561;2025-02-01;"sábado";"04:30:00";"MG";262;671,3;"IBIA";"Condutor Dormindo";"Saída de leito carroçável";"Com Vítimas Feridas";"Plena Noite";"Crescente";"Chuva";"Simples";"Curva";"Não";29;0;9;0;20;0;9;1;-19,54170234;-46,80745219;"SPRF-MG";"DEL08-MG";"UOP01-DEL08-MG"
658563;2025-01-31;"sexta-feira";"16:30:00";"BA";367;57;"PORTO SEGURO";"Chuva";"Colisão com objeto";"Com Vítimas Feridas";"Pleno dia";"Decrescente";"Chuva";"Simples";"Reta";"Não";1;0;1;0;0;0;1;1;-16,38873974;-39,35713702;"SPRF-BA";"DEL09-BA";"UOP03-DEL09-BA"
658564;2025-02-01;"sábado";"05:20:00";"TO";235;196,4;"GUARAI";"Ausência de reação do condutor";"Saída de leito carroçável";"Com Vítimas Feridas";"Plena Noite";"Crescente";"Ignorado";"Simples";"Reta";"Não";1;0;1;0;0;0;1;1;-8,95181555;-48,42847569;"SPRF-TO";"DEL02-TO";"UOP02-DEL02-TO"
658565;2025-02-01;"sábado";"06:55:00";"PB";230;163,9;"CAMPINA GRANDE";"Acessar a via sem observar a presença dos outros veículos";"Colisão transversal";"Com Vítimas Feridas";"Pleno dia";"Crescente";"Céu Claro";"Simples";"Curva;Aclive";"Não";2;0;1;0;1;0;1;2;-7,217175;-35,945787;"SPRF-PB";"DEL02-PB";"UOP01-DEL02-PB"
658566;2025-02-01;"sábado";"07:25:00";"PB";101;83;"BAYEUX";"Acessar a via sem observar a presença dos outros veículos";"Eventos atípicos";"Com Vítimas Feridas";"Pleno dia";"Crescente";"Sol";"Simples";"Reta";"Sim";1;0;1;0;0;0;1;1;-7,1337703;-34,92963914;"SPRF-PB";"DEL01-PB";"UOP01-DEL01-PB"
658569;2025-02-01;"sábado";"06:00:00";"PA";316;63;"CASTANHAL";"Ausência de reação do condutor";"Colisão lateral mesmo sentido";"Com Vítimas Feridas";"Amanhecer";"Decrescente";"Céu Claro";"Dupla";"Reta";"Sim";3;0;2;0;1;0;2;2;-1,29679363;-47,92878096;"SPRF-PA";"DEL01-PA";"UOP01-DEL01-PA"
658570;2025-02-01;"sábado";"07:40:00";"RJ";116;130;"MAGE";"Manobra de mudança de faixa";"Saída de leito carroçável";"Com Vítimas Feridas";"Pleno dia";"Decrescente";"Nublado";"Dupla";"Curva";"Sim";3;0;1;0;2;0;1;1;-22,65949914;-43,11671944;"SPRF-RJ";"DEL04-RJ";"UOP02-DEL04-RJ"
658571;2025-01-17;"sexta-feira";"17:40:00";"PR";376;438,5;"TIBAGI";"Ausência de reação do condutor";"Colisão com objeto";"Com Vítimas Fatais";"Anoitecer";"Decrescente";"Chuva";"Dupla";"Curva;Aclive";"Não";6;1;0;0;4;1;0;3;-24,79525;-50,49555;"SPRF-PR";"DEL03-PR";"UOP02-DEL03-PR"
658573;2025-02-01;"sábado";"07:40:00";"RN";304;36;"MOSSORO";"Estacionar ou parar em local proibido";"Colisão traseira";"Com Vítimas Feridas";"Pleno dia";"Crescente";"Céu Claro";"Dupla";"Viaduto";"Sim";3;0;1;2;0;0;3;2;-5,16853634;-37,35540171;"SPRF-RN";"DEL04-RN";"UOP02-DEL04-RN"
658575;2025-02-01;"sábado";"08:00:00";"PB";230;153,8;"CAMPINA GRANDE";"Reação tardia ou ineficiente do condutor";"Tombamento";"Com Vítimas Feridas";"Pleno dia";"Crescente";"Céu Claro";"Simples";"Curva;Em Obras";"Sim";2;0;2;0;0;0;2;1;-7,2763;-35,8887;"SPRF-PB";"DEL02-PB";"UOP01-DEL02-PB"
658577;2025-02-01;"sábado";"08:25:00";"PB";101;81;"SANTA RITA";"Ausência de sinalização";"Colisão com objeto";"Sem Vítimas";"Pleno dia";"Decrescente";"Céu Claro";"Dupla";"Curva;Aclive";"Sim";2;0;0;0;2;0;0;2;-7,12512041;-34,9435991;"SPRF-PB";"DEL01-PB";"UOP01-DEL01-PB"
658578;2025-02-01;"sábado";"07:20:00";"RS";293;247,9;"DOM PEDRITO";"Frear bruscamente";"Saída de leito carroçável";"Com Vítimas Feridas";"Pleno dia";"Crescente";"Sol";"Simples";"Reta";"Sim";1;0;1;0;0;0;1;1;-30,98556552;-54,63715553;"SPRF-RS";"DEL11-RS";"UOP01-DEL11-RS"
658579;2025-02-01;"sábado";"07:20:00";"MG";40;519,9;"RIBEIRAO DAS NEVES";"Condutor Dormindo";"Saída de leito carroçável";"Com Vítimas Feridas";"Pleno dia";"Crescente";"Nublado";"Dupla";"Reta";"Não";2;0;1;1;0;0;2;1;-19,83957589;-44,07684485;"SPRF-MG";"DEL01-MG";"UOP02-DEL01-MG"
658580;2025-01-12;"domingo";"15:30:00";"MG";40;671;"CARANDAI";"Chuva";"Saída de leito carroçável";"Com Vítimas Feridas";"Pleno dia";"Crescente";"Chuva";"Simples";"Reta";"Não";2;0;0;1;0;1;1;2;-20,97451232;-43,78312725;"SPRF-MG";"DEL05-MG";"UOP02-DEL05-MG"
658582;2025-02-01;"sábado";"08:50:00";"BA";116;515;"FEIRA DE SANTANA";"Ausência de reação do condutor";"Queda de ocupante de veículo";"Com Vítimas Feridas";"Pleno dia";"Decrescente";"Céu Claro";"Dupla";"Reta";"Sim";2;0;2;0;0;0;2;1;-12,16389;-38,9649;"SPRF-BA";"DEL02-BA";"UOP01-DEL02-BA"
658583;2025-01-16;"quinta-feira";"13:10:00";"PA";163;572;"TRAIRAO";"Acessar a via sem observar a presença dos outros veículos";"Colisão transversal";"Com Vítimas Feridas";"Pleno dia";"Decrescente";"Nublado";"Simples";"Reta;Declive";"Não";4;0;0;1;3;0;1;2;-5,04193667;-56,18318859;"SPRF-PA";"DEL06-PA";"UOP02-DEL06-PA"
658584;2025-02-01;"sábado";"09:20:00";"RS";290;481;"ROSARIO DO SUL";"Condutor deixou de manter distância do veículo da frente";"Colisão traseira";"Com Vítimas Feridas";"Pleno dia";"Crescente";"Céu Claro";"Simples";"Reta;Aclive";"Sim";14;0;7;0;7;0;7;4;-30,242239;-54,930161;"SPRF-RS";"DEL11-RS";"UOP02-DEL11-RS"
658590;2025-02-01;"sábado";"09:40:00";"ES";101;57,6;"SAO MATEUS";"Acessar a via sem observar a presença dos outros veículos";"Colisão lateral mesmo sentido";"Com Vítimas Feridas";"Pleno dia";"Decrescente";"Céu Claro";"Simples";"Reta";"Não";3;0;2;0;1;0;2;2;-18,64677697;-39,87407788;"SPRF-ES";"DEL04-ES";"UOP02-DEL04-ES"
658593;2025-02-01;"sábado";"09:30:00";"SP";101;48;"UBATUBA";"Acumulo de óleo sobre o pavimento";"Queda de ocupante de veículo";"Com Vítimas Feridas";"Pleno dia";"Crescente";"Céu Claro";"Simples";"Interseção de Vias";"Sim";1;0;1;0;0;0;1;1;-23,43696329;-45,08768768;"SPRF-SP";"DEL06-SP";"UOP01-DEL06-SP"
658594;2025-02-01;"sábado";"09:05:00";"BA";324;540;"AMELIA RODRIGUES";"Velocidade Incompatível";"Engavetamento";"Com Vítimas Feridas";"Pleno dia";"Crescente";"Céu Claro";"Dupla";"Reta";"Sim";11;0;3;0;8;0;3;4;-12,38543536;-38,79238728;"SPRF-BA";"DEL01-BA";"UOP03-DEL01-BA"
658595;2025-02-01;"sábado";"09:40:00";"PB";101;39;"MAMANGUAPE";"Reação tardia ou ineficiente do condutor";"Colisão transversal";"Com Vítimas Feridas";"Pleno dia";"Crescente";"Céu Claro";"Simples";"Reta";"Sim";3;0;2;0;0;1;2;2;-6,82975098;-35,13756194;"SPRF-PB";"DEL01-PB";"UOP03-DEL01-PB"
658596;2025-02-01;"sábado";"10:15:00";"RN";406;33;"GUAMARE";"Reação tardia ou ineficiente do condutor";"Colisão traseira";"Com Vítimas Feridas";"Pleno dia";"Decrescente";"Céu Claro";"Simples";"Aclive;Reta";"Sim";3;0;3;0;0;0;3;2;-5,2503936;-36,36877625;"SPRF-RN";"DEL02-RN";"UOP01-DEL02-RN"
658597;2025-02-01;"sábado";"08:45:00";"BA";110;144;"CICERO DANTAS";"Acessar a via sem observar a presença dos outros veículos";"Colisão frontal";"Com Vítimas Fatais";"Pleno dia";"Crescente";"Céu Claro";"Simples";"Reta;Interseção de Vias";"Sim";5;1;0;0;4;0;0;2;-10,651503;-38,409901;"SPRF-BA";"DEL07-BA";"UOP02-DEL07-BA"
658598;2025-02-01;"sábado";"09:30:00";"BA";242;614;"IBOTIRAMA";"Condutor Dormindo";"Colisão frontal";"Com Vítimas Feridas";"Pleno dia";"Crescente";"Céu Claro";"Simples";"Reta";"Não";5;0;4;1;0;0;5;2;-12,17450507;-43,25593869;"SPRF-BA";"DEL10-BA";"UOP01-DEL10-BA"
658600;2025-02-01;"sábado";"10:30:00";"PB";101;86,5;"JOAO PESSOA";"Condutor deixou de manter distância do veículo da frente";"Colisão traseira";"Sem Vítimas";"Pleno dia";"Decrescente";"Céu Claro";"Dupla";"Reta";"Sim";2;0;0;0;2;0;0;2;-7,15118983;-34,91012184;"SPRF-PB";"DEL01-PB";"UOP01-DEL01-PB"
658602;2025-02-01;"sábado";"10:30:00";"PE";101;46,4;"IGARASSU";"Ingestão de álcool pelo condutor";"Colisão lateral mesmo sentido";"Com Vítimas Feridas";"Pleno dia";"Decrescente";"Nublado";"Múltipla";"Reta";"Sim";2;0;1;0;1;0;1;2;-7,881044;-34,904965;"SPRF-PE";"DEL01-PE";"UOP02-DEL01-PE"
658604;2025-02-01;"sábado";"09:59:00";"GO";40;9,2;"LUZIANIA";"Pedestre cruzava a pista fora da faixa";"Atropelamento de Pedestre";"Com Vítimas Fatais";"Pleno dia";"Decrescente";"Nublado";"Dupla";"Reta";"Sim";2;1;0;0;1;0;0;2;-16,131158;-47,957739;"SPRF-DF";"DEL01-DF";"UOP01-DEL01-DF"
658608;2025-02-01;"sábado";"11:05:00";"ES";262;60,4;"MARECHAL FLORIANO";"Avarias e/ou desgaste excessivo no pneu";"Queda de ocupante de veículo";"Com Vítimas Feridas";"Pleno dia";"Crescente";"Céu Claro";"Simples";"Curva;Aclive";"Não";2;0;2;0;0;0;2;1;-20,42208895;-40,78646507;"SPRF-ES";"DEL01-ES";"UOP02-DEL01-ES"
658609;2025-02-01;"sábado";"11:05:00";"SC";101;43,8;"JOINVILLE";"Ausência de reação do condutor";"Colisão traseira";"Com Vítimas Feridas";"Pleno dia";"Decrescente";"Nublado";"Dupla";"Reta";"Sim";3;0;0;1;2;0;1;3;-26,33870785;-48,85914624;"SPRF-SC";"DEL03-SC";"UOP01-DEL03-SC"
658610;2025-02-01;"sábado";"11:15:00";"MG";381;908,5;"CAMBUI";"Velocidade Incompatível";"Queda de ocupante de veículo";"Com Vítimas Feridas";"Pleno dia";"Crescente";"Chuva";"Dupla";"Aclive;Curva";"Não";1;0;1;0;0;0;1;1;-22,68081964;-46,10141587;"SPRF-MG";"DEL16-MG";"UOP03-DEL16-MG"
658613;2025-02-01;"sábado";"12:05:00";"PE";101;72;"RECIFE";"Ausência de reação do condutor";"Tombamento";"Com Vítimas Feridas";"Pleno dia";"Crescente";"Chuva";"Dupla";"Reta";"Sim";2;0;2;0;0;0;2;1;-8,08493106;-34,9450639;"SPRF-PE";"DEL01-PE";"UOP01-DEL01-PE"
658614;2025-02-01;"sábado";"11:55:00";"MG";50;0,3;"ARAGUARI";"Velocidade Incompatível";"Saída de leito carroçável";"Sem Vítimas";"Pleno dia";"Crescente";"Nublado";"Dupla";"Curva";"Não";1;0;0;0;0;1;0;1;-18,42564944;-48,06375861;"SPRF-MG";"DEL15-MG";"UOP02-DEL15-MG"
658617;2025-02-01;"sábado";"08:00:00";"PI";343;15;"PARNAIBA";"Condutor deixou de manter distância do veículo da frente";"Colisão transversal";"Com Vítimas Feridas";"Pleno dia";"Decrescente";"Céu Claro";"Dupla";"Reta";"Sim";2;0;0;1;1;0;1;2;-2,93659;-41,754936;"SPRF-PI";"DEL05-PI";"UOP01-DEL05-PI"
658619;2025-02-01;"sábado";"12:33:00";"DF";80;5,2;"BRASILIA";"Acessar a via sem observar a presença dos outros veículos";"Colisão transversal";"Com Vítimas Feridas";"Pleno dia";"Crescente";"Nublado";"Simples";"Interseção de Vias";"Não";2;0;1;0;1;0;1;2;-15,72939209;-48,12376499;"SPRF-DF";"DEL03-DF";"UOP02-DEL03-DF"
658621;2025-02-01;"sábado";"12:00:00";"CE";222;3,6;"CAUCAIA";"Condutor deixou de manter distância do veículo da frente";"Engavetamento";"Com Vítimas Feridas";"Pleno dia";"Decrescente";"Céu Claro";"Múltipla";"Aclive;Reta;Viaduto";"Sim";4;0;1;0;3;0;1;3;-3,7403769;-38,59569202;"SPRF-CE";"DEL01-CE";"UOP01-DEL01-CE"
658622;2025-02-01;"sábado";"11:00:00";"MG";381;857,7;"POUSO ALEGRE";"Ausência de reação do condutor";"Colisão com objeto";"Com Vítimas Feridas";"Pleno dia";"Decrescente";"Chuva";"Dupla";"Reta";"Não";1;0;1;0;0;0;1;1;-22,34205201;-45,92609997;"SPRF-MG";"DEL16-MG";"UOP01-DEL16-MG"
658623;2025-02-01;"sábado";"13:00:00";"RS";290;96;"PORTO ALEGRE";"Condutor deixou de manter distância do veículo da frente";"Colisão traseira";"Com Vítimas Feridas";"Pleno dia";"Crescente";"Céu Claro";"Simples";"Aclive";"Sim";2;0;1;0;1;0;1;2;-29,992107;-51,204525;"SPRF-RS";"DEL01-RS";"UOP01-DEL01-RS"
658624;2025-01-31;"sexta-feira";"14:00:00";"CE";116;46;"PACAJUS";"Acumulo de areia ou detritos sobre o pavimento";"Tombamento";"Com Vítimas Feridas";"Pleno dia";"Crescente";"Céu Claro";"Dupla";"Retorno Regulamentado";"Não";1;0;1;0;0;0;1;1;-4,14849127;-38,47814267;"SPRF-CE";"DEL01-CE";"UOP02-DEL01-CE"
658628;2025-02-01;"sábado";"11:30:00";"PA";230;110;"MARABA";"Conversão proibida";"Colisão frontal";"Com Vítimas Feridas";"Pleno dia";"Crescente";"Céu Claro";"Simples";"Reta";"Não";4;0;0;2;2;0;2;2;-5,37342727;-49,03126806;"SPRF-PA";"DEL03-PA";"UOP01-DEL03-PA"
658629;2025-02-01;"sábado";"13:20:00";"MG";40;757,2;"EWBANK DA CAMARA";"Chuva";"Colisão com objeto";"Com Vítimas Feridas";"Pleno dia";"Decrescente";"Chuva";"Simples";"Curva";"Não";1;0;1;0;0;0;1;1;-21,50323045;-43,53179519;"SPRF-MG";"DEL05-MG";"UOP01-DEL05-MG"
658631;2025-02-01;"sábado";"13:39:00";"SC";282;1;"FLORIANOPOLIS";"Ausência de reação do condutor";"Engavetamento";"Com Vítimas Feridas";"Pleno dia";"Decrescente";"Céu Claro";"Múltipla";"Reta";"Sim";4;0;1;0;3;0;1;4;-27,602955;-48,580509;"SPRF-SC";"DEL01-SC";"UOP01-DEL01-SC"
658632;2025-02-01;"sábado";"11:13:00";"RO";364;422,8;"JARU";"Acessar a via sem observar a presença dos outros veículos";"Colisão transversal";"Com Vítimas Feridas";"Pleno dia";"Crescente";"Chuva";"Simples";"Rotatória";"Sim";2;0;0;1;1;0;1;2;-10,4597532;-62,4558043;"SPRF-RO";"DEL03-RO";"UOP02-DEL03-RO"
658633;2025-02-01;"sábado";"13:20:00";"SE";235;3;"ARACAJU";"Transitar na contramão";"Atropelamento de Pedestre";"Com Vítimas Feridas";"Pleno dia";"Decrescente";"Céu Claro";"Dupla";"Aclive;Reta";"Não";2;0;2;0;0;0;2;2;-10,9059;-37,111;"SPRF-SE";"DEL01-SE";"UOP01-DEL01-SE"
658634;2025-02-01;"sábado";"10:00:00";"RJ";40;89;"PETROPOLIS";"Pista Escorregadia";"Tombamento";"Com Vítimas Feridas";"Pleno dia";"Decrescente";"Nublado";"Simples";"Reta;Aclive";"Não";1;0;1;0;0;0;1;1;-22,556263;-43,23718;"SPRF-RJ";"DEL01-RJ";"UOP01-DEL01-RJ"
658636;2025-02-01;"sábado";"09:00:00";"SP";101;50;"UBATUBA";"Reação tardia ou ineficiente do condutor";"Colisão transversal";"Com Vítimas Feridas";"Pleno dia";"Decrescente";"Nublado";"Simples";"Reta";"Sim";2;0;1;0;0;1;1;2;-23,44947411;-45,0783366;"SPRF-SP";"DEL06-SP";"UOP01-DEL06-SP"
658638;2025-02-01;"sábado";"14:50:00";"PR";116;144;"MANDIRITUBA";"Reação tardia ou ineficiente do condutor";"Saída de leito carroçável";"Com Vítimas Feridas";"Pleno dia";"Decrescente";"Chuva";"Simples";"Reta;Aclive";"Sim";1;0;1;0;0;0;1;1;-25,76405694;-49,32116324;"SPRF-PR";"DEL01-PR";"UOP03-DEL01-PR"
658639;2025-02-01;"sábado";"12:26:00";"RO";364;426;"JARU";"Ingestão de substâncias psicoativas pelo condutor";"Colisão traseira";"Sem Vítimas";"Pleno dia";"Decrescente";"Nublado";"Simples";"Declive;Rotatória";"Sim";2;0;0;0;2;0;0;2;-10,43265742;-62,47966882;"SPRF-RO";"DEL03-RO";"UOP02-DEL03-RO"
658640;2025-02-01;"sábado";"13:15:00";"PR";277;604;"SANTA TEREZA DO OESTE";"Ultrapassagem Indevida";"Colisão lateral mesmo sentido";"Com Vítimas Feridas";"Pleno dia";"Decrescente";"Céu Claro";"Simples";"Reta";"Não";6;0;4;0;2;0;4;3;-25,02905699;-53,569607;"SPRF-PR";"DEL05-PR";"UOP02-DEL05-PR"
658644;2025-02-01;"sábado";"14:30:00";"SC";470;64;"INDAIAL";"Acesso irregular";"Colisão frontal";"Com Vítimas Feridas";"Pleno dia";"Decrescente";"Nublado";"Simples";"Reta";"Não";3;0;2;1;0;0;3;2;-26,869867;-49,201859;"SPRF-SC";"DEL04-SC";"UOP01-DEL04-SC"
658645;2025-02-01;"sábado";"15:20:00";"RS";290;144;"ELDORADO DO SUL";"Acesso irregular";"Colisão transversal";"Com Vítimas Feridas";"Pleno dia";"Decrescente";"Céu Claro";"Simples";"Reta";"Sim";5;0;1;0;3;1;1;2;-30,096939;-51,647282;"SPRF-RS";"DEL02-RS";"UOP01-DEL02-RS"
658646;2025-02-01;"sábado";"14:40:00";"PE";101;141;"RIBEIRAO";"Acumulo de água sobre o pavimento";"Saída de leito carroçável";"Com Vítimas Feridas";"Pleno dia";"Crescente";"Nublado";"Dupla";"Reta";"Sim";2;0;1;0;1;0;1;1;-8,44013935;-35,33528377;"SPRF-PE";"DEL01-PE";"UOP03-DEL01-PE"
658649;2025-02-01;"sábado";"14:50:00";"MG";381;502;"BETIM";"Ausência de sinalização";"Colisão com objeto";"Com Vítimas Feridas";"Pleno dia";"Crescente";"Nublado";"Múltipla";"Reta";"Não";1;0;1;0;0;0;1;1;-20,03619694;-44,24586303;"SPRF-MG";"DEL01-MG";"UOP03-DEL01-MG"
658650;2025-02-01;"sábado";"16:30:00";"PB";230;20;"JOAO PESSOA";"Acumulo de areia ou detritos sobre o pavimento";"Eventos atípicos";"Com Vítimas Feridas";"Pleno dia";"Crescente";"Sol";"Dupla";"Declive;Curva;Interseção de Vias;Viaduto";"Sim";2;0;1;0;1;0;1;1;-7,1384244;-34,85325798;"SPRF-PB";"DEL01-PB";"UOP01-DEL01-PB"
658652;2025-02-01;"sábado";"15:20:00";"SC";470;175,5;"POUSO REDONDO";"Acessar a via sem observar a presença dos outros veículos";"Colisão transversal";"Com Vítimas Feridas";"Pleno dia";"Crescente";"Céu Claro";"Dupla";"Aclive;Reta";"Não";3;0;2;1;0;0;3;2;-27,25507785;-49,94523168;"SPRF-SC";"DEL04-SC";"UOP02-DEL04-SC"
658654;2025-02-01;"sábado";"16:10:00";"PR";277;592,9;"CASCAVEL";"Ingestão de álcool pelo condutor";"Colisão traseira";"Com Vítimas Feridas";"Pleno dia";"Crescente";"Céu Claro";"Simples";"Reta";"Sim";6;0;5;0;1;0;5;3;-24,98285697;-53,47319399;"SPRF-PR";"DEL04-PR";"UOP01-DEL04-PR"
658655;2025-02-01;"sábado";"17:00:00";"SC";101;151,2;"ITAPEMA";"Trafegar com motocicleta (ou similar) entre as faixas";"Colisão lateral mesmo sentido";"Com Vítimas Feridas";"Pleno dia";"Crescente";"Nublado";"Múltipla";"Reta";"Sim";2;0;1;0;1;0;1;2;-27,126536;-48,609642;"SPRF-SC";"DEL04-SC";"UOP03-DEL04-SC"
658656;2025-02-01;"sábado";"17:20:00";"SP";116;219;"GUARULHOS";"Trafegar com motocicleta (ou similar) entre as faixas";"Colisão traseira";"Com Vítimas Feridas";"Pleno dia";"Decrescente";"Nublado";"Múltipla";"Reta";"Sim";2;0;1;0;1;0;1;2;-23,46143954;-46,48885316;"SPRF-SP";"DEL01-SP";"UOP01-DEL01-SP"
658657;2025-02-01;"sábado";"17:00:00";"SC";282;92,7;"ALFREDO WAGNER";"Velocidade Incompatível";"Saída de leito carroçável";"Com Vítimas Feridas";"Pleno dia";"Crescente";"Nublado";"Simples";"Curva;Declive";"Não";3;0;3;0;0;0;3;1;-27,704929;-49,239353;"SPRF-SC";"DEL01-SC";"UOP03-DEL01-SC"
658658;2025-02-01;"sábado";"17:00:00";"RS";392;74,7;"PELOTAS";"Acessar a via sem observar a presença dos outros veículos";"Colisão transversal";"Com Vítimas Feridas";"Pleno dia";"Decrescente";"Sol";"Simples";"Reta";"Não";4;0;1;0;3;0;1;2;-31,70447448;-52,40923762;"SPRF-RS";"DEL07-RS";"UOP01-DEL07-RS"
658659;2025-02-01;"sábado";"11:30:00";"MG";381;483;"BETIM";"Ausência de reação do condutor";"Colisão traseira";"Sem Vítimas";"Pleno dia";"Decrescente";"Nublado";"Múltipla";"Reta";"Sim";2;0;0;0;2;0;0;2;-19,95594491;-44,10721699;"SPRF-MG";"DEL01-MG";"UOP03-DEL01-MG"
658662;2025-02-01;"sábado";"10:50:00";"BA";116;754;"POCOES";"Ingestão de álcool pelo condutor";"Capotamento";"Com Vítimas Feridas";"Pleno dia";"Crescente";"Céu Claro";"Simples";"Declive";"Não";1;0;1;0;0;0;1;1;-14,45740412;-40,34471424;"SPRF-BA";"DEL08-BA";"UOP02-DEL08-BA"
658664;2025-02-01;"sábado";"15:50:00";"PR";277;654;"MATELANDIA";"Condutor Dormindo";"Colisão lateral sentido oposto";"Com Vítimas Feridas";"Pleno dia";"Decrescente";"Nublado";"Simples";"Reta;Aclive";"Não";6;0;4;1;1;0;5;2;-25,22232211;-53,9513177;"SPRF-PR";"DEL05-PR";"UOP02-DEL05-PR"
658665;2025-02-01;"sábado";"18:00:00";"MG";40;509;"RIBEIRAO DAS NEVES";"Demais falhas mecânicas ou elétricas";"Incêndio";"Sem Vítimas";"Anoitecer";"Crescente";"Nublado";"Dupla";"Reta";"Sim";1;0;0;0;1;0;0;1;-19,76728744;-44,12855905;"SPRF-MG";"DEL01-MG";"UOP02-DEL01-MG"
658668;2025-02-01;"sábado";"15:45:00";"MT";174;3;"PONTES E LACERDA";"Acessar a via sem observar a presença dos outros veículos";"Colisão transversal";"Com Vítimas Feridas";"Pleno dia";"Crescente";"Céu Claro";"Simples";"Reta;Interseção de Vias";"Sim";2;0;1;0;0;1;1;2;-15,24302588;-59,33329582;"SPRF-MT";"DEL04-MT";"UOP01-DEL04-MT"
658670;2025-02-01;"sábado";"16:30:00";"MG";381;845,5;"POUSO ALEGRE";"Velocidade Incompatível";"Saída de leito carroçável";"Com Vítimas Feridas";"Pleno dia";"Crescente";"Chuva";"Dupla";"Reta";"Não";2;0;1;1;0;0;2;1;-22,23698876;-45,87928703;"SPRF-MG";"DEL16-MG";"UOP01-DEL16-MG"
658671;2025-02-01;"sábado";"17:45:00";"SC";470;35,2;"GASPAR";"Ausência de reação do condutor";"Colisão traseira";"Com Vítimas Feridas";"Pleno dia";"Decrescente";"Céu Claro";"Dupla";"Reta";"Não";2;0;1;0;1;0;1;2;-26,912857;-48,958965;"SPRF-SC";"DEL04-SC";"UOP01-DEL04-SC"
658672;2025-02-01;"sábado";"18:00:00";"PR";277;69,2;"SAO JOSE DOS PINHAIS";"Ausência de reação do condutor";"Saída de leito carroçável";"Com Vítimas Feridas";"Anoitecer";"Crescente";"Garoa/Chuvisco";"Dupla";"Reta";"Não";2;0;2;0;0;0;2;1;-25,51714245;-49,11470175;"SPRF-PR";"DEL01-PR";"UOP01-DEL01-PR"
658674;2025-02-01;"sábado";"18:15:00";"MG";116;415,8;"GOVERNADOR VALADARES";"Ausência de reação do condutor";"Colisão traseira";"Com Vítimas Feridas";"Anoitecer";"Crescente";"Céu Claro";"Simples";"Reta";"Sim";4;0;1;0;0;3;1;3;-18,89548653;-41,94811821;"SPRF-MG";"DEL06-MG";"UOP01-DEL06-MG"