"id";"data_inversa";"dia_semana";"horario";"uf";"br";"km";"municipio";"causa_acidente";"tipo_acidente";"classificacao_acidente";"fase_dia";"sentido_via";"condicao_metereologica";"tipo_pista";"tracado_via";"uso_solo";"pessoas";"mortos";"feridos_leves";"feridos_graves";"ilesos";"ignorados";"feridos";"veiculos";"latitude";"longitude";"regional";"delegacia";"uop"
658675;2025-02-01;"sábado";"18:20:00";"PE";428;12,6;"CABROBO";"Ausência de sinalização";"Colisão frontal";"Com Vítimas Feridas";"Plena Noite";"Crescente";"Céu Claro";"Simples";"Reta;Em Obras;Aclive";"Não";2;0;1;1;0;0;2;2;-8,50353407;-39,32484902;"SPRF-PE";"DEL05-PE";"UOP03-DEL05-PE"
658678;2025-02-01;"sábado";"19:25:00";"RN";101;97;"NATAL";"Condutor deixou de manter distância do veículo da frente";"Colisão traseira";"Com Vítimas Feridas";"Plena Noite";"Crescente";"Céu Claro";"Múltipla";"Reta";"Sim";5;0;2;0;0;3;2;3;-5,85758898;-35,21271205;"SPRF-RN";"DEL01-RN";"UOP01-DEL01-RN"
658680;2025-02-01;"sábado";"18:30:00";"MG";262;442,2;"NOVA SERRANA";"Condutor deixou de manter distância do veículo da frente";"Colisão traseira";"Com Vítimas Feridas";"Anoitecer";"Decrescente";"Nublado";"Múltipla";"Reta";"Sim";3;0;0;3;0;0;3;2;-19,87296576;-44,96566772;"SPRF-MG";"DEL08-MG";"UOP03-DEL08-MG"
658681;2025-02-01;"sábado";"16:20:00";"PR";158;524,3;"PATO BRANCO";"Frear bruscamente";"Colisão traseira";"Com Vítimas Feridas";"Pleno dia";"Decrescente";"Céu Claro";"Dupla";"Reta;Viaduto";"Não";5;0;1;0;4;0;1;2;-26,14820259;-52,66166752;"SPRF-PR";"DEL02-PR";"UOP01-DEL02-PR"
658682;2025-02-01;"sábado";"18:30:00";"RJ";101;314;"SAO GONCALO";"Reação tardia ou ineficiente do condutor";"Tombamento";"Com Vítimas Feridas";"Plena Noite";"Crescente";"Céu Claro";"Dupla";"Reta";"Sim";1;0;1;0;0;0;1;1;-22,81648739;-43,07728467;"SPRF-RJ";"DEL02-RJ";"UOP02-DEL02-RJ"
658683;2025-02-01;"sábado";"17:30:00";"PB";104;45;"BARRA DE SANTA ROSA";"Ausência de reação do condutor";"Tombamento";"Com Vítimas Feridas";"Anoitecer";"Decrescente";"Céu Claro";"Dupla";"Reta";"Sim";1;0;1;0;0;0;1;1;-6,72846302;-36,05226302;"SPRF-PB";"DEL02-PB";"UOP04-DEL02-PB"
658684;2025-02-01;"sábado";"15:00:00";"RS";285;570;"SAO LUIZ GONZAGA";"Entrada inopinada do pedestre";"Atropelamento de Pedestre";"Com Vítimas Feridas";"Pleno dia";"Decrescente";"Céu Claro";"Simples";"Reta";"Sim";2;0;0;1;1;0;1;2;-28,414503;-54,995766;"SPRF-RS";"DEL12-RS";"UOP01-DEL12-RS"
658685;2025-02-01;"sábado";"18:24:00";"MS";158;282;"TRES LAGOAS";"Ausência de reação do condutor";"Saída de leito carroçável";"Com Vítimas Feridas";"Anoitecer";"Crescente";"Céu Claro";"Dupla";"Reta";"Não";2;0;1;0;1;0;1;1;-20,84431203;-51,73643193;"SPRF-MS";"DEL07-MS";"UOP01-DEL07-MS"
658686;2025-02-01;"sábado";"07:50:00";"DF";20;15;"BRASILIA";"Ausência de reação do condutor";"Queda de ocupante de veículo";"Sem Vítimas";"Pleno dia";"Crescente";"Céu Claro";"Dupla";"Reta";"Sim";1;0;0;0;1;0;0;1;-15,582048;-47,540585;"SPRF-DF";"DEL02-DF";"UOP01-DEL02-DF"
658687;2025-02-01;"sábado";"19:30:00";"SP";116;312;"SAO LOURENCO DA SERRA";"Objeto estático sobre o leito carroçável";"Colisão com objeto";"Com Vítimas Feridas";"Plena Noite";"Crescente";"Chuva";"Dupla";"Reta";"Não";1;0;1;0;0;0;1;1;-23,88342825;-46,97368879;"SPRF-SP";"DEL04-SP";"UOP01-DEL04-SP"
658688;2025-02-01;"sábado";"18:40:00";"AL";101;186,9;"JUNQUEIRO";"Transitar no Acostamento";"Colisão traseira";"Com Vítimas Fatais";"Plena Noite";"Crescente";"Céu Claro";"Dupla";"Reta";"Não";2;1;0;0;0;1;0;2;-9,89720602;-36,456439;"SPRF-AL";"DEL02-AL";"UOP02-DEL02-AL"
658689;2025-02-01;"sábado";"17:50:00";"RJ";40;74;"PETROPOLIS";"Curva acentuada";"Saída de leito carroçável";"Com Vítimas Feridas";"Pleno dia";"Decrescente";"Chuva";"Simples";"Curva;Declive";"Não";1;0;1;0;0;0;1;1;-22,47224973;-43,22332717;"SPRF-RJ";"DEL01-RJ";"UOP01-DEL01-RJ"
658690;2025-02-01;"sábado";"20:20:00";"RS";392;640,7;"GUARANI DAS MISSOES";"Reação tardia ou ineficiente do condutor";"Colisão traseira";"Com Vítimas Feridas";"Plena Noite";"Decrescente";"Céu Claro";"Simples";"Reta;Declive";"Não";3;0;1;0;1;1;1;2;-28,15054272;-54,53670608;"SPRF-RS";"DEL10-RS";"UOP01-DEL10-RS"
658691;2025-02-01;"sábado";"19:55:00";"SC";101;200;"SAO JOSE";"Ingestão de álcool pelo condutor";"Saída de leito carroçável";"Com Vítimas Feridas";"Plena Noite";"Decrescente";"Céu Claro";"Simples";"Reta";"Sim";3;0;1;0;0;2;1;2;-27,54018513;-48,62287714;"SPRF-SC";"DEL01-SC";"UOP01-DEL01-SC"
658692;2025-02-01;"sábado";"19:50:00";"PR";373;274;"PRUDENTOPOLIS";"Ausência de reação do condutor";"Saída de leito carroçável";"Com Vítimas Feridas";"Plena Noite";"Decrescente";"Nublado";"Simples";"Reta";"Não";1;0;1;0;0;0;1;1;-25,25190132;-51,05917383;"SPRF-PR";"DEL08-PR";"UOP01-DEL08-PR"
658693;2025-02-01;"sábado";"20:23:00";"AP";210;0;"MACAPA";"Reação tardia ou ineficiente do condutor";"Colisão traseira";"Com Vítimas Feridas";"Plena Noite";"Decrescente";"Céu Claro";"Múltipla";"Reta";"Sim";2;0;1;0;1;0;1;2;0,07780012;-51,06097;"SPRF-AP";"DEL01-AP";"UOP01-DEL01-AP"
658694;2025-02-01;"sábado";"20:30:00";"RS";116;151,9;"CAXIAS DO SUL";"Reação tardia ou ineficiente do condutor";"Saída de leito carroçável";"Com Vítimas Feridas";"Plena Noite";"Crescente";"Céu Claro";"Dupla";"Reta";"Sim";4;0;3;0;1;0;3;1;-29,17694502;-51,16173896;"SPRF-RS";"DEL05-RS";"UOP01-DEL05-RS"
658696;2025-02-01;"sábado";"17:00:00";"RJ";40;10;"COMENDADOR LEVY GASPARIAN";"Ausência de reação do condutor";"Colisão com objeto";"Com Vítimas Feridas";"Anoitecer";"Decrescente";"Nublado";"Dupla";"Curva;Aclive";"Não";1;0;1;0;0;0;1;1;-22,044804;-43,20572;"SPRF-RJ";"DEL05-RJ";"UOP02-DEL05-RJ"
658697;2025-02-01;"sábado";"20:20:00";"ES";101;144,1;"LINHARES";"Manobra de mudança de faixa";"Colisão lateral mesmo sentido";"Com Vítimas Feridas";"Plena Noite";"Crescente";"Nublado";"Múltipla";"Reta";"Sim";4;0;1;0;3;0;1;2;-19,35188295;-40,0636685;"SPRF-ES";"DEL04-ES";"UOP01-DEL04-ES"
658698;2025-02-01;"sábado";"19:30:00";"MS";163;495;"CAMPO GRANDE";"Ausência de reação do condutor";"Colisão com objeto";"Com Vítimas Feridas";"Plena Noite";"Decrescente";"Céu Claro";"Dupla";"Retorno Regulamentado";"Não";1;0;1;0;0;0;1;1;-20,36407713;-54,52845097;"SPRF-MS";"DEL01-MS";"UOP02-DEL01-MS"
658700;2025-02-01;"sábado";"21:15:00";"RJ";465;14;"SEROPEDICA";"Pedestre cruzava a pista fora da faixa";"Atropelamento de Pedestre";"Com Vítimas Feridas";"Plena Noite";"Crescente";"Céu Claro";"Simples";"Reta";"Sim";3;0;0;1;2;0;1;2;-22,804979;-43,638828;"SPRF-RJ";"DEL06-RJ";"UOP02-DEL06-RJ"
658701;2025-02-01;"sábado";"21:46:00";"GO";50;105;"CRISTALINA";"Ingestão de álcool pelo condutor";"Saída de leito carroçável";"Sem Vítimas";"Anoitecer";"Crescente";"Chuva";"Dupla";"Reta";"Não";1;0;0;0;1;0;0;1;-16,9309;-47,7117;"SPRF-DF";"DEL01-DF";"UOP02-DEL01-DF"
658702;2025-02-01;"sábado";"21:20:00";"RS";290;91;"PORTO ALEGRE";"Manobra de mudança de faixa";"Colisão lateral mesmo sentido";"Com Vítimas Feridas";"Plena Noite";"Decrescente";"Céu Claro";"Dupla";"Retorno Regulamentado";"Sim";4;0;2;0;2;0;2;2;-29,969055;-51,167439;"SPRF-RS";"DEL01-RS";"UOP01-DEL01-RS"
658703;2025-02-01;"sábado";"22:20:00";"SP";116;188;"SANTA ISABEL";"Demais falhas mecânicas ou elétricas";"Incêndio";"Sem Vítimas";"Plena Noite";"Crescente";"Garoa/Chuvisco";"Dupla";"Reta";"Não";1;0;0;0;1;0;0;1;-23,3594352;-46,21675791;"SPRF-SP";"DEL01-SP";"UOP01-DEL01-SP"
658704;2025-02-01;"sábado";"20:50:00";"RJ";116;182;"NOVA IGUACU";"Condutor Dormindo";"Colisão com objeto";"Com Vítimas Feridas";"Plena Noite";"Crescente";"Céu Claro";"Dupla";"Reta";"Sim";1;0;1;0;0;0;1;1;-22,7567755;-43,43107234;"SPRF-RJ";"DEL06-RJ";"UOP01-DEL06-RJ"
658705;2025-02-01;"sábado";"20:50:00";"BA";116;779;"PLANALTO";"Reação tardia ou ineficiente do condutor";"Tombamento";"Com Vítimas Feridas";"Plena Noite";"Crescente";"Nublado";"Simples";"Reta";"Sim";2;0;0;2;0;0;2;1;-14,62420805;-40,44735388;"SPRF-BA";"DEL08-BA";"UOP02-DEL08-BA"
658707;2025-02-01;"sábado";"20:40:00";"MT";163;839,1;"SINOP";"Ausência de reação do condutor";"Colisão traseira";"Sem Vítimas";"Plena Noite";"Crescente";"Nublado";"Dupla";"Retorno Regulamentado";"Sim";2;0;0;0;2;0;0;2;-11,951051;-55,516876;"SPRF-MT";"DEL06-MT";"UOP02-DEL06-MT"
658708;2025-02-01;"sábado";"22:30:00";"BA";101;503;"ITABUNA";"Acesso irregular";"Colisão transversal";"Sem Vítimas";"Plena Noite";"Crescente";"Céu Claro";"Simples";"Curva";"Não";3;0;0;0;3;0;0;2;-14,7754298;-39,2882452;"SPRF-BA";"DEL05-BA";"UOP01-DEL05-BA"
658709;2025-02-01;"sábado";"22:40:00";"PR";476;198;"LAPA";"Reação tardia ou ineficiente do condutor";"Colisão traseira";"Com Vítimas Feridas";"Plena Noite";"Crescente";"Céu Claro";"Simples";"Reta";"Não";3;0;1;0;1;1;1;2;-25,76652012;-49,73986566;"SPRF-PR";"DEL01-PR";"UOP06-DEL01-PR"
658711;2025-02-01;"sábado";"22:30:00";"PR";376;107;"PARANAVAI";"Ausência de reação do condutor";"Colisão com objeto";"Sem Vítimas";"Plena Noite";"Crescente";"Céu Claro";"Dupla";"Reta";"Sim";1;0;0;0;0;1;0;1;-23,06330691;-52,4325943;"SPRF-PR";"DEL09-PR";"UOP02-DEL09-PR"
658712;2025-02-01;"sábado";"21:30:00";"MT";163;839;"SINOP";"Acessar a via sem observar a presença dos outros veículos";"Colisão transversal";"Sem Vítimas";"Plena Noite";"Crescente";"Chuva";"Simples";"Reta";"Sim";3;0;0;0;2;1;0;2;-11,82673262;-55,48605507;"SPRF-MT";"DEL06-MT";"UOP02-DEL06-MT"
658713;2025-02-01;"sábado";"22:55:00";"RS";158;328;"SANTA MARIA";"Acumulo de areia ou detritos sobre o pavimento";"Tombamento";"Com Vítimas Feridas";"Plena Noite";"Crescente";"Céu Claro";"Dupla";"Reta";"Não";1;0;1;0;0;0;1;1;-29,71032631;-53,8209486;"SPRF-RS";"DEL09-RS";"UOP01-DEL09-RS"
658714;2025-02-01;"sábado";"23:20:00";"RS";116;529,5;"CAPAO DO LEAO";"Acessar a via sem observar a presença dos outros veículos";"Colisão traseira";"Com Vítimas Feridas";"Plena Noite";"Crescente";"Céu Claro";"Simples";"Interseção de Vias";"Sim";2;0;1;0;1;0;1;2;-31,75446042;-52,42803583;"SPRF-RS";"DEL07-RS";"UOP01-DEL07-RS"
658715;2025-02-01;"sábado";"22:45:00";"RN";427;103,9;"CAICO";"Iluminação deficiente";"Tombamento";"Com Vítimas Feridas";"Plena Noite";"Crescente";"Céu Claro";"Dupla";"Interseção de Vias";"Não";2;0;2;0;0;0;2;1;-6,42894379;-37,08355308;"SPRF-RN";"DEL03-RN";"UOP01-DEL03-RN"
658716;2025-02-01;"sábado";"21:33:00";"MT";174;6;"PONTES E LACERDA";"Ultrapassagem Indevida";"Colisão lateral mesmo sentido";"Com Vítimas Feridas";"Plena Noite";"Crescente";"Chuva";"Simples";"Reta;Interseção de Vias";"Sim";3;0;0;2;1;0;2;2;-15,22721451;-59,34926033;"SPRF-MT";"DEL04-MT";"UOP01-DEL04-MT"
658717;2025-02-01;"sábado";"23:50:00";"MG";262;812,9;"UBERABA";"Reação tardia ou ineficiente do condutor";"Tombamento";"Com Vítimas Feridas";"Plena Noite";"Crescente";"Chuva";"Dupla";"Reta";"Sim";1;0;1;0;0;0;1;1;-19,76009757;-48,07322705;"SPRF-MG";"DEL13-MG";"UOP01-DEL13-MG"
658718;2025-02-01;"sábado";"20:30:00";"MG";116;408;"GOVERNADOR VALADARES";"Ausência de reação do condutor";"Tombamento";"Com Vítimas Feridas";"Plena Noite";"Crescente";"Céu Claro";"Simples";"Interseção de Vias;Curva;Aclive";"Sim";1;0;1;0;0;0;1;1;-18,83964855;-41,98699951;"SPRF-MG";"DEL06-MG";"UOP01-DEL06-MG"
658719;2025-02-01;"sábado";"23:56:00";"ES";101;397;"RIO NOVO DO SUL";"Transitar na contramão";"Colisão frontal";"Com Vítimas Fatais";"Plena Noite";"Crescente";"Céu Claro";"Simples";"Reta";"Sim";3;2;0;0;0;1;0;2;-20,87297988;-40,94948206;"SPRF-ES";"DEL03-ES";"UOP02-DEL03-ES"
658720;2025-02-01;"sábado";"23:00:00";"SC";282;19;"PALHOCA";"Chuva";"Incêndio";"Sem Vítimas";"Plena Noite";"Crescente";"Céu Claro";"Múltipla";"Curva";"Não";2;0;0;0;0;2;0;2;-27,67940471;-48,7040019;"SPRF-SC";"DEL01-SC";"UOP02-DEL01-SC"
658722;2025-02-01;"sábado";"21:50:00";"RO";364;337;"JI-PARANA";"Conversão proibida";"Colisão traseira";"Com Vítimas Feridas";"Plena Noite";"Crescente";"Céu Claro";"Simples";"Interseção de Vias;Reta";"Não";2;0;1;0;1;0;1;2;-10,92164039;-61,92993164;"SPRF-RO";"DEL02-RO";"UOP01-DEL02-RO"
658723;2025-02-01;"sábado";"21:10:00";"RJ";101;73,5;"CAMPOS DOS GOYTACAZES";"Animais na Pista";"Atropelamento de Animal";"Com Vítimas Feridas";"Plena Noite";"Decrescente";"Céu Claro";"Simples";"Reta";"Sim";1;0;1;0;0;0;1;1;-21,798874;-41,393955;"SPRF-RJ";"DEL08-RJ";"UOP02-DEL08-RJ"
658724;2025-02-01;"sábado";"23:45:00";"SC";470;63;"INDAIAL";"Acessar a via sem observar a presença dos outros veículos";"Colisão transversal";"Com Vítimas Feridas";"Plena Noite";"Crescente";"Nublado";"Dupla";"Reta";"Não";2;0;0;1;1;0;1;2;-26,872396;-49,19228;"SPRF-SC";"DEL04-SC";"UOP01-DEL04-SC"
658725;2025-02-01;"sábado";"23:40:00";"MA";316;552;"CAXIAS";"Velocidade Incompatível";"Colisão com objeto";"Com Vítimas Feridas";"Plena Noite";"Decrescente";"Céu Claro";"Dupla";"Reta";"Sim";4;0;1;1;1;1;2;3;-4,882649;-43,345581;"SPRF-MA";"DEL03-MA";"UOP02-DEL03-MA"
658728;2025-02-02;"domingo";"01:25:00";"DF";60;18;"BRASILIA";"Condutor Dormindo";"Saída de leito carroçável";"Com Vítimas Feridas";"Plena Noite";"Crescente";"Céu Claro";"Dupla";"Reta";"Não";1;0;1;0;0;0;1;1;-15,967793;-48,183559;"SPRF-DF";"DEL03-DF";"UOP01-DEL03-DF"
658729;2025-02-02;"domingo";"01:50:00";"SE";101;92;"NOSSA SENHORA DO SOCORRO";"Ausência de reação do condutor";"Colisão com objeto";"Com Vítimas Feridas";"Plena Noite";"Crescente";"Céu Claro";"Dupla";"Curva;Retorno Regulamentado";"Sim";1;0;1;0;0;0;1;1;-10,90169474;-37,13619222;"SPRF-SE";"DEL01-SE";"UOP01-DEL01-SE"
658730;2025-02-02;"domingo";"01:10:00";"BA";415;49;"ITABUNA";"Ingestão de álcool pelo condutor";"Colisão traseira";"Sem Vítimas";"Plena Noite";"Decrescente";"Céu Claro";"Simples";"Reta";"Não";4;0;0;0;4;0;0;2;-14,81574494;-39,29612388;"SPRF-BA";"DEL05-BA";"UOP01-DEL05-BA"
658731;2025-02-02;"domingo";"00:50:00";"GO";153;699;"ITUMBIARA";"Velocidade Incompatível";"Saída de leito carroçável";"Sem Vítimas";"Plena Noite";"Crescente";"Chuva";"Simples";"Reta";"Sim";1;0;0;0;0;1;0;1;-18,3862;-49,2076;"SPRF-GO";"DEL03-GO";"UOP02-DEL03-GO"
658732;2025-02-02;"domingo";"01:50:00";"MG";40;571;"ITABIRITO";"Pedestre andava na pista";"Atropelamento de Pedestre";"Com Vítimas Fatais";"Plena Noite";"Decrescente";"Nublado";"Simples";"Reta;Declive";"Sim";2;1;0;0;1;0;0;2;-20,22179201;-43,97116103;"SPRF-MG";"DEL01-MG";"UOP02-DEL01-MG"
658733;2025-02-02;"domingo";"01:00:00";"MA";135;22;"SAO LUIS";"Reação tardia ou ineficiente do condutor";"Colisão traseira";"Com Vítimas Feridas";"Plena Noite";"Decrescente";"Garoa/Chuvisco";"Dupla";"Reta";"Sim";4;0;1;0;3;0;1;2;-2,53073;-44,3068;"SPRF-MA";"DEL01-MA";"UOP01-DEL01-MA"
658734;2025-02-02;"domingo";"03:05:00";"GO";153;506;"APARECIDA DE GOIANIA";"Suicídio (presumido)";"Queda de ocupante de veículo";"Com Vítimas Feridas";"Plena Noite";"Crescente";"Nublado";"Dupla";"Reta";"Sim";2;0;0;1;1;0;1;1;-16,7633;-49,24;"SPRF-GO";"DEL01-GO";"UOP01-DEL01-GO"
658735;2025-02-02;"domingo";"01:37:00";"MG";381;691,5;"LAVRAS";"Animais na Pista";"Atropelamento de Animal";"Com Vítimas Feridas";"Plena Noite";"Crescente";"Ignorado";"Dupla";"Reta";"Não";2;0;1;0;1;0;1;1;-21,24242696;-45,13576519;"SPRF-MG";"DEL04-MG";"UOP02-DEL04-MG"
658736;2025-02-02;"domingo";"02:24:00";"SP";116;142,9;"SAO JOSE DOS CAMPOS";"Condutor Dormindo";"Saída de leito carroçável";"Sem Vítimas";"Plena Noite";"Decrescente";"Nublado";"Dupla";"Reta";"Sim";1;0;0;0;1;0;0;1;-23,17426078;-45,82940111;"SPRF-SP";"DEL02-SP";"UOP01-DEL02-SP"
658737;2025-02-02;"domingo";"02:00:00";"MS";163;519,8;"JARAGUARI";"Condutor Dormindo";"Capotamento";"Com Vítimas Feridas";"Plena Noite";"Crescente";"Céu Claro";"Dupla";"Reta";"Não";2;0;2;0;0;0;2;1;-20,16993505;-54,4490649;"SPRF-MS";"DEL01-MS";"UOP02-DEL01-MS"
658738;2025-02-02;"domingo";"03:30:00";"MG";116;768;"LEOPOLDINA";"Condutor Dormindo";"Saída de leito carroçável";"Sem Vítimas";"Plena Noite";"Crescente";"Céu Claro";"Simples";"Reta";"Sim";1;0;0;0;1;0;0;1;-21,54357124;-42,65688182;"SPRF-MG";"DEL07-MG";"UOP01-DEL07-MG"
658739;2025-02-02;"domingo";"03:15:00";"SC";282;514,7;"XAXIM";"Reação tardia ou ineficiente do condutor";"Saída de leito carroçável";"Sem Vítimas";"Plena Noite";"Crescente";"Céu Claro";"Simples";"Curva";"Não";1;0;0;0;1;0;0;1;-26,930862;-52,499157;"SPRF-SC";"DEL07-SC";"UOP01-DEL07-SC"
658741;2025-02-02;"domingo";"03:50:00";"MG";40;774,8;"JUIZ DE FORA";"Ausência de reação do condutor";"Saída de leito carroçável";"Com Vítimas Feridas";"Plena Noite";"Crescente";"Nublado";"Dupla";"Curva";"Não";2;0;2;0;0;0;2;1;-21,659983;-43,433757;"SPRF-MG";"DEL05-MG";"UOP01-DEL05-MG"
658744;2025-02-02;"domingo";"04:50:00";"PE";232;249,6;"ARCOVERDE";"Ausência de reação do condutor";"Capotamento";"Com Vítimas Feridas";"Amanhecer";"Crescente";"Vento";"Simples";"Reta";"Não";4;0;2;0;1;1;2;1;-8,42322358;-37,04374191;"SPRF-PE";"DEL04-PE";"UOP02-DEL04-PE"
658745;2025-02-02;"domingo";"04:40:00";"RS";392;684,5;"ROQUE GONZALES";"Manobra de mudança de faixa";"Colisão frontal";"Com Vítimas Fatais";"Plena Noite";"Decrescente";"Céu Claro";"Simples";"Reta";"Não";3;1;0;1;0;1;1;3;-28,12237715;-54,93986501;"SPRF-RS";"DEL10-RS";"UOP01-DEL10-RS"
658746;2025-02-02;"domingo";"02:25:00";"BA";324;618;"SALVADOR";"Ingestão de álcool pelo condutor";"Colisão frontal";"Com Vítimas Fatais";"Plena Noite";"Decrescente";"Céu Claro";"Múltipla";"Reta";"Sim";5;1;1;0;1;2;1;5;-12,899641;-38,451049;"SPRF-BA";"DEL01-BA";"UOP01-DEL01-BA"
658747;2025-02-02;"domingo";"05:00:00";"ES";101;262,4;"SERRA";"Ausência de reação do condutor";"Colisão com objeto";"Com Vítimas Feridas";"Amanhecer";"Crescente";"Sol";"Dupla";"Reta";"Sim";2;0;1;0;1;0;1;1;-20,1572331;-40,27678329;"SPRF-ES";"DEL02-ES";"UOP01-DEL02-ES"
658748;2025-02-01;"sábado";"19:30:00";"RJ";116;295;"BARRA MANSA";"Chuva";"Capotamento";"Com Vítimas Feridas";"Plena Noite";"Decrescente";"Chuva";"Dupla";"Reta";"Não";1;0;0;1;0;0;1;1;-22,45013044;-44,3107408;"SPRF-RJ";"DEL07-RJ";"UOP02-DEL07-RJ"
658749;2025-02-02;"domingo";"04:20:00";"PR";373;241,5;"GUAMIRANGA";"Ausência de reação do condutor";"Saída de leito carroçável";"Com Vítimas Feridas";"Plena Noite";"Decrescente";"Nublado";"Simples";"Reta";"Não";2;0;1;0;1;0;1;1;-25,19760594;-50,767904;"SPRF-PR";"DEL03-PR";"UOP01-DEL03-PR"
658750;2025-02-01;"sábado";"22:25:00";"SC";163;1,2;"DIONISIO CERQUEIRA";"Velocidade Incompatível";"Tombamento";"Sem Vítimas";"Plena Noite";"Decrescente";"Céu Claro";"Simples";"Interseção de Vias;Rotatória";"Sim";1;0;0;0;1;0;0;1;-26,26675538;-53,62625778;"SPRF-SC";"DEL07-SC";"UOP03-DEL07-SC"
658751;2025-02-02;"domingo";"05:20:00";"TO";153;340;"GUARAI";"Ausência de reação do condutor";"Colisão traseira";"Com Vítimas Fatais";"Amanhecer";"Crescente";"Nublado";"Simples";"Reta";"Não";2;1;0;0;1;0;0;2;-8,890417;-48,50889702;"SPRF-TO";"DEL02-TO";"UOP02-DEL02-TO"
658752;2025-02-02;"domingo";"05:40:00";"SE";101;171,7;"SANTA LUZIA DO ITANHY";"Acessar a via sem observar a presença dos outros veículos";"Colisão transversal";"Com Vítimas Feridas";"Pleno dia";"Decrescente";"Nublado";"Simples";"Reta";"Não";4;0;0;2;2;0;2;2;-11,33329259;-37,58386374;"SPRF-SE";"DEL02-SE";"UOP01-DEL02-SE"
658753;2025-02-02;"domingo";"05:45:00";"RS";386;272,8;"FONTOURA XAVIER";"Ausência de reação do condutor";"Saída de leito carroçável";"Sem Vítimas";"Amanhecer";"Decrescente";"Céu Claro";"Simples";"Declive;Reta";"Não";1;0;0;0;0;1;0;1;-28,98914;-52,366314;"SPRF-RS";"DEL04-RS";"UOP03-DEL04-RS"
658754;2025-02-02;"domingo";"05:30:00";"MG";116;741,1;"LEOPOLDINA";"Demais falhas mecânicas ou elétricas";"Colisão com objeto";"Sem Vítimas";"Plena Noite";"Crescente";"Céu Claro";"Simples";"Reta;Declive";"Não";1;0;0;0;0;1;0;1;-21,39943786;-42,49496925;"SPRF-MG";"DEL07-MG";"UOP01-DEL07-MG"
658755;2025-02-02;"domingo";"05:40:00";"MG";40;472,4;"SETE LAGOAS";"Pista esburacada";"Colisão com objeto";"Com Vítimas Feridas";"Amanhecer";"Crescente";"Nublado";"Dupla";"Reta";"Não";1;0;1;0;0;0;1;1;-19,483338;-44,28245;"SPRF-MG";"DEL02-MG";"UOP01-DEL02-MG"
658757;2025-02-02;"domingo";"04:50:00";"CE";222;124,3;"ITAPAJE";"Transitar na contramão";"Colisão frontal";"Com Vítimas Fatais";"Plena Noite";"Crescente";"Céu Claro";"Simples";"Curva";"Sim";2;1;1;0;0;0;1;2;-3,71506803;-39,56689605;"SPRF-CE";"DEL04-CE";"UOP03-DEL04-CE"
658759;2025-02-02;"domingo";"05:40:00";"RS";392;56;"RIO GRANDE";"Ausência de reação do condutor";"Colisão com objeto";"Com Vítimas Feridas";"Amanhecer";"Crescente";"Céu Claro";"Dupla";"Reta;Ponte";"Não";4;0;2;0;2;0;2;1;-31,8205679;-52,3256513;"SPRF-RS";"DEL07-RS";"UOP02-DEL07-RS"
658760;2025-02-02;"domingo";"06:30:00";"PB";101;88;"JOAO PESSOA";"Reação tardia ou ineficiente do condutor";"Tombamento";"Com Vítimas Feridas";"Pleno dia";"Decrescente";"Céu Claro";"Dupla";"Declive";"Sim";1;0;0;1;0;0;1;1;-7,16470016;-34,89993643;"SPRF-PB";"DEL01-PB";"UOP01-DEL01-PB"
658762;2025-02-02;"domingo";"04:00:00";"GO";60;104,8;"GOIANAPOLIS";"Ausência de reação do condutor";"Saída de leito carroçável";"Sem Vítimas";"Plena Noite";"Crescente";"Nublado";"Dupla";"Reta";"Não";1;0;0;0;0;1;0;1;-16,4118;-49,0004;"SPRF-GO";"DEL02-GO";"UOP01-DEL02-GO"
658763;2025-02-02;"domingo";"05:00:00";"RN";427;97,3;"CAICO";"Ausência de reação do condutor";"Colisão com objeto";"Com Vítimas Fatais";"Amanhecer";"Decrescente";"Céu Claro";"Dupla";"Interseção de Vias";"Não";1;1;0;0;0;0;0;1;-6,45622894;-37,05506444;"SPRF-RN";"DEL03-RN";"UOP01-DEL03-RN"
658764;2025-02-02;"domingo";"05:40:00";"MA";316;551;"CAXIAS";"Avarias e/ou desgaste excessivo no pneu";"Saída de leito carroçável";"Com Vítimas Feridas";"Amanhecer";"Crescente";"Céu Claro";"Simples";"Reta";"Não";3;0;2;1;0;0;3;1;-4,886332;-43,353386;"SPRF-MA";"DEL03-MA";"UOP02-DEL03-MA"
658765;2025-02-02;"domingo";"06:15:00";"PE";101;46;"IGARASSU";"Condutor deixou de manter distância do veículo da frente";"Colisão traseira";"Sem Vítimas";"Pleno dia";"Crescente";"Céu Claro";"Múltipla";"Reta";"Sim";2;0;0;0;1;1;0;2;-7,87406004;-34,90588126;"SPRF-PE";"DEL01-PE";"UOP02-DEL01-PE"
658766;2025-02-02;"domingo";"04:00:00";"BA";110;233;"OLINDINA";"Animais na Pista";"Atropelamento de Animal";"Com Vítimas Feridas";"Plena Noite";"Decrescente";"Céu Claro";"Simples";"Reta";"Não";1;0;1;0;0;0;1;1;-11,33728269;-38,35441969;"SPRF-BA";"DEL01-BA";"UOP04-DEL01-BA"
658769;2025-02-02;"domingo";"07:25:00";"SC";101;190,7;"BIGUACU";"Mal súbito do condutor";"Colisão com objeto";"Com Vítimas Feridas";"Pleno dia";"Crescente";"Nublado";"Dupla";"Reta";"Sim";1;0;1;0;0;0;1;1;-27,468056;-48,641712;"SPRF-SC";"DEL01-SC";"UOP01-DEL01-SC"
658770;2025-02-02;"domingo";"04:20:00";"PR";153;306;"IMBITUVA";"Velocidade Incompatível";"Saída de leito carroçável";"Com Vítimas Feridas";"Plena Noite";"Crescente";"Nublado";"Simples";"Reta";"Não";2;0;1;0;0;1;1;1;-25,25766;-50,640564;"SPRF-PR";"DEL08-PR";"UOP02-DEL08-PR"