"id";"data_inversa";"dia_semana";"horario";"uf";"br";"km";"municipio";"causa_acidente";"tipo_acidente";"classificacao_acidente";"fase_dia";"sentido_via";"condicao_metereologica";"tipo_pista";"tracado_via";"uso_solo";"pessoas";"mortos";"feridos_leves";"feridos_graves";"ilesos";"ignorados";"feridos";"veiculos";"latitude";"longitude";"regional";"delegacia";"uop"
658872;2025-02-02;"domingo";"18:30:00";"PR";369;164,2;"CAMBE";"Ingestão de álcool pelo condutor";"Colisão lateral mesmo sentido";"Sem Vítimas";"Pleno dia";"Decrescente";"Nublado";"Dupla";"Reta;Declive";"Não";5;0;0;0;5;0;0;2;-23,295312;-51,289196;"SPRF-PR";"DEL07-PR";"UOP01-DEL07-PR"
658873;2025-02-02;"domingo";"18:15:00";"PB";230;188,8;"POCINHOS";"Demais falhas mecânicas ou elétricas";"Tombamento";"Com Vítimas Feridas";"Plena Noite";"Decrescente";"Ignorado";"Simples";"Reta;Declive";"Não";2;0;1;0;1;0;1;1;-7,1435;-36,1364;"SPRF-PB";"DEL02-PB";"UOP02-DEL02-PB"
658874;2025-02-02;"domingo";"19:16:00";"PE";101;44;"IGARASSU";"Manobra de mudança de faixa";"Colisão lateral mesmo sentido";"Sem Vítimas";"Plena Noite";"Decrescente";"Céu Claro";"Dupla";"Reta";"Sim";2;0;0;0;2;0;0;2;-7,85637001;-34,90842109;"SPRF-PE";"DEL01-PE";"UOP02-DEL01-PE"
658876;2025-02-02;"domingo";"18:00:00";"PR";373;248;"GUAMIRANGA";"Acessar a via sem observar a presença dos outros veículos";"Colisão lateral mesmo sentido";"Com Vítimas Feridas";"Anoitecer";"Decrescente";"Céu Claro";"Simples";"Declive;Reta";"Não";4;0;1;0;3;0;1;2;-25,19042059;-50,83313898;"SPRF-PR";"DEL03-PR";"UOP01-DEL03-PR"
658878;2025-02-02;"domingo";"20:00:00";"GO";60;80,7;"ANAPOLIS";"Ingestão de álcool pelo condutor";"Colisão lateral mesmo sentido";"Com Vítimas Feridas";"Plena Noite";"Crescente";"Nublado";"Dupla";"Aclive;Reta";"Não";4;0;2;1;0;1;3;3;-16,3053;-48,8208;"SPRF-GO";"DEL02-GO";"UOP01-DEL02-GO"
658879;2025-02-02;"domingo";"20:00:00";"CE";116;17,7;"EUSEBIO";"Reação tardia ou ineficiente do condutor";"Colisão com objeto";"Com Vítimas Feridas";"Plena Noite";"Decrescente";"Céu Claro";"Dupla";"Aclive";"Sim";1;0;0;1;0;0;1;1;-3,89957854;-38,5037756;"SPRF-CE";"DEL01-CE";"UOP02-DEL01-CE"
658880;2025-02-02;"domingo";"19:50:00";"SC";101;208,1;"SAO JOSE";"Ingestão de álcool pelo condutor";"Colisão transversal";"Com Vítimas Feridas";"Plena Noite";"Decrescente";"Céu Claro";"Simples";"Reta;Interseção de Vias";"Sim";2;0;1;0;1;0;1;2;-27,60327979;-48,63201818;"SPRF-SC";"DEL01-SC";"UOP01-DEL01-SC"
658881;2025-02-02;"domingo";"19:00:00";"PE";104;122;"PANELAS";"Transitar na contramão";"Colisão lateral sentido oposto";"Sem Vítimas";"Plena Noite";"Crescente";"Céu Claro";"Simples";"Reta";"Não";2;0;0;0;2;0;0;2;-8,715256;-36,026833;"SPRF-PE";"DEL02-PE";"UOP03-DEL02-PE"
658886;2025-02-02;"domingo";"16:15:00";"BA";420;251;"MUTUIPE";"Acessar a via sem observar a presença dos outros veículos";"Colisão transversal";"Com Vítimas Feridas";"Pleno dia";"Crescente";"Céu Claro";"Simples";"Declive";"Não";2;0;0;1;1;0;1;2;-13,21268032;-39,47833997;"SPRF-BA";"DEL01-BA";"UOP02-DEL01-BA"
658887;2025-02-02;"domingo";"19:17:00";"RS";293;170;"HULHA NEGRA";"Ingestão de álcool pelo condutor";"Saída de leito carroçável";"Com Vítimas Feridas";"Pleno dia";"Crescente";"Céu Claro";"Simples";"Reta;Aclive";"Não";2;0;0;1;1;0;1;1;-31,34327723;-53,95664424;"SPRF-RS";"DEL11-RS";"UOP03-DEL11-RS"
658888;2025-02-02;"domingo";"14:50:00";"MG";116;489,1;"INHAPIM";"Ausência de reação do condutor";"Saída de leito carroçável";"Com Vítimas Feridas";"Pleno dia";"Decrescente";"Sol";"Simples";"Reta";"Não";1;0;1;0;0;0;1;1;-19,46771319;-42,13403065;"SPRF-MG";"DEL06-MG";"UOP02-DEL06-MG"
658889;2025-02-02;"domingo";"12:00:00";"RN";304;31;"MOSSORO";"Ausência de reação do condutor";"Tombamento";"Com Vítimas Feridas";"Pleno dia";"Crescente";"Céu Claro";"Simples";"Reta";"Não";1;0;0;1;0;0;1;1;-5,12587296;-37,34293919;"SPRF-RN";"DEL04-RN";"UOP02-DEL04-RN"
658890;2025-02-02;"domingo";"18:45:00";"SC";282;585;"PINHALZINHO";"Acessar a via sem observar a presença dos outros veículos";"Colisão transversal";"Com Vítimas Feridas";"Anoitecer";"Decrescente";"Céu Claro";"Simples";"Reta";"Não";4;0;1;0;2;1;1;2;-26,830591;-53,025528;"SPRF-SC";"DEL07-SC";"UOP02-DEL07-SC"
658892;2025-02-02;"domingo";"16:00:00";"BA";101;250;"SANTO ANTONIO DE JESUS";"Acessar a via sem observar a presença dos outros veículos";"Colisão transversal";"Com Vítimas Feridas";"Pleno dia";"Decrescente";"Céu Claro";"Simples";"Declive";"Não";2;0;0;1;1;0;1;2;-12,984957;-39,291156;"SPRF-BA";"DEL01-BA";"UOP02-DEL01-BA"
658894;2025-02-02;"domingo";"19:45:00";"RS";386;261,4;"FONTOURA XAVIER";"Ultrapassagem Indevida";"Colisão frontal";"Com Vítimas Feridas";"Anoitecer";"Crescente";"Céu Claro";"Simples";"Reta;Em Obras";"Não";7;0;3;1;3;0;4;3;-28,892323;-52,40966;"SPRF-RS";"DEL04-RS";"UOP03-DEL04-RS"
658896;2025-02-02;"domingo";"20:00:00";"SC";101;75,2;"ARAQUARI";"Condutor deixou de manter distância do veículo da frente";"Colisão traseira";"Com Vítimas Feridas";"Plena Noite";"Decrescente";"Nublado";"Múltipla";"Interseção de Vias";"Não";1;0;1;0;0;0;1;1;-26,54446209;-48,71214452;"SPRF-SC";"DEL03-SC";"UOP02-DEL03-SC"
658898;2025-02-02;"domingo";"20:40:00";"RS";290;86;"PORTO ALEGRE";"Reação tardia ou ineficiente do condutor";"Capotamento";"Com Vítimas Feridas";"Plena Noite";"Crescente";"Céu Claro";"Dupla";"Reta";"Sim";4;0;1;0;3;0;1;1;-29,968412;-51,117138;"SPRF-RS";"DEL01-RS";"UOP01-DEL01-RS"
658900;2025-02-02;"domingo";"20:20:00";"PR";376;5;"APUCARANA";"Ingestão de álcool pelo condutor";"Colisão frontal";"Com Vítimas Feridas";"Plena Noite";"Crescente";"Céu Claro";"Simples";"Reta";"Não";2;0;0;1;1;0;1;2;-23,54779668;-51,4512723;"SPRF-PR";"DEL07-PR";"UOP03-DEL07-PR"
658901;2025-02-02;"domingo";"17:15:00";"PR";153;68,4;"CONSELHEIRO MAIRINCK";"Acessar a via sem observar a presença dos outros veículos";"Colisão transversal";"Com Vítimas Feridas";"Pleno dia";"Crescente";"Céu Claro";"Simples";"Interseção de Vias";"Não";4;0;2;0;1;1;2;2;-23,51110782;-50,11259079;"SPRF-PR";"DEL07-PR";"UOP04-DEL07-PR"
658902;2025-02-02;"domingo";"16:20:00";"MG";381;732,5;"CARMO DA CACHOEIRA";"Chuva";"Colisão com objeto";"Com Vítimas Feridas";"Pleno dia";"Decrescente";"Garoa/Chuvisco";"Dupla";"Curva";"Não";2;0;1;0;1;0;1;1;-21,55413799;-45,24499427;"SPRF-MG";"DEL16-MG";"UOP02-DEL16-MG"
658903;2025-02-02;"domingo";"18:20:00";"MG";381;732,5;"CARMO DA CACHOEIRA";"Reação tardia ou ineficiente do condutor";"Colisão com objeto";"Com Vítimas Feridas";"Pleno dia";"Decrescente";"Garoa/Chuvisco";"Dupla";"Curva";"Não";2;0;1;0;1;0;1;1;-21,55413799;-45,24499427;"SPRF-MG";"DEL16-MG";"UOP02-DEL16-MG"
658904;2025-02-02;"domingo";"21:00:00";"MG";153;231,7;"FRONTEIRA";"Pista esburacada";"Tombamento";"Com Vítimas Feridas";"Plena Noite";"Crescente";"Nublado";"Simples";"Reta";"Não";2;0;0;2;0;0;2;1;-20,23980467;-49,16101941;"SPRF-MG";"DEL13-MG";"UOP02-DEL13-MG"
658905;2025-02-02;"domingo";"19:35:00";"MG";459;31,3;"CALDAS";"Avarias e/ou desgaste excessivo no pneu";"Colisão com objeto";"Com Vítimas Feridas";"Plena Noite";"Crescente";"Chuva";"Simples";"Aclive;Curva";"Não";2;0;1;1;0;0;2;1;-21,91974;-46,377429;"SPRF-MG";"DEL09-MG";"UOP01-DEL09-MG"
658906;2025-02-02;"domingo";"20:50:00";"RN";101;79,5;"NATAL";"Ingestão de álcool pelo condutor";"Colisão transversal";"Com Vítimas Feridas";"Plena Noite";"Decrescente";"Céu Claro";"Dupla";"Reta";"Sim";3;0;3;0;0;0;3;2;-5,74962896;-35,28918369;"SPRF-RN";"DEL02-RN";"UOP01-DEL02-RN"
658908;2025-02-02;"domingo";"19:50:00";"RJ";40;84;"PETROPOLIS";"Pedestre andava na pista";"Atropelamento de Pedestre";"Com Vítimas Feridas";"Plena Noite";"Crescente";"Céu Claro";"Dupla";"Curva;Declive";"Sim";3;0;1;0;2;0;1;2;-22,52145512;-43,23707996;"SPRF-RJ";"DEL01-RJ";"UOP01-DEL01-RJ"
658910;2025-02-02;"domingo";"20:30:00";"BA";101;690;"EUNAPOLIS";"Demais falhas mecânicas ou elétricas";"Tombamento";"Com Vítimas Feridas";"Plena Noite";"Crescente";"Céu Claro";"Simples";"Curva";"Não";2;0;2;0;0;0;2;1;-16,33255702;-39,58174321;"SPRF-BA";"DEL09-BA";"UOP03-DEL09-BA"
658911;2025-02-02;"domingo";"18:45:00";"MS";163;270,4;"DOURADOS";"Desrespeitar a preferência no cruzamento";"Colisão lateral mesmo sentido";"Com Vítimas Feridas";"Plena Noite";"Decrescente";"Céu Claro";"Dupla";"Rotatória";"Não";2;0;1;0;1;0;1;2;-22,19173633;-54,68873978;"SPRF-MS";"DEL04-MS";"UOP01-DEL04-MS"
658912;2025-02-02;"domingo";"19:00:00";"RO";364;702;"PORTO VELHO";"Acessar a via sem observar a presença dos outros veículos";"Colisão transversal";"Sem Vítimas";"Plena Noite";"Crescente";"Céu Claro";"Dupla";"Retorno Regulamentado";"Não";2;0;0;0;2;0;0;2;-8,80030356;-63,79692078;"SPRF-RO";"DEL01-RO";"UOP01-DEL01-RO"
658913;2025-02-02;"domingo";"18:40:00";"RJ";101;517;"ANGRA DOS REIS";"Chuva";"Colisão com objeto";"Com Vítimas Feridas";"Plena Noite";"Crescente";"Chuva";"Simples";"Curva";"Não";3;0;3;0;0;0;3;1;-22,99712334;-44,44431803;"SPRF-RJ";"DEL03-RJ";"UOP03-DEL03-RJ"
658915;2025-02-02;"domingo";"21:40:00";"SC";101;224;"PALHOCA";"Condutor deixou de manter distância do veículo da frente";"Colisão traseira";"Sem Vítimas";"Plena Noite";"Decrescente";"Chuva";"Dupla";"Reta";"Não";2;0;0;0;2;0;0;2;-27,72384789;-48,64386769;"SPRF-SC";"DEL01-SC";"UOP02-DEL01-SC"
658916;2025-02-02;"domingo";"19:20:00";"PE";232;102;"BEZERROS";"Reação tardia ou ineficiente do condutor";"Queda de ocupante de veículo";"Com Vítimas Feridas";"Plena Noite";"Decrescente";"Garoa/Chuvisco";"Dupla";"Reta";"Sim";2;0;2;0;0;0;2;1;-8,250975;-35,763835;"SPRF-PE";"DEL02-PE";"UOP02-DEL02PE"
658918;2025-02-02;"domingo";"21:32:00";"DF";251;5,9;"BRASILIA";"Reação tardia ou ineficiente do condutor";"Saída de leito carroçável";"Com Vítimas Feridas";"Plena Noite";"Crescente";"Nublado";"Simples";"Retorno Regulamentado;Curva";"Não";1;0;1;0;0;0;1;1;-16,007332;-47,552052;"SPRF-DF";"DEL01-DF";"UOP01-DEL01-DF"
658919;2025-02-02;"domingo";"21:00:00";"SP";116;401;"MIRACATU";"Chuva";"Saída de leito carroçável";"Sem Vítimas";"Plena Noite";"Decrescente";"Chuva";"Dupla";"Retorno Regulamentado;Reta";"Não";1;0;0;0;1;0;0;1;-24,31051469;-47,50995275;"SPRF-SP";"DEL04-SP";"UOP02-DEL04-SP"
658920;2025-02-02;"domingo";"21:26:00";"MG";40;43;"PARACATU";"Ausência de reação do condutor";"Tombamento";"Com Vítimas Feridas";"Plena Noite";"Crescente";"Garoa/Chuvisco";"Simples";"Reta;Declive";"Não";1;0;1;0;0;0;1;1;-17,22598002;-46,86163701;"SPRF-MG";"DEL14-MG";"UOP01-DEL14-MG"
658922;2025-02-02;"domingo";"19:30:00";"RJ";116;245,6;"PIRAI";"Reação tardia ou ineficiente do condutor";"Queda de ocupante de veículo";"Com Vítimas Feridas";"Plena Noite";"Decrescente";"Céu Claro";"Múltipla";"Curva";"Não";2;0;1;0;1;0;1;1;-22,62040692;-43,92593694;"SPRF-RJ";"DEL07-RJ";"UOP01-DEL07-RJ"
658924;2025-02-02;"domingo";"20:40:00";"PR";116;114;"CURITIBA";"Reação tardia ou ineficiente do condutor";"Saída de leito carroçável";"Sem Vítimas";"Plena Noite";"Crescente";"Nublado";"Múltipla";"Reta";"Sim";1;0;0;0;1;0;0;1;-25,54547816;-49,2971617;"SPRF-PR";"DEL01-PR";"UOP03-DEL01-PR"
658925;2025-02-02;"domingo";"21:00:00";"PR";116;119;"CURITIBA";"Ausência de reação do condutor";"Colisão com objeto";"Sem Vítimas";"Anoitecer";"Decrescente";"Céu Claro";"Dupla";"Reta";"Sim";1;0;0;0;1;0;0;1;-25,58312314;-49,31342125;"SPRF-PR";"DEL01-PR";"UOP03-DEL01-PR"
658926;2025-02-02;"domingo";"21:00:00";"MA";316;401,6;"ALTO ALEGRE DO MARANHAO";"Pedestre andava na pista";"Atropelamento de Pedestre";"Com Vítimas Feridas";"Plena Noite";"Crescente";"Chuva";"Simples";"Reta";"Sim";8;0;0;2;6;0;2;3;-4,206411;-44,453041;"SPRF-MA";"DEL03-MA";"UOP01-DEL03-MA"
658927;2025-02-02;"domingo";"22:23:00";"SP";116;215;"GUARULHOS";"Ausência de reação do condutor";"Colisão lateral mesmo sentido";"Com Vítimas Feridas";"Plena Noite";"Decrescente";"Nublado";"Múltipla";"Reta";"Sim";4;0;1;0;3;0;1;2;-23,44695693;-46,45394103;"SPRF-SP";"DEL01-SP";"UOP01-DEL01-SP"
658928;2025-02-02;"domingo";"19:45:00";"SC";470;56;"BLUMENAU";"Transitar na contramão";"Colisão transversal";"Sem Vítimas";"Plena Noite";"Crescente";"Céu Claro";"Dupla";"Desvio Temporário;Em Obras";"Sim";2;0;0;0;2;0;0;2;-26,87674;-49,127743;"SPRF-SC";"DEL04-SC";"UOP01-DEL04-SC"
658929;2025-02-02;"domingo";"22:20:00";"RN";304;301;"MACAIBA";"Demais falhas mecânicas ou elétricas";"Incêndio";"Sem Vítimas";"Plena Noite";"Crescente";"Céu Claro";"Múltipla";"Reta";"Sim";1;0;0;0;1;0;0;1;-5,87657067;-35,30647289;"SPRF-RN";"DEL01-RN";"UOP02-DEL01-RN"
658930;2025-02-02;"domingo";"22:40:00";"SC";101;204;"SAO JOSE";"Condutor deixou de manter distância do veículo da frente";"Colisão traseira";"Com Vítimas Feridas";"Plena Noite";"Decrescente";"Chuva";"Múltipla";"Reta";"Sim";2;0;1;0;1;0;1;2;-27,57413014;-48,61363083;"SPRF-SC";"DEL01-SC";"UOP01-DEL01-SC"
658933;2025-02-02;"domingo";"19:40:00";"MT";163;821;"SINOP";"Animais na Pista";"Atropelamento de Animal";"Com Vítimas Feridas";"Pleno dia";"Decrescente";"Chuva";"Simples";"Reta";"Sim";1;0;1;0;0;0;1;1;-11,97888544;-55,51707029;"SPRF-MT";"DEL06-MT";"UOP02-DEL06-MT"
658934;2025-02-02;"domingo";"23:10:00";"PR";116;115;"CURITIBA";"Suicídio (presumido)";"Colisão com objeto";"Com Vítimas Feridas";"Plena Noite";"Crescente";"Nublado";"Múltipla";"Reta";"Sim";1;0;1;0;0;0;1;1;-25,55953326;-49,26560414;"SPRF-PR";"DEL01-PR";"UOP03-DEL01-PR"
658935;2025-02-02;"domingo";"22:30:00";"ES";262;172;"IBATIBA";"Ingestão de álcool pelo condutor";"Colisão frontal";"Com Vítimas Feridas";"Plena Noite";"Decrescente";"Céu Claro";"Simples";"Reta";"Não";3;0;2;0;1;0;2;2;-20,26658734;-41,60261276;"SPRF-ES";"DEL01-ES";"UOP02-DEL01-ES"
658937;2025-02-02;"domingo";"22:50:00";"RJ";40;102;"DUQUE DE CAXIAS";"Reação tardia ou ineficiente do condutor";"Queda de ocupante de veículo";"Com Vítimas Feridas";"Plena Noite";"Decrescente";"Céu Claro";"Múltipla";"Interseção de Vias";"Sim";1;0;1;0;0;0;1;1;-22,61089297;-43,28656077;"SPRF-RJ";"DEL01-RJ";"UOP02-DEL01-RJ"
658938;2025-02-02;"domingo";"23:20:00";"PR";369;126;"JATAIZINHO";"Ingestão de álcool pelo condutor";"Colisão com objeto";"Sem Vítimas";"Plena Noite";"Decrescente";"Céu Claro";"Dupla";"Reta";"Não";1;0;0;0;0;1;0;1;-23,27954323;-50,95983201;"SPRF-PR";"DEL07-PR";"UOP05-DEL07-PR"
658939;2025-02-02;"domingo";"20:09:00";"GO";153;259,5;"SAO LUIZ DO NORTE";"Pedestre andava na pista";"Atropelamento de Pedestre";"Com Vítimas Fatais";"Pleno dia";"Decrescente";"Nublado";"Simples";"Aclive;Reta";"Não";2;1;0;0;1;0;0;2;-14,985942;-49,401287;"SPRF-GO";"DEL07-GO";"UOP02-DEL07-GO"
658940;2025-02-02;"domingo";"22:57:00";"PE";101;76,1;"RECIFE";"Condutor usando celular";"Colisão com objeto";"Com Vítimas Feridas";"Plena Noite";"Crescente";"Céu Claro";"Dupla";"Reta;Viaduto";"Sim";1;0;0;1;0;0;1;1;-8,11912757;-34,94326115;"SPRF-PE";"DEL01-PE";"UOP01-DEL01-PE"
658941;2025-02-02;"domingo";"22:10:00";"PB";230;368;"MALTA";"Animais na Pista";"Saída de leito carroçável";"Sem Vítimas";"Plena Noite";"Decrescente";"Céu Claro";"Simples";"Reta";"Sim";1;0;0;0;1;0;0;1;-6,9057;-37,5322;"SPRF-PB";"DEL03-PB";"UOP02-DEL03-PB"
658942;2025-02-02;"domingo";"21:40:00";"SP";381;85;"SAO PAULO";"Acesso irregular";"Atropelamento de Pedestre";"Com Vítimas Fatais";"Plena Noite";"Crescente";"Chuva";"Dupla";"Reta";"Sim";2;1;1;0;0;0;1;2;-23,449343;-46,56983501;"SPRF-SP";"DEL03-SP";"UOP01-DEL03-SP"
658943;2025-02-02;"domingo";"21:20:00";"RJ";101;556,9;"PARATY";"Velocidade Incompatível";"Saída de leito carroçável";"Com Vítimas Fatais";"Plena Noite";"Decrescente";"Chuva";"Simples";"Curva";"Não";1;1;0;0;0;0;0;1;-23,090766;-44,693993;"SPRF-RJ";"DEL03-RJ";"UOP04-DEL03-RJ"
658944;2025-02-02;"domingo";"23:30:00";"PA";10;213;"IPIXUNA DO PARA";"Manobra de mudança de faixa";"Colisão lateral sentido oposto";"Com Vítimas Feridas";"Plena Noite";"Crescente";"Nublado";"Simples";"Reta";"Não";3;0;1;1;1;0;2;2;-2,56547102;-47,49270611;"SPRF-PA";"DEL02-PA";"UOP01-DEL02-PA"
658945;2025-02-02;"domingo";"23:15:00";"GO";20;180;"ALVORADA DO NORTE";"Pedestre andava na pista";"Atropelamento de Pedestre";"Com Vítimas Feridas";"Plena Noite";"Crescente";"Nublado";"Simples";"Ponte;Reta";"Sim";2;0;1;0;0;1;1;2;-14,477743;-46,492165;"SPRF-DF";"DEL02-DF";"UOP03-DEL02-DF"
658946;2025-02-02;"domingo";"23:12:00";"PE";101;43;"IGARASSU";"Manobra de mudança de faixa";"Colisão traseira";"Com Vítimas Feridas";"Plena Noite";"Decrescente";"Céu Claro";"Dupla";"Reta";"Sim";3;0;1;0;1;1;1;2;-7,84753808;-34,90977038;"SPRF-PE";"DEL01-PE";"UOP02-DEL01-PE"
658947;2025-02-03;"segunda-feira";"00:10:00";"PB";230;161,7;"CAMPINA GRANDE";"Ingestão de álcool pelo condutor";"Saída de leito carroçável";"Com Vítimas Feridas";"Plena Noite";"Decrescente";"Céu Claro";"Simples";"Reta";"Sim";1;0;1;0;0;0;1;1;-7,23428718;-35,94197668;"SPRF-PB";"DEL02-PB";"UOP01-DEL02-PB"
658948;2025-02-02;"domingo";"15:50:00";"GO";80;126;"BARRO ALTO";"Velocidade Incompatível";"Saída de leito carroçável";"Com Vítimas Feridas";"Pleno dia";"Crescente";"Nublado";"Simples";"Retorno Regulamentado;Reta";"Não";1;0;1;0;0;0;1;1;-15,02209041;-48,89658451;"SPRF-GO";"DEL07-GO";"UOP02-DEL07-GO"
658949;2025-02-02;"domingo";"18:40:00";"MG";153;2;"ARAPORA";"Reação tardia ou ineficiente do condutor";"Colisão com objeto";"Com Vítimas Feridas";"Anoitecer";"Decrescente";"Chuva";"Dupla";"Retorno Regulamentado";"Sim";1;0;1;0;0;0;1;1;-18,4343521;-49,19082831;"SPRF-MG";"DEL15-MG";"UOP03-DEL15-MG"
658951;2025-02-02;"domingo";"21:54:00";"MT";364;357;"SANTO ANTONIO DO LEVERGER";"Reação tardia ou ineficiente do condutor";"Queda de ocupante de veículo";"Com Vítimas Feridas";"Plena Noite";"Crescente";"Céu Claro";"Dupla";"Declive;Curva";"Não";1;0;0;1;0;0;1;1;-15,78489984;-55,60855772;"SPRF-MT";"DEL05-MT";"UOP02-DEL05-MT"
658952;2025-02-02;"domingo";"17:48:00";"GO";80;123,5;"BARRO ALTO";"Ingestão de álcool pelo condutor";"Queda de ocupante de veículo";"Com Vítimas Feridas";"Pleno dia";"Crescente";"Nublado";"Simples";"Reta";"Não";1;0;1;0;0;0;1;1;-15,04455445;-48,88863444;"SPRF-GO";"DEL07-GO";"UOP02-DEL07-GO"
658953;2025-02-03;"segunda-feira";"00:43:00";"PB";230;17;"JOAO PESSOA";"Avarias e/ou desgaste excessivo no pneu";"Saída de leito carroçável";"Com Vítimas Feridas";"Plena Noite";"Crescente";"Céu Claro";"Dupla";"Reta";"Sim";1;0;0;1;0;0;1;1;-7,11987884;-34,84527111;"SPRF-PB";"DEL01-PB";"UOP01-DEL01-PB"
658954;2025-02-03;"segunda-feira";"01:44:00";"PI";343;13;"PARNAIBA";"Ingestão de álcool pelo condutor";"Colisão transversal";"Com Vítimas Feridas";"Plena Noite";"Decrescente";"Céu Claro";"Dupla";"Interseção de Vias";"Sim";3;0;2;0;1;0;2;2;-2,919029;-41,754124;"SPRF-PI";"DEL05-PI";"UOP01-DEL05-PI"
658956;2025-02-03;"segunda-feira";"00:35:00";"SC";101;69,5;"ARAQUARI";"Manobra de mudança de faixa";"Colisão lateral mesmo sentido";"Com Vítimas Feridas";"Plena Noite";"Crescente";"Nublado";"Dupla";"Reta";"Não";3;0;1;0;2;0;1;2;-26,50298009;-48,72814515;"SPRF-SC";"DEL03-SC";"UOP02-DEL03-SC"
658957;2025-02-03;"segunda-feira";"00:45:00";"SC";116;42,2;"ITAIOPOLIS";"Condutor Dormindo";"Saída de leito carroçável";"Sem Vítimas";"Plena Noite";"Crescente";"Nublado";"Simples";"Reta";"Não";1;0;0;0;1;0;0;1;-26,33771152;-50,07228395;"SPRF-SC";"DEL06-SC";"UOP01-DEL06-SC"
658960;2025-02-02;"domingo";"20:00:00";"BA";324;603;"SIMOES FILHO";"Condutor deixou de manter distância do veículo da frente";"Colisão traseira";"Com Vítimas Feridas";"Plena Noite";"Crescente";"Céu Claro";"Dupla";"Reta";"Sim";3;0;2;0;0;1;2;2;-12,77190917;-38,41991733;"SPRF-BA";"DEL01-BA";"UOP01-DEL01-BA"
658962;2025-02-03;"segunda-feira";"03:15:00";"RJ";40;109;"DUQUE DE CAXIAS";"Reação tardia ou ineficiente do condutor";"Queda de ocupante de veículo";"Com Vítimas Feridas";"Plena Noite";"Crescente";"Céu Claro";"Múltipla";"Reta";"Sim";1;0;1;0;0;0;1;1;-22,67374628;-43,28638368;"SPRF-RJ";"DEL01-RJ";"UOP02-DEL01-RJ"
658963;2025-02-03;"segunda-feira";"02:25:00";"RJ";116;148;"DUQUE DE CAXIAS";"Objeto estático sobre o leito carroçável";"Tombamento";"Com Vítimas Feridas";"Plena Noite";"Decrescente";"Céu Claro";"Dupla";"Reta";"Sim";1;0;1;0;0;0;1;1;-22,6723488;-43,28215398;"SPRF-RJ";"DEL01-RJ";"UOP02-DEL01-RJ"
658964;2025-02-03;"segunda-feira";"04:10:00";"RJ";116;191;"NOVA IGUACU";"Ausência de reação do condutor";"Colisão traseira";"Com Vítimas Feridas";"Amanhecer";"Crescente";"Céu Claro";"Simples";"Reta";"Não";4;0;1;1;2;0;2;2;-22,74421443;-43,509822;"SPRF-RJ";"DEL06-RJ";"UOP01-DEL06-RJ"
658965;2025-02-03;"segunda-feira";"02:00:00";"GO";70;12;"AGUAS LINDAS DE GOIAS";"Ingestão de álcool pelo condutor";"Colisão com objeto";"Com Vítimas Feridas";"Plena Noite";"Crescente";"Chuva";"Dupla";"Reta";"Sim";2;0;1;0;1;0;1;2;-15,74050371;-48,31075788;"SPRF-DF";"DEL03-DF";"UOP02-DEL03-DF"
658966;2025-02-03;"segunda-feira";"03:40:00";"RJ";116;184;"NOVA IGUACU";"Ausência de reação do condutor";"Colisão com objeto";"Sem Vítimas";"Plena Noite";"Decrescente";"Céu Claro";"Dupla";"Interseção de Vias";"Sim";1;0;0;0;0;1;0;1;-22,74647215;-43,44594311;"SPRF-RJ";"DEL06-RJ";"UOP01-DEL06-RJ"
658967;2025-02-03;"segunda-feira";"04:30:00";"DF";40;1;"BRASILIA";"Condutor Dormindo";"Saída de leito carroçável";"Com Vítimas Feridas";"Plena Noite";"Crescente";"Céu Claro";"Dupla";"Reta";"Sim";2;0;2;0;0;0;2;1;-15,985532;-47,987747;"SPRF-DF";"DEL01-DF";"UOP01-DEL01-DF"
658968;2025-02-03;"segunda-feira";"04:30:00";"BA";324;520;"FEIRA DE SANTANA";"Avarias e/ou desgaste excessivo no pneu";"Queda de ocupante de veículo";"Com Vítimas Feridas";"Amanhecer";"Decrescente";"Nublado";"Dupla";"Reta";"Não";2;0;0;2;0;0;2;1;-12,27376054;-38,93366564;"SPRF-BA";"DEL01-BA";"UOP03-DEL01-BA"
658969;2025-02-03;"segunda-feira";"05:00:00";"SC";101;436,7;"SOMBRIO";"Objeto estático sobre o leito carroçável";"Colisão com objeto";"Com Vítimas Feridas";"Amanhecer";"Decrescente";"Céu Claro";"Múltipla";"Aclive";"Sim";2;0;0;1;1;0;1;2;-29,12247345;-49,64481354;"SPRF-SC";"DEL02-SC";"UOP02-DEL02-SC"
658972;2025-02-03;"segunda-feira";"01:30:00";"PR";277;1;"PARANAGUA";"Ausência de reação do condutor";"Colisão com objeto";"Sem Vítimas";"Plena Noite";"Crescente";"Céu Claro";"Dupla";"Reta";"Sim";1;0;0;0;0;1;0;1;-25,5205;-48,5095;"SPRF-PR";"DEL01-PR";"UOP05-DEL01-PR"
658973;2025-02-03;"segunda-feira";"05:40:00";"BA";242;857;"BARREIRAS";"Deficiência do Sistema de Iluminação/Sinalização";"Colisão traseira";"Com Vítimas Feridas";"Amanhecer";"Crescente";"Céu Claro";"Simples";"Reta";"Não";2;0;0;1;1;0;1;2;-12,106;-45,315;"SPRF-BA";"DEL10-BA";"UOP01-DEL10-BA"