"id";"data_inversa";"dia_semana";"horario";"uf";"br";"km";"municipio";"causa_acidente";"tipo_acidente";"classificacao_acidente";"fase_dia";"sentido_via";"condicao_metereologica";"tipo_pista";"tracado_via";"uso_solo";"pessoas";"mortos";"feridos_leves";"feridos_graves";"ilesos";"ignorados";"feridos";"veiculos";"latitude";"longitude";"regional";"delegacia";"uop"
659095;2025-02-03;"segunda-feira";"17:32:00";"CE";116;19;"ITAITINGA";"Curva acentuada";"Tombamento";"Com Vítimas Feridas";"Anoitecer";"Crescente";"Céu Claro";"Dupla";"Curva";"Sim";2;0;2;0;0;0;2;1;-3,91384397;-38,50667231;"SPRF-CE";"DEL01-CE";"UOP02-DEL01-CE"
659096;2025-02-03;"segunda-feira";"17:30:00";"SP";116;86;"PINDAMONHANGABA";"Avarias e/ou desgaste excessivo no pneu";"Tombamento";"Com Vítimas Feridas";"Pleno dia";"Decrescente";"Nublado";"Dupla";"Reta";"Sim";2;0;0;1;1;0;1;1;-22,92639476;-45,35307511;"SPRF-SP";"DEL08-SP";"UOP01-DEL08-SP"
659097;2025-02-03;"segunda-feira";"17:34:00";"ES";101;63;"SAO MATEUS";"Condutor deixou de manter distância do veículo da frente";"Engavetamento";"Com Vítimas Feridas";"Pleno dia";"Crescente";"Céu Claro";"Simples";"Curva";"Não";5;0;1;0;3;1;1;3;-18,69830807;-39,86481056;"SPRF-ES";"DEL04-ES";"UOP02-DEL04-ES"
659098;2025-02-03;"segunda-feira";"13:44:00";"SC";280;128,4;"RIO NEGRINHO";"Conversão proibida";"Colisão lateral mesmo sentido";"Com Vítimas Feridas";"Pleno dia";"Decrescente";"Céu Claro";"Simples";"Reta;Declive";"Sim";2;0;1;0;1;0;1;2;-26,24458931;-49,51730132;"SPRF-SC";"DEL06-SC";"UOP03-DEL06-SC"
659099;2025-02-03;"segunda-feira";"17:30:00";"RS";386;247,2;"SOLEDADE";"Reação tardia ou ineficiente do condutor";"Colisão transversal";"Sem Vítimas";"Pleno dia";"Decrescente";"Céu Claro";"Simples";"Reta";"Sim";3;0;0;0;3;0;0;2;-28,813179;-52,493595;"SPRF-RS";"DEL04-RS";"UOP03-DEL04-RS"
659100;2025-01-30;"quinta-feira";"08:20:00";"DF";60;0;"BRASILIA";"Condutor deixou de manter distância do veículo da frente";"Colisão traseira";"Sem Vítimas";"Pleno dia";"Decrescente";"Chuva";"Dupla";"Reta";"Sim";5;0;0;0;5;0;0;2;-15,882499;-48,060212;"SPRF-DF";"DEL03-DF";"UOP01-DEL03-DF"
659102;2025-02-03;"segunda-feira";"17:45:00";"RN";226;175,8;"CURRAIS NOVOS";"Reação tardia ou ineficiente do condutor";"Colisão lateral mesmo sentido";"Com Vítimas Feridas";"Anoitecer";"Crescente";"Ignorado";"Dupla";"Interseção de Vias;Rotatória";"Sim";3;0;1;0;2;0;1;2;-6,257745;-36,510166;"SPRF-RN";"DEL03-RN";"UOP02-DEL03-RN"
659103;2025-02-03;"segunda-feira";"15:50:00";"MT";70;1,9;"BARRA DO GARCAS";"Reação tardia ou ineficiente do condutor";"Colisão transversal";"Com Vítimas Feridas";"Pleno dia";"Decrescente";"Sol";"Simples";"Reta";"Sim";2;0;1;0;1;0;1;2;-15,89164596;-52,26202884;"SPRF-MT";"DEL07-MT";"UOP01-DEL07-MT"
659105;2025-02-03;"segunda-feira";"15:40:00";"MG";50;147,2;"UBERABA";"Chuva";"Colisão com objeto";"Com Vítimas Feridas";"Pleno dia";"Crescente";"Chuva";"Dupla";"Reta";"Não";1;0;1;0;0;0;1;1;-19,53934;-48,036998;"SPRF-MG";"DEL13-MG";"UOP01-DEL13-MG"
659106;2025-02-03;"segunda-feira";"14:45:00";"SC";282;598;"CUNHA PORA";"Condutor Dormindo";"Saída de leito carroçável";"Com Vítimas Feridas";"Pleno dia";"Crescente";"Céu Claro";"Simples";"Reta";"Não";2;0;2;0;0;0;2;1;-26,825783;-53,147213;"SPRF-SC";"DEL07-SC";"UOP02-DEL07-SC"
659108;2025-02-03;"segunda-feira";"18:45:00";"PB";230;6,5;"CABEDELO";"Sinalização mal posicionada";"Queda de ocupante de veículo";"Com Vítimas Feridas";"Plena Noite";"Decrescente";"Céu Claro";"Dupla";"Reta";"Sim";2;0;0;1;1;0;1;1;-7,02;-34,8359;"SPRF-PB";"DEL01-PB";"UOP01-DEL01-PB"
659109;2025-02-03;"segunda-feira";"18:40:00";"RS";285;194;"LAGOA VERMELHA";"Acessar a via sem observar a presença dos outros veículos";"Colisão transversal";"Com Vítimas Feridas";"Pleno dia";"Decrescente";"Sol";"Simples";"Reta";"Sim";2;0;1;0;1;0;1;2;-28,242582;-51,498211;"SPRF-RS";"DEL08-RS";"UOP05-DEL08-RS"
659112;2025-02-03;"segunda-feira";"12:50:00";"PE";428;187;"PETROLINA";"Condutor deixou de manter distância do veículo da frente";"Colisão traseira";"Com Vítimas Feridas";"Pleno dia";"Crescente";"Céu Claro";"Dupla";"Rotatória";"Sim";3;0;1;0;2;0;1;2;-9,36400596;-40,48266808;"SPRF-PE";"DEL06-PE";"UOP01-DEL06-PE"
659114;2025-02-03;"segunda-feira";"18:05:00";"PR";373;440;"CHOPINZINHO";"Transitar na contramão";"Colisão frontal";"Com Vítimas Feridas";"Pleno dia";"Decrescente";"Céu Claro";"Simples";"Aclive";"Não";2;0;1;0;1;0;1;2;-25,81075207;-52,28878093;"SPRF-PR";"DEL02-PR";"UOP01-DEL02-PR"
659115;2025-02-03;"segunda-feira";"19:50:00";"PI";343;341,6;"TERESINA";"Reação tardia ou ineficiente do condutor";"Colisão traseira";"Com Vítimas Feridas";"Plena Noite";"Crescente";"Céu Claro";"Dupla";"Reta";"Sim";2;0;1;0;1;0;1;2;-5,077812;-42,744255;"SPRF-PI";"DEL01-PI";"UOP01-DEL01-PI"
659117;2025-02-03;"segunda-feira";"19:30:00";"RJ";465;17;"NOVA IGUACU";"Ultrapassagem Indevida";"Colisão lateral mesmo sentido";"Sem Vítimas";"Anoitecer";"Decrescente";"Céu Claro";"Simples";"Reta";"Não";2;0;0;0;1;1;0;2;-22,823448;-43,619843;"SPRF-RJ";"DEL06-RJ";"UOP02-DEL06-RJ"
659119;2025-02-03;"segunda-feira";"18:20:00";"AL";316;259;"PILAR";"Condutor Dormindo";"Colisão frontal";"Com Vítimas Feridas";"Plena Noite";"Crescente";"Céu Claro";"Simples";"Reta";"Não";6;0;5;0;1;0;5;2;-9,5916564;-35,914033;"SPRF-AL";"DEL02-AL";"UOP01-DEL02-AL"
659120;2025-02-03;"segunda-feira";"19:45:00";"ES";101;260,8;"SERRA";"Transitar na contramão";"Colisão frontal";"Com Vítimas Feridas";"Plena Noite";"Crescente";"Céu Claro";"Simples";"Curva;Declive";"Sim";3;0;3;0;0;0;3;2;-20,14616415;-40,28836206;"SPRF-ES";"DEL02-ES";"UOP01-DEL02-ES"
659121;2025-02-03;"segunda-feira";"18:10:00";"PR";376;383;"IMBAU";"Reação tardia ou ineficiente do condutor";"Saída de leito carroçável";"Com Vítimas Feridas";"Anoitecer";"Decrescente";"Chuva";"Dupla";"Curva";"Não";4;0;2;0;2;0;2;1;-24,47251574;-50,73914548;"SPRF-PR";"DEL03-PR";"UOP02-DEL03-PR"
659122;2025-02-03;"segunda-feira";"17:30:00";"RS";386;94;"SAGRADA FAMILIA";"Transitar na contramão";"Colisão lateral sentido oposto";"Com Vítimas Feridas";"Pleno dia";"Crescente";"Céu Claro";"Simples";"Reta";"Não";1;0;1;0;0;0;1;1;-27,73550341;-53,17176819;"SPRF-RS";"DEL08-RS";"UOP01-DEL08-RS"
659123;2025-02-03;"segunda-feira";"20:00:00";"RJ";40;80;"PETROPOLIS";"Pedestre andava na pista";"Atropelamento de Pedestre";"Com Vítimas Feridas";"Plena Noite";"Crescente";"Céu Claro";"Dupla";"Declive;Curva";"Sim";2;0;1;0;1;0;1;2;-22,49798597;-43,22878703;"SPRF-RJ";"DEL01-RJ";"UOP01-DEL01-RJ"
659124;2025-02-03;"segunda-feira";"17:20:00";"BA";324;517;"FEIRA DE SANTANA";"Acessar a via sem observar a presença dos outros veículos";"Colisão transversal";"Com Vítimas Feridas";"Anoitecer";"Decrescente";"Nublado";"Simples";"Reta";"Sim";3;0;2;0;0;1;2;2;-12,25595573;-38,93215299;"SPRF-BA";"DEL02-BA";"UOP01-DEL02-BA"
659125;2025-01-18;"sábado";"17:15:00";"RR";174;536;"BOA VISTA";"Condutor deixou de manter distância do veículo da frente";"Colisão lateral mesmo sentido";"Com Vítimas Feridas";"Pleno dia";"Decrescente";"Céu Claro";"Simples";"Reta";"Não";33;0;1;0;32;0;1;2;3,05651;-60,79826;"SPRF-RR";"DEL01-RR";"UOP01-DEL01-RR"
659126;2025-02-03;"segunda-feira";"20:15:00";"SC";101;247;"PAULO LOPES";"Manobra de mudança de faixa";"Colisão traseira";"Com Vítimas Feridas";"Plena Noite";"Crescente";"Garoa/Chuvisco";"Dupla";"Retorno Regulamentado;Reta";"Não";2;0;2;0;0;0;2;2;-27,918808;-48,654187;"SPRF-SC";"DEL02-SC";"UOP03-DEL02-SC"
659127;2025-02-03;"segunda-feira";"17:20:00";"SC";282;439,6;"IRANI";"Velocidade Incompatível";"Saída de leito carroçável";"Com Vítimas Feridas";"Pleno dia";"Crescente";"Sol";"Simples";"Reta";"Não";1;0;1;0;0;0;1;1;-26,95015243;-51,85821533;"SPRF-SC";"DEL07-SC";"UOP04-DEL07-SC"
659128;2025-02-03;"segunda-feira";"19:00:00";"RS";116;108;"SAO MARCOS";"Acessar a via sem observar a presença dos outros veículos";"Colisão transversal";"Com Vítimas Feridas";"Anoitecer";"Decrescente";"Céu Claro";"Simples";"Curva";"Não";3;0;1;1;1;0;2;2;-28,92514807;-51,09447449;"SPRF-RS";"DEL05-RS";"UOP01-DEL05-RS"
659129;2025-02-03;"segunda-feira";"21:30:00";"SP";116;293;"ITAPECERICA DA SERRA";"Ausência de reação do condutor";"Saída de leito carroçável";"Com Vítimas Feridas";"Plena Noite";"Decrescente";"Nublado";"Dupla";"Reta";"Sim";1;0;1;0;0;0;1;1;-23,75393807;-46,90168863;"SPRF-SP";"DEL04-SP";"UOP01-DEL04-SP"
659130;2025-02-03;"segunda-feira";"18:50:00";"PE";232;415,3;"SERRA TALHADA";"Reação tardia ou ineficiente do condutor";"Atropelamento de Pedestre";"Com Vítimas Feridas";"Plena Noite";"Decrescente";"Céu Claro";"Simples";"Reta";"Não";6;0;1;0;3;2;1;2;-7,99605739;-38,34533981;"SPRF-PE";"DEL04-PE";"UOP01-DEL04-PE"
659131;2025-02-03;"segunda-feira";"13:45:00";"RS";293;112;"PINHEIRO MACHADO";"Transitar na contramão";"Colisão frontal";"Com Vítimas Fatais";"Pleno dia";"Decrescente";"Céu Claro";"Simples";"Reta";"Não";6;4;0;2;0;0;2;2;-31,55048737;-53,41963811;"SPRF-RS";"DEL11-RS";"UOP03-DEL11-RS"
659132;2025-02-03;"segunda-feira";"21:20:00";"RJ";101;312;"SAO GONCALO";"Reação tardia ou ineficiente do condutor";"Colisão traseira";"Com Vítimas Feridas";"Plena Noite";"Decrescente";"Céu Claro";"Dupla";"Reta";"Não";1;0;1;0;0;0;1;1;-22,80546555;-43,06156967;"SPRF-RJ";"DEL02-RJ";"UOP02-DEL02-RJ"
659133;2025-02-03;"segunda-feira";"19:00:00";"RO";435;87;"COLORADO DO OESTE";"Acessar a via sem observar a presença dos outros veículos";"Colisão transversal";"Com Vítimas Feridas";"Plena Noite";"Decrescente";"Nublado";"Simples";"Reta";"Sim";2;0;1;0;1;0;1;2;-13,12694915;-60,54413734;"SPRF-RO";"DEL04-RO";"UOP02-DEL04-RO"
659134;2025-02-03;"segunda-feira";"19:35:00";"RR";174;220;"RORAINOPOLIS";"Animais na Pista";"Atropelamento de Animal";"Com Vítimas Feridas";"Plena Noite";"Crescente";"Céu Claro";"Simples";"Reta";"Não";3;0;1;1;0;1;2;2;1,012302;-60,403378;"SPRF-RR";"DEL01-RR";"UOP01-DEL01-RR"
659135;2025-02-03;"segunda-feira";"18:00:00";"SC";282;137;"BOM RETIRO";"Ausência de reação do condutor";"Colisão com objeto";"Com Vítimas Feridas";"Anoitecer";"Decrescente";"Chuva";"Simples";"Rotatória";"Sim";3;0;0;1;2;0;1;1;-27,8218;-49,567032;"SPRF-SC";"DEL05-SC";"UOP01-DEL05-SC"
659136;2025-02-03;"segunda-feira";"20:00:00";"RJ";116;269;"VOLTA REDONDA";"Reação tardia ou ineficiente do condutor";"Colisão traseira";"Com Vítimas Feridas";"Plena Noite";"Decrescente";"Garoa/Chuvisco";"Dupla";"Aclive;Curva";"Não";6;0;3;0;3;0;3;4;-22,57510092;-44,11542461;"SPRF-RJ";"DEL07-RJ";"UOP02-DEL07-RJ"
659137;2025-02-03;"segunda-feira";"22:00:00";"PR";277;0;"PARANAGUA";"Pista Escorregadia";"Tombamento";"Com Vítimas Feridas";"Plena Noite";"Decrescente";"Nublado";"Simples";"Reta;Ponte";"Sim";1;0;1;0;0;0;1;1;-25,568198;-48,615292;"SPRF-PR";"DEL01-PR";"UOP05-DEL01-PR"
659138;2025-02-03;"segunda-feira";"21:15:00";"RJ";40;104;"DUQUE DE CAXIAS";"Condutor Dormindo";"Colisão traseira";"Com Vítimas Feridas";"Plena Noite";"Crescente";"Céu Claro";"Dupla";"Reta";"Sim";3;0;3;0;0;0;3;2;-22,62897902;-43,28579508;"SPRF-RJ";"DEL01-RJ";"UOP02-DEL01-RJ"
659140;2025-02-03;"segunda-feira";"22:40:00";"PI";316;5;"TERESINA";"Condutor desrespeitou a iluminação vermelha do semáforo";"Colisão transversal";"Com Vítimas Feridas";"Plena Noite";"Decrescente";"Céu Claro";"Dupla";"Declive;Viaduto;Interseção de Vias;Reta";"Sim";2;0;1;0;1;0;1;2;-5,14169858;-42,78157276;"SPRF-PI";"DEL01-PI";"UOP02-DEL01-PI"
659141;2025-02-03;"segunda-feira";"22:15:00";"PA";316;134,6;"PEIXE-BOI";"Ausência de reação do condutor";"Colisão traseira";"Sem Vítimas";"Plena Noite";"Decrescente";"Garoa/Chuvisco";"Simples";"Reta";"Não";3;0;0;0;3;0;0;2;-1,279735;-47,310113;"SPRF-PA";"DEL01-PA";"UOP03-DEL01-PA"
659143;2025-02-03;"segunda-feira";"20:35:00";"MG";262;54,3;"MANHUACU";"Ausência de reação do condutor";"Colisão frontal";"Com Vítimas Feridas";"Plena Noite";"Decrescente";"Céu Claro";"Simples";"Reta";"Não";4;0;1;3;0;0;4;2;-20,26134902;-42,16469099;"SPRF-MG";"DEL06-MG";"UOP03-DEL06-MG"
659144;2025-02-03;"segunda-feira";"19:50:00";"SC";280;80,8;"CORUPA";"Acessar a via sem observar a presença dos outros veículos";"Colisão frontal";"Com Vítimas Feridas";"Plena Noite";"Crescente";"Garoa/Chuvisco";"Simples";"Reta";"Sim";3;0;2;0;0;1;2;2;-26,44412189;-49,20975187;"SPRF-SC";"DEL06-SC";"UOP03-DEL06-SC"
659146;2025-02-03;"segunda-feira";"23:30:00";"SP";116;300;"SAO LOURENCO DA SERRA";"Afundamento ou ondulação no pavimento";"Queda de ocupante de veículo";"Com Vítimas Feridas";"Plena Noite";"Crescente";"Chuva";"Dupla";"Curva";"Não";1;0;1;0;0;0;1;1;-23,80425272;-46,92143625;"SPRF-SP";"DEL04-SP";"UOP01-DEL04-SP"
659148;2025-02-03;"segunda-feira";"23:50:00";"SC";101;211;"PALHOCA";"Ausência de reação do condutor";"Colisão com objeto";"Com Vítimas Feridas";"Plena Noite";"Decrescente";"Nublado";"Múltipla";"Reta";"Sim";1;0;0;1;0;0;1;1;-27,62329313;-48,65245588;"SPRF-SC";"DEL01-SC";"UOP02-DEL01-SC"
659149;2025-02-04;"terça-feira";"00:20:00";"SC";101;251;"PAULO LOPES";"Demais falhas mecânicas ou elétricas";"Queda de ocupante de veículo";"Sem Vítimas";"Plena Noite";"Crescente";"Nublado";"Dupla";"Reta";"Não";1;0;0;0;1;0;0;1;-27,9490242;-48,67206568;"SPRF-SC";"DEL02-SC";"UOP03-DEL02-SC"
659151;2025-02-03;"segunda-feira";"23:00:00";"PR";163;151,8;"SANTA LUCIA";"Ausência de reação do condutor";"Colisão com objeto";"Com Vítimas Feridas";"Plena Noite";"Decrescente";"Céu Claro";"Dupla";"Curva;Declive";"Não";1;0;1;0;0;0;1;1;-25,41040897;-53,5718868;"SPRF-PR";"DEL05-PR";"UOP05-DEL05-PR"
659153;2025-02-03;"segunda-feira";"22:45:00";"PE";232;253;"ARCOVERDE";"Iluminação deficiente";"Atropelamento de Pedestre";"Com Vítimas Fatais";"Plena Noite";"Crescente";"Céu Claro";"Simples";"Reta";"Sim";2;1;0;0;0;1;0;2;-8,42522112;-37,07235809;"SPRF-PE";"DEL04-PE";"UOP02-DEL04-PE"
659154;2025-02-03;"segunda-feira";"22:50:00";"MT";174;385;"CONQUISTA DOESTE";"Ingestão de álcool pelo condutor";"Colisão com objeto";"Sem Vítimas";"Plena Noite";"Crescente";"Céu Claro";"Simples";"Reta";"Não";3;0;0;0;2;1;0;2;-14,5036131;-59,5672337;"SPRF-MT";"DEL04-MT";"UOP01-DEL04-MT"
659155;2025-02-04;"terça-feira";"01:30:00";"SC";282;55,8;"RANCHO QUEIMADO";"Avarias e/ou desgaste excessivo no pneu";"Saída de leito carroçável";"Sem Vítimas";"Plena Noite";"Crescente";"Nublado";"Simples";"Curva";"Não";1;0;0;0;1;0;0;1;-27,689514;-48,982376;"SPRF-SC";"DEL01-SC";"UOP03-DEL01-SC"
659157;2025-02-04;"terça-feira";"02:50:00";"BA";324;514;"FEIRA DE SANTANA";"Acessar a via sem observar a presença dos outros veículos";"Colisão transversal";"Com Vítimas Feridas";"Plena Noite";"Crescente";"Céu Claro";"Simples";"Reta;Interseção de Vias";"Sim";3;0;0;2;1;0;2;2;-12,23221446;-38,95291686;"SPRF-BA";"DEL02-BA";"UOP01-DEL02-BA"
659159;2025-02-04;"terça-feira";"03:00:00";"RS";116;2;"PORTO ALEGRE";"Ausência de reação do condutor";"Colisão com objeto";"Com Vítimas Feridas";"Plena Noite";"Decrescente";"Céu Claro";"Dupla";"Reta";"Sim";1;0;1;0;0;0;1;1;-29,98898526;-51,18261516;"SPRF-RS";"DEL05-RS";"UOP03-DEL05-RS"
659160;2025-02-04;"terça-feira";"01:50:00";"RS";290;454;"ROSARIO DO SUL";"Entrada inopinada do pedestre";"Eventos atípicos";"Com Vítimas Fatais";"Plena Noite";"Decrescente";"Céu Claro";"Simples";"Reta;Declive";"Não";4;1;0;0;1;2;0;3;-30,230925;-54,655495;"SPRF-RS";"DEL11-RS";"UOP02-DEL11-RS"
659161;2025-02-04;"terça-feira";"04:00:00";"MG";381;483,2;"BETIM";"Velocidade Incompatível";"Colisão com objeto";"Sem Vítimas";"Plena Noite";"Decrescente";"Céu Claro";"Múltipla";"Curva;Declive";"Sim";1;0;0;0;1;0;0;1;-19,95964;-44,081383;"SPRF-MG";"DEL01-MG";"UOP03-DEL01-MG"
659162;2025-02-03;"segunda-feira";"21:50:00";"MG";40;699,9;"BARBACENA";"Manobra de mudança de faixa";"Tombamento";"Com Vítimas Feridas";"Plena Noite";"Decrescente";"Céu Claro";"Dupla";"Curva;Declive";"Não";2;0;1;0;1;0;1;1;-21,204338;-43,74918938;"SPRF-MG";"DEL05-MG";"UOP02-DEL05-MG"
659163;2025-02-04;"terça-feira";"04:24:00";"PE";232;508;"SALGUEIRO";"Pedestre cruzava a pista fora da faixa";"Atropelamento de Pedestre";"Com Vítimas Fatais";"Amanhecer";"Decrescente";"Céu Claro";"Simples";"Reta";"Sim";2;1;0;0;0;1;0;2;-8,06223271;-39,12095006;"SPRF-PE";"DEL05-PE";"UOP01-DEL05-PE"
659165;2025-02-03;"segunda-feira";"20:00:00";"RJ";465;3;"SEROPEDICA";"Retorno proibido";"Colisão traseira";"Com Vítimas Feridas";"Plena Noite";"Crescente";"Céu Claro";"Simples";"Reta";"Sim";4;0;1;0;3;0;1;2;-22,73427;-43,711994;"SPRF-RJ";"DEL06-RJ";"UOP02-DEL06-RJ"
659166;2025-02-04;"terça-feira";"06:30:00";"SP";116;222;"GUARULHOS";"Trafegar com motocicleta (ou similar) entre as faixas";"Colisão lateral mesmo sentido";"Com Vítimas Feridas";"Pleno dia";"Crescente";"Céu Claro";"Múltipla";"Reta";"Sim";2;0;1;0;1;0;1;2;-23,47093408;-46,51631097;"SPRF-SP";"DEL01-SP";"UOP01-DEL01-SP"
659167;2025-02-04;"terça-feira";"06:40:00";"SC";282;5;"SAO JOSE";"Reação tardia ou ineficiente do condutor";"Colisão traseira";"Com Vítimas Feridas";"Pleno dia";"Decrescente";"Céu Claro";"Dupla";"Reta;Viaduto";"Sim";3;0;1;0;2;0;1;3;-27,588425;-48,612919;"SPRF-SC";"DEL01-SC";"UOP01-DEL01-SC"
659168;2025-02-04;"terça-feira";"06:45:00";"DF";40;5;"BRASILIA";"Trafegar com motocicleta (ou similar) entre as faixas";"Colisão lateral mesmo sentido";"Com Vítimas Feridas";"Pleno dia";"Decrescente";"Céu Claro";"Dupla";"Reta";"Sim";2;0;1;0;1;0;1;2;-16,020903;-47,980541;"SPRF-DF";"DEL01-DF";"UOP01-DEL01-DF"
659169;2025-02-04;"terça-feira";"07:05:00";"BA";324;619;"SALVADOR";"Trafegar com motocicleta (ou similar) entre as faixas";"Queda de ocupante de veículo";"Com Vítimas Feridas";"Pleno dia";"Crescente";"Céu Claro";"Dupla";"Reta";"Não";3;0;2;0;0;1;2;2;-12,89820999;-38,45012202;"SPRF-BA";"DEL01-BA";"UOP01-DEL01-BA"
659170;2025-02-04;"terça-feira";"06:30:00";"PB";230;512,7;"BOM JESUS";"Animais na Pista";"Atropelamento de Animal";"Com Vítimas Feridas";"Pleno dia";"Decrescente";"Nublado";"Simples";"Declive;Reta";"Sim";3;0;3;0;0;0;3;1;-6,8878;-38,605;"SPRF-PB";"DEL03-PB";"UOP03-DEL03-PB"
659171;2025-02-04;"terça-feira";"07:30:00";"RS";290;104,2;"ELDORADO DO SUL";"Ausência de reação do condutor";"Tombamento";"Com Vítimas Feridas";"Pleno dia";"Decrescente";"Céu Claro";"Dupla";"Reta";"Não";2;0;1;0;1;0;1;1;-29,993122;-51,275398;"SPRF-RS";"DEL02-RS";"UOP01-DEL02-RS"
659172;2025-02-04;"terça-feira";"07:40:00";"RS";116;149,4;"CAXIAS DO SUL";"Pedestre cruzava a pista fora da faixa";"Atropelamento de Pedestre";"Com Vítimas Feridas";"Pleno dia";"Crescente";"Céu Claro";"Dupla";"Curva";"Sim";2;0;2;0;0;0;2;2;-29,15996905;-51,15645292;"SPRF-RS";"DEL05-RS";"UOP01-DEL05-RS"
659173;2025-02-04;"terça-feira";"07:35:00";"SE";101;100;"SAO CRISTOVAO";"Avarias e/ou desgaste excessivo no pneu";"Tombamento";"Com Vítimas Feridas";"Pleno dia";"Decrescente";"Céu Claro";"Dupla";"Reta;Declive";"Não";2;0;2;0;0;0;2;1;-10,94085093;-37,19456903;"SPRF-SE";"DEL02-SE";"UOP01-DEL02-SE"
659174;2025-02-04;"terça-feira";"07:30:00";"MG";116;714,8;"MURIAE";"Condutor deixou de manter distância do veículo da frente";"Colisão lateral mesmo sentido";"Com Vítimas Feridas";"Pleno dia";"Decrescente";"Sol";"Simples";"Reta";"Não";5;0;1;0;4;0;1;2;-21,1671331;-42,37130608;"SPRF-MG";"DEL07-MG";"UOP02-DEL07-MG"
659175;2025-02-03;"segunda-feira";"14:30:00";"RO";425;81;"NOVA MAMORE";"Acessar a via sem observar a presença dos outros veículos";"Colisão transversal";"Com Vítimas Feridas";"Pleno dia";"Crescente";"Chuva";"Dupla";"Rotatória";"Sim";2;0;1;0;1;0;1;2;-10,246915;-65,287827;"SPRF-RO";"DEL01-RO";"UOP03-DEL01-RO"
659176;2025-02-04;"terça-feira";"07:58:00";"SE";235;3;"ARACAJU";"Reação tardia ou ineficiente do condutor";"Colisão traseira";"Com Vítimas Feridas";"Pleno dia";"Crescente";"Sol";"Dupla";"Reta";"Sim";2;0;1;0;1;0;1;2;-10,9059;-37,111;"SPRF-SE";"DEL01-SE";"UOP01-DEL01-SE"
659179;2025-02-04;"terça-feira";"06:00:00";"MT";163;732;"SORRISO";"Manobra de mudança de faixa";"Colisão frontal";"Com Vítimas Feridas";"Pleno dia";"Crescente";"Céu Claro";"Simples";"Curva";"Não";3;0;1;2;0;0;3;2;-12,70292;-55,81583833;"SPRF-MT";"DEL06-MT";"UOP01-DEL06-MT"
659180;2025-02-04;"terça-feira";"08:50:00";"RJ";101;307;"SAO GONCALO";"Manobra de mudança de faixa";"Colisão com objeto";"Com Vítimas Feridas";"Pleno dia";"Crescente";"Sol";"Dupla";"Reta";"Não";3;0;1;0;2;0;1;2;-22,79115777;-43,01514205;"SPRF-RJ";"DEL02-RJ";"UOP02-DEL02-RJ"
659181;2025-02-04;"terça-feira";"08:30:00";"MG";381;483;"BETIM";"Reação tardia ou ineficiente do condutor";"Colisão traseira";"Com Vítimas Feridas";"Pleno dia";"Decrescente";"Céu Claro";"Múltipla";"Aclive;Reta";"Sim";2;0;0;1;1;0;1;2;-19,95594491;-44,10721699;"SPRF-MG";"DEL01-MG";"UOP03-DEL01-MG"
659182;2025-02-04;"terça-feira";"08:35:00";"SC";101;215,5;"PALHOCA";"Reação tardia ou ineficiente do condutor";"Colisão traseira";"Com Vítimas Feridas";"Pleno dia";"Decrescente";"Sol";"Múltipla";"Reta;Aclive";"Sim";2;0;0;1;1;0;1;2;-27,65184843;-48,67604941;"SPRF-SC";"DEL01-SC";"UOP02-DEL01-SC"
659183;2025-02-04;"terça-feira";"08:00:00";"PR";277;136;"BALSA NOVA";"Pista Escorregadia";"Colisão lateral mesmo sentido";"Com Vítimas Feridas";"Pleno dia";"Decrescente";"Chuva";"Dupla";"Curva";"Não";6;0;1;0;5;0;1;2;-25,47830225;-49,64382648;"SPRF-PR";"DEL03-PR";"UOP03-DEL03-PR"
659186;2025-02-04;"terça-feira";"08:30:00";"ES";101;267,9;"SERRA";"Manobra de mudança de faixa";"Colisão lateral mesmo sentido";"Com Vítimas Feridas";"Pleno dia";"Crescente";"Sol";"Múltipla";"Interseção de Vias";"Sim";2;0;1;0;0;1;1;2;-20,19930999;-40,26884609;"SPRF-ES";"DEL02-ES";"UOP01-DEL02-ES"
659190;2025-02-04;"terça-feira";"07:50:00";"GO";153;507;"APARECIDA DE GOIANIA";"Trafegar com motocicleta (ou similar) entre as faixas";"Engavetamento";"Com Vítimas Feridas";"Pleno dia";"Decrescente";"Céu Claro";"Dupla";"Reta";"Sim";3;0;3;0;0;0;3;3;-16,7715;-49,2387;"SPRF-GO";"DEL01-GO";"UOP03-DEL01-GO"
659191;2025-02-04;"terça-feira";"07:35:00";"RN";101;97;"NATAL";"Avarias e/ou desgaste excessivo no pneu";"Queda de ocupante de veículo";"Com Vítimas Feridas";"Pleno dia";"Decrescente";"Céu Claro";"Múltipla";"Reta";"Não";2;0;2;0;0;0;2;1;-5,85758898;-35,21271205;"SPRF-RN";"DEL01-RN";"UOP01-DEL01-RN"
659192;2025-02-04;"terça-feira";"08:50:00";"PR";277;660;"MATELANDIA";"Velocidade Incompatível";"Queda de ocupante de veículo";"Com Vítimas Feridas";"Pleno dia";"Crescente";"Céu Claro";"Dupla";"Curva";"Sim";1;0;0;1;0;0;1;1;-25,25136237;-53,99027796;"SPRF-PR";"DEL05-PR";"UOP02-DEL05-PR"