"id";"data_inversa";"dia_semana";"horario";"uf";"br";"km";"municipio";"causa_acidente";"tipo_acidente";"classificacao_acidente";"fase_dia";"sentido_via";"condicao_metereologica";"tipo_pista";"tracado_via";"uso_solo";"pessoas";"mortos";"feridos_leves";"feridos_graves";"ilesos";"ignorados";"feridos";"veiculos";"latitude";"longitude";"regional";"delegacia";"uop"
659565;2025-02-06;"quinta-feira";"07:30:00";"RJ";101;387;"RIO DE JANEIRO";"Pedestre cruzava a pista fora da faixa";"Atropelamento de Pedestre";"Com Vítimas Feridas";"Pleno dia";"Crescente";"Céu Claro";"Dupla";"Reta";"Sim";3;0;1;0;2;0;1;3;-22,88537839;-43,64965688;"SPRF-RJ";"DEL03-RJ";"UOP01-DEL03-RJ"
659567;2025-01-29;"quarta-feira";"17:05:00";"RJ";40;72;"PETROPOLIS";"Acumulo de água sobre o pavimento";"Saída de leito carroçável";"Com Vítimas Feridas";"Pleno dia";"Decrescente";"Chuva";"Simples";"Declive;Curva";"Sim";1;0;1;0;0;0;1;1;-22,4585308;-43,21600514;"SPRF-RJ";"DEL01-RJ";"UOP01-DEL01-RJ"
659568;2025-02-06;"quinta-feira";"10:25:00";"SC";280;170;"MAFRA";"Condutor deixou de manter distância do veículo da frente";"Colisão traseira";"Sem Vítimas";"Pleno dia";"Crescente";"Nublado";"Simples";"Interseção de Vias";"Sim";3;0;0;0;3;0;0;3;-26,14357962;-49,81201773;"SPRF-SC";"DEL06-SC";"UOP01-DEL06-SC"
659569;2025-02-06;"quinta-feira";"08:20:00";"MT";163;837;"SINOP";"Acesso irregular";"Colisão transversal";"Com Vítimas Feridas";"Pleno dia";"Crescente";"Nublado";"Simples";"Reta";"Sim";2;0;1;0;1;0;1;2;-11,968963;-55,51695578;"SPRF-MT";"DEL06-MT";"UOP02-DEL06-MT"
659573;2025-02-06;"quinta-feira";"07:35:00";"RS";392;300;"SAO SEPE";"Ausência de reação do condutor";"Tombamento";"Com Vítimas Feridas";"Amanhecer";"Crescente";"Céu Claro";"Simples";"Reta";"Não";1;0;0;1;0;0;1;1;-30,14233601;-53,60049402;"SPRF-RS";"DEL09-RS";"UOP01-DEL09-RS"
659574;2025-02-06;"quinta-feira";"11:00:00";"SP";116;225;"GUARULHOS";"Ausência de reação do condutor";"Colisão traseira";"Com Vítimas Feridas";"Pleno dia";"Crescente";"Céu Claro";"Múltipla";"Reta";"Sim";3;0;1;0;2;0;1;3;-23,48586772;-46,54075317;"SPRF-SP";"DEL01-SP";"UOP01-DEL01-SP"
659575;2025-02-06;"quinta-feira";"10:30:00";"PB";230;156;"CAMPINA GRANDE";"Condutor deixou de manter distância do veículo da frente";"Colisão traseira";"Sem Vítimas";"Pleno dia";"Crescente";"Nublado";"Simples";"Reta";"Não";5;0;0;0;5;0;0;2;-7,2693;-35,9138;"SPRF-PB";"DEL02-PB";"UOP01-DEL02-PB"
659576;2025-02-06;"quinta-feira";"08:30:00";"MG";116;764;"LEOPOLDINA";"Condutor deixou de manter distância do veículo da frente";"Colisão traseira";"Com Vítimas Feridas";"Pleno dia";"Crescente";"Nublado";"Simples";"Reta";"Não";2;0;0;1;0;1;1;2;-21,52171912;-42,64030314;"SPRF-MG";"DEL07-MG";"UOP01-DEL07-MG"
659577;2025-02-06;"quinta-feira";"10:20:00";"SC";101;127;"ITAJAI";"Trafegar com motocicleta (ou similar) entre as faixas";"Colisão lateral mesmo sentido";"Com Vítimas Feridas";"Pleno dia";"Decrescente";"Garoa/Chuvisco";"Dupla";"Reta";"Não";2;0;1;0;1;0;1;2;-26,9639319;-48,68328024;"SPRF-SC";"DEL04-SC";"UOP04-DEL04-SC"
659579;2025-02-06;"quinta-feira";"11:00:00";"SC";101;158;"PORTO BELO";"Velocidade Incompatível";"Tombamento";"Com Vítimas Feridas";"Pleno dia";"Crescente";"Chuva";"Dupla";"Retorno Regulamentado";"Sim";1;0;1;0;0;0;1;1;-27,19096301;-48,61259017;"SPRF-SC";"DEL04-SC";"UOP03-DEL04-SC"
659580;2025-02-06;"quinta-feira";"11:30:00";"GO";414;439;"ANAPOLIS";"Reação tardia ou ineficiente do condutor";"Colisão traseira";"Com Vítimas Feridas";"Pleno dia";"Crescente";"Céu Claro";"Dupla";"Rotatória";"Sim";3;0;1;0;1;1;1;3;-16,28128823;-48,94258908;"SPRF-GO";"DEL02-GO";"UOP01-DEL02-GO"
659581;2025-02-06;"quinta-feira";"09:33:00";"MT";70;714;"CACERES";"Reação tardia ou ineficiente do condutor";"Saída de leito carroçável";"Com Vítimas Feridas";"Pleno dia";"Crescente";"Garoa/Chuvisco";"Simples";"Curva";"Não";2;0;1;0;1;0;1;1;-16,1959;-57,58974;"SPRF-MT";"DEL03-MT";"UOP01-DEL03-MT"
659583;2025-02-06;"quinta-feira";"11:35:00";"RJ";101;329;"RIO DE JANEIRO";"Reação tardia ou ineficiente do condutor";"Tombamento";"Com Vítimas Feridas";"Pleno dia";"Crescente";"Céu Claro";"Dupla";"Reta";"Sim";2;0;1;0;1;0;1;1;-22,86939305;-43,175642;"SPRF-RJ";"DEL02-RJ";"UOP01-DEL02-RJ"
659584;2025-02-06;"quinta-feira";"11:30:00";"MG";365;626;"UBERLANDIA";"Manobra de mudança de faixa";"Colisão lateral mesmo sentido";"Com Vítimas Feridas";"Pleno dia";"Crescente";"Céu Claro";"Dupla";"Retorno Regulamentado;Reta";"Sim";3;0;2;0;1;0;2;2;-18,90754763;-48,3160669;"SPRF-MG";"DEL15-MG";"UOP01-DEL15-MG"
659586;2025-02-06;"quinta-feira";"12:00:00";"SC";101;149;"ITAPEMA";"Ausência de reação do condutor";"Queda de ocupante de veículo";"Com Vítimas Feridas";"Pleno dia";"Decrescente";"Garoa/Chuvisco";"Múltipla";"Reta";"Sim";1;0;1;0;0;0;1;1;-27,1089649;-48,61277586;"SPRF-SC";"DEL04-SC";"UOP03-DEL04-SC"
659588;2025-02-06;"quinta-feira";"10:20:00";"RJ";393;156,4;"TRES RIOS";"Ultrapassagem Indevida";"Colisão frontal";"Com Vítimas Feridas";"Pleno dia";"Crescente";"Céu Claro";"Simples";"Curva";"Não";3;0;2;0;1;0;2;2;-22,09021176;-43,06349116;"SPRF-RJ";"DEL05-RJ";"UOP01-DEL05-RJ"
659589;2025-02-06;"quinta-feira";"11:20:00";"PE";232;90;"SAIRE";"Acessar a via sem observar a presença dos outros veículos";"Colisão transversal";"Com Vítimas Feridas";"Pleno dia";"Decrescente";"Chuva";"Dupla";"Retorno Regulamentado;Reta";"Sim";3;0;2;0;1;0;2;2;-8,2172915;-35,65572305;"SPRF-PE";"DEL02-PE";"UOP02-DEL02PE"
659592;2025-02-06;"quinta-feira";"11:10:00";"RJ";40;115;"DUQUE DE CAXIAS";"Reação tardia ou ineficiente do condutor";"Colisão lateral mesmo sentido";"Com Vítimas Feridas";"Pleno dia";"Crescente";"Céu Claro";"Múltipla";"Reta";"Sim";2;0;1;0;1;0;1;2;-22,72756999;-43,2891609;"SPRF-RJ";"DEL01-RJ";"UOP02-DEL01-RJ"
659593;2025-02-06;"quinta-feira";"13:15:00";"RS";290;128;"ELDORADO DO SUL";"Ausência de reação do condutor";"Saída de leito carroçável";"Com Vítimas Feridas";"Pleno dia";"Decrescente";"Sol";"Simples";"Reta";"Não";1;0;1;0;0;0;1;1;-30,057104;-51,490009;"SPRF-RS";"DEL02-RS";"UOP01-DEL02-RS"
659594;2025-02-06;"quinta-feira";"13:30:00";"ES";101;247,9;"SERRA";"Demais falhas mecânicas ou elétricas";"Incêndio";"Sem Vítimas";"Pleno dia";"Decrescente";"Sol";"Simples";"Curva";"Não";1;0;0;0;1;0;0;1;-20,06746339;-40,37085006;"SPRF-ES";"DEL02-ES";"UOP01-DEL02-ES"
659596;2025-02-06;"quinta-feira";"13:40:00";"ES";101;296,9;"VIANA";"Condutor deixou de manter distância do veículo da frente";"Colisão traseira";"Com Vítimas Feridas";"Pleno dia";"Crescente";"Céu Claro";"Múltipla";"Curva";"Sim";2;0;1;0;1;0;1;2;-20,35374444;-40,4156433;"SPRF-ES";"DEL01-ES";"UOP01-DEL01-ES"
659597;2025-02-06;"quinta-feira";"10:37:00";"GO";60;329;"ACREUNA";"Acessar a via sem observar a presença dos outros veículos";"Colisão traseira";"Com Vítimas Feridas";"Pleno dia";"Decrescente";"Nublado";"Dupla";"Reta";"Não";4;0;2;0;2;0;2;2;-17,5466;-50,5124;"SPRF-GO";"DEL04-GO";"UOP02-DEL04-GO"
659598;2025-02-06;"quinta-feira";"13:45:00";"GO";60;389;"RIO VERDE";"Reação tardia ou ineficiente do condutor";"Engavetamento";"Com Vítimas Feridas";"Pleno dia";"Decrescente";"Chuva";"Dupla";"Reta";"Sim";3;0;0;1;2;0;1;3;-17,819;-50,943;"SPRF-GO";"DEL04-GO";"UOP02-DEL04-GO"
659599;2025-02-06;"quinta-feira";"13:45:00";"SP";101;47;"UBATUBA";"Acessar a via sem observar a presença dos outros veículos";"Colisão traseira";"Sem Vítimas";"Pleno dia";"Crescente";"Céu Claro";"Dupla";"Rotatória";"Sim";3;0;0;0;3;0;0;3;-23,429897;-45,082436;"SPRF-SP";"DEL06-SP";"UOP01-DEL06-SP"
659608;2025-02-06;"quinta-feira";"13:26:00";"MS";262;377,1;"TERENOS";"Condutor Dormindo";"Saída de leito carroçável";"Com Vítimas Feridas";"Pleno dia";"Decrescente";"Nublado";"Simples";"Curva";"Não";2;0;1;0;0;1;1;2;-20,47912064;-54,83519591;"SPRF-MS";"DEL01-MS";"UOP03-DEL01-MS"
659609;2025-02-06;"quinta-feira";"12:30:00";"MT";70;3;"BARRA DO GARCAS";"Ausência de reação do condutor";"Colisão traseira";"Com Vítimas Feridas";"Pleno dia";"Crescente";"Céu Claro";"Dupla";"Aclive";"Não";2;0;1;0;1;0;1;2;-15,88252843;-52,27574027;"SPRF-MT";"DEL07-MT";"UOP01-DEL07-MT"
659611;2025-02-06;"quinta-feira";"12:00:00";"PR";369;375,8;"MAMBORE";"Ausência de reação do condutor";"Saída de leito carroçável";"Sem Vítimas";"Pleno dia";"Decrescente";"Chuva";"Simples";"Reta";"Não";1;0;0;0;0;1;0;1;-24,28391701;-52,55082607;"SPRF-PR";"DEL04-PR";"UOP03-DEL04-PR"
659612;2025-02-06;"quinta-feira";"14:32:00";"PE";101;37;"ITAPISSUMA";"Acessar a via sem observar a presença dos outros veículos";"Colisão transversal";"Com Vítimas Feridas";"Pleno dia";"Crescente";"Nublado";"Dupla";"Reta";"Não";3;0;2;0;1;0;2;2;-7,79556993;-34,92797256;"SPRF-PE";"DEL01-PE";"UOP02-DEL01-PE"
659614;2025-02-06;"quinta-feira";"13:30:00";"SC";101;65;"ARAQUARI";"Demais falhas mecânicas ou elétricas";"Queda de ocupante de veículo";"Com Vítimas Feridas";"Pleno dia";"Decrescente";"Nublado";"Múltipla";"Reta";"Não";1;0;1;0;0;0;1;1;-26,47135714;-48,74457217;"SPRF-SC";"DEL03-SC";"UOP02-DEL03-SC"
659615;2025-02-06;"quinta-feira";"10:15:00";"SC";282;191,1;"LAGES";"Reação tardia ou ineficiente do condutor";"Colisão traseira";"Com Vítimas Feridas";"Pleno dia";"Crescente";"Sol";"Simples";"Aclive;Reta";"Não";4;0;2;0;2;0;2;2;-27,739349;-50,046421;"SPRF-SC";"DEL05-SC";"UOP01-DEL05-SC"
659616;2025-02-06;"quinta-feira";"13:00:00";"PR";376;372;"ORTIGUEIRA";"Velocidade Incompatível";"Saída de leito carroçável";"Com Vítimas Feridas";"Pleno dia";"Decrescente";"Chuva";"Simples";"Curva";"Não";2;0;2;0;0;0;2;1;-24,39063691;-50,78603585;"SPRF-PR";"DEL07-PR";"UOP02-DEL07-PR"
659620;2025-01-30;"quinta-feira";"15:30:00";"PR";369;191,1;"APUCARANA";"Acumulo de água sobre o pavimento";"Colisão com objeto";"Sem Vítimas";"Pleno dia";"Decrescente";"Chuva";"Dupla";"Declive";"Não";1;0;0;0;1;0;0;1;-23,464828;-51,425217;"SPRF-PR";"DEL07-PR";"UOP03-DEL07-PR"
659621;2025-02-06;"quinta-feira";"15:40:00";"RN";304;293,4;"MACAIBA";"Acumulo de água sobre o pavimento";"Saída de leito carroçável";"Com Vítimas Feridas";"Pleno dia";"Decrescente";"Chuva";"Dupla";"Aclive;Reta";"Não";2;0;2;0;0;0;2;1;-5,86911106;-35,38524628;"SPRF-RN";"DEL01-RN";"UOP02-DEL01-RN"
659622;2025-02-06;"quinta-feira";"14:10:00";"RS";290;24;"SANTO ANTONIO DA PATRULHA";"Ausência de reação do condutor";"Saída de leito carroçável";"Com Vítimas Feridas";"Pleno dia";"Decrescente";"Nublado";"Dupla";"Reta";"Não";1;0;1;0;0;0;1;1;-29,882015;-50,493973;"SPRF-RS";"DEL03-RS";"UOP01-DEL03-RS"
659623;2025-02-06;"quinta-feira";"14:45:00";"SC";101;118;"ITAJAI";"Condutor deixou de manter distância do veículo da frente";"Colisão traseira";"Com Vítimas Feridas";"Pleno dia";"Decrescente";"Céu Claro";"Dupla";"Reta";"Não";2;0;0;1;1;0;1;2;-26,895859;-48,71903;"SPRF-SC";"DEL04-SC";"UOP04-DEL04-SC"
659624;2025-02-06;"quinta-feira";"15:29:00";"ES";101;297,7;"CARIACICA";"Condutor deixou de manter distância do veículo da frente";"Colisão lateral mesmo sentido";"Com Vítimas Feridas";"Pleno dia";"Crescente";"Céu Claro";"Dupla";"Reta";"Sim";3;0;2;0;1;0;2;2;-20,35100457;-40,41328311;"SPRF-ES";"DEL01-ES";"UOP01-DEL01-ES"
659625;2025-02-06;"quinta-feira";"12:15:00";"MG";116;702,3;"MURIAE";"Desrespeitar a preferência no cruzamento";"Colisão lateral mesmo sentido";"Com Vítimas Feridas";"Pleno dia";"Decrescente";"Céu Claro";"Simples";"Interseção de Vias";"Sim";2;0;1;0;1;0;1;2;-21,1251655;-42,38165639;"SPRF-MG";"DEL07-MG";"UOP02-DEL07-MG"
659626;2025-02-06;"quinta-feira";"13:21:00";"RJ";116;227,8;"PIRAI";"Reação tardia ou ineficiente do condutor";"Colisão traseira";"Com Vítimas Feridas";"Pleno dia";"Crescente";"Céu Claro";"Dupla";"Reta";"Sim";2;0;1;0;1;0;1;1;-22,6650558628;-43,8208548001;"SPRF-RJ";"DEL07-RJ";"UOP01-DEL07-RJ"
659627;2025-02-06;"quinta-feira";"15:05:00";"PE";101;46;"IGARASSU";"Manobra de mudança de faixa";"Colisão traseira";"Com Vítimas Feridas";"Pleno dia";"Decrescente";"Céu Claro";"Simples";"Reta";"Sim";2;0;0;1;1;0;1;2;-7,87406004;-34,90588126;"SPRF-PE";"DEL01-PE";"UOP02-DEL01-PE"
659631;2025-02-06;"quinta-feira";"16:00:00";"MG";40;747,5;"SANTOS DUMONT";"Demais falhas mecânicas ou elétricas";"Incêndio";"Sem Vítimas";"Pleno dia";"Crescente";"Céu Claro";"Simples";"Reta;Declive";"Não";3;0;0;0;3;0;0;1;-21,4328731;-43,55221915;"SPRF-MG";"DEL05-MG";"UOP01-DEL05-MG"
659632;2025-02-06;"quinta-feira";"14:57:00";"PE";407;124;"PETROLINA";"Transitar no Acostamento";"Colisão lateral mesmo sentido";"Com Vítimas Feridas";"Pleno dia";"Decrescente";"Céu Claro";"Dupla";"Reta";"Sim";3;0;1;0;2;0;1;2;-9,375587;-40,537452;"SPRF-PE";"DEL06-PE";"UOP01-DEL06-PE"
659633;2025-02-06;"quinta-feira";"14:04:00";"RO";364;339,6;"JI-PARANA";"Acessar a via sem observar a presença dos outros veículos";"Colisão transversal";"Com Vítimas Feridas";"Pleno dia";"Decrescente";"Céu Claro";"Dupla";"Reta";"Sim";3;0;1;0;2;0;1;2;-10,907816;-61,93017402;"SPRF-RO";"DEL02-RO";"UOP01-DEL02-RO"
659634;2025-02-06;"quinta-feira";"15:30:00";"PE";101;42;"IGARASSU";"Acessar a via sem observar a presença dos outros veículos";"Colisão transversal";"Sem Vítimas";"Pleno dia";"Crescente";"Céu Claro";"Dupla";"Retorno Regulamentado;Interseção de Vias";"Sim";2;0;0;0;2;0;0;2;-7,83887431;-34,91196739;"SPRF-PE";"DEL01-PE";"UOP02-DEL01-PE"
659637;2025-01-11;"sábado";"05:00:00";"SC";116;145;"SANTA CECILIA";"Acessar a via sem observar a presença dos outros veículos";"Colisão transversal";"Com Vítimas Feridas";"Amanhecer";"Decrescente";"Ignorado";"Simples";"Reta";"Não";2;0;1;0;1;0;1;2;-26,9952408;-50,40782997;"SPRF-SC";"DEL06-SC";"UOP02-DEL06-SC"
659639;2025-02-06;"quinta-feira";"16:20:00";"RN";427;111,3;"CAICO";"Reação tardia ou ineficiente do condutor";"Queda de ocupante de veículo";"Com Vítimas Feridas";"Pleno dia";"Decrescente";"Nublado";"Simples";"Reta";"Não";1;0;0;1;0;0;1;1;-6,45135108;-37,19463445;"SPRF-RN";"DEL03-RN";"UOP01-DEL03-RN"
659641;2025-02-02;"domingo";"22:35:00";"RJ";493;1;"ITABORAI";"Reação tardia ou ineficiente do condutor";"Colisão frontal";"Com Vítimas Feridas";"Plena Noite";"Crescente";"Céu Claro";"Dupla";"Reta";"Sim";1;0;1;0;0;0;1;1;-22,76398788;-42,92731895;"SPRF-RJ";"DEL02-RJ";"UOP02-DEL02-RJ"
659642;2025-02-06;"quinta-feira";"10:00:00";"PR";153;398;"MALLET";"Reação tardia ou ineficiente do condutor";"Saída de leito carroçável";"Com Vítimas Feridas";"Pleno dia";"Decrescente";"Chuva";"Simples";"Curva";"Não";1;0;1;0;0;0;1;1;-25,94400167;-50,85176002;"SPRF-PR";"DEL08-PR";"UOP02-DEL08-PR"
659643;2025-02-06;"quinta-feira";"16:45:00";"RS";470;216;"BENTO GONCALVES";"Ingestão de álcool pelo condutor";"Colisão transversal";"Com Vítimas Feridas";"Pleno dia";"Decrescente";"Céu Claro";"Múltipla";"Reta;Declive;Retorno Regulamentado";"Sim";2;0;1;0;1;0;1;2;-29,15887096;-51,53142395;"SPRF-RS";"DEL06-RS";"UOP01-DEL06-RS"
659644;2025-02-06;"quinta-feira";"17:40:00";"SC";101;120;"ITAJAI";"Trafegar com motocicleta (ou similar) entre as faixas";"Colisão lateral mesmo sentido";"Com Vítimas Feridas";"Pleno dia";"Decrescente";"Nublado";"Dupla";"Reta";"Não";2;0;1;0;1;0;1;2;-26,912758;-48,711998;"SPRF-SC";"DEL04-SC";"UOP04-DEL04-SC"
659648;2025-02-06;"quinta-feira";"16:50:00";"BA";367;82;"EUNAPOLIS";"Condutor deixou de manter distância do veículo da frente";"Colisão traseira";"Com Vítimas Feridas";"Anoitecer";"Decrescente";"Sol";"Simples";"Reta";"Não";3;0;1;0;2;0;1;3;-16,37205962;-39,56163401;"SPRF-BA";"DEL09-BA";"UOP03-DEL09-BA"
659653;2025-02-06;"quinta-feira";"17:00:00";"PE";423;95;"GARANHUNS";"Acessar a via sem observar a presença dos outros veículos";"Atropelamento de Pedestre";"Com Vítimas Feridas";"Anoitecer";"Crescente";"Garoa/Chuvisco";"Simples";"Curva";"Sim";2;0;1;0;1;0;1;2;-8,87891989;-36,47796305;"SPRF-PE";"DEL03-PE";"UOP01-DEL03-PE"
659655;2025-02-06;"quinta-feira";"17:25:00";"RJ";40;112;"DUQUE DE CAXIAS";"Reação tardia ou ineficiente do condutor";"Queda de ocupante de veículo";"Com Vítimas Feridas";"Anoitecer";"Decrescente";"Céu Claro";"Dupla";"Reta";"Sim";1;0;1;0;0;0;1;1;-22,7004454;-43,29014851;"SPRF-RJ";"DEL01-RJ";"UOP02-DEL01-RJ"
659656;2025-02-06;"quinta-feira";"17:10:00";"SC";101;328;"CAPIVARI DE BAIXO";"Acumulo de água sobre o pavimento";"Tombamento";"Com Vítimas Feridas";"Pleno dia";"Decrescente";"Chuva";"Múltipla";"Aclive";"Não";1;0;1;0;0;0;1;1;-28,44741173;-48,96863937;"SPRF-SC";"DEL02-SC";"UOP01-DEL02-SC"
659658;2025-02-06;"quinta-feira";"17:00:00";"MA";135;15,3;"SAO LUIS";"Área urbana sem a presença de local apropriado para a travessia de pedestres";"Atropelamento de Pedestre";"Com Vítimas Feridas";"Anoitecer";"Decrescente";"Nublado";"Dupla";"Reta";"Sim";2;0;1;0;1;0;1;2;-2,69540095;-44,30511707;"SPRF-MA";"DEL01-MA";"UOP01-DEL01-MA"
659660;2025-02-06;"quinta-feira";"17:00:00";"DF";80;25;"BRASILIA";"Ausência de reação do condutor";"Saída de leito carroçável";"Com Vítimas Feridas";"Pleno dia";"Crescente";"Céu Claro";"Dupla";"Reta";"Sim";1;0;1;0;0;0;1;1;-15,61765;-48,1989;"SPRF-DF";"DEL03-DF";"UOP02-DEL03-DF"
659662;2025-02-06;"quinta-feira";"18:20:00";"PR";277;590,1;"CASCAVEL";"Desrespeitar a preferência no cruzamento";"Colisão transversal";"Com Vítimas Feridas";"Pleno dia";"Decrescente";"Céu Claro";"Simples";"Reta;Interseção de Vias";"Não";2;0;1;0;1;0;1;2;-24,98120697;-53,45591501;"SPRF-PR";"DEL04-PR";"UOP01-DEL04-PR"
659663;2025-02-06;"quinta-feira";"18:15:00";"GO";40;5;"VALPARAISO DE GOIAS";"Manobra de mudança de faixa";"Colisão lateral mesmo sentido";"Com Vítimas Feridas";"Anoitecer";"Crescente";"Céu Claro";"Dupla";"Declive;Reta";"Não";3;0;1;0;2;0;1;3;-16,093134;-47,982236;"SPRF-DF";"DEL01-DF";"UOP01-DEL01-DF"
659665;2025-02-06;"quinta-feira";"17:40:00";"PB";230;157,6;"CAMPINA GRANDE";"Acessar a via sem observar a presença dos outros veículos";"Colisão transversal";"Com Vítimas Feridas";"Anoitecer";"Crescente";"Garoa/Chuvisco";"Simples";"Reta";"Sim";2;0;1;0;1;0;1;2;-7,264;-35,9199;"SPRF-PB";"DEL02-PB";"UOP01-DEL02-PB"
659666;2025-02-06;"quinta-feira";"16:44:00";"SC";116;17;"MAFRA";"Conversão proibida";"Tombamento";"Com Vítimas Fatais";"Pleno dia";"Decrescente";"Nublado";"Simples";"Interseção de Vias;Reta";"Não";4;1;0;0;3;0;0;2;-26,21817159;-49,88919497;"SPRF-SC";"DEL06-SC";"UOP01-DEL06-SC"
659667;2025-02-06;"quinta-feira";"18:50:00";"SC";101;137;"BALNEARIO CAMBORIU";"Avarias e/ou desgaste excessivo no pneu";"Saída de leito carroçável";"Com Vítimas Feridas";"Anoitecer";"Crescente";"Nublado";"Dupla";"Reta";"Sim";2;0;1;0;1;0;1;1;-27,0157238;-48,61192763;"SPRF-SC";"DEL04-SC";"UOP03-DEL04-SC"
659668;2025-02-06;"quinta-feira";"17:40:00";"RJ";116;232;"PIRAI";"Demais falhas mecânicas ou elétricas";"Incêndio";"Sem Vítimas";"Plena Noite";"Crescente";"Céu Claro";"Múltipla";"Reta";"Não";1;0;0;0;1;0;0;1;-22,65604007;-43,83713888;"SPRF-RJ";"DEL07-RJ";"UOP01-DEL07-RJ"
659669;2025-02-06;"quinta-feira";"16:50:00";"RJ";116;264;"VOLTA REDONDA";"Acumulo de areia ou detritos sobre o pavimento";"Queda de ocupante de veículo";"Com Vítimas Feridas";"Pleno dia";"Crescente";"Sol";"Simples";"Retorno Regulamentado;Aclive;Curva";"Não";1;0;1;0;0;0;1;1;-22,59213864;-44,07723781;"SPRF-RJ";"DEL07-RJ";"UOP02-DEL07-RJ"
659670;2025-02-06;"quinta-feira";"18:30:00";"SP";116;514;"CAJATI";"Chuva";"Saída de leito carroçável";"Com Vítimas Feridas";"Anoitecer";"Crescente";"Chuva";"Dupla";"Curva";"Não";3;0;1;0;2;0;1;1;-24,85874304;-48,21731282;"SPRF-SP";"DEL05-SP";"UOP02-DEL05-SP"
659671;2025-02-06;"quinta-feira";"18:00:00";"MS";163;281;"DOURADOS";"Ausência de reação do condutor";"Tombamento";"Com Vítimas Feridas";"Plena Noite";"Crescente";"Nublado";"Dupla";"Rotatória";"Não";1;0;1;0;0;0;1;1;-22,13222947;-54,61222966;"SPRF-MS";"DEL04-MS";"UOP01-DEL04-MS"
659672;2025-02-06;"quinta-feira";"19:10:00";"MA";222;667;"ACAILANDIA";"Acessar a via sem observar a presença dos outros veículos";"Colisão transversal";"Com Vítimas Feridas";"Plena Noite";"Decrescente";"Céu Claro";"Simples";"Declive;Reta";"Não";2;0;1;0;1;0;1;2;-4,90264174;-47,39968016;"SPRF-MA";"DEL04-MA";"UOP03-DEL04-MA"
659674;2025-02-06;"quinta-feira";"19:00:00";"MG";381;536,1;"ITATIAIUCU";"Animais na Pista";"Capotamento";"Com Vítimas Feridas";"Plena Noite";"Crescente";"Céu Claro";"Dupla";"Reta";"Não";1;0;1;0;0;0;1;1;-20,22443302;-44,39530859;"SPRF-MG";"DEL04-MG";"UOP03-DEL04-MG"
659675;2025-02-06;"quinta-feira";"14:30:00";"MT";70;84;"GENERAL CARNEIRO";"Acumulo de água sobre o pavimento";"Capotamento";"Com Vítimas Feridas";"Pleno dia";"Decrescente";"Nublado";"Simples";"Curva;Declive";"Não";1;0;1;0;0;0;1;1;-15,62211981;-52,83378091;"SPRF-MT";"DEL07-MT";"UOP01-DEL07-MT"
659677;2025-02-06;"quinta-feira";"19:00:00";"MG";50;194,5;"UBERABA";"Demais falhas mecânicas ou elétricas";"Saída de leito carroçável";"Com Vítimas Feridas";"Plena Noite";"Crescente";"Céu Claro";"Dupla";"Reta";"Não";1;0;1;0;0;0;1;1;-19,887439;-47,848374;"SPRF-MG";"DEL13-MG";"UOP01-DEL13-MG"
659678;2025-02-06;"quinta-feira";"09:20:00";"BA";110;13;"PAULO AFONSO";"Chuva";"Queda de ocupante de veículo";"Com Vítimas Feridas";"Pleno dia";"Decrescente";"Chuva";"Simples";"Reta";"Não";1;0;1;0;0;0;1;1;-9,56792795;-38,22294244;"SPRF-BA";"DEL07-BA";"UOP01-DEL07-BA"
659679;2025-02-06;"quinta-feira";"18:52:00";"RO";364;710;"PORTO VELHO";"Acessar a via sem observar a presença dos outros veículos";"Colisão lateral mesmo sentido";"Com Vítimas Feridas";"Pleno dia";"Decrescente";"Céu Claro";"Dupla";"Reta";"Sim";3;0;2;0;1;0;2;2;-8,78621576;-63,85712687;"SPRF-RO";"DEL01-RO";"UOP01-DEL01-RO"
659681;2025-02-06;"quinta-feira";"19:45:00";"CE";222;135,2;"ITAPAJE";"Transitar na contramão";"Colisão frontal";"Com Vítimas Fatais";"Plena Noite";"Crescente";"Nublado";"Simples";"Curva";"Não";3;1;0;1;0;1;1;2;-3,73432301;-39,667822;"SPRF-CE";"DEL04-CE";"UOP03-DEL04-CE"
659682;2025-02-06;"quinta-feira";"19:50:00";"PR";376;176,6;"MARINGA";"Acessar a via sem observar a presença dos outros veículos";"Colisão transversal";"Com Vítimas Feridas";"Plena Noite";"Decrescente";"Céu Claro";"Múltipla";"Reta";"Sim";3;0;1;1;1;0;2;2;-23,41269173;-51,93158327;"SPRF-PR";"DEL09-PR";"UOP01-DEL09-PR"
659683;2025-01-29;"quarta-feira";"15:10:00";"GO";153;506;"APARECIDA DE GOIANIA";"Demais falhas na via";"Tombamento";"Com Vítimas Feridas";"Pleno dia";"Crescente";"Sol";"Dupla";"Reta;Declive";"Sim";1;0;1;0;0;0;1;1;-16,7633;-49,24;"SPRF-GO";"DEL01-GO";"UOP01-DEL01-GO"