"id";"data_inversa";"dia_semana";"horario";"uf";"br";"km";"municipio";"causa_acidente";"tipo_acidente";"classificacao_acidente";"fase_dia";"sentido_via";"condicao_metereologica";"tipo_pista";"tracado_via";"uso_solo";"pessoas";"mortos";"feridos_leves";"feridos_graves";"ilesos";"ignorados";"feridos";"veiculos";"latitude";"longitude";"regional";"delegacia";"uop"
659823;2025-02-07;"sexta-feira";"12:54:00";"PR";116;90;"PIRAQUARA";"Manobra de mudança de faixa";"Colisão lateral mesmo sentido";"Com Vítimas Feridas";"Pleno dia";"Crescente";"Nublado";"Simples";"Reta";"Não";3;0;2;0;1;0;2;2;-25,49705906;-49,11752712;"SPRF-PR";"DEL01-PR";"UOP07-DEL01-PR"
659825;2025-02-07;"sexta-feira";"08:50:00";"PE";101;157,4;"GAMELEIRA";"Ausência de reação do condutor";"Saída de leito carroçável";"Com Vítimas Feridas";"Pleno dia";"Crescente";"Chuva";"Dupla";"Curva";"Não";1;0;1;0;0;0;1;1;-8,55352976;-35,3964161;"SPRF-PE";"DEL01-PE";"UOP03-DEL01-PE"
659827;2025-01-13;"segunda-feira";"16:40:00";"MG";381;3;"BETIM";"Entrada inopinada do pedestre";"Atropelamento de Pedestre";"Com Vítimas Feridas";"Pleno dia";"Crescente";"Garoa/Chuvisco";"Simples";"Reta";"Sim";2;0;0;1;1;0;1;2;-19,96825;-44,198708;"SPRF-MG";"DEL01-MG";"UOP03-DEL01-MG"
659828;2025-02-07;"sexta-feira";"09:20:00";"MG";40;449;"CAETANOPOLIS";"Pista esburacada";"Colisão traseira";"Com Vítimas Feridas";"Pleno dia";"Decrescente";"Céu Claro";"Dupla";"Reta";"Não";5;0;3;0;2;0;3;3;-19,30931885;-44,37278577;"SPRF-MG";"DEL02-MG";"UOP01-DEL02-MG"
659829;2025-02-07;"sexta-feira";"09:50:00";"AL";316;262;"SATUBA";"Desrespeitar a preferência no cruzamento";"Colisão transversal";"Com Vítimas Feridas";"Pleno dia";"Crescente";"Céu Claro";"Simples";"Interseção de Vias";"Não";2;0;0;1;1;0;1;2;-9,5877592;-35,87975979;"SPRF-AL";"DEL02-AL";"UOP01-DEL02-AL"
659831;2025-02-07;"sexta-feira";"13:30:00";"BA";242;815;"BARREIRAS";"Reação tardia ou ineficiente do condutor";"Colisão com objeto";"Com Vítimas Feridas";"Pleno dia";"Crescente";"Céu Claro";"Simples";"Reta";"Não";1;0;1;0;0;0;1;1;-12,14882598;-44,999386;"SPRF-BA";"DEL10-BA";"UOP01-DEL10-BA"
659832;2025-02-07;"sexta-feira";"14:15:00";"ES";101;359,3;"ANCHIETA";"Acesso irregular";"Colisão transversal";"Com Vítimas Feridas";"Pleno dia";"Crescente";"Nublado";"Simples";"Reta;Aclive";"Não";4;0;1;0;3;0;1;2;-20,69768274;-40,71161014;"SPRF-ES";"DEL03-ES";"UOP01-DEL03-ES"
659833;2025-02-07;"sexta-feira";"14:30:00";"MG";50;98;"UBERLANDIA";"Demais falhas mecânicas ou elétricas";"Incêndio";"Sem Vítimas";"Pleno dia";"Crescente";"Céu Claro";"Dupla";"Reta";"Não";1;0;0;0;1;0;0;1;-19,11861301;-48,17588405;"SPRF-MG";"DEL15-MG";"UOP01-DEL15-MG"
659834;2025-02-07;"sexta-feira";"14:20:00";"DF";20;10,3;"BRASILIA";"Ausência de reação do condutor";"Colisão lateral mesmo sentido";"Com Vítimas Feridas";"Pleno dia";"Decrescente";"Céu Claro";"Dupla";"Reta";"Não";4;0;2;0;2;0;2;2;-15,650243;-47,773872;"SPRF-DF";"DEL02-DF";"UOP01-DEL02-DF"
659835;2025-01-29;"quarta-feira";"17:00:00";"GO";20;146,9;"ALVORADA DO NORTE";"Acessar a via sem observar a presença dos outros veículos";"Colisão transversal";"Com Vítimas Feridas";"Pleno dia";"Crescente";"Nublado";"Simples";"Reta";"Não";2;0;0;1;1;0;1;2;-14,734658;-46,652908;"SPRF-DF";"DEL02-DF";"UOP03-DEL02-DF"
659836;2025-02-07;"sexta-feira";"14:40:00";"MG";381;491;"BETIM";"Demais falhas mecânicas ou elétricas";"Tombamento";"Com Vítimas Feridas";"Pleno dia";"Crescente";"Céu Claro";"Múltipla";"Reta";"Não";2;0;2;0;0;0;2;1;-19,97018187;-44,18210416;"SPRF-MG";"DEL01-MG";"UOP03-DEL01-MG"
659838;2025-02-07;"sexta-feira";"15:15:00";"PE";101;69;"RECIFE";"Ausência de reação do condutor";"Colisão traseira";"Com Vítimas Feridas";"Pleno dia";"Crescente";"Céu Claro";"Dupla";"Reta";"Sim";3;0;2;0;1;0;2;2;-8,05951606;-34,94581024;"SPRF-PE";"DEL01-PE";"UOP01-DEL01-PE"
659839;2025-02-07;"sexta-feira";"15:00:00";"ES";101;67,5;"SAO MATEUS";"Acessar a via sem observar a presença dos outros veículos";"Colisão lateral mesmo sentido";"Com Vítimas Feridas";"Pleno dia";"Decrescente";"Céu Claro";"Dupla";"Interseção de Vias";"Sim";2;0;1;0;1;0;1;2;-18,72054021;-39,8658931;"SPRF-ES";"DEL04-ES";"UOP02-DEL04-ES"
659841;2025-02-07;"sexta-feira";"14:30:00";"RN";101;109;"PARNAMIRIM";"Acessar a via sem observar a presença dos outros veículos";"Colisão transversal";"Com Vítimas Feridas";"Pleno dia";"Decrescente";"Céu Claro";"Dupla";"Retorno Regulamentado";"Sim";2;0;1;0;1;0;1;2;-5,937378;-35,26483;"SPRF-RN";"DEL01-RN";"UOP01-DEL01-RN"
659843;2025-02-07;"sexta-feira";"10:40:00";"MT";70;734;"CACERES";"Acessar a via sem observar a presença dos outros veículos";"Colisão frontal";"Com Vítimas Feridas";"Pleno dia";"Crescente";"Céu Claro";"Simples";"Reta";"Sim";2;0;0;1;1;0;1;2;-16,08674332;-57,69618273;"SPRF-MT";"DEL03-MT";"UOP01-DEL03-MT"
659845;2025-02-07;"sexta-feira";"15:10:00";"SC";101;288;"IMBITUBA";"Condutor deixou de manter distância do veículo da frente";"Colisão traseira";"Com Vítimas Feridas";"Pleno dia";"Decrescente";"Céu Claro";"Dupla";"Reta";"Sim";4;0;1;0;2;1;1;3;-28,24598003;-48,70010284;"SPRF-SC";"DEL02-SC";"UOP03-DEL02-SC"
659847;2025-02-07;"sexta-feira";"14:45:00";"BA";324;620;"SALVADOR";"Condutor deixou de manter distância do veículo da frente";"Colisão traseira";"Com Vítimas Feridas";"Pleno dia";"Crescente";"Sol";"Dupla";"Reta";"Não";6;0;1;0;5;0;1;2;-12,90482172;-38,45556535;"SPRF-BA";"DEL01-BA";"UOP01-DEL01-BA"
659848;2025-02-07;"sexta-feira";"11:20:00";"RJ";40;96;"DUQUE DE CAXIAS";"Acumulo de óleo sobre o pavimento";"Queda de ocupante de veículo";"Com Vítimas Feridas";"Pleno dia";"Decrescente";"Céu Claro";"Dupla";"Aclive;Curva";"Não";2;0;1;0;1;0;1;1;-22,56876595;-43,27693723;"SPRF-RJ";"DEL01-RJ";"UOP01-DEL01-RJ"
659849;2025-02-07;"sexta-feira";"16:30:00";"ES";101;266;"SERRA";"Reação tardia ou ineficiente do condutor";"Tombamento";"Com Vítimas Feridas";"Pleno dia";"Decrescente";"Céu Claro";"Dupla";"Reta";"Sim";2;0;1;0;0;1;1;2;-20,190199;-40,26828891;"SPRF-ES";"DEL02-ES";"UOP01-DEL02-ES"
659850;2025-02-07;"sexta-feira";"15:40:00";"SC";101;211,8;"PALHOCA";"Reação tardia ou ineficiente do condutor";"Colisão lateral mesmo sentido";"Com Vítimas Feridas";"Pleno dia";"Decrescente";"Céu Claro";"Dupla";"Reta";"Sim";3;0;1;0;2;0;1;3;-27,62329313;-48,65245588;"SPRF-SC";"DEL01-SC";"UOP02-DEL01-SC"
659851;2025-02-07;"sexta-feira";"13:30:00";"MG";354;753,9;"ITAMONTE";"Acessar a via sem observar a presença dos outros veículos";"Colisão transversal";"Com Vítimas Feridas";"Pleno dia";"Decrescente";"Chuva";"Simples";"Reta";"Sim";2;0;0;1;1;0;1;2;-22,30074263;-44,86208652;"SPRF-MG";"DEL17-MG";"UOP01-DEL17-MG"
659852;2025-02-07;"sexta-feira";"16:11:00";"PE";232;4,5;"RECIFE";"Ausência de reação do condutor";"Colisão traseira";"Com Vítimas Feridas";"Pleno dia";"Crescente";"Céu Claro";"Dupla";"Viaduto";"Sim";2;0;0;1;0;1;1;2;-8,067039;-34,943171;"SPRF-PE";"DEL01-PE";"UOP01-DEL01-PE"
659853;2025-02-07;"sexta-feira";"11:00:00";"SC";101;135;"BALNEARIO CAMBORIU";"Transitar na contramão";"Colisão transversal";"Com Vítimas Feridas";"Pleno dia";"Crescente";"Céu Claro";"Dupla";"Curva";"Não";2;0;1;0;1;0;1;2;-27,0050108;-48,62677494;"SPRF-SC";"DEL04-SC";"UOP03-DEL04-SC"
659854;2025-02-07;"sexta-feira";"16:00:00";"CE";116;14;"FORTALEZA";"Condutor deixou de manter distância do veículo da frente";"Colisão traseira";"Com Vítimas Feridas";"Pleno dia";"Decrescente";"Céu Claro";"Múltipla";"Declive;Interseção de Vias";"Sim";2;0;1;0;1;0;1;2;-3,86973356;-38,49827361;"SPRF-CE";"DEL01-CE";"UOP02-DEL01-CE"
659856;2025-02-07;"sexta-feira";"14:40:00";"MG";381;935,5;"EXTREMA";"Pista Escorregadia";"Colisão com objeto";"Com Vítimas Feridas";"Pleno dia";"Crescente";"Chuva";"Simples";"Curva;Declive";"Não";3;0;2;0;1;0;2;1;-22,8056671;-46,27533674;"SPRF-MG";"DEL16-MG";"UOP03-DEL16-MG"
659858;2025-02-07;"sexta-feira";"13:30:00";"RJ";101;326;"RIO DE JANEIRO";"Manobra de mudança de faixa";"Colisão lateral mesmo sentido";"Com Vítimas Feridas";"Pleno dia";"Crescente";"Céu Claro";"Dupla";"Reta;Ponte;Aclive";"Não";2;0;1;0;0;1;1;2;-22,87206203;-43,146105;"SPRF-RJ";"DEL02-RJ";"UOP01-DEL02-RJ"
659859;2025-02-07;"sexta-feira";"13:45:00";"PR";373;235;"GUAMIRANGA";"Reação tardia ou ineficiente do condutor";"Saída de leito carroçável";"Sem Vítimas";"Pleno dia";"Decrescente";"Céu Claro";"Simples";"Reta";"Não";1;0;0;0;1;0;0;1;-25,18041451;-50,71545996;"SPRF-PR";"DEL03-PR";"UOP01-DEL03-PR"
659860;2025-01-31;"sexta-feira";"18:09:00";"RO";0;0;"CACOAL";"Redutor de velocidade em desacordo";"Colisão com objeto";"Com Vítimas Feridas";"Anoitecer";"Não Informado";"Nublado";"Simples";"Reta";"Sim";3;0;1;0;2;0;1;2;-11,501514;-61,366487;"SPRF-RO";"DEL02-RO";"UOP02-DEL02-RO"
659861;2025-02-07;"sexta-feira";"16:04:00";"PR";369;160,2;"CAMBE";"Condutor deixou de manter distância do veículo da frente";"Engavetamento";"Sem Vítimas";"Pleno dia";"Crescente";"Céu Claro";"Dupla";"Reta";"Sim";3;0;0;0;3;0;0;3;-23,28605836;-51,25964646;"SPRF-PR";"DEL07-PR";"UOP01-DEL07-PR"
659863;2025-02-07;"sexta-feira";"14:58:00";"BA";101;354;"WENCESLAU GUIMARAES";"Condutor deixou de manter distância do veículo da frente";"Colisão traseira";"Com Vítimas Feridas";"Pleno dia";"Crescente";"Céu Claro";"Simples";"Reta;Aclive";"Não";3;0;1;0;2;0;1;2;-13,67567814;-39,47731018;"SPRF-BA";"DEL05-BA";"UOP03-DEL05-BA"
659864;2025-02-07;"sexta-feira";"17:00:00";"PE";428;138,5;"LAGOA GRANDE";"Velocidade Incompatível";"Saída de leito carroçável";"Com Vítimas Feridas";"Pleno dia";"Crescente";"Nublado";"Simples";"Reta";"Não";2;0;1;0;1;0;1;1;-8,98338872;-40,25496316;"SPRF-PE";"DEL06-PE";"UOP03-DEL06-PE"
659865;2025-02-07;"sexta-feira";"15:20:00";"RJ";101;205;"CASIMIRO DE ABREU";"Acessar a via sem observar a presença dos outros veículos";"Colisão transversal";"Com Vítimas Feridas";"Pleno dia";"Decrescente";"Céu Claro";"Simples";"Retorno Regulamentado;Interseção de Vias";"Sim";2;0;1;0;1;0;1;2;-22,475714;-42,19184;"SPRF-RJ";"DEL08-RJ";"UOP04-DEL08-RJ"
659867;2025-02-07;"sexta-feira";"17:40:00";"RS";470;175;"VERANOPOLIS";"Acessar a via sem observar a presença dos outros veículos";"Colisão transversal";"Com Vítimas Feridas";"Pleno dia";"Crescente";"Céu Claro";"Simples";"Em Obras;Reta";"Sim";5;0;1;0;4;0;1;2;-28,91926201;-51,53914905;"SPRF-RS";"DEL06-RS";"UOP02-DEL06-RS"
659868;2025-02-07;"sexta-feira";"17:54:00";"SP";116;140;"SAO JOSE DOS CAMPOS";"Ausência de reação do condutor";"Colisão lateral mesmo sentido";"Com Vítimas Feridas";"Pleno dia";"Crescente";"Céu Claro";"Dupla";"Reta";"Sim";2;0;0;1;1;0;1;2;-23,16577714;-45,81246193;"SPRF-SP";"DEL02-SP";"UOP01-DEL02-SP"
659869;2025-02-07;"sexta-feira";"14:30:00";"BA";101;496,3;"ITABUNA";"Falta de elemento de contenção que evite a saída do leito carroçável";"Saída de leito carroçável";"Com Vítimas Feridas";"Pleno dia";"Crescente";"Sol";"Simples";"Aclive";"Não";3;0;3;0;0;0;3;1;-14,736058;-39,335552;"SPRF-BA";"DEL05-BA";"UOP01-DEL05-BA"
659870;2025-02-07;"sexta-feira";"16:30:00";"MA";222;502;"BURITICUPU";"Acessar a via sem observar a presença dos outros veículos";"Colisão transversal";"Com Vítimas Feridas";"Pleno dia";"Decrescente";"Céu Claro";"Simples";"Reta";"Não";3;0;2;0;1;0;2;2;-4,31278214;-46,26275333;"SPRF-MA";"DEL02-MA";"UOP01-DEL02-MA"
659871;2025-02-07;"sexta-feira";"17:40:00";"SP";153;116,5;"UBARANA";"Condutor deixou de manter distância do veículo da frente";"Colisão traseira";"Sem Vítimas";"Pleno dia";"Crescente";"Nublado";"Simples";"Reta";"Não";3;0;0;0;3;0;0;2;-21,1375408;-49,69894942;"SPRF-SP";"DEL09-SP";"UOP01-DEL09-SP"
659872;2025-02-07;"sexta-feira";"17:40:00";"PR";116;47;"CAMPINA GRANDE DO SUL";"Reação tardia ou ineficiente do condutor";"Atropelamento de Pedestre";"Com Vítimas Feridas";"Anoitecer";"Decrescente";"Chuva";"Dupla";"Curva";"Não";2;0;1;0;1;0;1;2;-25,210964;-48,897024;"SPRF-PR";"DEL01-PR";"UOP02-DEL01-PR"
659873;2025-02-07;"sexta-feira";"18:20:00";"PR";163;175;"LINDOESTE";"Acumulo de água sobre o pavimento";"Saída de leito carroçável";"Com Vítimas Feridas";"Anoitecer";"Crescente";"Chuva";"Dupla";"Curva;Declive";"Não";1;0;1;0;0;0;1;1;-25,21734703;-53,59537645;"SPRF-PR";"DEL05-PR";"UOP05-DEL05-PR"
659874;2025-02-07;"sexta-feira";"15:00:00";"PB";104;117;"LAGOA SECA";"Acessar a via sem observar a presença dos outros veículos";"Colisão transversal";"Com Vítimas Feridas";"Pleno dia";"Crescente";"Céu Claro";"Simples";"Reta";"Não";3;0;1;0;2;0;1;2;-7,19030697;-35,86736609;"SPRF-PB";"DEL02-PB";"UOP04-DEL02-PB"
659876;2025-02-07;"sexta-feira";"18:20:00";"SE";235;8,9;"NOSSA SENHORA DO SOCORRO";"Demais falhas na via";"Queda de ocupante de veículo";"Com Vítimas Feridas";"Plena Noite";"Decrescente";"Nublado";"Simples";"Em Obras;Reta";"Não";1;0;1;0;0;0;1;1;-10,883585;-37,13908;"SPRF-SE";"DEL01-SE";"UOP01-DEL01-SE"
659878;2025-02-07;"sexta-feira";"18:25:00";"SE";235;8,9;"NOSSA SENHORA DO SOCORRO";"Demais falhas na via";"Queda de ocupante de veículo";"Com Vítimas Feridas";"Plena Noite";"Crescente";"Nublado";"Simples";"Reta;Em Obras";"Sim";2;0;2;0;0;0;2;1;-10,886912;-37,132862;"SPRF-SE";"DEL01-SE";"UOP01-DEL01-SE"
659880;2025-02-07;"sexta-feira";"18:27:00";"CE";116;20;"ITAITINGA";"Entrada inopinada do pedestre";"Atropelamento de Pedestre";"Com Vítimas Feridas";"Plena Noite";"Crescente";"Céu Claro";"Dupla";"Reta";"Sim";2;0;2;0;0;0;2;2;-3,92277497;-38,50762327;"SPRF-CE";"DEL01-CE";"UOP02-DEL01-CE"
659881;2025-02-07;"sexta-feira";"18:20:00";"SC";470;54,1;"BLUMENAU";"Trafegar com motocicleta (ou similar) entre as faixas";"Colisão frontal";"Com Vítimas Feridas";"Anoitecer";"Crescente";"Nublado";"Simples";"Em Obras;Reta";"Sim";2;0;1;0;1;0;1;2;-26,87159757;-49,11194444;"SPRF-SC";"DEL04-SC";"UOP01-DEL04-SC"
659882;2025-02-07;"sexta-feira";"13:20:00";"RJ";465;20;"NOVA IGUACU";"Ausência de reação do condutor";"Queda de ocupante de veículo";"Com Vítimas Feridas";"Pleno dia";"Decrescente";"Céu Claro";"Simples";"Reta";"Sim";2;0;0;1;1;0;1;2;-22,846828;-43,605339;"SPRF-RJ";"DEL06-RJ";"UOP02-DEL06-RJ"
659884;2025-02-07;"sexta-feira";"16:10:00";"BA";101;190;"CONCEICAO DA FEIRA";"Demais falhas mecânicas ou elétricas";"Incêndio";"Sem Vítimas";"Pleno dia";"Decrescente";"Céu Claro";"Simples";"Reta";"Não";1;0;0;0;1;0;0;1;-12,59306904;-38,98826795;"SPRF-BA";"DEL01-BA";"UOP03-DEL01-BA"
659887;2025-02-07;"sexta-feira";"18:40:00";"RN";406;160;"CEARA-MIRIM";"Acessar a via sem observar a presença dos outros veículos";"Colisão transversal";"Com Vítimas Feridas";"Plena Noite";"Crescente";"Céu Claro";"Simples";"Reta";"Não";2;0;0;1;1;0;1;2;-5,71375666;-35,37210457;"SPRF-RN";"DEL02-RN";"UOP01-DEL02-RN"
659888;2025-02-07;"sexta-feira";"19:25:00";"SE";235;9,9;"NOSSA SENHORA DO SOCORRO";"Demais falhas na via";"Tombamento";"Com Vítimas Feridas";"Plena Noite";"Decrescente";"Nublado";"Simples";"Em Obras";"Não";1;0;0;1;0;0;1;1;-10,883585;-37,13908;"SPRF-SE";"DEL01-SE";"UOP01-DEL01-SE"
659890;2025-02-07;"sexta-feira";"18:25:00";"BA";101;925;"NOVA VICOSA";"Acessar a via sem observar a presença dos outros veículos";"Colisão transversal";"Com Vítimas Feridas";"Plena Noite";"Decrescente";"Céu Claro";"Simples";"Reta";"Não";2;0;0;1;1;0;1;2;-17,931938;-39,840515;"SPRF-BA";"DEL09-BA";"UOP02-DEL09-BA"
659891;2025-02-07;"sexta-feira";"19:20:00";"SP";116;209,3;"GUARULHOS";"Ausência de reação do condutor";"Capotamento";"Com Vítimas Feridas";"Plena Noite";"Decrescente";"Céu Claro";"Múltipla";"Reta";"Sim";1;0;1;0;0;0;1;1;-23,42511799;-46,40221101;"SPRF-SP";"DEL01-SP";"UOP01-DEL01-SP"
659892;2025-02-07;"sexta-feira";"18:40:00";"PR";163;220,9;"CASCAVEL";"Chuva";"Saída de leito carroçável";"Com Vítimas Feridas";"Plena Noite";"Decrescente";"Chuva";"Dupla";"Curva";"Não";2;0;0;2;0;0;2;1;-24,85406;-53,60029;"SPRF-PR";"DEL04-PR";"UOP01-DEL04-PR"
659893;2025-02-07;"sexta-feira";"14:30:00";"BA";101;44;"ESPLANADA";"Ausência de reação do condutor";"Saída de leito carroçável";"Com Vítimas Feridas";"Pleno dia";"Decrescente";"Céu Claro";"Simples";"Curva;Em Obras";"Não";1;0;1;0;0;0;1;1;-11,88149901;-38,009833;"SPRF-SE";"DEL02-SE";"UOP03-DEL02-SE"
659894;2025-02-07;"sexta-feira";"19:40:00";"CE";116;21,4;"AQUIRAZ";"Objeto estático sobre o leito carroçável";"Colisão com objeto";"Com Vítimas Feridas";"Plena Noite";"Crescente";"Céu Claro";"Dupla";"Reta";"Não";1;0;0;1;0;0;1;1;-3,93175901;-38,50825087;"SPRF-CE";"DEL01-CE";"UOP02-DEL01-CE"
659895;2025-02-07;"sexta-feira";"17:30:00";"BA";235;235;"UAUA";"Ausência de reação do condutor";"Tombamento";"Com Vítimas Fatais";"Anoitecer";"Crescente";"Céu Claro";"Simples";"Reta";"Não";1;1;0;0;0;0;0;1;-9,80920768;-39,53834683;"SPRF-BA";"DEL07-BA";"UOP03-DEL07-BA"
659897;2025-02-07;"sexta-feira";"19:50:00";"SE";235;9,9;"NOSSA SENHORA DO SOCORRO";"Demais falhas na via";"Tombamento";"Com Vítimas Feridas";"Plena Noite";"Crescente";"Nublado";"Simples";"Em Obras";"Não";2;0;2;0;0;0;2;1;-10,883585;-37,13908;"SPRF-SE";"DEL01-SE";"UOP01-DEL01-SE"
659898;2025-02-07;"sexta-feira";"19:40:00";"SP";116;208;"GUARULHOS";"Afundamento ou ondulação no pavimento";"Tombamento";"Com Vítimas Feridas";"Plena Noite";"Decrescente";"Céu Claro";"Múltipla";"Reta";"Sim";2;0;2;0;0;0;2;1;-23,42222263;-46,3932771;"SPRF-SP";"DEL01-SP";"UOP01-DEL01-SP"
659901;2025-02-07;"sexta-feira";"19:30:00";"PR";376;239,5;"APUCARANA";"Acesso irregular";"Colisão traseira";"Com Vítimas Feridas";"Plena Noite";"Crescente";"Céu Claro";"Dupla";"Reta";"Sim";2;0;1;0;1;0;1;2;-23,583444;-51,457033;"SPRF-PR";"DEL07-PR";"UOP03-DEL07-PR"
659902;2025-02-07;"sexta-feira";"19:30:00";"PE";101;51;"ABREU E LIMA";"Manobra de mudança de faixa";"Colisão lateral mesmo sentido";"Com Vítimas Feridas";"Plena Noite";"Crescente";"Céu Claro";"Dupla";"Curva";"Não";3;0;1;1;1;0;2;2;-7,9169968;-34,89689272;"SPRF-PE";"DEL01-PE";"UOP02-DEL01-PE"
659903;2025-02-07;"sexta-feira";"19:52:00";"GO";70;6,6;"AGUAS LINDAS DE GOIAS";"Pedestre cruzava a pista fora da faixa";"Atropelamento de Pedestre";"Com Vítimas Feridas";"Plena Noite";"Crescente";"Céu Claro";"Dupla";"Reta";"Sim";2;0;0;1;1;0;1;2;-15,75049381;-48,2612381;"SPRF-DF";"DEL03-DF";"UOP02-DEL03-DF"
659904;2025-02-07;"sexta-feira";"19:50:00";"RS";392;32,8;"RIO GRANDE";"Condutor deixou de manter distância do veículo da frente";"Colisão traseira";"Com Vítimas Feridas";"Plena Noite";"Decrescente";"Céu Claro";"Dupla";"Reta";"Sim";2;0;1;0;1;0;1;2;-32,03374882;-52,28672871;"SPRF-RS";"DEL07-RS";"UOP02-DEL07-RS"
659905;2025-02-07;"sexta-feira";"20:50:00";"RJ";101;433;"MANGARATIBA";"Animais na Pista";"Atropelamento de Animal";"Com Vítimas Feridas";"Plena Noite";"Crescente";"Céu Claro";"Simples";"Rotatória";"Sim";2;0;2;0;0;0;2;1;-22,93842518;-44,03644001;"SPRF-RJ";"DEL03-RJ";"UOP02-DEL03-RJ"
659906;2025-02-07;"sexta-feira";"20:10:00";"RJ";101;308;"SAO GONCALO";"Condutor deixou de manter distância do veículo da frente";"Colisão traseira";"Com Vítimas Feridas";"Plena Noite";"Decrescente";"Céu Claro";"Dupla";"Reta";"Sim";3;0;1;0;2;0;1;2;-22,79309326;-43,02479595;"SPRF-RJ";"DEL02-RJ";"UOP02-DEL02-RJ"
659907;2025-02-07;"sexta-feira";"17:00:00";"PR";476;95;"BOCAIUVA DO SUL";"Ausência de reação do condutor";"Colisão com objeto";"Sem Vítimas";"Plena Noite";"Crescente";"Chuva";"Simples";"Curva;Declive";"Sim";1;0;0;0;0;1;0;1;-25,225365;-49,115093;"SPRF-PR";"DEL01-PR";"UOP01-DEL01-PR"
659908;2025-02-07;"sexta-feira";"19:20:00";"RJ";40;102;"DUQUE DE CAXIAS";"Manobra de mudança de faixa";"Colisão lateral mesmo sentido";"Sem Vítimas";"Plena Noite";"Decrescente";"Céu Claro";"Dupla";"Reta";"Sim";2;0;0;0;2;0;0;2;-22,61089297;-43,28656077;"SPRF-RJ";"DEL01-RJ";"UOP02-DEL01-RJ"
659909;2025-02-07;"sexta-feira";"18:20:00";"MS";163;308;"DOURADINA";"Ingestão de álcool pelo condutor";"Saída de leito carroçável";"Com Vítimas Fatais";"Pleno dia";"Crescente";"Céu Claro";"Simples";"Ponte;Reta";"Não";3;1;2;0;0;0;2;1;-21,9108809;-54,5340003;"SPRF-MS";"DEL02-MS";"UOP02-DEL02-MS"
659910;2025-02-07;"sexta-feira";"20:00:00";"ES";259;57;"COLATINA";"Reação tardia ou ineficiente do condutor";"Tombamento";"Com Vítimas Feridas";"Plena Noite";"Crescente";"Céu Claro";"Simples";"Reta";"Não";1;0;1;0;0;0;1;1;-19,50865703;-40,65581416;"SPRF-ES";"DEL02-ES";"UOP01-DEL02-ES"
659911;2025-02-07;"sexta-feira";"19:27:00";"RJ";101;306;"SAO GONCALO";"Reação tardia ou ineficiente do condutor";"Engavetamento";"Com Vítimas Feridas";"Plena Noite";"Decrescente";"Céu Claro";"Dupla";"Reta";"Sim";3;0;1;0;2;0;1;3;-22,78913759;-43,00550909;"SPRF-RJ";"DEL02-RJ";"UOP02-DEL02-RJ"
659912;2025-02-07;"sexta-feira";"20:00:00";"BA";101;183;"SAO GONCALO DOS CAMPOS";"Transitar na contramão";"Colisão frontal";"Com Vítimas Feridas";"Plena Noite";"Crescente";"Céu Claro";"Simples";"Reta";"Não";3;0;0;1;2;0;1;2;-12,44871;-38,924342;"SPRF-BA";"DEL01-BA";"UOP03-DEL01-BA"
659913;2025-02-07;"sexta-feira";"21:00:00";"PE";232;170,2;"BELO JARDIM";"Transitar no Acostamento";"Colisão frontal";"Com Vítimas Fatais";"Plena Noite";"Crescente";"Nublado";"Simples";"Reta";"Não";2;1;0;0;0;1;0;2;-8,34074526;-36,34337092;"SPRF-PE";"DEL03-PE";"UOP02-DEL03-PE"
659914;2025-02-07;"sexta-feira";"20:35:00";"MG";116;515,6;"UBAPORANGA";"Transitar no Acostamento";"Atropelamento de Pedestre";"Com Vítimas Feridas";"Plena Noite";"Crescente";"Céu Claro";"Simples";"Reta";"Não";2;0;1;1;0;0;2;2;-19,68778501;-42,11758577;"SPRF-MG";"DEL06-MG";"UOP02-DEL06-MG"
659915;2025-02-07;"sexta-feira";"21:48:00";"SP";116;225;"GUARULHOS";"Acesso irregular";"Colisão com objeto";"Com Vítimas Feridas";"Plena Noite";"Decrescente";"Nublado";"Múltipla";"Declive;Em Obras;Reta";"Sim";1;0;1;0;0;0;1;1;-23,48586772;-46,54075317;"SPRF-SP";"DEL01-SP";"UOP01-DEL01-SP"
659918;2025-02-07;"sexta-feira";"18:25:00";"RJ";40;111;"DUQUE DE CAXIAS";"Manobra de mudança de faixa";"Colisão lateral mesmo sentido";"Com Vítimas Feridas";"Anoitecer";"Decrescente";"Céu Claro";"Dupla";"Reta";"Sim";3;0;1;0;1;1;1;2;-22,691868;-43,287453;"SPRF-RJ";"DEL01-RJ";"UOP02-DEL01-RJ"
659919;2025-02-07;"sexta-feira";"18:30:00";"MA";230;113;"ESTREITO";"Acessar a via sem observar a presença dos outros veículos";"Colisão transversal";"Com Vítimas Feridas";"Anoitecer";"Crescente";"Nublado";"Simples";"Interseção de Vias";"Não";6;0;0;1;5;0;1;2;-6,67867372;-47,45347023;"SPRF-MA";"DEL05-MA";"UOP01-DEL05-MA"
659920;2025-02-07;"sexta-feira";"20:00:00";"RJ";101;300;"SAO GONCALO";"Trafegar com motocicleta (ou similar) entre as faixas";"Colisão frontal";"Com Vítimas Feridas";"Plena Noite";"Decrescente";"Céu Claro";"Dupla";"Reta";"Sim";2;0;1;0;1;0;1;2;-22,77645713;-42,94783697;"SPRF-RJ";"DEL02-RJ";"UOP02-DEL02-RJ"