"id";"data_inversa";"dia_semana";"horario";"uf";"br";"km";"municipio";"causa_acidente";"tipo_acidente";"classificacao_acidente";"fase_dia";"sentido_via";"condicao_metereologica";"tipo_pista";"tracado_via";"uso_solo";"pessoas";"mortos";"feridos_leves";"feridos_graves";"ilesos";"ignorados";"feridos";"veiculos";"latitude";"longitude";"regional";"delegacia";"uop"
660344;2025-02-09;"domingo";"19:00:00";"MG";365;21,1;"MONTES CLAROS";"Velocidade Incompatível";"Colisão frontal";"Com Vítimas Fatais";"Anoitecer";"Crescente";"Nublado";"Simples";"Reta;Declive";"Não";6;1;4;1;0;0;5;2;-16,86408314;-44,02535005;"SPRF-MG";"DEL12-MG";"UOP01-DEL12-MG"
660345;2025-02-09;"domingo";"19:00:00";"ES";101;231;"FUNDAO";"Velocidade Incompatível";"Colisão traseira";"Com Vítimas Feridas";"Pleno dia";"Decrescente";"Céu Claro";"Simples";"Reta";"Não";3;0;2;0;0;1;2;2;-19,94425773;-40,40662323;"SPRF-ES";"DEL02-ES";"UOP01-DEL02-ES"
660346;2025-02-09;"domingo";"17:30:00";"RS";290;68;"GRAVATAI";"Demais falhas mecânicas ou elétricas";"Tombamento";"Com Vítimas Feridas";"Pleno dia";"Crescente";"Céu Claro";"Dupla";"Reta";"Não";2;0;2;0;0;0;2;1;-29,943384;-50,936207;"SPRF-RS";"DEL03-RS";"UOP01-DEL03-RS"
660347;2025-02-09;"domingo";"17:40:00";"PR";376;14,5;"MARINGA";"Reação tardia ou ineficiente do condutor";"Colisão traseira";"Com Vítimas Fatais";"Anoitecer";"Crescente";"Nublado";"Dupla";"Reta";"Não";6;1;3;2;0;0;5;2;-23,4273;-51,9375;"SPRF-PR";"DEL09-PR";"UOP01-DEL09-PR"
660348;2025-02-09;"domingo";"18:50:00";"SP";381;57;"MAIRIPORA";"Condutor deixou de manter distância do veículo da frente";"Colisão lateral mesmo sentido";"Com Vítimas Feridas";"Anoitecer";"Decrescente";"Céu Claro";"Dupla";"Reta";"Sim";2;0;1;0;1;0;1;2;-23,2658219;-46,5839857;"SPRF-SP";"DEL03-SP";"UOP01-DEL03-SP"
660350;2025-02-09;"domingo";"17:30:00";"RJ";493;19;"MAGE";"Condutor deixou de manter distância do veículo da frente";"Colisão traseira";"Com Vítimas Feridas";"Pleno dia";"Crescente";"Nublado";"Simples";"Reta";"Sim";3;0;2;0;1;0;2;2;-22,6687122;-43,01862696;"SPRF-RJ";"DEL04-RJ";"UOP02-DEL04-RJ"
660352;2025-02-09;"domingo";"16:40:00";"MS";463;109,6;"PONTA PORA";"Transitar na contramão";"Colisão transversal";"Com Vítimas Feridas";"Pleno dia";"Crescente";"Céu Claro";"Dupla";"Interseção de Vias;Reta";"Sim";4;0;2;0;2;0;2;2;-22,58039272;-55,68886181;"SPRF-MS";"DEL04-MS";"UOP03-DEL04-MS"
660354;2025-02-09;"domingo";"19:30:00";"SC";101;65;"ARAQUARI";"Ausência de reação do condutor";"Saída de leito carroçável";"Com Vítimas Feridas";"Plena Noite";"Crescente";"Céu Claro";"Múltipla";"Curva";"Não";2;0;1;0;1;0;1;1;-26,47135714;-48,74457217;"SPRF-SC";"DEL03-SC";"UOP02-DEL03-SC"
660355;2025-02-09;"domingo";"19:05:00";"GO";414;436;"ANAPOLIS";"Ausência de reação do condutor";"Saída de leito carroçável";"Com Vítimas Feridas";"Plena Noite";"Crescente";"Céu Claro";"Simples";"Reta";"Sim";1;0;1;0;0;0;1;1;-16,25482505;-48,9361188;"SPRF-GO";"DEL02-GO";"UOP01-DEL02-GO"
660357;2025-02-09;"domingo";"19:30:00";"CE";116;44,6;"PACAJUS";"Acesso irregular";"Colisão transversal";"Com Vítimas Feridas";"Plena Noite";"Crescente";"Céu Claro";"Dupla";"Retorno Regulamentado;Reta";"Sim";2;0;0;1;0;1;1;2;-4,131965;-38,482975;"SPRF-CE";"DEL01-CE";"UOP02-DEL01-CE"
660358;2025-02-09;"domingo";"19:40:00";"MG";40;803;"MATIAS BARBOSA";"Declive acentuado";"Tombamento";"Com Vítimas Feridas";"Plena Noite";"Crescente";"Céu Claro";"Dupla";"Declive;Retorno Regulamentado";"Não";1;0;0;1;0;0;1;1;-21,85782703;-43,37661004;"SPRF-MG";"DEL05-MG";"UOP01-DEL05-MG"
660361;2025-02-09;"domingo";"19:25:00";"RO";364;239,1;"CACOAL";"Manobra de mudança de faixa";"Colisão lateral mesmo sentido";"Com Vítimas Feridas";"Plena Noite";"Crescente";"Céu Claro";"Simples";"Retorno Regulamentado;Reta";"Sim";2;0;1;0;0;1;1;2;-11,433598;-61,463382;"SPRF-RO";"DEL02-RO";"UOP02-DEL02-RO"
660362;2025-02-09;"domingo";"19:15:00";"RS";116;586,5;"ARROIO GRANDE";"Ausência de reação do condutor";"Saída de leito carroçável";"Com Vítimas Feridas";"Plena Noite";"Crescente";"Céu Claro";"Simples";"Reta";"Não";3;0;2;0;1;0;2;1;-32,07459663;-52,88596038;"SPRF-RS";"DEL07-RS";"UOP03-DEL07-RS"
660363;2025-02-09;"domingo";"19:20:00";"PR";153;365;"RIO AZUL";"Ausência de reação do condutor";"Saída de leito carroçável";"Sem Vítimas";"Plena Noite";"Crescente";"Céu Claro";"Simples";"Aclive;Reta";"Não";1;0;0;0;0;1;0;1;-25,7080611;-50,7839591;"SPRF-PR";"DEL08-PR";"UOP02-DEL08-PR"
660364;2025-02-09;"domingo";"18:30:00";"MG";40;616;"CONGONHAS";"Reação tardia ou ineficiente do condutor";"Colisão traseira";"Com Vítimas Feridas";"Anoitecer";"Decrescente";"Nublado";"Simples";"Reta";"Não";7;0;5;0;2;0;5;3;-20,54605704;-43,81990003;"SPRF-MG";"DEL05-MG";"UOP02-DEL05-MG"
660365;2025-02-09;"domingo";"20:20:00";"PR";369;93;"CORNELIO PROCOPIO";"Reação tardia ou ineficiente do condutor";"Tombamento";"Com Vítimas Feridas";"Plena Noite";"Decrescente";"Céu Claro";"Dupla";"Curva";"Não";2;0;2;0;0;0;2;1;-23,21006;-50,666684;"SPRF-PR";"DEL07-PR";"UOP05-DEL07-PR"
660366;2025-02-09;"domingo";"18:35:00";"RJ";116;189;"NOVA IGUACU";"Trafegar com motocicleta (ou similar) entre as faixas";"Colisão lateral mesmo sentido";"Com Vítimas Feridas";"Anoitecer";"Decrescente";"Céu Claro";"Dupla";"Reta";"Não";2;0;2;0;0;0;2;1;-22,73765712;-43,49182298;"SPRF-RJ";"DEL06-RJ";"UOP01-DEL06-RJ"
660368;2025-02-09;"domingo";"20:20:00";"SP";116;197;"ARUJA";"Reação tardia ou ineficiente do condutor";"Colisão traseira";"Sem Vítimas";"Plena Noite";"Crescente";"Céu Claro";"Dupla";"Reta";"Não";2;0;0;0;2;0;0;2;-23,39721625;-46,29284287;"SPRF-SP";"DEL01-SP";"UOP01-DEL01-SP"
660369;2025-02-09;"domingo";"19:30:00";"SC";101;131;"BALNEARIO CAMBORIU";"Manobra de mudança de faixa";"Colisão lateral mesmo sentido";"Com Vítimas Feridas";"Plena Noite";"Decrescente";"Céu Claro";"Dupla";"Reta";"Sim";2;0;0;1;1;0;1;2;-26,99064209;-48,66310912;"SPRF-SC";"DEL04-SC";"UOP03-DEL04-SC"
660370;2025-02-09;"domingo";"17:50:00";"MG";381;274;"CORONEL FABRICIANO";"Reação tardia ou ineficiente do condutor";"Colisão com objeto";"Sem Vítimas";"Anoitecer";"Crescente";"Nublado";"Simples";"Reta";"Não";1;0;0;0;0;1;0;1;-19,57460683;-42,71801809;"SPRF-MG";"DEL03-MG";"UOP02-DEL03-MG"
660371;2025-02-09;"domingo";"20:30:00";"ES";101;423;"ATILIO VIVACQUA";"Velocidade Incompatível";"Saída de leito carroçável";"Com Vítimas Feridas";"Plena Noite";"Crescente";"Céu Claro";"Simples";"Curva";"Não";2;0;2;0;0;0;2;1;-20,989783;-41,118799;"SPRF-ES";"DEL03-ES";"UOP02-DEL03-ES"
660372;2025-02-09;"domingo";"16:50:00";"BA";101;131;"TEODORO SAMPAIO";"Condutor Dormindo";"Colisão com objeto";"Com Vítimas Feridas";"Pleno dia";"Decrescente";"Céu Claro";"Simples";"Reta;Declive";"Não";5;0;1;2;2;0;3;1;-12,23241796;-38,62304209;"SPRF-BA";"DEL01-BA";"UOP04-DEL01-BA"
660373;2025-02-09;"domingo";"19:15:00";"SC";101;283,3;"IMBITUBA";"Transitar na contramão";"Colisão frontal";"Com Vítimas Fatais";"Plena Noite";"Decrescente";"Céu Claro";"Dupla";"Reta";"Não";4;1;0;0;3;0;0;2;-28,223731;-48,700628;"SPRF-SC";"DEL02-SC";"UOP03-DEL02-SC"
660374;2025-02-09;"domingo";"07:20:00";"RO";364;535;"ALTO PARAISO";"Ausência de reação do condutor";"Saída de leito carroçável";"Sem Vítimas";"Pleno dia";"Decrescente";"Chuva";"Simples";"Curva";"Não";1;0;0;0;0;1;0;1;-9,75412198;-63,09728697;"SPRF-RO";"DEL03-RO";"UOP01-DEL03-RO"
660376;2025-02-09;"domingo";"09:30:00";"RJ";465;13;"SEROPEDICA";"Ausência de reação do condutor";"Queda de ocupante de veículo";"Com Vítimas Feridas";"Pleno dia";"Crescente";"Céu Claro";"Simples";"Reta";"Sim";1;0;1;0;0;0;1;1;-22,804979;-43,638828;"SPRF-RJ";"DEL06-RJ";"UOP02-DEL06-RJ"
660377;2025-02-09;"domingo";"21:20:00";"SP";116;198;"ARUJA";"Ingestão de álcool pelo condutor";"Engavetamento";"Sem Vítimas";"Plena Noite";"Crescente";"Céu Claro";"Múltipla";"Reta";"Sim";3;0;0;0;3;0;0;3;-23,399937;-46,302038;"SPRF-SP";"DEL01-SP";"UOP01-DEL01-SP"
660378;2025-02-09;"domingo";"21:20:00";"RJ";393;167;"TRES RIOS";"Conversão proibida";"Colisão transversal";"Com Vítimas Feridas";"Plena Noite";"Crescente";"Nublado";"Simples";"Reta";"Sim";2;0;0;1;0;1;1;2;-22,127502;-43,147022;"SPRF-RJ";"DEL05-RJ";"UOP01-DEL05-RJ"
660379;2025-02-09;"domingo";"16:50:00";"MG";381;550,4;"ITAGUARA";"Ausência de reação do condutor";"Tombamento";"Com Vítimas Feridas";"Pleno dia";"Decrescente";"Céu Claro";"Dupla";"Reta";"Não";1;0;1;0;0;0;1;1;-20,32661215;-44,45627931;"SPRF-MG";"DEL04-MG";"UOP03-DEL04-MG"
660381;2025-02-09;"domingo";"19:40:00";"MS";436;1;"APARECIDA DO TABOADO";"Ausência de reação do condutor";"Colisão com objeto";"Com Vítimas Feridas";"Plena Noite";"Crescente";"Céu Claro";"Simples";"Rotatória";"Não";1;0;1;0;0;0;1;1;-20,087124;-51,09403;"SPRF-MS";"DEL08-MS";"UOP01-DEL08-MS"
660383;2025-02-09;"domingo";"19:10:00";"RS";101;73;"OSORIO";"Reação tardia ou ineficiente do condutor";"Colisão com objeto";"Sem Vítimas";"Plena Noite";"Decrescente";"Garoa/Chuvisco";"Dupla";"Reta";"Não";1;0;0;0;1;0;0;1;-29,77364194;-50,21889907;"SPRF-RS";"DEL03-RS";"UOP01-DEL03-RS"
660385;2025-02-09;"domingo";"21:29:00";"SC";282;371;"ERVAL VELHO";"Ausência de reação do condutor";"Saída de leito carroçável";"Sem Vítimas";"Plena Noite";"Decrescente";"Céu Claro";"Simples";"Curva;Declive";"Não";1;0;0;0;0;1;0;1;-27,262321;-51,442307;"SPRF-SC";"DEL07-SC";"UOP05-DEL07-SC"
660387;2025-02-09;"domingo";"21:20:00";"RN";304;291,9;"MACAIBA";"Animais na Pista";"Atropelamento de Animal";"Com Vítimas Feridas";"Plena Noite";"Crescente";"Céu Claro";"Dupla";"Reta";"Não";4;0;2;0;2;0;2;1;-5,86769816;-35,39394002;"SPRF-RN";"DEL01-RN";"UOP02-DEL01-RN"
660388;2025-02-09;"domingo";"21:30:00";"SP";116;120;"CACAPAVA";"Ingestão de álcool pelo condutor";"Saída de leito carroçável";"Sem Vítimas";"Plena Noite";"Decrescente";"Céu Claro";"Dupla";"Reta";"Não";1;0;0;0;1;0;0;1;-23,0715638;-45,64459209;"SPRF-SP";"DEL02-SP";"UOP02-DEL02-SP"
660389;2025-02-09;"domingo";"17:42:00";"MA";222;463;"SANTA LUZIA";"Ingestão de álcool pelo condutor";"Queda de ocupante de veículo";"Com Vítimas Feridas";"Plena Noite";"Decrescente";"Céu Claro";"Simples";"Curva";"Não";1;0;0;1;0;0;1;1;-4,16658811;-46,02807088;"SPRF-MA";"DEL02-MA";"UOP01-DEL02-MA"
660390;2025-02-09;"domingo";"22:00:00";"RS";392;110,5;"CANGUCU";"Manobra de mudança de faixa";"Colisão frontal";"Com Vítimas Fatais";"Plena Noite";"Decrescente";"Céu Claro";"Simples";"Aclive;Reta";"Não";5;1;2;0;2;0;2;2;-31,46286685;-52,63497175;"SPRF-RS";"DEL07-RS";"UOP01-DEL07-RS"
660391;2025-02-09;"domingo";"20:05:00";"RJ";101;410;"ITAGUAI";"Suicídio (presumido)";"Atropelamento de Pedestre";"Com Vítimas Feridas";"Plena Noite";"Decrescente";"Céu Claro";"Dupla";"Reta";"Sim";2;0;1;0;0;1;1;2;-22,88990471;-43,84007225;"SPRF-RJ";"DEL03-RJ";"UOP01-DEL03-RJ"
660392;2025-02-09;"domingo";"21:00:00";"ES";101;426,2;"ATILIO VIVACQUA";"Pedestre andava na pista";"Atropelamento de Pedestre";"Com Vítimas Fatais";"Plena Noite";"Crescente";"Céu Claro";"Simples";"Reta";"Não";3;1;0;0;2;0;0;2;-21,00770847;-41,13888973;"SPRF-ES";"DEL03-ES";"UOP02-DEL03-ES"
660393;2025-02-09;"domingo";"22:25:00";"TO";230;89,7;"SAO BENTO DO TOCANTINS";"Ausência de reação do condutor";"Colisão traseira";"Com Vítimas Feridas";"Plena Noite";"Decrescente";"Nublado";"Simples";"Reta";"Não";3;0;2;0;0;1;2;2;-6,05247899;-47,93466297;"SPRF-TO";"DEL02-TO";"UOP03-DEL02-TO"
660394;2025-02-09;"domingo";"16:40:00";"GO";364;17;"SAO SIMAO";"Ausência de reação do condutor";"Saída de leito carroçável";"Com Vítimas Feridas";"Pleno dia";"Crescente";"Nublado";"Simples";"Reta";"Não";1;0;0;1;0;0;1;1;-18,949745;-50,628994;"SPRF-GO";"DEL05-GO";"UOP02-DEL05-GO"
660396;2025-02-09;"domingo";"21:15:00";"MG";116;806,5;"ALEM PARAIBA";"Ingestão de álcool pelo condutor";"Colisão traseira";"Com Vítimas Fatais";"Plena Noite";"Crescente";"Céu Claro";"Simples";"Reta";"Não";2;1;0;0;0;1;0;2;-21,80656688;-42,70294586;"SPRF-MG";"DEL07-MG";"UOP01-DEL07-MG"
660397;2025-02-09;"domingo";"19:20:00";"PE";101;48,1;"ABREU E LIMA";"Ausência de reação do condutor";"Colisão traseira";"Com Vítimas Feridas";"Plena Noite";"Decrescente";"Céu Claro";"Múltipla";"Declive;Reta;Retorno Regulamentado";"Sim";2;0;1;0;1;0;1;2;-7,89174705;-34,9033493;"SPRF-PE";"DEL01-PE";"UOP02-DEL01-PE"
660398;2025-02-09;"domingo";"21:50:00";"GO";60;79;"ANAPOLIS";"Reação tardia ou ineficiente do condutor";"Saída de leito carroçável";"Sem Vítimas";"Plena Noite";"Decrescente";"Céu Claro";"Dupla";"Retorno Regulamentado";"Não";2;0;0;0;0;2;0;1;-16,3007;-48,8128;"SPRF-GO";"DEL02-GO";"UOP01-DEL02-GO"
660399;2025-02-09;"domingo";"21:50:00";"RS";101;52;"TERRA DE AREIA";"Ausência de reação do condutor";"Saída de leito carroçável";"Com Vítimas Feridas";"Plena Noite";"Decrescente";"Céu Claro";"Dupla";"Reta";"Não";1;0;1;0;0;0;1;1;-29,62267366;-50,09718947;"SPRF-RS";"DEL03-RS";"UOP02-DEL03-RS"
660400;2025-02-09;"domingo";"19:50:00";"MG";262;572,8;"CORREGO DANTA";"Ingestão de álcool pelo condutor";"Colisão frontal";"Com Vítimas Feridas";"Plena Noite";"Crescente";"Céu Claro";"Simples";"Declive;Reta";"Não";3;0;2;1;0;0;3;2;-19,69358695;-46,03580475;"SPRF-MG";"DEL08-MG";"UOP02-DEL08-MG"
660401;2025-02-09;"domingo";"20:00:00";"PI";343;274;"CAMPO MAIOR";"Animais na Pista";"Atropelamento de Animal";"Com Vítimas Feridas";"Plena Noite";"Crescente";"Céu Claro";"Simples";"Reta";"Não";2;0;1;1;0;0;2;1;-4,879998;-42,226444;"SPRF-PI";"DEL01-PI";"UOP03-DEL01-PI"
660402;2025-02-09;"domingo";"20:00:00";"RO";364;378;"OURO PRETO DO OESTE";"Pista esburacada";"Queda de ocupante de veículo";"Com Vítimas Feridas";"Plena Noite";"Crescente";"Céu Claro";"Múltipla";"Reta";"Não";1;0;1;0;0;0;1;1;-10,7422942;-62,20886998;"SPRF-RO";"DEL02-RO";"UOP01-DEL02-RO"
660403;2025-02-09;"domingo";"18:45:00";"PE";232;213;"PESQUEIRA";"Manobra de mudança de faixa";"Colisão frontal";"Com Vítimas Fatais";"Plena Noite";"Crescente";"Céu Claro";"Simples";"Reta";"Não";5;2;1;1;0;1;2;2;-8,37683577;-36,7222201;"SPRF-PE";"DEL03-PE";"UOP02-DEL03-PE"
660406;2025-02-09;"domingo";"22:50:00";"PR";376;644;"TIJUCAS DO SUL";"Transitar na contramão";"Colisão frontal";"Com Vítimas Feridas";"Plena Noite";"Crescente";"Céu Claro";"Simples";"Curva";"Sim";5;0;1;0;4;0;1;2;-25,81419584;-49,13167969;"SPRF-PR";"DEL01-PR";"UOP04-DEL01-PR"
660407;2025-02-09;"domingo";"23:00:00";"RJ";493;26;"MAGE";"Ausência de reação do condutor";"Queda de ocupante de veículo";"Com Vítimas Feridas";"Plena Noite";"Crescente";"Céu Claro";"Simples";"Declive;Reta";"Não";1;0;1;0;0;0;1;1;-22,65667;-43,088413;"SPRF-RJ";"DEL04-RJ";"UOP02-DEL04-RJ"
660408;2025-02-09;"domingo";"19:00:00";"RJ";116;131;"MAGE";"Transitar na contramão";"Colisão frontal";"Com Vítimas Feridas";"Anoitecer";"Crescente";"Céu Claro";"Simples";"Curva";"Sim";3;0;1;1;1;0;2;2;-22,65608024;-43,12511494;"SPRF-RJ";"DEL04-RJ";"UOP02-DEL04-RJ"
660412;2025-02-09;"domingo";"21:15:00";"MA";316;196;"ZE DOCA";"Ingestão de álcool pelo condutor";"Colisão frontal";"Com Vítimas Fatais";"Plena Noite";"Decrescente";"Chuva";"Simples";"Reta";"Sim";2;1;1;0;0;0;1;2;-3,259696;-45,654808;"SPRF-MA";"DEL02-MA";"UOP01-DEL02-MA"
660413;2025-02-09;"domingo";"22:40:00";"MT";364;221;"RONDONOPOLIS";"Ingestão de álcool pelo condutor";"Saída de leito carroçável";"Sem Vítimas";"Plena Noite";"Decrescente";"Chuva";"Dupla";"Curva";"Não";1;0;0;0;1;0;0;1;-16,34067812;-54,74489333;"SPRF-MT";"DEL02-MT";"UOP01-DEL02-MT"
660414;2025-02-10;"segunda-feira";"00:10:00";"SP";116;221;"GUARULHOS";"Trafegar com motocicleta (ou similar) entre as faixas";"Colisão lateral mesmo sentido";"Com Vítimas Feridas";"Plena Noite";"Decrescente";"Céu Claro";"Múltipla";"Reta";"Não";2;0;1;0;0;1;1;2;-23,46802395;-46,50704901;"SPRF-SP";"DEL01-SP";"UOP01-DEL01-SP"
660415;2025-02-10;"segunda-feira";"00:25:00";"SP";116;220;"GUARULHOS";"Demais falhas mecânicas ou elétricas";"Colisão traseira";"Com Vítimas Feridas";"Plena Noite";"Decrescente";"Ignorado";"Múltipla";"Reta";"Sim";2;0;1;0;1;0;1;2;-23,46472809;-46,49793962;"SPRF-SP";"DEL01-SP";"UOP01-DEL01-SP"
660416;2025-02-09;"domingo";"23:00:00";"SC";116;58,3;"PAPANDUVA";"Velocidade Incompatível";"Saída de leito carroçável";"Com Vítimas Feridas";"Plena Noite";"Decrescente";"Céu Claro";"Simples";"Reta";"Não";1;0;1;0;0;0;1;1;-26,37772259;-50,19785907;"SPRF-SC";"DEL06-SC";"UOP02-DEL06-SC"
660417;2025-02-09;"domingo";"22:50:00";"MS";262;239;"RIBAS DO RIO PARDO";"Ausência de reação do condutor";"Colisão traseira";"Com Vítimas Feridas";"Plena Noite";"Crescente";"Céu Claro";"Simples";"Interseção de Vias;Rotatória";"Sim";3;0;3;0;0;0;3;2;-20,45684563;-53,75597803;"SPRF-MS";"DEL01-MS";"UOP05-DEL01-MS"
660418;2025-02-10;"segunda-feira";"00:40:00";"SP";116;211;"GUARULHOS";"Reação tardia ou ineficiente do condutor";"Colisão traseira";"Sem Vítimas";"Plena Noite";"Crescente";"Céu Claro";"Múltipla";"Reta";"Sim";3;0;0;0;1;2;0;3;-23,4324306;-46,4194352;"SPRF-SP";"DEL01-SP";"UOP01-DEL01-SP"
660419;2025-02-10;"segunda-feira";"00:30:00";"BA";367;38;"PORTO SEGURO";"Velocidade Incompatível";"Saída de leito carroçável";"Com Vítimas Feridas";"Plena Noite";"Crescente";"Ignorado";"Simples";"Reta";"Não";2;0;1;0;0;1;1;1;-16,3959773;-39,1933471;"SPRF-BA";"DEL09-BA";"UOP03-DEL09-BA"
660421;2025-02-09;"domingo";"14:50:00";"RJ";101;306;"SAO GONCALO";"Pedestre cruzava a pista fora da faixa";"Atropelamento de Pedestre";"Com Vítimas Feridas";"Pleno dia";"Decrescente";"Chuva";"Dupla";"Reta";"Não";2;0;0;1;1;0;1;2;-22,78913759;-43,00550909;"SPRF-RJ";"DEL02-RJ";"UOP02-DEL02-RJ"
660423;2025-02-09;"domingo";"19:50:00";"PR";277;207;"PALMEIRA";"Ausência de reação do condutor";"Colisão com objeto";"Sem Vítimas";"Anoitecer";"Crescente";"Céu Claro";"Simples";"Reta";"Não";1;0;0;0;0;1;0;1;-25,4649109;-50,26981701;"SPRF-PR";"DEL08-PR";"UOP02-DEL08-PR"
660425;2025-02-10;"segunda-feira";"01:10:00";"SP";116;204;"ARUJA";"Reação tardia ou ineficiente do condutor";"Colisão com objeto";"Sem Vítimas";"Plena Noite";"Crescente";"Vento";"Múltipla";"Reta";"Não";1;0;0;0;1;0;0;1;-23,41236123;-46,35692496;"SPRF-SP";"DEL01-SP";"UOP01-DEL01-SP"
660426;2025-02-09;"domingo";"22:00:00";"PR";153;353,4;"REBOUCAS";"Velocidade Incompatível";"Saída de leito carroçável";"Sem Vítimas";"Plena Noite";"Decrescente";"Céu Claro";"Simples";"Reta";"Não";1;0;0;0;1;0;0;1;-25,639368;-50,72877;"SPRF-PR";"DEL08-PR";"UOP02-DEL08-PR"
660428;2025-02-09;"domingo";"23:45:00";"RS";116;263;"CANOAS";"Manobra de mudança de faixa";"Colisão com objeto";"Sem Vítimas";"Plena Noite";"Decrescente";"Céu Claro";"Simples";"Reta";"Sim";1;0;0;0;1;0;0;1;-29,90545398;-51,17674031;"SPRF-RS";"DEL01-RS";"UOP01-DEL01-RS"
660429;2025-02-09;"domingo";"20:45:00";"SC";282;437;"VARGEM BONITA";"Condutor Dormindo";"Saída de leito carroçável";"Sem Vítimas";"Plena Noite";"Decrescente";"Céu Claro";"Simples";"Reta";"Não";1;0;0;0;0;1;0;1;-26,963764;-51,854839;"SPRF-SC";"DEL07-SC";"UOP04-DEL07-SC"
660430;2025-02-10;"segunda-feira";"01:00:00";"PR";153;463,1;"PORTO VITORIA";"Condutor Dormindo";"Saída de leito carroçável";"Com Vítimas Feridas";"Plena Noite";"Crescente";"Nublado";"Simples";"Reta;Declive";"Não";1;0;1;0;0;0;1;1;-26,25916701;-51,16865158;"SPRF-PR";"DEL02-PR";"UOP03-DEL02-PR"
660433;2025-02-10;"segunda-feira";"01:00:00";"PR";272;434,4;"GOIOERE";"Ausência de reação do condutor";"Colisão com objeto";"Com Vítimas Feridas";"Plena Noite";"Crescente";"Céu Claro";"Simples";"Declive;Rotatória";"Sim";1;0;1;0;0;0;1;1;-24,18629936;-53,00057888;"SPRF-PR";"DEL09-PR";"UOP03-DEL09-PR"
660434;2025-02-09;"domingo";"23:00:00";"MT";70;0;"BARRA DO GARCAS";"Ultrapassagem Indevida";"Saída de leito carroçável";"Sem Vítimas";"Plena Noite";"Decrescente";"Chuva";"Simples";"Interseção de Vias;Ponte;Curva";"Sim";2;0;0;0;1;1;0;2;-15,895538;-52,25599;"SPRF-MT";"DEL07-MT";"UOP01-DEL07-MT"
660438;2025-02-10;"segunda-feira";"02:20:00";"SC";101;367;"ICARA";"Reação tardia ou ineficiente do condutor";"Saída de leito carroçável";"Sem Vítimas";"Plena Noite";"Crescente";"Céu Claro";"Dupla";"Aclive;Reta";"Sim";1;0;0;0;0;1;0;1;-28,69145778;-49,16484911;"SPRF-SC";"DEL02-SC";"UOP01-DEL02-SC"
660439;2025-02-10;"segunda-feira";"05:00:00";"PR";163;160,9;"LINDOESTE";"Condutor Dormindo";"Capotamento";"Com Vítimas Feridas";"Plena Noite";"Crescente";"Céu Claro";"Dupla";"Declive";"Não";1;0;1;0;0;0;1;1;-25,31426283;-53,58898379;"SPRF-PR";"DEL05-PR";"UOP05-DEL05-PR"
660440;2025-02-10;"segunda-feira";"05:25:00";"PB";101;72,6;"SANTA RITA";"Ausência de reação do condutor";"Colisão com objeto";"Com Vítimas Fatais";"Amanhecer";"Crescente";"Céu Claro";"Dupla";"Reta";"Não";1;1;0;0;0;0;0;1;-7,07320663;-34,99569975;"SPRF-PB";"DEL01-PB";"UOP03-DEL01-PB"
660442;2025-02-10;"segunda-feira";"06:20:00";"SP";116;218,7;"GUARULHOS";"Reação tardia ou ineficiente do condutor";"Colisão lateral mesmo sentido";"Com Vítimas Feridas";"Pleno dia";"Crescente";"Céu Claro";"Dupla";"Reta";"Não";2;0;1;0;1;0;1;2;-23,457972;-46,479927;"SPRF-SP";"DEL01-SP";"UOP01-DEL01-SP"
660445;2025-02-10;"segunda-feira";"06:20:00";"RJ";101;323;"NITEROI";"Condutor deixou de manter distância do veículo da frente";"Colisão traseira";"Com Vítimas Feridas";"Pleno dia";"Decrescente";"Céu Claro";"Simples";"Reta;Ponte";"Sim";2;0;0;1;1;0;1;2;-22,87684786;-43,11728689;"SPRF-RJ";"DEL02-RJ";"UOP01-DEL02-RJ"
660449;2025-02-10;"segunda-feira";"06:00:00";"DF";40;3;"BRASILIA";"Manobra de mudança de faixa";"Colisão traseira";"Com Vítimas Feridas";"Pleno dia";"Crescente";"Céu Claro";"Dupla";"Declive;Reta;Viaduto";"Sim";2;0;1;0;1;0;1;2;-16,003145;-47,983944;"SPRF-DF";"DEL01-DF";"UOP01-DEL01-DF"
660451;2025-02-09;"domingo";"22:50:00";"MT";364;551;"ROSARIO OESTE";"Reação tardia ou ineficiente do condutor";"Saída de leito carroçável";"Sem Vítimas";"Plena Noite";"Crescente";"Nublado";"Dupla";"Reta";"Não";1;0;0;0;1;0;0;1;-14,78318;-56,380657;"SPRF-MT";"DEL01-MT";"UOP01-DEL01-MT"
660455;2025-02-10;"segunda-feira";"06:50:00";"PE";101;14;"GOIANA";"Acesso irregular";"Colisão lateral sentido oposto";"Com Vítimas Feridas";"Pleno dia";"Decrescente";"Céu Claro";"Simples";"Reta";"Não";1;0;0;1;0;0;1;1;-7,61202978;-34,97391343;"SPRF-PE";"DEL01-PE";"UOP02-DEL01-PE"
660457;2025-02-10;"segunda-feira";"07:20:00";"MG";40;735;"SANTOS DUMONT";"Velocidade Incompatível";"Saída de leito carroçável";"Sem Vítimas";"Pleno dia";"Crescente";"Céu Claro";"Simples";"Curva";"Não";1;0;0;0;1;0;0;1;-21,37012696;-43,57558994;"SPRF-MG";"DEL05-MG";"UOP01-DEL05-MG"