"id";"data_inversa";"dia_semana";"horario";"uf";"br";"km";"municipio";"causa_acidente";"tipo_acidente";"classificacao_acidente";"fase_dia";"sentido_via";"condicao_metereologica";"tipo_pista";"tracado_via";"uso_solo";"pessoas";"mortos";"feridos_leves";"feridos_graves";"ilesos";"ignorados";"feridos";"veiculos";"latitude";"longitude";"regional";"delegacia";"uop"
660458;2025-02-10;"segunda-feira";"06:25:00";"MT";364;585;"DIAMANTINO";"Chuva";"Saída de leito carroçável";"Com Vítimas Feridas";"Pleno dia";"Decrescente";"Chuva";"Dupla";"Reta;Declive;Retorno Regulamentado";"Não";1;0;1;0;0;0;1;1;-14,62259102;-56,26467497;"SPRF-MT";"DEL01-MT";"UOP01-DEL01-MT"
660460;2025-02-10;"segunda-feira";"07:10:00";"PR";277;323;"GUARAPUAVA";"Frear bruscamente";"Engavetamento";"Com Vítimas Feridas";"Pleno dia";"Decrescente";"Céu Claro";"Simples";"Aclive;Reta";"Não";5;0;2;0;3;0;2;3;-25,36322295;-51,24475004;"SPRF-PR";"DEL08-PR";"UOP01-DEL08-PR"
660461;2025-02-10;"segunda-feira";"07:35:00";"PB";101;67;"SANTA RITA";"Condutor Dormindo";"Colisão com objeto";"Sem Vítimas";"Pleno dia";"Crescente";"Céu Claro";"Dupla";"Declive";"Não";1;0;0;0;1;0;0;1;-7,05298058;-35,03595029;"SPRF-PB";"DEL01-PB";"UOP03-DEL01-PB"
660462;2025-02-10;"segunda-feira";"02:00:00";"RO";364;343;"JI-PARANA";"Ausência de reação do condutor";"Colisão traseira";"Com Vítimas Feridas";"Plena Noite";"Crescente";"Céu Claro";"Múltipla";"Reta";"Sim";2;0;1;0;1;0;1;2;-10,87878519;-61,94499012;"SPRF-RO";"DEL02-RO";"UOP01-DEL02-RO"
660463;2025-02-10;"segunda-feira";"07:10:00";"MG";116;816,4;"ALEM PARAIBA";"Acessar a via sem observar a presença dos outros veículos";"Colisão transversal";"Com Vítimas Feridas";"Pleno dia";"Crescente";"Céu Claro";"Simples";"Reta;Interseção de Vias";"Não";3;0;2;0;1;0;2;2;-21,86902523;-42,67084185;"SPRF-MG";"DEL07-MG";"UOP01-DEL07-MG"
660465;2025-02-10;"segunda-feira";"07:30:00";"AL";104;71;"MURICI";"Demais falhas mecânicas ou elétricas";"Incêndio";"Sem Vítimas";"Pleno dia";"Crescente";"Céu Claro";"Simples";"Curva";"Não";1;0;0;0;1;0;0;1;-9,3554618;-35,85400192;"SPRF-AL";"DEL01-AL";"UOP02-DEL01-AL"
660466;2025-02-10;"segunda-feira";"08:10:00";"BA";324;619;"SALVADOR";"Manobra de mudança de faixa";"Colisão traseira";"Com Vítimas Feridas";"Pleno dia";"Crescente";"Céu Claro";"Múltipla";"Reta";"Sim";2;0;1;0;1;0;1;2;-12,89820999;-38,45012202;"SPRF-BA";"DEL01-BA";"UOP01-DEL01-BA"
660467;2025-02-10;"segunda-feira";"07:25:00";"RS";290;88;"PORTO ALEGRE";"Condutor deixou de manter distância do veículo da frente";"Colisão traseira";"Sem Vítimas";"Pleno dia";"Crescente";"Céu Claro";"Dupla";"Reta";"Não";4;0;0;0;4;0;0;3;-29,967531;-51,137264;"SPRF-RS";"DEL01-RS";"UOP01-DEL01-RS"
660468;2025-02-10;"segunda-feira";"06:50:00";"MS";60;628;"JARDIM";"Animais na Pista";"Tombamento";"Com Vítimas Feridas";"Pleno dia";"Decrescente";"Céu Claro";"Simples";"Reta";"Não";2;0;2;0;0;0;2;1;-21,74686087;-56,25930863;"SPRF-MS";"DEL05-MS";"UOP01-DEL05-MS"
660470;2025-02-10;"segunda-feira";"07:30:00";"MG";116;700,4;"MURIAE";"Conversão proibida";"Colisão transversal";"Com Vítimas Feridas";"Pleno dia";"Decrescente";"Nublado";"Simples";"Reta";"Sim";2;0;1;0;1;0;1;2;-21,10951434;-42,38031864;"SPRF-MG";"DEL07-MG";"UOP02-DEL07-MG"
660472;2025-02-10;"segunda-feira";"07:40:00";"RJ";101;325;"RIO DE JANEIRO";"Ausência de reação do condutor";"Colisão traseira";"Com Vítimas Feridas";"Pleno dia";"Decrescente";"Céu Claro";"Dupla";"Reta;Ponte";"Sim";2;0;1;0;1;0;1;2;-22,87292569;-43,13625699;"SPRF-RJ";"DEL02-RJ";"UOP01-DEL02-RJ"
660474;2025-02-10;"segunda-feira";"07:00:00";"PI";230;308;"FLORIANO";"Conversão proibida";"Colisão transversal";"Com Vítimas Feridas";"Pleno dia";"Crescente";"Céu Claro";"Simples";"Reta";"Sim";2;0;1;0;1;0;1;2;-6,78159309;-43,00121707;"SPRF-PI";"DEL03-PI";"UOP01-DEL03-PI"
660475;2025-02-09;"domingo";"23:15:00";"SC";101;271;"IMBITUBA";"Velocidade Incompatível";"Colisão frontal";"Com Vítimas Feridas";"Plena Noite";"Crescente";"Céu Claro";"Dupla";"Reta";"Não";4;0;2;2;0;0;4;2;-28,11011972;-48,70211279;"SPRF-SC";"DEL02-SC";"UOP03-DEL02-SC"
660479;2025-02-10;"segunda-feira";"09:15:00";"RS";386;410;"TRIUNFO";"Mal súbito do condutor";"Saída de leito carroçável";"Com Vítimas Feridas";"Pleno dia";"Decrescente";"Céu Claro";"Simples";"Curva";"Sim";1;0;1;0;0;0;1;1;-29,800684;-51,518406;"SPRF-RS";"DEL04-RS";"UOP02-DEL04-RS"
660480;2025-02-10;"segunda-feira";"07:10:00";"RJ";40;116;"DUQUE DE CAXIAS";"Reação tardia ou ineficiente do condutor";"Queda de ocupante de veículo";"Com Vítimas Feridas";"Pleno dia";"Decrescente";"Céu Claro";"Múltipla";"Reta";"Sim";1;0;1;0;0;0;1;1;-22,73662299;-43,28858785;"SPRF-RJ";"DEL01-RJ";"UOP02-DEL01-RJ"
660482;2025-01-28;"terça-feira";"15:10:00";"MA";316;235,6;"BOM JARDIM";"Conversão proibida";"Colisão transversal";"Com Vítimas Feridas";"Pleno dia";"Crescente";"Céu Claro";"Simples";"Reta";"Sim";2;0;1;0;1;0;1;2;-3,567083;-45,579624;"SPRF-MA";"DEL02-MA";"UOP01-DEL02-MA"
660483;2025-02-10;"segunda-feira";"09:20:00";"SC";101;356,9;"JAGUARUNA";"Acumulo de areia ou detritos sobre o pavimento";"Saída de leito carroçável";"Com Vítimas Feridas";"Pleno dia";"Crescente";"Céu Claro";"Simples";"Curva;Interseção de Vias";"Sim";1;0;1;0;0;0;1;1;-28,635168;-49,09467;"SPRF-SC";"DEL02-SC";"UOP01-DEL02-SC"
660484;2025-02-10;"segunda-feira";"09:20:00";"SP";116;58;"LORENA";"Condutor deixou de manter distância do veículo da frente";"Colisão traseira";"Com Vítimas Feridas";"Pleno dia";"Crescente";"Céu Claro";"Dupla";"Reta;Em Obras";"Sim";4;0;1;0;3;0;1;2;-22,78005511;-45,14572791;"SPRF-SP";"DEL08-SP";"UOP01-DEL08-SP"
660485;2025-02-10;"segunda-feira";"06:50:00";"RJ";40;67;"PETROPOLIS";"Reação tardia ou ineficiente do condutor";"Colisão traseira";"Com Vítimas Feridas";"Pleno dia";"Decrescente";"Céu Claro";"Dupla";"Reta";"Não";2;0;1;0;1;0;1;2;-22,43674775;-43,1756712;"SPRF-RJ";"DEL05-RJ";"UOP02-DEL05-RJ"
660486;2025-02-10;"segunda-feira";"09:35:00";"SC";101;416,8;"ARARANGUA";"Condutor deixou de manter distância do veículo da frente";"Colisão traseira";"Com Vítimas Feridas";"Pleno dia";"Crescente";"Sol";"Dupla";"Reta";"Não";2;0;1;0;0;1;1;2;-28,97991271;-49,53666687;"SPRF-SC";"DEL02-SC";"UOP02-DEL02-SC"
660488;2025-02-10;"segunda-feira";"10:00:00";"SC";101;151;"ITAPEMA";"Reação tardia ou ineficiente do condutor";"Engavetamento";"Com Vítimas Feridas";"Pleno dia";"Crescente";"Sol";"Múltipla";"Reta";"Sim";5;0;2;0;2;1;2;3;-27,126536;-48,609642;"SPRF-SC";"DEL04-SC";"UOP03-DEL04-SC"
660492;2025-02-10;"segunda-feira";"10:32:00";"RN";101;94;"NATAL";"Condutor deixou de manter distância do veículo da frente";"Colisão traseira";"Com Vítimas Feridas";"Pleno dia";"Crescente";"Céu Claro";"Simples";"Reta";"Sim";2;0;0;1;1;0;1;2;-5,83455213;-35,21241546;"SPRF-RN";"DEL01-RN";"UOP01-DEL01-RN"
660495;2025-02-10;"segunda-feira";"10:50:00";"CE";116;22;"AQUIRAZ";"Acessar a via sem observar a presença dos outros veículos";"Colisão transversal";"Com Vítimas Feridas";"Pleno dia";"Decrescente";"Céu Claro";"Dupla";"Reta";"Não";2;0;2;0;0;0;2;2;-3,94070798;-38,50918633;"SPRF-CE";"DEL01-CE";"UOP02-DEL01-CE"
660497;2025-02-10;"segunda-feira";"07:10:00";"SC";470;2;"NAVEGANTES";"Acessar a via sem observar a presença dos outros veículos";"Colisão transversal";"Com Vítimas Feridas";"Pleno dia";"Decrescente";"Céu Claro";"Simples";"Interseção de Vias;Rotatória;Viaduto;Retorno Regulamentado";"Sim";2;0;2;0;0;0;2;2;-26,868551;-48,674831;"SPRF-SC";"DEL04-SC";"UOP04-DEL04-SC"
660498;2025-01-18;"sábado";"01:55:00";"RS";290;79;"CACHOEIRINHA";"Ingestão de álcool pelo condutor";"Colisão traseira";"Sem Vítimas";"Plena Noite";"Decrescente";"Céu Claro";"Múltipla";"Reta";"Não";6;0;0;0;6;0;0;2;-29,952908;-51,048054;"SPRF-RS";"DEL01-RS";"UOP01-DEL01-RS"
660499;2025-02-10;"segunda-feira";"12:00:00";"RS";386;389;"TRIUNFO";"Manobra de mudança de faixa";"Colisão traseira";"Com Vítimas Feridas";"Pleno dia";"Decrescente";"Céu Claro";"Simples";"Reta";"Sim";2;0;1;0;1;0;1;2;-29,699799;-51,686905;"SPRF-RS";"DEL04-RS";"UOP02-DEL04-RS"
660500;2025-02-05;"quarta-feira";"12:00:00";"MG";50;81;"UBERLANDIA";"Ultrapassagem Indevida";"Colisão lateral mesmo sentido";"Com Vítimas Feridas";"Pleno dia";"Decrescente";"Céu Claro";"Dupla";"Viaduto";"Sim";2;0;1;0;1;0;1;2;-18,986906;-48,211853;"SPRF-MG";"DEL15-MG";"UOP01-DEL15-MG"
660501;2025-02-10;"segunda-feira";"12:09:00";"RN";101;94;"NATAL";"Acumulo de areia ou detritos sobre o pavimento";"Tombamento";"Com Vítimas Feridas";"Pleno dia";"Crescente";"Céu Claro";"Dupla";"Viaduto";"Sim";1;0;1;0;0;0;1;1;-5,83176615;-35,21191342;"SPRF-RN";"DEL01-RN";"UOP01-DEL01-RN"
660503;2025-02-10;"segunda-feira";"11:25:00";"AL";101;203,1;"SAO SEBASTIAO";"Velocidade Incompatível";"Queda de ocupante de veículo";"Com Vítimas Fatais";"Pleno dia";"Crescente";"Sol";"Dupla";"Reta;Declive";"Não";1;1;0;0;0;0;0;1;-9,97355978;-36,55619114;"SPRF-AL";"DEL02-AL";"UOP02-DEL02-AL"
660504;2025-02-10;"segunda-feira";"12:30:00";"ES";101;319,7;"VILA VELHA";"Demais falhas mecânicas ou elétricas";"Tombamento";"Com Vítimas Feridas";"Pleno dia";"Decrescente";"Céu Claro";"Dupla";"Aclive";"Não";1;0;1;0;0;0;1;1;-20,50358302;-40,47483522;"SPRF-ES";"DEL03-ES";"UOP01-DEL03-ES"
660505;2025-02-10;"segunda-feira";"12:50:00";"RS";386;397;"TRIUNFO";"Demais falhas mecânicas ou elétricas";"Tombamento";"Com Vítimas Feridas";"Pleno dia";"Decrescente";"Sol";"Dupla";"Curva";"Não";1;0;1;0;0;0;1;1;-29,738066;-51,624626;"SPRF-RS";"DEL04-RS";"UOP02-DEL04-RS"
660506;2025-02-10;"segunda-feira";"11:00:00";"RJ";40;120;"DUQUE DE CAXIAS";"Acessar a via sem observar a presença dos outros veículos";"Colisão lateral mesmo sentido";"Com Vítimas Feridas";"Pleno dia";"Decrescente";"Céu Claro";"Dupla";"Reta";"Sim";2;0;1;0;1;0;1;2;-22,77280597;-43,28626763;"SPRF-RJ";"DEL01-RJ";"UOP02-DEL01-RJ"
660507;2025-02-10;"segunda-feira";"13:00:00";"MG";381;362;"JOAO MONLEVADE";"Retorno proibido";"Colisão transversal";"Sem Vítimas";"Pleno dia";"Decrescente";"Céu Claro";"Simples";"Reta;Aclive";"Não";3;0;0;0;3;0;0;2;-19,84955579;-43,25424839;"SPRF-MG";"DEL03-MG";"UOP01-DEL03-MG"
660510;2025-02-10;"segunda-feira";"13:00:00";"BA";116;652;"JEQUIE";"Acesso irregular";"Colisão transversal";"Sem Vítimas";"Pleno dia";"Crescente";"Nublado";"Simples";"Reta";"Não";2;0;0;0;1;1;0;2;-13,62855903;-40,09262869;"SPRF-BA";"DEL03-BA";"UOP01-DEL03-BA"
660511;2025-02-10;"segunda-feira";"12:49:00";"PE";101;57;"PAULISTA";"Condutor deixou de manter distância do veículo da frente";"Colisão traseira";"Com Vítimas Feridas";"Pleno dia";"Decrescente";"Céu Claro";"Dupla";"Reta";"Sim";3;0;1;0;2;0;1;3;-7,96346213;-34,91513486;"SPRF-PE";"DEL01-PE";"UOP02-DEL01-PE"
660514;2025-02-10;"segunda-feira";"11:00:00";"RJ";101;450;"MANGARATIBA";"Reação tardia ou ineficiente do condutor";"Tombamento";"Com Vítimas Feridas";"Pleno dia";"Decrescente";"Sol";"Simples";"Reta";"Não";1;0;0;1;0;0;1;1;-23,02288754;-44,11624415;"SPRF-RJ";"DEL03-RJ";"UOP02-DEL03-RJ"
660515;2025-02-10;"segunda-feira";"11:50:00";"PR";376;301;"MAUA DA SERRA";"Ausência de reação do condutor";"Colisão traseira";"Sem Vítimas";"Pleno dia";"Crescente";"Céu Claro";"Dupla";"Curva;Declive";"Não";5;0;0;0;5;0;0;2;-23,93418;-51,156854;"SPRF-PR";"DEL07-PR";"UOP02-DEL07-PR"
660519;2025-01-17;"sexta-feira";"19:25:00";"PR";158;532,8;"PATO BRANCO";"Desrespeitar a preferência no cruzamento";"Colisão transversal";"Com Vítimas Feridas";"Plena Noite";"Crescente";"Céu Claro";"Dupla";"Interseção de Vias";"Sim";3;0;1;0;2;0;1;3;-26,21099702;-52,6807167;"SPRF-PR";"DEL02-PR";"UOP01-DEL02-PR"
660520;2025-02-10;"segunda-feira";"14:15:00";"PE";101;68,7;"RECIFE";"Reação tardia ou ineficiente do condutor";"Queda de ocupante de veículo";"Com Vítimas Feridas";"Pleno dia";"Crescente";"Sol";"Múltipla";"Reta";"Sim";1;0;1;0;0;0;1;1;-8,05074296;-34,94580619;"SPRF-PE";"DEL01-PE";"UOP01-DEL01-PE"
660521;2025-02-09;"domingo";"17:00:00";"MA";316;619;"TIMON";"Ausência de reação do condutor";"Colisão traseira";"Com Vítimas Feridas";"Pleno dia";"Crescente";"Nublado";"Simples";"Reta";"Sim";2;0;1;0;0;1;1;2;-5,119788;-42,824196;"SPRF-MA";"DEL03-MA";"UOP02-DEL03-MA"
660524;2025-02-10;"segunda-feira";"11:00:00";"TO";153;341;"GUARAI";"Ausência de reação do condutor";"Saída de leito carroçável";"Sem Vítimas";"Pleno dia";"Crescente";"Céu Claro";"Simples";"Reta";"Não";3;0;0;0;3;0;0;1;-8,89955402;-48,50907659;"SPRF-TO";"DEL02-TO";"UOP02-DEL02-TO"
660528;2025-02-10;"segunda-feira";"12:10:00";"RJ";116;240,8;"PIRAI";"Reação tardia ou ineficiente do condutor";"Atropelamento de Pedestre";"Com Vítimas Feridas";"Pleno dia";"Crescente";"Sol";"Dupla";"Reta";"Não";2;0;1;0;1;0;1;2;-22,65028398;-43,89345097;"SPRF-RJ";"DEL07-RJ";"UOP01-DEL07-RJ"
660529;2025-02-10;"segunda-feira";"15:00:00";"RS";116;236;"NOVO HAMBURGO";"Demais falhas mecânicas ou elétricas";"Queda de ocupante de veículo";"Com Vítimas Feridas";"Pleno dia";"Decrescente";"Céu Claro";"Dupla";"Viaduto;Declive";"Sim";2;0;0;2;0;0;2;1;-29,66938502;-51,14304731;"SPRF-RS";"DEL01-RS";"UOP02-DEL01-RS"
660530;2025-02-10;"segunda-feira";"11:40:00";"RJ";356;148;"CAMPOS DOS GOYTACAZES";"Velocidade Incompatível";"Colisão com objeto";"Com Vítimas Feridas";"Pleno dia";"Crescente";"Céu Claro";"Dupla";"Reta";"Sim";1;0;1;0;0;0;1;1;-21,77876606;-41,29048496;"SPRF-RJ";"DEL08-RJ";"UOP02-DEL08-RJ"
660531;2025-02-10;"segunda-feira";"14:50:00";"PR";476;152,2;"ARAUCARIA";"Acostamento em desnível";"Tombamento";"Com Vítimas Feridas";"Pleno dia";"Decrescente";"Sol";"Dupla";"Curva";"Não";2;0;1;0;1;0;1;1;-25,570036;-49,384193;"SPRF-PR";"DEL01-PR";"UOP06-DEL01-PR"
660532;2025-02-10;"segunda-feira";"14:20:00";"MG";50;145;"UBERABA";"Ausência de reação do condutor";"Colisão com objeto";"Com Vítimas Feridas";"Pleno dia";"Crescente";"Nublado";"Dupla";"Curva";"Não";1;0;1;0;0;0;1;1;-19,51997196;-48,03997088;"SPRF-MG";"DEL13-MG";"UOP01-DEL13-MG"
660533;2025-02-10;"segunda-feira";"15:15:00";"RS";386;413;"MONTENEGRO";"Retorno proibido";"Colisão transversal";"Com Vítimas Feridas";"Pleno dia";"Crescente";"Céu Claro";"Simples";"Reta";"Não";2;0;2;0;0;0;2;2;-29,814081;-51,493126;"SPRF-RS";"DEL04-RS";"UOP02-DEL04-RS"
660535;2025-02-10;"segunda-feira";"06:25:00";"MA";135;46;"BACABEIRA";"Demais falhas mecânicas ou elétricas";"Incêndio";"Sem Vítimas";"Pleno dia";"Decrescente";"Céu Claro";"Dupla";"Reta";"Não";1;0;0;0;1;0;0;1;-2,93050867;-44,33424959;"SPRF-MA";"DEL01-MA";"UOP01-DEL01-MA"
660536;2025-02-10;"segunda-feira";"14:00:00";"AM";230;612;"HUMAITA";"Acessar a via sem observar a presença dos outros veículos";"Colisão transversal";"Com Vítimas Feridas";"Pleno dia";"Crescente";"Céu Claro";"Dupla";"Interseção de Vias";"Sim";2;0;1;0;1;0;1;2;-7,51345302;-63,02941918;"SPRF-AM";"DEL01-AM";"UOP05-DEL01-AM"
660537;2025-02-10;"segunda-feira";"10:45:00";"RJ";101;305;"SAO GONCALO";"Condutor deixou de manter distância do veículo da frente";"Engavetamento";"Sem Vítimas";"Pleno dia";"Crescente";"Céu Claro";"Múltipla";"Reta";"Sim";5;0;0;0;5;0;0;3;-22,78702832;-42,99589293;"SPRF-RJ";"DEL02-RJ";"UOP02-DEL02-RJ"
660539;2025-02-10;"segunda-feira";"15:20:00";"MG";262;115;"RIO CASCA";"Condutor Dormindo";"Saída de leito carroçável";"Com Vítimas Feridas";"Pleno dia";"Decrescente";"Nublado";"Simples";"Desvio Temporário;Reta;Declive";"Não";4;0;3;1;0;0;4;1;-20,24041396;-42,61531397;"SPRF-MG";"DEL03-MG";"UOP03-DEL03-MG"
660540;2025-02-10;"segunda-feira";"13:30:00";"MG";262;797,2;"UBERABA";"Ultrapassagem Indevida";"Colisão frontal";"Com Vítimas Feridas";"Pleno dia";"Decrescente";"Sol";"Simples";"Declive;Reta";"Não";6;0;6;0;0;0;6;2;-19,77457655;-47,91782766;"SPRF-MG";"DEL13-MG";"UOP01-DEL13-MG"
660542;2025-02-10;"segunda-feira";"02:35:00";"RS";290;94;"PORTO ALEGRE";"Manobra de mudança de faixa";"Colisão lateral mesmo sentido";"Com Vítimas Feridas";"Plena Noite";"Crescente";"Céu Claro";"Múltipla";"Reta";"Sim";2;0;2;0;0;0;2;1;-29,973856;-51,197853;"SPRF-RS";"DEL01-RS";"UOP01-DEL01-RS"
660544;2025-02-10;"segunda-feira";"16:20:00";"PB";230;313,3;"SAO MAMEDE";"Condutor deixou de manter distância do veículo da frente";"Colisão traseira";"Com Vítimas Feridas";"Pleno dia";"Crescente";"Céu Claro";"Simples";"Reta";"Não";2;0;1;0;1;0;1;2;-6,9371;-37,0949;"SPRF-PB";"DEL03-PB";"UOP01-DEL03-PB"
660545;2025-02-10;"segunda-feira";"16:30:00";"SC";101;214,5;"PALHOCA";"Trafegar com motocicleta (ou similar) entre as faixas";"Queda de ocupante de veículo";"Com Vítimas Feridas";"Pleno dia";"Crescente";"Céu Claro";"Dupla";"Reta";"Sim";3;0;2;0;1;0;2;2;-27,64443;-48,67057;"SPRF-SC";"DEL01-SC";"UOP02-DEL01-SC"
660546;2025-02-10;"segunda-feira";"15:30:00";"MG";381;886,7;"CAMBUI";"Condutor Dormindo";"Saída de leito carroçável";"Com Vítimas Feridas";"Pleno dia";"Crescente";"Céu Claro";"Dupla";"Reta";"Não";1;0;1;0;0;0;1;1;-22,55262102;-46,03939916;"SPRF-MG";"DEL16-MG";"UOP01-DEL16-MG"
660547;2025-02-10;"segunda-feira";"15:15:00";"MG";40;506;"RIBEIRAO DAS NEVES";"Transitar no Acostamento";"Colisão traseira";"Sem Vítimas";"Pleno dia";"Decrescente";"Céu Claro";"Dupla";"Reta";"Sim";2;0;0;0;1;1;0;2;-19,74716686;-44,14731173;"SPRF-MG";"DEL02-MG";"UOP01-DEL02-MG"
660551;2025-02-10;"segunda-feira";"13:20:00";"SP";101;25;"UBATUBA";"Transitar na contramão";"Colisão frontal";"Com Vítimas Fatais";"Pleno dia";"Crescente";"Céu Claro";"Múltipla";"Curva";"Não";4;2;1;1;0;0;2;2;-23,35526999;-44,94599221;"SPRF-SP";"DEL06-SP";"UOP01-DEL06-SP"
660552;2025-02-10;"segunda-feira";"15:40:00";"PR";153;18,7;"JACAREZINHO";"Acesso irregular";"Colisão transversal";"Com Vítimas Feridas";"Pleno dia";"Decrescente";"Céu Claro";"Simples";"Reta";"Sim";2;0;0;1;1;0;1;2;-23,135487;-49,9450358;"SPRF-PR";"DEL07-PR";"UOP04-DEL07-PR"
660561;2025-02-10;"segunda-feira";"17:00:00";"RJ";101;66;"CAMPOS DOS GOYTACAZES";"Acessar a via sem observar a presença dos outros veículos";"Colisão transversal";"Com Vítimas Feridas";"Pleno dia";"Crescente";"Céu Claro";"Dupla";"Curva;Rotatória";"Não";2;0;1;0;1;0;1;2;-21,76090387;-41,34788959;"SPRF-RJ";"DEL08-RJ";"UOP02-DEL08-RJ"
660562;2025-02-10;"segunda-feira";"17:00:00";"PR";277;730;"FOZ DO IGUACU";"Ingestão de álcool pelo condutor";"Engavetamento";"Sem Vítimas";"Pleno dia";"Decrescente";"Céu Claro";"Simples";"Curva;Aclive";"Não";3;0;0;0;3;0;0;3;-25,50826305;-54,59238593;"SPRF-PR";"DEL05-PR";"UOP03-DEL05-PR"
660563;2025-02-10;"segunda-feira";"18:00:00";"SC";470;140;"RIO DO SUL";"Trafegar com motocicleta (ou similar) entre as faixas";"Colisão lateral mesmo sentido";"Com Vítimas Feridas";"Pleno dia";"Decrescente";"Sol";"Simples";"Retorno Regulamentado";"Sim";2;0;1;0;1;0;1;2;-27,20478912;-49,6384697;"SPRF-SC";"DEL04-SC";"UOP02-DEL04-SC"
660564;2025-02-10;"segunda-feira";"17:50:00";"BA";101;505;"ITABUNA";"Acessar a via sem observar a presença dos outros veículos";"Colisão transversal";"Com Vítimas Feridas";"Anoitecer";"Crescente";"Céu Claro";"Simples";"Viaduto";"Sim";2;0;1;0;1;0;1;2;-14,949265;-39,3042109;"SPRF-BA";"DEL05-BA";"UOP01-DEL05-BA"
660565;2025-02-10;"segunda-feira";"16:45:00";"RS";287;339,2;"SAO VICENTE DO SUL";"Condutor Dormindo";"Colisão frontal";"Com Vítimas Feridas";"Pleno dia";"Decrescente";"Sol";"Simples";"Curva";"Não";3;0;2;0;1;0;2;2;-29,60475801;-54,68849634;"SPRF-RS";"DEL12-RS";"UOP02-DEL12-RS"
660566;2025-02-10;"segunda-feira";"17:20:00";"RJ";101;310;"SAO GONCALO";"Reação tardia ou ineficiente do condutor";"Colisão traseira";"Com Vítimas Feridas";"Anoitecer";"Crescente";"Céu Claro";"Dupla";"Reta";"Sim";2;0;0;1;1;0;1;2;-22,79717023;-43,04404993;"SPRF-RJ";"DEL02-RJ";"UOP02-DEL02-RJ"
660567;2025-02-10;"segunda-feira";"18:08:00";"TO";10;457;"PALMAS";"Ausência de reação do condutor";"Colisão traseira";"Com Vítimas Feridas";"Pleno dia";"Decrescente";"Céu Claro";"Múltipla";"Reta";"Sim";2;0;2;0;0;0;2;2;-10,20499186;-48,16363986;"SPRF-TO";"DEL01-TO";"UOP03-DEL01-TO"
660568;2025-02-10;"segunda-feira";"17:45:00";"SC";280;67,3;"JARAGUA DO SUL";"Desrespeitar a preferência no cruzamento";"Colisão transversal";"Com Vítimas Feridas";"Pleno dia";"Crescente";"Céu Claro";"Simples";"Reta";"Sim";3;0;1;0;2;0;1;2;-26,4775146;-49,10363575;"SPRF-SC";"DEL03-SC";"UOP03-DEL03-SC"
660570;2025-02-10;"segunda-feira";"17:50:00";"SC";101;207,5;"SAO JOSE";"Trafegar com motocicleta (ou similar) entre as faixas";"Colisão traseira";"Com Vítimas Feridas";"Anoitecer";"Decrescente";"Céu Claro";"Múltipla";"Reta";"Sim";2;0;1;0;1;0;1;2;-27,60001226;-48,6226467;"SPRF-SC";"DEL01-SC";"UOP01-DEL01-SC"
660571;2025-02-10;"segunda-feira";"14:10:00";"RO";364;14;"VILHENA";"Ausência de reação do condutor";"Colisão traseira";"Com Vítimas Feridas";"Pleno dia";"Decrescente";"Nublado";"Simples";"Reta";"Sim";2;0;1;0;1;0;1;2;-12,73898138;-60,13911417;"SPRF-RO";"DEL04-RO";"UOP01-DEL04-RO"
660573;2025-02-10;"segunda-feira";"18:00:00";"SC";101;132;"CAMBORIU";"Conversão proibida";"Colisão transversal";"Com Vítimas Feridas";"Anoitecer";"Crescente";"Céu Claro";"Múltipla";"Interseção de Vias";"Sim";2;0;1;0;1;0;1;2;-26,99654133;-48,65564711;"SPRF-SC";"DEL04-SC";"UOP03-DEL04-SC"
660575;2025-02-10;"segunda-feira";"17:30:00";"SP";153;183;"LINS";"Acessar a via sem observar a presença dos outros veículos";"Colisão transversal";"Com Vítimas Feridas";"Pleno dia";"Decrescente";"Sol";"Simples";"Interseção de Vias";"Não";5;0;1;0;4;0;1;2;-21,70725279;-49,80257014;"SPRF-SP";"DEL07-SP";"UOP01-DEL07-SP"
660576;2025-02-10;"segunda-feira";"18:40:00";"GO";60;116;"TEREZOPOLIS DE GOIAS";"Avarias e/ou desgaste excessivo no pneu";"Saída de leito carroçável";"Sem Vítimas";"Anoitecer";"Decrescente";"Chuva";"Dupla";"Curva;Declive";"Não";2;0;0;0;1;1;0;2;-16,4732;-49,0789;"SPRF-GO";"DEL01-GO";"UOP01-DEL01-GO"
660577;2025-02-10;"segunda-feira";"18:50:00";"RJ";101;322,8;"NITEROI";"Manobra de mudança de faixa";"Colisão lateral mesmo sentido";"Com Vítimas Feridas";"Plena Noite";"Crescente";"Céu Claro";"Múltipla";"Reta";"Sim";2;0;1;0;1;0;1;2;-22,87734162;-43,11587691;"SPRF-RJ";"DEL02-RJ";"UOP01-DEL02-RJ"
660578;2025-02-10;"segunda-feira";"17:00:00";"PE";101;71;"RECIFE";"Ausência de reação do condutor";"Colisão traseira";"Com Vítimas Feridas";"Anoitecer";"Crescente";"Céu Claro";"Simples";"Curva";"Sim";3;0;2;0;1;0;2;2;-8,076557;-34,940963;"SPRF-PE";"DEL01-PE";"UOP01-DEL01-PE"
660579;2025-02-10;"segunda-feira";"18:30:00";"PE";232;7,9;"RECIFE";"Iluminação deficiente";"Saída de leito carroçável";"Com Vítimas Feridas";"Plena Noite";"Decrescente";"Céu Claro";"Dupla";"Reta";"Sim";2;0;1;1;0;0;2;1;-8,07333497;-34,96184301;"SPRF-PE";"DEL01-PE";"UOP01-DEL01-PE"