"id";"data_inversa";"dia_semana";"horario";"uf";"br";"km";"municipio";"causa_acidente";"tipo_acidente";"classificacao_acidente";"fase_dia";"sentido_via";"condicao_metereologica";"tipo_pista";"tracado_via";"uso_solo";"pessoas";"mortos";"feridos_leves";"feridos_graves";"ilesos";"ignorados";"feridos";"veiculos";"latitude";"longitude";"regional";"delegacia";"uop"
660580;2025-02-10;"segunda-feira";"18:20:00";"SC";101;117;"ITAJAI";"Ausência de reação do condutor";"Colisão lateral mesmo sentido";"Com Vítimas Feridas";"Anoitecer";"Crescente";"Nublado";"Dupla";"Reta";"Não";2;0;0;1;1;0;1;2;-26,88747187;-48,72252969;"SPRF-SC";"DEL04-SC";"UOP04-DEL04-SC"
660581;2025-02-10;"segunda-feira";"17:10:00";"RJ";101;451;"MANGARATIBA";"Ultrapassagem Indevida";"Colisão lateral mesmo sentido";"Com Vítimas Feridas";"Pleno dia";"Decrescente";"Céu Claro";"Simples";"Curva;Declive";"Sim";3;0;1;1;1;0;2;2;-23,02615025;-44,12477186;"SPRF-RJ";"DEL03-RJ";"UOP02-DEL03-RJ"
660582;2025-02-10;"segunda-feira";"18:30:00";"RN";101;84,3;"SAO GONCALO DO AMARANTE";"Pedestre cruzava a pista fora da faixa";"Atropelamento de Pedestre";"Com Vítimas Fatais";"Anoitecer";"Crescente";"Céu Claro";"Dupla";"Reta";"Sim";2;1;0;0;1;0;0;2;-5,775133;-35,255468;"SPRF-RN";"DEL02-RN";"UOP01-DEL02-RN"
660584;2025-02-10;"segunda-feira";"18:50:00";"SC";101;210,1;"SAO JOSE";"Condutor deixou de manter distância do veículo da frente";"Colisão traseira";"Com Vítimas Feridas";"Anoitecer";"Crescente";"Céu Claro";"Simples";"Reta";"Sim";2;0;1;0;1;0;1;2;-27,6167305;-48,6457265;"SPRF-SC";"DEL01-SC";"UOP01-DEL01-SC"
660585;2025-02-10;"segunda-feira";"17:45:00";"SC";282;0,9;"FLORIANOPOLIS";"Condutor deixou de manter distância do veículo da frente";"Colisão traseira";"Com Vítimas Feridas";"Pleno dia";"Crescente";"Céu Claro";"Múltipla";"Reta";"Sim";2;0;0;1;1;0;1;2;-27,59845;-48,571995;"SPRF-SC";"DEL01-SC";"UOP01-DEL01-SC"
660586;2025-02-10;"segunda-feira";"18:10:00";"PI";343;326,9;"TERESINA";"Objeto estático sobre o leito carroçável";"Colisão com objeto";"Com Vítimas Feridas";"Anoitecer";"Decrescente";"Céu Claro";"Simples";"Reta";"Não";2;0;0;2;0;0;2;1;-5,069462;-42,617474;"SPRF-PI";"DEL01-PI";"UOP01-DEL01-PI"
660590;2025-01-21;"terça-feira";"23:20:00";"MG";262;442;"NOVA SERRANA";"Desrespeitar a preferência no cruzamento";"Colisão transversal";"Com Vítimas Feridas";"Plena Noite";"Decrescente";"Ignorado";"Dupla";"Curva";"Sim";2;0;0;2;0;0;2;2;-19,87284468;-44,96528149;"SPRF-MG";"DEL08-MG";"UOP03-DEL08-MG"
660591;2025-02-10;"segunda-feira";"19:10:00";"PR";116;15;"COLOMBO";"Reação tardia ou ineficiente do condutor";"Colisão traseira";"Com Vítimas Feridas";"Plena Noite";"Crescente";"Céu Claro";"Dupla";"Reta";"Sim";3;0;2;0;1;0;2;2;-25,3848;-49,1711;"SPRF-PR";"DEL01-PR";"UOP02-DEL01-PR"
660592;2025-02-10;"segunda-feira";"18:10:00";"PR";376;16;"MARINGA";"Avarias e/ou desgaste excessivo no pneu";"Queda de ocupante de veículo";"Com Vítimas Feridas";"Anoitecer";"Crescente";"Céu Claro";"Dupla";"Curva";"Sim";1;0;1;0;0;0;1;1;-23,4273;-51,9375;"SPRF-PR";"DEL09-PR";"UOP01-DEL09-PR"
660593;2025-02-10;"segunda-feira";"19:00:00";"PR";116;15,9;"COLOMBO";"Animais na Pista";"Atropelamento de Animal";"Com Vítimas Feridas";"Plena Noite";"Crescente";"Céu Claro";"Dupla";"Reta";"Sim";2;0;2;0;0;0;2;1;-25,3874;-49,1774;"SPRF-PR";"DEL01-PR";"UOP02-DEL01-PR"
660594;2025-02-10;"segunda-feira";"19:15:00";"RN";110;47,7;"MOSSORO";"Transitar no Acostamento";"Colisão frontal";"Com Vítimas Feridas";"Plena Noite";"Crescente";"Céu Claro";"Simples";"Reta";"Sim";2;0;1;1;0;0;2;2;-5,20338376;-37,32563418;"SPRF-RN";"DEL04-RN";"UOP01-DEL04-RN"
660595;2025-02-10;"segunda-feira";"18:45:00";"SP";116;320;"JUQUITIBA";"Ausência de reação do condutor";"Atropelamento de Pedestre";"Com Vítimas Feridas";"Plena Noite";"Decrescente";"Nublado";"Dupla";"Reta";"Sim";1;0;0;1;0;0;1;1;-23,93226;-47,00835;"SPRF-SP";"DEL04-SP";"UOP03-DEL04-SP"
660596;2025-02-10;"segunda-feira";"18:30:00";"GO";40;42,8;"LUZIANIA";"Reação tardia ou ineficiente do condutor";"Capotamento";"Com Vítimas Feridas";"Plena Noite";"Crescente";"Céu Claro";"Dupla";"Curva";"Não";1;0;1;0;0;0;1;1;-16,37676;-47,830535;"SPRF-DF";"DEL01-DF";"UOP02-DEL01-DF"
660597;2025-02-10;"segunda-feira";"19:15:00";"SC";101;416;"ARARANGUA";"Reação tardia ou ineficiente do condutor";"Atropelamento de Pedestre";"Com Vítimas Feridas";"Plena Noite";"Decrescente";"Céu Claro";"Múltipla";"Reta";"Sim";2;0;1;0;1;0;1;2;-28,97205501;-49,52810526;"SPRF-SC";"DEL02-SC";"UOP02-DEL02-SC"
660598;2025-02-10;"segunda-feira";"19:00:00";"PE";407;121;"PETROLINA";"Ausência de sinalização";"Colisão com objeto";"Com Vítimas Feridas";"Plena Noite";"Crescente";"Chuva";"Dupla";"Em Obras";"Não";1;0;0;1;0;0;1;1;-9,34588493;-40,55509788;"SPRF-PE";"DEL06-PE";"UOP01-DEL06-PE"
660599;2025-02-10;"segunda-feira";"17:39:00";"GO";80;165;"VILA PROPICIO";"Velocidade Incompatível";"Capotamento";"Com Vítimas Feridas";"Pleno dia";"Crescente";"Céu Claro";"Simples";"Curva";"Não";5;0;1;0;4;0;1;1;-15,208875;-48,697312;"SPRF-GO";"DEL07-GO";"UOP02-DEL07-GO"
660600;2025-02-10;"segunda-feira";"18:50:00";"MT";158;457;"RIBEIRAO CASCALHEIRA";"Ausência de reação do condutor";"Saída de leito carroçável";"Com Vítimas Feridas";"Plena Noite";"Crescente";"Chuva";"Simples";"Reta";"Não";1;0;0;1;0;0;1;1;-13,16709696;-51,92065961;"SPRF-MT";"DEL07-MT";"UOP02-DEL07-MT"
660601;2025-01-05;"domingo";"09:00:00";"BA";101;19,4;"RIO REAL";"Ausência de reação do condutor";"Saída de leito carroçável";"Com Vítimas Feridas";"Pleno dia";"Decrescente";"Céu Claro";"Dupla";"Em Obras;Reta";"Não";1;0;0;1;0;0;1;1;-11,64584139;-37,89170623;"SPRF-SE";"DEL02-SE";"UOP03-DEL02-SE"
660602;2025-02-10;"segunda-feira";"09:35:00";"MG";40;638,1;"CONSELHEIRO LAFAIETE";"Velocidade Incompatível";"Saída de leito carroçável";"Com Vítimas Feridas";"Pleno dia";"Crescente";"Céu Claro";"Simples";"Curva;Aclive";"Não";1;0;1;0;0;0;1;1;-20,7281023;-43,80093277;"SPRF-MG";"DEL05-MG";"UOP02-DEL05-MG"
660604;2025-02-10;"segunda-feira";"18:30:00";"MG";459;20;"CALDAS";"Entrada inopinada do pedestre";"Atropelamento de Pedestre";"Com Vítimas Feridas";"Anoitecer";"Decrescente";"Céu Claro";"Simples";"Aclive;Curva";"Não";4;0;0;1;2;1;1;3;-21,86408761;-46,42169952;"SPRF-MG";"DEL09-MG";"UOP01-DEL09-MG"
660605;2025-02-10;"segunda-feira";"19:00:00";"RS";116;153,5;"CAXIAS DO SUL";"Manobra de mudança de faixa";"Colisão lateral mesmo sentido";"Com Vítimas Feridas";"Plena Noite";"Decrescente";"Céu Claro";"Dupla";"Rotatória";"Sim";2;0;1;0;1;0;1;2;-29,1879196;-51,18230939;"SPRF-RS";"DEL05-RS";"UOP01-DEL05-RS"
660606;2025-02-10;"segunda-feira";"18:30:00";"MT";70;380;"CAMPO VERDE";"Reação tardia ou ineficiente do condutor";"Colisão transversal";"Com Vítimas Feridas";"Plena Noite";"Crescente";"Ignorado";"Simples";"Reta";"Sim";2;0;1;0;1;0;1;2;-15,51448159;-55,11820542;"SPRF-MT";"DEL05-MT";"UOP02-DEL05-MT"
660607;2025-02-10;"segunda-feira";"18:15:00";"SP";116;144;"SAO JOSE DOS CAMPOS";"Ausência de reação do condutor";"Colisão transversal";"Com Vítimas Feridas";"Anoitecer";"Crescente";"Céu Claro";"Dupla";"Reta";"Sim";2;0;2;0;0;0;2;2;-23,18274416;-45,84633592;"SPRF-SP";"DEL02-SP";"UOP01-DEL02-SP"
660609;2025-02-10;"segunda-feira";"18:15:00";"MT";163;1030;"PEIXOTO DE AZEVEDO";"Reação tardia ou ineficiente do condutor";"Atropelamento de Pedestre";"Com Vítimas Feridas";"Anoitecer";"Decrescente";"Vento";"Simples";"Reta";"Sim";2;0;0;1;1;0;1;2;-10,24370424;-54,98806357;"SPRF-MT";"DEL06-MT";"UOP03-DEL06-MT"
660610;2025-02-10;"segunda-feira";"07:00:00";"SE";101;151;"ESTANCIA";"Conversão proibida";"Colisão transversal";"Com Vítimas Feridas";"Pleno dia";"Decrescente";"Céu Claro";"Simples";"Reta";"Sim";2;0;0;1;1;0;1;2;-11,26151;-37,441227;"SPRF-SE";"DEL02-SE";"UOP01-DEL02-SE"
660611;2025-02-10;"segunda-feira";"11:25:00";"PE";428;188;"PETROLINA";"Acessar a via sem observar a presença dos outros veículos";"Colisão transversal";"Com Vítimas Feridas";"Pleno dia";"Crescente";"Céu Claro";"Múltipla";"Reta";"Sim";3;0;3;0;0;0;3;2;-9,36400596;-40,48266808;"SPRF-PE";"DEL06-PE";"UOP01-DEL06-PE"
660612;2025-02-10;"segunda-feira";"07:00:00";"RJ";40;117;"DUQUE DE CAXIAS";"Reação tardia ou ineficiente do condutor";"Colisão traseira";"Com Vítimas Feridas";"Pleno dia";"Decrescente";"Céu Claro";"Múltipla";"Reta";"Não";3;0;1;0;2;0;1;3;-22,745676;-43,2881;"SPRF-RJ";"DEL01-RJ";"UOP02-DEL01-RJ"
660613;2025-02-10;"segunda-feira";"21:20:00";"BA";324;518;"FEIRA DE SANTANA";"Ingestão de álcool pelo condutor";"Colisão transversal";"Com Vítimas Feridas";"Plena Noite";"Decrescente";"Céu Claro";"Simples";"Curva";"Sim";2;0;1;0;1;0;1;2;-12,258195;-38,932182;"SPRF-BA";"DEL02-BA";"UOP01-DEL02-BA"
660614;2025-02-10;"segunda-feira";"17:20:00";"SC";282;28,8;"SANTO AMARO DA IMPERATRIZ";"Reação tardia ou ineficiente do condutor";"Colisão traseira";"Com Vítimas Feridas";"Pleno dia";"Decrescente";"Céu Claro";"Simples";"Reta";"Sim";5;0;4;0;1;0;4;3;-27,67478;-48,778904;"SPRF-SC";"DEL01-SC";"UOP03-DEL01-SC"
660615;2025-02-10;"segunda-feira";"17:40:00";"RJ";101;504;"ANGRA DOS REIS";"Condutor deixou de manter distância do veículo da frente";"Colisão traseira";"Sem Vítimas";"Pleno dia";"Decrescente";"Nublado";"Simples";"Reta";"Sim";3;0;0;0;3;0;0;3;-22,93155828;-44,38812093;"SPRF-RJ";"DEL03-RJ";"UOP03-DEL03-RJ"
660617;2025-02-10;"segunda-feira";"17:35:00";"PR";369;139;"IBIPORA";"Condutor deixou de manter distância do veículo da frente";"Colisão traseira";"Com Vítimas Feridas";"Anoitecer";"Decrescente";"Céu Claro";"Simples";"Reta";"Sim";2;0;1;0;1;0;1;2;-23,27714628;-51,0632515;"SPRF-PR";"DEL07-PR";"UOP01-DEL07-PR"
660619;2025-01-13;"segunda-feira";"22:55:00";"SC";101;199,4;"SAO JOSE";"Acessar a via sem observar a presença dos outros veículos";"Colisão lateral mesmo sentido";"Com Vítimas Feridas";"Plena Noite";"Crescente";"Céu Claro";"Dupla";"Reta";"Sim";2;0;2;0;0;0;2;2;-27,53413705;-48,63003205;"SPRF-SC";"DEL01-SC";"UOP01-DEL01-SC"
660620;2025-02-10;"segunda-feira";"20:50:00";"PR";272;419;"JANIOPOLIS";"Demais falhas mecânicas ou elétricas";"Incêndio";"Sem Vítimas";"Plena Noite";"Crescente";"Céu Claro";"Simples";"Reta";"Não";1;0;0;0;1;0;0;1;-24,13877768;-52,86432003;"SPRF-PR";"DEL09-PR";"UOP03-DEL09-PR"
660624;2025-02-10;"segunda-feira";"20:45:00";"RJ";116;271,3;"VOLTA REDONDA";"Reação tardia ou ineficiente do condutor";"Colisão lateral mesmo sentido";"Com Vítimas Feridas";"Plena Noite";"Decrescente";"Céu Claro";"Dupla";"Reta";"Não";1;0;1;0;0;0;1;1;-22,560883;-44,12224;"SPRF-RJ";"DEL07-RJ";"UOP02-DEL07-RJ"
660625;2025-02-10;"segunda-feira";"21:30:00";"RS";471;153;"SANTA CRUZ DO SUL";"Animais na Pista";"Atropelamento de Animal";"Com Vítimas Feridas";"Plena Noite";"Crescente";"Céu Claro";"Simples";"Reta";"Não";2;0;2;0;0;0;2;1;-29,843468;-52,394962;"SPRF-RS";"DEL02-RS";"UOP03-DEL02-RS"
660626;2025-02-10;"segunda-feira";"23:06:00";"SP";116;223;"GUARULHOS";"Falta de elemento de contenção que evite a saída do leito carroçável";"Tombamento";"Com Vítimas Feridas";"Plena Noite";"Decrescente";"Céu Claro";"Múltipla";"Reta;Em Obras";"Sim";1;0;1;0;0;0;1;1;-23,47874615;-46,52937412;"SPRF-SP";"DEL01-SP";"UOP01-DEL01-SP"
660627;2025-02-10;"segunda-feira";"22:20:00";"BA";116;10;"VITORIA DA CONQUISTA";"Ausência de reação do condutor";"Tombamento";"Com Vítimas Feridas";"Pleno dia";"Crescente";"Nublado";"Simples";"Reta;Declive";"Não";2;0;2;0;0;0;2;1;-14,86340421;-40,87344473;"SPRF-BA";"DEL08-BA";"UOP01-DEL08-BA"
660628;2025-02-10;"segunda-feira";"21:10:00";"SP";381;4;"VARGEM";"Ausência de reação do condutor";"Colisão lateral mesmo sentido";"Sem Vítimas";"Plena Noite";"Decrescente";"Céu Claro";"Dupla";"Curva";"Não";1;0;0;0;1;0;0;1;-22,8826217;-46,40779515;"SPRF-SP";"DEL03-SP";"UOP02-DEL03-SP"
660630;2025-02-10;"segunda-feira";"20:45:00";"MG";40;698;"BARBACENA";"Ausência de reação do condutor";"Tombamento";"Com Vítimas Feridas";"Plena Noite";"Decrescente";"Céu Claro";"Simples";"Aclive;Curva";"Não";1;0;1;0;0;0;1;1;-21,18692802;-43,75192637;"SPRF-MG";"DEL05-MG";"UOP02-DEL05-MG"
660631;2025-02-10;"segunda-feira";"20:30:00";"MT";163;687;"LUCAS DO RIO VERDE";"Acessar a via sem observar a presença dos outros veículos";"Colisão transversal";"Com Vítimas Feridas";"Plena Noite";"Crescente";"Céu Claro";"Dupla";"Reta";"Não";2;0;1;0;1;0;1;2;-13,079715;-55,937402;"SPRF-MT";"DEL06-MT";"UOP01-DEL06-MT"
660632;2025-02-11;"terça-feira";"00:15:00";"PR";376;651;"TIJUCAS DO SUL";"Reação tardia ou ineficiente do condutor";"Tombamento";"Com Vítimas Feridas";"Plena Noite";"Decrescente";"Céu Claro";"Dupla";"Em Obras;Reta";"Não";1;0;1;0;0;0;1;1;-25,845243;-49,078578;"SPRF-PR";"DEL01-PR";"UOP04-DEL01-PR"
660633;2025-02-10;"segunda-feira";"23:40:00";"MG";40;532;"BELO HORIZONTE";"Ausência de reação do condutor";"Colisão com objeto";"Sem Vítimas";"Plena Noite";"Decrescente";"Céu Claro";"Dupla";"Reta";"Sim";1;0;0;0;0;1;0;1;-19,92372561;-44,01700789;"SPRF-MG";"DEL01-MG";"UOP02-DEL01-MG"
660634;2025-02-11;"terça-feira";"00:15:00";"RN";304;27;"MOSSORO";"Condutor Dormindo";"Colisão frontal";"Com Vítimas Feridas";"Plena Noite";"Crescente";"Céu Claro";"Simples";"Reta";"Não";5;0;1;0;4;0;1;2;-5,09052292;-37,33524441;"SPRF-RN";"DEL04-RN";"UOP02-DEL04-RN"
660635;2025-02-10;"segunda-feira";"23:11:00";"MA";135;12;"SAO LUIS";"Condutor Dormindo";"Saída de leito carroçável";"Com Vítimas Feridas";"Plena Noite";"Crescente";"Chuva";"Dupla";"Reta";"Sim";3;0;3;0;0;0;3;1;-2,67223553;-44,29173767;"SPRF-MA";"DEL01-MA";"UOP01-DEL01-MA"
660637;2025-01-05;"domingo";"14:30:00";"MT";174;3;"PONTES E LACERDA";"Condutor desrespeitou a iluminação vermelha do semáforo";"Colisão transversal";"Com Vítimas Feridas";"Pleno dia";"Crescente";"Céu Claro";"Simples";"Reta";"Sim";2;0;1;0;0;1;1;2;-15,226537;-59,335728;"SPRF-MT";"DEL04-MT";"UOP01-DEL04-MT"
660639;2025-02-10;"segunda-feira";"11:40:00";"SC";101;370;"ICARA";"Reação tardia ou ineficiente do condutor";"Colisão traseira";"Com Vítimas Feridas";"Pleno dia";"Decrescente";"Céu Claro";"Dupla";"Reta";"Não";5;0;1;0;3;1;1;3;-28,69956788;-49,19239904;"SPRF-SC";"DEL02-SC";"UOP01-DEL02-SC"
660641;2025-02-11;"terça-feira";"01:36:00";"MT";364;439,8;"VARZEA GRANDE";"Pedestre andava na pista";"Atropelamento de Pedestre";"Com Vítimas Fatais";"Plena Noite";"Decrescente";"Chuva";"Simples";"Curva";"Não";4;1;0;0;2;1;0;3;-15,605645;-56,203114;"SPRF-MT";"DEL01-MT";"UOP02-DEL01-MT"
660642;2025-02-10;"segunda-feira";"18:00:00";"RO";364;14;"VILHENA";"Acessar a via sem observar a presença dos outros veículos";"Colisão transversal";"Sem Vítimas";"Anoitecer";"Decrescente";"Ignorado";"Dupla";"Rotatória;Interseção de Vias";"Sim";2;0;0;0;2;0;0;2;-12,73898138;-60,13911417;"SPRF-RO";"DEL04-RO";"UOP01-DEL04-RO"
660644;2025-02-10;"segunda-feira";"15:30:00";"SP";116;38;"CACHOEIRA PAULISTA";"Desvio temporário";"Colisão traseira";"Com Vítimas Feridas";"Pleno dia";"Decrescente";"Céu Claro";"Múltipla";"Reta";"Sim";3;0;2;0;1;0;2;3;-22,67026579;-44,99183604;"SPRF-SP";"DEL08-SP";"UOP02-DEL08-SP"
660645;2025-02-11;"terça-feira";"05:30:00";"PE";232;5,4;"RECIFE";"Condutor deixou de manter distância do veículo da frente";"Colisão traseira";"Com Vítimas Feridas";"Pleno dia";"Decrescente";"Sol";"Dupla";"Reta";"Não";2;0;0;2;0;0;2;1;-8,06795766;-34,94535414;"SPRF-PE";"DEL01-PE";"UOP01-DEL01-PE"
660646;2025-02-10;"segunda-feira";"22:40:00";"GO";80;94;"VILA PROPICIO";"Acessar a via sem observar a presença dos outros veículos";"Colisão lateral mesmo sentido";"Com Vítimas Feridas";"Plena Noite";"Decrescente";"Ignorado";"Simples";"Reta";"Não";2;0;1;0;1;0;1;2;-15,208875;-48,697312;"SPRF-DF";"DEL03-DF";"UOP02-DEL03-DF"
660648;2025-02-11;"terça-feira";"03:30:00";"BA";101;557;"ARATACA";"Ultrapassagem Indevida";"Capotamento";"Com Vítimas Feridas";"Plena Noite";"Crescente";"Garoa/Chuvisco";"Simples";"Curva";"Não";2;0;1;0;1;0;1;1;-15,32682898;-39,50061866;"SPRF-BA";"DEL05-BA";"UOP02-DEL05-BA"
660649;2025-01-29;"quarta-feira";"22:00:00";"PB";230;23,7;"JOAO PESSOA";"Condutor deixou de manter distância do veículo da frente";"Colisão traseira";"Com Vítimas Feridas";"Plena Noite";"Crescente";"Céu Claro";"Simples";"Reta";"Sim";2;0;1;0;1;0;1;2;-7,1562;-34,8574;"SPRF-PB";"DEL01-PB";"UOP01-DEL01-PB"
660650;2025-02-11;"terça-feira";"07:26:00";"TO";153;144;"ARAGUAINA";"Desrespeitar a preferência no cruzamento";"Colisão transversal";"Com Vítimas Feridas";"Pleno dia";"Decrescente";"Céu Claro";"Simples";"Rotatória";"Sim";2;0;0;1;1;0;1;2;-7,19662811;-48,23636977;"SPRF-TO";"DEL02-TO";"UOP01-DEL02-TO"
660651;2025-02-11;"terça-feira";"07:30:00";"RJ";116;169;"RIO DE JANEIRO";"Ausência de reação do condutor";"Colisão traseira";"Com Vítimas Feridas";"Pleno dia";"Decrescente";"Céu Claro";"Múltipla";"Reta";"Sim";2;0;0;1;1;0;1;2;-22,816206;-43,324463;"SPRF-RJ";"DEL06-RJ";"UOP01-DEL06-RJ"
660653;2025-02-11;"terça-feira";"06:50:00";"PB";230;10;"CABEDELO";"Ausência de reação do condutor";"Tombamento";"Com Vítimas Feridas";"Amanhecer";"Crescente";"Ignorado";"Dupla";"Reta;Em Obras";"Sim";2;0;1;1;0;0;2;1;-7,05366667;-34,85047507;"SPRF-PB";"DEL01-PB";"UOP01-DEL01-PB"
660655;2025-02-11;"terça-feira";"07:10:00";"SP";116;158;"SAO JOSE DOS CAMPOS";"Trafegar com motocicleta (ou similar) entre as faixas";"Colisão lateral mesmo sentido";"Com Vítimas Feridas";"Pleno dia";"Decrescente";"Sol";"Dupla";"Em Obras;Reta";"Sim";2;0;1;0;1;0;1;2;-23,26072137;-45,95179176;"SPRF-SP";"DEL02-SP";"UOP01-DEL02-SP"
660657;2025-02-11;"terça-feira";"07:15:00";"MG";381;484;"BETIM";"Reação tardia ou ineficiente do condutor";"Engavetamento";"Com Vítimas Feridas";"Pleno dia";"Decrescente";"Céu Claro";"Múltipla";"Reta";"Sim";5;0;0;1;4;0;1;5;-19,95979596;-44,08985138;"SPRF-MG";"DEL01-MG";"UOP03-DEL01-MG"
660658;2025-02-11;"terça-feira";"07:40:00";"CE";116;7;"FORTALEZA";"Condutor deixou de manter distância do veículo da frente";"Colisão lateral mesmo sentido";"Com Vítimas Feridas";"Pleno dia";"Decrescente";"Sol";"Dupla";"Reta";"Sim";3;0;1;0;2;0;1;3;-3,81449891;-38,50124359;"SPRF-CE";"DEL01-CE";"UOP02-DEL01-CE"
660659;2025-02-11;"terça-feira";"07:10:00";"MG";40;520,8;"CONTAGEM";"Acessar a via sem observar a presença dos outros veículos";"Colisão transversal";"Com Vítimas Fatais";"Pleno dia";"Decrescente";"Céu Claro";"Dupla";"Reta";"Não";2;1;0;0;1;0;0;2;-19,84761911;-44,07276144;"SPRF-MG";"DEL01-MG";"UOP02-DEL01-MG"
660660;2025-02-11;"terça-feira";"08:30:00";"SC";101;118;"ITAJAI";"Manobra de mudança de faixa";"Colisão lateral mesmo sentido";"Com Vítimas Feridas";"Pleno dia";"Crescente";"Céu Claro";"Dupla";"Curva";"Sim";2;0;1;0;1;0;1;2;-26,895859;-48,71903;"SPRF-SC";"DEL04-SC";"UOP04-DEL04-SC"
660663;2025-02-11;"terça-feira";"08:25:00";"ES";101;285,2;"CARIACICA";"Ausência de reação do condutor";"Colisão traseira";"Com Vítimas Feridas";"Pleno dia";"Decrescente";"Céu Claro";"Dupla";"Reta";"Sim";2;0;1;0;1;0;1;2;-20,25148171;-40,37270066;"SPRF-ES";"DEL01-ES";"UOP01-DEL01-ES"
660664;2025-02-11;"terça-feira";"08:40:00";"SC";101;212,9;"PALHOCA";"Reação tardia ou ineficiente do condutor";"Colisão lateral mesmo sentido";"Com Vítimas Feridas";"Pleno dia";"Crescente";"Céu Claro";"Dupla";"Reta";"Sim";3;0;2;0;1;0;2;2;-27,62996929;-48,65903871;"SPRF-SC";"DEL01-SC";"UOP02-DEL01-SC"
660666;2025-02-10;"segunda-feira";"19:00:00";"BA";324;381;"GAVIAO";"Velocidade Incompatível";"Colisão lateral sentido oposto";"Com Vítimas Feridas";"Plena Noite";"Decrescente";"Céu Claro";"Simples";"Reta";"Não";3;0;1;0;2;0;1;2;-11,47105856;-39,78852466;"SPRF-BA";"DEL04-BA";"UOP02-DEL04-BA"
660667;2025-02-11;"terça-feira";"08:30:00";"PE";232;11;"JABOATAO DOS GUARARAPES";"Condutor deixou de manter distância do veículo da frente";"Engavetamento";"Com Vítimas Feridas";"Pleno dia";"Decrescente";"Céu Claro";"Dupla";"Reta";"Não";3;0;0;1;2;0;1;3;-8,08577691;-35,00345603;"SPRF-PE";"DEL01-PE";"UOP01-DEL01-PE"
660668;2025-02-11;"terça-feira";"09:15:00";"RN";101;104;"PARNAMIRIM";"Ausência de sinalização";"Colisão traseira";"Com Vítimas Feridas";"Pleno dia";"Crescente";"Céu Claro";"Dupla";"Curva;Aclive";"Sim";2;0;1;0;1;0;1;2;-5,892745;-35,257225;"SPRF-RN";"DEL01-RN";"UOP01-DEL01-RN"
660671;2025-02-11;"terça-feira";"08:35:00";"PR";277;705;"SAO MIGUEL DO IGUACU";"Condutor deixou de manter distância do veículo da frente";"Colisão traseira";"Com Vítimas Feridas";"Pleno dia";"Decrescente";"Céu Claro";"Dupla";"Reta";"Não";2;0;2;0;0;0;2;2;-25,43019901;-54,369603;"SPRF-PR";"DEL05-PR";"UOP01-DEL05-PR"
660673;2025-02-11;"terça-feira";"08:40:00";"DF";20;17;"BRASILIA";"Reação tardia ou ineficiente do condutor";"Tombamento";"Com Vítimas Feridas";"Pleno dia";"Crescente";"Céu Claro";"Dupla";"Declive;Reta";"Não";1;0;0;1;0;0;1;1;-15,621374;-47,71698;"SPRF-DF";"DEL02-DF";"UOP01-DEL02-DF"
660674;2025-02-11;"terça-feira";"07:10:00";"GO";153;172;"CAMPINORTE";"Acumulo de água sobre o pavimento";"Saída de leito carroçável";"Sem Vítimas";"Pleno dia";"Decrescente";"Chuva";"Simples";"Reta";"Não";6;0;0;0;6;0;0;2;-14,29066784;-49,15042877;"SPRF-GO";"DEL07-GO";"UOP02-DEL07-GO"
660675;2025-02-11;"terça-feira";"08:45:00";"RO";364;372;"OURO PRETO DO OESTE";"Ultrapassagem Indevida";"Colisão frontal";"Com Vítimas Feridas";"Pleno dia";"Crescente";"Nublado";"Simples";"Reta";"Não";4;0;1;2;1;0;3;2;-10,75388889;-62,16275296;"SPRF-RO";"DEL02-RO";"UOP01-DEL02-RO"
660676;2025-02-11;"terça-feira";"09:45:00";"RJ";116;187;"NOVA IGUACU";"Trafegar com motocicleta (ou similar) entre as faixas";"Colisão lateral mesmo sentido";"Com Vítimas Feridas";"Pleno dia";"Decrescente";"Céu Claro";"Dupla";"Reta";"Sim";2;0;1;0;1;0;1;2;-22,73883756;-43,47245197;"SPRF-RJ";"DEL06-RJ";"UOP01-DEL06-RJ"
660677;2025-02-11;"terça-feira";"07:00:00";"MS";267;118;"NOVA ANDRADINA";"Acessar a via sem observar a presença dos outros veículos";"Eventos atípicos";"Com Vítimas Feridas";"Pleno dia";"Decrescente";"Céu Claro";"Simples";"Reta";"Não";3;0;1;0;0;2;1;3;-21,774891;-53,199715;"SPRF-MS";"DEL02-MS";"UOP03-DEL02-MS"
660679;2025-02-11;"terça-feira";"08:10:00";"RJ";101;282;"TANGUA";"Avarias e/ou desgaste excessivo no pneu";"Queda de ocupante de veículo";"Com Vítimas Feridas";"Pleno dia";"Crescente";"Sol";"Dupla";"Reta";"Não";2;0;2;0;0;0;2;1;-22,7371391;-42,79664601;"SPRF-RJ";"DEL02-RJ";"UOP02-DEL02-RJ"
660680;2025-02-11;"terça-feira";"09:08:00";"PB";230;51;"CRUZ DO ESPIRITO SANTO";"Condutor deixou de manter distância do veículo da frente";"Colisão traseira";"Com Vítimas Fatais";"Pleno dia";"Decrescente";"Céu Claro";"Dupla";"Reta";"Não";3;1;0;1;0;1;1;3;-7,18571649;-35,05496979;"SPRF-PB";"DEL01-PB";"UOP02-DEL01-PB"