"id";"data_inversa";"dia_semana";"horario";"uf";"br";"km";"municipio";"causa_acidente";"tipo_acidente";"classificacao_acidente";"fase_dia";"sentido_via";"condicao_metereologica";"tipo_pista";"tracado_via";"uso_solo";"pessoas";"mortos";"feridos_leves";"feridos_graves";"ilesos";"ignorados";"feridos";"veiculos";"latitude";"longitude";"regional";"delegacia";"uop"
660681;2025-02-07;"sexta-feira";"23:00:00";"SP";381;53;"MAIRIPORA";"Demais falhas mecânicas ou elétricas";"Incêndio";"Sem Vítimas";"Plena Noite";"Crescente";"Céu Claro";"Simples";"Reta";"Sim";1;0;0;0;1;0;0;1;-23,23727986;-46,59981085;"SPRF-SP";"DEL03-SP";"UOP01-DEL03-SP"
660682;2025-02-11;"terça-feira";"08:06:00";"AC";364;123;"RIO BRANCO";"Acessar a via sem observar a presença dos outros veículos";"Colisão transversal";"Com Vítimas Feridas";"Pleno dia";"Crescente";"Chuva";"Dupla";"Retorno Regulamentado;Reta";"Sim";2;0;1;0;1;0;1;2;-10,01140054;-67,79168487;"SPRF-AC";"DEL01-AC";"UOP01-DEL01-AC"
660683;2025-02-11;"terça-feira";"10:28:00";"PI";343;0,9;"TERESINA";"Reação tardia ou ineficiente do condutor";"Colisão traseira";"Com Vítimas Feridas";"Pleno dia";"Decrescente";"Céu Claro";"Dupla";"Reta";"Sim";2;0;1;0;1;0;1;2;-5,089569;-42,802288;"SPRF-PI";"DEL01-PI";"UOP01-DEL01-PI"
660684;2025-02-11;"terça-feira";"08:22:00";"PR";277;494;"GUARANIACU";"Desrespeitar a preferência no cruzamento";"Colisão transversal";"Com Vítimas Feridas";"Pleno dia";"Crescente";"Céu Claro";"Simples";"Curva";"Não";2;0;2;0;0;0;2;2;-25,20939187;-52,65144369;"SPRF-PR";"DEL04-PR";"UOP04-DEL04-PR"
660685;2025-01-01;"quarta-feira";"11:00:00";"DF";70;3,5;"BRASILIA";"Transitar no Acostamento";"Colisão traseira";"Com Vítimas Feridas";"Pleno dia";"Decrescente";"Céu Claro";"Dupla";"Reta";"Sim";2;0;0;1;0;1;1;2;-15,802453;-48,080387;"SPRF-DF";"DEL03-DF";"UOP02-DEL03-DF"
660688;2025-02-11;"terça-feira";"11:00:00";"SP";116;502;"CAJATI";"Reação tardia ou ineficiente do condutor";"Saída de leito carroçável";"Com Vítimas Feridas";"Pleno dia";"Crescente";"Céu Claro";"Múltipla";"Curva";"Não";1;0;1;0;0;0;1;1;-24,7750833;-48,20117012;"SPRF-SP";"DEL05-SP";"UOP02-DEL05-SP"
660689;2025-01-10;"sexta-feira";"19:35:00";"SC";470;54;"BLUMENAU";"Ausência de reação do condutor";"Capotamento";"Com Vítimas Feridas";"Plena Noite";"Crescente";"Céu Claro";"Simples";"Reta;Interseção de Vias;Rotatória";"Não";4;0;2;0;2;0;2;2;-26,87403798;-49,11523819;"SPRF-SC";"DEL04-SC";"UOP01-DEL04-SC"
660691;2025-02-11;"terça-feira";"08:15:00";"MG";381;934;"EXTREMA";"Demais falhas mecânicas ou elétricas";"Tombamento";"Com Vítimas Feridas";"Pleno dia";"Crescente";"Céu Claro";"Múltipla";"Curva;Aclive";"Não";2;0;0;2;0;0;2;1;-22,82007572;-46,29934031;"SPRF-MG";"DEL16-MG";"UOP03-DEL16-MG"
660692;2025-02-11;"terça-feira";"11:30:00";"SP";116;219;"GUARULHOS";"Estacionar ou parar em local proibido";"Colisão traseira";"Sem Vítimas";"Pleno dia";"Crescente";"Céu Claro";"Múltipla";"Reta;Em Obras";"Sim";3;0;0;0;3;0;0;2;-23,46143954;-46,48885316;"SPRF-SP";"DEL01-SP";"UOP01-DEL01-SP"
660695;2025-02-11;"terça-feira";"11:10:00";"PR";163;41;"PRANCHITA";"Acessar a via sem observar a presença dos outros veículos";"Colisão lateral sentido oposto";"Sem Vítimas";"Pleno dia";"Crescente";"Céu Claro";"Simples";"Reta";"Não";2;0;0;0;2;0;0;2;-26,06679301;-53,72123694;"SPRF-PR";"DEL02-PR";"UOP02-DEL02-PR"
660696;2025-02-11;"terça-feira";"07:00:00";"PA";230;669;"ALTAMIRA";"Reação tardia ou ineficiente do condutor";"Saída de leito carroçável";"Sem Vítimas";"Pleno dia";"Decrescente";"Sol";"Simples";"Declive;Reta";"Não";1;0;0;0;0;1;0;1;-3,24993756;-52,33855404;"SPRF-PA";"DEL04-PA";"UOP01-DEL04-PA"
660697;2025-02-11;"terça-feira";"09:40:00";"MG";40;740,3;"SANTOS DUMONT";"Acesso irregular";"Colisão lateral mesmo sentido";"Com Vítimas Feridas";"Pleno dia";"Decrescente";"Céu Claro";"Simples";"Curva";"Não";3;0;0;1;2;0;1;2;-21,39953901;-43,56507286;"SPRF-MG";"DEL05-MG";"UOP01-DEL05-MG"
660699;2025-02-11;"terça-feira";"10:57:00";"SC";163;66;"SAO MIGUEL DO OESTE";"Acessar a via sem observar a presença dos outros veículos";"Colisão transversal";"Com Vítimas Feridas";"Pleno dia";"Crescente";"Céu Claro";"Dupla";"Reta;Aclive";"Sim";2;0;1;0;1;0;1;2;-26,76829633;-53,50019222;"SPRF-SC";"DEL07-SC";"UOP03-DEL07-SC"
660700;2025-02-11;"terça-feira";"08:30:00";"SC";101;395,5;"MARACAJA";"Demais falhas mecânicas ou elétricas";"Incêndio";"Sem Vítimas";"Pleno dia";"Crescente";"Céu Claro";"Dupla";"Reta;Aclive";"Sim";1;0;0;0;1;0;0;1;-28,83264391;-49,41588163;"SPRF-SC";"DEL02-SC";"UOP02-DEL02-SC"
660701;2025-02-11;"terça-feira";"12:25:00";"ES";101;148,5;"LINHARES";"Acessar a via sem observar a presença dos outros veículos";"Colisão transversal";"Com Vítimas Feridas";"Pleno dia";"Decrescente";"Chuva";"Dupla";"Interseção de Vias";"Não";2;0;1;0;1;0;1;2;-19,38787399;-40,06752766;"SPRF-ES";"DEL04-ES";"UOP01-DEL04-ES"
660702;2025-02-11;"terça-feira";"09:40:00";"MS";60;183;"CAMAPUA";"Reação tardia ou ineficiente do condutor";"Saída de leito carroçável";"Com Vítimas Feridas";"Pleno dia";"Decrescente";"Nublado";"Simples";"Curva";"Não";1;0;1;0;0;0;1;1;-19,5273655;-53,93374297;"SPRF-MS";"DEL06-MS";"UOP02-DEL06-MS"
660703;2025-02-11;"terça-feira";"12:30:00";"SC";280;71;"JARAGUA DO SUL";"Acessar a via sem observar a presença dos outros veículos";"Colisão transversal";"Com Vítimas Feridas";"Pleno dia";"Crescente";"Céu Claro";"Simples";"Reta";"Sim";3;0;1;0;2;0;1;2;-26,46151693;-49,13480597;"SPRF-SC";"DEL03-SC";"UOP03-DEL03-SC"
660705;2025-02-11;"terça-feira";"09:40:00";"RJ";101;142;"MACAE";"Objeto estático sobre o leito carroçável";"Colisão com objeto";"Com Vítimas Feridas";"Pleno dia";"Crescente";"Céu Claro";"Dupla";"Reta";"Não";1;0;1;0;0;0;1;1;-22,19679792;-41,74866733;"SPRF-RJ";"DEL08-RJ";"UOP04-DEL08-RJ"
660706;2025-02-11;"terça-feira";"12:00:00";"PB";230;5,5;"CABEDELO";"Velocidade Incompatível";"Colisão traseira";"Sem Vítimas";"Pleno dia";"Crescente";"Céu Claro";"Múltipla";"Reta";"Sim";5;0;0;0;4;1;0;3;-7,01581577;-34,83388603;"SPRF-PB";"DEL01-PB";"UOP01-DEL01-PB"
660708;2025-02-11;"terça-feira";"12:00:00";"RJ";101;317;"SAO GONCALO";"Frear bruscamente";"Colisão traseira";"Com Vítimas Feridas";"Pleno dia";"Decrescente";"Céu Claro";"Dupla";"Reta";"Sim";1;0;1;0;0;0;1;1;-22,83707798;-43,09492006;"SPRF-RJ";"DEL02-RJ";"UOP02-DEL02-RJ"
660710;2025-02-11;"terça-feira";"13:25:00";"RS";285;293;"PASSO FUNDO";"Acessar a via sem observar a presença dos outros veículos";"Colisão lateral mesmo sentido";"Com Vítimas Feridas";"Pleno dia";"Crescente";"Céu Claro";"Dupla";"Interseção de Vias";"Sim";3;0;2;0;1;0;2;2;-28,236645;-52,375156;"SPRF-RS";"DEL08-RS";"UOP03-DEL08-RS"
660711;2025-02-11;"terça-feira";"13:00:00";"PR";369;186,7;"ARAPONGAS";"Condutor deixou de manter distância do veículo da frente";"Colisão traseira";"Com Vítimas Feridas";"Pleno dia";"Crescente";"Céu Claro";"Simples";"Reta;Interseção de Vias";"Sim";4;0;2;0;1;1;2;3;-23,42155711;-51,42461479;"SPRF-PR";"DEL07-PR";"UOP03-DEL07-PR"
660712;2025-02-11;"terça-feira";"13:10:00";"TO";153;638,2;"ALIANCA DO TOCANTINS";"Pista Escorregadia";"Colisão com objeto";"Com Vítimas Feridas";"Pleno dia";"Crescente";"Chuva";"Simples";"Reta";"Não";1;0;1;0;0;0;1;1;-11,43029003;-48,98545691;"SPRF-TO";"DEL01-TO";"UOP02-DEL01-TO"
660714;2025-02-11;"terça-feira";"11:00:00";"ES";262;135,2;"BREJETUBA";"Condutor Dormindo";"Saída de leito carroçável";"Com Vítimas Feridas";"Pleno dia";"Crescente";"Céu Claro";"Simples";"Curva";"Não";1;0;0;1;0;0;1;1;-20,24466108;-41,3313501;"SPRF-ES";"DEL01-ES";"UOP02-DEL01-ES"
660715;2025-02-11;"terça-feira";"09:02:00";"RJ";101;239;"SILVA JARDIM";"Demais falhas mecânicas ou elétricas";"Queda de ocupante de veículo";"Com Vítimas Feridas";"Pleno dia";"Decrescente";"Céu Claro";"Dupla";"Reta";"Não";1;0;1;0;0;0;1;1;-22,62542413;-42,42802593;"SPRF-RJ";"DEL02-RJ";"UOP03-DEL02-RJ"
660718;2025-02-11;"terça-feira";"13:22:00";"PB";230;20,8;"JOAO PESSOA";"Ausência de reação do condutor";"Colisão traseira";"Com Vítimas Feridas";"Pleno dia";"Decrescente";"Céu Claro";"Dupla";"Reta";"Sim";6;0;1;0;5;0;1;2;-7,1337;-34,8544;"SPRF-PB";"DEL01-PB";"UOP01-DEL01-PB"
660719;2025-02-11;"terça-feira";"13:40:00";"RS";116;472;"SAO LOURENCO DO SUL";"Demais falhas mecânicas ou elétricas";"Incêndio";"Sem Vítimas";"Pleno dia";"Decrescente";"Nublado";"Dupla";"Reta";"Não";1;0;0;0;1;0;0;1;-31,36343118;-52,08262687;"SPRF-RS";"DEL07-RS";"UOP01-DEL07-RS"
660720;2025-02-11;"terça-feira";"14:20:00";"ES";101;296;"CARIACICA";"Acumulo de areia ou detritos sobre o pavimento";"Queda de ocupante de veículo";"Com Vítimas Feridas";"Pleno dia";"Crescente";"Céu Claro";"Simples";"Reta";"Não";1;0;1;0;0;0;1;1;-20,34029997;-40,40405712;"SPRF-ES";"DEL01-ES";"UOP01-DEL01-ES"
660722;2025-02-11;"terça-feira";"14:10:00";"PR";369;186,7;"ARAPONGAS";"Condutor Dormindo";"Colisão com objeto";"Sem Vítimas";"Pleno dia";"Decrescente";"Céu Claro";"Simples";"Reta";"Sim";1;0;0;0;1;0;0;1;-23,421914;-51,424373;"SPRF-PR";"DEL07-PR";"UOP03-DEL07-PR"
660725;2025-02-11;"terça-feira";"13:30:00";"RJ";40;107;"DUQUE DE CAXIAS";"Demais falhas mecânicas ou elétricas";"Tombamento";"Com Vítimas Feridas";"Pleno dia";"Decrescente";"Céu Claro";"Dupla";"Reta";"Não";1;0;1;0;0;0;1;1;-22,65581497;-43,28378546;"SPRF-RJ";"DEL01-RJ";"UOP02-DEL01-RJ"
660726;2025-02-11;"terça-feira";"12:45:00";"CE";222;120,2;"ITAPAJE";"Demais falhas na via";"Queda de ocupante de veículo";"Com Vítimas Feridas";"Pleno dia";"Crescente";"Céu Claro";"Simples";"Reta";"Sim";2;0;2;0;0;0;2;1;-3,72231305;-39,5617951;"SPRF-CE";"DEL04-CE";"UOP03-DEL04-CE"
660728;2025-02-11;"terça-feira";"12:40:00";"GO";40;16;"CIDADE OCIDENTAL";"Ausência de reação do condutor";"Saída de leito carroçável";"Com Vítimas Feridas";"Pleno dia";"Crescente";"Garoa/Chuvisco";"Dupla";"Reta";"Sim";2;0;1;0;0;1;1;2;-16,10498894;-47,97472;"SPRF-DF";"DEL01-DF";"UOP01-DEL01-DF"
660730;2025-02-11;"terça-feira";"14:45:00";"RJ";116;173;"SAO JOAO DE MERITI";"Demais falhas mecânicas ou elétricas";"Tombamento";"Com Vítimas Feridas";"Pleno dia";"Decrescente";"Sol";"Múltipla";"Reta";"Sim";1;0;1;0;0;0;1;1;-22,79810324;-43,35726614;"SPRF-RJ";"DEL06-RJ";"UOP01-DEL06-RJ"
660734;2025-02-11;"terça-feira";"14:10:00";"SC";101;208,2;"SAO JOSE";"Manobra de mudança de faixa";"Colisão lateral mesmo sentido";"Com Vítimas Feridas";"Pleno dia";"Crescente";"Sol";"Múltipla";"Reta;Interseção de Vias";"Sim";5;0;1;0;4;0;1;2;-27,60327979;-48,63201818;"SPRF-SC";"DEL01-SC";"UOP01-DEL01-SC"
660735;2025-02-11;"terça-feira";"13:30:00";"MG";40;532;"BELO HORIZONTE";"Manobra de mudança de faixa";"Colisão lateral mesmo sentido";"Com Vítimas Feridas";"Pleno dia";"Crescente";"Céu Claro";"Dupla";"Reta;Declive";"Sim";3;0;2;0;1;0;2;2;-19,92372561;-44,01700789;"SPRF-MG";"DEL01-MG";"UOP02-DEL01-MG"
660736;2025-02-11;"terça-feira";"14:00:00";"MG";116;51;"MEDINA";"Avarias e/ou desgaste excessivo no pneu";"Queda de ocupante de veículo";"Com Vítimas Feridas";"Pleno dia";"Decrescente";"Céu Claro";"Simples";"Reta";"Não";2;0;1;1;0;0;2;1;-16,06503493;-41,4505498;"SPRF-MG";"DEL11-MG";"UOP02-DEL11-MG"
660737;2025-02-11;"terça-feira";"13:40:00";"SC";163;68,8;"SAO MIGUEL DO OESTE";"Condutor deixou de manter distância do veículo da frente";"Colisão traseira";"Sem Vítimas";"Pleno dia";"Crescente";"Céu Claro";"Dupla";"Reta";"Sim";2;0;0;0;2;0;0;2;-26,74285102;-53,50088596;"SPRF-SC";"DEL07-SC";"UOP03-DEL07-SC"
660740;2025-02-11;"terça-feira";"15:35:00";"RJ";101;321;"NITEROI";"Velocidade Incompatível";"Queda de ocupante de veículo";"Com Vítimas Feridas";"Pleno dia";"Crescente";"Céu Claro";"Dupla";"Curva";"Sim";2;0;1;0;1;0;1;1;-22,86981096;-43,11046465;"SPRF-RJ";"DEL02-RJ";"UOP01-DEL02-RJ"
660743;2025-02-11;"terça-feira";"14:43:00";"PR";116;92;"SAO JOSE DOS PINHAIS";"Ausência de reação do condutor";"Tombamento";"Com Vítimas Feridas";"Pleno dia";"Decrescente";"Céu Claro";"Dupla";"Reta";"Sim";1;0;1;0;0;0;1;1;-25,47691403;-49,09767498;"SPRF-PR";"DEL01-PR";"UOP07-DEL01-PR"
660745;2025-02-11;"terça-feira";"16:11:00";"SP";116;227;"SAO PAULO";"Ausência de reação do condutor";"Colisão traseira";"Com Vítimas Feridas";"Pleno dia";"Crescente";"Céu Claro";"Múltipla";"Reta";"Sim";2;0;1;0;1;0;1;2;-23,49659264;-46,55648754;"SPRF-SP";"DEL01-SP";"UOP01-DEL01-SP"
660747;2025-02-11;"terça-feira";"12:55:00";"PR";153;335,2;"IRATI";"Acessar a via sem observar a presença dos outros veículos";"Colisão transversal";"Com Vítimas Feridas";"Pleno dia";"Decrescente";"Céu Claro";"Simples";"Reta;Interseção de Vias";"Sim";2;0;1;0;1;0;1;2;-25,48894141;-50,64508883;"SPRF-PR";"DEL08-PR";"UOP02-DEL08-PR"
660751;2025-02-11;"terça-feira";"16:25:00";"PR";277;72;"SAO JOSE DOS PINHAIS";"Condutor deixou de manter distância do veículo da frente";"Colisão traseira";"Sem Vítimas";"Pleno dia";"Crescente";"Nublado";"Dupla";"Reta";"Não";5;0;0;0;5;0;0;2;-25,52522628;-49,09755612;"SPRF-PR";"DEL01-PR";"UOP07-DEL01-PR"
660753;2025-02-11;"terça-feira";"15:10:00";"ES";101;370,2;"ANCHIETA";"Desrespeitar a preferência no cruzamento";"Colisão transversal";"Com Vítimas Feridas";"Pleno dia";"Crescente";"Nublado";"Simples";"Reta";"Não";3;0;1;0;2;0;1;2;-20,76871121;-40,75999937;"SPRF-ES";"DEL03-ES";"UOP01-DEL03-ES"
660757;2025-02-11;"terça-feira";"14:30:00";"MS";163;490;"CAMPO GRANDE";"Demais falhas mecânicas ou elétricas";"Incêndio";"Sem Vítimas";"Pleno dia";"Crescente";"Céu Claro";"Simples";"Reta";"Não";2;0;0;0;0;2;0;2;-20,39834568;-54,55622792;"SPRF-MS";"DEL01-MS";"UOP02-DEL01-MS"
660758;2025-02-11;"terça-feira";"17:00:00";"PE";232;88;"GRAVATA";"Ausência de reação do condutor";"Colisão com objeto";"Com Vítimas Feridas";"Pleno dia";"Crescente";"Céu Claro";"Dupla";"Em Obras;Reta";"Não";1;0;0;1;0;0;1;1;-8,215632;-35,639791;"SPRF-PE";"DEL02-PE";"UOP02-DEL02PE"
660759;2025-01-10;"sexta-feira";"14:15:00";"SC";101;226,4;"PALHOCA";"Acessar a via sem observar a presença dos outros veículos";"Colisão com objeto";"Com Vítimas Feridas";"Pleno dia";"Crescente";"Céu Claro";"Dupla";"Reta";"Sim";6;0;3;2;0;1;5;3;-27,74200001;-48,63806504;"SPRF-SC";"DEL01-SC";"UOP02-DEL01-SC"
660760;2025-02-07;"sexta-feira";"15:35:00";"PB";230;15;"JOAO PESSOA";"Ausência de reação do condutor";"Colisão traseira";"Com Vítimas Feridas";"Pleno dia";"Decrescente";"Céu Claro";"Dupla";"Declive";"Sim";3;0;1;0;2;0;1;2;-7,093;-34,8482;"SPRF-PB";"DEL01-PB";"UOP01-DEL01-PB"
660761;2025-02-11;"terça-feira";"16:00:00";"MG";40;617,4;"CONGONHAS";"Condutor deixou de manter distância do veículo da frente";"Colisão traseira";"Com Vítimas Feridas";"Pleno dia";"Crescente";"Céu Claro";"Simples";"Reta";"Sim";5;0;1;0;4;0;1;2;-20,55295397;-43,81450989;"SPRF-MG";"DEL05-MG";"UOP02-DEL05-MG"
660764;2025-02-11;"terça-feira";"12:30:00";"PB";104;2;"NOVA FLORESTA";"Ausência de reação do condutor";"Colisão traseira";"Com Vítimas Feridas";"Pleno dia";"Crescente";"Sol";"Simples";"Reta";"Sim";5;0;1;3;1;0;4;2;-6,45169185;-36,20342671;"SPRF-PB";"DEL02-PB";"UOP04-DEL02-PB"
660765;2025-02-11;"terça-feira";"16:20:00";"SP";116;33,9;"CACHOEIRA PAULISTA";"Ultrapassagem Indevida";"Colisão lateral mesmo sentido";"Com Vítimas Feridas";"Pleno dia";"Crescente";"Nublado";"Simples";"Curva;Aclive";"Sim";2;0;1;0;1;0;1;2;-22,65226152;-44,9587297;"SPRF-SP";"DEL08-SP";"UOP02-DEL08-SP"
660766;2025-02-11;"terça-feira";"17:00:00";"RJ";116;185;"NOVA IGUACU";"Ausência de reação do condutor";"Colisão traseira";"Com Vítimas Feridas";"Pleno dia";"Crescente";"Céu Claro";"Dupla";"Reta";"Sim";3;0;1;0;2;0;1;2;-22,74151051;-43,45351823;"SPRF-RJ";"DEL06-RJ";"UOP01-DEL06-RJ"
660767;2025-01-10;"sexta-feira";"20:00:00";"SP";116;447;"REGISTRO";"Condutor deixou de manter distância do veículo da frente";"Colisão traseira";"Com Vítimas Feridas";"Plena Noite";"Crescente";"Céu Claro";"Dupla";"Reta";"Não";3;0;0;1;2;0;1;2;-24,51285376;-47,85054871;"SPRF-SP";"DEL05-SP";"UOP01-DEL05-SP"
660768;2025-02-11;"terça-feira";"16:40:00";"DF";20;57;"BRASILIA";"Reação tardia ou ineficiente do condutor";"Saída de leito carroçável";"Com Vítimas Feridas";"Pleno dia";"Crescente";"Chuva";"Dupla";"Curva";"Não";3;0;3;0;0;0;3;1;-15,583027;-47,367081;"SPRF-DF";"DEL02-DF";"UOP01-DEL02-DF"
660770;2025-02-11;"terça-feira";"17:10:00";"BA";324;512;"FEIRA DE SANTANA";"Acumulo de óleo sobre o pavimento";"Queda de ocupante de veículo";"Com Vítimas Feridas";"Pleno dia";"Crescente";"Céu Claro";"Simples";"Rotatória";"Sim";1;0;1;0;0;0;1;1;-12,22584428;-38,96500584;"SPRF-BA";"DEL02-BA";"UOP01-DEL02-BA"
660771;2025-02-11;"terça-feira";"17:22:00";"CE";116;34;"HORIZONTE";"Acessar a via sem observar a presença dos outros veículos";"Colisão lateral mesmo sentido";"Com Vítimas Feridas";"Pleno dia";"Crescente";"Céu Claro";"Dupla";"Reta";"Não";2;0;1;0;1;0;1;2;-4,05172943;-38,50644171;"SPRF-CE";"DEL01-CE";"UOP02-DEL01-CE"
660772;2025-02-11;"terça-feira";"17:30:00";"SC";116;199,1;"PONTE ALTA";"Reação tardia ou ineficiente do condutor";"Saída de leito carroçável";"Com Vítimas Feridas";"Pleno dia";"Crescente";"Sol";"Simples";"Curva;Aclive";"Não";2;0;1;0;0;1;1;2;-27,42102791;-50,41128862;"SPRF-SC";"DEL05-SC";"UOP03-DEL05-SC"
660773;2025-02-11;"terça-feira";"17:00:00";"RS";392;0;"RIO GRANDE";"Trafegar com motocicleta (ou similar) entre as faixas";"Colisão transversal";"Com Vítimas Feridas";"Pleno dia";"Decrescente";"Céu Claro";"Simples";"Reta";"Sim";2;0;0;1;1;0;1;2;-32,11543941;-52,11021423;"SPRF-RS";"DEL07-RS";"UOP02-DEL07-RS"
660775;2025-02-11;"terça-feira";"17:10:00";"SE";101;102,9;"SAO CRISTOVAO";"Manobra de mudança de faixa";"Colisão com objeto";"Com Vítimas Feridas";"Pleno dia";"Decrescente";"Nublado";"Dupla";"Reta";"Não";2;0;2;0;0;0;2;1;-10,94880037;-37,21099182;"SPRF-SE";"DEL02-SE";"UOP01-DEL02-SE"
660776;2025-02-11;"terça-feira";"16:30:00";"MT";70;497;"CUIABA";"Demais falhas mecânicas ou elétricas";"Queda de ocupante de veículo";"Com Vítimas Feridas";"Pleno dia";"Crescente";"Céu Claro";"Simples";"Reta";"Sim";2;0;2;0;0;0;2;1;-15,69464314;-55,89988508;"SPRF-MT";"DEL01-MT";"UOP02-DEL01-MT"
660777;2025-02-11;"terça-feira";"17:30:00";"SP";381;89,4;"GUARULHOS";"Reação tardia ou ineficiente do condutor";"Colisão lateral mesmo sentido";"Com Vítimas Feridas";"Pleno dia";"Decrescente";"Céu Claro";"Múltipla";"Reta";"Sim";4;0;2;0;2;0;2;2;-23,491029;-46,558953;"SPRF-SP";"DEL03-SP";"UOP01-DEL03-SP"
660778;2025-02-11;"terça-feira";"15:30:00";"MA";10;176;"CAMPESTRE DO MARANHAO";"Acessar a via sem observar a presença dos outros veículos";"Colisão transversal";"Com Vítimas Feridas";"Pleno dia";"Crescente";"Garoa/Chuvisco";"Simples";"Reta;Declive";"Sim";3;0;1;0;2;0;1;2;-6,176334;-47,363804;"SPRF-MA";"DEL04-MA";"UOP02-DEL04-MA"
660779;2025-02-11;"terça-feira";"17:15:00";"SP";116;64,3;"GUARATINGUETA";"Ausência de reação do condutor";"Colisão traseira";"Com Vítimas Feridas";"Pleno dia";"Crescente";"Sol";"Múltipla";"Curva";"Sim";2;0;1;0;0;1;1;2;-22,81942006;-45,18421298;"SPRF-SP";"DEL08-SP";"UOP01-DEL08-SP"
660780;2025-02-11;"terça-feira";"17:45:00";"MG";40;546;"NOVA LIMA";"Manobra de mudança de faixa";"Colisão lateral mesmo sentido";"Com Vítimas Feridas";"Anoitecer";"Decrescente";"Céu Claro";"Dupla";"Reta";"Sim";2;0;1;0;1;0;1;2;-20,01444685;-43,96893823;"SPRF-MG";"DEL01-MG";"UOP02-DEL01-MG"
660783;2025-02-11;"terça-feira";"17:40:00";"MG";40;656,8;"CARANDAI";"Pedestre cruzava a pista fora da faixa";"Atropelamento de Pedestre";"Com Vítimas Fatais";"Pleno dia";"Crescente";"Céu Claro";"Simples";"Aclive;Reta";"Não";2;1;0;0;1;0;0;2;-20,88150821;-43,80369186;"SPRF-MG";"DEL05-MG";"UOP02-DEL05-MG"
660784;2025-02-11;"terça-feira";"17:50:00";"SC";280;133,9;"RIO NEGRINHO";"Reação tardia ou ineficiente do condutor";"Colisão com objeto";"Sem Vítimas";"Pleno dia";"Crescente";"Céu Claro";"Simples";"Curva";"Sim";2;0;0;0;2;0;0;1;-26,268433;-49,555073;"SPRF-SC";"DEL06-SC";"UOP03-DEL06-SC"
660787;2025-02-11;"terça-feira";"18:20:00";"PR";369;473,7;"CORBELIA";"Desrespeitar a preferência no cruzamento";"Colisão transversal";"Com Vítimas Feridas";"Pleno dia";"Decrescente";"Céu Claro";"Simples";"Rotatória;Reta;Interseção de Vias";"Sim";2;0;1;0;1;0;1;2;-24,58777659;-53,20122372;"SPRF-PR";"DEL04-PR";"UOP03-DEL04-PR"
660788;2025-02-11;"terça-feira";"18:00:00";"MS";163;275;"DOURADOS";"Pista esburacada";"Queda de ocupante de veículo";"Com Vítimas Feridas";"Pleno dia";"Decrescente";"Céu Claro";"Dupla";"Reta";"Não";1;0;1;0;0;0;1;1;-22,1666872;-54,65611485;"SPRF-MS";"DEL04-MS";"UOP01-DEL04-MS"
660789;2025-02-11;"terça-feira";"17:40:00";"ES";101;64,5;"SAO MATEUS";"Ausência de reação do condutor";"Colisão com objeto";"Com Vítimas Feridas";"Pleno dia";"Decrescente";"Céu Claro";"Simples";"Ponte";"Sim";1;0;1;0;0;0;1;1;-18,70428583;-39,87065983;"SPRF-ES";"DEL04-ES";"UOP02-DEL04-ES"
660790;2025-02-11;"terça-feira";"18:30:00";"SC";101;208,8;"SAO JOSE";"Reação tardia ou ineficiente do condutor";"Queda de ocupante de veículo";"Com Vítimas Feridas";"Anoitecer";"Crescente";"Céu Claro";"Múltipla";"Reta";"Sim";3;0;2;0;0;1;2;2;-27,60327979;-48,63201818;"SPRF-SC";"DEL01-SC";"UOP01-DEL01-SC"
660791;2025-02-11;"terça-feira";"18:12:00";"RS";116;36,9;"VACARIA";"Desrespeitar a preferência no cruzamento";"Colisão transversal";"Com Vítimas Feridas";"Pleno dia";"Crescente";"Céu Claro";"Simples";"Interseção de Vias;Rotatória";"Sim";3;0;1;1;1;0;2;2;-28,49228783;-50,91057315;"SPRF-RS";"DEL05-RS";"UOP03-DEL05-RS"
660793;2025-02-11;"terça-feira";"18:00:00";"BA";116;772;"PLANALTO";"Demais falhas mecânicas ou elétricas";"Incêndio";"Sem Vítimas";"Plena Noite";"Decrescente";"Nublado";"Simples";"Reta";"Não";1;0;0;0;1;0;0;1;-14,56801506;-40,42021294;"SPRF-BA";"DEL08-BA";"UOP02-DEL08-BA"
660795;2025-02-11;"terça-feira";"16:30:00";"RS";101;3,2;"TORRES";"Reação tardia ou ineficiente do condutor";"Saída de leito carroçável";"Sem Vítimas";"Pleno dia";"Crescente";"Nublado";"Dupla";"Reta";"Não";1;0;0;0;0;1;0;1;-29,3270867;-49,78114486;"SPRF-RS";"DEL03-RS";"UOP02-DEL03-RS"
660796;2025-01-29;"quarta-feira";"19:00:00";"RJ";101;463;"ANGRA DOS REIS";"Demais falhas mecânicas ou elétricas";"Incêndio";"Sem Vítimas";"Plena Noite";"Decrescente";"Nublado";"Simples";"Reta";"Não";1;0;0;0;1;0;0;1;-23,02635686;-44,21296905;"SPRF-RJ";"DEL03-RJ";"UOP03-DEL03-RJ"