"id";"data_inversa";"dia_semana";"horario";"uf";"br";"km";"municipio";"causa_acidente";"tipo_acidente";"classificacao_acidente";"fase_dia";"sentido_via";"condicao_metereologica";"tipo_pista";"tracado_via";"uso_solo";"pessoas";"mortos";"feridos_leves";"feridos_graves";"ilesos";"ignorados";"feridos";"veiculos";"latitude";"longitude";"regional";"delegacia";"uop"
660800;2025-02-11;"terça-feira";"18:40:00";"PR";158;533;"PATO BRANCO";"Acessar a via sem observar a presença dos outros veículos";"Colisão transversal";"Sem Vítimas";"Plena Noite";"Crescente";"Céu Claro";"Múltipla";"Declive;Interseção de Vias";"Sim";3;0;0;0;3;0;0;2;-26,21972809;-52,68262891;"SPRF-PR";"DEL02-PR";"UOP01-DEL02-PR"
660802;2025-02-11;"terça-feira";"17:20:00";"RJ";101;481;"ANGRA DOS REIS";"Conversão proibida";"Colisão transversal";"Com Vítimas Feridas";"Pleno dia";"Decrescente";"Céu Claro";"Simples";"Reta";"Sim";2;0;0;1;1;0;1;2;-23,00976021;-44,29153237;"SPRF-RJ";"DEL03-RJ";"UOP03-DEL03-RJ"
660804;2025-02-11;"terça-feira";"17:50:00";"RS";290;461;"ROSARIO DO SUL";"Ausência de reação do condutor";"Saída de leito carroçável";"Com Vítimas Feridas";"Pleno dia";"Crescente";"Céu Claro";"Simples";"Reta;Declive";"Não";2;0;2;0;0;0;2;1;-30,23039063;-54,73238468;"SPRF-RS";"DEL11-RS";"UOP02-DEL11-RS"
660805;2025-02-11;"terça-feira";"15:00:00";"BA";407;230;"CAPIM GROSSO";"Ausência de reação do condutor";"Saída de leito carroçável";"Com Vítimas Feridas";"Pleno dia";"Decrescente";"Céu Claro";"Simples";"Rotatória";"Sim";1;0;0;1;0;0;1;1;-11,35597598;-40,01403164;"SPRF-BA";"DEL04-BA";"UOP02-DEL04-BA"
660807;2025-02-11;"terça-feira";"19:40:00";"MS";60;660;"BELA VISTA";"Reação tardia ou ineficiente do condutor";"Atropelamento de Animal";"Com Vítimas Feridas";"Plena Noite";"Crescente";"Céu Claro";"Simples";"Reta";"Não";1;0;0;1;0;0;1;1;-21,9556527;-56,4306912;"SPRF-MS";"DEL05-MS";"UOP01-DEL05-MS"
660809;2025-02-11;"terça-feira";"20:10:00";"MS";163;257;"DOURADOS";"Ausência de reação do condutor";"Tombamento";"Com Vítimas Feridas";"Plena Noite";"Crescente";"Céu Claro";"Dupla";"Reta;Declive";"Sim";1;0;0;1;0;0;1;1;-22,25884901;-54,79493011;"SPRF-MS";"DEL04-MS";"UOP01-DEL04-MS"
660810;2025-02-11;"terça-feira";"20:50:00";"RS";386;414;"MONTENEGRO";"Ingestão de álcool pelo condutor";"Saída de leito carroçável";"Com Vítimas Feridas";"Plena Noite";"Crescente";"Nublado";"Simples";"Rotatória";"Não";1;0;1;0;0;0;1;1;-29,81646037;-51,48072308;"SPRF-RS";"DEL04-RS";"UOP02-DEL04-RS"
660812;2025-02-11;"terça-feira";"18:20:00";"MA";135;1;"SAO LUIS";"Reação tardia ou ineficiente do condutor";"Colisão traseira";"Com Vítimas Feridas";"Plena Noite";"Decrescente";"Garoa/Chuvisco";"Dupla";"Reta";"Não";2;0;1;0;1;0;1;2;-2,58917895;-44,24423719;"SPRF-MA";"DEL01-MA";"UOP01-DEL01-MA"
660813;2025-02-11;"terça-feira";"18:40:00";"SC";163;122;"DIONISIO CERQUEIRA";"Ausência de reação do condutor";"Saída de leito carroçável";"Com Vítimas Feridas";"Anoitecer";"Crescente";"Céu Claro";"Simples";"Reta";"Não";1;0;1;0;0;0;1;1;-26,29183751;-53,55534554;"SPRF-SC";"DEL07-SC";"UOP03-DEL07-SC"
660814;2025-02-11;"terça-feira";"21:10:00";"MG";40;526;"CONTAGEM";"Pedestre - Ingestão de álcool/ substâncias psicoativas";"Atropelamento de Pedestre";"Com Vítimas Feridas";"Plena Noite";"Decrescente";"Céu Claro";"Dupla";"Reta";"Sim";2;0;0;1;1;0;1;2;-19,89255399;-44,04985478;"SPRF-MG";"DEL01-MG";"UOP02-DEL01-MG"
660815;2025-02-11;"terça-feira";"18:00:00";"PR";163;84,3;"CAPANEMA";"Problema com o freio";"Queda de ocupante de veículo";"Com Vítimas Feridas";"Pleno dia";"Decrescente";"Céu Claro";"Simples";"Reta";"Não";1;0;1;0;0;0;1;1;-25,72964476;-53,78691199;"SPRF-PR";"DEL02-PR";"UOP02-DEL02-PR"
660816;2025-02-11;"terça-feira";"21:33:00";"PE";101;70;"RECIFE";"Transitar na contramão";"Colisão frontal";"Com Vítimas Feridas";"Plena Noite";"Decrescente";"Céu Claro";"Múltipla";"Curva;Viaduto";"Sim";2;0;1;1;0;0;2;2;-8,074603;-34,936925;"SPRF-PE";"DEL01-PE";"UOP01-DEL01-PE"
660817;2025-02-11;"terça-feira";"17:40:00";"RJ";101;332,5;"RIO DE JANEIRO";"Ausência de reação do condutor";"Colisão traseira";"Com Vítimas Feridas";"Pleno dia";"Decrescente";"Céu Claro";"Dupla";"Reta;Ponte";"Não";2;0;1;0;1;0;1;2;-22,874816;-43,20665359;"SPRF-RJ";"DEL02-RJ";"UOP01-DEL02-RJ"
660818;2025-02-11;"terça-feira";"22:30:00";"SP";116;217;"GUARULHOS";"Ausência de reação do condutor";"Queda de ocupante de veículo";"Com Vítimas Feridas";"Plena Noite";"Crescente";"Céu Claro";"Múltipla";"Reta";"Sim";1;0;1;0;0;0;1;1;-23,45423824;-46,47119028;"SPRF-SP";"DEL01-SP";"UOP01-DEL01-SP"
660820;2025-02-11;"terça-feira";"20:00:00";"GO";60;98;"ANAPOLIS";"Ingestão de álcool pelo condutor";"Colisão com objeto";"Sem Vítimas";"Pleno dia";"Decrescente";"Chuva";"Dupla";"Reta";"Sim";1;0;0;0;1;0;0;1;-16,3846;-48,9541;"SPRF-GO";"DEL02-GO";"UOP01-DEL02-GO"
660821;2025-02-11;"terça-feira";"19:10:00";"CE";116;3;"FORTALEZA";"Manobra de mudança de faixa";"Colisão lateral mesmo sentido";"Com Vítimas Feridas";"Plena Noite";"Crescente";"Céu Claro";"Múltipla";"Reta";"Não";2;0;1;0;1;0;1;2;-3,77866493;-38,51490171;"SPRF-CE";"DEL01-CE";"UOP02-DEL01-CE"
660824;2025-02-11;"terça-feira";"22:00:00";"RS";386;372,2;"FAZENDA VILANOVA";"Ausência de reação do condutor";"Saída de leito carroçável";"Sem Vítimas";"Plena Noite";"Crescente";"Nublado";"Dupla";"Curva;Declive";"Sim";1;0;0;0;0;1;0;1;-29,6042;-51,811676;"SPRF-RS";"DEL04-RS";"UOP01-DEL04-RS"
660826;2025-02-11;"terça-feira";"19:00:00";"RN";226;168,6;"CURRAIS NOVOS";"Ausência de sinalização";"Colisão transversal";"Com Vítimas Feridas";"Plena Noite";"Decrescente";"Céu Claro";"Simples";"Reta";"Não";2;0;0;1;1;0;1;2;-6,23417195;-36,45478404;"SPRF-RN";"DEL03-RN";"UOP02-DEL03-RN"
660828;2025-02-11;"terça-feira";"19:54:00";"MA";135;127;"MIRANDA DO NORTE";"Acessar a via sem observar a presença dos outros veículos";"Colisão transversal";"Com Vítimas Fatais";"Plena Noite";"Crescente";"Chuva";"Simples";"Reta";"Não";2;1;0;0;1;0;0;2;-3,57501528;-44,57979441;"SPRF-MA";"DEL01-MA";"UOP02-DEL01-MA"
660829;2025-02-12;"quarta-feira";"00:15:00";"PR";376;491;"PONTA GROSSA";"Ingestão de álcool pelo condutor";"Saída de leito carroçável";"Sem Vítimas";"Plena Noite";"Decrescente";"Céu Claro";"Dupla";"Aclive;Reta";"Sim";1;0;0;0;1;0;0;1;-25,10258276;-50,19412994;"SPRF-PR";"DEL03-PR";"UOP04-DEL03-PR"
660831;2025-02-11;"terça-feira";"23:10:00";"RR";174;8,8;"BOA VISTA";"Animais na Pista";"Atropelamento de Animal";"Sem Vítimas";"Plena Noite";"Decrescente";"Céu Claro";"Simples";"Reta";"Não";2;0;0;0;2;0;0;1;2,89939022;-60,70444107;"SPRF-RR";"DEL01-RR";"UOP01-DEL01-RR"
660837;2025-02-12;"quarta-feira";"03:50:00";"SP";153;111,8;"JOSE BONIFACIO";"Ingestão de álcool pelo condutor";"Saída de leito carroçável";"Com Vítimas Feridas";"Plena Noite";"Decrescente";"Céu Claro";"Simples";"Reta";"Não";1;0;1;0;0;0;1;1;-21,1008364;-49,68008995;"SPRF-SP";"DEL09-SP";"UOP01-DEL09-SP"
660839;2025-02-12;"quarta-feira";"04:30:00";"ES";101;262,2;"SERRA";"Reação tardia ou ineficiente do condutor";"Tombamento";"Com Vítimas Feridas";"Amanhecer";"Decrescente";"Céu Claro";"Dupla";"Reta;Declive";"Sim";1;0;1;0;0;0;1;1;-20,1615273;-40,2752806;"SPRF-ES";"DEL02-ES";"UOP01-DEL02-ES"
660840;2025-02-12;"quarta-feira";"05:25:00";"PR";116;77,7;"PIRAQUARA";"Afundamento ou ondulação no pavimento";"Saída de leito carroçável";"Com Vítimas Fatais";"Amanhecer";"Decrescente";"Céu Claro";"Dupla";"Curva";"Não";5;1;3;1;0;0;4;1;-25,38360492;-49,05301123;"SPRF-PR";"DEL01-PR";"UOP02-DEL01-PR"
660841;2025-02-12;"quarta-feira";"05:54:00";"RN";101;68;"EXTREMOZ";"Acumulo de água sobre o pavimento";"Queda de ocupante de veículo";"Com Vítimas Feridas";"Pleno dia";"Crescente";"Nublado";"Simples";"Reta";"Não";1;0;1;0;0;0;1;1;-5,66628678;-35,25303617;"SPRF-RN";"DEL02-RN";"UOP01-DEL02-RN"
660842;2025-02-12;"quarta-feira";"05:40:00";"SE";101;91,8;"NOSSA SENHORA DO SOCORRO";"Acesso irregular";"Colisão com objeto";"Com Vítimas Feridas";"Pleno dia";"Decrescente";"Nublado";"Dupla";"Aclive;Reta";"Sim";1;0;1;0;0;0;1;1;-10,89849802;-37,13176324;"SPRF-SE";"DEL01-SE";"UOP01-DEL01-SE"
660844;2025-02-12;"quarta-feira";"06:30:00";"SC";101;228,9;"PALHOCA";"Ausência de reação do condutor";"Colisão frontal";"Com Vítimas Feridas";"Pleno dia";"Crescente";"Céu Claro";"Múltipla";"Reta;Interseção de Vias;Aclive";"Não";1;0;1;0;0;0;1;1;-27,7597249;-48,63078869;"SPRF-SC";"DEL01-SC";"UOP02-DEL01-SC"
660845;2025-02-12;"quarta-feira";"06:50:00";"RJ";116;170;"RIO DE JANEIRO";"Ausência de reação do condutor";"Tombamento";"Com Vítimas Feridas";"Pleno dia";"Crescente";"Sol";"Múltipla";"Reta";"Não";1;0;1;0;0;0;1;1;-22,81113183;-43,3336729;"SPRF-RJ";"DEL06-RJ";"UOP01-DEL06-RJ"
660846;2025-02-12;"quarta-feira";"07:10:00";"SC";101;214,6;"PALHOCA";"Reação tardia ou ineficiente do condutor";"Colisão traseira";"Com Vítimas Feridas";"Pleno dia";"Decrescente";"Céu Claro";"Simples";"Reta";"Sim";2;0;1;0;1;0;1;2;-27,64443;-48,67057;"SPRF-SC";"DEL01-SC";"UOP02-DEL01-SC"
660847;2025-02-12;"quarta-feira";"05:20:00";"RJ";101;69;"CAMPOS DOS GOYTACAZES";"Pedestre andava na pista";"Atropelamento de Pedestre";"Com Vítimas Feridas";"Amanhecer";"Decrescente";"Céu Claro";"Simples";"Reta;Interseção de Vias";"Não";2;0;1;0;0;1;1;2;-21,77866993;-41,36930823;"SPRF-RJ";"DEL08-RJ";"UOP02-DEL08-RJ"
660849;2025-02-12;"quarta-feira";"06:40:00";"MG";381;484,5;"BETIM";"Trafegar com motocicleta (ou similar) entre as faixas";"Colisão traseira";"Com Vítimas Feridas";"Pleno dia";"Decrescente";"Céu Claro";"Múltipla";"Reta";"Sim";3;0;0;2;1;0;2;2;-19,95804127;-44,09234047;"SPRF-MG";"DEL01-MG";"UOP03-DEL01-MG"
660851;2025-02-12;"quarta-feira";"04:25:00";"RJ";356;103;"CARDOSO MOREIRA";"Animais na Pista";"Atropelamento de Animal";"Com Vítimas Feridas";"Plena Noite";"Crescente";"Céu Claro";"Simples";"Reta";"Não";1;0;1;0;0;0;1;1;-21,53960062;-41,51083458;"SPRF-RJ";"DEL08-RJ";"UOP03-DEL08-RJ"
660852;2025-02-12;"quarta-feira";"07:30:00";"MG";40;523,2;"CONTAGEM";"Ingestão de substâncias psicoativas pelo condutor";"Colisão lateral mesmo sentido";"Com Vítimas Feridas";"Pleno dia";"Decrescente";"Céu Claro";"Dupla";"Reta";"Não";3;0;3;0;0;0;3;2;-19,86874894;-44,05962197;"SPRF-MG";"DEL01-MG";"UOP02-DEL01-MG"
660853;2025-02-12;"quarta-feira";"06:30:00";"RN";406;167;"SAO GONCALO DO AMARANTE";"Animais na Pista";"Colisão lateral mesmo sentido";"Com Vítimas Feridas";"Pleno dia";"Crescente";"Céu Claro";"Dupla";"Aclive;Reta";"Não";2;0;1;0;0;1;1;2;-5,74970173;-35,32342926;"SPRF-RN";"DEL02-RN";"UOP01-DEL02-RN"
660854;2025-02-12;"quarta-feira";"07:45:00";"ES";101;265;"SERRA";"Ausência de reação do condutor";"Colisão lateral mesmo sentido";"Com Vítimas Feridas";"Pleno dia";"Crescente";"Céu Claro";"Dupla";"Reta";"Não";2;0;0;1;1;0;1;2;-20,1816849;-40,26536036;"SPRF-ES";"DEL02-ES";"UOP01-DEL02-ES"
660855;2025-02-12;"quarta-feira";"08:04:00";"RS";116;0,3;"PORTO ALEGRE";"Trafegar com motocicleta (ou similar) entre as faixas";"Colisão lateral mesmo sentido";"Com Vítimas Feridas";"Pleno dia";"Crescente";"Chuva";"Dupla";"Reta";"Sim";3;0;1;0;2;0;1;2;-29,96839095;-51,17623895;"SPRF-RS";"DEL05-RS";"UOP03-DEL05-RS"
660856;2025-02-12;"quarta-feira";"07:50:00";"RJ";101;397;"ITAGUAI";"Demais falhas mecânicas ou elétricas";"Queda de ocupante de veículo";"Com Vítimas Feridas";"Pleno dia";"Decrescente";"Sol";"Dupla";"Reta";"Sim";2;0;2;0;0;0;2;1;-22,87460977;-43,7406698;"SPRF-RJ";"DEL03-RJ";"UOP01-DEL03-RJ"
660857;2025-02-12;"quarta-feira";"07:20:00";"MG";381;485,1;"BETIM";"Trafegar com motocicleta (ou similar) entre as faixas";"Colisão lateral mesmo sentido";"Com Vítimas Feridas";"Pleno dia";"Decrescente";"Céu Claro";"Dupla";"Reta;Declive";"Sim";3;0;1;1;1;0;2;2;-19,95659361;-44,12622893;"SPRF-MG";"DEL01-MG";"UOP03-DEL01-MG"
660858;2025-02-12;"quarta-feira";"07:00:00";"MA";135;16,5;"SAO LUIS";"Acessar a via sem observar a presença dos outros veículos";"Colisão transversal";"Com Vítimas Feridas";"Pleno dia";"Decrescente";"Chuva";"Dupla";"Retorno Regulamentado;Reta";"Sim";2;0;0;1;1;0;1;2;-2,70264079;-44,31049629;"SPRF-MA";"DEL01-MA";"UOP01-DEL01-MA"
660859;2025-02-12;"quarta-feira";"07:25:00";"SP";116;216;"GUARULHOS";"Ausência de reação do condutor";"Colisão lateral mesmo sentido";"Com Vítimas Feridas";"Pleno dia";"Crescente";"Nublado";"Múltipla";"Reta";"Sim";2;0;1;0;1;0;1;2;-23,45056589;-46,46258105;"SPRF-SP";"DEL01-SP";"UOP01-DEL01-SP"
660862;2025-02-12;"quarta-feira";"07:35:00";"SC";101;203,1;"SAO JOSE";"Condutor deixou de manter distância do veículo da frente";"Colisão traseira";"Com Vítimas Feridas";"Pleno dia";"Decrescente";"Céu Claro";"Dupla";"Curva;Rotatória";"Sim";3;0;2;0;1;0;2;2;-27,5650044;-48,61460082;"SPRF-SC";"DEL01-SC";"UOP01-DEL01-SC"
660864;2025-02-12;"quarta-feira";"07:57:00";"ES";101;297;"VIANA";"Condutor deixou de manter distância do veículo da frente";"Colisão traseira";"Com Vítimas Feridas";"Pleno dia";"Crescente";"Céu Claro";"Múltipla";"Reta";"Sim";3;0;1;0;2;0;1;3;-20,34529844;-40,41026774;"SPRF-ES";"DEL01-ES";"UOP01-DEL01-ES"
660865;2025-02-08;"sábado";"15:40:00";"SP";116;525;"BARRA DO TURVO";"Ausência de reação do condutor";"Colisão transversal";"Sem Vítimas";"Pleno dia";"Decrescente";"Céu Claro";"Dupla";"Reta";"Não";3;0;0;0;3;0;0;2;-24,92563316;-48,26567292;"SPRF-SP";"DEL05-SP";"UOP02-DEL05-SP"
660866;2025-02-12;"quarta-feira";"05:30:00";"MG";50;0,8;"ARAGUARI";"Velocidade Incompatível";"Capotamento";"Com Vítimas Feridas";"Amanhecer";"Crescente";"Céu Claro";"Dupla";"Reta;Declive";"Não";1;0;1;0;0;0;1;1;-18,42432;-48,068207;"SPRF-MG";"DEL15-MG";"UOP02-DEL15-MG"
660868;2025-02-12;"quarta-feira";"06:00:00";"MG";381;733,2;"TRES CORACOES";"Ingestão de álcool pelo condutor";"Saída de leito carroçável";"Sem Vítimas";"Pleno dia";"Decrescente";"Céu Claro";"Dupla";"Retorno Regulamentado;Reta";"Não";1;0;0;0;1;0;0;1;-21,55413799;-45,24499427;"SPRF-MG";"DEL16-MG";"UOP02-DEL16-MG"
660869;2025-02-12;"quarta-feira";"06:00:00";"MG";262;420;"IGARATINGA";"Reação tardia ou ineficiente do condutor";"Saída de leito carroçável";"Com Vítimas Feridas";"Amanhecer";"Decrescente";"Vento";"Dupla";"Reta";"Não";1;0;1;0;0;0;1;1;-19,88933622;-44,71181914;"SPRF-MG";"DEL08-MG";"UOP03-DEL08-MG"
660870;2025-02-12;"quarta-feira";"07:08:00";"RJ";40;123;"DUQUE DE CAXIAS";"Reação tardia ou ineficiente do condutor";"Colisão traseira";"Com Vítimas Feridas";"Pleno dia";"Crescente";"Céu Claro";"Múltipla";"Reta";"Sim";3;0;1;0;2;0;1;2;-22,79907687;-43,29015739;"SPRF-RJ";"DEL01-RJ";"UOP02-DEL01-RJ"
660871;2025-01-27;"segunda-feira";"08:47:00";"BA";324;613;"SALVADOR";"Condutor deixou de manter distância do veículo da frente";"Colisão lateral mesmo sentido";"Com Vítimas Feridas";"Pleno dia";"Decrescente";"Céu Claro";"Dupla";"Reta";"Sim";3;0;1;1;1;0;2;2;-12,85531601;-38,42055197;"SPRF-BA";"DEL01-BA";"UOP01-DEL01-BA"
660876;2025-02-12;"quarta-feira";"08:00:00";"PR";376;602;"CURITIBA";"Pedestre cruzava a pista fora da faixa";"Atropelamento de Pedestre";"Com Vítimas Feridas";"Pleno dia";"Decrescente";"Céu Claro";"Dupla";"Reta";"Sim";2;0;2;0;0;0;2;2;-25,54329052;-49,30719981;"SPRF-PR";"DEL01-PR";"UOP06-DEL01-PR"
660877;2025-02-12;"quarta-feira";"09:00:00";"ES";101;278,9;"SERRA";"Condutor Dormindo";"Saída de leito carroçável";"Com Vítimas Feridas";"Pleno dia";"Decrescente";"Céu Claro";"Dupla";"Curva;Declive";"Não";2;0;1;0;1;0;1;1;-20,21698365;-40,32974606;"SPRF-ES";"DEL02-ES";"UOP01-DEL02-ES"
660878;2025-02-12;"quarta-feira";"07:10:00";"RO";364;235,1;"CACOAL";"Desrespeitar a preferência no cruzamento";"Colisão transversal";"Com Vítimas Feridas";"Pleno dia";"Crescente";"Céu Claro";"Simples";"Retorno Regulamentado";"Sim";2;0;1;0;1;0;1;2;-11,447738;-61,432963;"SPRF-RO";"DEL02-RO";"UOP02-DEL02-RO"
660881;2025-02-12;"quarta-feira";"09:00:00";"CE";116;3;"FORTALEZA";"Reação tardia ou ineficiente do condutor";"Colisão traseira";"Com Vítimas Feridas";"Pleno dia";"Decrescente";"Céu Claro";"Múltipla";"Reta";"Sim";2;0;1;0;1;0;1;2;-3,782218;-38,5133;"SPRF-CE";"DEL01-CE";"UOP02-DEL01-CE"
660882;2025-02-12;"quarta-feira";"09:00:00";"PR";369;144;"LONDRINA";"Desrespeitar a preferência no cruzamento";"Colisão transversal";"Com Vítimas Feridas";"Pleno dia";"Decrescente";"Céu Claro";"Dupla";"Retorno Regulamentado;Reta";"Sim";2;0;2;0;0;0;2;2;-23,2931281;-51,10034645;"SPRF-PR";"DEL07-PR";"UOP01-DEL07-PR"
660883;2025-02-12;"quarta-feira";"09:00:00";"RS";116;2;"PORTO ALEGRE";"Reação tardia ou ineficiente do condutor";"Capotamento";"Sem Vítimas";"Pleno dia";"Decrescente";"Chuva";"Dupla";"Curva";"Sim";1;0;0;0;0;1;0;1;-29,98707375;-51,18148327;"SPRF-RS";"DEL01-RS";"UOP01-DEL01-RS"
660886;2025-01-15;"quarta-feira";"17:30:00";"PA";163;971;"BELTERRA";"Acessar a via sem observar a presença dos outros veículos";"Colisão transversal";"Com Vítimas Feridas";"Pleno dia";"Crescente";"Céu Claro";"Simples";"Reta";"Sim";3;0;1;0;2;0;1;2;-2,65280362;-54,82740208;"SPRF-PA";"DEL05-PA";"UOP01-DEL05-PA"
660891;2025-02-12;"quarta-feira";"08:30:00";"PR";116;74;"QUATRO BARRAS";"Reação tardia ou ineficiente do condutor";"Saída de leito carroçável";"Com Vítimas Feridas";"Pleno dia";"Crescente";"Céu Claro";"Dupla";"Reta;Declive";"Não";1;0;1;0;0;0;1;1;-25,36517687;-49,04223028;"SPRF-PR";"DEL01-PR";"UOP02-DEL01-PR"
660894;2025-02-12;"quarta-feira";"09:40:00";"MT";0;0;"VARZEA GRANDE";"Acessar a via sem observar a presença dos outros veículos";"Colisão transversal";"Sem Vítimas";"Pleno dia";"Não Informado";"Céu Claro";"Simples";"Reta";"Sim";5;0;0;0;5;0;0;2;-15,6980621;-56,12313487;"SPRF-MT";"DEL01-MT";"UOP02-DEL01-MT"
660895;2025-02-12;"quarta-feira";"03:30:00";"MG";262;444;"NOVA SERRANA";"Ausência de reação do condutor";"Saída de leito carroçável";"Sem Vítimas";"Plena Noite";"Crescente";"Ignorado";"Simples";"Curva;Retorno Regulamentado";"Sim";1;0;0;0;0;1;0;1;-19,881131;-44,931502;"SPRF-MG";"DEL08-MG";"UOP03-DEL08-MG"
660896;2025-02-12;"quarta-feira";"10:30:00";"GO";60;89,4;"ANAPOLIS";"Reação tardia ou ineficiente do condutor";"Colisão traseira";"Com Vítimas Feridas";"Pleno dia";"Crescente";"Céu Claro";"Dupla";"Interseção de Vias;Reta";"Sim";4;0;2;0;2;0;2;2;-16,3367;-48,8957;"SPRF-GO";"DEL02-GO";"UOP01-DEL02-GO"
660897;2025-02-12;"quarta-feira";"09:45:00";"GO";40;49,6;"LUZIANIA";"Condutor deixou de manter distância do veículo da frente";"Colisão traseira";"Sem Vítimas";"Pleno dia";"Crescente";"Céu Claro";"Simples";"Reta";"Não";2;0;0;0;2;0;0;2;-16,433945;-47,815178;"SPRF-DF";"DEL01-DF";"UOP02-DEL01-DF"
660898;2025-02-12;"quarta-feira";"05:20:00";"MA";135;7,5;"SAO LUIS";"Reação tardia ou ineficiente do condutor";"Colisão com objeto";"Com Vítimas Feridas";"Amanhecer";"Decrescente";"Chuva";"Dupla";"Aclive";"Sim";1;0;1;0;0;0;1;1;-2,63608835;-44,26848552;"SPRF-MA";"DEL01-MA";"UOP01-DEL01-MA"
660899;2025-02-12;"quarta-feira";"09:00:00";"ES";101;442;"MIMOSO DO SUL";"Ausência de reação do condutor";"Saída de leito carroçável";"Com Vítimas Feridas";"Pleno dia";"Decrescente";"Céu Claro";"Simples";"Curva";"Não";1;0;1;0;0;0;1;1;-21,09042295;-41,24777308;"SPRF-ES";"DEL03-ES";"UOP02-DEL03-ES"
660900;2025-02-12;"quarta-feira";"10:45:00";"ES";101;145,1;"LINHARES";"Mal súbito do condutor";"Colisão lateral mesmo sentido";"Com Vítimas Feridas";"Pleno dia";"Decrescente";"Céu Claro";"Dupla";"Reta";"Sim";4;0;1;0;3;0;1;2;-19,36089598;-40,06464018;"SPRF-ES";"DEL04-ES";"UOP01-DEL04-ES"
660901;2025-01-18;"sábado";"17:50:00";"AL";101;200;"SAO SEBASTIAO";"Conversão proibida";"Colisão transversal";"Com Vítimas Feridas";"Plena Noite";"Decrescente";"Céu Claro";"Dupla";"Reta";"Sim";3;0;1;0;1;1;1;2;-9,95081664;-36,54113619;"SPRF-AL";"DEL02-AL";"UOP02-DEL02-AL"
660902;2025-02-11;"terça-feira";"23:30:00";"RJ";40;111;"DUQUE DE CAXIAS";"Condutor deixou de manter distância do veículo da frente";"Colisão traseira";"Sem Vítimas";"Plena Noite";"Decrescente";"Céu Claro";"Múltipla";"Reta";"Sim";2;0;0;0;1;1;0;2;-22,691868;-43,287453;"SPRF-RJ";"DEL01-RJ";"UOP02-DEL01-RJ"
660903;2025-01-11;"sábado";"19:15:00";"PR";487;24,3;"ICARAIMA";"Velocidade Incompatível";"Saída de leito carroçável";"Com Vítimas Feridas";"Anoitecer";"Decrescente";"Céu Claro";"Simples";"Curva;Viaduto";"Não";1;0;1;0;0;0;1;1;-23,407717;-53,637191;"SPRF-PR";"DEL06-PR";"UOP03-DEL06-PR"
660905;2025-02-12;"quarta-feira";"11:50:00";"SC";101;200;"SAO JOSE";"Acessar a via sem observar a presença dos outros veículos";"Colisão transversal";"Com Vítimas Feridas";"Pleno dia";"Decrescente";"Céu Claro";"Dupla";"Interseção de Vias;Declive;Reta";"Não";2;0;1;0;1;0;1;2;-27,54018513;-48,62287714;"SPRF-SC";"DEL01-SC";"UOP01-DEL01-SC"
660906;2025-01-20;"segunda-feira";"16:45:00";"PB";230;502;"CAJAZEIRAS";"Desrespeitar a preferência no cruzamento";"Colisão transversal";"Com Vítimas Feridas";"Pleno dia";"Decrescente";"Céu Claro";"Simples";"Aclive;Rotatória";"Não";2;0;0;1;1;0;1;2;-6,8979;-38,5233;"SPRF-PB";"DEL03-PB";"UOP03-DEL03-PB"
660909;2025-02-12;"quarta-feira";"12:40:00";"MG";381;585;"CARMOPOLIS DE MINAS";"Transitar no Acostamento";"Colisão lateral mesmo sentido";"Com Vítimas Feridas";"Pleno dia";"Crescente";"Céu Claro";"Dupla";"Reta";"Não";2;0;1;0;1;0;1;2;-20,51793601;-44,62029576;"SPRF-MG";"DEL04-MG";"UOP01-DEL04-MG"
660911;2025-02-12;"quarta-feira";"11:35:00";"BA";101;877;"TEIXEIRA DE FREITAS";"Ultrapassagem Indevida";"Colisão lateral mesmo sentido";"Sem Vítimas";"Pleno dia";"Decrescente";"Céu Claro";"Simples";"Reta";"Sim";2;0;0;0;2;0;0;2;-17,545277;-39,718405;"SPRF-BA";"DEL09-BA";"UOP02-DEL09-BA"
660912;2025-02-12;"quarta-feira";"13:20:00";"SP";116;205;"ARUJA";"Manobra de mudança de faixa";"Colisão traseira";"Com Vítimas Feridas";"Pleno dia";"Crescente";"Céu Claro";"Múltipla";"Reta";"Sim";2;0;0;1;1;0;1;2;-23,41475243;-46,36600788;"SPRF-SP";"DEL01-SP";"UOP01-DEL01-SP"
660913;2025-02-12;"quarta-feira";"11:40:00";"RN";405;1;"MOSSORO";"Acessar a via sem observar a presença dos outros veículos";"Atropelamento de Pedestre";"Com Vítimas Feridas";"Pleno dia";"Decrescente";"Céu Claro";"Dupla";"Reta";"Sim";2;0;1;1;0;0;2;2;-5,19170196;-37,361471;"SPRF-RN";"DEL04-RN";"UOP02-DEL04-RN"
660914;2025-02-12;"quarta-feira";"12:20:00";"RJ";116;241;"PIRAI";"Reação tardia ou ineficiente do condutor";"Tombamento";"Com Vítimas Feridas";"Pleno dia";"Decrescente";"Céu Claro";"Dupla";"Curva";"Não";2;0;2;0;0;0;2;1;-22,64242197;-43,89766093;"SPRF-RJ";"DEL07-RJ";"UOP01-DEL07-RJ"
660915;2025-02-12;"quarta-feira";"11:05:00";"RO";174;14;"VILHENA";"Acessar a via sem observar a presença dos outros veículos";"Colisão transversal";"Com Vítimas Feridas";"Pleno dia";"Crescente";"Nublado";"Dupla";"Reta";"Não";2;0;1;0;1;0;1;2;-12,73306632;-60,12981255;"SPRF-RO";"DEL04-RO";"UOP01-DEL04-RO"