"id";"data_inversa";"dia_semana";"horario";"uf";"br";"km";"municipio";"causa_acidente";"tipo_acidente";"classificacao_acidente";"fase_dia";"sentido_via";"condicao_metereologica";"tipo_pista";"tracado_via";"uso_solo";"pessoas";"mortos";"feridos_leves";"feridos_graves";"ilesos";"ignorados";"feridos";"veiculos";"latitude";"longitude";"regional";"delegacia";"uop"
661166;2025-02-13;"quinta-feira";"18:00:00";"GO";60;64,2;"ABADIANIA";"Animais na Pista";"Colisão traseira";"Com Vítimas Feridas";"Anoitecer";"Crescente";"Céu Claro";"Dupla";"Reta";"Não";3;0;1;0;2;0;1;2;-16,1993;-48,7348;"SPRF-GO";"DEL02-GO";"UOP01-DEL02-GO"
661167;2025-01-28;"terça-feira";"17:10:00";"DF";70;11;"BRASILIA";"Acessar a via sem observar a presença dos outros veículos";"Colisão lateral mesmo sentido";"Com Vítimas Feridas";"Pleno dia";"Decrescente";"Céu Claro";"Múltipla";"Reta";"Sim";2;0;0;1;1;0;1;2;-15,789762;-48,148727;"SPRF-DF";"DEL03-DF";"UOP02-DEL03-DF"
661168;2025-02-13;"quinta-feira";"18:36:00";"RN";304;298;"MACAIBA";"Iluminação deficiente";"Tombamento";"Com Vítimas Feridas";"Plena Noite";"Decrescente";"Céu Claro";"Dupla";"Retorno Regulamentado;Reta";"Não";1;0;1;0;0;0;1;1;-5,8682343;-35,3321791;"SPRF-RN";"DEL01-RN";"UOP02-DEL01-RN"
661170;2025-02-13;"quinta-feira";"18:40:00";"PE";232;36,1;"MORENO";"Entrada inopinada do pedestre";"Atropelamento de Pedestre";"Com Vítimas Fatais";"Plena Noite";"Crescente";"Nublado";"Dupla";"Reta";"Sim";3;1;0;1;0;1;1;3;-8,11082778;-35,20125807;"SPRF-PE";"DEL01-PE";"UOP01-DEL01-PE"
661174;2025-02-13;"quinta-feira";"19:00:00";"CE";20;204;"BOA VIAGEM";"Acessar a via sem observar a presença dos outros veículos";"Colisão transversal";"Com Vítimas Feridas";"Plena Noite";"Decrescente";"Céu Claro";"Simples";"Reta;Interseção de Vias";"Sim";2;0;0;2;0;0;2;2;-5,12155025;-39,73264757;"SPRF-CE";"DEL02-CE";"UOP02-DEL02-CE"
661175;2025-02-13;"quinta-feira";"19:45:00";"MG";50;184;"UBERABA";"Reação tardia ou ineficiente do condutor";"Tombamento";"Com Vítimas Feridas";"Plena Noite";"Decrescente";"Céu Claro";"Dupla";"Reta";"Sim";1;0;1;0;0;0;1;1;-19,80945315;-47,90078523;"SPRF-MG";"DEL13-MG";"UOP01-DEL13-MG"
661176;2025-02-13;"quinta-feira";"18:30:00";"MT";364;204;"RONDONOPOLIS";"Desrespeitar a preferência no cruzamento";"Colisão transversal";"Com Vítimas Feridas";"Plena Noite";"Decrescente";"Nublado";"Dupla";"Retorno Regulamentado;Reta";"Sim";2;0;0;1;1;0;1;2;-16,467325;-54,657196;"SPRF-MT";"DEL02-MT";"UOP01-DEL02-MT"
661178;2025-02-13;"quinta-feira";"15:15:00";"SC";280;26,8;"ARAQUARI";"Transitar na contramão";"Colisão transversal";"Com Vítimas Feridas";"Pleno dia";"Decrescente";"Céu Claro";"Simples";"Reta";"Sim";2;0;1;0;1;0;1;2;-26,38972308;-48,73411593;"SPRF-SC";"DEL03-SC";"UOP03-DEL03-SC"
661179;2025-02-13;"quinta-feira";"09:30:00";"SC";280;31,2;"ARAQUARI";"Acessar a via sem observar a presença dos outros veículos";"Colisão transversal";"Com Vítimas Feridas";"Pleno dia";"Decrescente";"Céu Claro";"Simples";"Reta";"Sim";2;0;1;0;1;0;1;2;-26,41649938;-48,77181215;"SPRF-SC";"DEL03-SC";"UOP03-DEL03-SC"
661180;2025-02-13;"quinta-feira";"18:45:00";"DF";20;9;"BRASILIA";"Acessar a via sem observar a presença dos outros veículos";"Colisão lateral mesmo sentido";"Com Vítimas Feridas";"Plena Noite";"Crescente";"Céu Claro";"Dupla";"Declive";"Sim";2;0;1;0;1;0;1;2;-15,654671;-47,782917;"SPRF-DF";"DEL02-DF";"UOP01-DEL02-DF"
661182;2025-02-13;"quinta-feira";"17:30:00";"MG";40;608,5;"CONGONHAS";"Conversão proibida";"Colisão transversal";"Com Vítimas Feridas";"Anoitecer";"Crescente";"Céu Claro";"Simples";"Declive";"Não";2;0;0;1;1;0;1;2;-20,48427186;-43,83895771;"SPRF-MG";"DEL05-MG";"UOP02-DEL05-MG"
661183;2025-02-13;"quinta-feira";"20:40:00";"PB";230;13,5;"CABEDELO";"Pedestre cruzava a pista fora da faixa";"Atropelamento de Pedestre";"Com Vítimas Feridas";"Plena Noite";"Crescente";"Céu Claro";"Múltipla";"Reta";"Sim";3;0;2;1;0;0;3;2;-7,08624656;-34,84875798;"SPRF-PB";"DEL01-PB";"UOP01-DEL01-PB"
661185;2025-02-13;"quinta-feira";"20:20:00";"MG";116;408,7;"GOVERNADOR VALADARES";"Acesso irregular";"Colisão transversal";"Com Vítimas Feridas";"Plena Noite";"Decrescente";"Céu Claro";"Dupla";"Reta";"Sim";2;0;1;1;0;0;2;2;-18,84221919;-41,98289416;"SPRF-MG";"DEL06-MG";"UOP01-DEL06-MG"
661186;2025-02-13;"quinta-feira";"21:00:00";"DF";70;8;"BRASILIA";"Manobra de mudança de faixa";"Colisão lateral mesmo sentido";"Com Vítimas Feridas";"Plena Noite";"Crescente";"Ignorado";"Dupla";"Reta";"Sim";2;0;1;0;1;0;1;2;-15,784966;-48,122108;"SPRF-DF";"DEL03-DF";"UOP02-DEL03-DF"
661187;2025-02-13;"quinta-feira";"21:00:00";"PE";232;7;"RECIFE";"Ingestão de álcool pelo condutor";"Queda de ocupante de veículo";"Com Vítimas Feridas";"Plena Noite";"Crescente";"Céu Claro";"Dupla";"Reta";"Não";1;0;0;1;0;0;1;1;-8,075517;-34,969132;"SPRF-PE";"DEL01-PE";"UOP01-DEL01-PE"
661188;2025-02-13;"quinta-feira";"20:30:00";"RJ";116;324;"ITATIAIA";"Acumulo de água sobre o pavimento";"Colisão com objeto";"Com Vítimas Feridas";"Plena Noite";"Decrescente";"Chuva";"Dupla";"Curva";"Sim";2;0;1;0;1;0;1;1;-22,49106419;-44,56183985;"SPRF-RJ";"DEL07-RJ";"UOP02-DEL07-RJ"
661189;2025-02-13;"quinta-feira";"19:40:00";"GO";153;514;"APARECIDA DE GOIANIA";"Acessar a via sem observar a presença dos outros veículos";"Colisão transversal";"Com Vítimas Feridas";"Plena Noite";"Crescente";"Céu Claro";"Dupla";"Interseção de Vias";"Sim";3;0;2;0;1;0;2;2;-16,8268066;-49,24258947;"SPRF-GO";"DEL01-GO";"UOP03-DEL01-GO"
661190;2025-02-13;"quinta-feira";"21:10:00";"PB";101;89;"JOAO PESSOA";"Reação tardia ou ineficiente do condutor";"Colisão lateral mesmo sentido";"Sem Vítimas";"Plena Noite";"Crescente";"Céu Claro";"Dupla";"Em Obras;Reta";"Sim";3;0;0;0;2;1;0;2;-7,1710694;-34,89765372;"SPRF-PB";"DEL01-PB";"UOP01-DEL01-PB"
661192;2025-02-13;"quinta-feira";"21:00:00";"SC";280;51,3;"GUARAMIRIM";"Ausência de reação do condutor";"Colisão traseira";"Sem Vítimas";"Plena Noite";"Decrescente";"Chuva";"Dupla";"Reta";"Não";2;0;0;0;2;0;0;2;-26,46538871;-48,95544449;"SPRF-SC";"DEL03-SC";"UOP03-DEL03-SC"
661193;2025-02-13;"quinta-feira";"21:53:00";"SC";101;136,4;"BALNEARIO CAMBORIU";"Manobra de mudança de faixa";"Atropelamento de Pedestre";"Com Vítimas Feridas";"Plena Noite";"Crescente";"Nublado";"Dupla";"Reta";"Sim";3;0;1;0;0;2;1;2;-27,008113;-48,617245;"SPRF-SC";"DEL04-SC";"UOP03-DEL04-SC"
661196;2025-02-13;"quinta-feira";"22:15:00";"SC";282;605;"MARAVILHA";"Velocidade Incompatível";"Colisão lateral sentido oposto";"Sem Vítimas";"Plena Noite";"Decrescente";"Céu Claro";"Simples";"Reta";"Não";2;0;0;0;2;0;0;2;-26,786951;-53,195248;"SPRF-SC";"DEL07-SC";"UOP02-DEL07-SC"
661197;2025-02-13;"quinta-feira";"16:30:00";"SC";280;23;"ARAQUARI";"Reação tardia ou ineficiente do condutor";"Atropelamento de Pedestre";"Com Vítimas Feridas";"Pleno dia";"Crescente";"Nublado";"Simples";"Rotatória;Interseção de Vias";"Sim";2;0;1;0;1;0;1;2;-26,37152895;-48,7122041;"SPRF-SC";"DEL03-SC";"UOP03-DEL03-SC"
661198;2025-02-13;"quinta-feira";"22:20:00";"RJ";101;522;"ANGRA DOS REIS";"Objeto estático sobre o leito carroçável";"Colisão com objeto";"Com Vítimas Feridas";"Plena Noite";"Crescente";"Chuva";"Simples";"Reta";"Não";2;0;2;0;0;0;2;1;-23,00449741;-44,46944694;"SPRF-RJ";"DEL03-RJ";"UOP03-DEL03-RJ"
661200;2025-02-13;"quinta-feira";"18:20:00";"RJ";493;62,5;"ITAGUAI";"Velocidade Incompatível";"Capotamento";"Com Vítimas Feridas";"Anoitecer";"Decrescente";"Ignorado";"Dupla";"Curva";"Não";6;0;3;0;3;0;3;1;-22,84507842;-43,81158829;"SPRF-RJ";"DEL01-RJ";"UOP03-DEL01-RJ"
661201;2025-02-13;"quinta-feira";"21:40:00";"SC";101;350;"JAGUARUNA";"Chuva";"Queda de ocupante de veículo";"Com Vítimas Feridas";"Plena Noite";"Decrescente";"Céu Claro";"Dupla";"Reta";"Não";1;0;0;1;0;0;1;1;-28,58988203;-49,04517307;"SPRF-SC";"DEL02-SC";"UOP01-DEL02-SC"
661203;2025-02-13;"quinta-feira";"21:46:00";"PA";10;19;"DOM ELISEU";"Ausência de reação do condutor";"Queda de ocupante de veículo";"Com Vítimas Feridas";"Plena Noite";"Decrescente";"Nublado";"Simples";"Reta";"Sim";1;0;0;1;0;0;1;1;-4,28420096;-47,55821975;"SPRF-PA";"DEL02-PA";"UOP02-DEL02-PA"
661204;2025-02-13;"quinta-feira";"23:00:00";"SP";116;89,5;"PINDAMONHANGABA";"Animais na Pista";"Colisão frontal";"Com Vítimas Feridas";"Plena Noite";"Decrescente";"Nublado";"Dupla";"Reta";"Sim";2;0;1;1;0;0;2;2;-22,93930884;-45,37874708;"SPRF-SP";"DEL08-SP";"UOP01-DEL08-SP"
661206;2025-02-13;"quinta-feira";"22:00:00";"MG";116;549;"SANTA BARBARA DO LESTE";"Participar de racha";"Colisão com objeto";"Com Vítimas Feridas";"Plena Noite";"Decrescente";"Céu Claro";"Simples";"Reta";"Não";1;0;0;1;0;0;1;1;-19,960735;-42,13329299;"SPRF-MG";"DEL06-MG";"UOP02-DEL06-MG"
661209;2025-02-14;"sexta-feira";"00:30:00";"BA";324;595;"CANDEIAS";"Velocidade Incompatível";"Queda de ocupante de veículo";"Com Vítimas Fatais";"Plena Noite";"Crescente";"Céu Claro";"Dupla";"Reta";"Não";3;1;0;0;2;0;0;2;-12,71235341;-38,45524557;"SPRF-BA";"DEL01-BA";"UOP01-DEL01-BA"
661215;2025-02-14;"sexta-feira";"01:00:00";"TO";153;249;"COLINAS DO TOCANTINS";"Ingestão de álcool pelo condutor";"Tombamento";"Com Vítimas Feridas";"Plena Noite";"Crescente";"Nublado";"Múltipla";"Rotatória;Reta";"Sim";1;0;1;0;0;0;1;1;-8,07406951;-48,46711993;"SPRF-TO";"DEL02-TO";"UOP02-DEL02-TO"
661217;2025-02-14;"sexta-feira";"04:30:00";"PR";277;584,4;"CASCAVEL";"Manobra de mudança de faixa";"Colisão lateral mesmo sentido";"Com Vítimas Feridas";"Plena Noite";"Decrescente";"Céu Claro";"Dupla";"Interseção de Vias";"Sim";2;0;0;1;1;0;1;2;-24,96684176;-53,40258186;"SPRF-PR";"DEL04-PR";"UOP01-DEL04-PR"
661218;2025-02-13;"quinta-feira";"19:45:00";"RS";448;16;"CANOAS";"Demais falhas mecânicas ou elétricas";"Incêndio";"Sem Vítimas";"Plena Noite";"Decrescente";"Nublado";"Simples";"Reta";"Sim";1;0;0;0;1;0;0;1;-29,93223;-51,211967;"SPRF-RS";"DEL01-RS";"UOP01-DEL01-RS"
661220;2025-02-13;"quinta-feira";"21:10:00";"PR";376;428,9;"TIBAGI";"Ausência de reação do condutor";"Saída de leito carroçável";"Sem Vítimas";"Plena Noite";"Decrescente";"Nublado";"Dupla";"Reta";"Não";1;0;0;0;1;0;0;1;-24,728222;-50,538306;"SPRF-PR";"DEL03-PR";"UOP02-DEL03-PR"
661223;2025-02-14;"sexta-feira";"06:50:00";"SP";116;226;"GUARULHOS";"Reação tardia ou ineficiente do condutor";"Colisão lateral mesmo sentido";"Com Vítimas Feridas";"Pleno dia";"Crescente";"Céu Claro";"Dupla";"Reta";"Sim";2;0;0;1;1;0;1;2;-23,49102507;-46,54878195;"SPRF-SP";"DEL01-SP";"UOP01-DEL01-SP"
661224;2025-02-14;"sexta-feira";"05:30:00";"SP";116;282;"EMBU DAS ARTES";"Ausência de reação do condutor";"Queda de ocupante de veículo";"Com Vítimas Feridas";"Pleno dia";"Decrescente";"Céu Claro";"Simples";"Curva";"Sim";1;0;1;0;0;0;1;1;-23,68570216;-46,85970975;"SPRF-SP";"DEL04-SP";"UOP01-DEL04-SP"
661225;2025-02-14;"sexta-feira";"05:30:00";"PE";232;49,7;"VITORIA DE SANTO ANTAO";"Ausência de reação do condutor";"Colisão traseira";"Com Vítimas Feridas";"Amanhecer";"Decrescente";"Céu Claro";"Dupla";"Declive";"Não";2;0;1;0;0;1;1;2;-8,141613;-35,322057;"SPRF-PE";"DEL01-PE";"UOP01-DEL01-PE"
661226;2025-02-14;"sexta-feira";"04:30:00";"PE";232;49,7;"VITORIA DE SANTO ANTAO";"Animais na Pista";"Atropelamento de Animal";"Sem Vítimas";"Amanhecer";"Decrescente";"Céu Claro";"Dupla";"Declive";"Não";2;0;0;0;2;0;0;2;-8,143676;-35,314419;"SPRF-PE";"DEL01-PE";"UOP01-DEL01-PE"
661230;2025-02-14;"sexta-feira";"07:20:00";"ES";101;285,1;"CARIACICA";"Acessar a via sem observar a presença dos outros veículos";"Colisão transversal";"Com Vítimas Feridas";"Pleno dia";"Crescente";"Céu Claro";"Simples";"Retorno Regulamentado";"Sim";2;0;0;1;1;0;1;2;-20,25148171;-40,37270066;"SPRF-ES";"DEL01-ES";"UOP01-DEL01-ES"
661231;2025-02-14;"sexta-feira";"07:30:00";"DF";70;10;"BRASILIA";"Manobra de mudança de faixa";"Colisão lateral mesmo sentido";"Com Vítimas Feridas";"Pleno dia";"Decrescente";"Céu Claro";"Dupla";"Reta";"Sim";2;0;1;0;1;0;1;2;-15,787066;-48,140709;"SPRF-DF";"DEL03-DF";"UOP02-DEL03-DF"
661233;2025-02-14;"sexta-feira";"07:40:00";"PE";232;8,3;"RECIFE";"Acessar a via sem observar a presença dos outros veículos";"Colisão transversal";"Com Vítimas Feridas";"Pleno dia";"Decrescente";"Sol";"Múltipla";"Reta";"Não";3;0;2;0;0;1;2;2;-8,07583727;-34,97015791;"SPRF-PE";"DEL01-PE";"UOP01-DEL01-PE"
661234;2025-02-14;"sexta-feira";"07:30:00";"SC";101;155;"PORTO BELO";"Ultrapassagem Indevida";"Colisão traseira";"Com Vítimas Feridas";"Pleno dia";"Crescente";"Céu Claro";"Múltipla";"Viaduto";"Não";2;0;0;1;1;0;1;2;-27,16292;-48,61129;"SPRF-SC";"DEL04-SC";"UOP03-DEL04-SC"
661237;2025-02-14;"sexta-feira";"06:50:00";"RO";364;426;"JARU";"Desrespeitar a preferência no cruzamento";"Colisão transversal";"Com Vítimas Feridas";"Pleno dia";"Crescente";"Chuva";"Dupla";"Reta;Interseção de Vias";"Sim";2;0;0;1;1;0;1;2;-10,42804266;-62,48613596;"SPRF-RO";"DEL03-RO";"UOP02-DEL03-RO"
661238;2025-02-14;"sexta-feira";"07:30:00";"RJ";393;283;"VOLTA REDONDA";"Desrespeitar a preferência no cruzamento";"Colisão transversal";"Com Vítimas Feridas";"Pleno dia";"Crescente";"Céu Claro";"Simples";"Interseção de Vias";"Não";3;0;1;0;2;0;1;2;-22,47606388;-44,04976392;"SPRF-RJ";"DEL05-RJ";"UOP04-DEL05-RJ"
661240;2025-02-14;"sexta-feira";"07:45:00";"SC";101;3,7;"ARARANGUA";"Acessar a via sem observar a presença dos outros veículos";"Colisão transversal";"Com Vítimas Feridas";"Pleno dia";"Crescente";"Nublado";"Simples";"Rotatória";"Sim";2;0;1;0;1;0;1;2;-28,94972462;-49,50714111;"SPRF-SC";"DEL03-SC";"UOP01-DEL03-SC"
661241;2025-02-14;"sexta-feira";"06:20:00";"SP";116;54,3;"LORENA";"Reação tardia ou ineficiente do condutor";"Tombamento";"Com Vítimas Feridas";"Pleno dia";"Decrescente";"Céu Claro";"Dupla";"Reta";"Não";1;0;1;0;0;0;1;1;-22,75949227;-45,11703014;"SPRF-SP";"DEL08-SP";"UOP02-DEL08-SP"
661242;2025-02-14;"sexta-feira";"07:50:00";"MG";354;734,9;"POUSO ALTO";"Acessar a via sem observar a presença dos outros veículos";"Colisão transversal";"Com Vítimas Feridas";"Pleno dia";"Decrescente";"Sol";"Simples";"Reta";"Sim";2;0;1;0;1;0;1;2;-22,18823192;-44,97635454;"SPRF-MG";"DEL17-MG";"UOP01-DEL17-MG"
661244;2025-02-14;"sexta-feira";"07:40:00";"PE";101;70;"RECIFE";"Condutor deixou de manter distância do veículo da frente";"Colisão lateral mesmo sentido";"Com Vítimas Feridas";"Pleno dia";"Decrescente";"Céu Claro";"Dupla";"Reta";"Sim";3;0;1;0;0;2;1;2;-8,068484;-34,942499;"SPRF-PE";"DEL01-PE";"UOP01-DEL01-PE"
661246;2025-02-14;"sexta-feira";"08:40:00";"BA";101;440;"ITACARE";"Transitar no Acostamento";"Atropelamento de Pedestre";"Com Vítimas Feridas";"Pleno dia";"Crescente";"Céu Claro";"Simples";"Em Obras;Reta";"Não";2;0;1;0;1;0;1;2;-14,414404;-39,32637216;"SPRF-BA";"DEL05-BA";"UOP01-DEL05-BA"
661250;2025-02-14;"sexta-feira";"08:20:00";"MG";40;604,2;"CONGONHAS";"Velocidade Incompatível";"Colisão com objeto";"Com Vítimas Feridas";"Pleno dia";"Crescente";"Sol";"Simples";"Curva;Declive";"Não";2;0;1;0;1;0;1;1;-20,45338085;-43,84013847;"SPRF-MG";"DEL05-MG";"UOP02-DEL05-MG"
661252;2025-02-14;"sexta-feira";"09:45:00";"PR";277;729;"FOZ DO IGUACU";"Manobra de mudança de faixa";"Colisão lateral mesmo sentido";"Com Vítimas Feridas";"Pleno dia";"Decrescente";"Céu Claro";"Dupla";"Reta";"Sim";2;0;1;0;0;1;1;2;-25,50749887;-54,58379896;"SPRF-PR";"DEL05-PR";"UOP03-DEL05-PR"
661253;2025-01-09;"quinta-feira";"21:50:00";"SC";101;66;"ARAQUARI";"Objeto estático sobre o leito carroçável";"Colisão com objeto";"Com Vítimas Feridas";"Plena Noite";"Crescente";"Nublado";"Múltipla";"Curva";"Não";1;0;1;0;0;0;1;1;-26,478474;-48,73863;"SPRF-SC";"DEL03-SC";"UOP02-DEL03-SC"
661257;2025-02-14;"sexta-feira";"08:10:00";"RJ";101;504;"ANGRA DOS REIS";"Ausência de reação do condutor";"Colisão traseira";"Com Vítimas Feridas";"Pleno dia";"Decrescente";"Sol";"Simples";"Reta";"Sim";2;0;1;0;1;0;1;2;-22,93155828;-44,38812093;"SPRF-RJ";"DEL03-RJ";"UOP03-DEL03-RJ"
661259;2025-02-09;"domingo";"00:10:00";"MG";381;919;"CAMANDUCAIA";"Reação tardia ou ineficiente do condutor";"Colisão traseira";"Com Vítimas Feridas";"Plena Noite";"Decrescente";"Céu Claro";"Dupla";"Desvio Temporário;Aclive;Em Obras";"Não";3;0;0;1;2;0;1;3;-22,77356993;-46,19027853;"SPRF-MG";"DEL16-MG";"UOP03-DEL16-MG"
661260;2025-02-07;"sexta-feira";"05:31:00";"MG";365;532;"ESTRELA DO SUL";"Reação tardia ou ineficiente do condutor";"Saída de leito carroçável";"Com Vítimas Feridas";"Amanhecer";"Crescente";"Céu Claro";"Simples";"Reta";"Não";2;0;1;0;1;0;1;1;-18,93078303;-47,69830227;"SPRF-MG";"DEL10-MG";"UOP01-DEL10-MG"
661261;2025-02-14;"sexta-feira";"09:10:00";"PE";407;126;"PETROLINA";"Reação tardia ou ineficiente do condutor";"Colisão com objeto";"Com Vítimas Feridas";"Pleno dia";"Crescente";"Céu Claro";"Dupla";"Curva;Interseção de Vias";"Não";1;0;1;0;0;0;1;1;-9,38491309;-40,52809509;"SPRF-PE";"DEL06-PE";"UOP01-DEL06-PE"
661263;2025-02-14;"sexta-feira";"10:40:00";"SP";116;130;"CACAPAVA";"Ausência de reação do condutor";"Colisão traseira";"Sem Vítimas";"Pleno dia";"Decrescente";"Céu Claro";"Dupla";"Reta";"Sim";2;0;0;0;2;0;0;2;-23,12313858;-45,72792271;"SPRF-SP";"DEL02-SP";"UOP02-DEL02-SP"
661264;2025-02-14;"sexta-feira";"10:30:00";"BA";242;806;"BARREIRAS";"Conversão proibida";"Colisão frontal";"Com Vítimas Feridas";"Pleno dia";"Crescente";"Céu Claro";"Simples";"Reta";"Não";5;0;4;0;1;0;4;2;-12,13753342;-44,91969008;"SPRF-BA";"DEL10-BA";"UOP01-DEL10-BA"
661265;2025-02-14;"sexta-feira";"10:45:00";"SC";101;41;"JOINVILLE";"Reação tardia ou ineficiente do condutor";"Colisão traseira";"Com Vítimas Feridas";"Pleno dia";"Decrescente";"Céu Claro";"Dupla";"Curva";"Sim";2;0;1;0;1;0;1;2;-26,28215489;-48,88973081;"SPRF-SC";"DEL03-SC";"UOP01-DEL03-SC"
661269;2025-02-14;"sexta-feira";"10:50:00";"MG";381;450;"SABARA";"Transitar no Acostamento";"Colisão lateral mesmo sentido";"Sem Vítimas";"Pleno dia";"Decrescente";"Céu Claro";"Dupla";"Reta";"Sim";2;0;0;0;2;0;0;2;-19,84130639;-43,87176902;"SPRF-MG";"DEL01-MG";"UOP01-DEL01-MG"
661272;2025-02-14;"sexta-feira";"10:20:00";"PE";232;24;"MORENO";"Ausência de reação do condutor";"Colisão traseira";"Com Vítimas Feridas";"Pleno dia";"Decrescente";"Céu Claro";"Dupla";"Reta";"Não";2;0;1;0;1;0;1;2;-8,10482918;-35,10351264;"SPRF-PE";"DEL01-PE";"UOP01-DEL01-PE"
661275;2025-02-14;"sexta-feira";"10:30:00";"MS";163;491,2;"CAMPO GRANDE";"Ausência de reação do condutor";"Colisão traseira";"Sem Vítimas";"Pleno dia";"Crescente";"Nublado";"Dupla";"Reta";"Sim";2;0;0;0;2;0;0;2;-20,36434577;-54,52853585;"SPRF-MS";"DEL01-MS";"UOP02-DEL01-MS"
661276;2025-02-14;"sexta-feira";"10:05:00";"SC";280;80,6;"CORUPA";"Ausência de reação do condutor";"Tombamento";"Com Vítimas Feridas";"Pleno dia";"Crescente";"Céu Claro";"Simples";"Em Obras;Reta;Interseção de Vias";"Sim";1;0;1;0;0;0;1;1;-26,44412189;-49,20975187;"SPRF-SC";"DEL06-SC";"UOP03-DEL06-SC"
661277;2025-02-14;"sexta-feira";"10:30:00";"SC";282;524;"XAXIM";"Acessar a via sem observar a presença dos outros veículos";"Colisão transversal";"Sem Vítimas";"Pleno dia";"Crescente";"Céu Claro";"Simples";"Curva";"Não";2;0;0;0;2;0;0;2;-26,965002;-52,557384;"SPRF-SC";"DEL07-SC";"UOP01-DEL07-SC"
661279;2025-02-13;"quinta-feira";"01:30:00";"PR";277;3;"PARANAGUA";"Entrada inopinada do pedestre";"Atropelamento de Pedestre";"Com Vítimas Feridas";"Plena Noite";"Decrescente";"Chuva";"Simples";"Curva";"Sim";2;0;0;1;1;0;1;2;-25,5394654;-48,5582911;"SPRF-PR";"DEL01-PR";"UOP05-DEL01-PR"
661282;2025-02-14;"sexta-feira";"11:45:00";"SC";282;64,9;"RANCHO QUEIMADO";"Velocidade Incompatível";"Saída de leito carroçável";"Com Vítimas Feridas";"Pleno dia";"Crescente";"Nublado";"Simples";"Curva;Declive";"Não";2;0;1;1;0;0;2;1;-27,696323;-49,052456;"SPRF-SC";"DEL01-SC";"UOP03-DEL01-SC"
661287;2025-02-14;"sexta-feira";"11:30:00";"ES";259;67,9;"COLATINA";"Ultrapassagem Indevida";"Colisão lateral mesmo sentido";"Com Vítimas Feridas";"Pleno dia";"Decrescente";"Céu Claro";"Simples";"Reta";"Não";2;0;2;0;0;0;2;2;-19,51173443;-40,73338221;"SPRF-ES";"DEL02-ES";"UOP01-DEL02-ES"
661288;2025-02-14;"sexta-feira";"10:38:00";"PR";277;520,7;"GUARANIACU";"Acessar a via sem observar a presença dos outros veículos";"Colisão transversal";"Com Vítimas Feridas";"Pleno dia";"Decrescente";"Céu Claro";"Simples";"Reta;Aclive";"Sim";3;0;1;0;2;0;1;2;-25,10362231;-52,87904263;"SPRF-PR";"DEL04-PR";"UOP04-DEL04-PR"
661289;2025-02-14;"sexta-feira";"11:10:00";"MT";70;24,6;"BARRA DO GARCAS";"Acostamento em desnível";"Saída de leito carroçável";"Com Vítimas Feridas";"Pleno dia";"Decrescente";"Céu Claro";"Simples";"Reta";"Não";2;0;0;2;0;0;2;1;-15,83704086;-52,45837796;"SPRF-MT";"DEL07-MT";"UOP01-DEL07-MT"
661291;2025-02-14;"sexta-feira";"12:00:00";"SP";116;74;"APARECIDA";"Ausência de reação do condutor";"Tombamento";"Com Vítimas Feridas";"Pleno dia";"Crescente";"Céu Claro";"Dupla";"Reta";"Sim";1;0;1;0;0;0;1;1;-22,87353809;-45,25320023;"SPRF-SP";"DEL08-SP";"UOP01-DEL08-SP"
661292;2025-02-14;"sexta-feira";"06:20:00";"PR";369;11,9;"CAMBARA";"Reação tardia ou ineficiente do condutor";"Tombamento";"Com Vítimas Feridas";"Amanhecer";"Decrescente";"Nublado";"Simples";"Declive;Reta";"Não";1;0;1;0;0;0;1;1;-23,01164;-50,01035;"SPRF-PR";"DEL07-PR";"UOP05-DEL07-PR"
661293;2025-02-14;"sexta-feira";"11:20:00";"SC";101;123;"ITAJAI";"Ausência de reação do condutor";"Engavetamento";"Sem Vítimas";"Pleno dia";"Decrescente";"Céu Claro";"Dupla";"Reta";"Não";4;0;0;0;2;2;0;3;-26,93668609;-48,69876905;"SPRF-SC";"DEL04-SC";"UOP04-DEL04-SC"
661294;2025-02-14;"sexta-feira";"12:45:00";"PR";277;67,8;"SAO JOSE DOS PINHAIS";"Trafegar com motocicleta (ou similar) entre as faixas";"Colisão lateral mesmo sentido";"Com Vítimas Feridas";"Pleno dia";"Crescente";"Nublado";"Dupla";"Reta";"Sim";2;0;1;0;1;0;1;2;-25,522642;-49,103311;"SPRF-PR";"DEL01-PR";"UOP01-DEL01-PR"
661298;2025-02-14;"sexta-feira";"09:20:00";"RJ";40;121;"DUQUE DE CAXIAS";"Reação tardia ou ineficiente do condutor";"Colisão lateral mesmo sentido";"Com Vítimas Feridas";"Pleno dia";"Decrescente";"Céu Claro";"Dupla";"Curva";"Sim";3;0;1;0;2;0;1;3;-22,78185499;-43,28571273;"SPRF-RJ";"DEL01-RJ";"UOP02-DEL01-RJ"
661301;2025-02-14;"sexta-feira";"13:20:00";"RS";290;11,6;"OSORIO";"Ausência de reação do condutor";"Saída de leito carroçável";"Com Vítimas Feridas";"Pleno dia";"Crescente";"Céu Claro";"Múltipla";"Reta";"Não";1;0;1;0;0;0;1;1;-29,888996;-50,383354;"SPRF-RS";"DEL03-RS";"UOP01-DEL03-RS"
661304;2025-02-14;"sexta-feira";"14:15:00";"ES";101;80,1;"SAO MATEUS";"Ultrapassagem Indevida";"Colisão traseira";"Com Vítimas Feridas";"Pleno dia";"Decrescente";"Sol";"Simples";"Reta";"Não";2;0;1;0;1;0;1;2;-18,82149709;-39,90673788;"SPRF-ES";"DEL04-ES";"UOP02-DEL04-ES"