"id";"data_inversa";"dia_semana";"horario";"uf";"br";"km";"municipio";"causa_acidente";"tipo_acidente";"classificacao_acidente";"fase_dia";"sentido_via";"condicao_metereologica";"tipo_pista";"tracado_via";"uso_solo";"pessoas";"mortos";"feridos_leves";"feridos_graves";"ilesos";"ignorados";"feridos";"veiculos";"latitude";"longitude";"regional";"delegacia";"uop"
661305;2025-02-14;"sexta-feira";"12:25:00";"PA";10;201;"IPIXUNA DO PARA";"Manobra de mudança de faixa";"Colisão lateral sentido oposto";"Com Vítimas Feridas";"Pleno dia";"Crescente";"Chuva";"Simples";"Ponte;Reta";"Não";2;0;0;2;0;0;2;1;-2,67214493;-47,47363364;"SPRF-PA";"DEL02-PA";"UOP01-DEL02-PA"
661306;2025-02-14;"sexta-feira";"14:30:00";"PI";343;339,8;"TERESINA";"Acessar a via sem observar a presença dos outros veículos";"Colisão transversal";"Com Vítimas Feridas";"Pleno dia";"Crescente";"Céu Claro";"Múltipla";"Retorno Regulamentado;Reta";"Sim";2;0;1;0;1;0;1;2;-5,067146;-42,730965;"SPRF-PI";"DEL01-PI";"UOP01-DEL01-PI"
661308;2025-02-14;"sexta-feira";"14:50:00";"PE";232;9;"JABOATAO DOS GUARARAPES";"Condutor deixou de manter distância do veículo da frente";"Colisão traseira";"Com Vítimas Feridas";"Pleno dia";"Decrescente";"Céu Claro";"Dupla";"Reta";"Sim";7;0;2;0;5;0;2;4;-8,07764447;-34,97863609;"SPRF-PE";"DEL01-PE";"UOP01-DEL01-PE"
661309;2025-02-14;"sexta-feira";"14:30:00";"ES";101;299,7;"VIANA";"Acessar a via sem observar a presença dos outros veículos";"Atropelamento de Pedestre";"Com Vítimas Feridas";"Pleno dia";"Crescente";"Céu Claro";"Múltipla";"Reta";"Sim";2;0;0;1;1;0;1;2;-20,35860628;-40,42327504;"SPRF-ES";"DEL01-ES";"UOP01-DEL01-ES"
661311;2025-02-14;"sexta-feira";"14:00:00";"SP";116;300;"SAO LOURENCO DA SERRA";"Chuva";"Saída de leito carroçável";"Com Vítimas Feridas";"Pleno dia";"Crescente";"Chuva";"Dupla";"Curva";"Sim";3;0;1;0;2;0;1;1;-23,80425272;-46,92143625;"SPRF-SP";"DEL04-SP";"UOP01-DEL04-SP"
661315;2025-02-14;"sexta-feira";"15:40:00";"ES";259;57,3;"COLATINA";"Demais falhas mecânicas ou elétricas";"Tombamento";"Com Vítimas Feridas";"Pleno dia";"Crescente";"Céu Claro";"Simples";"Reta";"Não";1;0;1;0;0;0;1;1;-19,50865703;-40,65581416;"SPRF-ES";"DEL02-ES";"UOP01-DEL02-ES"
661316;2025-02-14;"sexta-feira";"15:00:00";"RS";472;126;"TRES DE MAIO";"Manobra de mudança de faixa";"Colisão frontal";"Com Vítimas Feridas";"Pleno dia";"Crescente";"Céu Claro";"Simples";"Reta";"Não";4;0;3;1;0;0;4;2;-27,72078983;-54,18845135;"SPRF-RS";"DEL10-RS";"UOP01-DEL10-RS"
661317;2025-02-14;"sexta-feira";"15:15:00";"RS";290;80;"PORTO ALEGRE";"Demais falhas mecânicas ou elétricas";"Tombamento";"Com Vítimas Feridas";"Pleno dia";"Decrescente";"Céu Claro";"Múltipla";"Reta";"Sim";1;0;1;0;0;0;1;1;-29,95343;-51,058449;"SPRF-RS";"DEL01-RS";"UOP01-DEL01-RS"
661319;2025-02-14;"sexta-feira";"15:20:00";"RS";290;161;"SAO JERONIMO";"Acessar a via sem observar a presença dos outros veículos";"Colisão transversal";"Com Vítimas Feridas";"Pleno dia";"Crescente";"Céu Claro";"Simples";"Reta;Interseção de Vias";"Não";2;0;2;0;0;0;2;2;-30,112318;-51,818535;"SPRF-RS";"DEL02-RS";"UOP01-DEL02-RS"
661320;2025-02-14;"sexta-feira";"14:50:00";"PR";277;38;"MORRETES";"Manobra de mudança de faixa";"Colisão com objeto";"Com Vítimas Feridas";"Pleno dia";"Crescente";"Nublado";"Dupla";"Curva";"Não";3;0;3;0;0;0;3;2;-25,56584471;-48,81116269;"SPRF-PR";"DEL01-PR";"UOP05-DEL01-PR"
661321;2025-02-14;"sexta-feira";"15:55:00";"ES";101;143,3;"LINHARES";"Trafegar com motocicleta (ou similar) entre as faixas";"Colisão lateral mesmo sentido";"Com Vítimas Feridas";"Pleno dia";"Crescente";"Céu Claro";"Dupla";"Reta";"Sim";2;0;1;0;1;0;1;2;-19,34286596;-40,0638568;"SPRF-ES";"DEL04-ES";"UOP01-DEL04-ES"
661322;2025-02-14;"sexta-feira";"15:55:00";"SC";101;205,4;"SAO JOSE";"Condutor deixou de manter distância do veículo da frente";"Colisão traseira";"Com Vítimas Feridas";"Pleno dia";"Crescente";"Nublado";"Múltipla";"Reta";"Sim";2;0;2;0;0;0;2;2;-27,58313237;-48,61532885;"SPRF-SC";"DEL01-SC";"UOP01-DEL01-SC"
661323;2025-02-14;"sexta-feira";"14:40:00";"GO";70;465;"ARAGARCAS";"Acessar a via sem observar a presença dos outros veículos";"Colisão transversal";"Com Vítimas Feridas";"Pleno dia";"Crescente";"Céu Claro";"Simples";"Declive";"Não";2;0;0;1;1;0;1;2;-15,90190465;-52,18849182;"SPRF-GO";"DEL04-GO";"UOP02-DEL04-GO"
661326;2025-02-12;"quarta-feira";"08:50:00";"BA";367;33;"PORTO SEGURO";"Avarias e/ou desgaste excessivo no pneu";"Saída de leito carroçável";"Com Vítimas Feridas";"Pleno dia";"Crescente";"Céu Claro";"Simples";"Reta";"Não";2;0;2;0;0;0;2;1;-16,41808735;-39,15338816;"SPRF-BA";"DEL09-BA";"UOP03-DEL09-BA"
661327;2025-02-14;"sexta-feira";"16:15:00";"BA";101;33,4;"ESPLANADA";"Conversão proibida";"Colisão transversal";"Com Vítimas Fatais";"Pleno dia";"Decrescente";"Céu Claro";"Dupla";"Declive";"Não";8;2;1;2;3;0;3;2;-11,75933;-37,94332;"SPRF-SE";"DEL02-SE";"UOP03-DEL02-SE"
661328;2025-02-14;"sexta-feira";"16:05:00";"BA";324;583;"CANDEIAS";"Manobra de mudança de faixa";"Colisão lateral mesmo sentido";"Com Vítimas Feridas";"Pleno dia";"Decrescente";"Céu Claro";"Dupla";"Reta";"Não";2;0;1;0;1;0;1;2;-12,6141891;-38,48700311;"SPRF-BA";"DEL01-BA";"UOP01-DEL01-BA"
661329;2025-02-14;"sexta-feira";"15:50:00";"ES";101;293;"CARIACICA";"Conversão proibida";"Colisão lateral mesmo sentido";"Com Vítimas Feridas";"Pleno dia";"Decrescente";"Céu Claro";"Dupla";"Em Obras;Reta";"Sim";3;0;3;0;0;0;3;2;-20,31413276;-40,39536023;"SPRF-ES";"DEL01-ES";"UOP01-DEL01-ES"
661330;2025-02-14;"sexta-feira";"16:28:00";"SP";153;61,8;"SAO JOSE DO RIO PRETO";"Frear bruscamente";"Tombamento";"Com Vítimas Feridas";"Pleno dia";"Decrescente";"Céu Claro";"Dupla";"Reta";"Sim";1;0;1;0;0;0;1;1;-20,80502876;-49,35574909;"SPRF-SP";"DEL09-SP";"UOP01-DEL09-SP"
661332;2025-02-14;"sexta-feira";"15:00:00";"SC";101;38;"JOINVILLE";"Desrespeitar a preferência no cruzamento";"Colisão transversal";"Com Vítimas Feridas";"Pleno dia";"Decrescente";"Céu Claro";"Dupla";"Interseção de Vias";"Sim";3;0;1;0;2;0;1;2;-26,25472505;-48,90561309;"SPRF-SC";"DEL03-SC";"UOP01-DEL03-SC"
661333;2025-02-09;"domingo";"01:40:00";"RS";290;676;"URUGUAIANA";"Animais na Pista";"Atropelamento de Animal";"Com Vítimas Feridas";"Plena Noite";"Crescente";"Céu Claro";"Simples";"Reta";"Não";3;0;3;0;0;0;3;1;-29,917309;-56,655758;"SPRF-RS";"DEL13-RS";"UOP01-DEL13-RS"
661335;2025-02-14;"sexta-feira";"16:50:00";"GO";153;501;"GOIANIA";"Manobra de mudança de faixa";"Colisão transversal";"Com Vítimas Feridas";"Pleno dia";"Crescente";"Céu Claro";"Múltipla";"Reta";"Sim";2;0;1;0;1;0;1;2;-16,7189;-49,2382;"SPRF-GO";"DEL01-GO";"UOP01-DEL01-GO"
661336;2025-02-14;"sexta-feira";"17:00:00";"ES";101;129;"LINHARES";"Demais falhas mecânicas ou elétricas";"Tombamento";"Com Vítimas Feridas";"Pleno dia";"Decrescente";"Céu Claro";"Simples";"Reta;Aclive";"Não";2;0;2;0;0;0;2;1;-19,22093104;-40,0936152;"SPRF-ES";"DEL04-ES";"UOP01-DEL04-ES"
661337;2025-02-14;"sexta-feira";"14:40:00";"BA";116;816,8;"VITORIA DA CONQUISTA";"Reação tardia ou ineficiente do condutor";"Tombamento";"Com Vítimas Feridas";"Pleno dia";"Crescente";"Céu Claro";"Simples";"Reta";"Não";1;0;1;0;0;0;1;1;-14,816846;-40,805818;"SPRF-BA";"DEL08-BA";"UOP01-DEL08-BA"
661338;2025-02-14;"sexta-feira";"17:10:00";"SP";101;49;"UBATUBA";"Condutor deixou de manter distância do veículo da frente";"Colisão lateral mesmo sentido";"Com Vítimas Feridas";"Anoitecer";"Crescente";"Nublado";"Simples";"Retorno Regulamentado";"Sim";3;0;1;0;2;0;1;2;-23,44410908;-45,08375708;"SPRF-SP";"DEL06-SP";"UOP01-DEL06-SP"
661341;2025-02-14;"sexta-feira";"17:00:00";"PB";230;18;"JOAO PESSOA";"Reação tardia ou ineficiente do condutor";"Colisão traseira";"Com Vítimas Feridas";"Pleno dia";"Decrescente";"Céu Claro";"Dupla";"Reta";"Sim";2;0;1;0;1;0;1;2;-7,1198;-34,8453;"SPRF-PB";"DEL01-PB";"UOP01-DEL01-PB"
661342;2025-02-14;"sexta-feira";"16:40:00";"RJ";101;65;"CAMPOS DOS GOYTACAZES";"Retorno proibido";"Colisão traseira";"Com Vítimas Feridas";"Pleno dia";"Decrescente";"Céu Claro";"Simples";"Interseção de Vias;Reta";"Sim";3;0;2;0;0;1;2;2;-21,75371806;-41,344292;"SPRF-RJ";"DEL08-RJ";"UOP02-DEL08-RJ"
661343;2025-02-14;"sexta-feira";"16:15:00";"RJ";101;295;"ITABORAI";"Condutor deixou de manter distância do veículo da frente";"Colisão traseira";"Com Vítimas Feridas";"Anoitecer";"Decrescente";"Nublado";"Dupla";"Reta";"Não";5;0;1;0;4;0;1;4;-22,76365068;-42,90223623;"SPRF-RJ";"DEL02-RJ";"UOP02-DEL02-RJ"
661344;2025-02-14;"sexta-feira";"17:00:00";"PB";230;157,7;"CAMPINA GRANDE";"Desrespeitar a preferência no cruzamento";"Colisão transversal";"Com Vítimas Feridas";"Pleno dia";"Decrescente";"Nublado";"Simples";"Interseção de Vias";"Sim";3;0;1;1;1;0;2;2;-7,264;-35,9199;"SPRF-PB";"DEL02-PB";"UOP01-DEL02-PB"
661346;2025-02-14;"sexta-feira";"17:00:00";"CE";116;40;"HORIZONTE";"Entrada inopinada do pedestre";"Atropelamento de Pedestre";"Com Vítimas Fatais";"Anoitecer";"Crescente";"Céu Claro";"Múltipla";"Reta";"Sim";2;1;0;1;0;0;1;2;-4,09496999;-38,50351984;"SPRF-CE";"DEL01-CE";"UOP02-DEL01-CE"
661347;2025-02-14;"sexta-feira";"16:15:00";"PR";476;143;"CURITIBA";"Trafegar com motocicleta (ou similar) entre as faixas";"Colisão lateral mesmo sentido";"Com Vítimas Feridas";"Pleno dia";"Decrescente";"Chuva";"Dupla";"Reta";"Sim";2;0;1;0;1;0;1;2;-25,543802;-49,305328;"SPRF-PR";"DEL01-PR";"UOP06-DEL01-PR"
661348;2025-02-14;"sexta-feira";"15:00:00";"PR";277;630,7;"CEU AZUL";"Velocidade Incompatível";"Saída de leito carroçável";"Com Vítimas Feridas";"Pleno dia";"Crescente";"Nublado";"Simples";"Curva";"Não";1;0;1;0;0;0;1;1;-25,1136031;-53,79333789;"SPRF-PR";"DEL05-PR";"UOP02-DEL05-PR"
661349;2025-02-02;"domingo";"10:40:00";"PB";230;14;"CABEDELO";"Manobra de mudança de faixa";"Colisão lateral mesmo sentido";"Com Vítimas Feridas";"Pleno dia";"Crescente";"Céu Claro";"Dupla";"Reta";"Sim";2;0;1;0;0;1;1;2;-7,08771206;-34,84862208;"SPRF-PB";"DEL01-PB";"UOP01-DEL01-PB"
661351;2025-02-14;"sexta-feira";"17:15:00";"DF";20;18;"BRASILIA";"Avarias e/ou desgaste excessivo no pneu";"Saída de leito carroçável";"Com Vítimas Feridas";"Pleno dia";"Decrescente";"Nublado";"Dupla";"Reta";"Não";3;0;3;0;0;0;3;1;-15,616901;-47,708927;"SPRF-DF";"DEL02-DF";"UOP01-DEL02-DF"
661353;2025-02-14;"sexta-feira";"17:00:00";"SP";116;155;"SAO JOSE DOS CAMPOS";"Reação tardia ou ineficiente do condutor";"Tombamento";"Com Vítimas Feridas";"Pleno dia";"Crescente";"Chuva";"Dupla";"Reta";"Sim";1;0;1;0;0;0;1;1;-23,24524337;-45,92772774;"SPRF-SP";"DEL02-SP";"UOP01-DEL02-SP"
661354;2025-02-14;"sexta-feira";"17:30:00";"RS";290;418,2;"SAO GABRIEL";"Desrespeitar a preferência no cruzamento";"Queda de ocupante de veículo";"Com Vítimas Feridas";"Pleno dia";"Crescente";"Céu Claro";"Simples";"Rotatória";"Sim";2;0;1;0;1;0;1;2;-30,35263874;-54,33295012;"SPRF-RS";"DEL11-RS";"UOP02-DEL11-RS"
661355;2025-01-30;"quinta-feira";"15:49:00";"MG";381;940,9;"EXTREMA";"Velocidade Incompatível";"Saída de leito carroçável";"Com Vítimas Feridas";"Pleno dia";"Crescente";"Chuva";"Dupla";"Curva";"Não";1;0;0;1;0;0;1;1;-22,8272555;-46,31399274;"SPRF-MG";"DEL16-MG";"UOP03-DEL16-MG"
661356;2025-02-14;"sexta-feira";"17:30:00";"SC";101;162;"TIJUCAS";"Condutor deixou de manter distância do veículo da frente";"Colisão traseira";"Com Vítimas Feridas";"Pleno dia";"Crescente";"Céu Claro";"Dupla";"Reta";"Sim";3;0;3;0;0;0;3;2;-27,22554009;-48,6279367;"SPRF-SC";"DEL04-SC";"UOP03-DEL04-SC"
661357;2025-02-14;"sexta-feira";"18:00:00";"PE";101;68,1;"RECIFE";"Condutor deixou de manter distância do veículo da frente";"Engavetamento";"Com Vítimas Feridas";"Plena Noite";"Decrescente";"Céu Claro";"Dupla";"Reta;Viaduto";"Sim";5;0;1;0;2;2;1;3;-8,05174;-34,946044;"SPRF-PE";"DEL01-PE";"UOP01-DEL01-PE"
661358;2025-02-14;"sexta-feira";"18:10:00";"PE";232;11,2;"JABOATAO DOS GUARARAPES";"Entrada inopinada do pedestre";"Atropelamento de Pedestre";"Com Vítimas Fatais";"Plena Noite";"Decrescente";"Céu Claro";"Dupla";"Aclive;Reta";"Sim";2;1;0;0;1;0;0;2;-8,08294981;-34,99680877;"SPRF-PE";"DEL01-PE";"UOP01-DEL01-PE"
661359;2025-02-14;"sexta-feira";"19:17:00";"MG";40;481;"SETE LAGOAS";"Afundamento ou ondulação no pavimento";"Queda de ocupante de veículo";"Com Vítimas Feridas";"Plena Noite";"Crescente";"Céu Claro";"Dupla";"Aclive;Reta";"Não";1;0;0;1;0;0;1;1;-19,5511262;-44,24459038;"SPRF-MG";"DEL02-MG";"UOP01-DEL02-MG"
661360;2025-02-14;"sexta-feira";"18:57:00";"PR";277;722;"FOZ DO IGUACU";"Ausência de reação do condutor";"Colisão traseira";"Com Vítimas Feridas";"Pleno dia";"Decrescente";"Céu Claro";"Dupla";"Reta";"Sim";4;0;0;2;2;0;2;3;-25,49494908;-54,52095097;"SPRF-PR";"DEL05-PR";"UOP03-DEL05-PR"
661361;2025-02-14;"sexta-feira";"18:30:00";"PR";277;74,7;"SAO JOSE DOS PINHAIS";"Trafegar com motocicleta (ou similar) entre as faixas";"Colisão lateral mesmo sentido";"Com Vítimas Feridas";"Plena Noite";"Decrescente";"Nublado";"Dupla";"Reta";"Sim";2;0;1;0;1;0;1;2;-25,49530581;-49,16483223;"SPRF-PR";"DEL01-PR";"UOP07-DEL01-PR"
661362;2025-02-14;"sexta-feira";"19:15:00";"SC";280;46,2;"GUARAMIRIM";"Acessar a via sem observar a presença dos outros veículos";"Colisão lateral mesmo sentido";"Com Vítimas Feridas";"Plena Noite";"Decrescente";"Nublado";"Simples";"Reta;Aclive;Interseção de Vias";"Não";2;0;0;1;1;0;1;2;-26,45314994;-48,91018867;"SPRF-SC";"DEL03-SC";"UOP03-DEL03-SC"
661363;2025-02-14;"sexta-feira";"17:10:00";"RS";116;146;"CAXIAS DO SUL";"Condutor desrespeitou a iluminação vermelha do semáforo";"Colisão transversal";"Sem Vítimas";"Pleno dia";"Crescente";"Céu Claro";"Dupla";"Reta;Interseção de Vias";"Sim";2;0;0;0;2;0;0;2;-29,14228897;-51,13622202;"SPRF-RS";"DEL05-RS";"UOP01-DEL05-RS"
661364;2025-02-14;"sexta-feira";"17:46:00";"MA";222;670;"ACAILANDIA";"Ultrapassagem Indevida";"Colisão lateral sentido oposto";"Com Vítimas Feridas";"Pleno dia";"Crescente";"Céu Claro";"Simples";"Reta";"Sim";2;0;0;1;1;0;1;2;-4,91607953;-47,42281928;"SPRF-MA";"DEL04-MA";"UOP03-DEL04-MA"
661366;2025-02-14;"sexta-feira";"18:10:00";"RJ";40;116;"DUQUE DE CAXIAS";"Reação tardia ou ineficiente do condutor";"Colisão traseira";"Com Vítimas Feridas";"Plena Noite";"Decrescente";"Céu Claro";"Múltipla";"Reta";"Não";2;0;1;0;1;0;1;2;-22,73662299;-43,28858785;"SPRF-RJ";"DEL01-RJ";"UOP02-DEL01-RJ"
661367;2025-02-14;"sexta-feira";"19:05:00";"PB";101;26;"RIO TINTO";"Reação tardia ou ineficiente do condutor";"Queda de ocupante de veículo";"Com Vítimas Feridas";"Plena Noite";"Decrescente";"Céu Claro";"Dupla";"Reta;Em Obras";"Não";1;0;0;1;0;0;1;1;-6,69006397;-35,11528625;"SPRF-PB";"DEL01-PB";"UOP03-DEL01-PB"
661368;2025-02-14;"sexta-feira";"19:03:00";"MG";381;921;"CAMANDUCAIA";"Velocidade Incompatível";"Colisão com objeto";"Com Vítimas Feridas";"Plena Noite";"Crescente";"Chuva";"Dupla";"Curva;Declive";"Não";1;0;1;0;0;0;1;1;-22,7680939;-46,20854399;"SPRF-MG";"DEL16-MG";"UOP03-DEL16-MG"
661369;2025-02-14;"sexta-feira";"19:30:00";"SP";153;79,9;"BADY BASSITT";"Ausência de reação do condutor";"Colisão traseira";"Com Vítimas Feridas";"Plena Noite";"Crescente";"Nublado";"Dupla";"Aclive";"Não";3;0;0;1;2;0;1;2;-20,90910476;-49,48021806;"SPRF-SP";"DEL09-SP";"UOP01-DEL09-SP"
661371;2025-02-14;"sexta-feira";"16:45:00";"MG";381;906;"CAMBUI";"Acumulo de água sobre o pavimento";"Saída de leito carroçável";"Com Vítimas Feridas";"Pleno dia";"Decrescente";"Chuva";"Dupla";"Reta";"Não";1;0;1;0;0;0;1;1;-22,67322395;-46,09349154;"SPRF-MG";"DEL16-MG";"UOP03-DEL16-MG"
661374;2025-02-14;"sexta-feira";"18:15:00";"MA";135;95;"ITAPECURU MIRIM";"Acessar a via sem observar a presença dos outros veículos";"Colisão transversal";"Com Vítimas Feridas";"Anoitecer";"Decrescente";"Nublado";"Simples";"Interseção de Vias;Rotatória;Reta";"Sim";6;0;2;0;4;0;2;2;-3,33199794;-44,44591567;"SPRF-MA";"DEL01-MA";"UOP02-DEL01-MA"
661375;2025-02-14;"sexta-feira";"19:00:00";"RJ";393;253;"BARRA DO PIRAI";"Demais falhas mecânicas ou elétricas";"Incêndio";"Sem Vítimas";"Plena Noite";"Crescente";"Céu Claro";"Simples";"Aclive;Reta";"Não";1;0;0;0;1;0;0;1;-22,47606388;-44,04976392;"SPRF-RJ";"DEL05-RJ";"UOP04-DEL05-RJ"
661376;2025-02-14;"sexta-feira";"17:50:00";"PB";230;251,2;"JUAZEIRINHO";"Condutor deixou de manter distância do veículo da frente";"Colisão traseira";"Sem Vítimas";"Anoitecer";"Crescente";"Nublado";"Simples";"Reta;Interseção de Vias";"Não";6;0;0;0;6;0;0;2;-7,06008;-36,651417;"SPRF-PB";"DEL03-PB";"UOP01-DEL03-PB"
661378;2025-02-14;"sexta-feira";"17:45:00";"MT";163;831;"SINOP";"Reação tardia ou ineficiente do condutor";"Colisão lateral mesmo sentido";"Com Vítimas Feridas";"Pleno dia";"Crescente";"Céu Claro";"Dupla";"Reta";"Sim";2;0;1;0;1;0;1;2;-11,88648775;-55,50178355;"SPRF-MT";"DEL06-MT";"UOP02-DEL06-MT"
661381;2025-02-14;"sexta-feira";"20:00:00";"ES";101;308;"VIANA";"Reação tardia ou ineficiente do condutor";"Saída de leito carroçável";"Com Vítimas Feridas";"Plena Noite";"Decrescente";"Céu Claro";"Dupla";"Reta";"Não";3;0;2;1;0;0;3;1;-20,40809191;-40,45835336;"SPRF-ES";"DEL01-ES";"UOP01-DEL01-ES"
661382;2025-02-14;"sexta-feira";"20:15:00";"RS";116;302,6;"GUAIBA";"Acessar a via sem observar a presença dos outros veículos";"Colisão transversal";"Sem Vítimas";"Pleno dia";"Decrescente";"Céu Claro";"Simples";"Reta";"Não";3;0;0;0;2;1;0;2;-30,14581003;-51,36328125;"SPRF-RS";"DEL02-RS";"UOP01-DEL02-RS"
661383;2025-02-14;"sexta-feira";"19:45:00";"PR";277;82;"CURITIBA";"Trafegar com motocicleta (ou similar) entre as faixas";"Colisão traseira";"Com Vítimas Feridas";"Plena Noite";"Decrescente";"Céu Claro";"Dupla";"Reta";"Sim";2;0;1;0;1;0;1;2;-25,46293729;-49,21825111;"SPRF-PR";"DEL01-PR";"UOP03-DEL01-PR"
661384;2025-02-14;"sexta-feira";"12:00:00";"RJ";101;503;"ANGRA DOS REIS";"Acessar a via sem observar a presença dos outros veículos";"Colisão transversal";"Sem Vítimas";"Pleno dia";"Decrescente";"Céu Claro";"Simples";"Reta";"Sim";2;0;0;0;2;0;0;2;-22,92894705;-44,37879998;"SPRF-RJ";"DEL03-RJ";"UOP03-DEL03-RJ"
661385;2025-02-14;"sexta-feira";"17:15:00";"RO";364;162,9;"PIMENTA BUENO";"Pista esburacada";"Colisão traseira";"Sem Vítimas";"Pleno dia";"Crescente";"Nublado";"Simples";"Aclive;Reta";"Não";8;0;0;0;8;0;0;2;-11,898468;-60,978368;"SPRF-RO";"DEL02-RO";"UOP02-DEL02-RO"
661386;2025-02-14;"sexta-feira";"19:50:00";"RJ";101;324;"NITEROI";"Condutor deixou de manter distância do veículo da frente";"Colisão traseira";"Com Vítimas Feridas";"Plena Noite";"Decrescente";"Céu Claro";"Simples";"Reta;Ponte";"Não";2;0;1;0;1;0;1;2;-22,87381074;-43,12640997;"SPRF-RJ";"DEL02-RJ";"UOP01-DEL02-RJ"
661387;2025-02-14;"sexta-feira";"19:20:00";"RJ";493;23;"MAGE";"Acessar a via sem observar a presença dos outros veículos";"Colisão transversal";"Sem Vítimas";"Plena Noite";"Decrescente";"Céu Claro";"Simples";"Reta";"Não";2;0;0;0;2;0;0;2;-22,6593875;-43,0910045;"SPRF-RJ";"DEL04-RJ";"UOP02-DEL04-RJ"
661390;2025-02-14;"sexta-feira";"20:10:00";"SE";235;108;"CARIRA";"Manobra de mudança de faixa";"Colisão frontal";"Com Vítimas Feridas";"Plena Noite";"Decrescente";"Céu Claro";"Simples";"Reta;Interseção de Vias";"Não";4;0;0;1;3;0;1;2;-10,34869488;-37,70662308;"SPRF-SE";"DEL01-SE";"UOP02-DEL01-SE"
661391;2025-02-14;"sexta-feira";"20:40:00";"TO";153;468;"MIRACEMA DO TOCANTINS";"Transitar na contramão";"Colisão frontal";"Com Vítimas Feridas";"Plena Noite";"Crescente";"Céu Claro";"Simples";"Reta";"Não";2;0;1;1;0;0;2;2;-9,98289731;-48,75211852;"SPRF-TO";"DEL01-TO";"UOP01-DEL01-TO"
661393;2025-02-14;"sexta-feira";"17:00:00";"MG";262;753;"SACRAMENTO";"Acumulo de água sobre o pavimento";"Capotamento";"Com Vítimas Feridas";"Pleno dia";"Crescente";"Chuva";"Simples";"Reta";"Não";3;0;1;0;2;0;1;1;-19,64861651;-47,53625088;"SPRF-MG";"DEL13-MG";"UOP01-DEL13-MG"
661394;2025-02-14;"sexta-feira";"20:20:00";"PR";116;148;"MANDIRITUBA";"Acessar a via sem observar a presença dos outros veículos";"Colisão transversal";"Com Vítimas Feridas";"Plena Noite";"Crescente";"Nublado";"Simples";"Curva";"Não";2;0;0;1;1;0;1;2;-25,83332724;-49,33678865;"SPRF-PR";"DEL01-PR";"UOP03-DEL01-PR"
661397;2025-02-14;"sexta-feira";"19:00:00";"SC";470;123,1;"IBIRAMA";"Ingestão de álcool pelo condutor";"Queda de ocupante de veículo";"Com Vítimas Feridas";"Plena Noite";"Decrescente";"Céu Claro";"Simples";"Reta;Declive";"Sim";1;0;0;1;0;0;1;1;-27,10729664;-49,52278376;"SPRF-SC";"DEL04-SC";"UOP02-DEL04-SC"
661398;2025-02-14;"sexta-feira";"18:50:00";"RR";401;12;"BOA VISTA";"Acessar a via sem observar a presença dos outros veículos";"Colisão transversal";"Com Vítimas Feridas";"Plena Noite";"Crescente";"Céu Claro";"Múltipla";"Interseção de Vias;Reta";"Sim";2;0;2;0;0;0;2;2;2,82085577;-60,59767475;"SPRF-RR";"DEL01-RR";"UOP01-DEL01-RR"
661399;2025-02-14;"sexta-feira";"20:55:00";"RJ";116;170;"RIO DE JANEIRO";"Objeto estático sobre o leito carroçável";"Queda de ocupante de veículo";"Com Vítimas Feridas";"Plena Noite";"Crescente";"Céu Claro";"Dupla";"Reta";"Sim";1;0;1;0;0;0;1;1;-22,81113183;-43,3336729;"SPRF-RJ";"DEL06-RJ";"UOP01-DEL06-RJ"
661401;2025-02-14;"sexta-feira";"20:25:00";"RS";158;470,4;"ROSARIO DO SUL";"Demais falhas mecânicas ou elétricas";"Incêndio";"Sem Vítimas";"Plena Noite";"Decrescente";"Céu Claro";"Simples";"Curva;Declive";"Não";1;0;0;0;1;0;0;1;-30,26806191;-54,9740301;"SPRF-RS";"DEL11-RS";"UOP02-DEL11-RS"
661402;2025-02-14;"sexta-feira";"18:20:00";"BA";116;816;"VITORIA DA CONQUISTA";"Acessar a via sem observar a presença dos outros veículos";"Colisão transversal";"Com Vítimas Feridas";"Anoitecer";"Decrescente";"Nublado";"Simples";"Reta";"Sim";3;0;2;0;1;0;2;2;-14,77751018;-40,73036091;"SPRF-BA";"DEL08-BA";"UOP01-DEL08-BA"
661404;2025-02-14;"sexta-feira";"21:30:00";"GO";153;436,5;"ANAPOLIS";"Condutor deixou de manter distância do veículo da frente";"Colisão traseira";"Com Vítimas Feridas";"Plena Noite";"Crescente";"Nublado";"Dupla";"Desvio Temporário";"Não";3;0;2;0;0;1;2;2;-16,283987;-48,951763;"SPRF-GO";"DEL02-GO";"UOP01-DEL02-GO"
661405;2025-02-14;"sexta-feira";"08:45:00";"SC";101;121;"ITAJAI";"Reação tardia ou ineficiente do condutor";"Queda de ocupante de veículo";"Com Vítimas Feridas";"Pleno dia";"Crescente";"Céu Claro";"Dupla";"Reta";"Não";1;0;1;0;0;0;1;1;-26,92103178;-48,70856446;"SPRF-SC";"DEL04-SC";"UOP04-DEL04-SC"