"id";"data_inversa";"dia_semana";"horario";"uf";"br";"km";"municipio";"causa_acidente";"tipo_acidente";"classificacao_acidente";"fase_dia";"sentido_via";"condicao_metereologica";"tipo_pista";"tracado_via";"uso_solo";"pessoas";"mortos";"feridos_leves";"feridos_graves";"ilesos";"ignorados";"feridos";"veiculos";"latitude";"longitude";"regional";"delegacia";"uop"
661505;2025-02-15;"sábado";"10:30:00";"SC";280;25,2;"ARAQUARI";"Acessar a via sem observar a presença dos outros veículos";"Colisão transversal";"Com Vítimas Feridas";"Pleno dia";"Crescente";"Céu Claro";"Simples";"Reta;Interseção de Vias";"Sim";2;0;0;1;1;0;1;2;-26,38352781;-48,72677516;"SPRF-SC";"DEL03-SC";"UOP03-DEL03-SC"
661506;2025-02-15;"sábado";"10:55:00";"MG";381;498,9;"BETIM";"Demais falhas mecânicas ou elétricas";"Tombamento";"Com Vítimas Feridas";"Pleno dia";"Crescente";"Céu Claro";"Dupla";"Reta;Aclive";"Sim";2;0;2;0;0;0;2;1;-20,01792651;-44,2261448;"SPRF-MG";"DEL01-MG";"UOP03-DEL01-MG"
661508;2025-02-15;"sábado";"10:20:00";"RJ";101;385;"RIO DE JANEIRO";"Transitar na contramão";"Colisão frontal";"Com Vítimas Feridas";"Pleno dia";"Crescente";"Céu Claro";"Dupla";"Reta";"Sim";3;0;1;0;2;0;1;2;-22,88064129;-43,63218994;"SPRF-RJ";"DEL03-RJ";"UOP01-DEL03-RJ"
661509;2025-02-15;"sábado";"09:25:00";"RS";116;245;"SAO LEOPOLDO";"Transitar na contramão";"Colisão frontal";"Com Vítimas Feridas";"Pleno dia";"Decrescente";"Sol";"Múltipla";"Reta;Interseção de Vias;Viaduto";"Sim";2;0;1;0;1;0;1;2;-29,74980902;-51,15125361;"SPRF-RS";"DEL01-RS";"UOP02-DEL01-RS"
661510;2025-02-15;"sábado";"10:23:00";"PB";104;131,4;"QUEIMADAS";"Acessar a via sem observar a presença dos outros veículos";"Colisão lateral mesmo sentido";"Com Vítimas Feridas";"Pleno dia";"Crescente";"Céu Claro";"Simples";"Rotatória";"Não";2;0;1;0;1;0;1;2;-7,29900408;-35,89187256;"SPRF-PB";"DEL02-PB";"UOP03-DEL02-PB"
661511;2025-02-15;"sábado";"09:30:00";"PR";277;19,2;"PARANAGUA";"Avarias e/ou desgaste excessivo no pneu";"Tombamento";"Com Vítimas Feridas";"Pleno dia";"Decrescente";"Sol";"Dupla";"Reta";"Não";2;0;1;0;1;0;1;1;-25,5371298;-48,69899803;"SPRF-PR";"DEL01-PR";"UOP05-DEL01-PR"
661512;2025-02-15;"sábado";"11:00:00";"PR";376;223,7;"CAMBIRA";"Acessar a via sem observar a presença dos outros veículos";"Colisão transversal";"Com Vítimas Feridas";"Pleno dia";"Crescente";"Céu Claro";"Dupla";"Interseção de Vias";"Sim";3;0;1;1;1;0;2;2;-23,59622768;-51,58070326;"SPRF-PR";"DEL07-PR";"UOP03-DEL07-PR"
661517;2025-02-15;"sábado";"09:50:00";"MG";153;119;"PRATA";"Reação tardia ou ineficiente do condutor";"Tombamento";"Com Vítimas Feridas";"Pleno dia";"Decrescente";"Céu Claro";"Simples";"Reta";"Não";1;0;1;0;0;0;1;1;-19,39390101;-48,89661712;"SPRF-MG";"DEL15-MG";"UOP03-DEL15-MG"
661518;2025-02-15;"sábado";"12:15:00";"MG";381;5,9;"BETIM";"Velocidade Incompatível";"Tombamento";"Com Vítimas Feridas";"Pleno dia";"Decrescente";"Céu Claro";"Dupla";"Reta";"Não";1;0;1;0;0;0;1;1;-19,98875564;-44,19645309;"SPRF-MG";"DEL01-MG";"UOP03-DEL01-MG"
661519;2025-02-15;"sábado";"09:50:00";"MG";116;526,3;"CARATINGA";"Condutor deixou de manter distância do veículo da frente";"Colisão traseira";"Com Vítimas Feridas";"Pleno dia";"Decrescente";"Sol";"Dupla";"Reta";"Sim";3;0;1;0;1;1;1;2;-19,78231223;-42,13321209;"SPRF-MG";"DEL06-MG";"UOP02-DEL06-MG"
661520;2025-02-15;"sábado";"12:10:00";"BA";324;537;"AMELIA RODRIGUES";"Acessar a via sem observar a presença dos outros veículos";"Colisão lateral mesmo sentido";"Com Vítimas Feridas";"Pleno dia";"Crescente";"Céu Claro";"Dupla";"Reta";"Não";3;0;2;0;1;0;2;2;-12,36902201;-38,81384601;"SPRF-BA";"DEL01-BA";"UOP03-DEL01-BA"
661523;2025-02-15;"sábado";"12:30:00";"MG";381;757,9;"TRES CORACOES";"Demais falhas mecânicas ou elétricas";"Tombamento";"Com Vítimas Feridas";"Pleno dia";"Decrescente";"Céu Claro";"Dupla";"Reta";"Não";1;0;1;0;0;0;1;1;-21,67710054;-45,34002364;"SPRF-MG";"DEL16-MG";"UOP02-DEL16-MG"
661525;2025-02-15;"sábado";"13:00:00";"SC";280;29,2;"ARAQUARI";"Transitar na contramão";"Colisão transversal";"Sem Vítimas";"Pleno dia";"Decrescente";"Céu Claro";"Simples";"Reta";"Não";2;0;0;0;2;0;0;2;-26,41199932;-48,75480831;"SPRF-SC";"DEL03-SC";"UOP03-DEL03-SC"
661526;2025-02-15;"sábado";"10:30:00";"PE";104;13;"TAQUARITINGA DO NORTE";"Condutor deixou de manter distância do veículo da frente";"Colisão traseira";"Com Vítimas Feridas";"Pleno dia";"Crescente";"Céu Claro";"Simples";"Reta";"Não";2;0;0;1;0;1;1;2;-7,897198;-36,113335;"SPRF-PE";"DEL02-PE";"UOP01-DEL02-PE"
661527;2025-02-15;"sábado";"13:00:00";"SC";101;132;"BALNEARIO CAMBORIU";"Ausência de reação do condutor";"Engavetamento";"Com Vítimas Feridas";"Pleno dia";"Crescente";"Céu Claro";"Dupla";"Reta";"Sim";3;0;1;0;2;0;1;3;-26,99654133;-48,65564711;"SPRF-SC";"DEL04-SC";"UOP03-DEL04-SC"
661528;2025-02-15;"sábado";"12:10:00";"BA";116;9;"VITORIA DA CONQUISTA";"Acessar a via sem observar a presença dos outros veículos";"Colisão transversal";"Com Vítimas Feridas";"Pleno dia";"Crescente";"Céu Claro";"Simples";"Reta";"Sim";2;0;1;0;1;0;1;2;-14,851;-40,8485;"SPRF-BA";"DEL08-BA";"UOP01-DEL08-BA"
661529;2025-02-07;"sexta-feira";"20:07:00";"MA";135;44;"BACABEIRA";"Animais na Pista";"Atropelamento de Animal";"Sem Vítimas";"Plena Noite";"Crescente";"Céu Claro";"Dupla";"Reta";"Sim";1;0;0;0;1;0;0;1;-2,9178575;-44,34673274;"SPRF-MA";"DEL01-MA";"UOP01-DEL01-MA"
661530;2025-02-15;"sábado";"13:20:00";"PE";101;88;"JABOATAO DOS GUARARAPES";"Ausência de reação do condutor";"Colisão traseira";"Com Vítimas Feridas";"Pleno dia";"Crescente";"Céu Claro";"Dupla";"Reta";"Não";2;0;0;1;1;0;1;2;-8,19971387;-34,9785382;"SPRF-PE";"DEL01-PE";"UOP01-DEL01-PE"
661531;2025-02-15;"sábado";"12:10:00";"MA";135;20;"SAO LUIS";"Ingestão de álcool pelo condutor";"Colisão traseira";"Sem Vítimas";"Pleno dia";"Crescente";"Céu Claro";"Dupla";"Reta";"Sim";2;0;0;0;2;0;0;2;-2,53073;-44,3068;"SPRF-MA";"DEL01-MA";"UOP01-DEL01-MA"
661532;2025-02-15;"sábado";"13:06:00";"GO";40;9;"LUZIANIA";"Condutor deixou de manter distância do veículo da frente";"Colisão lateral mesmo sentido";"Com Vítimas Feridas";"Pleno dia";"Crescente";"Céu Claro";"Dupla";"Reta";"Não";2;0;1;0;1;0;1;2;-16,131158;-47,957739;"SPRF-DF";"DEL01-DF";"UOP01-DEL01-DF"
661534;2025-02-15;"sábado";"11:40:00";"PI";135;352;"BOM JESUS";"Acessar a via sem observar a presença dos outros veículos";"Colisão transversal";"Com Vítimas Feridas";"Pleno dia";"Crescente";"Céu Claro";"Dupla";"Reta";"Sim";2;0;0;1;1;0;1;2;-9,07531116;-44,35476699;"SPRF-PI";"DEL03-PI";"UOP02-DEL03-PI"
661535;2025-02-15;"sábado";"13:15:00";"PI";316;315;"PICOS";"Ausência de reação do condutor";"Queda de ocupante de veículo";"Com Vítimas Feridas";"Pleno dia";"Crescente";"Céu Claro";"Simples";"Reta";"Sim";1;0;1;0;0;0;1;1;-7,07951262;-41,43236492;"SPRF-PI";"DEL04-PI";"UOP01-DEL04-PI"
661536;2025-02-15;"sábado";"12:40:00";"GO";452;3;"RIO VERDE";"Acessar a via sem observar a presença dos outros veículos";"Colisão transversal";"Sem Vítimas";"Pleno dia";"Crescente";"Céu Claro";"Dupla";"Curva;Declive;Retorno Regulamentado";"Não";7;0;0;0;7;0;0;2;-17,80066089;-50,87743393;"SPRF-GO";"DEL04-GO";"UOP01-DEL04-GO"
661537;2025-02-15;"sábado";"12:40:00";"MG";116;753,6;"LEOPOLDINA";"Condutor deixou de manter distância do veículo da frente";"Colisão lateral mesmo sentido";"Com Vítimas Feridas";"Pleno dia";"Decrescente";"Céu Claro";"Simples";"Curva";"Não";3;0;2;0;1;0;2;2;-21,47568319;-42,56682787;"SPRF-MG";"DEL07-MG";"UOP01-DEL07-MG"
661538;2025-02-15;"sábado";"12:30:00";"PE";408;95;"SAO LOURENCO DA MATA";"Ausência de reação do condutor";"Saída de leito carroçável";"Com Vítimas Feridas";"Pleno dia";"Decrescente";"Céu Claro";"Dupla";"Declive;Reta";"Não";1;0;1;0;0;0;1;1;-8,01186091;-35,04237616;"SPRF-PE";"DEL01-PE";"UOP01-DEL01-PE"
661540;2025-02-15;"sábado";"08:55:00";"RN";304;45,6;"MOSSORO";"Acessar a via sem observar a presença dos outros veículos";"Colisão transversal";"Com Vítimas Feridas";"Pleno dia";"Decrescente";"Céu Claro";"Dupla";"Reta;Retorno Regulamentado";"Sim";2;0;1;0;1;0;1;2;-5,2250698;-37,3490001;"SPRF-RN";"DEL04-RN";"UOP01-DEL04-RN"
661541;2025-02-15;"sábado";"09:25:00";"SP";101;49;"UBATUBA";"Conversão proibida";"Colisão transversal";"Com Vítimas Feridas";"Pleno dia";"Crescente";"Céu Claro";"Simples";"Curva";"Sim";2;0;1;0;1;0;1;2;-23,44410908;-45,08375708;"SPRF-SP";"DEL06-SP";"UOP01-DEL06-SP"
661542;2025-02-15;"sábado";"13:40:00";"MG";381;498,9;"BETIM";"Avarias e/ou desgaste excessivo no pneu";"Tombamento";"Com Vítimas Feridas";"Pleno dia";"Crescente";"Sol";"Dupla";"Aclive;Reta";"Sim";1;0;1;0;0;0;1;1;-20,01172662;-44,21976041;"SPRF-MG";"DEL01-MG";"UOP03-DEL01-MG"
661543;2025-02-15;"sábado";"13:45:00";"DF";20;13,5;"BRASILIA";"Ingestão de álcool pelo condutor";"Colisão traseira";"Sem Vítimas";"Pleno dia";"Crescente";"Céu Claro";"Dupla";"Reta";"Não";3;0;0;0;3;0;0;2;-15,638752;-47,749599;"SPRF-DF";"DEL02-DF";"UOP01-DEL02-DF"
661544;2025-02-15;"sábado";"11:45:00";"SP";101;41;"UBATUBA";"Reação tardia ou ineficiente do condutor";"Colisão traseira";"Com Vítimas Feridas";"Pleno dia";"Decrescente";"Céu Claro";"Simples";"Reta";"Não";3;0;0;1;2;0;1;2;-23,41971433;-45,0428663;"SPRF-SP";"DEL06-SP";"UOP01-DEL06-SP"
661545;2025-02-15;"sábado";"12:00:00";"ES";262;154,2;"IBATIBA";"Reação tardia ou ineficiente do condutor";"Colisão traseira";"Com Vítimas Feridas";"Pleno dia";"Decrescente";"Céu Claro";"Simples";"Reta";"Não";2;0;0;1;1;0;1;2;-20,22262434;-41,46210677;"SPRF-ES";"DEL01-ES";"UOP02-DEL01-ES"
661547;2025-02-15;"sábado";"13:15:00";"RS";293;339,7;"SANTANA DO LIVRAMENTO";"Ingestão de álcool pelo condutor";"Colisão transversal";"Com Vítimas Feridas";"Pleno dia";"Crescente";"Céu Claro";"Simples";"Interseção de Vias";"Sim";2;0;1;0;1;0;1;2;-30,85507929;-55,53007364;"SPRF-RS";"DEL11-RS";"UOP01-DEL11-RS"
661548;2025-02-15;"sábado";"13:40:00";"PR";376;165,9;"MARINGA";"Avarias e/ou desgaste excessivo no pneu";"Tombamento";"Com Vítimas Feridas";"Pleno dia";"Decrescente";"Céu Claro";"Dupla";"Reta";"Não";1;0;0;1;0;0;1;1;-23,385327;-52,025896;"SPRF-PR";"DEL09-PR";"UOP01-DEL09-PR"
661549;2025-02-15;"sábado";"14:20:00";"ES";101;299,5;"VIANA";"Desrespeitar a preferência no cruzamento";"Colisão transversal";"Com Vítimas Feridas";"Pleno dia";"Crescente";"Sol";"Múltipla";"Interseção de Vias";"Sim";2;0;1;0;1;0;1;2;-20,35860628;-40,42327504;"SPRF-ES";"DEL01-ES";"UOP01-DEL01-ES"
661551;2025-02-15;"sábado";"14:30:00";"MG";381;509;"SAO JOAQUIM DE BICAS";"Ingestão de álcool pelo condutor";"Saída de leito carroçável";"Com Vítimas Feridas";"Pleno dia";"Decrescente";"Céu Claro";"Dupla";"Curva";"Sim";4;0;4;0;0;0;4;1;-20,0497758;-44,2776127;"SPRF-MG";"DEL01-MG";"UOP03-DEL01-MG"
661552;2025-02-15;"sábado";"14:30:00";"RS";116;324;"BARRA DO RIBEIRO";"Demais falhas mecânicas ou elétricas";"Tombamento";"Com Vítimas Feridas";"Pleno dia";"Crescente";"Nublado";"Dupla";"Reta";"Não";2;0;1;0;1;0;1;1;-30,32702593;-51,42171417;"SPRF-RS";"DEL02-RS";"UOP01-DEL02-RS"
661553;2025-02-15;"sábado";"15:00:00";"PE";101;67;"RECIFE";"Conversão proibida";"Colisão traseira";"Com Vítimas Feridas";"Pleno dia";"Decrescente";"Sol";"Dupla";"Reta";"Sim";2;0;1;0;1;0;1;2;-8,042334;-34,943096;"SPRF-PE";"DEL01-PE";"UOP01-DEL01-PE"
661556;2025-02-15;"sábado";"14:52:00";"CE";116;10;"FORTALEZA";"Ausência de reação do condutor";"Colisão traseira";"Com Vítimas Feridas";"Pleno dia";"Crescente";"Céu Claro";"Dupla";"Reta";"Sim";2;0;1;0;1;0;1;2;-3,83603805;-38,5027281;"SPRF-CE";"DEL01-CE";"UOP02-DEL01-CE"
661558;2025-02-15;"sábado";"09:00:00";"MG";50;180;"UBERABA";"Demais falhas mecânicas ou elétricas";"Incêndio";"Sem Vítimas";"Pleno dia";"Decrescente";"Céu Claro";"Simples";"Retorno Regulamentado";"Sim";1;0;0;0;1;0;0;1;-19,77848216;-47,92194709;"SPRF-MG";"DEL13-MG";"UOP01-DEL13-MG"
661560;2025-02-15;"sábado";"13:20:00";"SC";280;5,8;"SAO FRANCISCO DO SUL";"Ingestão de álcool pelo condutor";"Colisão frontal";"Com Vítimas Feridas";"Pleno dia";"Decrescente";"Céu Claro";"Simples";"Reta";"Não";2;0;1;0;1;0;1;2;-26,26011706;-48,62571995;"SPRF-SC";"DEL03-SC";"UOP03-DEL03-SC"
661562;2025-02-15;"sábado";"16:05:00";"SC";101;195,2;"BIGUACU";"Avarias e/ou desgaste excessivo no pneu";"Tombamento";"Com Vítimas Feridas";"Pleno dia";"Crescente";"Céu Claro";"Dupla";"Reta";"Sim";2;0;2;0;0;0;2;1;-27,5047092;-48,65010819;"SPRF-SC";"DEL01-SC";"UOP01-DEL01-SC"
661563;2025-02-15;"sábado";"15:20:00";"SC";101;140;"BALNEARIO CAMBORIU";"Reação tardia ou ineficiente do condutor";"Colisão traseira";"Sem Vítimas";"Pleno dia";"Crescente";"Céu Claro";"Múltipla";"Reta";"Não";2;0;0;0;2;0;0;2;-27,03881189;-48,60025148;"SPRF-SC";"DEL04-SC";"UOP03-DEL04-SC"
661565;2025-02-15;"sábado";"16:00:00";"SP";116;216;"GUARULHOS";"Reação tardia ou ineficiente do condutor";"Tombamento";"Com Vítimas Feridas";"Pleno dia";"Decrescente";"Céu Claro";"Múltipla";"Reta";"Sim";3;0;2;0;0;1;2;2;-23,45056589;-46,46258105;"SPRF-SP";"DEL01-SP";"UOP01-DEL01-SP"
661567;2025-02-15;"sábado";"15:40:00";"SP";116;421;"JUQUIA";"Condutor Dormindo";"Saída de leito carroçável";"Com Vítimas Feridas";"Pleno dia";"Crescente";"Céu Claro";"Simples";"Curva";"Não";2;0;2;0;0;0;2;1;-24,35801488;-47,68588212;"SPRF-SP";"DEL05-SP";"UOP01-DEL05-SP"
661569;2025-02-15;"sábado";"15:12:00";"RO";425;126;"GUAJARA-MIRIM";"Ausência de reação do condutor";"Colisão transversal";"Com Vítimas Feridas";"Pleno dia";"Decrescente";"Céu Claro";"Dupla";"Reta";"Sim";2;0;1;0;1;0;1;2;-10,632141;-65,302414;"SPRF-RO";"DEL01-RO";"UOP03-DEL01-RO"
661571;2025-02-15;"sábado";"11:20:00";"MG";365;823;"SANTA VITORIA";"Acessar a via sem observar a presença dos outros veículos";"Colisão transversal";"Com Vítimas Feridas";"Pleno dia";"Decrescente";"Sol";"Simples";"Reta;Declive";"Não";2;0;2;0;0;0;2;2;-18,878003;-50,127321;"SPRF-MG";"DEL15-MG";"UOP03-DEL15-MG"
661572;2025-02-15;"sábado";"15:40:00";"SC";101;205,2;"SAO JOSE";"Reação tardia ou ineficiente do condutor";"Tombamento";"Com Vítimas Feridas";"Pleno dia";"Crescente";"Nublado";"Múltipla";"Curva";"Sim";1;0;0;1;0;0;1;1;-27,58488559;-48,6164546;"SPRF-SC";"DEL01-SC";"UOP01-DEL01-SC"
661573;2025-02-15;"sábado";"11:30:00";"AP";156;232;"SANTANA";"Demais falhas na via";"Saída de leito carroçável";"Sem Vítimas";"Pleno dia";"Decrescente";"Chuva";"Simples";"Reta";"Não";2;0;0;0;2;0;0;1;0,226596;-51,428454;"SPRF-AP";"DEL01-AP";"UOP01-DEL01-AP"
661575;2025-02-15;"sábado";"16:55:00";"SE";101;181;"UMBAUBA";"Ausência de reação do condutor";"Queda de ocupante de veículo";"Com Vítimas Feridas";"Pleno dia";"Decrescente";"Céu Claro";"Simples";"Reta";"Não";1;0;1;0;0;0;1;1;-11,36892188;-37,64792008;"SPRF-SE";"DEL02-SE";"UOP03-DEL02-SE"
661577;2025-02-15;"sábado";"14:00:00";"MG";40;825,2;"SIMAO PEREIRA";"Reação tardia ou ineficiente do condutor";"Saída de leito carroçável";"Com Vítimas Feridas";"Pleno dia";"Decrescente";"Céu Claro";"Dupla";"Curva";"Não";3;0;3;0;0;0;3;1;-21,9735272;-43,28541842;"SPRF-MG";"DEL05-MG";"UOP01-DEL05-MG"
661578;2025-02-15;"sábado";"16:30:00";"RJ";356;147;"CAMPOS DOS GOYTACAZES";"Acessar a via sem observar a presença dos outros veículos";"Colisão lateral mesmo sentido";"Com Vítimas Feridas";"Pleno dia";"Crescente";"Céu Claro";"Dupla";"Reta";"Sim";5;0;1;0;4;0;1;2;-21,78540158;-41,29978331;"SPRF-RJ";"DEL08-RJ";"UOP02-DEL08-RJ"
661579;2025-02-15;"sábado";"17:20:00";"MG";262;411,8;"IGARATINGA";"Conversão proibida";"Colisão transversal";"Com Vítimas Feridas";"Anoitecer";"Decrescente";"Vento";"Dupla";"Rotatória";"Sim";5;0;3;0;2;0;3;2;-19,89051204;-44,64959297;"SPRF-MG";"DEL08-MG";"UOP03-DEL08-MG"
661580;2025-02-15;"sábado";"16:45:00";"PR";158;532,8;"PATO BRANCO";"Conversão proibida";"Colisão transversal";"Com Vítimas Feridas";"Pleno dia";"Decrescente";"Céu Claro";"Simples";"Interseção de Vias";"Sim";4;0;1;0;1;2;1;3;-26,21772884;-52,68122435;"SPRF-PR";"DEL02-PR";"UOP01-DEL02-PR"
661581;2025-02-15;"sábado";"17:27:00";"PE";232;36,5;"VITORIA DE SANTO ANTAO";"Entrada inopinada do pedestre";"Atropelamento de Pedestre";"Sem Vítimas";"Anoitecer";"Decrescente";"Céu Claro";"Dupla";"Reta";"Não";2;0;0;0;1;1;0;2;-8,112188;-35,20614;"SPRF-PE";"DEL01-PE";"UOP01-DEL01-PE"
661582;2025-02-15;"sábado";"16:45:00";"PR";373;259,3;"PRUDENTOPOLIS";"Ausência de reação do condutor";"Saída de leito carroçável";"Com Vítimas Feridas";"Pleno dia";"Crescente";"Nublado";"Simples";"Curva";"Não";3;0;0;2;1;0;2;1;-25,206547;-50,936092;"SPRF-PR";"DEL08-PR";"UOP01-DEL08-PR"
661583;2025-02-15;"sábado";"16:10:00";"BA";349;933;"CORRENTINA";"Reação tardia ou ineficiente do condutor";"Colisão traseira";"Com Vítimas Feridas";"Pleno dia";"Decrescente";"Céu Claro";"Simples";"Reta";"Sim";6;0;6;0;0;0;6;2;-13,3635861;-44,6472901;"SPRF-BA";"DEL10-BA";"UOP02-DEL10-BA"
661584;2025-02-15;"sábado";"17:50:00";"PA";230;119;"MARABA";"Ausência de reação do condutor";"Colisão traseira";"Sem Vítimas";"Anoitecer";"Decrescente";"Céu Claro";"Simples";"Reta";"Sim";4;0;0;0;4;0;0;2;-5,350407;-49,105981;"SPRF-PA";"DEL03-PA";"UOP01-DEL03-PA"
661586;2025-02-15;"sábado";"17:15:00";"MS";163;74;"ITAQUIRAI";"Reação tardia ou ineficiente do condutor";"Saída de leito carroçável";"Com Vítimas Feridas";"Pleno dia";"Crescente";"Céu Claro";"Simples";"Declive;Reta;Ponte";"Não";2;0;1;1;0;0;2;1;-23,50976209;-54,18919663;"SPRF-MS";"DEL09-MS";"UOP02-DEL09-MS"
661587;2025-02-15;"sábado";"18:00:00";"PB";230;21;"JOAO PESSOA";"Ausência de reação do condutor";"Queda de ocupante de veículo";"Com Vítimas Feridas";"Plena Noite";"Crescente";"Céu Claro";"Dupla";"Reta";"Sim";1;0;1;0;0;0;1;1;-7,1415;-34,8519;"SPRF-PB";"DEL01-PB";"UOP01-DEL01-PB"
661588;2025-02-15;"sábado";"17:43:00";"PR";277;63;"SAO JOSE DOS PINHAIS";"Avarias e/ou desgaste excessivo no pneu";"Tombamento";"Com Vítimas Feridas";"Pleno dia";"Decrescente";"Nublado";"Dupla";"Reta";"Não";2;0;2;0;0;0;2;1;-25,54985814;-49,04235008;"SPRF-PR";"DEL01-PR";"UOP01-DEL01-PR"
661589;2025-02-15;"sábado";"17:00:00";"SC";282;68,5;"RANCHO QUEIMADO";"Velocidade Incompatível";"Saída de leito carroçável";"Com Vítimas Feridas";"Pleno dia";"Crescente";"Chuva";"Simples";"Curva;Declive";"Não";6;0;3;2;1;0;5;1;-27,692406;-49,075939;"SPRF-SC";"DEL01-SC";"UOP03-DEL01-SC"
661590;2025-02-15;"sábado";"18:03:00";"MS";163;482;"CAMPO GRANDE";"Acessar a via sem observar a presença dos outros veículos";"Colisão lateral mesmo sentido";"Com Vítimas Feridas";"Anoitecer";"Crescente";"Céu Claro";"Simples";"Viaduto";"Sim";3;0;0;1;2;0;1;2;-20,46271123;-54,55411122;"SPRF-MS";"DEL01-MS";"UOP02-DEL01-MS"
661591;2025-02-15;"sábado";"18:35:00";"AL";316;154,5;"PALMEIRA DOS INDIOS";"Iluminação deficiente";"Atropelamento de Pedestre";"Com Vítimas Fatais";"Plena Noite";"Crescente";"Céu Claro";"Simples";"Reta";"Sim";3;1;0;0;2;0;0;2;-9,42516398;-36,63090706;"SPRF-AL";"DEL03-AL";"UOP01-DEL03-AL"
661592;2025-02-15;"sábado";"16:50:00";"RJ";116;245;"PIRAI";"Velocidade Incompatível";"Colisão com objeto";"Com Vítimas Feridas";"Pleno dia";"Decrescente";"Céu Claro";"Dupla";"Reta";"Não";2;0;2;0;0;0;2;1;-22,62040692;-43,92593694;"SPRF-RJ";"DEL07-RJ";"UOP01-DEL07-RJ"
661594;2025-02-15;"sábado";"13:00:00";"RJ";101;228;"SILVA JARDIM";"Reação tardia ou ineficiente do condutor";"Queda de ocupante de veículo";"Com Vítimas Feridas";"Pleno dia";"Crescente";"Sol";"Dupla";"Reta";"Não";2;0;1;0;1;0;1;1;-22,56241824;-42,35993577;"SPRF-RJ";"DEL02-RJ";"UOP03-DEL02-RJ"
661596;2025-02-15;"sábado";"19:00:00";"DF";70;19;"BRASILIA";"Ingestão de álcool pelo condutor";"Colisão com objeto";"Sem Vítimas";"Pleno dia";"Crescente";"Céu Claro";"Dupla";"Declive";"Não";1;0;0;0;1;0;0;1;-15,788868;-48,220242;"SPRF-DF";"DEL03-DF";"UOP02-DEL03-DF"
661600;2025-02-15;"sábado";"19:25:00";"BA";110;173;"RIBEIRA DO POMBAL";"Acessar a via sem observar a presença dos outros veículos";"Colisão traseira";"Com Vítimas Feridas";"Plena Noite";"Decrescente";"Céu Claro";"Simples";"Aclive;Reta";"Sim";3;0;2;0;1;0;2;2;-10,86944598;-38,52734387;"SPRF-BA";"DEL07-BA";"UOP02-DEL07-BA"
661601;2025-02-15;"sábado";"18:30:00";"PE";428;185,5;"PETROLINA";"Condutor deixou de manter distância do veículo da frente";"Colisão lateral mesmo sentido";"Sem Vítimas";"Plena Noite";"Crescente";"Céu Claro";"Dupla";"Retorno Regulamentado";"Sim";2;0;0;0;2;0;0;2;-9,35676341;-40,47884703;"SPRF-PE";"DEL06-PE";"UOP01-DEL06-PE"
661602;2025-02-15;"sábado";"19:40:00";"PR";277;645;"CEU AZUL";"Transitar na contramão";"Colisão transversal";"Com Vítimas Feridas";"Plena Noite";"Decrescente";"Céu Claro";"Simples";"Reta";"Não";2;0;0;1;1;0;1;2;-25,17361152;-53,89754176;"SPRF-PR";"DEL05-PR";"UOP02-DEL05-PR"
661603;2025-02-15;"sábado";"19:30:00";"SC";101;315,1;"LAGUNA";"Acessar a via sem observar a presença dos outros veículos";"Colisão frontal";"Com Vítimas Feridas";"Plena Noite";"Decrescente";"Chuva";"Dupla";"Interseção de Vias";"Sim";3;0;1;0;2;0;1;2;-28,43552413;-48,8343121;"SPRF-SC";"DEL02-SC";"UOP01-DEL02-SC"
661604;2025-02-15;"sábado";"12:00:00";"PR";163;283;"MARECHAL CANDIDO RONDON";"Condutor Dormindo";"Saída de leito carroçável";"Com Vítimas Feridas";"Pleno dia";"Decrescente";"Céu Claro";"Simples";"Reta;Interseção de Vias;Rotatória";"Sim";1;0;1;0;0;0;1;1;-24,57864514;-53,99236214;"SPRF-PR";"DEL06-PR";"UOP02-DEL06-PR"
661605;2025-02-15;"sábado";"19:55:00";"SC";282;207,6;"LAGES";"Reação tardia ou ineficiente do condutor";"Saída de leito carroçável";"Com Vítimas Feridas";"Plena Noite";"Decrescente";"Chuva";"Simples";"Reta;Declive";"Sim";1;0;1;0;0;0;1;1;-27,773464;-50,202095;"SPRF-SC";"DEL05-SC";"UOP01-DEL05-SC"
661606;2025-02-15;"sábado";"19:30:00";"RS";290;67,8;"GRAVATAI";"Reação tardia ou ineficiente do condutor";"Saída de leito carroçável";"Sem Vítimas";"Plena Noite";"Crescente";"Chuva";"Simples";"Curva;Declive";"Sim";1;0;0;0;0;1;0;1;-29,94256;-50,925896;"SPRF-RS";"DEL03-RS";"UOP01-DEL03-RS"
661609;2025-02-15;"sábado";"16:10:00";"MG";381;572;"ITAGUARA";"Ausência de reação do condutor";"Saída de leito carroçável";"Com Vítimas Feridas";"Pleno dia";"Crescente";"Céu Claro";"Dupla";"Curva;Declive";"Não";2;0;1;0;1;0;1;1;-20,42891304;-44,54835892;"SPRF-MG";"DEL04-MG";"UOP03-DEL04-MG"
661610;2025-02-15;"sábado";"19:30:00";"SC";116;10,9;"MAFRA";"Ingestão de álcool pelo condutor";"Saída de leito carroçável";"Com Vítimas Feridas";"Plena Noite";"Decrescente";"Garoa/Chuvisco";"Simples";"Curva;Declive";"Não";1;0;1;0;0;0;1;1;-26,17794162;-49,85986233;"SPRF-SC";"DEL06-SC";"UOP01-DEL06-SC"