"id";"data_inversa";"dia_semana";"horario";"uf";"br";"km";"municipio";"causa_acidente";"tipo_acidente";"classificacao_acidente";"fase_dia";"sentido_via";"condicao_metereologica";"tipo_pista";"tracado_via";"uso_solo";"pessoas";"mortos";"feridos_leves";"feridos_graves";"ilesos";"ignorados";"feridos";"veiculos";"latitude";"longitude";"regional";"delegacia";"uop"
661708;2025-02-16;"domingo";"07:40:00";"RJ";40;107;"DUQUE DE CAXIAS";"Avarias e/ou desgaste excessivo no pneu";"Tombamento";"Com Vítimas Feridas";"Pleno dia";"Decrescente";"Céu Claro";"Dupla";"Reta";"Sim";2;0;2;0;0;0;2;1;-22,65581497;-43,28378546;"SPRF-RJ";"DEL01-RJ";"UOP02-DEL01-RJ"
661710;2025-02-16;"domingo";"05:50:00";"MT";158;678;"NOVA XAVANTINA";"Ausência de reação do condutor";"Colisão traseira";"Com Vítimas Feridas";"Amanhecer";"Crescente";"Céu Claro";"Simples";"Reta";"Não";2;0;0;1;1;0;1;2;-14,87079792;-52,28852877;"SPRF-MT";"DEL07-MT";"UOP01-DEL07-MT"
661712;2025-02-16;"domingo";"08:30:00";"PA";230;118;"MARABA";"Condutor desrespeitou a iluminação vermelha do semáforo";"Colisão transversal";"Com Vítimas Feridas";"Pleno dia";"Crescente";"Céu Claro";"Dupla";"Reta;Interseção de Vias";"Sim";2;0;1;0;1;0;1;2;-5,35193706;-49,09794103;"SPRF-PA";"DEL03-PA";"UOP01-DEL03-PA"
661713;2025-02-16;"domingo";"07:00:00";"RJ";101;387;"RIO DE JANEIRO";"Reação tardia ou ineficiente do condutor";"Saída de leito carroçável";"Sem Vítimas";"Amanhecer";"Crescente";"Céu Claro";"Dupla";"Reta";"Não";2;0;0;0;2;0;0;2;-22,88537839;-43,64965688;"SPRF-RJ";"DEL03-RJ";"UOP01-DEL03-RJ"
661716;2025-02-16;"domingo";"09:30:00";"MG";262;379;"JUATUBA";"Ausência de reação do condutor";"Tombamento";"Com Vítimas Feridas";"Pleno dia";"Crescente";"Céu Claro";"Dupla";"Curva";"Não";1;0;1;0;0;0;1;1;-19,95241506;-44,37342001;"SPRF-MG";"DEL01-MG";"UOP03-DEL01-MG"
661717;2025-02-16;"domingo";"09:20:00";"SC";101;123;"ITAJAI";"Reação tardia ou ineficiente do condutor";"Queda de ocupante de veículo";"Com Vítimas Feridas";"Pleno dia";"Crescente";"Céu Claro";"Simples";"Interseção de Vias";"Sim";2;0;2;0;0;0;2;1;-26,93668609;-48,69876905;"SPRF-SC";"DEL04-SC";"UOP04-DEL04-SC"
661718;2025-02-16;"domingo";"06:30:00";"RJ";465;7;"SEROPEDICA";"Ausência de reação do condutor";"Queda de ocupante de veículo";"Com Vítimas Feridas";"Pleno dia";"Crescente";"Céu Claro";"Dupla";"Reta";"Não";1;0;0;1;0;0;1;1;-22,761377;-43,686352;"SPRF-RJ";"DEL06-RJ";"UOP02-DEL06-RJ"
661719;2025-02-16;"domingo";"10:20:00";"RS";116;192,8;"PICADA CAFE";"Conversão proibida";"Colisão transversal";"Com Vítimas Feridas";"Pleno dia";"Crescente";"Céu Claro";"Simples";"Reta";"Não";2;0;0;1;1;0;1;2;-29,43865204;-51,13538892;"SPRF-RS";"DEL05-RS";"UOP02-DEL05-RS"
661720;2025-02-16;"domingo";"10:00:00";"PR";277;81;"CURITIBA";"Trafegar com motocicleta (ou similar) entre as faixas";"Colisão lateral mesmo sentido";"Com Vítimas Feridas";"Pleno dia";"Crescente";"Céu Claro";"Dupla";"Reta";"Sim";2;0;1;0;1;0;1;2;-25,568939;-49,181978;"SPRF-PR";"DEL01-PR";"UOP03-DEL01-PR"
661721;2025-02-16;"domingo";"09:24:00";"RN";304;116,4;"ITAJA";"Reação tardia ou ineficiente do condutor";"Tombamento";"Com Vítimas Feridas";"Pleno dia";"Crescente";"Céu Claro";"Simples";"Reta";"Não";1;0;0;1;0;0;1;1;-5,61789417;-36,88865608;"SPRF-RN";"DEL04-RN";"UOP01-DEL04-RN"
661722;2025-02-16;"domingo";"09:20:00";"AL";101;52;"FLEXEIRAS";"Acumulo de água sobre o pavimento";"Colisão com objeto";"Com Vítimas Feridas";"Pleno dia";"Crescente";"Chuva";"Dupla";"Reta";"Não";3;0;1;0;2;0;1;1;-9,24928061;-35,75771436;"SPRF-AL";"DEL01-AL";"UOP02-DEL01-AL"
661723;2025-02-16;"domingo";"09:30:00";"SC";101;20;"JOINVILLE";"Condutor deixou de manter distância do veículo da frente";"Colisão lateral mesmo sentido";"Com Vítimas Feridas";"Pleno dia";"Crescente";"Céu Claro";"Dupla";"Aclive;Reta";"Não";2;0;1;0;1;0;1;2;-26,140675;-48,902995;"SPRF-SC";"DEL03-SC";"UOP01-DEL03-SC"
661724;2025-02-16;"domingo";"09:10:00";"BA";116;3,1;"VITORIA DA CONQUISTA";"Acessar a via sem observar a presença dos outros veículos";"Colisão transversal";"Com Vítimas Feridas";"Pleno dia";"Crescente";"Céu Claro";"Simples";"Reta";"Não";2;0;1;0;1;0;1;2;-14,8248;-40,8618;"SPRF-PE";"DEL05-PE";"UOP03-DEL05-PE"
661725;2025-02-16;"domingo";"09:45:00";"PE";232;73,4;"GRAVATA";"Manobra de mudança de faixa";"Colisão lateral mesmo sentido";"Com Vítimas Feridas";"Pleno dia";"Decrescente";"Céu Claro";"Dupla";"Aclive;Reta";"Não";2;0;1;0;0;1;1;2;-8,19385;-35,515492;"SPRF-PE";"DEL02-PE";"UOP02-DEL02PE"
661727;2025-02-15;"sábado";"05:45:00";"SC";282;117;"ALFREDO WAGNER";"Reação tardia ou ineficiente do condutor";"Saída de leito carroçável";"Com Vítimas Feridas";"Amanhecer";"Decrescente";"Sol";"Simples";"Reta";"Não";1;0;0;1;0;0;1;1;-27,770338;-49,404785;"SPRF-SC";"DEL01-SC";"UOP03-DEL01-SC"
661728;2025-02-16;"domingo";"10:40:00";"PE";232;30;"MORENO";"Ausência de reação do condutor";"Colisão traseira";"Com Vítimas Feridas";"Pleno dia";"Crescente";"Céu Claro";"Dupla";"Reta";"Não";2;0;1;0;1;0;1;2;-8,11063325;-35,15197001;"SPRF-PE";"DEL01-PE";"UOP01-DEL01-PE"
661729;2025-02-16;"domingo";"07:30:00";"SP";381;86,4;"SAO PAULO";"Reação tardia ou ineficiente do condutor";"Capotamento";"Sem Vítimas";"Pleno dia";"Decrescente";"Céu Claro";"Múltipla";"Reta";"Sim";1;0;0;0;0;1;0;1;-23,45930499;-46,57161179;"SPRF-SP";"DEL03-SP";"UOP01-DEL03-SP"
661730;2025-02-16;"domingo";"11:30:00";"MG";381;579,5;"CARMOPOLIS DE MINAS";"Ausência de reação do condutor";"Tombamento";"Com Vítimas Feridas";"Pleno dia";"Decrescente";"Céu Claro";"Dupla";"Reta";"Não";1;0;0;1;0;0;1;1;-20,49967704;-44,60847254;"SPRF-MG";"DEL04-MG";"UOP01-DEL04-MG"
661731;2025-02-16;"domingo";"11:51:00";"ES";262;22,9;"VIANA";"Velocidade Incompatível";"Tombamento";"Com Vítimas Feridas";"Pleno dia";"Crescente";"Sol";"Simples";"Aclive;Curva";"Sim";1;0;1;0;0;0;1;1;-20,37976169;-40,52199585;"SPRF-ES";"DEL01-ES";"UOP01-DEL01-ES"
661732;2025-02-16;"domingo";"12:00:00";"BA";116;669;"JEQUIE";"Velocidade Incompatível";"Queda de ocupante de veículo";"Com Vítimas Feridas";"Pleno dia";"Decrescente";"Céu Claro";"Simples";"Curva";"Sim";1;0;1;0;0;0;1;1;-13,77543794;-40,10191324;"SPRF-BA";"DEL03-BA";"UOP01-DEL03-BA"
661733;2025-02-16;"domingo";"12:30:00";"ES";101;303,5;"VIANA";"Avarias e/ou desgaste excessivo no pneu";"Saída de leito carroçável";"Com Vítimas Feridas";"Pleno dia";"Decrescente";"Sol";"Dupla";"Reta";"Sim";3;0;1;0;2;0;1;1;-20,37695747;-40,44527144;"SPRF-ES";"DEL01-ES";"UOP01-DEL01-ES"
661734;2025-02-16;"domingo";"12:38:00";"RN";110;46,7;"MOSSORO";"Acessar a via sem observar a presença dos outros veículos";"Colisão transversal";"Com Vítimas Feridas";"Pleno dia";"Crescente";"Céu Claro";"Simples";"Rotatória";"Sim";3;0;2;0;1;0;2;2;-5,19797675;-37,31839819;"SPRF-RN";"DEL04-RN";"UOP01-DEL04-RN"
661737;2025-02-16;"domingo";"01:30:00";"PI";316;215,8;"VALENCA DO PIAUI";"Animais na Pista";"Atropelamento de Animal";"Sem Vítimas";"Plena Noite";"Decrescente";"Céu Claro";"Simples";"Reta";"Não";1;0;0;0;1;0;0;1;-6,42835121;-41,75117135;"SPRF-PI";"DEL04-PI";"UOP02-DEL04-PI"
661739;2025-02-16;"domingo";"12:00:00";"RJ";40;114,9;"DUQUE DE CAXIAS";"Demais falhas mecânicas ou elétricas";"Queda de ocupante de veículo";"Com Vítimas Feridas";"Pleno dia";"Crescente";"Sol";"Dupla";"Reta";"Não";2;0;2;0;0;0;2;1;-22,71853604;-43,28993324;"SPRF-RJ";"DEL01-RJ";"UOP02-DEL01-RJ"
661740;2025-02-16;"domingo";"13:35:00";"SC";101;184,2;"BIGUACU";"Condutor Dormindo";"Saída de leito carroçável";"Com Vítimas Feridas";"Pleno dia";"Crescente";"Céu Claro";"Dupla";"Reta";"Não";2;0;0;1;1;0;1;1;-27,41613807;-48,6266443;"SPRF-SC";"DEL01-SC";"UOP01-DEL01-SC"
661741;2025-02-16;"domingo";"13:47:00";"RS";116;263;"CANOAS";"Reação tardia ou ineficiente do condutor";"Colisão transversal";"Com Vítimas Feridas";"Pleno dia";"Crescente";"Céu Claro";"Dupla";"Reta;Interseção de Vias";"Sim";3;0;1;0;2;0;1;2;-29,90545398;-51,17674031;"SPRF-RS";"DEL01-RS";"UOP01-DEL01-RS"
661744;2025-02-16;"domingo";"12:25:00";"ES";262;140;"MUNIZ FREIRE";"Acessar a via sem observar a presença dos outros veículos";"Colisão transversal";"Com Vítimas Feridas";"Pleno dia";"Crescente";"Céu Claro";"Simples";"Reta";"Não";3;0;2;0;1;0;2;2;-20,2284777;-41,36813281;"SPRF-ES";"DEL01-ES";"UOP02-DEL01-ES"
661746;2025-02-16;"domingo";"14:20:00";"RS";290;60;"GRAVATAI";"Reação tardia ou ineficiente do condutor";"Colisão lateral mesmo sentido";"Com Vítimas Feridas";"Pleno dia";"Crescente";"Céu Claro";"Múltipla";"Reta";"Não";6;0;1;0;5;0;1;2;-29,924998;-50,85897;"SPRF-RS";"DEL03-RS";"UOP01-DEL03-RS"
661747;2025-02-16;"domingo";"13:30:00";"SP";116;169;"JACAREI";"Reação tardia ou ineficiente do condutor";"Saída de leito carroçável";"Sem Vítimas";"Pleno dia";"Crescente";"Céu Claro";"Simples";"Curva;Interseção de Vias";"Não";1;0;0;0;0;1;0;1;-23,307652;-46,045128;"SPRF-SP";"DEL02-SP";"UOP01-DEL02-SP"
661750;2025-02-16;"domingo";"14:15:00";"ES";101;394,9;"RIO NOVO DO SUL";"Acessar a via sem observar a presença dos outros veículos";"Colisão transversal";"Com Vítimas Feridas";"Pleno dia";"Crescente";"Céu Claro";"Simples";"Curva";"Sim";3;0;1;0;2;0;1;2;-20,8660171;-40,93193114;"SPRF-ES";"DEL03-ES";"UOP02-DEL03-ES"
661751;2025-02-16;"domingo";"13:42:00";"BA";407;112,7;"JAGUARARI";"Trafegar com motocicleta (ou similar) entre as faixas";"Colisão lateral mesmo sentido";"Com Vítimas Feridas";"Pleno dia";"Decrescente";"Céu Claro";"Simples";"Reta";"Não";3;0;2;1;0;0;3;2;-10,333475;-40,16767292;"SPRF-BA";"DEL04-BA";"UOP01-DEL04-BA"
661752;2025-02-16;"domingo";"14:30:00";"MG";262;442;"NOVA SERRANA";"Animais na Pista";"Tombamento";"Com Vítimas Feridas";"Pleno dia";"Crescente";"Sol";"Dupla";"Reta";"Sim";1;0;0;1;0;0;1;1;-19,8806236;-44,91232265;"SPRF-MG";"DEL08-MG";"UOP03-DEL08-MG"
661753;2025-02-16;"domingo";"14:45:00";"RS";386;307;"POUSO NOVO";"Acumulo de água sobre o pavimento";"Saída de leito carroçável";"Com Vítimas Feridas";"Pleno dia";"Crescente";"Nublado";"Simples";"Curva";"Não";6;0;2;0;4;0;2;2;-29,202335;-52,183838;"SPRF-RS";"DEL04-RS";"UOP01-DEL04-RS"
661755;2025-02-16;"domingo";"13:00:00";"CE";116;19,5;"EUSEBIO";"Acostamento em desnível";"Queda de ocupante de veículo";"Com Vítimas Feridas";"Pleno dia";"Decrescente";"Céu Claro";"Dupla";"Reta";"Sim";2;0;2;0;0;0;2;1;-3,91384397;-38,50667231;"SPRF-CE";"DEL01-CE";"UOP02-DEL01-CE"
661758;2025-02-16;"domingo";"15:30:00";"PE";232;84,5;"GRAVATA";"Ausência de reação do condutor";"Colisão traseira";"Com Vítimas Feridas";"Pleno dia";"Decrescente";"Sol";"Dupla";"Reta";"Não";2;0;1;0;1;0;1;2;-8,2059894;-35,60359683;"SPRF-PE";"DEL02-PE";"UOP02-DEL02PE"
661759;2025-02-16;"domingo";"14:58:00";"MS";163;283,3;"DOURADOS";"Transitar no Acostamento";"Colisão com objeto";"Com Vítimas Feridas";"Pleno dia";"Crescente";"Céu Claro";"Simples";"Reta";"Sim";3;0;2;0;0;1;2;2;-22,12044992;-54,59725206;"SPRF-MS";"DEL04-MS";"UOP01-DEL04-MS"
661760;2025-02-16;"domingo";"15:45:00";"PR";153;464;"UNIAO DA VITORIA";"Acessar a via sem observar a presença dos outros veículos";"Colisão transversal";"Com Vítimas Feridas";"Pleno dia";"Crescente";"Céu Claro";"Simples";"Interseção de Vias";"Não";5;0;2;0;3;0;2;2;-26,25750246;-51,16779327;"SPRF-PR";"DEL02-PR";"UOP03-DEL02-PR"
661761;2025-02-16;"domingo";"16:00:00";"BA";116;421;"FEIRA DE SANTANA";"Ingestão de álcool pelo condutor";"Colisão traseira";"Sem Vítimas";"Pleno dia";"Decrescente";"Céu Claro";"Simples";"Retorno Regulamentado";"Sim";2;0;0;0;2;0;0;2;-12,23217252;-38,97109151;"SPRF-BA";"DEL02-BA";"UOP01-DEL02-BA"
661762;2025-02-16;"domingo";"14:41:00";"SP";116;281;"EMBU DAS ARTES";"Frear bruscamente";"Colisão traseira";"Sem Vítimas";"Pleno dia";"Decrescente";"Céu Claro";"Dupla";"Curva";"Sim";3;0;0;0;3;0;0;2;-23,65043478;-46,84600722;"SPRF-SP";"DEL04-SP";"UOP01-DEL04-SP"
661763;2025-02-16;"domingo";"15:45:00";"PR";277;584,2;"CASCAVEL";"Manobra de mudança de faixa";"Colisão transversal";"Com Vítimas Feridas";"Pleno dia";"Crescente";"Céu Claro";"Dupla";"Reta";"Sim";2;0;1;0;1;0;1;2;-24,96463257;-53,40560669;"SPRF-PR";"DEL04-PR";"UOP01-DEL04-PR"
661764;2025-02-16;"domingo";"16:30:00";"SC";101;239,8;"PALHOCA";"Trafegar com motocicleta (ou similar) entre as faixas";"Colisão lateral mesmo sentido";"Com Vítimas Feridas";"Pleno dia";"Decrescente";"Céu Claro";"Dupla";"Reta";"Não";2;0;0;1;1;0;1;2;-27,85531681;-48,6426115;"SPRF-SC";"DEL01-SC";"UOP02-DEL01-SC"
661767;2025-02-16;"domingo";"17:15:00";"GO";153;429;"ANAPOLIS";"Ingestão de álcool pelo condutor";"Tombamento";"Com Vítimas Feridas";"Pleno dia";"Decrescente";"Céu Claro";"Dupla";"Declive";"Sim";1;0;1;0;0;0;1;1;-16,245422;-49,001404;"SPRF-GO";"DEL02-GO";"UOP01-DEL02-GO"
661768;2025-02-14;"sexta-feira";"19:30:00";"BA";110;373,7;"POJUCA";"Reação tardia ou ineficiente do condutor";"Colisão transversal";"Com Vítimas Feridas";"Plena Noite";"Decrescente";"Nublado";"Simples";"Curva;Declive";"Não";2;0;1;0;1;0;1;2;-12,40247266;-38,3881691;"SPRF-BA";"DEL01-BA";"UOP01-DEL01-BA"
661769;2025-02-16;"domingo";"17:40:00";"ES";101;214;"IBIRACU";"Acessar a via sem observar a presença dos outros veículos";"Colisão transversal";"Com Vítimas Feridas";"Pleno dia";"Decrescente";"Céu Claro";"Simples";"Retorno Regulamentado;Reta;Interseção de Vias";"Sim";2;0;0;1;1;0;1;2;-19,82999127;-40,37211181;"SPRF-ES";"DEL02-ES";"UOP01-DEL02-ES"
661770;2025-02-16;"domingo";"17:10:00";"PE";423;76;"JUCATI";"Demais falhas mecânicas ou elétricas";"Tombamento";"Com Vítimas Feridas";"Pleno dia";"Decrescente";"Céu Claro";"Simples";"Reta";"Não";2;0;2;0;0;0;2;1;-8,73183901;-36,43146015;"SPRF-PE";"DEL03-PE";"UOP01-DEL03-PE"
661771;2025-02-16;"domingo";"16:50:00";"SP";116;514;"CAJATI";"Reação tardia ou ineficiente do condutor";"Queda de ocupante de veículo";"Com Vítimas Feridas";"Pleno dia";"Decrescente";"Chuva";"Simples";"Curva;Declive";"Não";1;0;1;0;0;0;1;1;-24,85874304;-48,21731282;"SPRF-SP";"DEL05-SP";"UOP02-DEL05-SP"
661772;2025-02-16;"domingo";"17:36:00";"SP";116;281;"EMBU DAS ARTES";"Reação tardia ou ineficiente do condutor";"Tombamento";"Com Vítimas Feridas";"Pleno dia";"Decrescente";"Céu Claro";"Dupla";"Reta";"Sim";1;0;1;0;0;0;1;1;-23,67784787;-46,85769227;"SPRF-SP";"DEL04-SP";"UOP01-DEL04-SP"
661773;2025-02-16;"domingo";"15:30:00";"AL";101;68,7;"MESSIAS";"Ingestão de álcool pelo condutor";"Saída de leito carroçável";"Com Vítimas Feridas";"Pleno dia";"Decrescente";"Céu Claro";"Dupla";"Curva";"Não";1;0;1;0;0;0;1;1;-9,34924699;-35,83289449;"SPRF-AL";"DEL01-AL";"UOP02-DEL01-AL"
661774;2025-02-16;"domingo";"16:34:00";"SC";101;48;"JOINVILLE";"Objeto estático sobre o leito carroçável";"Colisão com objeto";"Com Vítimas Feridas";"Pleno dia";"Decrescente";"Céu Claro";"Dupla";"Curva";"Não";1;0;1;0;0;0;1;1;-26,35345909;-48,85867862;"SPRF-SC";"DEL03-SC";"UOP01-DEL03-SC"
661776;2025-02-16;"domingo";"13:00:00";"BA";367;67;"PORTO SEGURO";"Ausência de reação do condutor";"Queda de ocupante de veículo";"Com Vítimas Feridas";"Pleno dia";"Crescente";"Céu Claro";"Simples";"Curva";"Não";1;0;1;0;0;0;1;1;-16,38462979;-39,44229906;"SPRF-BA";"DEL09-BA";"UOP03-DEL09-BA"
661777;2025-02-16;"domingo";"17:20:00";"CE";222;16;"CAUCAIA";"Reação tardia ou ineficiente do condutor";"Queda de ocupante de veículo";"Com Vítimas Feridas";"Anoitecer";"Decrescente";"Céu Claro";"Simples";"Em Obras;Reta";"Não";2;0;2;0;0;0;2;1;-3,749;-38,72;"SPRF-CE";"DEL01-CE";"UOP01-DEL01-CE"
661778;2025-02-16;"domingo";"18:05:00";"ES";262;135;"BREJETUBA";"Ausência de reação do condutor";"Queda de ocupante de veículo";"Com Vítimas Feridas";"Anoitecer";"Crescente";"Céu Claro";"Simples";"Curva";"Não";2;0;2;0;0;0;2;1;-20,24466108;-41,3313501;"SPRF-ES";"DEL01-ES";"UOP02-DEL01-ES"
661779;2025-02-16;"domingo";"18:00:00";"SP";381;53;"MAIRIPORA";"Ingestão de álcool pelo condutor";"Queda de ocupante de veículo";"Com Vítimas Feridas";"Pleno dia";"Decrescente";"Céu Claro";"Simples";"Curva";"Não";2;0;2;0;0;0;2;1;-23,23727986;-46,59981085;"SPRF-SP";"DEL03-SP";"UOP01-DEL03-SP"
661780;2025-02-16;"domingo";"17:20:00";"PR";376;61;"GUAIRACA";"Conversão proibida";"Colisão transversal";"Com Vítimas Feridas";"Pleno dia";"Decrescente";"Céu Claro";"Simples";"Reta";"Não";8;0;5;0;3;0;5;2;-22,929216;-52,822884;"SPRF-PR";"DEL09-PR";"UOP02-DEL09-PR"
661781;2025-02-16;"domingo";"15:15:00";"RS";290;175,1;"BUTIA";"Condutor deixou de manter distância do veículo da frente";"Colisão lateral mesmo sentido";"Com Vítimas Feridas";"Pleno dia";"Crescente";"Chuva";"Simples";"Reta";"Não";2;0;1;0;0;1;1;2;-30,129343;-51,961823;"SPRF-RS";"DEL02-RS";"UOP03-DEL02-RS"
661783;2025-02-16;"domingo";"12:30:00";"PB";412;144,9;"MONTEIRO";"Ausência de reação do condutor";"Colisão traseira";"Com Vítimas Feridas";"Pleno dia";"Crescente";"Céu Claro";"Simples";"Reta";"Sim";3;0;0;3;0;0;3;2;-7,898005;-37,11667;"SPRF-PB";"DEL02-PB";"UOP02-DEL02-PB"
661784;2025-02-16;"domingo";"11:25:00";"MG";116;533;"SANTA RITA DE MINAS";"Objeto estático sobre o leito carroçável";"Colisão lateral sentido oposto";"Com Vítimas Feridas";"Pleno dia";"Decrescente";"Céu Claro";"Simples";"Curva";"Não";2;0;1;0;1;0;1;2;-19,83624191;-42,13833241;"SPRF-MG";"DEL06-MG";"UOP02-DEL06-MG"
661786;2025-02-16;"domingo";"14:00:00";"RO";435;53;"VILHENA";"Pista esburacada";"Saída de leito carroçável";"Sem Vítimas";"Pleno dia";"Decrescente";"Nublado";"Simples";"Aclive;Reta";"Não";1;0;0;0;0;1;0;1;-12,99506001;-60,40374672;"SPRF-RO";"DEL04-RO";"UOP02-DEL04-RO"
661787;2025-02-16;"domingo";"18:00:00";"RJ";116;110;"GUAPIMIRIM";"Ausência de reação do condutor";"Saída de leito carroçável";"Com Vítimas Feridas";"Anoitecer";"Crescente";"Céu Claro";"Dupla";"Curva";"Não";1;0;1;0;0;0;1;1;-22,55073275;-42,98968744;"SPRF-RJ";"DEL04-RJ";"UOP02-DEL04-RJ"
661788;2025-02-16;"domingo";"18:30:00";"SC";101;359,8;"SANGAO";"Demais falhas mecânicas ou elétricas";"Tombamento";"Com Vítimas Feridas";"Plena Noite";"Crescente";"Chuva";"Múltipla";"Curva";"Sim";1;0;1;0;0;0;1;1;-28,65057609;-49,10516385;"SPRF-SC";"DEL02-SC";"UOP01-DEL02-SC"
661789;2025-02-16;"domingo";"17:47:00";"BA";101;30;"ESPLANADA";"Ausência de reação do condutor";"Colisão lateral mesmo sentido";"Com Vítimas Feridas";"Anoitecer";"Crescente";"Céu Claro";"Simples";"Desvio Temporário;Reta";"Não";3;0;3;0;0;0;3;2;-11,77863656;-37,94540405;"SPRF-SE";"DEL02-SE";"UOP03-DEL02-SE"
661791;2025-02-16;"domingo";"18:00:00";"SP";116;282;"EMBU DAS ARTES";"Reação tardia ou ineficiente do condutor";"Engavetamento";"Com Vítimas Feridas";"Pleno dia";"Decrescente";"Céu Claro";"Dupla";"Reta";"Sim";6;0;1;0;2;3;1;4;-23,65855223;-46,85085665;"SPRF-SP";"DEL04-SP";"UOP01-DEL04-SP"
661794;2025-02-04;"terça-feira";"19:35:00";"PR";369;73;"SANTA MARIANA";"Condutor deixou de manter distância do veículo da frente";"Colisão traseira";"Com Vítimas Feridas";"Plena Noite";"Crescente";"Chuva";"Simples";"Aclive;Reta";"Não";6;0;4;0;2;0;4;2;-23,14969;-50,52919;"SPRF-PR";"DEL07-PR";"UOP05-DEL07-PR"
661795;2025-02-16;"domingo";"17:30:00";"RJ";101;172;"MACAE";"Avarias e/ou desgaste excessivo no pneu";"Tombamento";"Com Vítimas Feridas";"Pleno dia";"Crescente";"Céu Claro";"Simples";"Reta";"Não";2;0;2;0;0;0;2;1;-22,36746684;-41,94323801;"SPRF-RJ";"DEL08-RJ";"UOP04-DEL08-RJ"
661796;2025-02-16;"domingo";"18:00:00";"RR";401;18;"CANTA";"Acessar a via sem observar a presença dos outros veículos";"Colisão traseira";"Sem Vítimas";"Pleno dia";"Decrescente";"Nublado";"Dupla";"Reta";"Não";4;0;0;0;4;0;0;2;2,86059683;-60,56089488;"SPRF-RR";"DEL01-RR";"UOP01-DEL01-RR"
661797;2025-02-16;"domingo";"18:45:00";"RJ";116;117,9;"MAGE";"Ultrapassagem Indevida";"Colisão lateral mesmo sentido";"Com Vítimas Feridas";"Anoitecer";"Crescente";"Céu Claro";"Dupla";"Reta";"Não";2;0;1;0;1;0;1;2;-22,6593869;-43,0910047;"SPRF-RJ";"DEL04-RJ";"UOP02-DEL04-RJ"
661798;2025-02-16;"domingo";"17:25:00";"AC";364;132;"RIO BRANCO";"Ausência de reação do condutor";"Colisão frontal";"Com Vítimas Fatais";"Pleno dia";"Crescente";"Chuva";"Simples";"Curva";"Sim";2;1;0;0;1;0;0;2;-10,01005063;-67,84552927;"SPRF-AC";"DEL01-AC";"UOP01-DEL01-AC"
661800;2025-02-16;"domingo";"18:30:00";"RJ";101;423;"MANGARATIBA";"Condutor deixou de manter distância do veículo da frente";"Colisão traseira";"Com Vítimas Feridas";"Anoitecer";"Decrescente";"Céu Claro";"Simples";"Reta";"Não";8;0;1;0;7;0;1;2;-22,92655157;-43,96343994;"SPRF-RJ";"DEL03-RJ";"UOP02-DEL03-RJ"
661803;2025-02-16;"domingo";"18:10:00";"MT";163;854;"SINOP";"Ultrapassagem Indevida";"Colisão frontal";"Com Vítimas Feridas";"Plena Noite";"Decrescente";"Nublado";"Simples";"Reta;Declive";"Não";2;0;0;1;1;0;1;2;-11,69719222;-55,45255965;"SPRF-MT";"DEL06-MT";"UOP02-DEL06-MT"
661804;2025-02-16;"domingo";"18:10:00";"BA";367;57;"PORTO SEGURO";"Reação tardia ou ineficiente do condutor";"Colisão traseira";"Sem Vítimas";"Plena Noite";"Crescente";"Céu Claro";"Simples";"Reta;Aclive";"Não";2;0;0;0;2;0;0;2;-16,38873974;-39,35713702;"SPRF-BA";"DEL09-BA";"UOP03-DEL09-BA"
661805;2025-02-16;"domingo";"17:00:00";"RJ";40;64;"PETROPOLIS";"Ingestão de álcool pelo condutor";"Saída de leito carroçável";"Com Vítimas Feridas";"Pleno dia";"Crescente";"Céu Claro";"Dupla";"Curva";"Não";2;0;2;0;0;0;2;1;-22,420418;-43,155285;"SPRF-RJ";"DEL05-RJ";"UOP02-DEL05-RJ"
661807;2025-02-16;"domingo";"20:00:00";"PR";277;727;"FOZ DO IGUACU";"Ausência de reação do condutor";"Tombamento";"Com Vítimas Feridas";"Plena Noite";"Crescente";"Céu Claro";"Simples";"Viaduto;Curva;Declive";"Sim";1;0;1;0;0;0;1;1;-25,51017487;-54,56454899;"SPRF-PR";"DEL05-PR";"UOP03-DEL05-PR"
661808;2025-02-16;"domingo";"12:00:00";"MG";262;71,5;"MATIPO";"Ausência de reação do condutor";"Colisão transversal";"Com Vítimas Feridas";"Pleno dia";"Decrescente";"Céu Claro";"Simples";"Curva";"Não";2;0;0;1;0;1;1;2;-20,31089376;-42,30556201;"SPRF-MG";"DEL06-MG";"UOP03-DEL06-MG"
661809;2025-02-16;"domingo";"19:20:00";"AP";156;800;"OIAPOQUE";"Retorno proibido";"Colisão transversal";"Com Vítimas Feridas";"Plena Noite";"Crescente";"Chuva";"Simples";"Reta";"Sim";2;0;1;0;1;0;1;2;3,84044007;-51,82201087;"SPRF-AP";"DEL01-AP";"UOP03-DEL01-AP"
661810;2025-02-16;"domingo";"17:28:00";"MG";116;174,5;"PADRE PARAISO";"Reação tardia ou ineficiente do condutor";"Saída de leito carroçável";"Com Vítimas Feridas";"Anoitecer";"Decrescente";"Céu Claro";"Simples";"Reta";"Não";2;0;0;1;1;0;1;1;-17,052754;-41,459178;"SPRF-MG";"DEL11-MG";"UOP02-DEL11-MG"