"id";"data_inversa";"dia_semana";"horario";"uf";"br";"km";"municipio";"causa_acidente";"tipo_acidente";"classificacao_acidente";"fase_dia";"sentido_via";"condicao_metereologica";"tipo_pista";"tracado_via";"uso_solo";"pessoas";"mortos";"feridos_leves";"feridos_graves";"ilesos";"ignorados";"feridos";"veiculos";"latitude";"longitude";"regional";"delegacia";"uop"
661811;2025-02-16;"domingo";"20:10:00";"MG";381;449;"SANTA LUZIA";"Demais falhas mecânicas ou elétricas";"Incêndio";"Sem Vítimas";"Plena Noite";"Crescente";"Céu Claro";"Dupla";"Reta;Declive";"Sim";1;0;0;0;1;0;0;1;-19,84164036;-43,86232683;"SPRF-MG";"DEL01-MG";"UOP01-DEL01-MG"
661812;2025-02-16;"domingo";"19:45:00";"PB";104;113,9;"LAGOA SECA";"Reação tardia ou ineficiente do condutor";"Atropelamento de Pedestre";"Com Vítimas Feridas";"Plena Noite";"Decrescente";"Céu Claro";"Simples";"Reta;Interseção de Vias";"Sim";2;0;0;1;0;1;1;2;-7,172018;-35,85983397;"SPRF-PB";"DEL02-PB";"UOP04-DEL02-PB"
661813;2025-02-16;"domingo";"19:00:00";"RS";386;238,3;"SOLEDADE";"Ingestão de álcool pelo condutor";"Colisão com objeto";"Com Vítimas Feridas";"Anoitecer";"Crescente";"Nublado";"Simples";"Aclive;Reta";"Não";5;0;4;1;0;0;5;1;-28,752241;-52,54018;"SPRF-RS";"DEL04-RS";"UOP03-DEL04-RS"
661814;2025-02-16;"domingo";"16:30:00";"SC";470;105,9;"APIUNA";"Velocidade Incompatível";"Saída de leito carroçável";"Com Vítimas Feridas";"Pleno dia";"Decrescente";"Céu Claro";"Simples";"Curva";"Não";1;0;0;1;0;0;1;1;-27,066006;-49,417019;"SPRF-SC";"DEL04-SC";"UOP02-DEL04-SC"
661817;2025-02-16;"domingo";"20:29:00";"DF";80;9,5;"BRASILIA";"Acessar a via sem observar a presença dos outros veículos";"Colisão transversal";"Com Vítimas Feridas";"Plena Noite";"Crescente";"Nublado";"Simples";"Reta";"Não";4;0;2;0;2;0;2;2;-15,731064;-48,159393;"SPRF-DF";"DEL03-DF";"UOP02-DEL03-DF"
661820;2025-02-16;"domingo";"20:30:00";"RJ";101;410;"ITAGUAI";"Manobra de mudança de faixa";"Colisão lateral mesmo sentido";"Com Vítimas Feridas";"Pleno dia";"Decrescente";"Céu Claro";"Múltipla";"Reta";"Não";3;0;1;0;2;0;1;1;-22,88990471;-43,84007225;"SPRF-RJ";"DEL03-RJ";"UOP01-DEL03-RJ"
661821;2025-02-16;"domingo";"19:00:00";"SC";153;109,8;"CONCORDIA";"Ausência de reação do condutor";"Saída de leito carroçável";"Com Vítimas Feridas";"Plena Noite";"Crescente";"Céu Claro";"Simples";"Curva";"Não";1;0;0;1;0;0;1;1;-27,308092;-51,980938;"SPRF-SC";"DEL07-SC";"UOP04-DEL07-SC"
661822;2025-02-16;"domingo";"20:00:00";"RJ";101;429;"MANGARATIBA";"Desrespeitar a preferência no cruzamento";"Colisão frontal";"Com Vítimas Feridas";"Plena Noite";"Crescente";"Céu Claro";"Simples";"Interseção de Vias";"Não";2;0;1;0;1;0;1;2;-22,935335;-44,0004;"SPRF-RJ";"DEL03-RJ";"UOP02-DEL03-RJ"
661824;2025-02-16;"domingo";"19:50:00";"PI";316;301;"PICOS";"Ausência de reação do condutor";"Tombamento";"Com Vítimas Feridas";"Plena Noite";"Crescente";"Céu Claro";"Simples";"Reta";"Sim";1;0;1;0;0;0;1;1;-7,0471911;-41,53905107;"SPRF-PI";"DEL04-PI";"UOP01-DEL04-PI"
661825;2025-02-16;"domingo";"20:20:00";"MG";116;210;"CATUJI";"Pedestre andava na pista";"Atropelamento de Pedestre";"Com Vítimas Feridas";"Plena Noite";"Crescente";"Céu Claro";"Simples";"Reta;Aclive";"Não";2;0;0;1;0;1;1;2;-17,324643;-41,525552;"SPRF-MG";"DEL11-MG";"UOP01-DEL11-MG"
661826;2025-02-16;"domingo";"20:00:00";"RS";158;263,6;"JULIO DE CASTILHOS";"Ingestão de álcool pelo condutor";"Colisão traseira";"Com Vítimas Feridas";"Plena Noite";"Crescente";"Nublado";"Simples";"Reta";"Sim";3;0;1;0;2;0;1;2;-29,22989896;-53,66607575;"SPRF-RS";"DEL10-RS";"UOP02-DEL10-RS"
661827;2025-02-16;"domingo";"18:15:00";"RJ";101;442;"MANGARATIBA";"Ausência de reação do condutor";"Queda de ocupante de veículo";"Com Vítimas Feridas";"Anoitecer";"Decrescente";"Céu Claro";"Simples";"Curva;Declive";"Não";2;0;2;0;0;0;2;1;-22,973969;-44,087093;"SPRF-RJ";"DEL03-RJ";"UOP02-DEL03-RJ"
661830;2025-02-16;"domingo";"19:15:00";"RJ";101;428;"MANGARATIBA";"Acessar a via sem observar a presença dos outros veículos";"Colisão transversal";"Com Vítimas Feridas";"Plena Noite";"Decrescente";"Céu Claro";"Dupla";"Reta;Interseção de Vias";"Não";2;0;1;0;1;0;1;2;-22,93391858;-43,9899979;"SPRF-RJ";"DEL03-RJ";"UOP02-DEL03-RJ"
661831;2025-02-16;"domingo";"18:55:00";"AL";316;149,7;"PALMEIRA DOS INDIOS";"Ingestão de álcool pelo condutor";"Colisão lateral sentido oposto";"Com Vítimas Feridas";"Plena Noite";"Decrescente";"Céu Claro";"Simples";"Reta";"Não";4;0;1;2;1;0;3;3;-9,41201539;-36,68062126;"SPRF-AL";"DEL03-AL";"UOP01-DEL03-AL"
661832;2025-02-16;"domingo";"19:40:00";"MG";459;20,9;"CALDAS";"Animais na Pista";"Atropelamento de Animal";"Com Vítimas Feridas";"Plena Noite";"Decrescente";"Céu Claro";"Simples";"Reta";"Não";2;0;1;0;1;0;1;1;-21,865588;-46,421315;"SPRF-MG";"DEL09-MG";"UOP01-DEL09-MG"
661833;2025-02-16;"domingo";"21:30:00";"GO";70;190;"ITABERAI";"Animais na Pista";"Atropelamento de Animal";"Com Vítimas Feridas";"Plena Noite";"Decrescente";"Céu Claro";"Simples";"Reta";"Não";6;0;4;0;1;1;4;4;-16,02728705;-49,77876993;"SPRF-GO";"DEL02-GO";"UOP02-DEL02-GO"
661834;2025-02-16;"domingo";"21:15:00";"SP";116;224;"GUARULHOS";"Condutor deixou de manter distância do veículo da frente";"Colisão traseira";"Com Vítimas Feridas";"Plena Noite";"Crescente";"Céu Claro";"Múltipla";"Reta;Em Obras";"Sim";3;0;1;0;0;2;1;2;-23,48071896;-46,53271603;"SPRF-SP";"DEL01-SP";"UOP01-DEL01-SP"
661835;2025-02-16;"domingo";"21:00:00";"PR";277;130,8;"CAMPO LARGO";"Iluminação deficiente";"Atropelamento de Pedestre";"Com Vítimas Fatais";"Plena Noite";"Crescente";"Nublado";"Dupla";"Reta";"Não";2;1;0;0;1;0;0;2;-25,4499;-49,5829;"SPRF-PR";"DEL03-PR";"UOP03-DEL03-PR"
661837;2025-02-16;"domingo";"21:00:00";"MA";316;153,2;"NOVA OLINDA DO MARANHAO";"Animais na Pista";"Atropelamento de Animal";"Com Vítimas Feridas";"Plena Noite";"Decrescente";"Céu Claro";"Simples";"Reta";"Não";1;0;0;1;0;0;1;1;-2,878067;-45,685135;"SPRF-MA";"DEL02-MA";"UOP02-DEL02-MA"
661838;2025-02-16;"domingo";"20:25:00";"RO";364;708,1;"PORTO VELHO";"Demais falhas na via";"Colisão com objeto";"Com Vítimas Feridas";"Plena Noite";"Decrescente";"Céu Claro";"Simples";"Reta";"Sim";1;0;0;1;0;0;1;1;-8,79554083;-63,84072487;"SPRF-RO";"DEL01-RO";"UOP01-DEL01-RO"
661839;2025-02-16;"domingo";"21:50:00";"MG";381;588;"CARMOPOLIS DE MINAS";"Velocidade Incompatível";"Saída de leito carroçável";"Com Vítimas Feridas";"Plena Noite";"Crescente";"Céu Claro";"Dupla";"Reta";"Sim";1;0;1;0;0;0;1;1;-20,53539883;-44,64054108;"SPRF-MG";"DEL04-MG";"UOP01-DEL04-MG"
661840;2025-02-16;"domingo";"20:55:00";"SC";101;158;"PORTO BELO";"Acessar a via sem observar a presença dos outros veículos";"Colisão lateral mesmo sentido";"Com Vítimas Feridas";"Plena Noite";"Decrescente";"Nublado";"Dupla";"Reta";"Não";2;0;1;0;1;0;1;2;-27,19096301;-48,61259017;"SPRF-SC";"DEL04-SC";"UOP03-DEL04-SC"
661841;2025-02-16;"domingo";"21:10:00";"RJ";40;123;"DUQUE DE CAXIAS";"Demais falhas mecânicas ou elétricas";"Incêndio";"Sem Vítimas";"Plena Noite";"Crescente";"Céu Claro";"Dupla";"Reta";"Sim";1;0;0;0;1;0;0;1;-22,79907687;-43,29015739;"SPRF-RJ";"DEL01-RJ";"UOP02-DEL01-RJ"
661842;2025-02-16;"domingo";"20:00:00";"SC";470;0,2;"GASPAR";"Condutor deixou de manter distância do veículo da frente";"Colisão traseira";"Com Vítimas Feridas";"Plena Noite";"Decrescente";"Céu Claro";"Simples";"Reta";"Não";2;0;1;0;1;0;1;2;-26,93187;-48,959316;"SPRF-SC";"DEL04-SC";"UOP01-DEL04-SC"
661844;2025-02-16;"domingo";"21:15:00";"RS";290;10;"OSORIO";"Demais Fenômenos da natureza";"Colisão com objeto";"Com Vítimas Feridas";"Plena Noite";"Crescente";"Chuva";"Dupla";"Reta";"Não";5;0;1;0;4;0;1;1;-29,891388;-50,373714;"SPRF-RS";"DEL03-RS";"UOP01-DEL03-RS"
661845;2025-02-16;"domingo";"18:00:00";"PA";230;11;"ALTAMIRA";"Reação tardia ou ineficiente do condutor";"Saída de leito carroçável";"Com Vítimas Feridas";"Pleno dia";"Decrescente";"Céu Claro";"Simples";"Declive";"Sim";2;0;1;0;0;1;1;1;-3,203721;-52,206787;"SPRF-PA";"DEL04-PA";"UOP01-DEL04-PA"
661846;2025-02-16;"domingo";"20:25:00";"PA";230;11;"ALTAMIRA";"Condutor deixou de manter distância do veículo da frente";"Colisão traseira";"Com Vítimas Feridas";"Plena Noite";"Decrescente";"Céu Claro";"Simples";"Ponte;Reta";"Sim";3;0;3;0;0;0;3;2;-3,203721;-52,206787;"SPRF-PA";"DEL04-PA";"UOP01-DEL04-PA"
661847;2025-02-16;"domingo";"21:44:00";"SP";116;276;"EMBU DAS ARTES";"Acessar a via sem observar a presença dos outros veículos";"Colisão traseira";"Com Vítimas Feridas";"Plena Noite";"Decrescente";"Céu Claro";"Dupla";"Reta";"Sim";2;0;1;0;1;0;1;2;-23,64262417;-46,83811382;"SPRF-SP";"DEL04-SP";"UOP01-DEL04-SP"
661848;2025-02-16;"domingo";"22:00:00";"RS";290;10;"OSORIO";"Chuva";"Colisão com objeto";"Sem Vítimas";"Plena Noite";"Crescente";"Chuva";"Dupla";"Reta";"Não";2;0;0;0;2;0;0;1;-29,891388;-50,373714;"SPRF-RS";"DEL03-RS";"UOP01-DEL03-RS"
661849;2025-02-16;"domingo";"19:30:00";"SC";470;38,9;"GASPAR";"Demais falhas mecânicas ou elétricas";"Tombamento";"Com Vítimas Feridas";"Plena Noite";"Crescente";"Nevoeiro/Neblina";"Dupla";"Reta";"Não";2;0;2;0;0;0;2;1;-26,904108;-48,980164;"SPRF-SC";"DEL04-SC";"UOP01-DEL04-SC"
661850;2025-02-16;"domingo";"21:20:00";"PI";316;308;"PICOS";"Ausência de sinalização";"Tombamento";"Com Vítimas Feridas";"Plena Noite";"Crescente";"Nublado";"Simples";"Reta;Em Obras";"Sim";1;0;1;0;0;0;1;1;-7,07773683;-41,492757;"SPRF-PI";"DEL04-PI";"UOP01-DEL04-PI"
661851;2025-02-16;"domingo";"18:00:00";"MT";163;858;"SINOP";"Ultrapassagem Indevida";"Queda de ocupante de veículo";"Com Vítimas Feridas";"Plena Noite";"Decrescente";"Nublado";"Simples";"Reta";"Não";2;0;1;0;1;0;1;1;-11,78595405;-55,47563583;"SPRF-MT";"DEL06-MT";"UOP02-DEL06-MT"
661852;2025-02-16;"domingo";"19:40:00";"SC";470;54;"BLUMENAU";"Acumulo de areia ou detritos sobre o pavimento";"Queda de ocupante de veículo";"Com Vítimas Feridas";"Plena Noite";"Decrescente";"Céu Claro";"Simples";"Reta;Em Obras";"Sim";1;0;1;0;0;0;1;1;-26,871065;-49,110374;"SPRF-SC";"DEL04-SC";"UOP01-DEL04-SC"
661853;2025-02-16;"domingo";"22:15:00";"PR";277;690;"SAO MIGUEL DO IGUACU";"Condutor deixou de manter distância do veículo da frente";"Colisão traseira";"Com Vítimas Feridas";"Plena Noite";"Crescente";"Céu Claro";"Dupla";"Reta";"Sim";4;0;2;0;2;0;2;2;-25,3582673;-54,24527283;"SPRF-PR";"DEL05-PR";"UOP01-DEL05-PR"
661854;2025-02-16;"domingo";"22:15:00";"MG";381;478;"CONTAGEM";"Ausência de reação do condutor";"Colisão lateral mesmo sentido";"Com Vítimas Feridas";"Plena Noite";"Decrescente";"Céu Claro";"Dupla";"Reta";"Sim";2;0;1;0;1;0;1;2;-19,95889605;-44,069202;"SPRF-MG";"DEL01-MG";"UOP03-DEL01-MG"
661855;2025-02-16;"domingo";"17:45:00";"RS";285;586,4;"BOSSOROCA";"Ausência de reação do condutor";"Saída de leito carroçável";"Com Vítimas Feridas";"Pleno dia";"Decrescente";"Céu Claro";"Simples";"Reta;Declive";"Não";5;0;4;1;0;0;5;1;-28,465528;-55,144348;"SPRF-RS";"DEL12-RS";"UOP01-DEL12-RS"
661857;2025-02-16;"domingo";"19:50:00";"RJ";465;18;"NOVA IGUACU";"Ausência de reação do condutor";"Atropelamento de Pedestre";"Com Vítimas Fatais";"Plena Noite";"Decrescente";"Céu Claro";"Simples";"Reta";"Sim";2;1;0;0;0;1;0;2;-22,831354;-43,615128;"SPRF-RJ";"DEL06-RJ";"UOP02-DEL06-RJ"
661859;2025-02-16;"domingo";"22:40:00";"RS";101;70;"OSORIO";"Reação tardia ou ineficiente do condutor";"Saída de leito carroçável";"Com Vítimas Feridas";"Plena Noite";"Decrescente";"Chuva";"Dupla";"Reta";"Não";1;0;1;0;0;0;1;1;-29,759604;-50,21723;"SPRF-RS";"DEL03-RS";"UOP01-DEL03-RS"
661860;2025-02-16;"domingo";"21:15:00";"RS";392;87,9;"PELOTAS";"Ausência de reação do condutor";"Queda de ocupante de veículo";"Com Vítimas Feridas";"Plena Noite";"Crescente";"Chuva";"Simples";"Reta;Aclive";"Não";1;0;1;0;0;0;1;1;-31,62766;-52,499901;"SPRF-RS";"DEL07-RS";"UOP01-DEL07-RS"
661861;2025-02-16;"domingo";"21:00:00";"PE";232;323;"CUSTODIA";"Ausência de reação do condutor";"Tombamento";"Com Vítimas Feridas";"Plena Noite";"Crescente";"Céu Claro";"Simples";"Reta";"Não";3;0;1;2;0;0;3;1;-8,10292403;-37,56281303;"SPRF-PE";"DEL04-PE";"UOP02-DEL04-PE"
661862;2025-02-16;"domingo";"20:45:00";"RS";153;392;"CACHOEIRA DO SUL";"Ingestão de álcool pelo condutor";"Saída de leito carroçável";"Com Vítimas Feridas";"Plena Noite";"Decrescente";"Chuva";"Simples";"Reta";"Não";1;0;0;1;0;0;1;1;-29,94553374;-52,95022748;"SPRF-RS";"DEL02-RS";"UOP03-DEL02-RS"
661863;2025-02-16;"domingo";"17:10:00";"RS";290;293;"CACHOEIRA DO SUL";"Pista Escorregadia";"Queda de ocupante de veículo";"Com Vítimas Feridas";"Anoitecer";"Crescente";"Chuva";"Simples";"Reta";"Não";1;0;1;0;0;0;1;1;-30,290976;-53,145485;"SPRF-RS";"DEL02-RS";"UOP03-DEL02-RS"
661864;2025-02-16;"domingo";"23:15:00";"SP";116;63;"GUARATINGUETA";"Reação tardia ou ineficiente do condutor";"Colisão lateral mesmo sentido";"Com Vítimas Feridas";"Plena Noite";"Crescente";"Céu Claro";"Dupla";"Curva";"Sim";1;0;1;0;0;0;1;1;-22,81269631;-45,1780086;"SPRF-SP";"DEL08-SP";"UOP01-DEL08-SP"
661865;2025-02-16;"domingo";"23:17:00";"MA";135;20;"SAO LUIS";"Reação tardia ou ineficiente do condutor";"Colisão traseira";"Sem Vítimas";"Plena Noite";"Decrescente";"Céu Claro";"Dupla";"Reta";"Sim";5;0;0;0;5;0;0;2;-2,73143875;-44,33163334;"SPRF-MA";"DEL01-MA";"UOP01-DEL01-MA"
661868;2025-02-17;"segunda-feira";"00:00:00";"SP";381;86;"SAO PAULO";"Curva acentuada";"Colisão frontal";"Com Vítimas Feridas";"Plena Noite";"Decrescente";"Céu Claro";"Múltipla";"Curva;Interseção de Vias";"Sim";4;0;1;0;3;0;1;2;-23,45930499;-46,57161179;"SPRF-SP";"DEL03-SP";"UOP01-DEL03-SP"
661869;2025-02-16;"domingo";"21:20:00";"PR";277;196;"PALMEIRA";"Ingestão de álcool pelo condutor";"Colisão traseira";"Com Vítimas Fatais";"Plena Noite";"Crescente";"Céu Claro";"Simples";"Reta;Declive";"Não";3;1;1;0;1;0;1;2;-25,442989;-50,178481;"SPRF-PR";"DEL08-PR";"UOP02-DEL08-PR"
661870;2025-02-17;"segunda-feira";"00:30:00";"RS";290;720;"URUGUAIANA";"Ausência de reação do condutor";"Queda de ocupante de veículo";"Sem Vítimas";"Plena Noite";"Decrescente";"Chuva";"Simples";"Rotatória";"Não";1;0;0;0;0;1;0;1;-29,766502;-57,058228;"SPRF-RS";"DEL13-RS";"UOP01-DEL13-RS"
661871;2025-02-17;"segunda-feira";"00:50:00";"PA";230;108;"SAO JOAO DO ARAGUAIA";"Reação tardia ou ineficiente do condutor";"Tombamento";"Com Vítimas Fatais";"Plena Noite";"Decrescente";"Nublado";"Simples";"Ponte;Reta";"Não";1;1;0;0;0;0;0;1;-5,37733431;-49,01367307;"SPRF-PA";"DEL03-PA";"UOP01-DEL03-PA"
661872;2025-02-16;"domingo";"23:30:00";"MG";50;123,5;"UBERABA";"Condutor Dormindo";"Saída de leito carroçável";"Com Vítimas Feridas";"Plena Noite";"Crescente";"Nublado";"Dupla";"Reta";"Não";1;0;1;0;0;0;1;1;-19,33326318;-48,09913641;"SPRF-MG";"DEL13-MG";"UOP01-DEL13-MG"
661874;2025-02-16;"domingo";"23:20:00";"MG";116;529,2;"CARATINGA";"Condutor Dormindo";"Saída de leito carroçável";"Com Vítimas Feridas";"Pleno dia";"Crescente";"Céu Claro";"Simples";"Reta";"Não";1;0;1;0;0;0;1;1;-19,80209596;-42,13678193;"SPRF-MG";"DEL06-MG";"UOP02-DEL06-MG"
661875;2025-02-16;"domingo";"19:00:00";"PI";343;304,7;"ALTOS";"Ausência de reação do condutor";"Colisão lateral mesmo sentido";"Sem Vítimas";"Plena Noite";"Crescente";"Céu Claro";"Simples";"Reta";"Sim";2;0;0;0;1;1;0;2;-5,028232;-42,437134;"SPRF-PI";"DEL01-PI";"UOP01-DEL01-PI"
661876;2025-02-16;"domingo";"23:26:00";"MG";262;33,7;"MANHUACU";"Ingestão de álcool pelo condutor";"Saída de leito carroçável";"Com Vítimas Fatais";"Plena Noite";"Decrescente";"Céu Claro";"Simples";"Curva;Aclive";"Sim";2;1;0;1;0;0;1;1;-20,25550548;-42,00465315;"SPRF-MG";"DEL06-MG";"UOP03-DEL06-MG"
661877;2025-02-17;"segunda-feira";"00:35:00";"RS";158;305,3;"ITAARA";"Ingestão de álcool pelo condutor";"Saída de leito carroçável";"Com Vítimas Feridas";"Plena Noite";"Crescente";"Chuva";"Simples";"Reta";"Não";1;0;1;0;0;0;1;1;-29,56057803;-53,76412894;"SPRF-RS";"DEL09-RS";"UOP01-DEL09-RS"
661878;2025-02-17;"segunda-feira";"00:10:00";"MT";364;233;"RONDONOPOLIS";"Reação tardia ou ineficiente do condutor";"Saída de leito carroçável";"Com Vítimas Feridas";"Plena Noite";"Crescente";"Céu Claro";"Dupla";"Declive;Reta";"Não";4;0;1;1;2;0;2;1;-16,23998594;-54,78133861;"SPRF-MT";"DEL02-MT";"UOP01-DEL02-MT"
661879;2025-02-16;"domingo";"20:20:00";"RJ";101;142;"MACAE";"Condutor deixou de manter distância do veículo da frente";"Colisão traseira";"Com Vítimas Feridas";"Plena Noite";"Crescente";"Céu Claro";"Dupla";"Reta";"Não";3;0;0;1;2;0;1;2;-22,19679792;-41,74866733;"SPRF-RJ";"DEL08-RJ";"UOP04-DEL08-RJ"
661880;2025-02-17;"segunda-feira";"01:20:00";"RJ";101;322;"NITEROI";"Condutor Dormindo";"Colisão com objeto";"Sem Vítimas";"Pleno dia";"Decrescente";"Céu Claro";"Dupla";"Curva";"Sim";1;0;0;0;1;0;0;1;-22,878923;-43,110676;"SPRF-RJ";"DEL02-RJ";"UOP01-DEL02-RJ"
661881;2025-02-17;"segunda-feira";"03:25:00";"SC";470;57;"BLUMENAU";"Mal súbito do condutor";"Tombamento";"Com Vítimas Fatais";"Plena Noite";"Decrescente";"Nublado";"Múltipla";"Reta;Em Obras";"Sim";1;1;0;0;0;0;0;1;-26,88061921;-49,13689435;"SPRF-SC";"DEL04-SC";"UOP01-DEL04-SC"
661886;2025-02-17;"segunda-feira";"04:00:00";"BA";415;30;"ILHEUS";"Ausência de reação do condutor";"Colisão com objeto";"Com Vítimas Feridas";"Plena Noite";"Decrescente";"Ignorado";"Dupla";"Ponte";"Sim";6;0;5;0;1;0;5;1;-14,785607;-39,225396;"SPRF-BA";"DEL05-BA";"UOP01-DEL05-BA"
661887;2025-02-17;"segunda-feira";"05:20:00";"MG";40;546;"NOVA LIMA";"Velocidade Incompatível";"Saída de leito carroçável";"Sem Vítimas";"Plena Noite";"Crescente";"Céu Claro";"Dupla";"Curva";"Não";1;0;0;0;0;1;0;1;-20,01599544;-43,8664922;"SPRF-MG";"DEL01-MG";"UOP02-DEL01-MG"
661888;2025-02-17;"segunda-feira";"01:30:00";"PA";10;318;"IRITUIA";"Condutor Dormindo";"Saída de leito carroçável";"Com Vítimas Feridas";"Plena Noite";"Decrescente";"Nublado";"Simples";"Curva";"Não";1;0;0;1;0;0;1;1;-1,65093714;-47,49023165;"SPRF-PA";"DEL01-PA";"UOP02-DEL01-PA"
661892;2025-02-17;"segunda-feira";"04:47:00";"PE";428;189;"PETROLINA";"Ausência de reação do condutor";"Saída de leito carroçável";"Com Vítimas Fatais";"Amanhecer";"Crescente";"Céu Claro";"Simples";"Reta";"Sim";1;1;0;0;0;0;0;1;-9,37641637;-40,4965421;"SPRF-PE";"DEL06-PE";"UOP01-DEL06-PE"
661893;2025-02-17;"segunda-feira";"03:00:00";"MG";262;799;"UBERABA";"Ausência de reação do condutor";"Saída de leito carroçável";"Com Vítimas Feridas";"Plena Noite";"Decrescente";"Céu Claro";"Simples";"Reta";"Não";1;0;0;1;0;0;1;1;-19,77864246;-47,93629597;"SPRF-MG";"DEL13-MG";"UOP01-DEL13-MG"
661896;2025-02-17;"segunda-feira";"06:40:00";"SC";101;194,2;"BIGUACU";"Reação tardia ou ineficiente do condutor";"Tombamento";"Com Vítimas Feridas";"Pleno dia";"Decrescente";"Chuva";"Dupla";"Reta";"Sim";1;0;1;0;0;0;1;1;-27,49815117;-48,65661236;"SPRF-SC";"DEL01-SC";"UOP01-DEL01-SC"
661897;2025-02-17;"segunda-feira";"06:30:00";"PB";101;89,4;"JOAO PESSOA";"Manobra de mudança de faixa";"Colisão lateral mesmo sentido";"Com Vítimas Feridas";"Pleno dia";"Crescente";"Céu Claro";"Dupla";"Retorno Regulamentado";"Sim";2;0;1;0;1;0;1;2;-7,1710694;-34,89765372;"SPRF-PB";"DEL01-PB";"UOP01-DEL01-PB"
661898;2025-02-17;"segunda-feira";"07:00:00";"RJ";116;186;"NOVA IGUACU";"Manobra de mudança de faixa";"Colisão lateral mesmo sentido";"Com Vítimas Feridas";"Amanhecer";"Decrescente";"Céu Claro";"Dupla";"Reta";"Não";3;0;1;1;1;0;2;2;-22,73962339;-43,46276495;"SPRF-RJ";"DEL06-RJ";"UOP01-DEL06-RJ"
661899;2025-02-16;"domingo";"16:30:00";"SC";470;122,7;"IBIRAMA";"Velocidade Incompatível";"Saída de leito carroçável";"Com Vítimas Feridas";"Pleno dia";"Decrescente";"Nublado";"Simples";"Curva;Declive";"Não";2;0;2;0;0;0;2;1;-27,10629422;-49,52162596;"SPRF-SC";"DEL04-SC";"UOP02-DEL04-SC"
661900;2025-02-16;"domingo";"23:30:00";"SP";101;20,9;"UBATUBA";"Velocidade Incompatível";"Colisão com objeto";"Sem Vítimas";"Plena Noite";"Crescente";"Nublado";"Simples";"Reta";"Não";1;0;0;0;0;1;0;1;-23,32846069;-44,91369021;"SPRF-SP";"DEL06-SP";"UOP01-DEL06-SP"
661901;2025-02-17;"segunda-feira";"01:00:00";"SC";470;150,2;"AGRONOMICA";"Velocidade Incompatível";"Colisão lateral sentido oposto";"Sem Vítimas";"Plena Noite";"Decrescente";"Nublado";"Simples";"Reta";"Não";2;0;0;0;0;2;0;2;-27,26150994;-49,72099196;"SPRF-SC";"DEL04-SC";"UOP02-DEL04-SC"
661902;2025-02-17;"segunda-feira";"06:40:00";"MG";365;626;"UBERLANDIA";"Acessar a via sem observar a presença dos outros veículos";"Colisão lateral mesmo sentido";"Com Vítimas Feridas";"Pleno dia";"Crescente";"Céu Claro";"Dupla";"Viaduto";"Sim";2;0;1;0;0;1;1;2;-18,90659356;-48,33469405;"SPRF-MG";"DEL15-MG";"UOP01-DEL15-MG"
661903;2025-02-17;"segunda-feira";"07:15:00";"RS";471;464,1;"RIO GRANDE";"Condutor deixou de manter distância do veículo da frente";"Colisão traseira";"Com Vítimas Feridas";"Pleno dia";"Crescente";"Céu Claro";"Simples";"Reta";"Não";2;0;2;0;0;0;2;2;-32,095284;-52,31464;"SPRF-RS";"DEL07-RS";"UOP02-DEL07-RS"
661904;2025-02-17;"segunda-feira";"07:20:00";"PB";230;27,4;"JOAO PESSOA";"Ausência de reação do condutor";"Colisão traseira";"Sem Vítimas";"Pleno dia";"Crescente";"Céu Claro";"Dupla";"Reta";"Não";2;0;0;0;2;0;0;2;-7,1677;-34,8855;"SPRF-PB";"DEL01-PB";"UOP01-DEL01-PB"
661905;2025-02-17;"segunda-feira";"07:20:00";"SC";101;200;"SAO JOSE";"Chuva";"Tombamento";"Com Vítimas Feridas";"Pleno dia";"Decrescente";"Chuva";"Múltipla";"Reta";"Sim";1;0;1;0;0;0;1;1;-27,54018513;-48,62287714;"SPRF-SC";"DEL01-SC";"UOP01-DEL01-SC"
661906;2025-02-17;"segunda-feira";"07:20:00";"RS";116;239;"NOVO HAMBURGO";"Falta de acostamento";"Colisão traseira";"Com Vítimas Feridas";"Pleno dia";"Decrescente";"Nublado";"Dupla";"Reta";"Sim";2;0;1;0;1;0;1;2;-29,6961491;-51,14455767;"SPRF-RS";"DEL01-RS";"UOP02-DEL01-RS"
661907;2025-02-17;"segunda-feira";"07:05:00";"PR";153;24,6;"JACAREZINHO";"Acessar a via sem observar a presença dos outros veículos";"Colisão transversal";"Com Vítimas Feridas";"Amanhecer";"Crescente";"Céu Claro";"Simples";"Interseção de Vias";"Não";2;0;1;1;0;0;2;2;-23,18945231;-49,98588324;"SPRF-PR";"DEL07-PR";"UOP04-DEL07-PR"
661909;2025-02-17;"segunda-feira";"06:35:00";"RN";101;106;"PARNAMIRIM";"Condutor deixou de manter distância do veículo da frente";"Colisão traseira";"Sem Vítimas";"Pleno dia";"Decrescente";"Céu Claro";"Dupla";"Viaduto";"Sim";2;0;0;0;2;0;0;2;-5,91056401;-35,26130795;"SPRF-RN";"DEL01-RN";"UOP01-DEL01-RN"
661910;2025-02-17;"segunda-feira";"06:20:00";"RN";101;75;"NATAL";"Condutor deixou de manter distância do veículo da frente";"Colisão traseira";"Com Vítimas Feridas";"Pleno dia";"Crescente";"Céu Claro";"Simples";"Reta";"Não";4;0;3;0;1;0;3;3;-5,721906;-35,27672;"SPRF-RN";"DEL02-RN";"UOP01-DEL02-RN"