"id";"data_inversa";"dia_semana";"horario";"uf";"br";"km";"municipio";"causa_acidente";"tipo_acidente";"classificacao_acidente";"fase_dia";"sentido_via";"condicao_metereologica";"tipo_pista";"tracado_via";"uso_solo";"pessoas";"mortos";"feridos_leves";"feridos_graves";"ilesos";"ignorados";"feridos";"veiculos";"latitude";"longitude";"regional";"delegacia";"uop"
662165;2025-02-18;"terça-feira";"10:15:00";"PR";163;209,4;"CASCAVEL";"Chuva";"Saída de leito carroçável";"Com Vítimas Feridas";"Pleno dia";"Crescente";"Chuva";"Dupla";"Reta";"Não";1;0;1;0;0;0;1;1;-24,952593;-53,54008898;"SPRF-PR";"DEL05-PR";"UOP05-DEL05-PR"
662167;2025-02-18;"terça-feira";"11:30:00";"SC";101;153;"PORTO BELO";"Reação tardia ou ineficiente do condutor";"Tombamento";"Com Vítimas Feridas";"Pleno dia";"Decrescente";"Nublado";"Múltipla";"Retorno Regulamentado;Reta";"Não";1;0;1;0;0;0;1;1;-27,14429415;-48,61032844;"SPRF-SC";"DEL04-SC";"UOP03-DEL04-SC"
662169;2025-02-18;"terça-feira";"08:35:00";"SC";101;194;"BIGUACU";"Acessar a via sem observar a presença dos outros veículos";"Colisão traseira";"Com Vítimas Feridas";"Pleno dia";"Crescente";"Céu Claro";"Múltipla";"Reta";"Sim";2;0;1;0;1;0;1;2;-27,49815117;-48,65661236;"SPRF-SC";"DEL01-SC";"UOP01-DEL01-SC"
662171;2025-02-18;"terça-feira";"12:00:00";"RS";116;115,6;"SAO MARCOS";"Reação tardia ou ineficiente do condutor";"Atropelamento de Pedestre";"Sem Vítimas";"Pleno dia";"Decrescente";"Nublado";"Dupla";"Interseção de Vias;Rotatória";"Sim";3;0;0;0;3;0;0;2;-28,9712;-51,072197;"SPRF-RS";"DEL05-RS";"UOP01-DEL05-RS"
662174;2025-01-15;"quarta-feira";"16:20:00";"PR";163;343;"GUAIRA";"Acessar a via sem observar a presença dos outros veículos";"Colisão transversal";"Com Vítimas Feridas";"Pleno dia";"Crescente";"Céu Claro";"Simples";"Reta;Retorno Regulamentado";"Não";2;0;0;1;1;0;1;2;-24,21375699;-54,19958751;"SPRF-PR";"DEL06-PR";"UOP01-DEL06-PR"
662176;2025-02-18;"terça-feira";"13:00:00";"SC";282;16,4;"PALHOCA";"Velocidade Incompatível";"Colisão transversal";"Com Vítimas Feridas";"Pleno dia";"Decrescente";"Nublado";"Simples";"Interseção de Vias";"Sim";2;0;1;0;1;0;1;2;-27,658611;-48,681847;"SPRF-SC";"DEL01-SC";"UOP02-DEL01-SC"
662177;2025-02-18;"terça-feira";"12:25:00";"PR";369;171;"ROLANDIA";"Conversão proibida";"Colisão transversal";"Com Vítimas Feridas";"Pleno dia";"Decrescente";"Céu Claro";"Simples";"Reta";"Sim";2;0;1;0;1;0;1;2;-23,303;-51,355;"SPRF-PR";"DEL07-PR";"UOP01-DEL07-PR"
662178;2025-02-18;"terça-feira";"11:58:00";"PA";230;114;"MARABA";"Ausência de reação do condutor";"Colisão traseira";"Sem Vítimas";"Pleno dia";"Crescente";"Céu Claro";"Simples";"Reta";"Sim";2;0;0;0;2;0;0;2;-5,36466678;-49,06623294;"SPRF-PA";"DEL03-PA";"UOP01-DEL03-PA"
662180;2025-02-15;"sábado";"08:00:00";"RJ";101;69;"CAMPOS DOS GOYTACAZES";"Transitar no Acostamento";"Colisão transversal";"Com Vítimas Feridas";"Pleno dia";"Decrescente";"Céu Claro";"Simples";"Reta;Rotatória";"Não";2;0;0;1;1;0;1;2;-21,77624383;-41,3653321;"SPRF-RJ";"DEL08-RJ";"UOP02-DEL08-RJ"
662181;2025-02-18;"terça-feira";"13:00:00";"SC";480;128;"CHAPECO";"Manobra de mudança de faixa";"Colisão lateral mesmo sentido";"Com Vítimas Feridas";"Pleno dia";"Crescente";"Sol";"Dupla";"Reta";"Não";2;0;1;0;1;0;1;2;-27,03781899;-52,63432603;"SPRF-SC";"DEL07-SC";"UOP01-DEL07-SC"
662182;2025-02-18;"terça-feira";"13:25:00";"SC";470;127,6;"LONTRAS";"Conversão proibida";"Colisão transversal";"Com Vítimas Feridas";"Pleno dia";"Decrescente";"Nublado";"Simples";"Reta";"Não";4;0;2;0;1;1;2;3;-27,136574;-49,543015;"SPRF-SC";"DEL04-SC";"UOP02-DEL04-SC"
662183;2025-02-18;"terça-feira";"12:40:00";"PR";476;130,9;"CURITIBA";"Velocidade Incompatível";"Colisão traseira";"Com Vítimas Feridas";"Pleno dia";"Decrescente";"Chuva";"Múltipla";"Reta";"Sim";4;0;1;0;2;1;1;2;-25,45345907;-49,24347704;"SPRF-PR";"DEL01-PR";"UOP01-DEL01-PR"
662184;2025-02-18;"terça-feira";"07:00:00";"MG";262;400,9;"PARA DE MINAS";"Acumulo de óleo sobre o pavimento";"Tombamento";"Com Vítimas Feridas";"Pleno dia";"Crescente";"Sol";"Dupla";"Curva;Aclive";"Sim";1;0;1;0;0;0;1;1;-19,90293517;-44,54364505;"SPRF-MG";"DEL01-MG";"UOP03-DEL01-MG"
662185;2025-02-18;"terça-feira";"12:00:00";"PE";101;75,5;"RECIFE";"Transitar no Acostamento";"Colisão traseira";"Sem Vítimas";"Pleno dia";"Decrescente";"Céu Claro";"Dupla";"Reta";"Sim";4;0;0;0;2;2;0;2;-8,114638;-34,944664;"SPRF-PE";"DEL01-PE";"UOP01-DEL01-PE"
662187;2025-02-18;"terça-feira";"12:20:00";"PR";373;258,3;"PRUDENTOPOLIS";"Reação tardia ou ineficiente do condutor";"Tombamento";"Sem Vítimas";"Pleno dia";"Crescente";"Nublado";"Simples";"Reta";"Não";2;0;0;0;2;0;0;1;-25,20090283;-50,92849731;"SPRF-PR";"DEL08-PR";"UOP01-DEL08-PR"
662188;2025-01-29;"quarta-feira";"13:40:00";"MG";116;585;"MANHUACU";"Demais falhas na via";"Eventos atípicos";"Com Vítimas Feridas";"Pleno dia";"Crescente";"Céu Claro";"Simples";"Reta";"Não";3;0;1;0;1;1;1;2;-20,23618707;-42,16556506;"SPRF-MG";"DEL06-MG";"UOP03-DEL06-MG"
662189;2025-02-18;"terça-feira";"11:30:00";"GO";251;28;"CRISTALINA";"Acessar a via sem observar a presença dos outros veículos";"Colisão transversal";"Com Vítimas Feridas";"Pleno dia";"Decrescente";"Céu Claro";"Simples";"Reta";"Sim";2;0;1;0;1;0;1;2;-16,090823;-47,512542;"SPRF-DF";"DEL01-DF";"UOP01-DEL01-DF"
662191;2025-02-18;"terça-feira";"13:40:00";"MS";262;357;"CAMPO GRANDE";"Ausência de reação do condutor";"Saída de leito carroçável";"Com Vítimas Feridas";"Pleno dia";"Crescente";"Nublado";"Simples";"Reta";"Sim";1;0;1;0;0;0;1;1;-20,54411599;-54,689339;"SPRF-MS";"DEL01-MS";"UOP03-DEL01-MS"
662193;2025-02-18;"terça-feira";"14:40:00";"RS";158;327;"SANTA MARIA";"Manobra de mudança de faixa";"Colisão traseira";"Com Vítimas Feridas";"Pleno dia";"Crescente";"Céu Claro";"Dupla";"Reta";"Sim";2;0;1;0;1;0;1;2;-29,714945;-53,81083;"SPRF-RS";"DEL09-RS";"UOP01-DEL09-RS"
662196;2025-01-05;"domingo";"19:55:00";"RJ";101;472;"ANGRA DOS REIS";"Acesso irregular";"Colisão transversal";"Com Vítimas Feridas";"Anoitecer";"Decrescente";"Céu Claro";"Simples";"Reta";"Sim";2;0;0;1;1;0;1;2;-22,988676;-44,23305893;"SPRF-RJ";"DEL03-RJ";"UOP03-DEL03-RJ"
662197;2025-02-14;"sexta-feira";"19:55:00";"MT";364;261;"JUSCIMEIRA";"Reação tardia ou ineficiente do condutor";"Saída de leito carroçável";"Com Vítimas Feridas";"Plena Noite";"Decrescente";"Nublado";"Dupla";"Reta";"Não";1;0;1;0;0;0;1;1;-16,02549344;-54,89640713;"SPRF-MT";"DEL02-MT";"UOP01-DEL02-MT"
662199;2025-02-18;"terça-feira";"14:45:00";"PR";369;109,1;"URAI";"Condutor Dormindo";"Queda de ocupante de veículo";"Com Vítimas Feridas";"Pleno dia";"Crescente";"Céu Claro";"Dupla";"Reta";"Não";1;0;1;0;0;0;1;1;-23,26954743;-50,79688668;"SPRF-PR";"DEL07-PR";"UOP05-DEL07-PR"
662205;2025-02-18;"terça-feira";"15:40:00";"MA";226;287,6;"BARRA DO CORDA";"Manobra de mudança de faixa";"Saída de leito carroçável";"Com Vítimas Feridas";"Pleno dia";"Crescente";"Nublado";"Simples";"Reta";"Não";5;0;5;0;0;0;5;1;-5,45376587;-45,15414307;"SPRF-MA";"DEL06-MA";"UOP01-DEL06-MA"
662206;2025-02-18;"terça-feira";"15:10:00";"MG";40;511;"RIBEIRAO DAS NEVES";"Acessar a via sem observar a presença dos outros veículos";"Colisão traseira";"Com Vítimas Feridas";"Pleno dia";"Decrescente";"Céu Claro";"Dupla";"Aclive";"Sim";2;0;0;1;1;0;1;2;-19,78164295;-44,11733194;"SPRF-MG";"DEL01-MG";"UOP02-DEL01-MG"
662207;2025-02-18;"terça-feira";"16:00:00";"PB";101;88;"JOAO PESSOA";"Acumulo de areia ou detritos sobre o pavimento";"Tombamento";"Com Vítimas Feridas";"Pleno dia";"Decrescente";"Céu Claro";"Dupla";"Curva";"Sim";1;0;1;0;0;0;1;1;-7,16470016;-34,89993643;"SPRF-PB";"DEL01-PB";"UOP01-DEL01-PB"
662209;2025-02-18;"terça-feira";"15:45:00";"SP";116;448;"REGISTRO";"Reação tardia ou ineficiente do condutor";"Tombamento";"Com Vítimas Feridas";"Pleno dia";"Decrescente";"Nublado";"Dupla";"Reta";"Sim";2;0;1;0;0;1;1;2;-24,52099699;-47,85336602;"SPRF-SP";"DEL05-SP";"UOP01-DEL05-SP"
662210;2025-02-18;"terça-feira";"16:20:00";"SP";381;84;"SAO PAULO";"Reação tardia ou ineficiente do condutor";"Queda de ocupante de veículo";"Com Vítimas Feridas";"Pleno dia";"Decrescente";"Céu Claro";"Dupla";"Reta";"Não";2;0;2;0;0;0;2;1;-23,43937;-46,56807;"SPRF-SP";"DEL03-SP";"UOP01-DEL03-SP"
662211;2025-01-30;"quinta-feira";"19:15:00";"MG";251;221,1;"CACHOEIRA DE PAJEU";"Reação tardia ou ineficiente do condutor";"Colisão lateral mesmo sentido";"Com Vítimas Feridas";"Plena Noite";"Decrescente";"Céu Claro";"Simples";"Reta";"Não";4;0;1;0;3;0;1;2;-15,9389439;-41,6091634;"SPRF-MG";"DEL12-MG";"UOP02-DEL12-MG"
662212;2025-02-18;"terça-feira";"16:45:00";"PI";343;28;"PARNAIBA";"Problema com o freio";"Colisão transversal";"Com Vítimas Feridas";"Pleno dia";"Decrescente";"Céu Claro";"Simples";"Reta";"Não";2;0;0;1;1;0;1;2;-3,052351;-41,77544;"SPRF-PI";"DEL05-PI";"UOP01-DEL05-PI"
662213;2025-02-18;"terça-feira";"15:30:00";"SC";101;44;"JOINVILLE";"Reação tardia ou ineficiente do condutor";"Colisão com objeto";"Com Vítimas Feridas";"Pleno dia";"Crescente";"Chuva";"Dupla";"Reta";"Sim";1;0;0;1;0;0;1;1;-26,31238996;-48,87458997;"SPRF-SC";"DEL03-SC";"UOP01-DEL03-SC"
662215;2025-02-18;"terça-feira";"17:20:00";"CE";116;5;"FORTALEZA";"Frear bruscamente";"Tombamento";"Com Vítimas Feridas";"Pleno dia";"Crescente";"Sol";"Múltipla";"Reta";"Sim";1;0;1;0;0;0;1;1;-3,79425538;-38,50792766;"SPRF-CE";"DEL01-CE";"UOP02-DEL01-CE"
662217;2025-02-18;"terça-feira";"16:20:00";"PR";376;651;"TIJUCAS DO SUL";"Reação tardia ou ineficiente do condutor";"Colisão transversal";"Sem Vítimas";"Pleno dia";"Decrescente";"Garoa/Chuvisco";"Dupla";"Curva;Retorno Regulamentado";"Sim";2;0;0;0;2;0;0;2;-25,845243;-49,078578;"SPRF-PR";"DEL01-PR";"UOP04-DEL01-PR"
662219;2025-02-18;"terça-feira";"17:46:00";"SP";116;216;"GUARULHOS";"Trafegar com motocicleta (ou similar) entre as faixas";"Colisão traseira";"Sem Vítimas";"Anoitecer";"Decrescente";"Céu Claro";"Múltipla";"Reta";"Não";5;0;0;0;4;1;0;2;-23,45056589;-46,46258105;"SPRF-SP";"DEL01-SP";"UOP01-DEL01-SP"
662220;2025-02-18;"terça-feira";"17:40:00";"RS";116;143;"CAXIAS DO SUL";"Desrespeitar a preferência no cruzamento";"Colisão transversal";"Com Vítimas Feridas";"Pleno dia";"Crescente";"Sol";"Múltipla";"Reta;Interseção de Vias";"Sim";2;0;1;0;1;0;1;2;-29,1201739;-51,12260651;"SPRF-RS";"DEL05-RS";"UOP01-DEL05-RS"
662221;2025-02-18;"terça-feira";"17:45:00";"RS";392;67;"PELOTAS";"Condutor deixou de manter distância do veículo da frente";"Colisão traseira";"Com Vítimas Feridas";"Pleno dia";"Crescente";"Nublado";"Múltipla";"Interseção de Vias;Viaduto";"Sim";2;0;1;0;0;1;1;2;-31,75709532;-52,39980728;"SPRF-RS";"DEL07-RS";"UOP01-DEL07-RS"
662222;2025-02-18;"terça-feira";"17:00:00";"MG";40;525;"CONTAGEM";"Ingestão de álcool pelo condutor";"Colisão lateral mesmo sentido";"Sem Vítimas";"Pleno dia";"Decrescente";"Céu Claro";"Dupla";"Curva";"Sim";2;0;0;0;2;0;0;2;-19,88361702;-44,05039336;"SPRF-MG";"DEL01-MG";"UOP02-DEL01-MG"
662223;2025-02-18;"terça-feira";"17:30:00";"BA";324;518,8;"FEIRA DE SANTANA";"Velocidade Incompatível";"Colisão traseira";"Com Vítimas Feridas";"Pleno dia";"Decrescente";"Sol";"Dupla";"Reta;Viaduto";"Sim";4;0;2;0;2;0;2;3;-12,27058515;-38,93493533;"SPRF-BA";"DEL02-BA";"UOP01-DEL02-BA"
662224;2025-02-18;"terça-feira";"17:02:00";"ES";101;269;"SERRA";"Ausência de reação do condutor";"Colisão traseira";"Sem Vítimas";"Anoitecer";"Decrescente";"Céu Claro";"Dupla";"Reta";"Sim";3;0;0;0;1;2;0;3;-20,21740496;-40,26990578;"SPRF-ES";"DEL02-ES";"UOP01-DEL02-ES"
662226;2025-02-18;"terça-feira";"18:10:00";"MG";50;19;"UBERLANDIA";"Demais falhas mecânicas ou elétricas";"Tombamento";"Com Vítimas Feridas";"Pleno dia";"Crescente";"Céu Claro";"Dupla";"Curva;Declive";"Sim";1;0;1;0;0;0;1;1;-18,9113;-48,2622;"SPRF-MG";"DEL15-MG";"UOP01-DEL15-MG"
662227;2025-02-18;"terça-feira";"12:05:00";"SC";282;553,5;"NOVA ITABERABA";"Manobra de mudança de faixa";"Saída de leito carroçável";"Com Vítimas Feridas";"Pleno dia";"Crescente";"Nublado";"Simples";"Reta";"Não";1;0;1;0;0;0;1;1;-26,93815;-52,791916;"SPRF-SC";"DEL07-SC";"UOP01-DEL07-SC"
662229;2025-02-18;"terça-feira";"18:10:00";"RJ";40;62,9;"PETROPOLIS";"Condutor Dormindo";"Saída de leito carroçável";"Sem Vítimas";"Anoitecer";"Crescente";"Céu Claro";"Dupla";"Reta";"Não";1;0;0;0;1;0;0;1;-22,40542358;-43,14664526;"SPRF-RJ";"DEL05-RJ";"UOP02-DEL05-RJ"
662230;2025-02-18;"terça-feira";"18:25:00";"SC";101;199,1;"SAO JOSE";"Reação tardia ou ineficiente do condutor";"Colisão traseira";"Com Vítimas Feridas";"Anoitecer";"Decrescente";"Chuva";"Dupla";"Reta";"Sim";2;0;1;0;1;0;1;2;-27,53413705;-48,63003205;"SPRF-SC";"DEL01-SC";"UOP01-DEL01-SC"
662231;2025-01-21;"terça-feira";"10:40:00";"BA";110;302;"INHAMBUPE";"Demais falhas mecânicas ou elétricas";"Saída de leito carroçável";"Com Vítimas Feridas";"Pleno dia";"Crescente";"Céu Claro";"Simples";"Reta";"Não";2;0;2;0;0;0;2;1;-11,925838;-38,374245;"SPRF-BA";"DEL01-BA";"UOP04-DEL01-BA"
662232;2025-02-18;"terça-feira";"13:00:00";"MA";226;399;"GRAJAU";"Avarias e/ou desgaste excessivo no pneu";"Colisão frontal";"Com Vítimas Feridas";"Pleno dia";"Crescente";"Céu Claro";"Simples";"Reta";"Não";7;0;3;2;2;0;5;2;-5,735917;-46,00523;"SPRF-MA";"DEL06-MA";"UOP01-DEL06-MA"
662233;2025-02-18;"terça-feira";"18:35:00";"PB";230;1,7;"CABEDELO";"Ausência de reação do condutor";"Tombamento";"Com Vítimas Feridas";"Plena Noite";"Decrescente";"Céu Claro";"Simples";"Reta";"Sim";2;0;1;0;0;1;1;1;-6,9753;-34,8318;"SPRF-PB";"DEL01-PB";"UOP01-DEL01-PB"
662234;2025-02-18;"terça-feira";"18:35:00";"RS";290;92;"PORTO ALEGRE";"Velocidade Incompatível";"Queda de ocupante de veículo";"Com Vítimas Feridas";"Anoitecer";"Crescente";"Céu Claro";"Simples";"Curva;Aclive";"Sim";2;0;2;0;0;0;2;1;-29,97069874;-51,17088318;"SPRF-RS";"DEL01-RS";"UOP01-DEL01-RS"
662237;2025-02-18;"terça-feira";"18:40:00";"DF";40;3;"BRASILIA";"Acessar a via sem observar a presença dos outros veículos";"Colisão lateral mesmo sentido";"Com Vítimas Feridas";"Plena Noite";"Crescente";"Céu Claro";"Dupla";"Reta";"Sim";3;0;1;0;2;0;1;2;-16,003145;-47,983944;"SPRF-DF";"DEL01-DF";"UOP01-DEL01-DF"
662239;2025-02-18;"terça-feira";"18:00:00";"MT";163;834;"SINOP";"Conversão proibida";"Colisão transversal";"Com Vítimas Feridas";"Anoitecer";"Crescente";"Céu Claro";"Dupla";"Reta";"Sim";2;0;1;0;1;0;1;2;-11,86528053;-55,49624227;"SPRF-MT";"DEL06-MT";"UOP02-DEL06-MT"
662242;2025-02-18;"terça-feira";"19:00:00";"AP";156;416;"TARTARUGALZINHO";"Reação tardia ou ineficiente do condutor";"Capotamento";"Com Vítimas Feridas";"Plena Noite";"Decrescente";"Céu Claro";"Simples";"Curva";"Não";2;0;0;2;0;0;2;1;1,1016;-51,05523303;"SPRF-AP";"DEL01-AP";"UOP02-DEL01-AP"
662243;2025-02-18;"terça-feira";"19:22:00";"SP";116;218;"GUARULHOS";"Reação tardia ou ineficiente do condutor";"Colisão com objeto";"Com Vítimas Feridas";"Plena Noite";"Decrescente";"Chuva";"Múltipla";"Aclive;Reta";"Sim";1;0;1;0;0;0;1;1;-23,457972;-46,479927;"SPRF-SP";"DEL01-SP";"UOP01-DEL01-SP"
662244;2025-02-18;"terça-feira";"18:40:00";"PI";316;4,3;"TERESINA";"Manobra de mudança de faixa";"Colisão lateral mesmo sentido";"Com Vítimas Feridas";"Plena Noite";"Crescente";"Céu Claro";"Múltipla";"Reta;Interseção de Vias";"Sim";3;0;1;0;2;0;1;3;-5,13655894;-42,78900388;"SPRF-PI";"DEL01-PI";"UOP02-DEL01-PI"
662245;2025-02-18;"terça-feira";"20:00:00";"RJ";116;176;"RIO DE JANEIRO";"Ausência de reação do condutor";"Colisão lateral mesmo sentido";"Com Vítimas Feridas";"Plena Noite";"Crescente";"Céu Claro";"Simples";"Reta";"Não";2;0;2;0;0;0;2;2;-22,8044361;-43,3451305;"SPRF-RJ";"DEL06-RJ";"UOP01-DEL06-RJ"
662247;2025-02-18;"terça-feira";"18:20:00";"MG";262;58,5;"MANHUACU";"Conversão proibida";"Colisão transversal";"Com Vítimas Fatais";"Plena Noite";"Crescente";"Céu Claro";"Simples";"Reta";"Não";2;1;0;0;1;0;0;2;-20,27569196;-42,19796103;"SPRF-MG";"DEL06-MG";"UOP03-DEL06-MG"
662248;2025-02-18;"terça-feira";"19:15:00";"RN";101;103;"PARNAMIRIM";"Velocidade Incompatível";"Colisão traseira";"Com Vítimas Feridas";"Plena Noite";"Crescente";"Céu Claro";"Dupla";"Reta";"Sim";4;0;1;0;2;1;1;4;-5,89034022;-35,24894996;"SPRF-RN";"DEL01-RN";"UOP01-DEL01-RN"
662249;2025-02-18;"terça-feira";"20:30:00";"GO";60;92,4;"ANAPOLIS";"Manobra de mudança de faixa";"Colisão traseira";"Com Vítimas Feridas";"Plena Noite";"Crescente";"Céu Claro";"Dupla";"Retorno Regulamentado;Reta";"Sim";2;0;1;0;0;1;1;2;-16,3538;-48,9268;"SPRF-GO";"DEL02-GO";"UOP01-DEL02-GO"
662251;2025-02-18;"terça-feira";"19:00:00";"MT";163;600;"NOVA MUTUM";"Animais na Pista";"Atropelamento de Animal";"Com Vítimas Feridas";"Anoitecer";"Crescente";"Ignorado";"Dupla";"Em Obras";"Sim";1;0;1;0;0;0;1;1;-13,90778505;-56,09190462;"SPRF-MT";"DEL01-MT";"UOP01-DEL01-MT"
662252;2025-02-18;"terça-feira";"19:50:00";"RJ";493;97;"SEROPEDICA";"Reação tardia ou ineficiente do condutor";"Colisão traseira";"Com Vítimas Feridas";"Plena Noite";"Crescente";"Céu Claro";"Dupla";"Reta";"Não";2;0;0;1;0;1;1;2;-22,721464;-43,709837;"SPRF-RJ";"DEL01-RJ";"UOP03-DEL01-RJ"
662254;2025-02-18;"terça-feira";"19:49:00";"ES";262;188,8;"IUNA";"Deficiência do Sistema de Iluminação/Sinalização";"Colisão traseira";"Com Vítimas Feridas";"Plena Noite";"Crescente";"Céu Claro";"Simples";"Reta";"Não";3;0;2;0;1;0;2;2;-20,31334421;-41,73692705;"SPRF-ES";"DEL01-ES";"UOP02-DEL01-ES"
662255;2025-02-18;"terça-feira";"20:00:00";"RO";364;713;"PORTO VELHO";"Animais na Pista";"Queda de ocupante de veículo";"Com Vítimas Feridas";"Plena Noite";"Crescente";"Céu Claro";"Dupla";"Curva";"Não";1;0;1;0;0;0;1;1;-8,77162061;-63,88178587;"SPRF-RO";"DEL01-RO";"UOP01-DEL01-RO"
662256;2025-02-02;"domingo";"08:35:00";"BA";101;249;"CONCEICAO DO ALMEIDA";"Chuva";"Queda de ocupante de veículo";"Com Vítimas Feridas";"Pleno dia";"Decrescente";"Chuva";"Simples";"Curva";"Não";2;0;2;0;0;0;2;1;-12,984957;-39,291156;"SPRF-BA";"DEL01-BA";"UOP02-DEL01-BA"
662259;2025-02-18;"terça-feira";"21:40:00";"ES";101;79;"SAO MATEUS";"Ausência de reação do condutor";"Tombamento";"Com Vítimas Feridas";"Plena Noite";"Crescente";"Céu Claro";"Simples";"Ponte;Declive";"Não";1;0;1;0;0;0;1;1;-18,81417602;-39,90121797;"SPRF-ES";"DEL04-ES";"UOP02-DEL04-ES"
662261;2025-02-18;"terça-feira";"19:00:00";"PE";424;69;"CAETES";"Acessar a via sem observar a presença dos outros veículos";"Colisão frontal";"Com Vítimas Feridas";"Plena Noite";"Crescente";"Céu Claro";"Simples";"Reta";"Sim";2;0;0;1;1;0;1;2;-8,774677;-36,627102;"SPRF-PE";"DEL03-PE";"UOP01-DEL03-PE"
662262;2025-02-18;"terça-feira";"20:15:00";"MG";381;539;"ITATIAIUCU";"Demais falhas mecânicas ou elétricas";"Incêndio";"Sem Vítimas";"Plena Noite";"Decrescente";"Céu Claro";"Dupla";"Reta";"Sim";1;0;0;0;1;0;0;1;-20,242548;-44,41251621;"SPRF-MG";"DEL04-MG";"UOP03-DEL04-MG"
662263;2025-02-18;"terça-feira";"22:00:00";"GO";40;96;"CRISTALINA";"Pedestre andava na pista";"Atropelamento de Pedestre";"Com Vítimas Fatais";"Plena Noite";"Crescente";"Céu Claro";"Simples";"Reta;Aclive";"Sim";3;1;0;0;1;1;0;2;-16,75768;-47,601613;"SPRF-DF";"DEL01-DF";"UOP02-DEL01-DF"
662265;2025-02-18;"terça-feira";"20:20:00";"MG";50;177;"UBERABA";"Ausência de reação do condutor";"Atropelamento de Animal";"Com Vítimas Feridas";"Plena Noite";"Decrescente";"Céu Claro";"Dupla";"Declive";"Sim";1;0;1;0;0;0;1;1;-19,77914852;-47,95047701;"SPRF-MG";"DEL13-MG";"UOP01-DEL13-MG"
662266;2025-02-18;"terça-feira";"22:30:00";"RJ";116;179;"BELFORD ROXO";"Avarias e/ou desgaste excessivo no pneu";"Queda de ocupante de veículo";"Com Vítimas Feridas";"Plena Noite";"Crescente";"Céu Claro";"Múltipla";"Reta";"Sim";2;0;0;2;0;0;2;1;-22,7651616;-43,4154728;"SPRF-RJ";"DEL06-RJ";"UOP01-DEL06-RJ"
662267;2025-02-18;"terça-feira";"21:50:00";"CE";116;13,5;"FORTALEZA";"Avarias e/ou desgaste excessivo no pneu";"Tombamento";"Com Vítimas Feridas";"Plena Noite";"Decrescente";"Céu Claro";"Dupla";"Aclive;Reta";"Sim";2;0;2;0;0;0;2;1;-3,86196386;-38,49702716;"SPRF-CE";"DEL01-CE";"UOP02-DEL01-CE"
662268;2025-02-18;"terça-feira";"20:10:00";"RJ";101;580;"PARATY";"Conversão proibida";"Colisão lateral mesmo sentido";"Com Vítimas Feridas";"Plena Noite";"Crescente";"Nublado";"Simples";"Curva";"Não";2;0;1;0;1;0;1;2;-23,234519;-44,698168;"SPRF-RJ";"DEL03-RJ";"UOP04-DEL03-RJ"
662269;2025-02-18;"terça-feira";"22:55:00";"PR";369;146,1;"LONDRINA";"Desrespeitar a preferência no cruzamento";"Colisão transversal";"Com Vítimas Feridas";"Plena Noite";"Decrescente";"Nublado";"Dupla";"Declive;Retorno Regulamentado;Reta";"Sim";2;0;1;0;1;0;1;2;-23,293376;-51,123604;"SPRF-PR";"DEL07-PR";"UOP01-DEL07-PR"
662270;2025-02-18;"terça-feira";"19:50:00";"AC";364;98;"SENADOR GUIOMARD";"Pista esburacada";"Tombamento";"Com Vítimas Feridas";"Plena Noite";"Crescente";"Nublado";"Simples";"Interseção de Vias;Rotatória";"Não";1;0;1;0;0;0;1;1;-10,06820296;-67,58341134;"SPRF-AC";"DEL01-AC";"UOP03-DEL01-AC"
662272;2025-02-18;"terça-feira";"23:30:00";"PR";277;77;"SAO JOSE DOS PINHAIS";"Ausência de reação do condutor";"Colisão com objeto";"Com Vítimas Feridas";"Plena Noite";"Decrescente";"Nublado";"Dupla";"Reta";"Sim";1;0;0;1;0;0;1;1;-25,485444;-49,186809;"SPRF-PR";"DEL01-PR";"UOP07-DEL01-PR"
662274;2025-02-18;"terça-feira";"23:30:00";"SP";116;162;"JACAREI";"Velocidade Incompatível";"Colisão com objeto";"Sem Vítimas";"Plena Noite";"Crescente";"Nublado";"Dupla";"Reta;Interseção de Vias";"Sim";1;0;0;0;1;0;0;1;-23,28006349;-45,98241806;"SPRF-SP";"DEL02-SP";"UOP01-DEL02-SP"
662275;2025-02-18;"terça-feira";"20:00:00";"PI";407;607;"ACAUA";"Transitar na contramão";"Colisão frontal";"Com Vítimas Fatais";"Plena Noite";"Crescente";"Céu Claro";"Simples";"Reta";"Não";5;1;0;0;4;0;0;2;-8,347922;-41,0645582;"SPRF-PI";"DEL04-PI";"UOP01-DEL04-PI"
662276;2025-02-18;"terça-feira";"22:40:00";"PB";230;24,2;"JOAO PESSOA";"Pista esburacada";"Queda de ocupante de veículo";"Com Vítimas Feridas";"Plena Noite";"Crescente";"Céu Claro";"Dupla";"Viaduto;Reta";"Sim";1;0;1;0;0;0;1;1;-7,1637;-34,8618;"SPRF-PB";"DEL01-PB";"UOP01-DEL01-PB"
662279;2025-02-18;"terça-feira";"23:10:00";"RO";319;63;"PORTO VELHO";"Conversão proibida";"Colisão lateral mesmo sentido";"Com Vítimas Feridas";"Plena Noite";"Crescente";"Nublado";"Dupla";"Reta;Interseção de Vias";"Sim";3;0;2;0;1;0;2;2;-8,75554625;-63,8864851;"SPRF-RO";"DEL01-RO";"UOP01-DEL01-RO"
662280;2025-02-19;"quarta-feira";"00:05:00";"PR";376;212,2;"MANDAGUARI";"Pedestre andava na pista";"Atropelamento de Pedestre";"Com Vítimas Feridas";"Plena Noite";"Crescente";"Céu Claro";"Dupla";"Reta";"Não";2;0;1;0;1;0;1;2;-23,55914861;-51,66370153;"SPRF-PR";"DEL09-PR";"UOP01-DEL09-PR"