"id";"data_inversa";"dia_semana";"horario";"uf";"br";"km";"municipio";"causa_acidente";"tipo_acidente";"classificacao_acidente";"fase_dia";"sentido_via";"condicao_metereologica";"tipo_pista";"tracado_via";"uso_solo";"pessoas";"mortos";"feridos_leves";"feridos_graves";"ilesos";"ignorados";"feridos";"veiculos";"latitude";"longitude";"regional";"delegacia";"uop"
662517;2025-02-20;"quinta-feira";"09:20:00";"PB";101;28;"RIO TINTO";"Reação tardia ou ineficiente do condutor";"Saída de leito carroçável";"Com Vítimas Feridas";"Pleno dia";"Decrescente";"Céu Claro";"Dupla";"Em Obras;Reta";"Não";2;0;1;0;1;0;1;1;-6,73315199;-35,12593202;"SPRF-PB";"DEL01-PB";"UOP03-DEL01-PB"
662522;2025-01-23;"quinta-feira";"17:40:00";"PR";376;600;"CURITIBA";"Reação tardia ou ineficiente do condutor";"Queda de ocupante de veículo";"Com Vítimas Feridas";"Pleno dia";"Crescente";"Nublado";"Dupla";"Reta";"Sim";1;0;1;0;0;0;1;1;-25,53195602;-49,32205901;"SPRF-PR";"DEL01-PR";"UOP06-DEL01-PR"
662523;2025-02-20;"quinta-feira";"08:35:00";"RO";364;161;"PIMENTA BUENO";"Conversão proibida";"Colisão transversal";"Com Vítimas Feridas";"Pleno dia";"Crescente";"Sol";"Simples";"Declive;Curva;Interseção de Vias";"Não";3;0;2;0;1;0;2;2;-11,91064703;-60,96644505;"SPRF-RO";"DEL02-RO";"UOP02-DEL02-RO"
662526;2025-02-20;"quinta-feira";"07:40:00";"ES";101;269;"SERRA";"Ausência de reação do condutor";"Colisão lateral mesmo sentido";"Com Vítimas Feridas";"Pleno dia";"Crescente";"Sol";"Dupla";"Reta";"Sim";3;0;1;0;0;2;1;3;-20,21740496;-40,26990578;"SPRF-ES";"DEL02-ES";"UOP01-DEL02-ES"
662528;2025-02-20;"quinta-feira";"09:15:00";"PB";230;10;"CABEDELO";"Demais falhas mecânicas ou elétricas";"Queda de ocupante de veículo";"Com Vítimas Feridas";"Pleno dia";"Decrescente";"Céu Claro";"Dupla";"Reta;Em Obras";"Sim";1;0;1;0;0;0;1;1;-7,0514;-34,8499;"SPRF-PB";"DEL01-PB";"UOP01-DEL01-PB"
662529;2025-02-20;"quinta-feira";"08:00:00";"SC";470;55,7;"BLUMENAU";"Retorno proibido";"Colisão transversal";"Com Vítimas Feridas";"Pleno dia";"Crescente";"Céu Claro";"Simples";"Em Obras;Reta";"Não";2;0;1;0;1;0;1;2;-26,875601;-49,117992;"SPRF-SC";"DEL04-SC";"UOP01-DEL04-SC"
662530;2025-02-20;"quinta-feira";"09:30:00";"ES";101;267;"SERRA";"Reação tardia ou ineficiente do condutor";"Colisão com objeto";"Com Vítimas Feridas";"Pleno dia";"Decrescente";"Céu Claro";"Dupla";"Reta";"Sim";1;0;1;0;0;0;1;1;-20,19930999;-40,26884609;"SPRF-ES";"DEL02-ES";"UOP01-DEL02-ES"
662532;2025-02-20;"quinta-feira";"10:00:00";"DF";40;6;"BRASILIA";"Manobra de mudança de faixa";"Colisão lateral mesmo sentido";"Com Vítimas Feridas";"Pleno dia";"Decrescente";"Céu Claro";"Dupla";"Reta";"Sim";2;0;1;0;1;0;1;2;-16,029741;-47,978867;"SPRF-DF";"DEL01-DF";"UOP01-DEL01-DF"
662533;2025-01-16;"quinta-feira";"02:00:00";"PA";230;6;"ALTAMIRA";"Ingestão de álcool pelo condutor";"Saída de leito carroçável";"Com Vítimas Feridas";"Plena Noite";"Decrescente";"Nublado";"Simples";"Reta";"Sim";2;0;2;0;0;0;2;1;-3,203721;-52,206787;"SPRF-PA";"DEL04-PA";"UOP01-DEL04-PA"
662536;2025-02-20;"quinta-feira";"10:50:00";"PB";230;22,5;"JOAO PESSOA";"Ausência de reação do condutor";"Colisão traseira";"Com Vítimas Feridas";"Pleno dia";"Decrescente";"Sol";"Dupla";"Reta";"Sim";3;0;2;0;1;0;2;2;-7,15313607;-34,85464811;"SPRF-PB";"DEL01-PB";"UOP01-DEL01-PB"
662537;2025-02-20;"quinta-feira";"10:30:00";"PE";407;128,7;"PETROLINA";"Desrespeitar a preferência no cruzamento";"Colisão transversal";"Com Vítimas Feridas";"Pleno dia";"Crescente";"Céu Claro";"Dupla";"Interseção de Vias";"Sim";2;0;0;1;1;0;1;2;-9,39958299;-40,50459298;"SPRF-PE";"DEL06-PE";"UOP01-DEL06-PE"
662538;2025-01-04;"sábado";"17:10:00";"PR";280;293;"FLOR DA SERRA DO SUL";"Desrespeitar a preferência no cruzamento";"Colisão transversal";"Com Vítimas Feridas";"Pleno dia";"Decrescente";"Sol";"Simples";"Interseção de Vias";"Não";6;0;1;0;5;0;1;2;-26,25026574;-53,33540044;"SPRF-PR";"DEL02-PR";"UOP01-DEL02-PR"
662540;2025-02-20;"quinta-feira";"07:00:00";"PI";407;424,7;"PICOS";"Animais na Pista";"Queda de ocupante de veículo";"Com Vítimas Feridas";"Pleno dia";"Crescente";"Nublado";"Simples";"Reta";"Sim";2;0;1;1;0;0;2;1;-7,08690699;-41,42819598;"SPRF-PI";"DEL04-PI";"UOP01-DEL04-PI"
662541;2025-02-20;"quinta-feira";"12:15:00";"PR";277;68;"SAO JOSE DOS PINHAIS";"Avarias e/ou desgaste excessivo no pneu";"Queda de ocupante de veículo";"Com Vítimas Feridas";"Pleno dia";"Crescente";"Céu Claro";"Dupla";"Reta";"Não";2;0;2;0;0;0;2;1;-25,52624045;-49,0987587;"SPRF-PR";"DEL01-PR";"UOP01-DEL01-PR"
662546;2025-02-16;"domingo";"23:25:00";"SP";101;51,9;"UBATUBA";"Ausência de reação do condutor";"Colisão lateral sentido oposto";"Com Vítimas Feridas";"Plena Noite";"Crescente";"Nublado";"Simples";"Reta";"Não";2;0;1;0;0;1;1;2;-23,45627795;-45,07111896;"SPRF-SP";"DEL06-SP";"UOP01-DEL06-SP"
662548;2025-02-20;"quinta-feira";"12:00:00";"SP";116;51;"LORENA";"Demais falhas mecânicas ou elétricas";"Queda de ocupante de veículo";"Com Vítimas Feridas";"Pleno dia";"Decrescente";"Céu Claro";"Simples";"Curva";"Sim";1;0;0;1;0;0;1;1;-22,74157511;-45,09206392;"SPRF-SP";"DEL08-SP";"UOP02-DEL08-SP"
662549;2025-02-20;"quinta-feira";"12:25:00";"PR";376;592;"CURITIBA";"Trafegar com motocicleta (ou similar) entre as faixas";"Colisão traseira";"Com Vítimas Feridas";"Pleno dia";"Decrescente";"Nublado";"Dupla";"Reta";"Não";2;0;1;0;1;0;1;2;-25,46833525;-49,35524543;"SPRF-PR";"DEL03-PR";"UOP03-DEL03-PR"
662550;2025-02-20;"quinta-feira";"10:40:00";"PA";316;18;"BENEVIDES";"Condutor deixou de manter distância do veículo da frente";"Colisão traseira";"Com Vítimas Feridas";"Pleno dia";"Crescente";"Sol";"Dupla";"Reta";"Sim";2;0;1;0;1;0;1;2;-1,36485638;-48,29643999;"SPRF-PA";"DEL01-PA";"UOP01-DEL01-PA"
662551;2025-02-09;"domingo";"16:25:00";"RS";158;470;"ROSARIO DO SUL";"Condutor deixou de manter distância do veículo da frente";"Colisão traseira";"Sem Vítimas";"Pleno dia";"Decrescente";"Céu Claro";"Simples";"Reta";"Sim";4;0;0;0;4;0;0;2;-30,26806191;-54,9740301;"SPRF-RS";"DEL11-RS";"UOP02-DEL11-RS"
662553;2025-02-20;"quinta-feira";"13:50:00";"RJ";101;515;"ANGRA DOS REIS";"Ausência de reação do condutor";"Queda de ocupante de veículo";"Com Vítimas Feridas";"Pleno dia";"Decrescente";"Céu Claro";"Simples";"Curva";"Não";1;0;1;0;0;0;1;1;-22,98288597;-44,43920603;"SPRF-RJ";"DEL03-RJ";"UOP03-DEL03-RJ"
662554;2025-02-20;"quinta-feira";"05:45:00";"MT";158;623,7;"AGUA BOA";"Animais na Pista";"Atropelamento de Animal";"Com Vítimas Feridas";"Amanhecer";"Decrescente";"Céu Claro";"Simples";"Reta";"Não";1;0;1;0;0;0;1;1;-14,40807984;-52,21939087;"SPRF-MT";"DEL07-MT";"UOP02-DEL07-MT"
662555;2025-02-04;"terça-feira";"13:30:00";"MT";70;272;"PRIMAVERA DO LESTE";"Ausência de reação do condutor";"Colisão traseira";"Com Vítimas Feridas";"Pleno dia";"Decrescente";"Nublado";"Simples";"Declive;Interseção de Vias;Reta";"Não";2;0;1;0;1;0;1;2;-15,53126415;-54,2164135;"SPRF-MT";"DEL05-MT";"UOP01-DEL05-MT"
662556;2025-02-20;"quinta-feira";"14:15:00";"RS";116;477,3;"TURUCU";"Ausência de reação do condutor";"Colisão com objeto";"Com Vítimas Feridas";"Pleno dia";"Decrescente";"Sol";"Simples";"Reta";"Não";1;0;1;0;0;0;1;1;-31,38161704;-52,12712598;"SPRF-RS";"DEL07-RS";"UOP01-DEL07-RS"
662557;2025-02-20;"quinta-feira";"14:20:00";"ES";101;155;"LINHARES";"Reação tardia ou ineficiente do condutor";"Colisão traseira";"Com Vítimas Feridas";"Pleno dia";"Crescente";"Céu Claro";"Simples";"Reta";"Não";4;0;1;0;3;0;1;2;-19,43842387;-40,08913618;"SPRF-ES";"DEL04-ES";"UOP01-DEL04-ES"
662561;2025-02-20;"quinta-feira";"14:14:00";"PE";428;187;"PETROLINA";"Desrespeitar a preferência no cruzamento";"Colisão transversal";"Sem Vítimas";"Pleno dia";"Decrescente";"Céu Claro";"Múltipla";"Rotatória";"Sim";2;0;0;0;2;0;0;2;-9,3749816;-40,48882484;"SPRF-PE";"DEL06-PE";"UOP01-DEL06-PE"
662562;2025-02-20;"quinta-feira";"14:20:00";"RS";471;174,9;"RIO PARDO";"Condutor deixou de manter distância do veículo da frente";"Colisão lateral mesmo sentido";"Com Vítimas Feridas";"Pleno dia";"Crescente";"Sol";"Dupla";"Reta";"Não";2;0;1;0;1;0;1;2;-30,022757;-52,373554;"SPRF-RS";"DEL02-RS";"UOP03-DEL02-RS"
662564;2025-02-20;"quinta-feira";"12:45:00";"MT";163;800;"VERA";"Chuva";"Saída de leito carroçável";"Com Vítimas Feridas";"Pleno dia";"Decrescente";"Chuva";"Simples";"Reta;Declive";"Não";5;0;3;0;2;0;3;1;-12,1700275;-55,519638;"SPRF-MT";"DEL06-MT";"UOP02-DEL06-MT"
662566;2025-02-20;"quinta-feira";"15:10:00";"BA";324;513;"FEIRA DE SANTANA";"Transitar na contramão";"Colisão frontal";"Com Vítimas Feridas";"Pleno dia";"Decrescente";"Céu Claro";"Simples";"Rotatória";"Sim";3;0;2;0;1;0;2;2;-12,23272512;-38,9484877;"SPRF-BA";"DEL02-BA";"UOP01-DEL02-BA"
662568;2025-02-20;"quinta-feira";"14:30:00";"RN";101;84;"NATAL";"Ausência de reação do condutor";"Colisão traseira";"Sem Vítimas";"Pleno dia";"Decrescente";"Céu Claro";"Dupla";"Reta";"Sim";2;0;0;0;2;0;0;2;-5,774416;-35,257049;"SPRF-RN";"DEL02-RN";"UOP01-DEL02-RN"
662569;2025-02-20;"quinta-feira";"13:30:00";"MS";60;387,8;"SIDROLANDIA";"Acumulo de água sobre o pavimento";"Saída de leito carroçável";"Sem Vítimas";"Pleno dia";"Crescente";"Chuva";"Simples";"Declive;Reta";"Não";1;0;0;0;1;0;0;1;-20,69472307;-54,76838483;"SPRF-MS";"DEL01-MS";"UOP04-DEL01-MS"
662570;2025-02-20;"quinta-feira";"08:00:00";"SC";101;201,6;"SAO JOSE";"Manobra de mudança de faixa";"Colisão lateral mesmo sentido";"Com Vítimas Feridas";"Pleno dia";"Crescente";"Céu Claro";"Múltipla";"Reta";"Sim";2;0;1;0;1;0;1;2;-27,54836599;-48,61977975;"SPRF-SC";"DEL01-SC";"UOP01-DEL01-SC"
662574;2025-02-20;"quinta-feira";"15:35:00";"SC";101;199;"SAO JOSE";"Condutor deixou de manter distância do veículo da frente";"Colisão traseira";"Com Vítimas Feridas";"Pleno dia";"Crescente";"Garoa/Chuvisco";"Dupla";"Aclive;Reta";"Não";2;0;1;0;1;0;1;2;-27,53413705;-48,63003205;"SPRF-SC";"DEL01-SC";"UOP01-DEL01-SC"
662576;2025-02-20;"quinta-feira";"15:50:00";"MG";146;466;"BOTELHOS";"Ultrapassagem Indevida";"Colisão frontal";"Com Vítimas Feridas";"Pleno dia";"Crescente";"Céu Claro";"Simples";"Curva";"Não";4;0;1;2;0;1;3;3;-21,693448;-46,424977;"SPRF-MG";"DEL09-MG";"UOP01-DEL09-MG"
662577;2025-01-12;"domingo";"03:30:00";"PE";104;83;"AGRESTINA";"Transitar na contramão";"Saída de leito carroçável";"Com Vítimas Feridas";"Amanhecer";"Decrescente";"Céu Claro";"Simples";"Reta";"Não";3;0;1;0;2;0;1;2;-8,422589;-35,963135;"SPRF-PE";"DEL02-PE";"UOP01-DEL02-PE"
662578;2025-02-20;"quinta-feira";"13:00:00";"MT";70;534;"VARZEA GRANDE";"Ausência de reação do condutor";"Saída de leito carroçável";"Com Vítimas Feridas";"Pleno dia";"Decrescente";"Céu Claro";"Simples";"Reta";"Não";1;0;0;1;0;0;1;1;-15,67663575;-56,25788167;"SPRF-MT";"DEL01-MT";"UOP02-DEL01-MT"
662579;2025-02-20;"quinta-feira";"15:15:00";"BA";324;586;"CANDEIAS";"Ausência de reação do condutor";"Saída de leito carroçável";"Com Vítimas Feridas";"Pleno dia";"Crescente";"Céu Claro";"Dupla";"Reta";"Sim";1;0;1;0;0;0;1;1;-12,63012705;-38,47968619;"SPRF-BA";"DEL01-BA";"UOP01-DEL01-BA"
662581;2025-02-20;"quinta-feira";"14:20:00";"SC";282;54;"AGUAS MORNAS";"Velocidade Incompatível";"Saída de leito carroçável";"Com Vítimas Feridas";"Pleno dia";"Decrescente";"Chuva";"Simples";"Curva;Declive";"Não";2;0;1;1;0;0;2;1;-27,685799;-48,974514;"SPRF-SC";"DEL01-SC";"UOP03-DEL01-SC"
662583;2025-02-20;"quinta-feira";"16:40:00";"PB";101;40,9;"MAMANGUAPE";"Entrada inopinada do pedestre";"Atropelamento de Pedestre";"Com Vítimas Feridas";"Pleno dia";"Crescente";"Céu Claro";"Dupla";"Reta";"Sim";5;0;0;1;4;0;1;2;-6,838737;-35,13633;"SPRF-PB";"DEL01-PB";"UOP03-DEL01-PB"
662587;2025-02-20;"quinta-feira";"16:30:00";"CE";116;35,4;"HORIZONTE";"Acostamento em desnível";"Queda de ocupante de veículo";"Com Vítimas Feridas";"Pleno dia";"Decrescente";"Nublado";"Dupla";"Em Obras;Reta";"Sim";2;0;2;0;0;0;2;1;-4,060979;-38,503708;"SPRF-CE";"DEL01-CE";"UOP02-DEL01-CE"
662588;2025-02-20;"quinta-feira";"16:58:00";"RJ";101;59;"CAMPOS DOS GOYTACAZES";"Acesso irregular";"Colisão transversal";"Com Vítimas Feridas";"Pleno dia";"Crescente";"Sol";"Simples";"Reta";"Sim";2;0;1;0;1;0;1;2;-21,71366497;-41,30861915;"SPRF-RJ";"DEL08-RJ";"UOP01-DEL08-RJ"
662589;2025-02-20;"quinta-feira";"16:00:00";"RJ";116;187;"NOVA IGUACU";"Condutor deixou de manter distância do veículo da frente";"Colisão traseira";"Com Vítimas Feridas";"Pleno dia";"Decrescente";"Céu Claro";"Dupla";"Reta";"Não";5;0;1;0;3;1;1;5;-22,73883756;-43,47245197;"SPRF-RJ";"DEL06-RJ";"UOP01-DEL06-RJ"
662591;2025-02-20;"quinta-feira";"17:15:00";"MG";381;494;"BETIM";"Ausência de reação do condutor";"Colisão traseira";"Com Vítimas Feridas";"Pleno dia";"Decrescente";"Céu Claro";"Dupla";"Reta;Aclive";"Não";4;0;0;1;2;1;1;4;-19,96743674;-44,17959273;"SPRF-MG";"DEL01-MG";"UOP03-DEL01-MG"
662592;2025-02-20;"quinta-feira";"17:40:00";"BA";116;425;"FEIRA DE SANTANA";"Animais na Pista";"Atropelamento de Animal";"Com Vítimas Feridas";"Anoitecer";"Crescente";"Ignorado";"Dupla";"Reta";"Sim";2;0;2;0;0;0;2;1;-12,24762422;-38,98741191;"SPRF-BA";"DEL02-BA";"UOP01-DEL02-BA"
662593;2025-02-20;"quinta-feira";"15:30:00";"PR";277;27;"MORRETES";"Ausência de reação do condutor";"Tombamento";"Com Vítimas Feridas";"Pleno dia";"Crescente";"Chuva";"Dupla";"Curva";"Não";2;0;2;0;0;0;2;1;-25,52935033;-48,72534598;"SPRF-PR";"DEL01-PR";"UOP05-DEL01-PR"
662594;2025-02-20;"quinta-feira";"16:30:00";"RN";101;94;"NATAL";"Manobra de mudança de faixa";"Colisão lateral mesmo sentido";"Com Vítimas Feridas";"Pleno dia";"Decrescente";"Céu Claro";"Múltipla";"Reta";"Sim";3;0;2;0;1;0;2;2;-5,83176615;-35,21191342;"SPRF-RN";"DEL01-RN";"UOP01-DEL01-RN"
662597;2025-02-20;"quinta-feira";"18:00:00";"SP";381;39;"ATIBAIA";"Reação tardia ou ineficiente do condutor";"Colisão com objeto";"Com Vítimas Feridas";"Anoitecer";"Crescente";"Céu Claro";"Dupla";"Reta";"Sim";1;0;0;1;0;0;1;1;-23,1215761;-46,57471572;"SPRF-SP";"DEL03-SP";"UOP01-DEL03-SP"
662599;2025-02-20;"quinta-feira";"17:40:00";"PR";373;222,5;"IMBITUVA";"Acessar a via sem observar a presença dos outros veículos";"Colisão transversal";"Com Vítimas Feridas";"Pleno dia";"Decrescente";"Sol";"Simples";"Interseção de Vias;Declive";"Não";2;0;1;0;1;0;1;2;-25,18082863;-50,5963984;"SPRF-PR";"DEL03-PR";"UOP01-DEL03-PR"
662600;2025-02-20;"quinta-feira";"17:40:00";"PR";116;148;"MANDIRITUBA";"Reação tardia ou ineficiente do condutor";"Colisão traseira";"Sem Vítimas";"Pleno dia";"Crescente";"Nublado";"Simples";"Reta";"Não";2;0;0;0;2;0;0;2;-25,80213893;-49,32898343;"SPRF-PR";"DEL01-PR";"UOP03-DEL01-PR"
662602;2025-02-20;"quinta-feira";"17:30:00";"PE";316;64;"OURICURI";"Ausência de reação do condutor";"Saída de leito carroçável";"Com Vítimas Feridas";"Anoitecer";"Decrescente";"Céu Claro";"Simples";"Reta";"Não";1;0;0;1;0;0;1;1;-7,78543662;-40,22695512;"SPRF-PE";"DEL05-PE";"UOP02-DEL05-PE"
662603;2025-02-20;"quinta-feira";"18:30:00";"CE";304;49,9;"ARACATI";"Entrada inopinada do pedestre";"Atropelamento de Pedestre";"Com Vítimas Fatais";"Anoitecer";"Crescente";"Céu Claro";"Dupla";"Curva";"Não";2;1;1;0;0;0;1;2;-4,5759725;-37,7317098;"SPRF-CE";"DEL03-CE";"UOP03-DEL03-CE"
662604;2025-02-20;"quinta-feira";"17:00:00";"RJ";116;233;"PIRAI";"Acumulo de óleo sobre o pavimento";"Capotamento";"Com Vítimas Feridas";"Anoitecer";"Decrescente";"Céu Claro";"Múltipla";"Curva;Declive";"Não";2;0;2;0;0;0;2;1;-22,66620289;-43,83873224;"SPRF-RJ";"DEL07-RJ";"UOP01-DEL07-RJ"
662605;2025-02-20;"quinta-feira";"17:40:00";"PR";369;207,9;"APUCARANA";"Pedestre cruzava a pista fora da faixa";"Atropelamento de Pedestre";"Com Vítimas Feridas";"Pleno dia";"Decrescente";"Sol";"Simples";"Reta";"Sim";2;0;0;2;0;0;2;2;-23,56385744;-51,49388552;"SPRF-PR";"DEL07-PR";"UOP03-DEL07-PR"
662607;2025-02-20;"quinta-feira";"19:00:00";"SP";101;15;"UBATUBA";"Conversão proibida";"Colisão lateral mesmo sentido";"Com Vítimas Feridas";"Plena Noite";"Crescente";"Garoa/Chuvisco";"Simples";"Interseção de Vias";"Não";2;0;1;0;1;0;1;2;-23,33509719;-44,88011527;"SPRF-SP";"DEL06-SP";"UOP01-DEL06-SP"
662609;2025-02-20;"quinta-feira";"20:15:00";"PB";101;54,8;"SANTA RITA";"Ausência de reação do condutor";"Colisão com objeto";"Com Vítimas Feridas";"Plena Noite";"Crescente";"Céu Claro";"Dupla";"Reta";"Não";1;0;1;0;0;0;1;1;-6,95396379;-35,09058058;"SPRF-PB";"DEL01-PB";"UOP03-DEL01-PB"
662611;2025-02-20;"quinta-feira";"19:07:00";"RO";364;605;"ITAPUA DO OESTE";"Transitar na contramão";"Colisão frontal";"Com Vítimas Feridas";"Plena Noite";"Crescente";"Céu Claro";"Simples";"Reta";"Sim";2;0;1;0;1;0;1;2;-9,18603983;-63,19487383;"SPRF-RO";"DEL01-RO";"UOP04-DEL01-RO"
662612;2025-02-20;"quinta-feira";"19:50:00";"ES";262;172,7;"IBATIBA";"Iluminação deficiente";"Atropelamento de Pedestre";"Com Vítimas Feridas";"Plena Noite";"Crescente";"Garoa/Chuvisco";"Simples";"Reta";"Não";2;0;0;1;0;1;1;2;-20,26658734;-41,60261276;"SPRF-ES";"DEL01-ES";"UOP02-DEL01-ES"
662613;2025-02-20;"quinta-feira";"20:30:00";"GO";153;421;"ANAPOLIS";"Velocidade Incompatível";"Saída de leito carroçável";"Com Vítimas Feridas";"Plena Noite";"Crescente";"Céu Claro";"Dupla";"Aclive";"Não";1;0;0;1;0;0;1;1;-16,185572;-49,038864;"SPRF-GO";"DEL02-GO";"UOP01-DEL02-GO"
662614;2025-02-20;"quinta-feira";"20:25:00";"RJ";101;484;"ANGRA DOS REIS";"Ausência de reação do condutor";"Colisão traseira";"Com Vítimas Feridas";"Plena Noite";"Decrescente";"Céu Claro";"Simples";"Aclive;Reta";"Sim";2;0;1;0;1;0;1;2;-22,99096308;-44,30429882;"SPRF-RJ";"DEL03-RJ";"UOP03-DEL03-RJ"
662616;2025-02-20;"quinta-feira";"20:00:00";"RJ";101;326;"RIO DE JANEIRO";"Ausência de reação do condutor";"Queda de ocupante de veículo";"Com Vítimas Feridas";"Plena Noite";"Crescente";"Céu Claro";"Múltipla";"Reta";"Não";2;0;2;0;0;0;2;1;-22,87206203;-43,146105;"SPRF-RJ";"DEL02-RJ";"UOP01-DEL02-RJ"
662617;2025-02-20;"quinta-feira";"19:23:00";"PR";153;109,6;"IBAITI";"Pedestre cruzava a pista fora da faixa";"Atropelamento de Pedestre";"Com Vítimas Feridas";"Plena Noite";"Decrescente";"Céu Claro";"Simples";"Reta";"Sim";3;0;0;1;2;0;1;2;-23,84682092;-50,19305065;"SPRF-PR";"DEL07-PR";"UOP04-DEL07-PR"
662620;2025-02-20;"quinta-feira";"22:00:00";"RN";427;97,4;"CAICO";"Iluminação deficiente";"Queda de ocupante de veículo";"Com Vítimas Feridas";"Plena Noite";"Decrescente";"Céu Claro";"Simples";"Curva;Interseção de Vias";"Não";2;0;2;0;0;0;2;1;-6,45672278;-37,05499649;"SPRF-RN";"DEL03-RN";"UOP01-DEL03-RN"
662622;2025-02-20;"quinta-feira";"10:30:00";"PB";230;27,7;"JOAO PESSOA";"Velocidade Incompatível";"Tombamento";"Com Vítimas Feridas";"Pleno dia";"Crescente";"Céu Claro";"Simples";"Curva";"Não";1;0;1;0;0;0;1;1;-7,16522213;-34,89490986;"SPRF-PB";"DEL01-PB";"UOP01-DEL01-PB"
662625;2025-02-20;"quinta-feira";"17:20:00";"RJ";40;123;"DUQUE DE CAXIAS";"Entrada inopinada do pedestre";"Atropelamento de Pedestre";"Com Vítimas Feridas";"Pleno dia";"Decrescente";"Céu Claro";"Dupla";"Curva";"Não";2;0;1;1;0;0;2;2;-22,80605282;-43,2891798;"SPRF-RJ";"DEL01-RJ";"UOP02-DEL01-RJ"
662627;2025-02-20;"quinta-feira";"22:00:00";"MG";116;409;"GOVERNADOR VALADARES";"Acessar a via sem observar a presença dos outros veículos";"Colisão transversal";"Com Vítimas Feridas";"Plena Noite";"Decrescente";"Céu Claro";"Dupla";"Retorno Regulamentado";"Sim";3;0;1;1;1;0;2;2;-18,84936788;-41,97891368;"SPRF-MG";"DEL06-MG";"UOP01-DEL06-MG"
662628;2025-02-20;"quinta-feira";"22:45:00";"ES";262;14;"VIANA";"Acumulo de areia ou detritos sobre o pavimento";"Queda de ocupante de veículo";"Com Vítimas Feridas";"Plena Noite";"Crescente";"Céu Claro";"Simples";"Reta";"Não";2;0;2;0;0;0;2;1;-20,37037726;-40,46264648;"SPRF-ES";"DEL01-ES";"UOP01-DEL01-ES"
662630;2025-02-20;"quinta-feira";"21:50:00";"GO";414;429,8;"ABADIANIA";"Transitar na contramão";"Colisão frontal";"Com Vítimas Fatais";"Plena Noite";"Crescente";"Céu Claro";"Simples";"Reta";"Não";4;1;0;3;0;0;3;2;-16,197245;-48,90861;"SPRF-GO";"DEL02-GO";"UOP01-DEL02-GO"
662632;2025-02-20;"quinta-feira";"22:40:00";"RS";290;107;"ELDORADO DO SUL";"Ausência de reação do condutor";"Colisão com objeto";"Com Vítimas Feridas";"Plena Noite";"Crescente";"Céu Claro";"Dupla";"Declive";"Sim";2;0;0;2;0;0;2;1;-30,001852;-51,304264;"SPRF-RS";"DEL02-RS";"UOP01-DEL02-RS"
662633;2025-02-20;"quinta-feira";"23:00:00";"RN";110;26,6;"AREIA BRANCA";"Demais falhas mecânicas ou elétricas";"Incêndio";"Sem Vítimas";"Plena Noite";"Decrescente";"Céu Claro";"Simples";"Reta";"Não";1;0;0;0;1;0;0;1;-5,08935544;-37,14496494;"SPRF-RN";"DEL04-RN";"UOP01-DEL04-RN"
662636;2025-02-20;"quinta-feira";"23:35:00";"RJ";101;318;"NITEROI";"Condutor Dormindo";"Queda de ocupante de veículo";"Com Vítimas Feridas";"Plena Noite";"Decrescente";"Céu Claro";"Dupla";"Reta";"Sim";1;0;1;0;0;0;1;1;-22,84562994;-43,09841211;"SPRF-RJ";"DEL02-RJ";"UOP02-DEL02-RJ"
662637;2025-02-21;"sexta-feira";"00:01:00";"SC";101;212,6;"PALHOCA";"Velocidade Incompatível";"Saída de leito carroçável";"Com Vítimas Feridas";"Plena Noite";"Crescente";"Céu Claro";"Dupla";"Reta";"Sim";2;0;2;0;0;0;2;1;-27,62996929;-48,65903871;"SPRF-SC";"DEL01-SC";"UOP02-DEL01-SC"
662638;2025-02-20;"quinta-feira";"21:25:00";"MG";262;6,9;"MARTINS SOARES";"Velocidade Incompatível";"Saída de leito carroçável";"Com Vítimas Fatais";"Plena Noite";"Crescente";"Céu Claro";"Simples";"Curva;Aclive";"Não";3;1;0;1;0;1;1;2;-20,25265863;-41,80892091;"SPRF-MG";"DEL06-MG";"UOP03-DEL06-MG"
662641;2025-02-21;"sexta-feira";"03:30:00";"ES";101;15;"PEDRO CANARIO";"Ausência de reação do condutor";"Tombamento";"Com Vítimas Feridas";"Plena Noite";"Decrescente";"Céu Claro";"Simples";"Declive;Reta";"Não";1;0;1;0;0;0;1;1;-18,29002497;-39,95475507;"SPRF-ES";"DEL04-ES";"UOP02-DEL04-ES"
662646;2025-02-21;"sexta-feira";"03:00:00";"MG";153;1,9;"ARAPORA";"Condutor Dormindo";"Saída de leito carroçável";"Com Vítimas Feridas";"Plena Noite";"Crescente";"Céu Claro";"Dupla";"Reta";"Sim";1;0;1;0;0;0;1;1;-18,42413279;-49,19437408;"SPRF-MG";"DEL15-MG";"UOP03-DEL15-MG"
662647;2025-02-21;"sexta-feira";"05:30:00";"DF";20;9;"BRASILIA";"Condutor Dormindo";"Saída de leito carroçável";"Sem Vítimas";"Amanhecer";"Crescente";"Céu Claro";"Simples";"Reta";"Sim";1;0;0;0;1;0;0;1;-15,652663;-47,778803;"SPRF-DF";"DEL02-DF";"UOP01-DEL02-DF"
662649;2025-02-21;"sexta-feira";"06:30:00";"PR";376;155,6;"MANDAGUACU";"Trafegar com motocicleta (ou similar) entre as faixas";"Colisão lateral mesmo sentido";"Com Vítimas Feridas";"Pleno dia";"Crescente";"Céu Claro";"Dupla";"Reta";"Não";6;0;0;1;5;0;1;2;-23,33851773;-52,09845693;"SPRF-PR";"DEL09-PR";"UOP02-DEL09-PR"