"id";"data_inversa";"dia_semana";"horario";"uf";"br";"km";"municipio";"causa_acidente";"tipo_acidente";"classificacao_acidente";"fase_dia";"sentido_via";"condicao_metereologica";"tipo_pista";"tracado_via";"uso_solo";"pessoas";"mortos";"feridos_leves";"feridos_graves";"ilesos";"ignorados";"feridos";"veiculos";"latitude";"longitude";"regional";"delegacia";"uop"
662782;2025-02-21;"sexta-feira";"19:00:00";"RN";101;115;"SAO JOSE DE MIPIBU";"Ausência de reação do condutor";"Queda de ocupante de veículo";"Com Vítimas Fatais";"Plena Noite";"Decrescente";"Céu Claro";"Dupla";"Curva";"Não";1;1;0;0;0;0;0;1;-6,014386;-35,25391;"SPRF-RN";"DEL01-RN";"UOP01-DEL01-RN"
662783;2025-02-21;"sexta-feira";"16:30:00";"SP";116;515;"BARRA DO TURVO";"Reação tardia ou ineficiente do condutor";"Queda de ocupante de veículo";"Com Vítimas Feridas";"Anoitecer";"Decrescente";"Garoa/Chuvisco";"Simples";"Curva;Aclive";"Não";1;0;1;0;0;0;1;1;-24,9288191;-48,2715751;"SPRF-SP";"DEL05-SP";"UOP02-DEL05-SP"
662784;2025-02-21;"sexta-feira";"16:15:00";"SC";101;333,7;"TUBARAO";"Desrespeitar a preferência no cruzamento";"Colisão transversal";"Com Vítimas Feridas";"Pleno dia";"Crescente";"Céu Claro";"Múltipla";"Interseção de Vias";"Sim";2;0;0;1;1;0;1;2;-28,47020032;-49,01618958;"SPRF-SC";"DEL02-SC";"UOP01-DEL02-SC"
662785;2025-02-21;"sexta-feira";"19:30:00";"ES";101;161;"LINHARES";"Transitar na contramão";"Colisão frontal";"Com Vítimas Fatais";"Plena Noite";"Decrescente";"Céu Claro";"Simples";"Reta";"Não";3;2;1;0;0;0;1;2;-19,48456249;-40,12082267;"SPRF-ES";"DEL04-ES";"UOP01-DEL04-ES"
662786;2025-02-21;"sexta-feira";"19:25:00";"RS";470;334,5;"TRIUNFO";"Ultrapassagem Indevida";"Colisão frontal";"Com Vítimas Fatais";"Plena Noite";"Decrescente";"Ignorado";"Simples";"Reta";"Não";6;1;1;1;2;1;2;4;-29,887999;-51,709422;"SPRF-RS";"DEL04-RS";"UOP02-DEL04-RS"
662787;2025-02-21;"sexta-feira";"17:40:00";"ES";262;168;"IBATIBA";"Ingestão de álcool pelo condutor";"Saída de leito carroçável";"Sem Vítimas";"Pleno dia";"Crescente";"Nublado";"Simples";"Curva";"Não";2;0;0;0;1;1;0;2;-20,2650207;-41,5737016;"SPRF-ES";"DEL01-ES";"UOP02-DEL01-ES"
662789;2025-02-21;"sexta-feira";"17:35:00";"SC";101;311;"LAGUNA";"Condutor deixou de manter distância do veículo da frente";"Colisão traseira";"Com Vítimas Feridas";"Pleno dia";"Decrescente";"Céu Claro";"Dupla";"Rotatória";"Não";2;0;1;0;1;0;1;2;-28,44035961;-48,81271183;"SPRF-SC";"DEL02-SC";"UOP01-DEL02-SC"
662791;2025-02-21;"sexta-feira";"19:00:00";"SP";116;283;"ITAPECERICA DA SERRA";"Ausência de reação do condutor";"Colisão lateral mesmo sentido";"Com Vítimas Feridas";"Plena Noite";"Decrescente";"Céu Claro";"Dupla";"Reta";"Sim";3;0;1;0;2;0;1;2;-23,700244;-46,868917;"SPRF-SP";"DEL04-SP";"UOP01-DEL04-SP"
662792;2025-02-21;"sexta-feira";"19:15:00";"GO";153;436;"ANAPOLIS";"Reação tardia ou ineficiente do condutor";"Colisão traseira";"Com Vítimas Feridas";"Plena Noite";"Decrescente";"Céu Claro";"Dupla";"Reta";"Não";3;0;2;0;1;0;2;2;-16,31723388;-48,92165445;"SPRF-GO";"DEL02-GO";"UOP01-DEL02-GO"
662794;2025-02-21;"sexta-feira";"18:55:00";"BA";110;365,3;"CATU";"Velocidade Incompatível";"Colisão transversal";"Com Vítimas Feridas";"Plena Noite";"Crescente";"Céu Claro";"Simples";"Interseção de Vias;Reta";"Sim";2;0;0;1;1;0;1;2;-12,355783;-38,391728;"SPRF-BA";"DEL01-BA";"UOP04-DEL01-BA"
662795;2025-02-21;"sexta-feira";"15:40:00";"MG";381;588;"CARMOPOLIS DE MINAS";"Acumulo de areia ou detritos sobre o pavimento";"Queda de ocupante de veículo";"Com Vítimas Feridas";"Pleno dia";"Crescente";"Céu Claro";"Simples";"Rotatória;Retorno Regulamentado;Declive;Viaduto;Curva";"Sim";1;0;1;0;0;0;1;1;-20,538334;-44,639885;"SPRF-MG";"DEL04-MG";"UOP01-DEL04-MG"
662797;2025-01-08;"quarta-feira";"19:50:00";"AL";101;205,2;"SAO SEBASTIAO";"Ingestão de álcool pelo condutor";"Colisão transversal";"Com Vítimas Feridas";"Plena Noite";"Decrescente";"Céu Claro";"Simples";"Desvio Temporário";"Sim";4;0;0;1;3;0;1;2;-9,98580388;-36,567173;"SPRF-AL";"DEL02-AL";"UOP02-DEL02-AL"
662798;2025-02-21;"sexta-feira";"19:10:00";"PE";232;236;"PESQUEIRA";"Demais falhas mecânicas ou elétricas";"Incêndio";"Sem Vítimas";"Plena Noite";"Crescente";"Vento";"Dupla";"Aclive;Reta";"Não";1;0;0;0;0;1;0;1;-8,41296;-36,927447;"SPRF-PE";"DEL04-PE";"UOP02-DEL04-PE"
662799;2025-02-21;"sexta-feira";"22:05:00";"SC";101;120,5;"ITAJAI";"Ausência de reação do condutor";"Tombamento";"Com Vítimas Feridas";"Plena Noite";"Decrescente";"Nublado";"Dupla";"Reta";"Não";2;0;1;0;1;0;1;1;-26,91010212;-48,71303558;"SPRF-SC";"DEL04-SC";"UOP04-DEL04-SC"
662800;2025-02-21;"sexta-feira";"21:30:00";"SC";470;52,6;"BLUMENAU";"Acessar a via sem observar a presença dos outros veículos";"Colisão transversal";"Com Vítimas Feridas";"Plena Noite";"Crescente";"Céu Claro";"Simples";"Retorno Regulamentado";"Não";2;0;0;2;0;0;2;2;-26,86494;-49,09922784;"SPRF-SC";"DEL04-SC";"UOP01-DEL04-SC"
662801;2025-02-21;"sexta-feira";"21:20:00";"DF";40;5,7;"BRASILIA";"Trafegar com motocicleta (ou similar) entre as faixas";"Colisão lateral mesmo sentido";"Com Vítimas Feridas";"Plena Noite";"Decrescente";"Céu Claro";"Dupla";"Reta";"Sim";2;0;1;0;1;0;1;2;-16,038473;-47,979837;"SPRF-DF";"DEL01-DF";"UOP01-DEL01-DF"
662802;2025-02-21;"sexta-feira";"20:30:00";"CE";222;185;"SOBRAL";"Demais falhas mecânicas ou elétricas";"Colisão com objeto";"Com Vítimas Feridas";"Pleno dia";"Crescente";"Céu Claro";"Simples";"Reta";"Não";3;0;3;0;0;0;3;1;-3,79213038;-40,12979507;"SPRF-CE";"DEL04-CE";"UOP01-DEL04-CE"
662803;2025-02-21;"sexta-feira";"21:30:00";"SP";101;51;"UBATUBA";"Conversão proibida";"Colisão traseira";"Com Vítimas Feridas";"Plena Noite";"Crescente";"Nublado";"Simples";"Reta";"Sim";3;0;0;1;2;0;1;3;-23,45990456;-45,06738966;"SPRF-SP";"DEL06-SP";"UOP01-DEL06-SP"
662804;2025-02-21;"sexta-feira";"21:55:00";"SC";101;121,9;"ITAJAI";"Ausência de reação do condutor";"Tombamento";"Com Vítimas Feridas";"Plena Noite";"Decrescente";"Nublado";"Dupla";"Reta";"Não";1;0;1;0;0;0;1;1;-26,94767779;-48,68475437;"SPRF-SC";"DEL04-SC";"UOP04-DEL04-SC"
662805;2025-02-21;"sexta-feira";"20:45:00";"PR";153;68,4;"GUAPIRAMA";"Acessar a via sem observar a presença dos outros veículos";"Colisão transversal";"Com Vítimas Feridas";"Plena Noite";"Crescente";"Céu Claro";"Simples";"Reta";"Não";3;0;0;1;1;1;1;3;-23,5107195;-50,1126576;"SPRF-PR";"DEL07-PR";"UOP04-DEL07-PR"
662806;2025-01-24;"sexta-feira";"08:37:00";"PI";343;329,6;"TERESINA";"Ausência de reação do condutor";"Colisão traseira";"Com Vítimas Feridas";"Pleno dia";"Decrescente";"Céu Claro";"Simples";"Curva";"Não";2;0;1;0;1;0;1;2;-5,064808;-42,641769;"SPRF-PI";"DEL01-PI";"UOP01-DEL01-PI"
662807;2025-02-21;"sexta-feira";"22:20:00";"SP";101;50;"UBATUBA";"Transitar na contramão";"Colisão frontal";"Com Vítimas Feridas";"Plena Noite";"Crescente";"Céu Claro";"Simples";"Reta";"Sim";2;0;1;0;1;0;1;2;-23,45681414;-45,07053673;"SPRF-SP";"DEL06-SP";"UOP01-DEL06-SP"
662808;2025-02-21;"sexta-feira";"22:05:00";"RS";116;530,8;"CAPAO DO LEAO";"Iluminação deficiente";"Colisão transversal";"Com Vítimas Feridas";"Plena Noite";"Crescente";"Céu Claro";"Simples";"Interseção de Vias;Reta";"Sim";2;0;1;0;1;0;1;2;-31,764218;-52,443382;"SPRF-RS";"DEL07-RS";"UOP01-DEL07-RS"
662809;2025-02-21;"sexta-feira";"22:35:00";"MG";381;350;"JOAO MONLEVADE";"Velocidade Incompatível";"Queda de ocupante de veículo";"Com Vítimas Feridas";"Plena Noite";"Decrescente";"Céu Claro";"Simples";"Curva";"Não";2;0;2;0;0;0;2;1;-19,86174537;-43,12408447;"SPRF-MG";"DEL03-MG";"UOP01-DEL03-MG"
662810;2025-02-21;"sexta-feira";"22:20:00";"RS";471;176;"RIO PARDO";"Acessar a via sem observar a presença dos outros veículos";"Colisão transversal";"Com Vítimas Feridas";"Plena Noite";"Decrescente";"Céu Claro";"Simples";"Reta";"Sim";3;0;1;0;2;0;1;2;-29,96975073;-52,37388611;"SPRF-RS";"DEL02-RS";"UOP03-DEL02-RS"
662811;2025-02-21;"sexta-feira";"16:50:00";"MT";174;6;"PONTES E LACERDA";"Acessar a via sem observar a presença dos outros veículos";"Colisão transversal";"Com Vítimas Feridas";"Pleno dia";"Crescente";"Céu Claro";"Dupla";"Interseção de Vias;Reta";"Sim";2;0;0;1;1;0;1;2;-15,22659446;-59,34941769;"SPRF-MT";"DEL03-MT";"UOP01-DEL03-MT"
662813;2025-02-21;"sexta-feira";"18:30:00";"RJ";116;76,3;"TERESOPOLIS";"Ingestão de álcool pelo condutor";"Colisão frontal";"Sem Vítimas";"Anoitecer";"Crescente";"Céu Claro";"Simples";"Curva";"Sim";2;0;0;0;2;0;0;2;-22,36069286;-42,9475522;"SPRF-RJ";"DEL04-RJ";"UOP01-DEL04-RJ"
662814;2025-02-21;"sexta-feira";"21:45:00";"ES";262;56;"MARECHAL FLORIANO";"Desrespeitar a preferência no cruzamento";"Colisão transversal";"Sem Vítimas";"Plena Noite";"Decrescente";"Céu Claro";"Simples";"Retorno Regulamentado";"Sim";6;0;0;0;5;1;0;2;-20,413305;-40,758813;"SPRF-ES";"DEL01-ES";"UOP01-DEL01-ES"
662815;2025-02-21;"sexta-feira";"18:30:00";"MT";163;634;"NOVA MUTUM";"Falta de acostamento";"Capotamento";"Com Vítimas Feridas";"Plena Noite";"Decrescente";"Céu Claro";"Simples";"Reta";"Não";1;0;0;1;0;0;1;1;-13,68829687;-56,03868484;"SPRF-MT";"DEL01-MT";"UOP01-DEL01-MT"
662816;2025-02-21;"sexta-feira";"22:00:00";"GO";60;53;"ABADIANIA";"Ingestão de álcool pelo condutor";"Saída de leito carroçável";"Com Vítimas Feridas";"Plena Noite";"Crescente";"Céu Claro";"Dupla";"Curva";"Não";1;0;1;0;0;0;1;1;-16,18759503;-48,66266772;"SPRF-GO";"DEL02-GO";"UOP01-DEL02-GO"
662817;2025-02-21;"sexta-feira";"22:20:00";"MS";463;100;"PONTA PORA";"Transitar na contramão";"Colisão frontal";"Com Vítimas Fatais";"Plena Noite";"Crescente";"Céu Claro";"Simples";"Curva";"Não";2;1;0;1;0;0;1;2;-22,62156;-55,617058;"SPRF-MS";"DEL04-MS";"UOP03-DEL04-MS"
662818;2025-02-21;"sexta-feira";"19:30:00";"CE";116;484,6;"MILAGRES";"Pedestre andava na pista";"Atropelamento de Pedestre";"Com Vítimas Feridas";"Plena Noite";"Crescente";"Céu Claro";"Simples";"Reta";"Sim";2;0;0;2;0;0;2;2;-7,339307;-38,936673;"SPRF-CE";"DEL05-CE";"UOP03-DEL05-CE"
662822;2025-02-21;"sexta-feira";"22:50:00";"GO";60;34,2;"GOIANIA";"Transitar na contramão";"Colisão lateral sentido oposto";"Com Vítimas Feridas";"Plena Noite";"Decrescente";"Céu Claro";"Dupla";"Aclive";"Sim";6;0;1;3;2;0;4;4;-16,71557533;-49,35696602;"SPRF-DF";"DEL03-DF";"UOP01-DEL03-DF"
662823;2025-02-21;"sexta-feira";"17:55:00";"PA";163;610;"TRAIRAO";"Ausência de reação do condutor";"Queda de ocupante de veículo";"Com Vítimas Feridas";"Anoitecer";"Crescente";"Nublado";"Simples";"Reta";"Não";1;0;1;0;0;0;1;1;-4,73282531;-56,04136705;"SPRF-PA";"DEL06-PA";"UOP02-DEL06-PA"
662824;2025-02-21;"sexta-feira";"23:00:00";"CE";116;37;"AQUIRAZ";"Animais na Pista";"Atropelamento de Animal";"Com Vítimas Feridas";"Plena Noite";"Crescente";"Céu Claro";"Dupla";"Reta";"Não";2;0;1;0;1;0;1;1;-4,0489227;-38,5068648;"SPRF-CE";"DEL01-CE";"UOP02-DEL01-CE"
662826;2025-02-21;"sexta-feira";"23:50:00";"PR";163;275;"QUATRO PONTES";"Condutor Dormindo";"Saída de leito carroçável";"Com Vítimas Feridas";"Plena Noite";"Decrescente";"Garoa/Chuvisco";"Dupla";"Declive";"Não";2;0;1;0;0;1;1;2;-24,57557233;-53,99443924;"SPRF-PR";"DEL06-PR";"UOP02-DEL06-PR"
662827;2025-02-21;"sexta-feira";"23:00:00";"ES";101;179,7;"ARACRUZ";"Transitar na contramão";"Colisão frontal";"Com Vítimas Fatais";"Plena Noite";"Crescente";"Céu Claro";"Dupla";"Reta";"Não";2;2;0;0;0;0;0;2;-19,6221091;-40,2194505;"SPRF-ES";"DEL04-ES";"UOP01-DEL04-ES"
662828;2025-02-21;"sexta-feira";"22:22:00";"PI";343;304,6;"ALTOS";"Reação tardia ou ineficiente do condutor";"Atropelamento de Pedestre";"Com Vítimas Feridas";"Plena Noite";"Decrescente";"Garoa/Chuvisco";"Simples";"Reta";"Sim";2;0;0;1;1;0;1;2;-5,03251;-42,44124;"SPRF-PI";"DEL01-PI";"UOP01-DEL01-PI"
662831;2025-02-22;"sábado";"01:40:00";"PR";376;490,2;"PONTA GROSSA";"Ingestão de álcool pelo condutor";"Saída de leito carroçável";"Sem Vítimas";"Plena Noite";"Crescente";"Nublado";"Dupla";"Curva;Declive";"Sim";1;0;0;0;0;1;0;1;-25,10361099;-50,19527816;"SPRF-PR";"DEL03-PR";"UOP04-DEL03-PR"
662832;2025-02-22;"sábado";"03:15:00";"RS";472;577;"URUGUAIANA";"Ingestão de álcool pelo condutor";"Colisão com objeto";"Com Vítimas Feridas";"Plena Noite";"Decrescente";"Céu Claro";"Simples";"Rotatória";"Não";2;0;1;0;1;0;1;1;-29,78020336;-57,06330585;"SPRF-RS";"DEL13-RS";"UOP01-DEL13-RS"
662833;2025-02-22;"sábado";"01:50:00";"PE";101;42;"IGARASSU";"Manobra de mudança de faixa";"Colisão lateral mesmo sentido";"Com Vítimas Feridas";"Plena Noite";"Decrescente";"Céu Claro";"Múltipla";"Aclive;Reta";"Sim";3;0;1;0;1;1;1;2;-7,844329;-34,910497;"SPRF-PE";"DEL01-PE";"UOP02-DEL01-PE"
662835;2025-02-22;"sábado";"02:05:00";"PE";101;42;"IGARASSU";"Reação tardia ou ineficiente do condutor";"Colisão traseira";"Com Vítimas Feridas";"Plena Noite";"Decrescente";"Céu Claro";"Múltipla";"Aclive";"Sim";3;0;0;2;1;0;2;2;-7,84397471;-34,91062403;"SPRF-PE";"DEL01-PE";"UOP02-DEL01-PE"
662836;2025-02-22;"sábado";"02:45:00";"GO";50;157;"CAMPO ALEGRE DE GOIAS";"Ausência de reação do condutor";"Colisão traseira";"Com Vítimas Fatais";"Plena Noite";"Decrescente";"Céu Claro";"Dupla";"Reta";"Não";2;1;0;0;0;1;0;2;-17,2287097;-47,759093;"SPRF-GO";"DEL06-GO";"UOP01-DEL06-GO"
662837;2025-02-22;"sábado";"02:40:00";"SC";470;133,9;"RIO DO SUL";"Transitar na contramão";"Colisão frontal";"Com Vítimas Fatais";"Plena Noite";"Decrescente";"Nublado";"Simples";"Reta";"Sim";2;1;1;0;0;0;1;2;-27,17404915;-49,58817065;"SPRF-SC";"DEL04-SC";"UOP02-DEL04-SC"
662838;2025-02-22;"sábado";"03:00:00";"SC";470;58,9;"BLUMENAU";"Ingestão de álcool pelo condutor";"Colisão frontal";"Com Vítimas Feridas";"Plena Noite";"Crescente";"Ignorado";"Simples";"Em Obras;Aclive;Reta";"Sim";4;0;0;2;2;0;2;2;-26,88279433;-49,15496707;"SPRF-SC";"DEL04-SC";"UOP01-DEL04-SC"
662839;2025-02-22;"sábado";"04:40:00";"PR";277;730;"FOZ DO IGUACU";"Ausência de reação do condutor";"Colisão traseira";"Sem Vítimas";"Plena Noite";"Decrescente";"Nublado";"Simples";"Curva";"Sim";2;0;0;0;2;0;0;2;-25,50964993;-54,59796309;"SPRF-PR";"DEL05-PR";"UOP03-DEL05-PR"
662840;2025-02-22;"sábado";"03:30:00";"GO";153;431,8;"ANAPOLIS";"Ausência de reação do condutor";"Colisão com objeto";"Com Vítimas Fatais";"Plena Noite";"Decrescente";"Céu Claro";"Dupla";"Reta";"Sim";1;1;0;0;0;0;0;1;-16,2770738;-48,9652557;"SPRF-GO";"DEL02-GO";"UOP01-DEL02-GO"
662843;2025-02-22;"sábado";"04:10:00";"PR";469;2;"FOZ DO IGUACU";"Ingestão de álcool pelo condutor";"Saída de leito carroçável";"Sem Vítimas";"Plena Noite";"Decrescente";"Céu Claro";"Simples";"Curva";"Não";1;0;0;0;0;1;0;1;-25,58667212;-54,56299782;"SPRF-PR";"DEL05-PR";"UOP04-DEL05-PR"
662844;2025-02-22;"sábado";"04:50:00";"RS";116;265;"CANOAS";"Entrada inopinada do pedestre";"Atropelamento de Pedestre";"Com Vítimas Fatais";"Plena Noite";"Decrescente";"Céu Claro";"Simples";"Reta";"Sim";2;1;0;0;1;0;0;2;-29,92204106;-51,17787838;"SPRF-RS";"DEL01-RS";"UOP01-DEL01-RS"
662845;2025-02-22;"sábado";"02:17:00";"SC";282;513,7;"XAXIM";"Acessar a via sem observar a presença dos outros veículos";"Colisão transversal";"Com Vítimas Feridas";"Plena Noite";"Decrescente";"Céu Claro";"Simples";"Reta";"Não";6;0;0;1;5;0;1;3;-26,915385;-52,484887;"SPRF-SC";"DEL07-SC";"UOP01-DEL07-SC"
662847;2025-02-22;"sábado";"02:30:00";"RS";471;611,9;"SANTA VITORIA DO PALMAR";"Animais na Pista";"Atropelamento de Animal";"Com Vítimas Feridas";"Plena Noite";"Decrescente";"Céu Claro";"Simples";"Reta";"Não";1;0;0;1;0;0;1;1;-33,45808347;-53,26638793;"SPRF-RS";"DEL07-RS";"UOP04-DEL07-RS"
662848;2025-02-22;"sábado";"05:30:00";"RS";116;261;"CANOAS";"Acostamento em desnível";"Colisão com objeto";"Com Vítimas Feridas";"Plena Noite";"Decrescente";"Céu Claro";"Dupla";"Reta";"Sim";1;0;1;0;0;0;1;1;-29,8946232;-51,1756295;"SPRF-RS";"DEL01-RS";"UOP01-DEL01-RS"
662849;2025-02-22;"sábado";"04:50:00";"RS";293;524,2;"PELOTAS";"Condutor Dormindo";"Tombamento";"Com Vítimas Feridas";"Plena Noite";"Crescente";"Céu Claro";"Dupla";"Reta";"Sim";1;0;1;0;0;0;1;1;-31,74784863;-52,41108298;"SPRF-RS";"DEL13-RS";"UOP01-DEL13-RS"
662850;2025-02-22;"sábado";"05:25:00";"RS";116;239;"NOVO HAMBURGO";"Reação tardia ou ineficiente do condutor";"Colisão traseira";"Com Vítimas Feridas";"Plena Noite";"Decrescente";"Céu Claro";"Dupla";"Reta";"Sim";2;0;1;0;1;0;1;2;-29,68089434;-51,14221573;"SPRF-RS";"DEL01-RS";"UOP02-DEL01-RS"
662852;2025-02-22;"sábado";"04:00:00";"MG";40;505;"ESMERALDAS";"Condutor Dormindo";"Saída de leito carroçável";"Com Vítimas Feridas";"Plena Noite";"Crescente";"Céu Claro";"Dupla";"Reta";"Não";1;0;1;0;0;0;1;1;-19,738035;-44,14955;"SPRF-MG";"DEL02-MG";"UOP01-DEL02-MG"
662853;2025-02-22;"sábado";"05:00:00";"RJ";356;158;"CAMPOS DOS GOYTACAZES";"Demais falhas mecânicas ou elétricas";"Incêndio";"Sem Vítimas";"Amanhecer";"Decrescente";"Céu Claro";"Simples";"Reta";"Sim";1;0;0;0;0;1;0;1;-21,7366666;-41,1997024;"SPRF-RJ";"DEL08-RJ";"UOP02-DEL08-RJ"
662854;2025-02-22;"sábado";"04:35:00";"MG";381;421;"CAETE";"Velocidade Incompatível";"Colisão com objeto";"Com Vítimas Feridas";"Plena Noite";"Crescente";"Céu Claro";"Dupla";"Rotatória;Declive";"Não";4;0;4;0;0;0;4;1;-19,761688;-43,640524;"SPRF-MG";"DEL01-MG";"UOP01-DEL01-MG"
662855;2025-02-22;"sábado";"04:40:00";"RS";293;120;"PINHEIRO MACHADO";"Condutor Dormindo";"Saída de leito carroçável";"Com Vítimas Feridas";"Plena Noite";"Crescente";"Céu Claro";"Simples";"Curva";"Não";2;0;0;1;1;0;1;1;-31,51841047;-53,5219574;"SPRF-RS";"DEL11-RS";"UOP03-DEL11-RS"
662856;2025-02-22;"sábado";"05:50:00";"RS";470;216;"BENTO GONCALVES";"Velocidade Incompatível";"Saída de leito carroçável";"Sem Vítimas";"Amanhecer";"Decrescente";"Céu Claro";"Dupla";"Reta";"Sim";1;0;0;0;0;1;0;1;-29,16662585;-51,52572602;"SPRF-RS";"DEL06-RS";"UOP01-DEL06-RS"
662857;2025-02-22;"sábado";"05:23:00";"SC";470;2;"ITAJAI";"Acessar a via sem observar a presença dos outros veículos";"Colisão transversal";"Com Vítimas Feridas";"Amanhecer";"Decrescente";"Nublado";"Dupla";"Interseção de Vias;Em Obras;Viaduto;Reta";"Não";2;0;1;0;0;1;1;2;-26,8896967;-48,6775899;"SPRF-SC";"DEL04-SC";"UOP04-DEL04-SC"
662858;2025-02-22;"sábado";"06:30:00";"PE";101;70;"RECIFE";"Demais falhas mecânicas ou elétricas";"Colisão com objeto";"Com Vítimas Feridas";"Pleno dia";"Crescente";"Céu Claro";"Simples";"Curva";"Não";1;0;1;0;0;0;1;1;-8,06962;-34,94297;"SPRF-PE";"DEL01-PE";"UOP01-DEL01-PE"
662859;2025-02-22;"sábado";"02:00:00";"PR";277;267;"PRUDENTOPOLIS";"Reação tardia ou ineficiente do condutor";"Saída de leito carroçável";"Sem Vítimas";"Plena Noite";"Decrescente";"Céu Claro";"Simples";"Curva";"Não";1;0;0;0;1;0;0;1;-25,40234446;-50,79872131;"SPRF-PR";"DEL08-PR";"UOP02-DEL08-PR"
662860;2025-02-22;"sábado";"04:10:00";"SC";116;67,6;"MONTE CASTELO";"Ausência de reação do condutor";"Colisão com objeto";"Com Vítimas Feridas";"Plena Noite";"Decrescente";"Céu Claro";"Simples";"Declive;Reta";"Sim";2;0;1;0;1;0;1;1;-26,448962;-50,228042;"SPRF-SC";"DEL06-SC";"UOP02-DEL06-SC"
662861;2025-02-22;"sábado";"07:00:00";"PB";0;0;"CAMPINA GRANDE";"Acessar a via sem observar a presença dos outros veículos";"Colisão transversal";"Com Vítimas Feridas";"Pleno dia";"Não Informado";"Céu Claro";"Dupla";"Curva;Rotatória;Declive";"Não";2;0;1;0;1;0;1;2;-7,281938;-35,769403;"SPRF-PB";"DEL02-PB";"UOP01-DEL02-PB"
662862;2025-02-22;"sábado";"05:22:00";"MT";163;751;"SORRISO";"Ingestão de álcool pelo condutor";"Tombamento";"Com Vítimas Feridas";"Pleno dia";"Decrescente";"Céu Claro";"Dupla";"Reta";"Sim";1;0;1;0;0;0;1;1;-12,56415576;-55,72215915;"SPRF-MT";"DEL06-MT";"UOP01-DEL06-MT"
662864;2025-02-22;"sábado";"02:10:00";"GO";364;55;"CACHOEIRA ALTA";"Ausência de reação do condutor";"Saída de leito carroçável";"Sem Vítimas";"Plena Noite";"Crescente";"Chuva";"Simples";"Reta;Declive";"Não";1;0;0;0;0;1;0;1;-18,76464;-50,92837;"SPRF-GO";"DEL05-GO";"UOP02-DEL05-GO"
662865;2025-02-22;"sábado";"05:30:00";"PR";277;129;"CAMPO LARGO";"Demais falhas mecânicas ou elétricas";"Incêndio";"Sem Vítimas";"Plena Noite";"Decrescente";"Céu Claro";"Dupla";"Rotatória";"Sim";1;0;0;0;0;1;0;1;-25,44578294;-49,56579566;"SPRF-PR";"DEL03-PR";"UOP03-DEL03-PR"
662866;2025-02-22;"sábado";"06:50:00";"SP";116;402;"MIRACATU";"Demais falhas mecânicas ou elétricas";"Incêndio";"Sem Vítimas";"Pleno dia";"Crescente";"Nublado";"Dupla";"Reta";"Não";5;0;0;0;5;0;0;1;-24,3155;-47,523;"SPRF-SP";"DEL04-SP";"UOP02-DEL04-SP"
662867;2025-02-22;"sábado";"06:30:00";"RS";290;72,3;"GRAVATAI";"Reação tardia ou ineficiente do condutor";"Colisão traseira";"Sem Vítimas";"Pleno dia";"Crescente";"Céu Claro";"Dupla";"Reta";"Não";3;0;0;0;3;0;0;2;-29,952907;-50,97936;"SPRF-RS";"DEL03-RS";"UOP01-DEL03-RS"
662868;2025-02-22;"sábado";"07:00:00";"DF";70;3,2;"BRASILIA";"Manobra de mudança de faixa";"Colisão lateral mesmo sentido";"Com Vítimas Feridas";"Pleno dia";"Decrescente";"Céu Claro";"Dupla";"Reta;Retorno Regulamentado";"Sim";4;0;1;0;2;1;1;3;-15,802153;-48,083573;"SPRF-DF";"DEL03-DF";"UOP02-DEL03-DF"
662869;2025-02-21;"sexta-feira";"21:00:00";"MG";50;182;"UBERABA";"Ausência de reação do condutor";"Colisão traseira";"Com Vítimas Feridas";"Plena Noite";"Crescente";"Céu Claro";"Dupla";"Reta";"Sim";3;0;2;0;0;1;2;2;-19,80934616;-47,90107727;"SPRF-MG";"DEL13-MG";"UOP01-DEL13-MG"
662870;2025-02-06;"quinta-feira";"16:50:00";"SP";153;51;"SAO JOSE DO RIO PRETO";"Transitar na contramão";"Colisão lateral sentido oposto";"Com Vítimas Feridas";"Pleno dia";"Decrescente";"Nublado";"Simples";"Reta";"Sim";4;0;1;0;3;0;1;2;-20,71801801;-49,33874223;"SPRF-SP";"DEL09-SP";"UOP01-DEL09-SP"
662871;2025-02-22;"sábado";"07:35:00";"CE";222;4,7;"CAUCAIA";"Manobra de mudança de faixa";"Colisão traseira";"Com Vítimas Feridas";"Pleno dia";"Decrescente";"Céu Claro";"Múltipla";"Reta";"Sim";2;0;1;0;1;0;1;2;-3,74241921;-38,61080003;"SPRF-CE";"DEL01-CE";"UOP01-DEL01-CE"
662872;2025-02-22;"sábado";"04:30:00";"RJ";40;51,3;"AREAL";"Velocidade Incompatível";"Tombamento";"Com Vítimas Feridas";"Amanhecer";"Crescente";"Céu Claro";"Dupla";"Curva;Viaduto";"Sim";1;0;0;1;0;0;1;1;-22,2825032;-43,1192847;"SPRF-RJ";"DEL05-RJ";"UOP02-DEL05-RJ"
662873;2025-02-22;"sábado";"07:35:00";"MG";262;378,5;"MATEUS LEME";"Ausência de reação do condutor";"Saída de leito carroçável";"Com Vítimas Feridas";"Pleno dia";"Decrescente";"Céu Claro";"Dupla";"Reta";"Não";3;0;2;0;1;0;2;1;-19,9229272;-44,46625328;"SPRF-MG";"DEL01-MG";"UOP03-DEL01-MG"