"id";"data_inversa";"dia_semana";"horario";"uf";"br";"km";"municipio";"causa_acidente";"tipo_acidente";"classificacao_acidente";"fase_dia";"sentido_via";"condicao_metereologica";"tipo_pista";"tracado_via";"uso_solo";"pessoas";"mortos";"feridos_leves";"feridos_graves";"ilesos";"ignorados";"feridos";"veiculos";"latitude";"longitude";"regional";"delegacia";"uop"
663410;2025-02-24;"segunda-feira";"14:00:00";"MG";153;25;"CENTRALINA";"Velocidade Incompatível";"Saída de leito carroçável";"Com Vítimas Feridas";"Pleno dia";"Decrescente";"Chuva";"Dupla";"Reta";"Não";1;0;1;0;0;0;1;1;-18,61501328;-49,1916275;"SPRF-MG";"DEL15-MG";"UOP03-DEL15-MG"
663411;2025-02-24;"segunda-feira";"13:20:00";"PI";316;312;"PICOS";"Ausência de reação do condutor";"Tombamento";"Com Vítimas Feridas";"Pleno dia";"Crescente";"Céu Claro";"Múltipla";"Reta";"Sim";2;0;1;0;0;1;1;2;-7,08092534;-41,4582602;"SPRF-PI";"DEL04-PI";"UOP01-DEL04-PI"
663412;2025-02-24;"segunda-feira";"15:15:00";"SP";116;229;"SAO PAULO";"Objeto estático sobre o leito carroçável";"Colisão com objeto";"Com Vítimas Feridas";"Pleno dia";"Crescente";"Céu Claro";"Múltipla";"Em Obras;Reta";"Sim";1;0;1;0;0;0;1;1;-23,5144192;-46,5781967;"SPRF-SP";"DEL01-SP";"UOP01-DEL01-SP"
663413;2025-02-24;"segunda-feira";"14:10:00";"PR";369;24,7;"CAMBARA";"Reação tardia ou ineficiente do condutor";"Saída de leito carroçável";"Com Vítimas Feridas";"Pleno dia";"Decrescente";"Céu Claro";"Simples";"Declive";"Não";2;0;1;1;0;0;2;1;-23,03843;-50,12493;"SPRF-PR";"DEL07-PR";"UOP05-DEL07-PR"
663414;2025-02-17;"segunda-feira";"00:40:00";"SP";116;149,4;"SAO JOSE DOS CAMPOS";"Velocidade Incompatível";"Colisão traseira";"Com Vítimas Feridas";"Plena Noite";"Decrescente";"Céu Claro";"Múltipla";"Reta";"Sim";2;0;0;1;1;0;1;2;-23,20700047;-45,88626861;"SPRF-SP";"DEL02-SP";"UOP01-DEL02-SP"
663415;2025-02-24;"segunda-feira";"15:00:00";"PE";423;91,5;"GARANHUNS";"Condutor usando celular";"Capotamento";"Com Vítimas Feridas";"Pleno dia";"Decrescente";"Céu Claro";"Simples";"Curva;Declive";"Não";1;0;1;0;0;0;1;1;-8,85856;-36,464603;"SPRF-PE";"DEL03-PE";"UOP01-DEL03-PE"
663420;2025-02-24;"segunda-feira";"14:50:00";"PR";277;116;"CAMPO LARGO";"Reação tardia ou ineficiente do condutor";"Queda de ocupante de veículo";"Com Vítimas Feridas";"Pleno dia";"Crescente";"Céu Claro";"Dupla";"Curva";"Não";1;0;0;1;0;0;1;1;-25,44258;-49,45031;"SPRF-PR";"DEL03-PR";"UOP03-DEL03-PR"
663423;2025-02-24;"segunda-feira";"15:15:00";"PB";230;23,2;"JOAO PESSOA";"Condutor deixou de manter distância do veículo da frente";"Colisão traseira";"Com Vítimas Feridas";"Pleno dia";"Decrescente";"Sol";"Dupla";"Reta";"Sim";3;0;1;1;1;0;2;2;-7,1692384;-34,87854481;"SPRF-PB";"DEL01-PB";"UOP01-DEL01-PB"
663425;2025-02-24;"segunda-feira";"14:50:00";"BA";101;489;"ITAJUIPE";"Acessar a via sem observar a presença dos outros veículos";"Colisão transversal";"Com Vítimas Feridas";"Pleno dia";"Crescente";"Ignorado";"Simples";"Curva";"Não";2;0;0;1;1;0;1;2;-14,683862;-39,363513;"SPRF-BA";"DEL05-BA";"UOP01-DEL05-BA"
663426;2025-02-24;"segunda-feira";"10:40:00";"SE";101;42;"JAPARATUBA";"Reação tardia ou ineficiente do condutor";"Queda de ocupante de veículo";"Com Vítimas Feridas";"Pleno dia";"Crescente";"Céu Claro";"Dupla";"Reta";"Não";1;0;1;0;0;0;1;1;-10,57045592;-36,96443439;"SPRF-SE";"DEL02-SE";"UOP02-DEL02-SE"
663428;2025-02-24;"segunda-feira";"14:30:00";"BA";324;537;"AMELIA RODRIGUES";"Chuva";"Queda de ocupante de veículo";"Com Vítimas Feridas";"Pleno dia";"Decrescente";"Chuva";"Dupla";"Curva";"Sim";2;0;1;0;1;0;1;2;-12,37961319;-38,79973389;"SPRF-BA";"DEL01-BA";"UOP03-DEL01-BA"
663429;2025-02-24;"segunda-feira";"11:15:00";"SC";470;142,4;"RIO DO SUL";"Ausência de reação do condutor";"Saída de leito carroçável";"Com Vítimas Feridas";"Pleno dia";"Decrescente";"Céu Claro";"Simples";"Curva";"Sim";1;0;1;0;0;0;1;1;-27,21583862;-49,65365303;"SPRF-SC";"DEL04-SC";"UOP02-DEL04-SC"
663430;2025-02-24;"segunda-feira";"16:00:00";"SC";101;197,8;"BIGUACU";"Objeto estático sobre o leito carroçável";"Colisão com objeto";"Com Vítimas Feridas";"Pleno dia";"Crescente";"Céu Claro";"Dupla";"Reta";"Sim";2;0;1;0;1;0;1;1;-27,524237;-48,636442;"SPRF-SC";"DEL01-SC";"UOP01-DEL01-SC"
663432;2025-02-24;"segunda-feira";"14:21:00";"PA";230;118;"MARABA";"Acessar a via sem observar a presença dos outros veículos";"Colisão transversal";"Com Vítimas Feridas";"Pleno dia";"Decrescente";"Nublado";"Dupla";"Reta";"Sim";2;0;1;0;1;0;1;2;-5,35134222;-49,09948826;"SPRF-PA";"DEL03-PA";"UOP01-DEL03-PA"
663434;2025-02-24;"segunda-feira";"16:00:00";"RS";116;501,9;"PELOTAS";"Ausência de reação do condutor";"Saída de leito carroçável";"Com Vítimas Feridas";"Pleno dia";"Crescente";"Céu Claro";"Simples";"Reta";"Não";1;0;1;0;0;0;1;1;-31,63781019;-52,33200073;"SPRF-RS";"DEL07-RS";"UOP01-DEL07-RS"
663435;2025-02-24;"segunda-feira";"16:00:00";"SP";381;83;"SAO PAULO";"Objeto estático sobre o leito carroçável";"Colisão lateral mesmo sentido";"Com Vítimas Feridas";"Pleno dia";"Decrescente";"Céu Claro";"Múltipla";"Reta";"Sim";3;0;1;0;2;0;1;3;-23,44622;-46,56881;"SPRF-SP";"DEL03-SP";"UOP01-DEL03-SP"
663436;2025-02-24;"segunda-feira";"13:00:00";"ES";262;177,8;"IRUPI";"Acessar a via sem observar a presença dos outros veículos";"Colisão transversal";"Com Vítimas Feridas";"Pleno dia";"Crescente";"Céu Claro";"Simples";"Curva";"Não";2;0;1;0;1;0;1;2;-20,27339069;-41,60718537;"SPRF-ES";"DEL01-ES";"UOP02-DEL01-ES"
663439;2025-02-24;"segunda-feira";"14:40:00";"PE";423;41;"CACHOEIRINHA";"Acessar a via sem observar a presença dos outros veículos";"Colisão transversal";"Com Vítimas Feridas";"Pleno dia";"Crescente";"Céu Claro";"Simples";"Curva";"Não";3;0;3;0;0;0;3;2;-8,501938;-36,247223;"SPRF-PE";"DEL03-PE";"UOP01-DEL03-PE"
663440;2025-02-22;"sábado";"19:50:00";"MG";381;549;"RIO MANSO";"Acumulo de areia ou detritos sobre o pavimento";"Colisão com objeto";"Sem Vítimas";"Plena Noite";"Crescente";"Céu Claro";"Simples";"Reta";"Não";3;0;0;0;3;0;0;2;-20,28004991;-44,39723968;"SPRF-MG";"DEL04-MG";"UOP03-DEL04-MG"
663442;2025-02-24;"segunda-feira";"16:00:00";"RJ";101;507;"ANGRA DOS REIS";"Transitar na contramão";"Colisão frontal";"Com Vítimas Feridas";"Pleno dia";"Decrescente";"Sol";"Simples";"Reta";"Sim";2;0;0;1;1;0;1;2;-22,9363436;-44,40866679;"SPRF-RJ";"DEL03-RJ";"UOP03-DEL03-RJ"
663443;2025-02-24;"segunda-feira";"16:30:00";"MG";381;503,6;"BETIM";"Mal súbito do condutor";"Colisão com objeto";"Com Vítimas Feridas";"Pleno dia";"Crescente";"Céu Claro";"Dupla";"Reta";"Sim";1;0;0;1;0;0;1;1;-20,0309988;-44,23704677;"SPRF-MG";"DEL01-MG";"UOP03-DEL01-MG"
663444;2025-02-24;"segunda-feira";"16:00:00";"PA";316;146;"PEIXE-BOI";"Ausência de reação do condutor";"Colisão traseira";"Com Vítimas Feridas";"Pleno dia";"Decrescente";"Sol";"Simples";"Reta";"Não";3;0;1;1;0;1;2;2;-1,231285;-47,216423;"SPRF-PA";"DEL01-PA";"UOP03-DEL01-PA"
663445;2025-02-24;"segunda-feira";"16:45:00";"RN";406;170;"SAO GONCALO DO AMARANTE";"Acessar a via sem observar a presença dos outros veículos";"Capotamento";"Com Vítimas Feridas";"Pleno dia";"Crescente";"Céu Claro";"Dupla";"Retorno Regulamentado;Reta;Interseção de Vias;Declive";"Sim";5;0;4;0;0;1;4;2;-5,75867751;-35,30040264;"SPRF-RN";"DEL02-RN";"UOP01-DEL02-RN"
663446;2025-02-24;"segunda-feira";"14:00:00";"SC";282;462;"PONTE SERRADA";"Reação tardia ou ineficiente do condutor";"Saída de leito carroçável";"Sem Vítimas";"Pleno dia";"Crescente";"Céu Claro";"Dupla";"Rotatória";"Sim";1;0;0;0;0;1;0;1;-26,85590932;-52,03176178;"SPRF-SC";"DEL07-SC";"UOP04-DEL07-SC"
663449;2025-02-24;"segunda-feira";"16:40:00";"SC";101;334;"TUBARAO";"Desrespeitar a preferência no cruzamento";"Colisão transversal";"Com Vítimas Feridas";"Pleno dia";"Decrescente";"Céu Claro";"Dupla";"Interseção de Vias";"Sim";6;0;1;0;5;0;1;2;-28,4707662;-49,01846409;"SPRF-SC";"DEL02-SC";"UOP01-DEL02-SC"
663450;2025-02-24;"segunda-feira";"17:00:00";"PI";343;13;"PARNAIBA";"Condutor desrespeitou a iluminação vermelha do semáforo";"Colisão transversal";"Com Vítimas Feridas";"Pleno dia";"Crescente";"Céu Claro";"Dupla";"Interseção de Vias";"Sim";2;0;1;0;1;0;1;2;-2,91706017;-41,7537412;"SPRF-PI";"DEL05-PI";"UOP01-DEL05-PI"
663453;2025-02-24;"segunda-feira";"17:05:00";"SP";116;311;"SAO LOURENCO DA SERRA";"Demais falhas mecânicas ou elétricas";"Tombamento";"Com Vítimas Feridas";"Pleno dia";"Crescente";"Céu Claro";"Dupla";"Reta";"Não";2;0;1;0;1;0;1;1;-23,87566146;-46,96690863;"SPRF-SP";"DEL04-SP";"UOP01-DEL04-SP"
663454;2025-01-20;"segunda-feira";"14:00:00";"RJ";101;283;"ITABORAI";"Reação tardia ou ineficiente do condutor";"Colisão traseira";"Com Vítimas Feridas";"Pleno dia";"Crescente";"Céu Claro";"Dupla";"Reta";"Não";6;0;1;0;5;0;1;3;-22,73591014;-42,80592689;"SPRF-RJ";"DEL02-RJ";"UOP02-DEL02-RJ"
663456;2025-02-24;"segunda-feira";"17:50:00";"RS";290;144,7;"ELDORADO DO SUL";"Acessar a via sem observar a presença dos outros veículos";"Colisão lateral mesmo sentido";"Com Vítimas Feridas";"Pleno dia";"Decrescente";"Sol";"Simples";"Reta;Interseção de Vias";"Não";2;0;1;0;1;0;1;2;-30,10071027;-51,65726852;"SPRF-RS";"DEL02-RS";"UOP01-DEL02-RS"
663457;2025-02-24;"segunda-feira";"15:00:00";"SC";101;447;"SANTA ROSA DO SUL";"Ausência de reação do condutor";"Saída de leito carroçável";"Com Vítimas Feridas";"Pleno dia";"Crescente";"Céu Claro";"Múltipla";"Reta";"Sim";3;0;1;1;1;0;2;1;-29,16398998;-49,74283218;"SPRF-SC";"DEL02-SC";"UOP02-DEL02-SC"
663458;2025-02-24;"segunda-feira";"17:50:00";"GO";40;3;"VALPARAISO DE GOIAS";"Reação tardia ou ineficiente do condutor";"Saída de leito carroçável";"Com Vítimas Feridas";"Anoitecer";"Decrescente";"Céu Claro";"Dupla";"Reta";"Sim";1;0;1;0;0;0;1;1;-16,081724;-47,98647;"SPRF-DF";"DEL01-DF";"UOP01-DEL01-DF"
663459;2025-02-24;"segunda-feira";"17:50:00";"MG";381;495,3;"BETIM";"Condutor deixou de manter distância do veículo da frente";"Colisão traseira";"Com Vítimas Feridas";"Anoitecer";"Decrescente";"Céu Claro";"Dupla";"Curva;Declive";"Não";2;0;1;0;1;0;1;2;-19,97018187;-44,18210416;"SPRF-MG";"DEL01-MG";"UOP03-DEL01-MG"
663460;2025-02-24;"segunda-feira";"17:00:00";"RJ";493;110;"DUQUE DE CAXIAS";"Ausência de reação do condutor";"Queda de ocupante de veículo";"Com Vítimas Feridas";"Pleno dia";"Decrescente";"Céu Claro";"Dupla";"Reta";"Sim";1;0;1;0;0;0;1;1;-22,671713;-43,2779505;"SPRF-RJ";"DEL01-RJ";"UOP03-DEL01-RJ"
663461;2025-02-24;"segunda-feira";"18:10:00";"DF";60;3;"BRASILIA";"Trafegar com motocicleta (ou similar) entre as faixas";"Colisão lateral mesmo sentido";"Com Vítimas Feridas";"Anoitecer";"Crescente";"Nublado";"Dupla";"Reta";"Sim";2;0;1;0;1;0;1;2;-15,889831;-48,085951;"SPRF-DF";"DEL03-DF";"UOP01-DEL03-DF"
663464;2025-02-24;"segunda-feira";"17:40:00";"RJ";465;14;"SEROPEDICA";"Ultrapassagem Indevida";"Colisão lateral mesmo sentido";"Com Vítimas Feridas";"Pleno dia";"Decrescente";"Céu Claro";"Simples";"Reta";"Sim";2;0;0;1;1;0;1;2;-22,80681;-43,6362;"SPRF-RJ";"DEL06-RJ";"UOP02-DEL06-RJ"
663465;2025-02-08;"sábado";"15:20:00";"PR";376;188;"MARIALVA";"Condutor deixou de manter distância do veículo da frente";"Colisão com objeto";"Com Vítimas Feridas";"Pleno dia";"Decrescente";"Céu Claro";"Dupla";"Reta";"Sim";1;0;1;0;0;0;1;1;-23,45355633;-51,85016602;"SPRF-PR";"DEL09-PR";"UOP01-DEL09-PR"
663466;2025-02-24;"segunda-feira";"18:05:00";"SP";116;146;"SAO JOSE DOS CAMPOS";"Ausência de reação do condutor";"Engavetamento";"Com Vítimas Feridas";"Pleno dia";"Crescente";"Céu Claro";"Dupla";"Reta;Aclive";"Sim";3;0;1;1;1;0;2;3;-23,18411492;-45,84955996;"SPRF-SP";"DEL02-SP";"UOP01-DEL02-SP"
663467;2025-02-24;"segunda-feira";"18:00:00";"PI";343;36;"PARNAIBA";"Acessar a via sem observar a presença dos outros veículos";"Colisão frontal";"Com Vítimas Feridas";"Anoitecer";"Decrescente";"Céu Claro";"Simples";"Reta";"Sim";3;0;0;1;2;0;1;2;-3,11274836;-41,78031921;"SPRF-PI";"DEL05-PI";"UOP01-DEL05-PI"
663468;2025-02-24;"segunda-feira";"17:00:00";"MA";230;404;"BALSAS";"Acessar a via sem observar a presença dos outros veículos";"Colisão transversal";"Com Vítimas Feridas";"Pleno dia";"Decrescente";"Céu Claro";"Simples";"Reta";"Sim";2;0;2;0;0;0;2;2;-7,52389115;-46,04206285;"SPRF-MA";"DEL05-MA";"UOP01-DEL05-MA"
663469;2025-02-24;"segunda-feira";"17:00:00";"SC";101;376,7;"ICARA";"Demais falhas mecânicas ou elétricas";"Tombamento";"Com Vítimas Feridas";"Pleno dia";"Crescente";"Céu Claro";"Múltipla";"Curva";"Sim";1;0;1;0;0;0;1;1;-28,72463918;-49,23804045;"SPRF-SC";"DEL02-SC";"UOP01-DEL02-SC"
663470;2025-02-24;"segunda-feira";"18:10:00";"SC";280;3;"SAO FRANCISCO DO SUL";"Acessar a via sem observar a presença dos outros veículos";"Colisão transversal";"Com Vítimas Feridas";"Anoitecer";"Crescente";"Céu Claro";"Simples";"Rotatória;Interseção de Vias";"Sim";3;0;2;0;1;0;2;2;-26,25171436;-48,61785471;"SPRF-SC";"DEL03-SC";"UOP03-DEL03-SC"
663471;2025-02-24;"segunda-feira";"10:00:00";"PI";230;302;"FLORIANO";"Acessar a via sem observar a presença dos outros veículos";"Colisão transversal";"Com Vítimas Feridas";"Pleno dia";"Crescente";"Chuva";"Simples";"Curva";"Não";2;0;2;0;0;0;2;2;-6,809661;-42,9532;"SPRF-PI";"DEL03-PI";"UOP01-DEL03-PI"
663472;2025-02-24;"segunda-feira";"18:10:00";"CE";116;22,5;"AQUIRAZ";"Avarias e/ou desgaste excessivo no pneu";"Tombamento";"Com Vítimas Feridas";"Plena Noite";"Crescente";"Nublado";"Múltipla";"Reta";"Sim";2;0;2;0;0;0;2;1;-3,94658918;-38,51098537;"SPRF-CE";"DEL01-CE";"UOP02-DEL01-CE"
663474;2025-02-24;"segunda-feira";"17:20:00";"MG";267;123;"JUIZ DE FORA";"Acessar a via sem observar a presença dos outros veículos";"Colisão lateral mesmo sentido";"Com Vítimas Feridas";"Pleno dia";"Decrescente";"Nublado";"Simples";"Interseção de Vias;Reta";"Não";2;0;1;0;1;0;1;2;-21,71122413;-43,49030256;"SPRF-MG";"DEL05-MG";"UOP01-DEL05-MG"
663475;2025-02-24;"segunda-feira";"18:35:00";"PE";232;515;"SALGUEIRO";"Animais na Pista";"Atropelamento de Animal";"Com Vítimas Feridas";"Pleno dia";"Crescente";"Céu Claro";"Simples";"Reta";"Não";2;0;1;1;0;0;2;1;-8,066963;-39,184298;"SPRF-PE";"DEL05-PE";"UOP01-DEL05-PE"
663477;2025-02-24;"segunda-feira";"18:40:00";"MG";381;894;"CAMBUI";"Ausência de reação do condutor";"Saída de leito carroçável";"Com Vítimas Feridas";"Anoitecer";"Crescente";"Céu Claro";"Dupla";"Reta;Aclive";"Não";2;0;1;0;1;0;1;1;-22,58118;-46,04597;"SPRF-MG";"DEL16-MG";"UOP01-DEL16-MG"
663478;2025-02-24;"segunda-feira";"18:32:00";"RN";101;102;"SAO JOSE DE MIPIBU";"Ausência de reação do condutor";"Colisão com objeto";"Com Vítimas Feridas";"Plena Noite";"Decrescente";"Céu Claro";"Múltipla";"Reta";"Não";3;0;1;0;1;1;1;3;-6,018491;-35,252473;"SPRF-RN";"DEL01-RN";"UOP01-DEL01-RN"
663480;2025-02-24;"segunda-feira";"19:00:00";"SC";101;208,2;"SAO JOSE";"Reação tardia ou ineficiente do condutor";"Colisão traseira";"Com Vítimas Feridas";"Plena Noite";"Decrescente";"Céu Claro";"Múltipla";"Reta;Declive";"Sim";2;0;0;1;1;0;1;2;-27,60491023;-48,633185;"SPRF-SC";"DEL01-SC";"UOP01-DEL01-SC"
663485;2025-02-01;"sábado";"17:30:00";"PE";232;383;"CALUMBI";"Reação tardia ou ineficiente do condutor";"Colisão transversal";"Com Vítimas Feridas";"Pleno dia";"Crescente";"Céu Claro";"Simples";"Reta";"Não";2;0;0;1;1;0;1;2;-8,03850174;-38,08422661;"SPRF-PE";"DEL04-PE";"UOP01-DEL04-PE"
663486;2025-02-17;"segunda-feira";"05:30:00";"MG";40;702,6;"BARBACENA";"Reação tardia ou ineficiente do condutor";"Colisão traseira";"Sem Vítimas";"Amanhecer";"Crescente";"Céu Claro";"Dupla";"Reta";"Não";2;0;0;0;2;0;0;2;-21,220512;-43,734247;"SPRF-MG";"DEL05-MG";"UOP02-DEL05-MG"
663487;2025-02-24;"segunda-feira";"19:30:00";"SC";282;210,2;"SAO JOSE";"Reação tardia ou ineficiente do condutor";"Colisão traseira";"Sem Vítimas";"Plena Noite";"Decrescente";"Céu Claro";"Múltipla";"Reta";"Sim";2;0;0;0;2;0;0;2;-27,615942;-48,644925;"SPRF-SC";"DEL05-SC";"UOP01-DEL05-SC"
663491;2025-02-24;"segunda-feira";"19:30:00";"RJ";101;508;"ANGRA DOS REIS";"Conversão proibida";"Colisão transversal";"Com Vítimas Feridas";"Plena Noite";"Crescente";"Céu Claro";"Simples";"Reta";"Não";4;0;1;0;2;1;1;3;-22,94416683;-44,42742348;"SPRF-RJ";"DEL03-RJ";"UOP03-DEL03-RJ"
663492;2025-02-24;"segunda-feira";"20:00:00";"SC";101;320,1;"PESCARIA BRAVA";"Conversão proibida";"Colisão transversal";"Com Vítimas Feridas";"Plena Noite";"Decrescente";"Céu Claro";"Simples";"Reta";"Sim";2;0;1;0;1;0;1;2;-28,42469047;-48,89753401;"SPRF-SC";"DEL02-SC";"UOP01-DEL02-SC"
663494;2025-02-24;"segunda-feira";"19:37:00";"SC";280;4;"SAO FRANCISCO DO SUL";"Condutor deixou de manter distância do veículo da frente";"Colisão traseira";"Com Vítimas Feridas";"Plena Noite";"Decrescente";"Céu Claro";"Simples";"Reta";"Não";3;0;1;0;2;0;1;2;-26,25708872;-48,62205505;"SPRF-SC";"DEL03-SC";"UOP03-DEL03-SC"
663495;2025-02-24;"segunda-feira";"19:50:00";"SC";101;206,6;"SAO JOSE";"Reação tardia ou ineficiente do condutor";"Colisão traseira";"Com Vítimas Feridas";"Plena Noite";"Decrescente";"Céu Claro";"Múltipla";"Reta;Declive";"Sim";2;0;1;0;1;0;1;2;-27,597782;-48,620298;"SPRF-SC";"DEL01-SC";"UOP01-DEL01-SC"
663498;2025-02-24;"segunda-feira";"18:10:00";"PR";373;193;"PONTA GROSSA";"Condutor deixou de manter distância do veículo da frente";"Engavetamento";"Com Vítimas Feridas";"Anoitecer";"Decrescente";"Céu Claro";"Simples";"Aclive";"Não";6;0;1;0;5;0;1;3;-25,07076;-50,359408;"SPRF-PR";"DEL03-PR";"UOP01-DEL03-PR"
663500;2025-02-24;"segunda-feira";"18:40:00";"PR";116;102,9;"SAO JOSE DOS PINHAIS";"Demais falhas mecânicas ou elétricas";"Incêndio";"Sem Vítimas";"Anoitecer";"Decrescente";"Céu Claro";"Dupla";"Reta";"Não";1;0;0;0;1;0;0;1;-25,569979;-49,187011;"SPRF-PR";"DEL01-PR";"UOP07-DEL01-PR"
663502;2025-02-24;"segunda-feira";"15:50:00";"MG";116;404,9;"GOVERNADOR VALADARES";"Demais Fenômenos da natureza";"Colisão com objeto";"Com Vítimas Feridas";"Pleno dia";"Decrescente";"Chuva";"Simples";"Curva";"Não";5;0;1;0;4;0;1;1;-18,80753647;-41,98476792;"SPRF-MG";"DEL06-MG";"UOP01-DEL06-MG"
663503;2025-02-24;"segunda-feira";"13:10:00";"PA";163;524;"ITAITUBA";"Reação tardia ou ineficiente do condutor";"Saída de leito carroçável";"Sem Vítimas";"Pleno dia";"Crescente";"Chuva";"Simples";"Curva;Declive";"Não";5;0;0;0;1;4;0;1;-4,81026481;-56,12557983;"SPRF-PA";"DEL06-PA";"UOP02-DEL06-PA"
663506;2025-02-24;"segunda-feira";"20:15:00";"RS";293;105;"PINHEIRO MACHADO";"Sinalização mal posicionada";"Colisão com objeto";"Com Vítimas Feridas";"Plena Noite";"Crescente";"Ignorado";"Simples";"Reta";"Não";1;0;0;1;0;0;1;1;-31,57828864;-53,36369634;"SPRF-RS";"DEL11-RS";"UOP03-DEL11-RS"
663507;2025-01-30;"quinta-feira";"16:00:00";"PE";407;128;"PETROLINA";"Acessar a via sem observar a presença dos outros veículos";"Saída de leito carroçável";"Com Vítimas Feridas";"Pleno dia";"Decrescente";"Céu Claro";"Múltipla";"Reta";"Sim";1;0;1;0;0;0;1;1;-9,39920045;-40,50481081;"SPRF-PE";"DEL06-PE";"UOP01-DEL06-PE"
663508;2025-02-24;"segunda-feira";"20:30:00";"MG";50;42;"ARAGUARI";"Velocidade Incompatível";"Tombamento";"Com Vítimas Feridas";"Plena Noite";"Decrescente";"Céu Claro";"Dupla";"Reta";"Não";1;0;1;0;0;0;1;1;-18,6757971;-48,1703639;"SPRF-MG";"DEL15-MG";"UOP02-DEL15-MG"
663509;2025-02-24;"segunda-feira";"11:05:00";"RS";386;435,2;"NOVA SANTA RITA";"Desrespeitar a preferência no cruzamento";"Colisão transversal";"Com Vítimas Feridas";"Pleno dia";"Decrescente";"Céu Claro";"Dupla";"Rotatória";"Não";4;0;3;0;1;0;3;2;-29,84780952;-51,27100468;"SPRF-RS";"DEL04-RS";"UOP02-DEL04-RS"
663511;2025-02-24;"segunda-feira";"18:55:00";"PI";316;10;"TERESINA";"Ausência de reação do condutor";"Queda de ocupante de veículo";"Com Vítimas Feridas";"Amanhecer";"Decrescente";"Céu Claro";"Múltipla";"Reta";"Sim";1;0;0;1;0;0;1;1;-5,2678834;-42,7275407;"SPRF-PI";"DEL01-PI";"UOP02-DEL01-PI"
663512;2025-02-24;"segunda-feira";"21:30:00";"SC";470;53,9;"BLUMENAU";"Ausência de reação do condutor";"Colisão com objeto";"Com Vítimas Feridas";"Plena Noite";"Decrescente";"Céu Claro";"Simples";"Em Obras;Reta";"Não";1;0;1;0;0;0;1;1;-26,87120952;-49,11093056;"SPRF-SC";"DEL04-SC";"UOP01-DEL04-SC"
663513;2025-02-24;"segunda-feira";"16:40:00";"RJ";393;155;"TRES RIOS";"Problema na suspensão";"Queda de ocupante de veículo";"Com Vítimas Feridas";"Pleno dia";"Decrescente";"Céu Claro";"Simples";"Curva";"Não";1;0;0;1;0;0;1;1;-22,10240539;-43,07539165;"SPRF-RJ";"DEL05-RJ";"UOP01-DEL05-RJ"
663514;2025-02-24;"segunda-feira";"21:20:00";"PR";277;75,5;"SAO JOSE DOS PINHAIS";"Condutor deixou de manter distância do veículo da frente";"Colisão traseira";"Com Vítimas Feridas";"Plena Noite";"Crescente";"Nublado";"Dupla";"Reta";"Não";2;0;1;0;1;0;1;2;-25,4923889;-49,17051315;"SPRF-PR";"DEL01-PR";"UOP07-DEL01-PR"
663515;2025-02-24;"segunda-feira";"17:50:00";"SP";153;321;"RIBEIRAO DO SUL";"Acessar a via sem observar a presença dos outros veículos";"Colisão transversal";"Com Vítimas Feridas";"Pleno dia";"Decrescente";"Céu Claro";"Simples";"Reta";"Não";2;0;0;1;1;0;1;2;-22,77421742;-49,88953292;"SPRF-SP";"DEL07-SP";"UOP03-DEL07-SP"
663516;2025-02-24;"segunda-feira";"19:35:00";"MG";50;174,3;"UBERABA";"Ausência de reação do condutor";"Colisão traseira";"Sem Vítimas";"Plena Noite";"Decrescente";"Céu Claro";"Dupla";"Reta";"Sim";2;0;0;0;1;1;0;2;-19,772471;-47,973108;"SPRF-MG";"DEL13-MG";"UOP01-DEL13-MG"
663517;2025-02-24;"segunda-feira";"21:30:00";"MG";381;429,7;"SABARA";"Ultrapassagem Indevida";"Saída de leito carroçável";"Com Vítimas Fatais";"Plena Noite";"Decrescente";"Nublado";"Simples";"Curva";"Não";1;1;0;0;0;0;0;1;-19,7885749;-43,698001;"SPRF-MG";"DEL01-MG";"UOP01-DEL01-MG"
663518;2025-02-24;"segunda-feira";"22:00:00";"TO";153;143;"ARAGUAINA";"Reação tardia ou ineficiente do condutor";"Capotamento";"Com Vítimas Feridas";"Plena Noite";"Crescente";"Céu Claro";"Dupla";"Reta";"Sim";1;0;1;0;0;0;1;1;-7,19554615;-48,235969;"SPRF-TO";"DEL02-TO";"UOP01-DEL02-TO"
663519;2025-02-24;"segunda-feira";"19:40:00";"MS";163;373,3;"NOVA ALVORADA DO SUL";"Animais na Pista";"Atropelamento de Animal";"Com Vítimas Feridas";"Plena Noite";"Decrescente";"Céu Claro";"Dupla";"Aclive;Curva";"Não";1;0;1;0;0;0;1;1;-21,39936894;-54,40567757;"SPRF-MS";"DEL02-MS";"UOP01-DEL02-MS"
663520;2025-02-24;"segunda-feira";"20:35:00";"MT";364;202,5;"RONDONOPOLIS";"Chuva";"Colisão com objeto";"Com Vítimas Feridas";"Plena Noite";"Decrescente";"Chuva";"Dupla";"Reta;Declive";"Sim";1;0;0;1;0;0;1;1;-16,47460425;-54,65407389;"SPRF-MT";"DEL02-MT";"UOP01-DEL02-MT"