"id";"data_inversa";"dia_semana";"horario";"uf";"br";"km";"municipio";"causa_acidente";"tipo_acidente";"classificacao_acidente";"fase_dia";"sentido_via";"condicao_metereologica";"tipo_pista";"tracado_via";"uso_solo";"pessoas";"mortos";"feridos_leves";"feridos_graves";"ilesos";"ignorados";"feridos";"veiculos";"latitude";"longitude";"regional";"delegacia";"uop"
663521;2025-02-24;"segunda-feira";"22:30:00";"RS";116;252;"SAPUCAIA DO SUL";"Condutor usando celular";"Colisão com objeto";"Sem Vítimas";"Plena Noite";"Crescente";"Céu Claro";"Dupla";"Reta";"Sim";1;0;0;0;1;0;0;1;-29,80808506;-51,1675787;"SPRF-RS";"DEL01-RS";"UOP02-DEL01-RS"
663522;2025-02-24;"segunda-feira";"16:15:00";"PE";0;0;"PETROLINA";"Desrespeitar a preferência no cruzamento";"Colisão transversal";"Sem Vítimas";"Pleno dia";"Não Informado";"Sol";"Dupla";"Interseção de Vias";"Sim";2;0;0;0;2;0;0;2;-9,360533;-40,477707;"SPRF-PE";"DEL06-PE";"UOP01-DEL06-PE"
663523;2025-02-24;"segunda-feira";"21:00:00";"PR";116;111;"CURITIBA";"Demais falhas mecânicas ou elétricas";"Incêndio";"Sem Vítimas";"Plena Noite";"Crescente";"Nublado";"Dupla";"Reta";"Sim";1;0;0;0;1;0;0;1;-25,55924644;-49,26625055;"SPRF-PR";"DEL01-PR";"UOP03-DEL01-PR"
663528;2025-02-24;"segunda-feira";"23:28:00";"SP";116;55,1;"LORENA";"Condutor Dormindo";"Tombamento";"Com Vítimas Feridas";"Plena Noite";"Decrescente";"Céu Claro";"Dupla";"Reta";"Não";1;0;1;0;0;0;1;1;-22,757619;-45,114076;"SPRF-SP";"DEL08-SP";"UOP02-DEL08-SP"
663530;2025-02-24;"segunda-feira";"22:00:00";"MT";174;278;"PONTES E LACERDA";"Animais na Pista";"Atropelamento de Animal";"Com Vítimas Feridas";"Plena Noite";"Crescente";"Céu Claro";"Simples";"Reta";"Não";2;0;1;0;0;1;1;2;-15,31357523;-59,24398899;"SPRF-MT";"DEL04-MT";"UOP01-DEL04-MT"
663531;2025-02-24;"segunda-feira";"16:58:00";"MT";364;436;"VARZEA GRANDE";"Reação tardia ou ineficiente do condutor";"Queda de ocupante de veículo";"Com Vítimas Feridas";"Anoitecer";"Decrescente";"Nublado";"Dupla";"Reta";"Não";1;0;1;0;0;0;1;1;-15,64827853;-56,19675994;"SPRF-MT";"DEL01-MT";"UOP02-DEL01-MT"
663534;2025-02-24;"segunda-feira";"22:30:00";"RJ";101;482;"ANGRA DOS REIS";"Reação tardia ou ineficiente do condutor";"Colisão transversal";"Com Vítimas Fatais";"Plena Noite";"Crescente";"Céu Claro";"Simples";"Reta";"Sim";4;1;1;1;1;0;2;3;-23,00036262;-44,29881692;"SPRF-RJ";"DEL03-RJ";"UOP03-DEL03-RJ"
663535;2025-02-24;"segunda-feira";"23:04:00";"SC";101;309;"LAGUNA";"Ingestão de álcool pelo condutor";"Saída de leito carroçável";"Com Vítimas Feridas";"Plena Noite";"Crescente";"Céu Claro";"Múltipla";"Reta";"Não";1;0;1;0;0;0;1;1;-28,42192822;-48,79829764;"SPRF-SC";"DEL02-SC";"UOP01-DEL02-SC"
663537;2025-02-25;"terça-feira";"01:00:00";"RJ";116;185;"NOVA IGUACU";"Condutor Dormindo";"Colisão traseira";"Sem Vítimas";"Plena Noite";"Crescente";"Céu Claro";"Simples";"Reta";"Não";3;0;0;0;3;0;0;2;-22,74195901;-43,50241542;"SPRF-RJ";"DEL06-RJ";"UOP01-DEL06-RJ"
663539;2025-02-25;"terça-feira";"01:50:00";"PR";163;282;"MARECHAL CANDIDO RONDON";"Condutor Dormindo";"Queda de ocupante de veículo";"Com Vítimas Feridas";"Plena Noite";"Crescente";"Céu Claro";"Simples";"Reta";"Sim";1;0;1;0;0;0;1;1;-24,5516265;-54,04101312;"SPRF-PR";"DEL06-PR";"UOP02-DEL06-PR"
663542;2025-02-25;"terça-feira";"03:30:00";"PR";277;204,5;"PALMEIRA";"Ausência de reação do condutor";"Saída de leito carroçável";"Sem Vítimas";"Plena Noite";"Decrescente";"Nublado";"Simples";"Reta";"Não";1;0;0;0;1;0;0;1;-25,464682;-50,256002;"SPRF-PR";"DEL08-PR";"UOP02-DEL08-PR"
663543;2025-02-25;"terça-feira";"02:00:00";"MG";116;567,9;"MANHUACU";"Condutor Dormindo";"Saída de leito carroçável";"Com Vítimas Feridas";"Plena Noite";"Crescente";"Céu Claro";"Simples";"Curva";"Não";4;0;3;0;1;0;3;1;-20,10055725;-42,17929681;"SPRF-MG";"DEL06-MG";"UOP03-DEL06-MG"
663544;2025-02-25;"terça-feira";"04:00:00";"MG";381;524,6;"CONTAGEM";"Condutor deixou de manter distância do veículo da frente";"Colisão traseira";"Com Vítimas Feridas";"Plena Noite";"Crescente";"Céu Claro";"Dupla";"Aclive";"Sim";1;0;1;0;0;0;1;1;-19,8812191;-44,0507555;"SPRF-MG";"DEL04-MG";"UOP03-DEL04-MG"
663545;2025-02-25;"terça-feira";"04:51:00";"PE";101;152;"RIBEIRAO";"Ausência de reação do condutor";"Colisão com objeto";"Com Vítimas Feridas";"Amanhecer";"Crescente";"Céu Claro";"Dupla";"Reta";"Não";1;0;1;0;0;0;1;1;-8,51607879;-35,38931103;"SPRF-PE";"DEL01-PE";"UOP03-DEL01-PE"
663546;2025-02-25;"terça-feira";"05:21:00";"PE";232;127;"CARUARU";"Condutor Dormindo";"Saída de leito carroçável";"Com Vítimas Feridas";"Pleno dia";"Decrescente";"Céu Claro";"Dupla";"Reta;Declive";"Sim";1;0;1;0;0;0;1;1;-8,30630631;-35,96283957;"SPRF-PE";"DEL02-PE";"UOP01-DEL02-PE"
663547;2025-02-25;"terça-feira";"03:50:00";"MG";40;524,6;"CONTAGEM";"Manobra de mudança de faixa";"Colisão transversal";"Com Vítimas Feridas";"Plena Noite";"Crescente";"Céu Claro";"Dupla";"Curva";"Sim";3;0;1;0;2;0;1;2;-19,880655;-44,050731;"SPRF-MG";"DEL01-MG";"UOP02-DEL01-MG"
663548;2025-02-25;"terça-feira";"00:23:00";"SP";116;38,7;"CACHOEIRA PAULISTA";"Demais falhas mecânicas ou elétricas";"Capotamento";"Com Vítimas Feridas";"Plena Noite";"Crescente";"Céu Claro";"Dupla";"Reta";"Não";1;0;1;0;0;0;1;1;-22,6735208;-44,99651527;"SPRF-SP";"DEL08-SP";"UOP02-DEL08-SP"
663549;2025-02-25;"terça-feira";"06:45:00";"BA";324;605;"SIMOES FILHO";"Ausência de reação do condutor";"Queda de ocupante de veículo";"Com Vítimas Feridas";"Pleno dia";"Decrescente";"Chuva";"Dupla";"Reta";"Não";1;0;1;0;0;0;1;1;-12,8014482;-38,4036205;"SPRF-BA";"DEL01-BA";"UOP01-DEL01-BA"
663550;2025-02-25;"terça-feira";"06:40:00";"MG";381;483,8;"BETIM";"Trafegar com motocicleta (ou similar) entre as faixas";"Colisão traseira";"Com Vítimas Fatais";"Amanhecer";"Decrescente";"Céu Claro";"Dupla";"Reta;Aclive";"Não";4;1;1;0;1;1;1;4;-19,95959639;-44,08663922;"SPRF-MG";"DEL01-MG";"UOP03-DEL01-MG"
663552;2025-02-25;"terça-feira";"07:15:00";"DF";70;0;"BRASILIA";"Trafegar com motocicleta (ou similar) entre as faixas";"Queda de ocupante de veículo";"Com Vítimas Feridas";"Pleno dia";"Crescente";"Céu Claro";"Dupla";"Reta;Aclive";"Não";2;0;1;0;0;1;1;2;-15,78405388;-48,23241234;"SPRF-DF";"DEL03-DF";"UOP02-DEL03-DF"
663553;2025-02-25;"terça-feira";"07:30:00";"PE";101;69,5;"RECIFE";"Acessar a via sem observar a presença dos outros veículos";"Colisão transversal";"Com Vítimas Feridas";"Pleno dia";"Crescente";"Céu Claro";"Dupla";"Reta";"Sim";2;0;1;0;1;0;1;2;-8,06367;-34,94461;"SPRF-PE";"DEL01-PE";"UOP01-DEL01-PE"
663554;2025-02-25;"terça-feira";"07:15:00";"SP";101;38,9;"UBATUBA";"Conversão proibida";"Colisão lateral mesmo sentido";"Com Vítimas Feridas";"Pleno dia";"Crescente";"Céu Claro";"Simples";"Declive";"Não";2;0;0;1;1;0;1;2;-23,43625755;-45,08752584;"SPRF-SP";"DEL06-SP";"UOP01-DEL06-SP"
663555;2025-02-24;"segunda-feira";"23:18:00";"BA";110;115;"ANTAS";"Manobra de mudança de faixa";"Saída de leito carroçável";"Com Vítimas Feridas";"Plena Noite";"Decrescente";"Céu Claro";"Simples";"Reta";"Não";2;0;2;0;0;0;2;1;-10,42839086;-38,3731842;"SPRF-BA";"DEL07-BA";"UOP02-DEL07-BA"
663556;2025-02-25;"terça-feira";"06:40:00";"SC";470;65,2;"INDAIAL";"Ingestão de álcool pelo condutor";"Colisão traseira";"Sem Vítimas";"Amanhecer";"Decrescente";"Céu Claro";"Simples";"Em Obras;Reta";"Não";2;0;0;0;2;0;0;2;-26,87044711;-49,2120402;"SPRF-SC";"DEL04-SC";"UOP01-DEL04-SC"
663557;2025-02-25;"terça-feira";"07:30:00";"SC";101;200,4;"SAO JOSE";"Reação tardia ou ineficiente do condutor";"Colisão traseira";"Com Vítimas Feridas";"Pleno dia";"Crescente";"Céu Claro";"Dupla";"Reta";"Sim";2;0;0;1;1;0;1;2;-27,54358;-48,62088;"SPRF-SC";"DEL01-SC";"UOP01-DEL01-SC"
663558;2025-02-25;"terça-feira";"07:00:00";"PR";116;116;"CURITIBA";"Condutor deixou de manter distância do veículo da frente";"Colisão traseira";"Com Vítimas Feridas";"Pleno dia";"Decrescente";"Sol";"Dupla";"Reta";"Sim";3;0;1;1;1;0;2;3;-25,55156432;-49,3049401;"SPRF-PR";"DEL01-PR";"UOP03-DEL01-PR"
663560;2025-02-25;"terça-feira";"07:45:00";"SP";116;215;"GUARULHOS";"Trafegar com motocicleta (ou similar) entre as faixas";"Colisão traseira";"Com Vítimas Feridas";"Pleno dia";"Crescente";"Sol";"Múltipla";"Reta";"Sim";3;0;1;1;1;0;2;2;-23,45087601;-46,4645;"SPRF-SP";"DEL01-SP";"UOP01-DEL01-SP"
663562;2025-02-21;"sexta-feira";"02:00:00";"GO";153;97;"ANAPOLIS";"Ingestão de álcool pelo condutor";"Colisão traseira";"Sem Vítimas";"Plena Noite";"Decrescente";"Céu Claro";"Dupla";"Reta";"Sim";2;0;0;0;2;0;0;2;-16,36450326;-48,9355123;"SPRF-GO";"DEL07-GO";"UOP01-DEL07-GO"
663563;2025-02-25;"terça-feira";"07:50:00";"PR";277;79;"CURITIBA";"Trafegar com motocicleta (ou similar) entre as faixas";"Colisão lateral mesmo sentido";"Com Vítimas Feridas";"Pleno dia";"Crescente";"Céu Claro";"Dupla";"Reta";"Sim";2;0;1;0;1;0;1;2;-25,47678769;-49,2064333;"SPRF-PR";"DEL01-PR";"UOP07-DEL01-PR"
663564;2025-02-25;"terça-feira";"08:10:00";"ES";101;219;"IBIRACU";"Condutor deixou de manter distância do veículo da frente";"Colisão lateral mesmo sentido";"Com Vítimas Feridas";"Pleno dia";"Decrescente";"Nublado";"Dupla";"Curva";"Não";2;0;1;0;1;0;1;2;-19,8646009;-40,3833662;"SPRF-ES";"DEL02-ES";"UOP01-DEL02-ES"
663565;2025-02-05;"quarta-feira";"13:30:00";"PR";277;114;"CAMPO LARGO";"Reação tardia ou ineficiente do condutor";"Colisão traseira";"Com Vítimas Feridas";"Pleno dia";"Crescente";"Garoa/Chuvisco";"Dupla";"Curva";"Não";2;0;0;1;0;1;1;2;-25,4338;-49,43751;"SPRF-PR";"DEL03-PR";"UOP03-DEL03-PR"
663566;2025-02-25;"terça-feira";"08:05:00";"PR";376;169,2;"MARINGA";"Reação tardia ou ineficiente do condutor";"Engavetamento";"Com Vítimas Feridas";"Pleno dia";"Decrescente";"Céu Claro";"Dupla";"Aclive;Reta";"Não";5;0;2;0;3;0;2;3;-23,401943;-51,997973;"SPRF-PR";"DEL09-PR";"UOP01-DEL09-PR"
663567;2025-02-12;"quarta-feira";"07:05:00";"RS";386;414;"MONTENEGRO";"Chuva";"Colisão frontal";"Com Vítimas Feridas";"Pleno dia";"Decrescente";"Chuva";"Simples";"Reta";"Não";10;0;2;6;2;0;8;2;-29,816236;-51,483341;"SPRF-RS";"DEL04-RS";"UOP02-DEL04-RS"
663568;2025-02-25;"terça-feira";"06:00:00";"RS";472;471,2;"ITAQUI";"Condutor deixou de manter distância do veículo da frente";"Colisão traseira";"Com Vítimas Feridas";"Amanhecer";"Decrescente";"Céu Claro";"Simples";"Reta";"Não";2;0;2;0;0;0;2;2;-29,16595271;-56,42990112;"SPRF-RS";"DEL12-RS";"UOP01-DEL12-RS"
663570;2025-02-25;"terça-feira";"07:30:00";"MA";135;4;"SAO LUIS";"Reação tardia ou ineficiente do condutor";"Engavetamento";"Sem Vítimas";"Pleno dia";"Crescente";"Nublado";"Dupla";"Reta";"Sim";4;0;0;0;4;0;0;4;-2,615512;-44,253662;"SPRF-MA";"DEL01-MA";"UOP01-DEL01-MA"
663573;2025-02-25;"terça-feira";"08:45:00";"BA";324;542,7;"AMELIA RODRIGUES";"Reação tardia ou ineficiente do condutor";"Engavetamento";"Com Vítimas Feridas";"Pleno dia";"Decrescente";"Garoa/Chuvisco";"Dupla";"Reta";"Não";5;0;1;0;4;0;1;4;-12,39578;-38,77134;"SPRF-BA";"DEL01-BA";"UOP03-DEL01-BA"
663575;2025-02-25;"terça-feira";"07:15:00";"PR";116;126;"FAZENDA RIO GRANDE";"Manobra de mudança de faixa";"Colisão lateral mesmo sentido";"Com Vítimas Feridas";"Pleno dia";"Decrescente";"Céu Claro";"Dupla";"Interseção de Vias";"Não";2;0;1;0;1;0;1;2;-25,6408685;-49,3132526;"SPRF-PR";"DEL01-PR";"UOP03-DEL01-PR"
663576;2025-02-25;"terça-feira";"06:50:00";"MG";116;412;"GOVERNADOR VALADARES";"Ausência de reação do condutor";"Engavetamento";"Com Vítimas Feridas";"Pleno dia";"Crescente";"Céu Claro";"Dupla";"Aclive";"Não";4;0;1;0;3;0;1;3;-18,873541;-41,966859;"SPRF-MG";"DEL06-MG";"UOP01-DEL06-MG"
663577;2025-02-25;"terça-feira";"08:05:00";"PR";116;17;"COLOMBO";"Reação tardia ou ineficiente do condutor";"Engavetamento";"Com Vítimas Feridas";"Pleno dia";"Crescente";"Sol";"Dupla";"Aclive;Reta";"Sim";5;0;1;0;3;1;1;5;-25,38822;-49,18252;"SPRF-PR";"DEL01-PR";"UOP02-DEL01-PR"
663578;2025-01-16;"quinta-feira";"02:30:00";"GO";153;139;"MARA ROSA";"Chuva";"Colisão traseira";"Com Vítimas Fatais";"Plena Noite";"Crescente";"Chuva";"Simples";"Reta";"Não";59;1;27;1;30;0;28;2;-13,985113;-49,090572;"SPRF-GO";"DEL07-GO";"UOP01-DEL07-GO"
663579;2025-02-25;"terça-feira";"09:15:00";"RS";116;98;"PORTO ALEGRE";"Condutor deixou de manter distância do veículo da frente";"Colisão traseira";"Com Vítimas Feridas";"Pleno dia";"Decrescente";"Céu Claro";"Dupla";"Reta;Ponte";"Não";2;0;1;0;1;0;1;2;-29,99295815;-51,2236632;"SPRF-RS";"DEL05-RS";"UOP01-DEL05-RS"
663580;2025-02-25;"terça-feira";"09:00:00";"DF";20;3;"BRASILIA";"Manobra de mudança de faixa";"Colisão lateral mesmo sentido";"Com Vítimas Feridas";"Pleno dia";"Decrescente";"Céu Claro";"Dupla";"Aclive";"Sim";2;0;1;0;1;0;1;2;-15,67842936;-47,82415867;"SPRF-DF";"DEL02-DF";"UOP01-DEL02-DF"
663581;2025-02-25;"terça-feira";"09:48:00";"PB";230;27;"JOAO PESSOA";"Ausência de reação do condutor";"Colisão com objeto";"Com Vítimas Feridas";"Pleno dia";"Crescente";"Sol";"Múltipla";"Viaduto";"Sim";1;0;1;0;0;0;1;1;-7,166;-34,897;"SPRF-PB";"DEL01-PB";"UOP01-DEL01-PB"
663583;2025-01-27;"segunda-feira";"08:00:00";"BA";101;251;"CONCEICAO DO ALMEIDA";"Ausência de reação do condutor";"Queda de ocupante de veículo";"Com Vítimas Feridas";"Pleno dia";"Decrescente";"Céu Claro";"Simples";"Reta";"Não";1;0;1;0;0;0;1;1;-12,89239274;-39,2303383;"SPRF-BA";"DEL01-BA";"UOP02-DEL01-BA"
663584;2025-02-10;"segunda-feira";"20:40:00";"PR";116;126;"FAZENDA RIO GRANDE";"Manobra de mudança de faixa";"Colisão lateral mesmo sentido";"Com Vítimas Feridas";"Plena Noite";"Crescente";"Céu Claro";"Dupla";"Reta";"Sim";2;0;1;0;1;0;1;2;-25,60389895;-49,31824423;"SPRF-PR";"DEL01-PR";"UOP03-DEL01-PR"
663585;2025-02-25;"terça-feira";"09:30:00";"MG";262;368;"JUATUBA";"Ausência de reação do condutor";"Colisão traseira";"Com Vítimas Feridas";"Pleno dia";"Crescente";"Céu Claro";"Dupla";"Reta";"Sim";2;0;1;0;1;0;1;2;-19,96748511;-44,3335247;"SPRF-MG";"DEL01-MG";"UOP03-DEL01-MG"
663586;2025-02-20;"quinta-feira";"08:45:00";"PR";116;110;"SAO JOSE DOS PINHAIS";"Trafegar com motocicleta (ou similar) entre as faixas";"Colisão lateral mesmo sentido";"Com Vítimas Feridas";"Pleno dia";"Decrescente";"Céu Claro";"Dupla";"Reta";"Não";2;0;1;0;1;0;1;2;-25,55964;-49,265815;"SPRF-PR";"DEL01-PR";"UOP03-DEL01-PR"
663591;2025-02-25;"terça-feira";"09:30:00";"MT";364;137,5;"PEDRA PRETA";"Velocidade Incompatível";"Colisão com objeto";"Com Vítimas Feridas";"Pleno dia";"Crescente";"Nublado";"Simples";"Curva";"Não";1;0;0;1;0;0;1;1;-16,79262672;-54,19640422;"SPRF-MT";"DEL02-MT";"UOP01-DEL02-MT"
663594;2025-02-25;"terça-feira";"08:30:00";"MG";40;548;"NOVA LIMA";"Entrada inopinada do pedestre";"Atropelamento de Pedestre";"Com Vítimas Feridas";"Pleno dia";"Decrescente";"Céu Claro";"Simples";"Aclive;Reta";"Não";2;0;1;0;1;0;1;2;-20,06597342;-43,9807874;"SPRF-MG";"DEL01-MG";"UOP02-DEL01-MG"
663595;2025-02-25;"terça-feira";"11:00:00";"RS";285;195,9;"LAGOA VERMELHA";"Acessar a via sem observar a presença dos outros veículos";"Colisão transversal";"Sem Vítimas";"Pleno dia";"Decrescente";"Céu Claro";"Simples";"Rotatória;Reta";"Sim";2;0;0;0;2;0;0;2;-28,22589239;-51,50716782;"SPRF-RS";"DEL08-RS";"UOP05-DEL08-RS"
663599;2025-02-25;"terça-feira";"12:05:00";"SC";101;197;"BIGUACU";"Demais falhas mecânicas ou elétricas";"Tombamento";"Com Vítimas Feridas";"Pleno dia";"Decrescente";"Céu Claro";"Múltipla";"Reta";"Sim";2;0;2;0;0;0;2;1;-27,5193802;-48,63758504;"SPRF-SC";"DEL01-SC";"UOP01-DEL01-SC"
663600;2025-02-25;"terça-feira";"12:10:00";"PR";116;152,3;"MANDIRITUBA";"Acessar a via sem observar a presença dos outros veículos";"Colisão transversal";"Com Vítimas Feridas";"Pleno dia";"Crescente";"Céu Claro";"Simples";"Rotatória;Reta";"Não";2;0;1;0;1;0;1;2;-25,86218746;-49,36185122;"SPRF-PR";"DEL01-PR";"UOP03-DEL01-PR"
663604;2025-02-25;"terça-feira";"11:30:00";"MT";158;698;"BARRA DO GARCAS";"Ausência de reação do condutor";"Saída de leito carroçável";"Com Vítimas Feridas";"Pleno dia";"Decrescente";"Céu Claro";"Simples";"Reta";"Sim";1;0;0;1;0;0;1;1;-15,0305147;-52,23943233;"SPRF-MT";"DEL07-MT";"UOP01-DEL07-MT"
663605;2025-02-25;"terça-feira";"12:10:00";"SC";470;325;"CAMPOS NOVOS";"Ausência de reação do condutor";"Colisão com objeto";"Com Vítimas Feridas";"Pleno dia";"Crescente";"Céu Claro";"Simples";"Interseção de Vias";"Não";2;0;2;0;0;0;2;1;-27,37451123;-51,06651306;"SPRF-SC";"DEL07-SC";"UOP06-DEL07-SC"
663610;2025-02-02;"domingo";"00:34:00";"RJ";116;111,1;"GUAPIMIRIM";"Acessar a via sem observar a presença dos outros veículos";"Colisão lateral sentido oposto";"Com Vítimas Feridas";"Plena Noite";"Decrescente";"Chuva";"Simples";"Interseção de Vias;Reta";"Sim";2;0;1;0;0;1;1;2;-22,55838319;-42,99482067;"SPRF-RJ";"DEL04-RJ";"UOP02-DEL04-RJ"
663612;2025-02-25;"terça-feira";"14:00:00";"RN";101;85;"SAO GONCALO DO AMARANTE";"Pedestre cruzava a pista fora da faixa";"Atropelamento de Pedestre";"Com Vítimas Feridas";"Pleno dia";"Crescente";"Céu Claro";"Simples";"Reta";"Não";2;0;1;1;0;0;2;2;-5,7773765;-35,2501129;"SPRF-RN";"DEL02-RN";"UOP01-DEL02-RN"
663614;2025-02-05;"quarta-feira";"15:00:00";"PR";476;64;"TUNAS DO PARANA";"Ausência de reação do condutor";"Saída de leito carroçável";"Com Vítimas Feridas";"Pleno dia";"Crescente";"Nublado";"Simples";"Curva";"Não";1;0;1;0;0;0;1;1;-24,954793;-49,09883;"SPRF-PR";"DEL01-PR";"UOP01-DEL01-PR"
663615;2025-02-25;"terça-feira";"13:00:00";"GO";60;207,5;"GUAPO";"Avarias e/ou desgaste excessivo no pneu";"Capotamento";"Com Vítimas Feridas";"Pleno dia";"Decrescente";"Céu Claro";"Dupla";"Reta";"Não";1;0;1;0;0;0;1;1;-16,92700447;-49,66496414;"SPRF-GO";"DEL01-GO";"UOP02-DEL01-GO"
663617;2025-02-25;"terça-feira";"13:30:00";"MG";116;600,5;"SAO JOAO DO MANHUACU";"Ausência de reação do condutor";"Colisão lateral sentido oposto";"Com Vítimas Feridas";"Pleno dia";"Crescente";"Céu Claro";"Simples";"Curva";"Não";9;0;7;1;1;0;8;2;-20,32295966;-42,14939117;"SPRF-MG";"DEL06-MG";"UOP03-DEL06-MG"
663621;2025-02-25;"terça-feira";"12:00:00";"RN";101;75;"SAO GONCALO DO AMARANTE";"Condutor deixou de manter distância do veículo da frente";"Colisão traseira";"Com Vítimas Feridas";"Pleno dia";"Decrescente";"Céu Claro";"Dupla";"Rotatória";"Não";2;0;1;0;1;0;1;2;-5,72232296;-35,277282;"SPRF-RN";"DEL02-RN";"UOP01-DEL02-RN"
663624;2025-02-25;"terça-feira";"14:50:00";"ES";101;98,2;"JAGUARE";"Acessar a via sem observar a presença dos outros veículos";"Colisão transversal";"Com Vítimas Feridas";"Pleno dia";"Crescente";"Céu Claro";"Simples";"Reta";"Não";3;0;0;1;1;1;1;3;-18,9670338;-39,989233;"SPRF-ES";"DEL04-ES";"UOP02-DEL04-ES"
663625;2025-02-25;"terça-feira";"14:30:00";"MS";60;426;"SIDROLANDIA";"Condutor deixou de manter distância do veículo da frente";"Colisão traseira";"Com Vítimas Feridas";"Pleno dia";"Decrescente";"Céu Claro";"Dupla";"Reta";"Sim";4;0;0;1;3;0;1;3;-20,93446653;-54,96058702;"SPRF-MS";"DEL01-MS";"UOP04-DEL01-MS"
663627;2025-02-25;"terça-feira";"15:40:00";"RS";290;107;"ELDORADO DO SUL";"Sinalização mal posicionada";"Colisão lateral mesmo sentido";"Com Vítimas Feridas";"Pleno dia";"Crescente";"Céu Claro";"Dupla";"Viaduto";"Sim";2;0;1;0;1;0;1;2;-30,00220525;-51,30610054;"SPRF-RS";"DEL02-RS";"UOP01-DEL02-RS"
663629;2025-02-25;"terça-feira";"15:27:00";"PB";101;63,6;"SANTA RITA";"Reação tardia ou ineficiente do condutor";"Colisão com objeto";"Com Vítimas Feridas";"Pleno dia";"Crescente";"Céu Claro";"Dupla";"Reta";"Não";2;0;2;0;0;0;2;1;-7,0510397;-35,0376118;"SPRF-PB";"DEL01-PB";"UOP03-DEL01-PB"
663630;2025-02-25;"terça-feira";"15:20:00";"RN";304;17;"MOSSORO";"Demais falhas mecânicas ou elétricas";"Incêndio";"Sem Vítimas";"Pleno dia";"Crescente";"Céu Claro";"Simples";"Reta";"Não";1;0;0;0;0;1;0;1;-5,013727;-37,363672;"SPRF-RN";"DEL04-RN";"UOP02-DEL04-RN"
663632;2025-02-25;"terça-feira";"13:35:00";"PR";467;110,2;"CASCAVEL";"Pista Escorregadia";"Queda de ocupante de veículo";"Com Vítimas Feridas";"Pleno dia";"Decrescente";"Céu Claro";"Simples";"Reta";"Sim";2;0;2;0;0;0;2;1;-24,92925469;-53,45232817;"SPRF-PR";"DEL04-PR";"UOP01-DEL04-PR"
663634;2025-02-25;"terça-feira";"15:40:00";"RJ";116;195;"NOVA IGUACU";"Reação tardia ou ineficiente do condutor";"Colisão traseira";"Com Vítimas Feridas";"Pleno dia";"Decrescente";"Céu Claro";"Dupla";"Curva";"Não";3;0;1;0;2;0;1;2;-22,7384853;-43,5262893;"SPRF-RJ";"DEL06-RJ";"UOP01-DEL06-RJ"
663635;2025-02-25;"terça-feira";"15:00:00";"BA";101;694;"EUNAPOLIS";"Demais falhas mecânicas ou elétricas";"Capotamento";"Com Vítimas Feridas";"Pleno dia";"Crescente";"Céu Claro";"Simples";"Curva";"Não";1;0;1;0;0;0;1;1;-16,39294298;-39,58751678;"SPRF-BA";"DEL09-BA";"UOP01-DEL09-BA"
663636;2025-02-25;"terça-feira";"15:30:00";"MG";267;215,1;"BOM JARDIM DE MINAS";"Condutor Dormindo";"Saída de leito carroçável";"Com Vítimas Feridas";"Pleno dia";"Crescente";"Nublado";"Simples";"Reta";"Não";2;0;1;1;0;0;2;1;-21,937372;-44,207087;"SPRF-MG";"DEL17-MG";"UOP01-DEL17-MG"
663638;2025-02-25;"terça-feira";"15:50:00";"SP";116;149;"SAO JOSE DOS CAMPOS";"Avarias e/ou desgaste excessivo no pneu";"Queda de ocupante de veículo";"Com Vítimas Feridas";"Pleno dia";"Decrescente";"Céu Claro";"Múltipla";"Reta";"Sim";1;0;1;0;0;0;1;1;-23,20401235;-45,88275254;"SPRF-SP";"DEL02-SP";"UOP01-DEL02-SP"
663640;2025-02-25;"terça-feira";"16:00:00";"SC";101;149;"ITAPEMA";"Transitar na contramão";"Colisão frontal";"Com Vítimas Feridas";"Pleno dia";"Crescente";"Céu Claro";"Simples";"Reta";"Sim";2;0;0;1;0;1;1;2;-27,09068918;-48,61724854;"SPRF-SC";"DEL04-SC";"UOP03-DEL04-SC"
663645;2025-02-25;"terça-feira";"17:00:00";"MG";40;506,3;"RIBEIRAO DAS NEVES";"Acessar a via sem observar a presença dos outros veículos";"Colisão lateral mesmo sentido";"Com Vítimas Feridas";"Pleno dia";"Decrescente";"Céu Claro";"Dupla";"Reta";"Sim";2;0;1;0;1;0;1;2;-19,74964937;-44,14545894;"SPRF-MG";"DEL02-MG";"UOP01-DEL02-MG"
663646;2025-02-25;"terça-feira";"17:25:00";"RN";101;106;"PARNAMIRIM";"Ausência de reação do condutor";"Queda de ocupante de veículo";"Com Vítimas Feridas";"Pleno dia";"Crescente";"Céu Claro";"Dupla";"Reta";"Sim";1;0;1;0;0;0;1;1;-5,9028645;-35,2593038;"SPRF-RN";"DEL01-RN";"UOP01-DEL01-RN"
663648;2025-02-25;"terça-feira";"16:50:00";"PB";230;19,9;"JOAO PESSOA";"Condutor deixou de manter distância do veículo da frente";"Colisão traseira";"Com Vítimas Feridas";"Anoitecer";"Crescente";"Céu Claro";"Dupla";"Aclive;Reta";"Sim";4;0;1;0;2;1;1;3;-7,13531743;-34,85465527;"SPRF-PB";"DEL01-PB";"UOP01-DEL01-PB"
663650;2025-02-25;"terça-feira";"17:20:00";"RS";470;211;"BENTO GONCALVES";"Chuva";"Colisão frontal";"Com Vítimas Feridas";"Pleno dia";"Crescente";"Chuva";"Simples";"Curva";"Não";4;0;2;0;2;0;2;3;-29,13902222;-51,54280901;"SPRF-RS";"DEL06-RS";"UOP01-DEL06-RS"