"id";"data_inversa";"dia_semana";"horario";"uf";"br";"km";"municipio";"causa_acidente";"tipo_acidente";"classificacao_acidente";"fase_dia";"sentido_via";"condicao_metereologica";"tipo_pista";"tracado_via";"uso_solo";"pessoas";"mortos";"feridos_leves";"feridos_graves";"ilesos";"ignorados";"feridos";"veiculos";"latitude";"longitude";"regional";"delegacia";"uop"
663887;2025-02-26;"quarta-feira";"14:00:00";"MG";40;643,9;"CONGONHAS";"Ausência de reação do condutor";"Saída de leito carroçável";"Com Vítimas Feridas";"Pleno dia";"Crescente";"Céu Claro";"Simples";"Reta;Declive";"Não";2;0;2;0;0;0;2;1;-20,4768188;-43,8424607;"SPRF-MG";"DEL05-MG";"UOP02-DEL05-MG"
663890;2025-02-26;"quarta-feira";"15:40:00";"RJ";101;61;"CAMPOS DOS GOYTACAZES";"Retorno proibido";"Colisão transversal";"Sem Vítimas";"Pleno dia";"Crescente";"Céu Claro";"Simples";"Reta";"Sim";2;0;0;0;2;0;0;2;-21,728274;-41,322374;"SPRF-RJ";"DEL08-RJ";"UOP01-DEL08-RJ"
663891;2025-02-26;"quarta-feira";"19:33:00";"GO";153;498;"GOIANIA";"Pedestre andava na pista";"Atropelamento de Pedestre";"Com Vítimas Feridas";"Plena Noite";"Crescente";"Céu Claro";"Dupla";"Reta";"Sim";2;0;0;1;1;0;1;2;-16,68997246;-49,23285484;"SPRF-GO";"DEL01-GO";"UOP01-DEL01-GO"
663892;2025-02-26;"quarta-feira";"16:52:00";"MT";158;1,8;"BARRA DO GARCAS";"Reação tardia ou ineficiente do condutor";"Colisão traseira";"Com Vítimas Feridas";"Pleno dia";"Crescente";"Sol";"Simples";"Aclive;Reta";"Sim";2;0;1;0;1;0;1;2;-15,88622028;-52,2699666;"SPRF-MT";"DEL07-MT";"UOP02-DEL07-MT"
663893;2025-02-26;"quarta-feira";"17:51:00";"MG";40;773;"JUIZ DE FORA";"Conversão proibida";"Colisão traseira";"Com Vítimas Feridas";"Pleno dia";"Crescente";"Céu Claro";"Simples";"Interseção de Vias";"Sim";3;0;2;1;0;0;3;2;-21,64522262;-43,43642235;"SPRF-MG";"DEL05-MG";"UOP01-DEL05-MG"
663895;2025-02-26;"quarta-feira";"20:00:00";"SP";116;131,9;"CACAPAVA";"Acessar a via sem observar a presença dos outros veículos";"Atropelamento de Pedestre";"Com Vítimas Feridas";"Plena Noite";"Crescente";"Céu Claro";"Múltipla";"Reta";"Sim";2;0;2;0;0;0;2;2;-23,12457649;-45,73106718;"SPRF-SP";"DEL02-SP";"UOP02-DEL02-SP"
663896;2025-02-26;"quarta-feira";"18:05:00";"MT";70;5;"BARRA DO GARCAS";"Desrespeitar a preferência no cruzamento";"Colisão transversal";"Com Vítimas Feridas";"Pleno dia";"Crescente";"Céu Claro";"Dupla";"Declive";"Sim";2;0;1;0;1;0;1;2;-15,87823122;-52,29904912;"SPRF-MT";"DEL07-MT";"UOP01-DEL07-MT"
663897;2025-02-23;"domingo";"08:30:00";"PA";316;257;"VISEU";"Animais na Pista";"Eventos atípicos";"Sem Vítimas";"Pleno dia";"Crescente";"Céu Claro";"Simples";"Reta";"Não";2;0;0;0;2;0;0;1;-1,72100889;-46,62614118;"SPRF-PA";"DEL01-PA";"UOP04-DEL01-PA"
663899;2025-02-26;"quarta-feira";"17:55:00";"SP";116;144;"SAO JOSE DOS CAMPOS";"Ausência de reação do condutor";"Colisão lateral mesmo sentido";"Com Vítimas Feridas";"Pleno dia";"Crescente";"Céu Claro";"Dupla";"Reta";"Sim";2;0;1;0;0;1;1;2;-23,18096977;-45,84301829;"SPRF-SP";"DEL02-SP";"UOP01-DEL02-SP"
663901;2025-02-26;"quarta-feira";"20:00:00";"SC";101;318,5;"PESCARIA BRAVA";"Ausência de reação do condutor";"Tombamento";"Com Vítimas Feridas";"Plena Noite";"Decrescente";"Céu Claro";"Múltipla";"Reta";"Não";1;0;1;0;0;0;1;1;-28,42726012;-48,88486862;"SPRF-SC";"DEL02-SC";"UOP01-DEL02-SC"
663903;2025-02-26;"quarta-feira";"19:40:00";"MG";262;487;"BOM DESPACHO";"Transitar na contramão";"Colisão lateral sentido oposto";"Sem Vítimas";"Pleno dia";"Crescente";"Céu Claro";"Simples";"Reta";"Não";2;0;0;0;2;0;0;2;-19,78511881;-45,27809143;"SPRF-MG";"DEL08-MG";"UOP03-DEL08-MG"
663904;2025-02-26;"quarta-feira";"20:30:00";"PR";376;385;"IMBAU";"Ausência de reação do condutor";"Colisão traseira";"Com Vítimas Feridas";"Plena Noite";"Decrescente";"Céu Claro";"Dupla";"Reta";"Sim";3;0;1;0;2;0;1;2;-24,4282993;-50,76611865;"SPRF-PR";"DEL03-PR";"UOP02-DEL03-PR"
663905;2025-02-26;"quarta-feira";"19:58:00";"MG";381;830,8;"SAO SEBASTIAO DA BELA VISTA";"Pedestre andava na pista";"Atropelamento de Pedestre";"Com Vítimas Feridas";"Plena Noite";"Crescente";"Céu Claro";"Dupla";"Reta";"Não";2;0;1;0;1;0;1;2;-22,1200659;-45,76191902;"SPRF-MG";"DEL16-MG";"UOP01-DEL16-MG"
663906;2025-02-26;"quarta-feira";"18:40:00";"MS";376;116;"IVINHEMA";"Reação tardia ou ineficiente do condutor";"Tombamento";"Com Vítimas Feridas";"Plena Noite";"Crescente";"Céu Claro";"Simples";"Reta";"Não";1;0;1;0;0;0;1;1;-22,31186213;-53,83373201;"SPRF-MS";"DEL04-MS";"UOP04-DEL04-MS"
663908;2025-02-26;"quarta-feira";"19:00:00";"RO";364;343;"JI-PARANA";"Pista esburacada";"Queda de ocupante de veículo";"Com Vítimas Feridas";"Plena Noite";"Crescente";"Chuva";"Dupla";"Interseção de Vias";"Sim";1;0;1;0;0;0;1;1;-10,87823983;-61,94582641;"SPRF-RO";"DEL02-RO";"UOP01-DEL02-RO"
663909;2025-02-26;"quarta-feira";"21:50:00";"SC";282;20,4;"PALHOCA";"Velocidade Incompatível";"Colisão com objeto";"Com Vítimas Feridas";"Plena Noite";"Decrescente";"Céu Claro";"Simples";"Reta";"Não";1;0;0;1;0;0;1;1;-27,686999;-48,713451;"SPRF-SC";"DEL01-SC";"UOP02-DEL01-SC"
663911;2025-02-26;"quarta-feira";"22:00:00";"BA";116;11;"VITORIA DA CONQUISTA";"Pedestre - Ingestão de álcool/ substâncias psicoativas";"Atropelamento de Pedestre";"Com Vítimas Feridas";"Plena Noite";"Decrescente";"Céu Claro";"Simples";"Reta";"Sim";2;0;1;1;0;0;2;2;-14,8562416;-40,87901115;"SPRF-BA";"DEL08-BA";"UOP01-DEL08-BA"
663912;2025-02-26;"quarta-feira";"22:30:00";"DF";40;5;"BRASILIA";"Pedestre - Ingestão de álcool/ substâncias psicoativas";"Atropelamento de Pedestre";"Com Vítimas Feridas";"Plena Noite";"Crescente";"Céu Claro";"Dupla";"Reta";"Sim";3;0;2;1;0;0;3;2;-16,0183065;-47,98097134;"SPRF-DF";"DEL01-DF";"UOP01-DEL01-DF"
663913;2025-02-26;"quarta-feira";"19:20:00";"RO";364;499,1;"ARIQUEMES";"Condutor deixou de manter distância do veículo da frente";"Colisão traseira";"Sem Vítimas";"Plena Noite";"Decrescente";"Céu Claro";"Simples";"Aclive;Curva";"Não";7;0;0;0;7;0;0;2;-10,03526;-62,976999;"SPRF-RO";"DEL03-RO";"UOP01-DEL03-RO"
663914;2025-02-26;"quarta-feira";"22:17:00";"PE";101;69;"RECIFE";"Condutor deixou de manter distância do veículo da frente";"Colisão traseira";"Sem Vítimas";"Plena Noite";"Decrescente";"Céu Claro";"Dupla";"Curva;Aclive";"Sim";4;0;0;0;3;1;0;2;-8,06483847;-34,94375467;"SPRF-PE";"DEL01-PE";"UOP01-DEL01-PE"
663915;2025-02-26;"quarta-feira";"22:50:00";"PR";369;151;"LONDRINA";"Entrada inopinada do pedestre";"Atropelamento de Pedestre";"Com Vítimas Feridas";"Plena Noite";"Decrescente";"Céu Claro";"Dupla";"Reta;Aclive";"Não";3;0;1;0;1;1;1;2;-23,293;-51,174;"SPRF-PR";"DEL07-PR";"UOP01-DEL07-PR"
663916;2025-02-26;"quarta-feira";"22:20:00";"SP";116;231;"SAO PAULO";"Entrada inopinada do pedestre";"Atropelamento de Pedestre";"Com Vítimas Feridas";"Plena Noite";"Decrescente";"Céu Claro";"Múltipla";"Em Obras;Reta";"Não";2;0;1;0;1;0;1;2;-23,52646337;-46,58819329;"SPRF-SP";"DEL01-SP";"UOP01-DEL01-SP"
663917;2025-02-26;"quarta-feira";"23:30:00";"SC";282;123,5;"BOM RETIRO";"Frear bruscamente";"Colisão traseira";"Com Vítimas Feridas";"Plena Noite";"Crescente";"Nublado";"Simples";"Reta";"Não";2;0;2;0;0;0;2;2;-27,80282929;-49,44216728;"SPRF-SC";"DEL05-SC";"UOP01-DEL05-SC"
663919;2025-02-26;"quarta-feira";"21:30:00";"PE";423;145;"IATI";"Deficiência do Sistema de Iluminação/Sinalização";"Colisão frontal";"Com Vítimas Feridas";"Plena Noite";"Decrescente";"Céu Claro";"Simples";"Reta";"Sim";4;0;1;0;3;0;1;2;-9,009826;-36,868694;"SPRF-PE";"DEL03-PE";"UOP01-DEL03-PE"
663921;2025-02-26;"quarta-feira";"20:00:00";"MT";70;732;"CACERES";"Acesso irregular";"Colisão transversal";"Com Vítimas Feridas";"Plena Noite";"Crescente";"Céu Claro";"Simples";"Reta";"Sim";2;0;0;1;1;0;1;2;-16,09034;-57,68836;"SPRF-MT";"DEL03-MT";"UOP01-DEL03-MT"
663922;2025-02-26;"quarta-feira";"23:45:00";"PR";277;73;"SAO JOSE DOS PINHAIS";"Reação tardia ou ineficiente do condutor";"Colisão traseira";"Com Vítimas Feridas";"Plena Noite";"Crescente";"Nublado";"Dupla";"Reta";"Sim";2;0;1;0;1;0;1;2;-25,5013417;-49,15079355;"SPRF-PR";"DEL01-PR";"UOP07-DEL01-PR"
663924;2025-02-27;"quinta-feira";"00:02:00";"PR";376;592,5;"CURITIBA";"Velocidade Incompatível";"Saída de leito carroçável";"Com Vítimas Feridas";"Plena Noite";"Crescente";"Céu Claro";"Dupla";"Reta";"Sim";1;0;1;0;0;0;1;1;-25,43944531;-49,36490649;"SPRF-PR";"DEL03-PR";"UOP03-DEL03-PR"
663925;2025-02-26;"quarta-feira";"21:25:00";"MG";116;613,2;"SAO JOAO DO MANHUACU";"Animais na Pista";"Atropelamento de Animal";"Com Vítimas Feridas";"Plena Noite";"Decrescente";"Céu Claro";"Simples";"Reta";"Não";2;0;2;0;0;0;2;1;-20,45048659;-42,16977965;"SPRF-MG";"DEL07-MG";"UOP02-DEL07-MG"
663926;2025-02-26;"quarta-feira";"23:00:00";"TO";153;142,8;"ARAGUAINA";"Ingestão de álcool pelo condutor";"Colisão transversal";"Sem Vítimas";"Plena Noite";"Decrescente";"Céu Claro";"Dupla";"Reta";"Sim";1;0;0;0;1;0;0;1;-7,1972467;-48,2360667;"SPRF-TO";"DEL02-TO";"UOP01-DEL02-TO"
663927;2025-02-27;"quinta-feira";"00:00:00";"MG";381;615;"OLIVEIRA";"Reação tardia ou ineficiente do condutor";"Queda de ocupante de veículo";"Com Vítimas Feridas";"Plena Noite";"Crescente";"Céu Claro";"Dupla";"Declive;Curva";"Não";1;0;1;0;0;0;1;1;-20,719131;-44,766249;"SPRF-MG";"DEL04-MG";"UOP01-DEL04-MG"
663928;2025-02-27;"quinta-feira";"01:00:00";"PR";116;125;"FAZENDA RIO GRANDE";"Ausência de reação do condutor";"Colisão traseira";"Sem Vítimas";"Plena Noite";"Decrescente";"Céu Claro";"Dupla";"Reta";"Sim";2;0;0;0;2;0;0;2;-25,63734502;-49,3132407;"SPRF-PR";"DEL01-PR";"UOP03-DEL01-PR"
663931;2025-02-27;"quinta-feira";"00:50:00";"RO";364;693;"CANDEIAS DO JAMARI";"Frear bruscamente";"Queda de ocupante de veículo";"Com Vítimas Feridas";"Plena Noite";"Crescente";"Céu Claro";"Dupla";"Reta";"Sim";1;0;1;0;0;0;1;1;-8,79794555;-63,71123719;"SPRF-RO";"DEL01-RO";"UOP01-DEL01-RO"
663932;2025-02-27;"quinta-feira";"02:20:00";"CE";116;17;"EUSEBIO";"Ingestão de álcool pelo condutor";"Saída de leito carroçável";"Com Vítimas Feridas";"Plena Noite";"Decrescente";"Chuva";"Dupla";"Reta";"Sim";2;0;1;0;1;0;1;1;-3,897642;-38,50352;"SPRF-CE";"DEL01-CE";"UOP02-DEL01-CE"
663937;2025-02-27;"quinta-feira";"05:35:00";"DF";20;23;"BRASILIA";"Ingestão de álcool pelo condutor";"Colisão lateral mesmo sentido";"Sem Vítimas";"Amanhecer";"Crescente";"Céu Claro";"Dupla";"Reta";"Sim";2;0;0;0;2;0;0;2;-15,59368874;-47,66137696;"SPRF-DF";"DEL02-DF";"UOP01-DEL02-DF"
663941;2025-02-27;"quinta-feira";"06:35:00";"PB";104;152,6;"CAMPINA GRANDE";"Acumulo de areia ou detritos sobre o pavimento";"Tombamento";"Com Vítimas Feridas";"Pleno dia";"Crescente";"Sol";"Simples";"Reta;Em Obras";"Não";2;0;2;0;0;0;2;1;-7,258112;-35,8907904;"SPRF-PB";"DEL02-PB";"UOP03-DEL02-PB"
663944;2025-02-27;"quinta-feira";"01:30:00";"MG";116;539,7;"SANTA RITA DE MINAS";"Acumulo de óleo sobre o pavimento";"Tombamento";"Com Vítimas Feridas";"Plena Noite";"Crescente";"Nublado";"Simples";"Curva";"Não";1;0;1;0;0;0;1;1;-19,888327;-42,13773;"SPRF-MG";"DEL06-MG";"UOP02-DEL06-MG"
663945;2025-02-27;"quinta-feira";"06:40:00";"RS";116;149,3;"CAXIAS DO SUL";"Condutor desrespeitou a iluminação vermelha do semáforo";"Colisão transversal";"Com Vítimas Feridas";"Amanhecer";"Crescente";"Nublado";"Dupla";"Retorno Regulamentado";"Sim";3;0;1;0;2;0;1;2;-29,16203146;-51,15696251;"SPRF-RS";"DEL05-RS";"UOP01-DEL05-RS"
663948;2025-02-27;"quinta-feira";"06:40:00";"ES";101;290,7;"CARIACICA";"Trafegar com motocicleta (ou similar) entre as faixas";"Tombamento";"Com Vítimas Feridas";"Pleno dia";"Crescente";"Céu Claro";"Dupla";"Retorno Regulamentado;Interseção de Vias;Reta";"Sim";1;0;1;0;0;0;1;1;-20,29380473;-40,39307205;"SPRF-ES";"DEL01-ES";"UOP01-DEL01-ES"
663949;2025-02-26;"quarta-feira";"14:45:00";"PB";230;158;"CAMPINA GRANDE";"Acessar a via sem observar a presença dos outros veículos";"Colisão transversal";"Com Vítimas Feridas";"Pleno dia";"Crescente";"Céu Claro";"Simples";"Reta";"Sim";2;0;1;0;1;0;1;2;-7,256897;-35,928168;"SPRF-PB";"DEL02-PB";"UOP01-DEL02-PB"
663953;2025-02-27;"quinta-feira";"06:10:00";"PR";369;13,8;"CAMBARA";"Carga excessiva e/ou mal acondicionada";"Colisão com objeto";"Com Vítimas Feridas";"Amanhecer";"Crescente";"Céu Claro";"Simples";"Reta";"Não";1;0;1;0;0;0;1;1;-23,02034012;-50,02555847;"SPRF-PR";"DEL07-PR";"UOP05-DEL07-PR"
663954;2025-02-27;"quinta-feira";"07:25:00";"CE";116;23;"EUSEBIO";"Ausência de reação do condutor";"Colisão lateral mesmo sentido";"Com Vítimas Feridas";"Pleno dia";"Decrescente";"Nublado";"Dupla";"Reta";"Sim";3;0;2;0;0;1;2;2;-3,91464562;-38,50643635;"SPRF-CE";"DEL01-CE";"UOP02-DEL01-CE"
663956;2025-02-27;"quinta-feira";"06:10:00";"MT";163;560;"NOVA MUTUM";"Reação tardia ou ineficiente do condutor";"Saída de leito carroçável";"Com Vítimas Feridas";"Pleno dia";"Decrescente";"Chuva";"Dupla";"Interseção de Vias;Reta;Em Obras";"Não";3;0;1;1;1;0;2;1;-14,140935;-56,102846;"SPRF-MT";"DEL01-MT";"UOP01-DEL01-MT"
663959;2025-01-04;"sábado";"19:45:00";"MG";365;10,6;"MONTES CLAROS";"Ultrapassagem Indevida";"Colisão frontal";"Com Vítimas Fatais";"Plena Noite";"Crescente";"Nublado";"Simples";"Reta";"Não";13;2;2;1;8;0;3;4;-16,83478113;-43,95261496;"SPRF-MG";"DEL12-MG";"UOP01-DEL12-MG"
663960;2025-02-27;"quinta-feira";"08:00:00";"RS";448;15;"CANOAS";"Ausência de reação do condutor";"Tombamento";"Com Vítimas Feridas";"Pleno dia";"Crescente";"Céu Claro";"Dupla";"Curva";"Não";1;0;1;0;0;0;1;1;-29,9239633;-51,230715;"SPRF-RS";"DEL01-RS";"UOP01-DEL01-RS"
663962;2025-01-27;"segunda-feira";"13:00:00";"PI";343;340;"TERESINA";"Acessar a via sem observar a presença dos outros veículos";"Colisão traseira";"Com Vítimas Fatais";"Pleno dia";"Decrescente";"Céu Claro";"Dupla";"Declive;Interseção de Vias;Reta";"Sim";3;1;0;1;1;0;1;2;-5,07435215;-42,73643386;"SPRF-PI";"DEL01-PI";"UOP01-DEL01-PI"
663963;2025-02-27;"quinta-feira";"05:50:00";"DF";251;23;"BRASILIA";"Demais falhas mecânicas ou elétricas";"Colisão traseira";"Com Vítimas Feridas";"Amanhecer";"Crescente";"Nevoeiro/Neblina";"Simples";"Aclive;Reta";"Não";2;0;1;0;1;0;1;2;-15,95687286;-47,67139435;"SPRF-DF";"DEL01-DF";"UOP01-DEL01-DF"
663964;2025-02-27;"quinta-feira";"07:25:00";"RN";101;84;"SAO GONCALO DO AMARANTE";"Condutor deixou de manter distância do veículo da frente";"Colisão traseira";"Com Vítimas Feridas";"Pleno dia";"Crescente";"Céu Claro";"Dupla";"Reta";"Sim";3;0;2;0;1;0;2;2;-5,77556;-35,254866;"SPRF-RN";"DEL02-RN";"UOP01-DEL02-RN"
663965;2025-02-27;"quinta-feira";"08:30:00";"SC";101;118,2;"ITAJAI";"Reação tardia ou ineficiente do condutor";"Colisão lateral mesmo sentido";"Com Vítimas Feridas";"Pleno dia";"Crescente";"Nublado";"Dupla";"Reta";"Sim";2;0;1;0;1;0;1;2;-26,89329148;-48,72024536;"SPRF-SC";"DEL04-SC";"UOP04-DEL04-SC"
663967;2025-02-27;"quinta-feira";"08:30:00";"PR";369;149,9;"LONDRINA";"Condutor deixou de manter distância do veículo da frente";"Colisão traseira";"Com Vítimas Feridas";"Pleno dia";"Crescente";"Céu Claro";"Dupla";"Reta";"Sim";2;0;1;0;1;0;1;2;-23,29285957;-51,15429103;"SPRF-PR";"DEL07-PR";"UOP01-DEL07-PR"
663970;2025-02-27;"quinta-feira";"08:20:00";"PE";101;76;"RECIFE";"Ausência de reação do condutor";"Colisão traseira";"Com Vítimas Feridas";"Pleno dia";"Crescente";"Céu Claro";"Dupla";"Reta";"Não";4;0;1;0;0;3;1;2;-8,118902;-34,943045;"SPRF-PE";"DEL01-PE";"UOP01-DEL01-PE"
663971;2025-02-27;"quinta-feira";"08:00:00";"RS";290;96;"PORTO ALEGRE";"Ausência de reação do condutor";"Colisão lateral mesmo sentido";"Com Vítimas Feridas";"Pleno dia";"Crescente";"Sol";"Múltipla";"Reta";"Não";2;0;1;0;1;0;1;2;-29,99285361;-51,20427132;"SPRF-RS";"DEL01-RS";"UOP01-DEL01-RS"
663972;2025-02-24;"segunda-feira";"06:50:00";"BA";330;825,7;"IPIAU";"Chuva";"Saída de leito carroçável";"Com Vítimas Feridas";"Amanhecer";"Crescente";"Chuva";"Simples";"Curva";"Não";3;0;3;0;0;0;3;1;-14,0861;-39,7814;"SPRF-BA";"DEL03-BA";"UOP01-DEL03-BA"
663973;2025-02-27;"quinta-feira";"09:00:00";"ES";101;262,1;"SERRA";"Reação tardia ou ineficiente do condutor";"Engavetamento";"Com Vítimas Feridas";"Pleno dia";"Decrescente";"Sol";"Dupla";"Retorno Regulamentado;Aclive;Reta";"Sim";3;0;1;0;2;0;1;3;-20,1596343;-40,2759383;"SPRF-ES";"DEL02-ES";"UOP01-DEL02-ES"
663975;2025-02-27;"quinta-feira";"07:40:00";"SP";116;157,5;"SAO JOSE DOS CAMPOS";"Reação tardia ou ineficiente do condutor";"Colisão lateral mesmo sentido";"Com Vítimas Feridas";"Pleno dia";"Decrescente";"Céu Claro";"Dupla";"Reta";"Sim";3;0;1;0;2;0;1;2;-23,25675265;-45,9454143;"SPRF-SP";"DEL02-SP";"UOP01-DEL02-SP"
663977;2025-02-22;"sábado";"17:00:00";"BA";235;350;"JUAZEIRO";"Conversão proibida";"Colisão transversal";"Com Vítimas Feridas";"Pleno dia";"Crescente";"Céu Claro";"Dupla";"Reta";"Sim";2;0;1;0;1;0;1;2;-9,43295372;-40,50230026;"SPRF-PE";"DEL06-PE";"UOP01-DEL06-PE"
663981;2025-02-25;"terça-feira";"11:20:00";"MA";316;261,1;"SANTA INES";"Conversão proibida";"Colisão transversal";"Sem Vítimas";"Pleno dia";"Crescente";"Céu Claro";"Simples";"Reta";"Sim";3;0;0;0;3;0;0;2;-3,6645294;-45,38692474;"SPRF-MA";"DEL02-MA";"UOP01-DEL02-MA"
663983;2025-02-27;"quinta-feira";"09:48:00";"PR";116;89;"SAO JOSE DOS PINHAIS";"Animais na Pista";"Atropelamento de Animal";"Com Vítimas Feridas";"Pleno dia";"Crescente";"Nublado";"Dupla";"Curva";"Não";3;0;1;0;2;0;1;2;-25,51756061;-49,13244724;"SPRF-PR";"DEL01-PR";"UOP07-DEL01-PR"
663984;2025-01-15;"quarta-feira";"05:24:00";"PA";163;318,2;"NOVO PROGRESSO";"Ausência de reação do condutor";"Saída de leito carroçável";"Com Vítimas Feridas";"Amanhecer";"Decrescente";"Chuva";"Simples";"Reta";"Não";1;0;1;0;0;0;1;1;-6,983552;-55,443758;"SPRF-PA";"DEL06-PA";"UOP02-DEL06-PA"
663988;2025-02-27;"quinta-feira";"10:20:00";"GO";60;392;"RIO VERDE";"Reação tardia ou ineficiente do condutor";"Tombamento";"Sem Vítimas";"Pleno dia";"Crescente";"Nublado";"Dupla";"Reta;Aclive";"Não";1;0;0;0;0;1;0;1;-17,824332;-50,991022;"SPRF-GO";"DEL04-GO";"UOP02-DEL04-GO"
663992;2025-02-27;"quinta-feira";"08:00:00";"MT";174;414;"NOVA LACERDA";"Velocidade Incompatível";"Colisão transversal";"Com Vítimas Feridas";"Pleno dia";"Decrescente";"Céu Claro";"Simples";"Reta";"Não";4;0;4;0;0;0;4;2;-14,28052029;-59,6833992;"SPRF-MT";"DEL04-MT";"UOP02-DEL04-MT"
663993;2025-02-27;"quinta-feira";"10:50:00";"MS";163;461;"CAMPO GRANDE";"Ausência de reação do condutor";"Colisão traseira";"Com Vítimas Feridas";"Pleno dia";"Crescente";"Céu Claro";"Simples";"Interseção de Vias;Reta";"Não";3;0;1;0;2;0;1;2;-20,61695934;-54,57509995;"SPRF-MS";"DEL01-MS";"UOP01-DEL01-MS"
663999;2025-02-27;"quinta-feira";"09:30:00";"PR";376;497;"PONTA GROSSA";"Ausência de reação do condutor";"Capotamento";"Com Vítimas Feridas";"Pleno dia";"Decrescente";"Céu Claro";"Dupla";"Reta;Aclive";"Sim";2;0;1;0;1;0;1;1;-25,14458534;-50,15421867;"SPRF-PR";"DEL03-PR";"UOP04-DEL03-PR"
664001;2025-02-27;"quinta-feira";"10:40:00";"RJ";101;460;"ANGRA DOS REIS";"Acessar a via sem observar a presença dos outros veículos";"Colisão transversal";"Com Vítimas Feridas";"Pleno dia";"Crescente";"Céu Claro";"Simples";"Reta";"Não";3;0;1;1;1;0;2;2;-23,03498611;-44,19428949;"SPRF-RJ";"DEL03-RJ";"UOP03-DEL03-RJ"
664003;2025-02-27;"quinta-feira";"12:40:00";"TO";153;502;"PARAISO DO TOCANTINS";"Ultrapassagem Indevida";"Saída de leito carroçável";"Com Vítimas Feridas";"Pleno dia";"Decrescente";"Céu Claro";"Simples";"Declive";"Não";3;0;2;1;0;0;3;1;-10,22374207;-48,87530923;"SPRF-TO";"DEL01-TO";"UOP01-DEL01-TO"
664004;2025-02-25;"terça-feira";"19:50:00";"SC";0;0;"RIO NEGRINHO";"Reação tardia ou ineficiente do condutor";"Colisão traseira";"Sem Vítimas";"Plena Noite";"Não Informado";"Céu Claro";"Simples";"Interseção de Vias";"Não";2;0;0;0;2;0;0;1;-26,2617084;-49,5485088;"SPRF-SC";"DEL06-SC";"UOP03-DEL06-SC"
664005;2025-02-27;"quinta-feira";"12:40:00";"GO";60;385;"RIO VERDE";"Objeto estático sobre o leito carroçável";"Colisão traseira";"Com Vítimas Feridas";"Pleno dia";"Decrescente";"Céu Claro";"Dupla";"Aclive;Reta";"Sim";6;0;1;0;5;0;1;3;-17,810832;-50,927542;"SPRF-GO";"DEL04-GO";"UOP02-DEL04-GO"
664009;2025-02-27;"quinta-feira";"12:50:00";"ES";101;260,4;"SERRA";"Reação tardia ou ineficiente do condutor";"Tombamento";"Com Vítimas Feridas";"Pleno dia";"Decrescente";"Céu Claro";"Simples";"Curva";"Não";2;0;2;0;0;0;2;1;-20,1464183;-40,2823853;"SPRF-ES";"DEL02-ES";"UOP01-DEL02-ES"
664010;2025-02-27;"quinta-feira";"13:00:00";"ES";101;266;"SERRA";"Ausência de reação do condutor";"Colisão traseira";"Com Vítimas Feridas";"Pleno dia";"Crescente";"Céu Claro";"Dupla";"Reta";"Sim";2;0;0;1;1;0;1;2;-20,195578;-40,268852;"SPRF-ES";"DEL02-ES";"UOP01-DEL02-ES"
664011;2025-02-27;"quinta-feira";"12:45:00";"MG";116;486,9;"INHAPIM";"Condutor deixou de manter distância do veículo da frente";"Colisão traseira";"Com Vítimas Feridas";"Pleno dia";"Crescente";"Nublado";"Simples";"Reta";"Não";2;0;2;0;0;0;2;2;-19,452156;-42,128628;"SPRF-MG";"DEL06-MG";"UOP02-DEL06-MG"
664012;2025-02-27;"quinta-feira";"11:20:00";"GO";153;175;"URUACU";"Conversão proibida";"Colisão transversal";"Com Vítimas Feridas";"Pleno dia";"Decrescente";"Céu Claro";"Simples";"Curva";"Sim";4;0;1;1;2;0;2;2;-14,4695352;-49,1561554;"SPRF-GO";"DEL07-GO";"UOP02-DEL07-GO"
664014;2025-02-27;"quinta-feira";"06:30:00";"RJ";116;201;"QUEIMADOS";"Frear bruscamente";"Colisão com objeto";"Com Vítimas Feridas";"Pleno dia";"Crescente";"Sol";"Dupla";"Reta";"Não";3;0;3;0;0;0;3;1;-22,72957;-43,610243;"SPRF-RJ";"DEL06-RJ";"UOP02-DEL06-RJ"
664016;2025-02-27;"quinta-feira";"14:00:00";"PR";376;598;"CURITIBA";"Reação tardia ou ineficiente do condutor";"Colisão traseira";"Com Vítimas Feridas";"Pleno dia";"Crescente";"Sol";"Dupla";"Reta";"Sim";2;0;1;0;1;0;1;2;-25,48715881;-49,34636414;"SPRF-PR";"DEL01-PR";"UOP06-DEL01-PR"
664020;2025-01-18;"sábado";"19:27:00";"PA";163;336,2;"NOVO PROGRESSO";"Reação tardia ou ineficiente do condutor";"Saída de leito carroçável";"Sem Vítimas";"Plena Noite";"Crescente";"Céu Claro";"Simples";"Reta";"Não";2;0;0;0;0;2;0;1;-6,845325;-55,467111;"SPRF-PA";"DEL06-PA";"UOP02-DEL06-PA"
664022;2025-02-27;"quinta-feira";"12:00:00";"PR";277;687;"SAO MIGUEL DO IGUACU";"Ausência de reação do condutor";"Colisão traseira";"Com Vítimas Feridas";"Pleno dia";"Decrescente";"Céu Claro";"Dupla";"Reta;Aclive";"Não";2;0;1;0;1;0;1;2;-25,33729136;-54,20366228;"SPRF-PR";"DEL05-PR";"UOP01-DEL05-PR"
664024;2025-02-27;"quinta-feira";"14:25:00";"PR";369;434,3;"UBIRATA";"Mal súbito do condutor";"Colisão frontal";"Com Vítimas Feridas";"Pleno dia";"Decrescente";"Sol";"Simples";"Reta";"Sim";2;0;1;0;1;0;1;2;-24,55406419;-53,00620079;"SPRF-PR";"DEL04-PR";"UOP03-DEL04-PR"