"id";"data_inversa";"dia_semana";"horario";"uf";"br";"km";"municipio";"causa_acidente";"tipo_acidente";"classificacao_acidente";"fase_dia";"sentido_via";"condicao_metereologica";"tipo_pista";"tracado_via";"uso_solo";"pessoas";"mortos";"feridos_leves";"feridos_graves";"ilesos";"ignorados";"feridos";"veiculos";"latitude";"longitude";"regional";"delegacia";"uop"
664256;2025-02-08;"sábado";"21:50:00";"MG";50;174,2;"UBERABA";"Condutor deixou de manter distância do veículo da frente";"Colisão traseira";"Com Vítimas Feridas";"Plena Noite";"Crescente";"Nublado";"Dupla";"Reta";"Sim";2;0;1;0;0;1;1;2;-19,34165402;-48,09547304;"SPRF-MG";"DEL13-MG";"UOP01-DEL13-MG"
664257;2025-02-28;"sexta-feira";"07:30:00";"RJ";493;20;"MAGE";"Conversão proibida";"Colisão frontal";"Com Vítimas Feridas";"Pleno dia";"Decrescente";"Sol";"Simples";"Reta";"Não";3;0;1;1;1;0;2;2;-22,66360994;-43,04108988;"SPRF-RJ";"DEL04-RJ";"UOP02-DEL04-RJ"
664259;2025-02-28;"sexta-feira";"16:00:00";"SP";153;50,8;"SAO JOSE DO RIO PRETO";"Conversão proibida";"Colisão transversal";"Sem Vítimas";"Pleno dia";"Decrescente";"Céu Claro";"Simples";"Reta";"Sim";2;0;0;0;2;0;0;2;-20,71627613;-49,3389076;"SPRF-SP";"DEL09-SP";"UOP01-DEL09-SP"
664260;2025-02-28;"sexta-feira";"15:15:00";"SP";116;516;"CAJATI";"Condutor Dormindo";"Saída de leito carroçável";"Com Vítimas Feridas";"Pleno dia";"Crescente";"Sol";"Simples";"Curva";"Não";3;0;2;0;1;0;2;1;-24,8728684;-48,21683143;"SPRF-SP";"DEL05-SP";"UOP02-DEL05-SP"
664261;2025-02-28;"sexta-feira";"14:50:00";"PB";230;176,9;"POCINHOS";"Ausência de reação do condutor";"Engavetamento";"Com Vítimas Feridas";"Pleno dia";"Decrescente";"Céu Claro";"Simples";"Reta";"Não";3;0;1;0;2;0;1;3;-7,16983;-36,038353;"SPRF-PB";"DEL02-PB";"UOP02-DEL02-PB"
664262;2025-02-28;"sexta-feira";"12:00:00";"BA";101;898,1;"CARAVELAS";"Reação tardia ou ineficiente do condutor";"Capotamento";"Com Vítimas Feridas";"Pleno dia";"Decrescente";"Céu Claro";"Simples";"Reta";"Não";3;0;3;0;0;0;3;1;-17,716335;-39,767542;"SPRF-BA";"DEL09-BA";"UOP02-DEL09-BA"
664263;2025-02-28;"sexta-feira";"14:00:00";"PB";230;176;"CAMPINA GRANDE";"Ausência de reação do condutor";"Colisão com objeto";"Com Vítimas Feridas";"Pleno dia";"Crescente";"Céu Claro";"Simples";"Reta;Ponte";"Não";2;0;2;0;0;0;2;1;-7,17369972;-36,03264213;"SPRF-PB";"DEL02-PB";"UOP02-DEL02-PB"
664264;2025-02-28;"sexta-feira";"16:00:00";"PR";376;125,1;"ALTO PARANA";"Condutor deixou de manter distância do veículo da frente";"Colisão traseira";"Com Vítimas Feridas";"Pleno dia";"Crescente";"Céu Claro";"Dupla";"Aclive;Reta";"Não";5;0;2;0;3;0;2;2;-23,14151334;-52,28529811;"SPRF-PR";"DEL09-PR";"UOP02-DEL09-PR"
664266;2025-02-22;"sábado";"20:00:00";"DF";80;2;"BRASILIA";"Acessar a via sem observar a presença dos outros veículos";"Colisão lateral mesmo sentido";"Com Vítimas Feridas";"Plena Noite";"Crescente";"Céu Claro";"Dupla";"Reta";"Não";2;0;1;0;1;0;1;2;-15,733353;-48,084915;"SPRF-DF";"DEL03-DF";"UOP02-DEL03-DF"
664267;2025-02-28;"sexta-feira";"15:00:00";"SC";101;133;"BALNEARIO CAMBORIU";"Reação tardia ou ineficiente do condutor";"Colisão traseira";"Com Vítimas Feridas";"Pleno dia";"Decrescente";"Sol";"Múltipla";"Reta";"Sim";2;0;1;0;1;0;1;2;-26,99765919;-48,65086734;"SPRF-SC";"DEL04-SC";"UOP03-DEL04-SC"
664268;2025-02-28;"sexta-feira";"16:00:00";"RS";158;567;"SANTANA DO LIVRAMENTO";"Desrespeitar a preferência no cruzamento";"Colisão transversal";"Com Vítimas Feridas";"Pleno dia";"Decrescente";"Nublado";"Simples";"Rotatória";"Sim";2;0;1;0;1;0;1;2;-30,89021956;-55,50724268;"SPRF-RS";"DEL11-RS";"UOP01-DEL11-RS"
664269;2025-02-28;"sexta-feira";"14:15:00";"MS";262;451,7;"DOIS IRMAOS DO BURITI";"Avarias e/ou desgaste excessivo no pneu";"Tombamento";"Com Vítimas Feridas";"Pleno dia";"Crescente";"Céu Claro";"Simples";"Aclive;Reta";"Não";2;0;1;1;0;0;2;1;-20,550815;-55,474021;"SPRF-MS";"DEL03-MS";"UOP01-DEL03-MS"
664270;2025-01-27;"segunda-feira";"12:41:00";"RJ";101;295;"ITABORAI";"Reação tardia ou ineficiente do condutor";"Queda de ocupante de veículo";"Com Vítimas Feridas";"Pleno dia";"Decrescente";"Céu Claro";"Dupla";"Reta";"Sim";2;0;1;0;0;1;1;2;-22,762946;-42,90873581;"SPRF-RJ";"DEL02-RJ";"UOP02-DEL02-RJ"
664275;2025-02-28;"sexta-feira";"17:05:00";"SC";101;108,2;"PENHA";"Afundamento ou ondulação no pavimento";"Tombamento";"Com Vítimas Feridas";"Pleno dia";"Decrescente";"Céu Claro";"Dupla";"Reta";"Sim";1;0;1;0;0;0;1;1;-26,82834;-48,69214;"SPRF-SC";"DEL03-SC";"UOP02-DEL03-SC"
664277;2025-02-28;"sexta-feira";"16:50:00";"RJ";101;330;"RIO DE JANEIRO";"Ausência de reação do condutor";"Colisão traseira";"Com Vítimas Feridas";"Pleno dia";"Decrescente";"Céu Claro";"Múltipla";"Reta";"Não";2;0;0;1;1;0;1;2;-22,86777494;-43,19734877;"SPRF-RJ";"DEL02-RJ";"UOP01-DEL02-RJ"
664279;2025-02-28;"sexta-feira";"17:10:00";"RS";116;146,1;"CAXIAS DO SUL";"Acessar a via sem observar a presença dos outros veículos";"Atropelamento de Pedestre";"Com Vítimas Feridas";"Pleno dia";"Decrescente";"Nublado";"Dupla";"Reta";"Sim";4;0;1;0;2;1;1;2;-29,14375622;-51,13787055;"SPRF-RS";"DEL05-RS";"UOP01-DEL05-RS"
664280;2025-02-28;"sexta-feira";"16:45:00";"SC";282;25,8;"SANTO AMARO DA IMPERATRIZ";"Conversão proibida";"Colisão transversal";"Com Vítimas Feridas";"Pleno dia";"Decrescente";"Céu Claro";"Simples";"Curva";"Sim";2;0;0;1;1;0;1;2;-27,68059827;-48,7877512;"SPRF-SC";"DEL01-SC";"UOP03-DEL01-SC"
664281;2025-02-28;"sexta-feira";"16:30:00";"AL";316;264,5;"SATUBA";"Condutor Dormindo";"Colisão frontal";"Com Vítimas Feridas";"Pleno dia";"Decrescente";"Céu Claro";"Simples";"Reta;Declive";"Não";3;0;3;0;0;0;3;2;-9,58746299;-35,86304426;"SPRF-AL";"DEL02-AL";"UOP01-DEL02-AL"
664282;2025-02-28;"sexta-feira";"13:00:00";"SC";101;379,2;"ICARA";"Ausência de reação do condutor";"Colisão com objeto";"Com Vítimas Feridas";"Pleno dia";"Decrescente";"Céu Claro";"Múltipla";"Reta;Declive";"Não";1;0;1;0;0;0;1;1;-28,75507917;-49,27747428;"SPRF-SC";"DEL02-SC";"UOP02-DEL02-SC"
664283;2025-02-28;"sexta-feira";"12:05:00";"SC";280;213,5;"TRES BARRAS";"Transitar na contramão";"Colisão frontal";"Com Vítimas Fatais";"Pleno dia";"Decrescente";"Céu Claro";"Simples";"Aclive;Reta";"Não";2;1;1;0;0;0;1;2;-26,18207;-50,202133;"SPRF-SC";"DEL06-SC";"UOP04-DEL06-SC"
664286;2025-02-28;"sexta-feira";"16:50:00";"RS";285;570,4;"SAO LUIZ GONZAGA";"Pedestre cruzava a pista fora da faixa";"Atropelamento de Pedestre";"Com Vítimas Feridas";"Pleno dia";"Decrescente";"Céu Claro";"Simples";"Reta";"Sim";2;0;0;1;1;0;1;2;-28,41251595;-54,97992743;"SPRF-RS";"DEL12-RS";"UOP01-DEL12-RS"
664287;2025-02-24;"segunda-feira";"07:45:00";"RJ";101;310;"SAO GONCALO";"Condutor deixou de manter distância do veículo da frente";"Engavetamento";"Com Vítimas Feridas";"Pleno dia";"Crescente";"Céu Claro";"Simples";"Reta";"Sim";4;0;1;0;3;0;1;4;-22,80117967;-43,05464321;"SPRF-RJ";"DEL02-RJ";"UOP02-DEL02-RJ"
664288;2025-02-28;"sexta-feira";"17:24:00";"PE";101;65,4;"RECIFE";"Trafegar com motocicleta (ou similar) entre as faixas";"Colisão lateral mesmo sentido";"Com Vítimas Feridas";"Plena Noite";"Decrescente";"Chuva";"Dupla";"Reta";"Sim";2;0;1;0;1;0;1;2;-8,028644;-34,942912;"SPRF-PE";"DEL01-PE";"UOP01-DEL01-PE"
664290;2025-02-28;"sexta-feira";"17:20:00";"SP";116;170;"JACAREI";"Avarias e/ou desgaste excessivo no pneu";"Tombamento";"Com Vítimas Feridas";"Pleno dia";"Decrescente";"Sol";"Dupla";"Reta";"Não";2;0;2;0;0;0;2;1;-23,30754344;-46,05118275;"SPRF-SP";"DEL02-SP";"UOP01-DEL02-SP"
664291;2025-02-28;"sexta-feira";"17:15:00";"ES";262;95;"DOMINGOS MARTINS";"Desrespeitar a preferência no cruzamento";"Colisão transversal";"Com Vítimas Feridas";"Amanhecer";"Crescente";"Céu Claro";"Simples";"Interseção de Vias";"Não";2;0;0;1;0;1;1;2;-20,3648847;-41,06233206;"SPRF-ES";"DEL01-ES";"UOP02-DEL01-ES"
664292;2025-02-28;"sexta-feira";"17:15:00";"PR";376;538,6;"PALMEIRA";"Reação tardia ou ineficiente do condutor";"Colisão com objeto";"Com Vítimas Feridas";"Pleno dia";"Decrescente";"Céu Claro";"Dupla";"Reta";"Não";1;0;1;0;0;0;1;1;-25,34697796;-49,84334889;"SPRF-PR";"DEL03-PR";"UOP03-DEL03-PR"
664294;2025-02-28;"sexta-feira";"18:35:00";"ES";101;146,4;"LINHARES";"Condutor deixou de manter distância do veículo da frente";"Engavetamento";"Com Vítimas Feridas";"Plena Noite";"Crescente";"Céu Claro";"Múltipla";"Reta";"Sim";3;0;1;0;2;0;1;3;-19,37434984;-40,0659067;"SPRF-ES";"DEL04-ES";"UOP01-DEL04-ES"
664295;2025-02-28;"sexta-feira";"16:55:00";"PE";428;72;"SANTA MARIA DA BOA VISTA";"Reação tardia ou ineficiente do condutor";"Capotamento";"Com Vítimas Feridas";"Pleno dia";"Crescente";"Céu Claro";"Simples";"Reta;Declive";"Não";2;0;2;0;0;0;2;1;-8,8024754;-39,8252888;"SPRF-PE";"DEL06-PE";"UOP03-DEL06-PE"
664297;2025-02-28;"sexta-feira";"18:05:00";"PB";230;3,7;"CABEDELO";"Reação tardia ou ineficiente do condutor";"Saída de leito carroçável";"Sem Vítimas";"Plena Noite";"Crescente";"Céu Claro";"Múltipla";"Interseção de Vias;Viaduto;Em Obras";"Sim";1;0;0;0;0;1;0;1;-7,00511085;-34,82922077;"SPRF-PB";"DEL01-PB";"UOP01-DEL01-PB"
664298;2025-02-28;"sexta-feira";"19:00:00";"ES";101;204,8;"JOAO NEIVA";"Acessar a via sem observar a presença dos outros veículos";"Colisão transversal";"Com Vítimas Feridas";"Plena Noite";"Crescente";"Céu Claro";"Simples";"Interseção de Vias;Reta";"Sim";3;0;1;0;2;0;1;2;-19,7577139;-40,36937714;"SPRF-ES";"DEL02-ES";"UOP01-DEL02-ES"
664300;2025-02-28;"sexta-feira";"18:40:00";"ES";101;167,7;"LINHARES";"Deficiência do Sistema de Iluminação/Sinalização";"Colisão transversal";"Com Vítimas Feridas";"Plena Noite";"Crescente";"Céu Claro";"Simples";"Reta";"Não";3;0;2;0;1;0;2;2;-19,4222632;-40,0779548;"SPRF-ES";"DEL04-ES";"UOP01-DEL04-ES"
664304;2025-02-28;"sexta-feira";"18:00:00";"SC";101;99,5;"BALNEARIO PICARRAS";"Avarias e/ou desgaste excessivo no pneu";"Tombamento";"Com Vítimas Feridas";"Pleno dia";"Crescente";"Céu Claro";"Dupla";"Reta";"Não";2;0;2;0;0;0;2;1;-26,75472027;-48,68976116;"SPRF-SC";"DEL03-SC";"UOP02-DEL03-SC"
664305;2025-02-28;"sexta-feira";"18:40:00";"DF";60;0,3;"BRASILIA";"Manobra de mudança de faixa";"Colisão lateral mesmo sentido";"Com Vítimas Feridas";"Plena Noite";"Crescente";"Céu Claro";"Dupla";"Reta";"Sim";2;0;1;0;1;0;1;2;-15,883133;-48,06323;"SPRF-DF";"DEL03-DF";"UOP01-DEL03-DF"
664308;2025-01-15;"quarta-feira";"16:55:00";"MT";158;554,9;"AGUA BOA";"Manobra de mudança de faixa";"Colisão lateral sentido oposto";"Com Vítimas Feridas";"Pleno dia";"Crescente";"Nublado";"Simples";"Reta";"Não";2;0;1;0;1;0;1;2;-13,94446602;-52,10520498;"SPRF-MT";"DEL07-MT";"UOP02-DEL07-MT"
664309;2025-02-28;"sexta-feira";"19:25:00";"PE";101;67,5;"RECIFE";"Pista Escorregadia";"Tombamento";"Com Vítimas Feridas";"Plena Noite";"Crescente";"Garoa/Chuvisco";"Simples";"Reta";"Sim";2;0;1;0;1;0;1;1;-8,04638;-34,9451;"SPRF-PE";"DEL01-PE";"UOP01-DEL01-PE"
664311;2025-02-28;"sexta-feira";"18:05:00";"MS";60;426;"SIDROLANDIA";"Desrespeitar a preferência no cruzamento";"Colisão transversal";"Com Vítimas Feridas";"Plena Noite";"Decrescente";"Céu Claro";"Dupla";"Reta;Interseção de Vias";"Sim";2;0;0;1;1;0;1;2;-20,93791358;-54,96282935;"SPRF-MS";"DEL01-MS";"UOP04-DEL01-MS"
664313;2025-02-28;"sexta-feira";"19:00:00";"PE";428;186;"PETROLINA";"Frear bruscamente";"Colisão lateral mesmo sentido";"Sem Vítimas";"Plena Noite";"Crescente";"Céu Claro";"Dupla";"Reta";"Sim";4;0;0;0;3;1;0;4;-9,3551829;-40,4782292;"SPRF-PE";"DEL06-PE";"UOP01-DEL06-PE"
664314;2025-02-28;"sexta-feira";"19:45:00";"RS";470;218,6;"BENTO GONCALVES";"Reação tardia ou ineficiente do condutor";"Colisão frontal";"Com Vítimas Feridas";"Plena Noite";"Decrescente";"Garoa/Chuvisco";"Simples";"Curva;Declive";"Não";3;0;0;1;2;0;1;2;-29,18507474;-51,52137929;"SPRF-RS";"DEL06-RS";"UOP01-DEL06-RS"
664315;2025-02-28;"sexta-feira";"15:48:00";"MT";163;690;"LUCAS DO RIO VERDE";"Conversão proibida";"Colisão transversal";"Com Vítimas Feridas";"Pleno dia";"Crescente";"Céu Claro";"Simples";"Reta";"Sim";2;0;1;0;1;0;1;2;-13,05677473;-55,91407873;"SPRF-MT";"DEL06-MT";"UOP01-DEL06-MT"
664316;2025-02-28;"sexta-feira";"19:00:00";"DF";80;22;"BRASILIA";"Ultrapassagem Indevida";"Colisão transversal";"Com Vítimas Feridas";"Plena Noite";"Crescente";"Céu Claro";"Simples";"Reta";"Não";2;0;1;0;1;0;1;2;-15,719034;-48,196686;"SPRF-DF";"DEL03-DF";"UOP02-DEL03-DF"
664317;2025-02-28;"sexta-feira";"20:24:00";"PB";101;83,7;"BAYEUX";"Condutor deixou de manter distância do veículo da frente";"Engavetamento";"Sem Vítimas";"Plena Noite";"Crescente";"Céu Claro";"Dupla";"Reta";"Não";3;0;0;0;3;0;0;3;-7,137;-34,926;"SPRF-PB";"DEL01-PB";"UOP01-DEL01-PB"
664318;2025-02-28;"sexta-feira";"20:00:00";"TO";230;144;"ARAGUATINS";"Desrespeitar a preferência no cruzamento";"Colisão transversal";"Com Vítimas Feridas";"Plena Noite";"Crescente";"Céu Claro";"Simples";"Reta";"Sim";1;0;0;1;0;0;1;1;-5,71587439;-48,16123724;"SPRF-TO";"DEL02-TO";"UOP03-DEL02-TO"
664319;2025-02-28;"sexta-feira";"14:30:00";"MS";60;352,2;"CAMPO GRANDE";"Chuva";"Saída de leito carroçável";"Com Vítimas Feridas";"Pleno dia";"Crescente";"Chuva";"Simples";"Declive";"Não";5;0;2;0;3;0;2;1;-20,449694;-54,747356;"SPRF-MS";"DEL01-MS";"UOP03-DEL01-MS"
664320;2025-02-28;"sexta-feira";"19:00:00";"MG";40;429,8;"PARAOPEBA";"Manobra de mudança de faixa";"Colisão lateral mesmo sentido";"Com Vítimas Feridas";"Plena Noite";"Decrescente";"Céu Claro";"Dupla";"Aclive;Reta";"Não";4;0;1;1;2;0;2;3;-19,19196209;-44,48695156;"SPRF-MG";"DEL02-MG";"UOP01-DEL02-MG"
664322;2025-02-28;"sexta-feira";"19:00:00";"SP";101;27;"UBATUBA";"Velocidade Incompatível";"Colisão com objeto";"Com Vítimas Feridas";"Plena Noite";"Crescente";"Céu Claro";"Simples";"Reta";"Não";1;0;0;1;0;0;1;1;-23,3865216;-44,97408;"SPRF-SP";"DEL06-SP";"UOP01-DEL06-SP"
664323;2025-02-28;"sexta-feira";"20:15:00";"SP";381;53;"MAIRIPORA";"Reação tardia ou ineficiente do condutor";"Colisão lateral mesmo sentido";"Com Vítimas Feridas";"Plena Noite";"Decrescente";"Céu Claro";"Dupla";"Declive;Curva";"Não";3;0;2;0;1;0;2;2;-23,25196815;-46,59451742;"SPRF-SP";"DEL03-SP";"UOP01-DEL03-SP"
664324;2025-02-28;"sexta-feira";"20:30:00";"MG";262;367;"JUATUBA";"Ingestão de álcool pelo condutor";"Colisão traseira";"Sem Vítimas";"Plena Noite";"Decrescente";"Céu Claro";"Dupla";"Reta";"Sim";3;0;0;0;3;0;0;3;-19,9705134;-44,33127165;"SPRF-MG";"DEL01-MG";"UOP03-DEL01-MG"
664325;2025-02-28;"sexta-feira";"10:35:00";"SP";0;0;"ITAPECERICA DA SERRA";"Demais falhas mecânicas ou elétricas";"Colisão traseira";"Sem Vítimas";"Pleno dia";"Não Informado";"Céu Claro";"Múltipla";"Interseção de Vias;Reta";"Sim";5;0;0;0;4;1;0;3;-23,7003096;-46,86892364;"SPRF-SP";"DEL04-SP";"UOP01-DEL04-SP"
664326;2025-02-28;"sexta-feira";"18:15:00";"RS";392;3,8;"RIO GRANDE";"Reação tardia ou ineficiente do condutor";"Colisão transversal";"Com Vítimas Feridas";"Pleno dia";"Crescente";"Céu Claro";"Simples";"Reta";"Sim";3;0;0;1;1;1;1;3;-32,14449248;-52,10879803;"SPRF-RS";"DEL07-RS";"UOP02-DEL07-RS"
664327;2025-02-28;"sexta-feira";"18:26:00";"MG";40;645,7;"CRISTIANO OTONI";"Acesso irregular";"Colisão transversal";"Com Vítimas Feridas";"Anoitecer";"Crescente";"Céu Claro";"Simples";"Reta";"Não";4;0;4;0;0;0;4;3;-20,7935283;-43,81032;"SPRF-MG";"DEL05-MG";"UOP02-DEL05-MG"
664329;2025-02-28;"sexta-feira";"16:30:00";"RJ";116;147;"DUQUE DE CAXIAS";"Trafegar com motocicleta (ou similar) entre as faixas";"Queda de ocupante de veículo";"Com Vítimas Feridas";"Pleno dia";"Decrescente";"Céu Claro";"Dupla";"Reta";"Não";3;0;0;1;2;0;1;3;-22,67091632;-43,27621348;"SPRF-RJ";"DEL01-RJ";"UOP02-DEL01-RJ"
664330;2025-02-28;"sexta-feira";"21:00:00";"PR";116;134;"FAZENDA RIO GRANDE";"Ausência de reação do condutor";"Atropelamento de Pedestre";"Com Vítimas Feridas";"Plena Noite";"Crescente";"Céu Claro";"Dupla";"Reta";"Não";2;0;2;0;0;0;2;2;-25,71096667;-49,32009602;"SPRF-PR";"DEL01-PR";"UOP03-DEL01-PR"
664331;2025-02-28;"sexta-feira";"19:45:00";"MG";381;327;"NOVA ERA";"Reação tardia ou ineficiente do condutor";"Colisão transversal";"Com Vítimas Fatais";"Plena Noite";"Decrescente";"Garoa/Chuvisco";"Simples";"Declive;Reta";"Não";2;1;1;0;0;0;1;2;-19,756879;-43,027194;"SPRF-MG";"DEL03-MG";"UOP02-DEL03-MG"
664333;2025-02-28;"sexta-feira";"20:30:00";"MG";40;617,4;"CONGONHAS";"Reação tardia ou ineficiente do condutor";"Engavetamento";"Sem Vítimas";"Plena Noite";"Crescente";"Céu Claro";"Simples";"Reta";"Não";6;0;0;0;4;2;0;3;-20,561186;-43,812465;"SPRF-MG";"DEL05-MG";"UOP02-DEL05-MG"
664335;2025-02-28;"sexta-feira";"18:55:00";"MG";116;566;"MANHUACU";"Reação tardia ou ineficiente do condutor";"Colisão transversal";"Com Vítimas Feridas";"Plena Noite";"Crescente";"Céu Claro";"Simples";"Reta";"Não";2;0;1;0;1;0;1;2;-20,11477703;-42,18057638;"SPRF-MG";"DEL06-MG";"UOP03-DEL06-MG"
664336;2025-02-28;"sexta-feira";"19:09:00";"AC";317;288;"EPITACIOLANDIA";"Reação tardia ou ineficiente do condutor";"Colisão traseira";"Com Vítimas Feridas";"Plena Noite";"Decrescente";"Céu Claro";"Simples";"Reta";"Não";2;0;1;0;1;0;1;2;-11,0375187;-68,7157971;"SPRF-AC";"DEL01-AC";"UOP02-DEL01-AC"
664338;2025-02-28;"sexta-feira";"20:30:00";"RN";101;76,5;"SAO GONCALO DO AMARANTE";"Acessar a via sem observar a presença dos outros veículos";"Colisão lateral mesmo sentido";"Com Vítimas Feridas";"Plena Noite";"Crescente";"Chuva";"Dupla";"Aclive";"Não";2;0;1;0;1;0;1;2;-5,7280002;-35,288064;"SPRF-RN";"DEL02-RN";"UOP01-DEL02-RN"
664340;2025-02-28;"sexta-feira";"21:00:00";"BA";101;475;"URUCUCA";"Transitar na contramão";"Colisão frontal";"Com Vítimas Fatais";"Plena Noite";"Crescente";"Céu Claro";"Simples";"Aclive;Reta";"Não";2;1;0;0;0;1;0;2;-14,570165;-39,335355;"SPRF-BA";"DEL05-BA";"UOP01-DEL05-BA"
664343;2025-02-28;"sexta-feira";"19:30:00";"SC";470;251,1;"CURITIBANOS";"Demais falhas na via";"Queda de ocupante de veículo";"Com Vítimas Fatais";"Plena Noite";"Crescente";"Céu Claro";"Simples";"Curva";"Não";3;1;0;1;0;1;1;2;-27,3125219;-50,5987834;"SPRF-SC";"DEL05-SC";"UOP03-DEL05-SC"
664344;2025-02-28;"sexta-feira";"19:20:00";"MT";163;833;"SINOP";"Reação tardia ou ineficiente do condutor";"Queda de ocupante de veículo";"Com Vítimas Feridas";"Plena Noite";"Decrescente";"Garoa/Chuvisco";"Dupla";"Rotatória";"Sim";2;0;2;0;0;0;2;1;-12,004832;-55,51713;"SPRF-MT";"DEL06-MT";"UOP02-DEL06-MT"
664345;2025-02-28;"sexta-feira";"21:40:00";"CE";222;2;"FORTALEZA";"Reação tardia ou ineficiente do condutor";"Colisão traseira";"Com Vítimas Feridas";"Plena Noite";"Crescente";"Céu Claro";"Múltipla";"Reta";"Sim";3;0;2;0;0;1;2;2;-3,74;-38,595;"SPRF-CE";"DEL01-CE";"UOP01-DEL01-CE"
664346;2025-02-28;"sexta-feira";"15:20:00";"MT";70;280;"PRIMAVERA DO LESTE";"Acessar a via sem observar a presença dos outros veículos";"Colisão transversal";"Com Vítimas Feridas";"Pleno dia";"Crescente";"Chuva";"Simples";"Reta";"Sim";2;0;1;0;1;0;1;2;-15,566343;-54,303906;"SPRF-MT";"DEL05-MT";"UOP01-DEL05-MT"
664347;2025-02-28;"sexta-feira";"21:00:00";"SC";282;446;"PONTE SERRADA";"Manobra de mudança de faixa";"Colisão lateral mesmo sentido";"Sem Vítimas";"Plena Noite";"Crescente";"Céu Claro";"Dupla";"Curva";"Não";6;0;0;0;6;0;0;2;-26,913;-51,90526;"SPRF-SC";"DEL07-SC";"UOP04-DEL07-SC"
664348;2025-02-28;"sexta-feira";"21:55:00";"PR";476;242;"LAPA";"Ingestão de álcool pelo condutor";"Colisão frontal";"Com Vítimas Feridas";"Plena Noite";"Crescente";"Nublado";"Simples";"Reta";"Não";6;0;6;0;0;0;6;2;-25,8578227;-50,081967;"SPRF-PR";"DEL02-PR";"UOP03-DEL02-PR"
664351;2025-02-28;"sexta-feira";"21:20:00";"RJ";116;112;"DUQUE DE CAXIAS";"Ausência de reação do condutor";"Colisão traseira";"Com Vítimas Feridas";"Plena Noite";"Decrescente";"Céu Claro";"Dupla";"Reta";"Sim";2;0;1;0;1;0;1;2;-22,70337842;-43,29007586;"SPRF-RJ";"DEL04-RJ";"UOP02-DEL04-RJ"
664352;2025-02-28;"sexta-feira";"21:17:00";"GO";153;199;"URUACU";"Pedestre - Ingestão de álcool/ substâncias psicoativas";"Atropelamento de Pedestre";"Com Vítimas Feridas";"Plena Noite";"Decrescente";"Céu Claro";"Simples";"Reta";"Sim";2;0;0;1;1;0;1;2;-14,52330894;-49,1580534;"SPRF-GO";"DEL07-GO";"UOP02-DEL07-GO"
664354;2025-02-28;"sexta-feira";"21:00:00";"MG";40;686;"RESSAQUINHA";"Falta de acostamento";"Atropelamento de Pedestre";"Com Vítimas Feridas";"Plena Noite";"Decrescente";"Céu Claro";"Simples";"Reta";"Não";2;0;0;1;1;0;1;2;-21,0893;-43,7718;"SPRF-MG";"DEL05-MG";"UOP02-DEL05-MG"
664357;2025-02-28;"sexta-feira";"21:15:00";"PR";277;289;"PRUDENTOPOLIS";"Ausência de reação do condutor";"Saída de leito carroçável";"Sem Vítimas";"Plena Noite";"Crescente";"Céu Claro";"Simples";"Aclive";"Não";1;0;0;0;1;0;0;1;-25,316696;-51,004219;"SPRF-PR";"DEL08-PR";"UOP02-DEL08-PR"
664358;2025-02-28;"sexta-feira";"23:30:00";"PR";277;653,4;"MATELANDIA";"Transitar na contramão";"Colisão lateral sentido oposto";"Com Vítimas Feridas";"Plena Noite";"Crescente";"Céu Claro";"Simples";"Reta";"Não";2;0;0;1;1;0;1;2;-25,216788;-53,951423;"SPRF-PR";"DEL05-PR";"UOP02-DEL05-PR"
664359;2025-02-28;"sexta-feira";"20:30:00";"MT";163;543;"DIAMANTINO";"Acessar a via sem observar a presença dos outros veículos";"Colisão transversal";"Com Vítimas Feridas";"Plena Noite";"Crescente";"Nublado";"Simples";"Em Obras;Reta";"Não";2;0;0;1;1;0;1;2;-14,266631;-56,150164;"SPRF-MT";"DEL01-MT";"UOP01-DEL01-MT"
664360;2025-02-28;"sexta-feira";"23:05:00";"PE";408;84,2;"SAO LOURENCO DA MATA";"Objeto estático sobre o leito carroçável";"Colisão frontal";"Com Vítimas Fatais";"Plena Noite";"Decrescente";"Chuva";"Dupla";"Reta";"Não";1;1;0;0;0;0;0;1;-7,99969;-35,06344;"SPRF-PE";"DEL01-PE";"UOP01-DEL01-PE"
664361;2025-02-28;"sexta-feira";"23:00:00";"RS";116;110,1;"ELDORADO DO SUL";"Velocidade Incompatível";"Capotamento";"Com Vítimas Feridas";"Plena Noite";"Crescente";"Céu Claro";"Dupla";"Reta";"Não";2;0;0;2;0;0;2;1;-30,036283;-51,3276648;"SPRF-RS";"DEL05-RS";"UOP01-DEL05-RS"
664362;2025-02-28;"sexta-feira";"23:40:00";"MG";365;640;"UBERLANDIA";"Reação tardia ou ineficiente do condutor";"Colisão traseira";"Com Vítimas Feridas";"Plena Noite";"Crescente";"Céu Claro";"Dupla";"Declive";"Não";3;0;2;0;1;0;2;3;-18,88902297;-48,4420681;"SPRF-MG";"DEL15-MG";"UOP01-DEL15-MG"
664363;2025-02-28;"sexta-feira";"22:13:00";"RJ";493;62;"JAPERI";"Animais na Pista";"Atropelamento de Animal";"Com Vítimas Feridas";"Plena Noite";"Decrescente";"Céu Claro";"Dupla";"Reta";"Não";2;0;2;0;0;0;2;1;-22,6656256;-43,6338688;"SPRF-RJ";"DEL01-RJ";"UOP03-DEL01-RJ"