"id";"data_inversa";"dia_semana";"horario";"uf";"br";"km";"municipio";"causa_acidente";"tipo_acidente";"classificacao_acidente";"fase_dia";"sentido_via";"condicao_metereologica";"tipo_pista";"tracado_via";"uso_solo";"pessoas";"mortos";"feridos_leves";"feridos_graves";"ilesos";"ignorados";"feridos";"veiculos";"latitude";"longitude";"regional";"delegacia";"uop"
664364;2025-02-28;"sexta-feira";"23:40:00";"RJ";40;54;"PETROPOLIS";"Ingestão de álcool pelo condutor";"Colisão com objeto";"Com Vítimas Feridas";"Plena Noite";"Crescente";"Céu Claro";"Dupla";"Reta;Declive";"Não";1;0;1;0;0;0;1;1;-22,35315186;-43,12161684;"SPRF-RJ";"DEL05-RJ";"UOP02-DEL05-RJ"
664365;2025-02-28;"sexta-feira";"23:00:00";"RJ";493;52;"DUQUE DE CAXIAS";"Animais na Pista";"Atropelamento de Animal";"Com Vítimas Feridas";"Plena Noite";"Decrescente";"Nublado";"Dupla";"Reta";"Não";1;0;1;0;0;0;1;1;-22,668367;-43,31521165;"SPRF-RJ";"DEL01-RJ";"UOP03-DEL01-RJ"
664366;2025-03-01;"sábado";"00:15:00";"SC";470;53,2;"BLUMENAU";"Ausência de sinalização";"Saída de leito carroçável";"Sem Vítimas";"Plena Noite";"Decrescente";"Nublado";"Múltipla";"Reta";"Sim";1;0;0;0;1;0;0;1;-26,86833;-49,10434;"SPRF-SC";"DEL04-SC";"UOP01-DEL04-SC"
664367;2025-03-01;"sábado";"00:05:00";"SP";116;490;"CAJATI";"Ausência de reação do condutor";"Colisão traseira";"Com Vítimas Feridas";"Plena Noite";"Crescente";"Céu Claro";"Dupla";"Reta";"Não";4;0;1;0;3;0;1;2;-24,74184249;-48,12835693;"SPRF-SP";"DEL05-SP";"UOP01-DEL05-SP"
664368;2025-02-28;"sexta-feira";"23:20:00";"SC";116;140,5;"SANTA CECILIA";"Reação tardia ou ineficiente do condutor";"Colisão com objeto";"Com Vítimas Feridas";"Plena Noite";"Decrescente";"Nublado";"Simples";"Curva;Declive";"Não";3;0;3;0;0;0;3;1;-26,9752878;-50,39947852;"SPRF-SC";"DEL06-SC";"UOP02-DEL06-SC"
664369;2025-03-01;"sábado";"01:10:00";"PR";277;10;"PARANAGUA";"Ausência de reação do condutor";"Tombamento";"Com Vítimas Feridas";"Plena Noite";"Decrescente";"Céu Claro";"Dupla";"Reta";"Não";1;0;0;1;0;0;1;1;-25,56728526;-48,62030089;"SPRF-PR";"DEL01-PR";"UOP05-DEL01-PR"
664370;2025-02-28;"sexta-feira";"19:00:00";"PR";373;422;"FOZ DO JORDAO";"Ausência de reação do condutor";"Saída de leito carroçável";"Sem Vítimas";"Plena Noite";"Decrescente";"Céu Claro";"Simples";"Curva";"Não";1;0;0;0;1;0;0;1;-25,708831;-52,176708;"SPRF-PR";"DEL08-PR";"UOP01-DEL08-PR"
664374;2025-02-28;"sexta-feira";"16:00:00";"SC";101;57;"ARAQUARI";"Reação tardia ou ineficiente do condutor";"Colisão traseira";"Com Vítimas Feridas";"Pleno dia";"Crescente";"Sol";"Dupla";"Reta";"Não";3;0;2;0;1;0;2;2;-26,43618535;-48,81268501;"SPRF-SC";"DEL03-SC";"UOP01-DEL03-SC"
664377;2025-03-01;"sábado";"01:47:00";"SC";282;208,6;"SAO JOSE";"Manobra de mudança de faixa";"Colisão traseira";"Com Vítimas Feridas";"Plena Noite";"Crescente";"Céu Claro";"Múltipla";"Aclive;Reta";"Não";3;0;1;0;2;0;1;2;-27,60466734;-48,63364756;"SPRF-SC";"DEL05-SC";"UOP01-DEL05-SC"
664378;2025-03-01;"sábado";"00:10:00";"MG";381;154,9;"GOVERNADOR VALADARES";"Entrada inopinada do pedestre";"Atropelamento de Pedestre";"Com Vítimas Fatais";"Plena Noite";"Crescente";"Nublado";"Simples";"Reta";"Sim";3;1;0;0;1;1;0;2;-18,85750909;-41,98448105;"SPRF-MG";"DEL06-MG";"UOP01-DEL06-MG"
664379;2025-03-01;"sábado";"00:30:00";"BA";407;8;"JUAZEIRO";"Ingestão de álcool pelo condutor";"Colisão traseira";"Sem Vítimas";"Plena Noite";"Decrescente";"Céu Claro";"Simples";"Reta";"Não";2;0;0;0;1;1;0;2;-9,478097;-40,475862;"SPRF-PE";"DEL06-PE";"UOP01-DEL06-PE"
664380;2025-02-28;"sexta-feira";"22:30:00";"MG";116;399;"GOVERNADOR VALADARES";"Demais falhas mecânicas ou elétricas";"Queda de ocupante de veículo";"Com Vítimas Feridas";"Plena Noite";"Crescente";"Céu Claro";"Simples";"Reta";"Não";2;0;1;0;1;0;1;2;-18,71552031;-41,98768616;"SPRF-MG";"DEL06-MG";"UOP01-DEL06-MG"
664381;2025-03-01;"sábado";"00:40:00";"MG";116;573,4;"MANHUACU";"Reação tardia ou ineficiente do condutor";"Colisão traseira";"Com Vítimas Fatais";"Plena Noite";"Decrescente";"Céu Claro";"Simples";"Reta;Aclive";"Não";2;1;0;0;0;1;0;2;-20,20233047;-42,18403819;"SPRF-MG";"DEL06-MG";"UOP03-DEL06-MG"
664383;2025-03-01;"sábado";"00:30:00";"GO";20;229,9;"POSSE";"Ingestão de álcool pelo condutor";"Colisão transversal";"Com Vítimas Feridas";"Plena Noite";"Decrescente";"Céu Claro";"Simples";"Reta";"Não";4;0;1;0;3;0;1;2;-14,113257;-46,30865;"SPRF-DF";"DEL02-DF";"UOP03-DEL02-DF"
664384;2025-03-01;"sábado";"00:32:00";"MG";116;511,6;"UBAPORANGA";"Ingestão de álcool pelo condutor";"Colisão frontal";"Com Vítimas Fatais";"Plena Noite";"Crescente";"Céu Claro";"Simples";"Curva";"Não";4;1;0;0;1;2;0;3;-19,660397;-42,116757;"SPRF-MG";"DEL06-MG";"UOP02-DEL06-MG"
664386;2025-03-01;"sábado";"02:40:00";"MG";153;33;"CENTRALINA";"Afundamento ou ondulação no pavimento";"Queda de ocupante de veículo";"Com Vítimas Feridas";"Plena Noite";"Crescente";"Céu Claro";"Dupla";"Reta";"Não";1;0;1;0;0;0;1;1;-18,73550178;-49,10345256;"SPRF-MG";"DEL15-MG";"UOP03-DEL15-MG"
664387;2025-03-01;"sábado";"01:50:00";"MS";163;267;"DOURADOS";"Ingestão de álcool pelo condutor";"Saída de leito carroçável";"Sem Vítimas";"Plena Noite";"Decrescente";"Céu Claro";"Dupla";"Rotatória";"Sim";1;0;0;0;1;0;0;1;-22,21287449;-54,71571207;"SPRF-MS";"DEL04-MS";"UOP01-DEL04-MS"
664388;2025-03-01;"sábado";"02:30:00";"GO";153;507;"APARECIDA DE GOIANIA";"Ingestão de álcool pelo condutor";"Saída de leito carroçável";"Sem Vítimas";"Plena Noite";"Decrescente";"Ignorado";"Dupla";"Reta";"Sim";1;0;0;0;1;0;0;1;-16,78531339;-49,23750401;"SPRF-GO";"DEL01-GO";"UOP03-DEL01-GO"
664389;2025-03-01;"sábado";"01:29:00";"PR";277;73;"SAO JOSE DOS PINHAIS";"Velocidade Incompatível";"Saída de leito carroçável";"Com Vítimas Fatais";"Plena Noite";"Decrescente";"Céu Claro";"Dupla";"Reta";"Não";7;1;0;6;0;0;6;1;-25,500222;-49,153653;"SPRF-PR";"DEL01-PR";"UOP07-DEL01-PR"
664390;2025-03-01;"sábado";"03:20:00";"PR";277;73,4;"SAO JOSE DOS PINHAIS";"Ingestão de álcool pelo condutor";"Colisão traseira";"Sem Vítimas";"Plena Noite";"Decrescente";"Céu Claro";"Dupla";"Reta";"Sim";2;0;0;0;2;0;0;2;-25,500092;-49,153807;"SPRF-PR";"DEL01-PR";"UOP07-DEL01-PR"
664391;2025-03-01;"sábado";"02:20:00";"RS";116;325,5;"BARRA DO RIBEIRO";"Objeto estático sobre o leito carroçável";"Saída de leito carroçável";"Com Vítimas Feridas";"Plena Noite";"Crescente";"Nublado";"Dupla";"Reta";"Não";5;0;3;2;0;0;5;1;-30,33242083;-51,42408555;"SPRF-RS";"DEL02-RS";"UOP01-DEL02-RS"
664392;2025-03-01;"sábado";"04:00:00";"SP";101;49;"UBATUBA";"Velocidade Incompatível";"Colisão traseira";"Com Vítimas Feridas";"Plena Noite";"Crescente";"Céu Claro";"Simples";"Reta";"Sim";3;0;0;2;0;1;2;2;-23,44386084;-45,08412968;"SPRF-SP";"DEL06-SP";"UOP01-DEL06-SP"
664395;2025-03-01;"sábado";"04:10:00";"PB";101;85,6;"JOAO PESSOA";"Condutor Dormindo";"Saída de leito carroçável";"Com Vítimas Feridas";"Plena Noite";"Decrescente";"Chuva";"Múltipla";"Reta";"Sim";2;0;1;1;0;0;2;1;-7,1443577;-34,91792026;"SPRF-PB";"DEL01-PB";"UOP01-DEL01-PB"
664396;2025-03-01;"sábado";"04:30:00";"RS";116;233;"NOVO HAMBURGO";"Ausência de reação do condutor";"Colisão com objeto";"Sem Vítimas";"Plena Noite";"Decrescente";"Céu Claro";"Simples";"Reta";"Sim";1;0;0;0;0;1;0;1;-29,64446648;-51,14311966;"SPRF-RS";"DEL01-RS";"UOP02-DEL01-RS"
664397;2025-03-01;"sábado";"03:45:00";"MS";163;777;"COXIM";"Ingestão de álcool pelo condutor";"Saída de leito carroçável";"Sem Vítimas";"Amanhecer";"Decrescente";"Céu Claro";"Dupla";"Reta";"Não";1;0;0;0;1;0;0;1;-18,12227;-54,70013;"SPRF-MS";"DEL06-MS";"UOP01-DEL06-MS"
664398;2025-02-28;"sexta-feira";"07:30:00";"RJ";493;6;"ITABORAI";"Ausência de reação do condutor";"Colisão lateral mesmo sentido";"Com Vítimas Feridas";"Amanhecer";"Crescente";"Sol";"Simples";"Reta";"Sim";2;0;1;0;1;0;1;2;-22,76545789;-42,92495728;"SPRF-RJ";"DEL02-RJ";"UOP02-DEL02-RJ"
664400;2025-03-01;"sábado";"04:30:00";"ES";101;133,8;"LINHARES";"Ultrapassagem Indevida";"Colisão transversal";"Com Vítimas Feridas";"Plena Noite";"Crescente";"Nublado";"Simples";"Interseção de Vias;Reta";"Não";6;0;6;0;0;0;6;2;-19,28321568;-40,08700848;"SPRF-ES";"DEL04-ES";"UOP01-DEL04-ES"
664401;2025-03-01;"sábado";"04:30:00";"SP";116;73,8;"APARECIDA";"Pedestre andava na pista";"Atropelamento de Pedestre";"Com Vítimas Fatais";"Plena Noite";"Crescente";"Céu Claro";"Dupla";"Reta";"Não";2;1;0;0;0;1;0;2;-22,8721816;-45,24860859;"SPRF-SP";"DEL08-SP";"UOP01-DEL08-SP"
664402;2025-03-01;"sábado";"04:35:00";"PE";104;62,2;"CARUARU";"Reação tardia ou ineficiente do condutor";"Capotamento";"Com Vítimas Feridas";"Amanhecer";"Crescente";"Céu Claro";"Múltipla";"Reta";"Sim";5;0;4;1;0;0;5;1;-8,25765835;-35,97568631;"SPRF-PE";"DEL02-PE";"UOP01-DEL02-PE"
664403;2025-03-01;"sábado";"05:00:00";"PR";277;714;"SANTA TEREZINHA DE ITAIPU";"Ausência de reação do condutor";"Colisão com objeto";"Sem Vítimas";"Plena Noite";"Decrescente";"Céu Claro";"Dupla";"Reta";"Não";1;0;0;0;1;0;0;1;-25,46457721;-54,44769502;"SPRF-PR";"DEL05-PR";"UOP01-DEL05-PR"
664404;2025-03-01;"sábado";"04:15:00";"PR";116;38;"CAMPINA GRANDE DO SUL";"Reação tardia ou ineficiente do condutor";"Capotamento";"Com Vítimas Feridas";"Plena Noite";"Crescente";"Nevoeiro/Neblina";"Dupla";"Curva";"Não";2;0;1;0;1;0;1;1;-25,14802509;-48,85922071;"SPRF-PR";"DEL01-PR";"UOP02-DEL01-PR"
664406;2025-03-01;"sábado";"04:55:00";"RS";116;62,8;"CAMPESTRE DA SERRA";"Transitar na contramão";"Colisão transversal";"Com Vítimas Feridas";"Plena Noite";"Decrescente";"Céu Claro";"Simples";"Reta;Aclive";"Não";3;0;2;0;1;0;2;2;-28,662377;-51,05876;"SPRF-RS";"DEL05-RS";"UOP03-DEL05-RS"
664408;2025-03-01;"sábado";"05:00:00";"RS";116;226,8;"DOIS IRMAOS";"Ingestão de álcool pelo condutor";"Colisão com objeto";"Com Vítimas Feridas";"Plena Noite";"Crescente";"Céu Claro";"Simples";"Curva";"Não";2;0;1;0;1;0;1;1;-29,59939426;-51,11384869;"SPRF-RS";"DEL01-RS";"UOP02-DEL01-RS"
664409;2025-03-01;"sábado";"04:45:00";"PR";277;467,5;"LARANJEIRAS DO SUL";"Pedestre andava na pista";"Atropelamento de Pedestre";"Com Vítimas Fatais";"Plena Noite";"Crescente";"Céu Claro";"Simples";"Curva";"Não";3;1;0;0;2;0;0;2;-25,3296137;-52,50868857;"SPRF-PR";"DEL04-PR";"UOP02-DEL04-PR"
664411;2025-03-01;"sábado";"04:40:00";"MG";40;526;"CONTAGEM";"Condutor Dormindo";"Colisão com objeto";"Com Vítimas Feridas";"Amanhecer";"Decrescente";"Céu Claro";"Dupla";"Reta";"Sim";2;0;0;1;0;1;1;2;-19,89516203;-44,04976845;"SPRF-MG";"DEL01-MG";"UOP02-DEL01-MG"
664412;2025-03-01;"sábado";"04:30:00";"PR";116;71;"CAMPINA GRANDE DO SUL";"Reação tardia ou ineficiente do condutor";"Colisão com objeto";"Com Vítimas Feridas";"Plena Noite";"Crescente";"Nevoeiro/Neblina";"Dupla";"Curva;Interseção de Vias";"Não";1;0;1;0;0;0;1;1;-25,34465098;-49,04383242;"SPRF-PR";"DEL01-PR";"UOP02-DEL01-PR"
664413;2025-03-01;"sábado";"06:00:00";"ES";101;249,7;"SERRA";"Ausência de reação do condutor";"Colisão frontal";"Com Vítimas Feridas";"Amanhecer";"Crescente";"Nublado";"Simples";"Reta";"Sim";5;0;0;2;3;0;2;3;-20,0783513;-40,3514725;"SPRF-ES";"DEL02-ES";"UOP01-DEL02-ES"
664417;2025-03-01;"sábado";"06:00:00";"ES";262;79,1;"DOMINGOS MARTINS";"Ausência de reação do condutor";"Colisão lateral sentido oposto";"Com Vítimas Feridas";"Pleno dia";"Decrescente";"Céu Claro";"Simples";"Curva";"Não";8;0;7;1;0;0;8;2;-20,409564;-40,928933;"SPRF-ES";"DEL01-ES";"UOP02-DEL01-ES"
664418;2025-03-01;"sábado";"05:31:00";"PR";376;174,9;"MARINGA";"Ingestão de álcool pelo condutor";"Queda de ocupante de veículo";"Com Vítimas Feridas";"Amanhecer";"Crescente";"Céu Claro";"Múltipla";"Reta;Declive";"Não";2;0;1;0;1;0;1;1;-23,4150069;-51,95130652;"SPRF-PR";"DEL09-PR";"UOP01-DEL09-PR"
664419;2025-03-01;"sábado";"05:50:00";"RS";101;13;"DOM PEDRO DE ALCANTARA";"Ausência de reação do condutor";"Colisão com objeto";"Com Vítimas Feridas";"Amanhecer";"Decrescente";"Céu Claro";"Simples";"Reta";"Não";3;0;2;0;1;0;2;1;-29,39741987;-49,8484211;"SPRF-RS";"DEL03-RS";"UOP02-DEL03-RS"
664420;2025-02-28;"sexta-feira";"23:12:00";"RO";364;342;"JI-PARANA";"Ingestão de álcool pelo condutor";"Colisão lateral mesmo sentido";"Com Vítimas Feridas";"Plena Noite";"Crescente";"Nublado";"Dupla";"Reta";"Sim";3;0;0;1;2;0;1;3;-10,8363776;-62,0101632;"SPRF-RO";"DEL02-RO";"UOP01-DEL02-RO"
664421;2025-03-01;"sábado";"06:40:00";"BA";324;613,8;"SALVADOR";"Acumulo de areia ou detritos sobre o pavimento";"Queda de ocupante de veículo";"Com Vítimas Feridas";"Pleno dia";"Decrescente";"Chuva";"Múltipla";"Reta";"Sim";1;0;1;0;0;0;1;1;-12,8709777;-38,4263464;"SPRF-BA";"DEL01-BA";"UOP01-DEL01-BA"
664422;2025-03-01;"sábado";"06:00:00";"SP";116;225;"GUARULHOS";"Ausência de reação do condutor";"Tombamento";"Com Vítimas Feridas";"Pleno dia";"Decrescente";"Céu Claro";"Múltipla";"Reta;Declive;Em Obras";"Sim";1;0;1;0;0;0;1;1;-23,49056589;-46,54796529;"SPRF-SP";"DEL01-SP";"UOP01-DEL01-SP"
664426;2025-03-01;"sábado";"05:30:00";"SP";116;225;"GUARULHOS";"Condutor deixou de manter distância do veículo da frente";"Colisão traseira";"Sem Vítimas";"Amanhecer";"Decrescente";"Céu Claro";"Múltipla";"Reta";"Sim";4;0;0;0;3;1;0;2;-23,490398;-46,547801;"SPRF-SP";"DEL01-SP";"UOP01-DEL01-SP"
664429;2025-03-01;"sábado";"07:00:00";"AL";104;42;"BRANQUINHA";"Condutor deixou de manter distância do veículo da frente";"Colisão traseira";"Com Vítimas Feridas";"Pleno dia";"Crescente";"Sol";"Simples";"Reta";"Não";5;0;2;0;3;0;2;3;-9,20684282;-36,03200197;"SPRF-AL";"DEL01-AL";"UOP02-DEL01-AL"
664430;2025-03-01;"sábado";"01:30:00";"MG";364;18;"FRUTAL";"Transitar na contramão";"Colisão lateral sentido oposto";"Sem Vítimas";"Plena Noite";"Crescente";"Nublado";"Simples";"Reta";"Não";5;0;0;0;5;0;0;2;-20,05675169;-48,82035613;"SPRF-MG";"DEL13-MG";"UOP02-DEL13-MG"
664431;2025-03-01;"sábado";"06:50:00";"MG";116;522,1;"CARATINGA";"Velocidade Incompatível";"Tombamento";"Com Vítimas Feridas";"Pleno dia";"Decrescente";"Chuva";"Simples";"Curva;Retorno Regulamentado";"Sim";3;0;1;1;1;0;2;2;-19,748692;-42,132862;"SPRF-MG";"DEL06-MG";"UOP02-DEL06-MG"
664432;2025-03-01;"sábado";"06:10:00";"GO";60;198,2;"GUAPO";"Velocidade Incompatível";"Colisão traseira";"Com Vítimas Feridas";"Pleno dia";"Crescente";"Céu Claro";"Dupla";"Reta;Declive";"Não";2;0;0;1;0;1;1;2;-16,87007402;-49,61028266;"SPRF-GO";"DEL01-GO";"UOP02-DEL01-GO"
664433;2025-03-01;"sábado";"01:40:00";"BA";367;33;"PORTO SEGURO";"Ingestão de álcool pelo condutor";"Saída de leito carroçável";"Com Vítimas Feridas";"Plena Noite";"Crescente";"Céu Claro";"Simples";"Curva";"Sim";1;0;1;0;0;0;1;1;-16,41124719;-39,16739887;"SPRF-BA";"DEL09-BA";"UOP03-DEL09-BA"
664435;2025-03-01;"sábado";"07:55:00";"CE";222;21;"CAUCAIA";"Desrespeitar a preferência no cruzamento";"Colisão transversal";"Com Vítimas Feridas";"Pleno dia";"Crescente";"Chuva";"Simples";"Em Obras;Reta";"Não";2;0;0;1;1;0;1;2;-3,7365625;-38,74423027;"SPRF-CE";"DEL01-CE";"UOP01-DEL01-CE"
664436;2025-03-01;"sábado";"07:10:00";"RJ";101;539;"PARATY";"Condutor deixou de manter distância do veículo da frente";"Colisão traseira";"Com Vítimas Feridas";"Pleno dia";"Crescente";"Céu Claro";"Simples";"Curva";"Sim";3;0;0;1;1;1;1;3;-23,04845964;-44,59075928;"SPRF-RJ";"DEL03-RJ";"UOP04-DEL03-RJ"
664437;2025-03-01;"sábado";"07:50:00";"SP";116;302;"SAO LOURENCO DA SERRA";"Condutor deixou de manter distância do veículo da frente";"Engavetamento";"Com Vítimas Feridas";"Pleno dia";"Crescente";"Céu Claro";"Dupla";"Declive;Curva";"Não";6;0;1;0;4;1;1;3;-23,82837786;-46,92672729;"SPRF-SP";"DEL04-SP";"UOP01-DEL04-SP"
664438;2025-03-01;"sábado";"08:00:00";"MG";365;47,5;"CLARO DOS POCOES";"Ausência de reação do condutor";"Colisão frontal";"Com Vítimas Feridas";"Pleno dia";"Crescente";"Céu Claro";"Simples";"Curva";"Não";5;0;1;0;4;0;1;2;-16,91579;-44,2117;"SPRF-MG";"DEL12-MG";"UOP01-DEL12-MG"
664439;2025-03-01;"sábado";"07:30:00";"CE";20;310,3;"CANINDE";"Condutor deixou de manter distância do veículo da frente";"Colisão traseira";"Com Vítimas Feridas";"Pleno dia";"Decrescente";"Nublado";"Simples";"Declive;Reta";"Sim";4;0;1;0;3;0;1;3;-4,331749;-39,285946;"SPRF-CE";"DEL02-CE";"UOP01-DEL02-CE"
664441;2025-03-01;"sábado";"05:20:00";"PR";369;15;"CAMBARA";"Animais na Pista";"Atropelamento de Animal";"Com Vítimas Feridas";"Amanhecer";"Decrescente";"Céu Claro";"Simples";"Reta;Declive";"Não";1;0;1;0;0;0;1;1;-23,02126462;-50,02894878;"SPRF-PR";"DEL07-PR";"UOP05-DEL07-PR"
664442;2025-03-01;"sábado";"04:00:00";"MG";116;556,6;"MANHUACU";"Condutor Dormindo";"Saída de leito carroçável";"Com Vítimas Feridas";"Plena Noite";"Decrescente";"Nublado";"Simples";"Curva";"Não";3;0;1;0;2;0;1;1;-20,013633;-42,16396;"SPRF-MG";"DEL06-MG";"UOP03-DEL06-MG"
664445;2025-03-01;"sábado";"05:50:00";"RJ";116;192;"NOVA IGUACU";"Manobra de mudança de faixa";"Colisão traseira";"Com Vítimas Feridas";"Pleno dia";"Decrescente";"Céu Claro";"Dupla";"Reta";"Sim";4;0;2;0;2;0;2;2;-22,74288014;-43,51708174;"SPRF-RJ";"DEL06-RJ";"UOP01-DEL06-RJ"
664447;2025-03-01;"sábado";"04:40:00";"PB";412;77;"SERRA BRANCA";"Condutor Dormindo";"Saída de leito carroçável";"Com Vítimas Feridas";"Pleno dia";"Decrescente";"Céu Claro";"Simples";"Curva";"Não";1;0;1;0;0;0;1;1;-7,49164;-36,674842;"SPRF-PB";"DEL02-PB";"UOP02-DEL02-PB"
664450;2025-03-01;"sábado";"08:40:00";"PR";277;720,2;"FOZ DO IGUACU";"Acessar a via sem observar a presença dos outros veículos";"Colisão transversal";"Com Vítimas Feridas";"Pleno dia";"Crescente";"Céu Claro";"Dupla";"Reta;Retorno Regulamentado";"Sim";2;0;1;0;1;0;1;2;-25,493079;-54,517159;"SPRF-PR";"DEL05-PR";"UOP03-DEL05-PR"
664452;2025-03-01;"sábado";"08:05:00";"RN";406;122;"JOAO CAMARA";"Condutor Dormindo";"Colisão com objeto";"Com Vítimas Feridas";"Pleno dia";"Crescente";"Chuva";"Simples";"Reta";"Não";1;0;1;0;0;0;1;1;-5,55926504;-35,74745178;"SPRF-RN";"DEL02-RN";"UOP01-DEL02-RN"
664454;2025-03-01;"sábado";"08:40:00";"PI";316;2;"TERESINA";"Manobra de mudança de faixa";"Colisão lateral mesmo sentido";"Com Vítimas Feridas";"Pleno dia";"Crescente";"Céu Claro";"Múltipla";"Rotatória;Viaduto";"Sim";4;0;1;1;2;0;2;2;-5,12505929;-42,79970527;"SPRF-PI";"DEL01-PI";"UOP02-DEL01-PI"
664455;2025-03-01;"sábado";"08:00:00";"RS";290;653;"URUGUAIANA";"Acessar a via sem observar a presença dos outros veículos";"Atropelamento de Pedestre";"Com Vítimas Feridas";"Pleno dia";"Crescente";"Nublado";"Simples";"Reta";"Não";5;0;1;0;4;0;1;2;-30,01440897;-56,43745422;"SPRF-RS";"DEL13-RS";"UOP01-DEL13-RS"
664456;2025-03-01;"sábado";"08:50:00";"PR";277;51;"SAO JOSE DOS PINHAIS";"Ausência de reação do condutor";"Queda de ocupante de veículo";"Com Vítimas Feridas";"Pleno dia";"Decrescente";"Céu Claro";"Dupla";"Reta;Declive";"Não";2;0;0;1;1;0;1;2;-25,5861399;-48,95516396;"SPRF-PR";"DEL01-PR";"UOP05-DEL01-PR"
664457;2025-03-01;"sábado";"08:00:00";"SP";116;101,9;"PINDAMONHANGABA";"Reação tardia ou ineficiente do condutor";"Colisão traseira";"Sem Vítimas";"Pleno dia";"Decrescente";"Sol";"Múltipla";"Reta;Aclive";"Não";2;0;0;0;2;0;0;2;-22,993707;-45,487201;"SPRF-SP";"DEL08-SP";"UOP01-DEL08-SP"
664458;2025-03-01;"sábado";"08:45:00";"PR";373;227,8;"IMBITUVA";"Ultrapassagem Indevida";"Colisão lateral sentido oposto";"Com Vítimas Feridas";"Pleno dia";"Decrescente";"Céu Claro";"Simples";"Curva;Declive";"Não";4;0;0;2;2;0;2;2;-25,17645;-50,646314;"SPRF-PR";"DEL03-PR";"UOP01-DEL03-PR"
664459;2025-03-01;"sábado";"08:15:00";"SC";101;230,9;"PALHOCA";"Demais falhas mecânicas ou elétricas";"Incêndio";"Sem Vítimas";"Pleno dia";"Crescente";"Céu Claro";"Dupla";"Reta";"Não";1;0;0;0;1;0;0;1;-27,78724335;-48,63589525;"SPRF-SC";"DEL01-SC";"UOP02-DEL01-SC"
664460;2025-03-01;"sábado";"07:20:00";"RJ";101;272;"TANGUA";"Trafegar com motocicleta (ou similar) entre as faixas";"Colisão lateral mesmo sentido";"Com Vítimas Feridas";"Pleno dia";"Decrescente";"Céu Claro";"Dupla";"Reta";"Não";4;0;2;0;2;0;2;2;-22,730365;-42,705382;"SPRF-RJ";"DEL02-RJ";"UOP03-DEL02-RJ"
664461;2025-03-01;"sábado";"08:11:00";"RJ";101;296;"ITABORAI";"Trafegar com motocicleta (ou similar) entre as faixas";"Tombamento";"Com Vítimas Fatais";"Pleno dia";"Decrescente";"Céu Claro";"Dupla";"Reta";"Não";5;2;0;2;1;0;2;2;-22,767239;-42,914225;"SPRF-RJ";"DEL02-RJ";"UOP02-DEL02-RJ"
664462;2025-03-01;"sábado";"07:30:00";"MA";226;310;"BARRA DO CORDA";"Curva acentuada";"Saída de leito carroçável";"Com Vítimas Fatais";"Pleno dia";"Decrescente";"Nublado";"Simples";"Curva;Declive";"Não";1;1;0;0;0;0;0;1;-5,44610086;-45,30355454;"SPRF-MA";"DEL06-MA";"UOP01-DEL06-MA"
664463;2025-02-17;"segunda-feira";"07:00:00";"PR";116;9;"CAMPINA GRANDE DO SUL";"Ausência de reação do condutor";"Colisão lateral mesmo sentido";"Com Vítimas Feridas";"Pleno dia";"Crescente";"Nublado";"Dupla";"Declive;Reta";"Sim";1;0;1;0;0;0;1;1;-25,08319454;-48,63391824;"SPRF-PR";"DEL01-PR";"UOP02-DEL01-PR"
664464;2025-03-01;"sábado";"09:45:00";"RS";392;296,9;"SAO SEPE";"Desrespeitar a preferência no cruzamento";"Colisão transversal";"Com Vítimas Feridas";"Pleno dia";"Decrescente";"Sol";"Simples";"Interseção de Vias;Declive;Reta";"Sim";2;0;1;0;1;0;1;2;-30,164446;-53,583602;"SPRF-RS";"DEL09-RS";"UOP01-DEL09-RS"
664466;2025-03-01;"sábado";"08:40:00";"PR";369;352,3;"CAMPO MOURAO";"Ausência de reação do condutor";"Colisão traseira";"Com Vítimas Feridas";"Pleno dia";"Decrescente";"Céu Claro";"Simples";"Aclive";"Não";5;0;1;0;4;0;1;2;-24,141462;-52,449713;"SPRF-PR";"DEL09-PR";"UOP03-DEL09-PR"
664467;2025-03-01;"sábado";"07:30:00";"PB";101;124,1;"CAAPORA";"Reação tardia ou ineficiente do condutor";"Saída de leito carroçável";"Sem Vítimas";"Pleno dia";"Crescente";"Céu Claro";"Dupla";"Aclive;Curva";"Não";1;0;0;0;1;0;0;1;-7,469375;-34,977018;"SPRF-PB";"DEL01-PB";"UOP01-DEL01-PB"
664468;2025-03-01;"sábado";"09:45:00";"MG";381;489;"BETIM";"Ausência de reação do condutor";"Colisão traseira";"Com Vítimas Feridas";"Pleno dia";"Crescente";"Céu Claro";"Dupla";"Aclive;Reta";"Não";2;0;0;1;1;0;1;2;-19,9874946;-44,2004845;"SPRF-MG";"DEL01-MG";"UOP03-DEL01-MG"
664469;2025-03-01;"sábado";"08:40:00";"RJ";101;159;"MACAE";"Condutor deixou de manter distância do veículo da frente";"Colisão frontal";"Com Vítimas Feridas";"Pleno dia";"Decrescente";"Garoa/Chuvisco";"Simples";"Reta;Ponte";"Não";7;0;5;0;2;0;5;3;-22,29536578;-41,880009;"SPRF-RJ";"DEL08-RJ";"UOP04-DEL08-RJ"
664471;2025-03-01;"sábado";"08:40:00";"PA";316;40;"CAPANEMA";"Transitar no Acostamento";"Colisão traseira";"Com Vítimas Feridas";"Pleno dia";"Decrescente";"Garoa/Chuvisco";"Dupla";"Reta";"Não";3;0;1;0;0;2;1;3;-1,279143;-47,12152;"SPRF-PA";"DEL01-PA";"UOP01-DEL01-PA"