"id";"data_inversa";"dia_semana";"horario";"uf";"br";"km";"municipio";"causa_acidente";"tipo_acidente";"classificacao_acidente";"fase_dia";"sentido_via";"condicao_metereologica";"tipo_pista";"tracado_via";"uso_solo";"pessoas";"mortos";"feridos_leves";"feridos_graves";"ilesos";"ignorados";"feridos";"veiculos";"latitude";"longitude";"regional";"delegacia";"uop"
664472;2025-03-01;"sábado";"10:15:00";"MG";40;469,5;"SETE LAGOAS";"Condutor deixou de manter distância do veículo da frente";"Colisão traseira";"Com Vítimas Feridas";"Pleno dia";"Decrescente";"Nublado";"Dupla";"Reta";"Não";5;0;1;0;4;0;1;2;-19,4669319;-44,3130008;"SPRF-MG";"DEL02-MG";"UOP01-DEL02-MG"
664473;2025-03-01;"sábado";"07:45:00";"SC";282;169;"BOCAINA DO SUL";"Ausência de reação do condutor";"Saída de leito carroçável";"Sem Vítimas";"Pleno dia";"Crescente";"Céu Claro";"Simples";"Curva";"Não";3;0;0;0;0;3;0;1;-27,74135288;-49,84282494;"SPRF-SC";"DEL05-SC";"UOP01-DEL05-SC"
664474;2025-03-01;"sábado";"10:35:00";"SC";101;126;"ITAJAI";"Manobra de mudança de faixa";"Colisão transversal";"Com Vítimas Feridas";"Pleno dia";"Crescente";"Céu Claro";"Dupla";"Reta";"Sim";3;0;1;0;2;0;1;2;-26,962732;-48,682703;"SPRF-SC";"DEL04-SC";"UOP04-DEL04-SC"
664475;2025-03-01;"sábado";"10:20:00";"RN";304;252;"SANTA MARIA";"Avarias e/ou desgaste excessivo no pneu";"Tombamento";"Com Vítimas Feridas";"Pleno dia";"Decrescente";"Nublado";"Simples";"Reta";"Não";2;0;2;0;0;0;2;1;-5,83360221;-35,73624015;"SPRF-RN";"DEL01-RN";"UOP02-DEL01-RN"
664476;2025-03-01;"sábado";"08:30:00";"RJ";101;505;"ANGRA DOS REIS";"Reação tardia ou ineficiente do condutor";"Colisão traseira";"Sem Vítimas";"Pleno dia";"Crescente";"Céu Claro";"Simples";"Reta";"Não";3;0;0;0;3;0;0;3;-22,935549;-44,396127;"SPRF-RJ";"DEL03-RJ";"UOP03-DEL03-RJ"
664477;2025-03-01;"sábado";"10:00:00";"BA";101;160,8;"CONCEICAO DO JACUIPE";"Retorno proibido";"Colisão transversal";"Com Vítimas Feridas";"Pleno dia";"Decrescente";"Céu Claro";"Dupla";"Reta";"Não";2;0;1;0;1;0;1;2;-12,33896492;-38,75900746;"SPRF-BA";"DEL01-BA";"UOP03-DEL01-BA"
664478;2025-03-01;"sábado";"10:45:00";"SC";101;212;"PALHOCA";"Acumulo de areia ou detritos sobre o pavimento";"Tombamento";"Com Vítimas Feridas";"Pleno dia";"Crescente";"Céu Claro";"Dupla";"Reta";"Sim";2;0;2;0;0;0;2;1;-27,87792833;-48,72389317;"SPRF-SC";"DEL01-SC";"UOP02-DEL01-SC"
664479;2025-03-01;"sábado";"10:50:00";"GO";153;188;"URUACU";"Desrespeitar a preferência no cruzamento";"Colisão transversal";"Com Vítimas Fatais";"Pleno dia";"Crescente";"Céu Claro";"Simples";"Reta";"Não";3;1;1;1;0;0;2;2;-14,43119;-49,15713;"SPRF-GO";"DEL07-GO";"UOP02-DEL07-GO"
664481;2025-03-01;"sábado";"09:00:00";"RJ";116;81,5;"TERESOPOLIS";"Condutor deixou de manter distância do veículo da frente";"Engavetamento";"Sem Vítimas";"Pleno dia";"Decrescente";"Nublado";"Simples";"Reta";"Sim";3;0;0;0;3;0;0;3;-22,396883;-42,954552;"SPRF-RJ";"DEL04-RJ";"UOP01-DEL04-RJ"
664482;2025-03-01;"sábado";"11:05:00";"PB";101;101,3;"ALHANDRA";"Velocidade Incompatível";"Colisão traseira";"Com Vítimas Feridas";"Pleno dia";"Decrescente";"Céu Claro";"Dupla";"Reta";"Não";2;0;1;0;1;0;1;2;-7,28019965;-34,93890915;"SPRF-PB";"DEL01-PB";"UOP01-DEL01-PB"
664483;2025-03-01;"sábado";"11:00:00";"MG";381;503;"BETIM";"Animais na Pista";"Tombamento";"Com Vítimas Feridas";"Pleno dia";"Decrescente";"Céu Claro";"Simples";"Reta";"Não";1;0;1;0;0;0;1;1;-19,9965405;-44,2090518;"SPRF-MG";"DEL01-MG";"UOP03-DEL01-MG"
664484;2025-03-01;"sábado";"11:10:00";"RN";101;141,2;"ARES";"Acumulo de água sobre o pavimento";"Saída de leito carroçável";"Com Vítimas Feridas";"Pleno dia";"Decrescente";"Chuva";"Dupla";"Declive;Reta";"Não";1;0;1;0;0;0;1;1;-6,2254437;-35,2157055;"SPRF-RN";"DEL01-RN";"UOP01-DEL01-RN"
664485;2025-03-01;"sábado";"11:05:00";"SC";101;311;"LAGUNA";"Desrespeitar a preferência no cruzamento";"Colisão transversal";"Com Vítimas Feridas";"Pleno dia";"Decrescente";"Céu Claro";"Simples";"Retorno Regulamentado;Interseção de Vias;Viaduto;Rotatória;Declive";"Sim";5;0;1;0;4;0;1;2;-28,440319;-48,81266;"SPRF-SC";"DEL02-SC";"UOP01-DEL02-SC"
664486;2025-03-01;"sábado";"11:40:00";"RJ";101;471,9;"ANGRA DOS REIS";"Condutor Dormindo";"Capotamento";"Com Vítimas Feridas";"Pleno dia";"Crescente";"Céu Claro";"Simples";"Curva";"Não";7;0;3;0;4;0;3;1;-22,98813;-44,23297;"SPRF-RJ";"DEL03-RJ";"UOP03-DEL03-RJ"
664488;2025-03-01;"sábado";"09:50:00";"RJ";393;207,1;"VASSOURAS";"Condutor Dormindo";"Saída de leito carroçável";"Com Vítimas Feridas";"Pleno dia";"Crescente";"Céu Claro";"Simples";"Reta";"Não";3;0;2;0;1;0;2;1;-22,2656753;-43,45216545;"SPRF-RJ";"DEL05-RJ";"UOP03-DEL05-RJ"
664489;2025-03-01;"sábado";"11:35:00";"RS";116;38;"VACARIA";"Acessar a via sem observar a presença dos outros veículos";"Colisão transversal";"Sem Vítimas";"Pleno dia";"Crescente";"Céu Claro";"Simples";"Interseção de Vias;Reta";"Sim";2;0;0;0;2;0;0;2;-28,51067756;-50,93103497;"SPRF-RS";"DEL05-RS";"UOP03-DEL05-RS"
664490;2025-03-01;"sábado";"11:15:00";"MG";262;50,5;"MANHUACU";"Acesso irregular";"Colisão lateral mesmo sentido";"Com Vítimas Feridas";"Pleno dia";"Crescente";"Céu Claro";"Simples";"Reta";"Não";2;0;1;0;1;0;1;2;-20,247697;-42,144172;"SPRF-MG";"DEL06-MG";"UOP03-DEL06-MG"
664491;2025-03-01;"sábado";"11:50:00";"SC";101;221;"PALHOCA";"Acessar a via sem observar a presença dos outros veículos";"Colisão lateral mesmo sentido";"Com Vítimas Feridas";"Pleno dia";"Decrescente";"Céu Claro";"Dupla";"Interseção de Vias;Viaduto";"Sim";2;0;1;0;1;0;1;2;-27,70617965;-48,65731537;"SPRF-SC";"DEL01-SC";"UOP02-DEL01-SC"
664492;2025-03-01;"sábado";"10:20:00";"RS";386;34,1;"FREDERICO WESTPHALEN";"Condutor deixou de manter distância do veículo da frente";"Colisão traseira";"Sem Vítimas";"Pleno dia";"Crescente";"Céu Claro";"Simples";"Reta;Rotatória";"Sim";3;0;0;0;3;0;0;2;-27,36173688;-53,39008504;"SPRF-RS";"DEL08-RS";"UOP02-DEL08-RS"
664494;2025-03-01;"sábado";"08:40:00";"MS";60;499,9;"MARACAJU";"Ausência de reação do condutor";"Saída de leito carroçável";"Com Vítimas Feridas";"Pleno dia";"Crescente";"Céu Claro";"Simples";"Reta";"Não";2;0;1;0;1;0;1;1;-21,218708;-55,534489;"SPRF-MS";"DEL01-MS";"UOP04-DEL01-MS"
664496;2025-03-01;"sábado";"11:00:00";"SP";381;41;"ATIBAIA";"Manobra de mudança de faixa";"Colisão lateral mesmo sentido";"Com Vítimas Feridas";"Pleno dia";"Decrescente";"Céu Claro";"Dupla";"Reta";"Não";3;0;1;0;2;0;1;2;-23,1964672;-46,5829888;"SPRF-SP";"DEL03-SP";"UOP01-DEL03-SP"
664497;2025-03-01;"sábado";"12:15:00";"SP";381;33;"ATIBAIA";"Condutor deixou de manter distância do veículo da frente";"Engavetamento";"Com Vítimas Feridas";"Pleno dia";"Decrescente";"Céu Claro";"Dupla";"Reta";"Sim";4;0;1;0;3;0;1;3;-23,07691941;-46,56733811;"SPRF-SP";"DEL03-SP";"UOP02-DEL03-SP"
664498;2025-02-26;"quarta-feira";"01:13:00";"RS";0;0;"SANTA MARIA";"Reação tardia ou ineficiente do condutor";"Colisão frontal";"Sem Vítimas";"Plena Noite";"Não Informado";"Céu Claro";"Simples";"Reta";"Sim";5;0;0;0;5;0;0;2;-29,69554398;-53,82684218;"SPRF-RS";"DEL09-RS";"UOP01-DEL09-RS"
664499;2025-03-01;"sábado";"12:30:00";"MG";40;467,3;"SETE LAGOAS";"Trafegar com motocicleta (ou similar) entre as faixas";"Colisão lateral mesmo sentido";"Com Vítimas Feridas";"Pleno dia";"Decrescente";"Céu Claro";"Dupla";"Reta";"Sim";3;0;1;0;2;0;1;3;-19,450868;-44,31591;"SPRF-MG";"DEL02-MG";"UOP01-DEL02-MG"
664500;2025-03-01;"sábado";"09:30:00";"MT";163;834;"SINOP";"Ausência de reação do condutor";"Colisão traseira";"Com Vítimas Feridas";"Pleno dia";"Crescente";"Céu Claro";"Simples";"Reta;Retorno Regulamentado";"Sim";3;0;2;0;1;0;2;2;-11,87197542;-55,498007;"SPRF-MT";"DEL06-MT";"UOP02-DEL06-MT"
664501;2025-03-01;"sábado";"12:05:00";"MG";40;577,2;"ITABIRITO";"Reação tardia ou ineficiente do condutor";"Saída de leito carroçável";"Com Vítimas Feridas";"Pleno dia";"Decrescente";"Nublado";"Simples";"Curva";"Não";4;0;4;0;0;0;4;1;-20,27693145;-43,94728661;"SPRF-MG";"DEL01-MG";"UOP02-DEL01-MG"
664503;2025-03-01;"sábado";"13:00:00";"SC";101;228,8;"PALHOCA";"Conversão proibida";"Colisão lateral mesmo sentido";"Com Vítimas Feridas";"Pleno dia";"Decrescente";"Céu Claro";"Múltipla";"Reta;Declive";"Sim";2;0;1;0;1;0;1;2;-27,7634513;-48,63045037;"SPRF-SC";"DEL01-SC";"UOP02-DEL01-SC"
664504;2025-03-01;"sábado";"13:30:00";"RS";116;245;"SAO LEOPOLDO";"Acessar a via sem observar a presença dos outros veículos";"Colisão transversal";"Com Vítimas Feridas";"Pleno dia";"Crescente";"Céu Claro";"Simples";"Interseção de Vias;Rotatória";"Sim";2;0;1;0;1;0;1;2;-29,7440302;-51,1515285;"SPRF-RS";"DEL01-RS";"UOP02-DEL01-RS"
664506;2025-03-01;"sábado";"11:50:00";"GO";153;657,5;"GOIATUBA";"Condutor Dormindo";"Saída de leito carroçável";"Com Vítimas Feridas";"Pleno dia";"Crescente";"Céu Claro";"Dupla";"Aclive;Reta";"Não";5;0;4;0;1;0;4;1;-18,024272;-49,264365;"SPRF-GO";"DEL03-GO";"UOP01-DEL03-GO"
664507;2025-03-01;"sábado";"10:45:00";"SC";101;131,6;"CAMBORIU";"Manobra de mudança de faixa";"Colisão lateral mesmo sentido";"Com Vítimas Feridas";"Pleno dia";"Crescente";"Céu Claro";"Dupla";"Reta";"Sim";2;0;0;1;0;1;1;2;-26,9943;-48,65938;"SPRF-SC";"DEL04-SC";"UOP03-DEL04-SC"
664509;2025-03-01;"sábado";"13:00:00";"GO";153;435,9;"ANAPOLIS";"Reação tardia ou ineficiente do condutor";"Colisão traseira";"Com Vítimas Feridas";"Pleno dia";"Crescente";"Céu Claro";"Dupla";"Reta";"Sim";3;0;1;0;2;0;1;2;-16,29750443;-48,92942213;"SPRF-GO";"DEL02-GO";"UOP01-DEL02-GO"
664510;2025-03-01;"sábado";"11:10:00";"RJ";101;418;"MANGARATIBA";"Ultrapassagem Indevida";"Colisão lateral mesmo sentido";"Com Vítimas Feridas";"Pleno dia";"Crescente";"Céu Claro";"Simples";"Reta";"Não";2;0;0;1;0;1;1;2;-22,91768783;-43,91292572;"SPRF-RJ";"DEL03-RJ";"UOP02-DEL03-RJ"
664512;2025-03-01;"sábado";"12:30:00";"PR";277;328;"GUARAPUAVA";"Reação tardia ou ineficiente do condutor";"Saída de leito carroçável";"Sem Vítimas";"Pleno dia";"Decrescente";"Céu Claro";"Simples";"Curva";"Não";1;0;0;0;1;0;0;1;-25,3646197;-51,3494704;"SPRF-PR";"DEL08-PR";"UOP01-DEL08-PR"
664513;2025-03-01;"sábado";"14:10:00";"RJ";101;468;"ANGRA DOS REIS";"Acessar a via sem observar a presença dos outros veículos";"Colisão transversal";"Com Vítimas Feridas";"Pleno dia";"Crescente";"Céu Claro";"Simples";"Reta";"Não";3;0;1;0;2;0;1;2;-23,007033;-44,222264;"SPRF-RJ";"DEL03-RJ";"UOP03-DEL03-RJ"
664514;2025-03-01;"sábado";"13:00:00";"RJ";40;118;"DUQUE DE CAXIAS";"Acumulo de óleo sobre o pavimento";"Queda de ocupante de veículo";"Com Vítimas Feridas";"Pleno dia";"Crescente";"Sol";"Simples";"Viaduto;Curva";"Não";2;0;1;0;1;0;1;1;-22,7645131;-43,28717908;"SPRF-RJ";"DEL01-RJ";"UOP02-DEL01-RJ"
664515;2025-03-01;"sábado";"14:00:00";"SP";116;286;"ITAPECERICA DA SERRA";"Reação tardia ou ineficiente do condutor";"Capotamento";"Com Vítimas Feridas";"Pleno dia";"Crescente";"Céu Claro";"Dupla";"Reta";"Não";5;0;2;0;3;0;2;1;-23,68973208;-46,86257666;"SPRF-SP";"DEL04-SP";"UOP01-DEL04-SP"
664516;2025-03-01;"sábado";"13:10:00";"RJ";101;443;"MANGARATIBA";"Velocidade Incompatível";"Colisão com objeto";"Com Vítimas Feridas";"Pleno dia";"Crescente";"Céu Claro";"Simples";"Curva";"Não";2;0;1;0;1;0;1;1;-22,98165851;-44,08560158;"SPRF-RJ";"DEL03-RJ";"UOP02-DEL03-RJ"
664517;2025-03-01;"sábado";"14:30:00";"PR";476;147;"ARAUCARIA";"Ultrapassagem Indevida";"Colisão lateral mesmo sentido";"Com Vítimas Feridas";"Pleno dia";"Decrescente";"Céu Claro";"Dupla";"Reta";"Não";2;0;1;0;1;0;1;2;-25,55624473;-49,34345126;"SPRF-PR";"DEL01-PR";"UOP06-DEL01-PR"
664518;2025-03-01;"sábado";"14:00:00";"SC";282;44;"RANCHO QUEIMADO";"Reação tardia ou ineficiente do condutor";"Tombamento";"Sem Vítimas";"Pleno dia";"Decrescente";"Céu Claro";"Simples";"Curva";"Não";1;0;0;0;1;0;0;1;-27,709665;-48,948835;"SPRF-SC";"DEL01-SC";"UOP03-DEL01-SC"
664521;2025-03-01;"sábado";"13:40:00";"PI";343;329,8;"TERESINA";"Conversão proibida";"Colisão transversal";"Com Vítimas Feridas";"Pleno dia";"Crescente";"Chuva";"Simples";"Reta";"Sim";2;0;0;1;1;0;1;2;-5,05573;-42,65111;"SPRF-PI";"DEL01-PI";"UOP01-DEL01-PI"
664522;2025-03-01;"sábado";"15:10:00";"ES";393;7,2;"CACHOEIRO DE ITAPEMIRIM";"Velocidade Incompatível";"Saída de leito carroçável";"Com Vítimas Feridas";"Pleno dia";"Decrescente";"Céu Claro";"Simples";"Reta";"Não";1;0;0;1;0;0;1;1;-20,82792406;-41,21012986;"SPRF-ES";"DEL03-ES";"UOP02-DEL03-ES"
664523;2025-03-01;"sábado";"15:00:00";"MG";40;463;"SETE LAGOAS";"Demais falhas mecânicas ou elétricas";"Incêndio";"Sem Vítimas";"Pleno dia";"Decrescente";"Nublado";"Dupla";"Reta";"Não";5;0;0;0;4;1;0;2;-19,428934;-44,336868;"SPRF-MG";"DEL02-MG";"UOP01-DEL02-MG"
664524;2025-03-01;"sábado";"14:43:00";"SP";116;139,4;"SAO JOSE DOS CAMPOS";"Reação tardia ou ineficiente do condutor";"Colisão com objeto";"Sem Vítimas";"Pleno dia";"Crescente";"Céu Claro";"Dupla";"Declive;Retorno Regulamentado";"Sim";1;0;0;0;1;0;0;1;-23,16143135;-45,80434084;"SPRF-SP";"DEL02-SP";"UOP01-DEL02-SP"
664525;2025-02-05;"quarta-feira";"15:50:00";"ES";101;263;"SERRA";"Manobra de mudança de faixa";"Colisão lateral mesmo sentido";"Com Vítimas Feridas";"Pleno dia";"Crescente";"Céu Claro";"Dupla";"Reta";"Sim";2;0;1;0;1;0;1;2;-20,16554736;-40,27301648;"SPRF-ES";"DEL02-ES";"UOP01-DEL02-ES"
664527;2025-03-01;"sábado";"14:00:00";"RJ";116;216;"PARACAMBI";"Manobra de mudança de faixa";"Colisão lateral mesmo sentido";"Com Vítimas Feridas";"Pleno dia";"Crescente";"Céu Claro";"Dupla";"Reta";"Não";5;0;1;0;4;0;1;1;-22,69057595;-43,7894547;"SPRF-RJ";"DEL06-RJ";"UOP02-DEL06-RJ"
664528;2025-03-01;"sábado";"15:30:00";"ES";101;219,6;"IBIRACU";"Ausência de reação do condutor";"Colisão lateral mesmo sentido";"Com Vítimas Feridas";"Pleno dia";"Crescente";"Céu Claro";"Dupla";"Curva";"Sim";3;0;1;0;1;1;1;2;-19,83645623;-40,38043141;"SPRF-ES";"DEL02-ES";"UOP01-DEL02-ES"
664529;2025-03-01;"sábado";"14:35:00";"RJ";465;21;"NOVA IGUACU";"Conversão proibida";"Colisão transversal";"Com Vítimas Feridas";"Pleno dia";"Crescente";"Céu Claro";"Simples";"Reta";"Sim";2;0;1;0;1;0;1;2;-22,85768902;-43,601861;"SPRF-RJ";"DEL06-RJ";"UOP02-DEL06-RJ"
664530;2025-03-01;"sábado";"14:00:00";"MG";40;511,5;"RIBEIRAO DAS NEVES";"Trafegar com motocicleta (ou similar) entre as faixas";"Tombamento";"Com Vítimas Fatais";"Pleno dia";"Decrescente";"Sol";"Dupla";"Reta";"Sim";1;1;0;0;0;0;0;1;-19,7848061;-44,1154867;"SPRF-MG";"DEL01-MG";"UOP02-DEL01-MG"
664531;2025-03-01;"sábado";"15:30:00";"PR";476;154;"ARAUCARIA";"Ingestão de álcool pelo condutor";"Colisão traseira";"Sem Vítimas";"Pleno dia";"Decrescente";"Céu Claro";"Dupla";"Reta";"Sim";2;0;0;0;2;0;0;2;-25,58481;-49,402332;"SPRF-PR";"DEL01-PR";"UOP06-DEL01-PR"
664532;2025-03-01;"sábado";"15:00:00";"MG";381;890,9;"CAMBUI";"Velocidade Incompatível";"Colisão com objeto";"Com Vítimas Feridas";"Pleno dia";"Decrescente";"Céu Claro";"Dupla";"Reta";"Não";6;0;3;0;3;0;3;1;-22,54518;-46,03929;"SPRF-MG";"DEL16-MG";"UOP01-DEL16-MG"
664533;2025-02-27;"quinta-feira";"18:00:00";"MS";376;48;"JATEI";"Mal súbito do condutor";"Saída de leito carroçável";"Com Vítimas Feridas";"Anoitecer";"Crescente";"Nublado";"Simples";"Reta";"Não";1;0;1;0;0;0;1;1;-22,452246;-54,327514;"SPRF-MS";"DEL04-MS";"UOP01-DEL04-MS"
664534;2025-03-01;"sábado";"14:55:00";"GO";40;45;"LUZIANIA";"Conversão proibida";"Colisão transversal";"Com Vítimas Feridas";"Pleno dia";"Crescente";"Nublado";"Simples";"Reta;Aclive";"Não";4;0;2;0;2;0;2;2;-16,407048;-47,822718;"SPRF-DF";"DEL01-DF";"UOP02-DEL01-DF"
664535;2025-03-01;"sábado";"15:10:00";"PE";0;0;"IGARASSU";"Demais falhas mecânicas ou elétricas";"Colisão com objeto";"Sem Vítimas";"Pleno dia";"Não Informado";"Nublado";"Simples";"Curva";"Não";2;0;0;0;2;0;0;1;-7,731652;-34,94453;"SPRF-PE";"DEL01-PE";"UOP02-DEL01-PE"
664537;2025-03-01;"sábado";"14:05:00";"RO";364;224,8;"CACOAL";"Transitar na contramão";"Colisão frontal";"Sem Vítimas";"Pleno dia";"Crescente";"Céu Claro";"Simples";"Interseção de Vias;Reta";"Sim";3;0;0;0;3;0;0;2;-11,510052;-61,36073;"SPRF-RO";"DEL02-RO";"UOP02-DEL02-RO"
664538;2025-03-01;"sábado";"16:00:00";"SP";381;81;"SAO PAULO";"Entrada inopinada do pedestre";"Atropelamento de Pedestre";"Com Vítimas Feridas";"Pleno dia";"Crescente";"Céu Claro";"Dupla";"Reta";"Não";4;0;0;1;3;0;1;4;-23,4586391;-46,5853227;"SPRF-SP";"DEL03-SP";"UOP01-DEL03-SP"
664541;2025-03-01;"sábado";"15:40:00";"PB";230;11,2;"CABEDELO";"Ausência de reação do condutor";"Colisão traseira";"Com Vítimas Feridas";"Pleno dia";"Decrescente";"Céu Claro";"Dupla";"Reta";"Não";2;0;0;1;1;0;1;2;-7,07307;-34,849432;"SPRF-PB";"DEL01-PB";"UOP01-DEL01-PB"
664542;2025-03-01;"sábado";"16:05:00";"RJ";116;111;"DUQUE DE CAXIAS";"Acessar a via sem observar a presença dos outros veículos";"Colisão lateral mesmo sentido";"Com Vítimas Feridas";"Pleno dia";"Decrescente";"Céu Claro";"Múltipla";"Reta";"Sim";2;0;1;0;1;0;1;2;-22,6943414;-43,2881064;"SPRF-RJ";"DEL04-RJ";"UOP02-DEL04-RJ"
664543;2025-02-01;"sábado";"15:00:00";"MG";116;340;"CAMPANARIO";"Reação tardia ou ineficiente do condutor";"Saída de leito carroçável";"Com Vítimas Feridas";"Pleno dia";"Crescente";"Céu Claro";"Simples";"Reta";"Não";3;0;3;0;0;0;3;1;-18,32278023;-41,76017046;"SPRF-MG";"DEL11-MG";"UOP01-DEL11-MG"
664544;2025-03-01;"sábado";"16:00:00";"MG";262;120;"RIO CASCA";"Acesso irregular";"Colisão transversal";"Sem Vítimas";"Pleno dia";"Decrescente";"Céu Claro";"Simples";"Interseção de Vias;Reta";"Sim";2;0;0;0;2;0;0;2;-20,219297;-42,650172;"SPRF-MG";"DEL03-MG";"UOP03-DEL03-MG"
664545;2025-03-01;"sábado";"06:30:00";"PB";230;484;"SAO JOAO DO RIO DO PEIXE";"Ausência de reação do condutor";"Saída de leito carroçável";"Sem Vítimas";"Pleno dia";"Crescente";"Nublado";"Simples";"Reta";"Não";1;0;0;0;0;1;0;1;-6,8677;-38,385745;"SPRF-PB";"DEL03-PB";"UOP03-DEL03-PB"
664546;2025-03-01;"sábado";"16:15:00";"SC";470;0,7;"NAVEGANTES";"Objeto estático sobre o leito carroçável";"Colisão com objeto";"Com Vítimas Fatais";"Pleno dia";"Crescente";"Céu Claro";"Dupla";"Reta";"Sim";2;1;1;0;0;0;1;1;-26,87679415;-48,66668701;"SPRF-SC";"DEL04-SC";"UOP04-DEL04-SC"
664547;2025-03-01;"sábado";"12:00:00";"RJ";393;132;"SAPUCAIA";"Reação tardia ou ineficiente do condutor";"Colisão com objeto";"Com Vítimas Feridas";"Pleno dia";"Decrescente";"Céu Claro";"Simples";"Reta";"Sim";1;0;1;0;0;0;1;1;-21,9818912;-42,895088;"SPRF-RJ";"DEL05-RJ";"UOP01-DEL05-RJ"
664550;2025-03-01;"sábado";"16:15:00";"SP";116;118;"TAUBATE";"Avarias e/ou desgaste excessivo no pneu";"Tombamento";"Com Vítimas Feridas";"Pleno dia";"Crescente";"Céu Claro";"Dupla";"Reta";"Não";2;0;2;0;0;0;2;1;-23,06575497;-45,63343048;"SPRF-SP";"DEL02-SP";"UOP02-DEL02-SP"
664553;2025-03-01;"sábado";"17:30:00";"SC";101;149;"ITAPEMA";"Carga excessiva e/ou mal acondicionada";"Colisão traseira";"Com Vítimas Feridas";"Pleno dia";"Crescente";"Céu Claro";"Dupla";"Reta;Declive";"Sim";2;0;1;0;1;0;1;2;-27,108012;-48,613646;"SPRF-SC";"DEL04-SC";"UOP03-DEL04-SC"
664555;2025-03-01;"sábado";"17:30:00";"SC";282;4,9;"SAO JOSE";"Demais falhas mecânicas ou elétricas";"Queda de ocupante de veículo";"Com Vítimas Feridas";"Pleno dia";"Crescente";"Céu Claro";"Dupla";"Reta";"Sim";2;0;2;0;0;0;2;1;-27,58848531;-48,61242819;"SPRF-SC";"DEL01-SC";"UOP01-DEL01-SC"
664556;2025-03-01;"sábado";"15:30:00";"MA";10;246;"IMPERATRIZ";"Conversão proibida";"Colisão transversal";"Com Vítimas Feridas";"Pleno dia";"Decrescente";"Céu Claro";"Dupla";"Reta";"Sim";3;0;2;0;0;1;2;2;-5,57627;-47,44312;"SPRF-MA";"DEL04-MA";"UOP01-DEL04-MA"
664557;2025-03-01;"sábado";"17:20:00";"SC";101;204,1;"SAO JOSE";"Ingestão de álcool pelo condutor";"Colisão com objeto";"Com Vítimas Feridas";"Pleno dia";"Decrescente";"Céu Claro";"Múltipla";"Reta";"Sim";1;0;1;0;0;0;1;1;-27,57535171;-48,61316621;"SPRF-SC";"DEL01-SC";"UOP01-DEL01-SC"
664559;2025-03-01;"sábado";"16:50:00";"MS";262;379,5;"TERENOS";"Ausência de reação do condutor";"Colisão lateral sentido oposto";"Com Vítimas Feridas";"Pleno dia";"Decrescente";"Céu Claro";"Simples";"Reta";"Não";3;0;0;1;2;0;1;3;-20,459024;-54,843787;"SPRF-MS";"DEL01-MS";"UOP03-DEL01-MS"
664561;2025-03-01;"sábado";"17:10:00";"RJ";101;135;"CARAPEBUS";"Condutor Dormindo";"Colisão com objeto";"Com Vítimas Feridas";"Pleno dia";"Decrescente";"Céu Claro";"Dupla";"Reta";"Não";2;0;1;0;1;0;1;1;-22,13549808;-41,71500206;"SPRF-RJ";"DEL08-RJ";"UOP04-DEL08-RJ"
664563;2025-03-01;"sábado";"14:44:00";"RJ";393;133;"SAPUCAIA";"Falta de acostamento";"Colisão lateral mesmo sentido";"Com Vítimas Feridas";"Pleno dia";"Decrescente";"Sol";"Simples";"Reta";"Sim";2;0;1;0;1;0;1;2;-22,00146928;-42,92873383;"SPRF-RJ";"DEL05-RJ";"UOP01-DEL05-RJ"
664564;2025-03-01;"sábado";"18:00:00";"AL";423;88;"CANAPI";"Ingestão de álcool pelo condutor";"Colisão traseira";"Com Vítimas Feridas";"Anoitecer";"Crescente";"Ignorado";"Simples";"Reta";"Não";3;0;0;2;1;0;2;2;-9,2034027;-37,5321237;"SPRF-BA";"DEL07-BA";"UOP01-DEL07-BA"
664565;2025-03-01;"sábado";"17:20:00";"SP";101;44;"UBATUBA";"Acessar a via sem observar a presença dos outros veículos";"Colisão transversal";"Com Vítimas Feridas";"Pleno dia";"Crescente";"Céu Claro";"Simples";"Curva";"Não";2;0;1;0;1;0;1;2;-23,40837175;-45,061782;"SPRF-SP";"DEL06-SP";"UOP01-DEL06-SP"
664567;2025-03-01;"sábado";"16:40:00";"MT";364;347;"SANTO ANTONIO DO LEVERGER";"Reação tardia ou ineficiente do condutor";"Queda de ocupante de veículo";"Com Vítimas Feridas";"Pleno dia";"Decrescente";"Nublado";"Dupla";"Curva";"Não";1;0;1;0;0;0;1;1;-15,801351;-55,572809;"SPRF-MT";"DEL05-MT";"UOP02-DEL05-MT"
664568;2025-03-01;"sábado";"16:00:00";"RJ";116;120;"DUQUE DE CAXIAS";"Ausência de reação do condutor";"Colisão traseira";"Com Vítimas Feridas";"Pleno dia";"Crescente";"Céu Claro";"Múltipla";"Reta";"Sim";2;0;1;0;1;0;1;2;-22,77738238;-43,28602633;"SPRF-RJ";"DEL04-RJ";"UOP02-DEL04-RJ"
664569;2025-03-01;"sábado";"18:50:00";"PB";230;0,9;"CABEDELO";"Reação tardia ou ineficiente do condutor";"Colisão traseira";"Com Vítimas Feridas";"Plena Noite";"Crescente";"Céu Claro";"Simples";"Reta";"Sim";2;0;1;0;1;0;1;2;-6,9755552;-34,83170271;"SPRF-PB";"DEL01-PB";"UOP01-DEL01-PB"
664570;2025-03-01;"sábado";"19:00:00";"SC";101;264;"GAROPABA";"Ausência de reação do condutor";"Capotamento";"Com Vítimas Feridas";"Anoitecer";"Crescente";"Céu Claro";"Dupla";"Curva";"Sim";4;0;0;4;0;0;4;1;-28,056819;-48,71752024;"SPRF-SC";"DEL02-SC";"UOP03-DEL02-SC"
664571;2025-03-01;"sábado";"19:05:00";"SC";101;126,5;"ITAJAI";"Ausência de reação do condutor";"Tombamento";"Com Vítimas Feridas";"Anoitecer";"Decrescente";"Céu Claro";"Dupla";"Reta";"Não";2;0;1;1;0;0;2;1;-26,95785094;-48,67938995;"SPRF-SC";"DEL04-SC";"UOP04-DEL04-SC"