"id";"data_inversa";"dia_semana";"horario";"uf";"br";"km";"municipio";"causa_acidente";"tipo_acidente";"classificacao_acidente";"fase_dia";"sentido_via";"condicao_metereologica";"tipo_pista";"tracado_via";"uso_solo";"pessoas";"mortos";"feridos_leves";"feridos_graves";"ilesos";"ignorados";"feridos";"veiculos";"latitude";"longitude";"regional";"delegacia";"uop"
664773;2025-03-02;"domingo";"15:40:00";"RN";110;98;"UPANEMA";"Acessar a via sem observar a presença dos outros veículos";"Colisão transversal";"Com Vítimas Feridas";"Pleno dia";"Decrescente";"Céu Claro";"Simples";"Reta";"Sim";2;0;1;0;1;0;1;2;-5,634087;-37,263745;"SPRF-RN";"DEL04-RN";"UOP01-DEL04-RN"
664774;2025-03-02;"domingo";"16:40:00";"SC";101;134;"BALNEARIO CAMBORIU";"Ingestão de álcool pelo condutor";"Saída de leito carroçável";"Com Vítimas Feridas";"Pleno dia";"Decrescente";"Sol";"Múltipla";"Retorno Regulamentado";"Sim";1;0;0;1;0;0;1;1;-27,003657;-48,630365;"SPRF-SC";"DEL04-SC";"UOP03-DEL04-SC"
664776;2025-03-02;"domingo";"16:45:00";"PI";343;33;"PARNAIBA";"Acessar a via sem observar a presença dos outros veículos";"Colisão transversal";"Com Vítimas Feridas";"Pleno dia";"Crescente";"Céu Claro";"Simples";"Reta";"Sim";2;0;1;0;1;0;1;2;-2,93149042;-41,75068617;"SPRF-PI";"DEL05-PI";"UOP01-DEL05-PI"
664777;2025-02-27;"quinta-feira";"07:09:00";"AC";364;121;"RIO BRANCO";"Desrespeitar a preferência no cruzamento";"Colisão transversal";"Com Vítimas Feridas";"Pleno dia";"Crescente";"Céu Claro";"Dupla";"Rotatória";"Não";2;0;1;0;0;1;1;2;-10,0132745;-67,71379;"SPRF-AC";"DEL01-AC";"UOP01-DEL01-AC"
664778;2025-03-02;"domingo";"14:55:00";"GO";153;443;"ANAPOLIS";"Manobra de mudança de faixa";"Colisão lateral mesmo sentido";"Sem Vítimas";"Pleno dia";"Crescente";"Céu Claro";"Dupla";"Rotatória";"Sim";2;0;0;0;2;0;0;2;-16,35414016;-48,9300549;"SPRF-GO";"DEL02-GO";"UOP01-DEL02-GO"
664779;2025-03-02;"domingo";"11:00:00";"RJ";40;75;"PETROPOLIS";"Velocidade Incompatível";"Tombamento";"Com Vítimas Feridas";"Pleno dia";"Crescente";"Céu Claro";"Simples";"Curva";"Sim";1;0;1;0;0;0;1;1;-22,472602;-43,23764;"SPRF-RJ";"DEL01-RJ";"UOP01-DEL01-RJ"
664780;2025-03-02;"domingo";"15:39:00";"MT";163;754;"SORRISO";"Reação tardia ou ineficiente do condutor";"Saída de leito carroçável";"Com Vítimas Feridas";"Pleno dia";"Crescente";"Céu Claro";"Dupla";"Reta";"Sim";1;0;1;0;0;0;1;1;-12,52410827;-55,70156336;"SPRF-MT";"DEL06-MT";"UOP01-DEL06-MT"
664782;2025-03-02;"domingo";"16:50:00";"RS";290;60;"GRAVATAI";"Condutor deixou de manter distância do veículo da frente";"Engavetamento";"Com Vítimas Feridas";"Pleno dia";"Crescente";"Sol";"Dupla";"Reta";"Não";5;0;2;0;3;0;2;4;-29,94065911;-50,8964771;"SPRF-RS";"DEL03-RS";"UOP01-DEL03-RS"
664784;2025-02-22;"sábado";"22:33:00";"RJ";116;178;"RIO DE JANEIRO";"Acessar a via sem observar a presença dos outros veículos";"Colisão lateral mesmo sentido";"Com Vítimas Feridas";"Plena Noite";"Crescente";"Céu Claro";"Simples";"Reta";"Não";2;0;1;0;1;0;1;2;-22,8044669;-43,3451884;"SPRF-RJ";"DEL06-RJ";"UOP01-DEL06-RJ"
664785;2025-03-02;"domingo";"16:10:00";"RJ";116;169;"RIO DE JANEIRO";"Reação tardia ou ineficiente do condutor";"Queda de ocupante de veículo";"Com Vítimas Feridas";"Pleno dia";"Crescente";"Céu Claro";"Múltipla";"Reta";"Sim";1;0;1;0;0;0;1;1;-22,81723263;-43,32238019;"SPRF-RJ";"DEL06-RJ";"UOP01-DEL06-RJ"
664786;2025-03-02;"domingo";"17:30:00";"GO";70;26;"COCALZINHO DE GOIAS";"Conversão proibida";"Colisão transversal";"Com Vítimas Feridas";"Pleno dia";"Decrescente";"Céu Claro";"Simples";"Curva;Declive";"Não";2;0;1;0;1;0;1;2;-15,74424704;-48,41348648;"SPRF-DF";"DEL03-DF";"UOP02-DEL03-DF"
664787;2025-03-02;"domingo";"17:50:00";"SP";116;194;"SANTA ISABEL";"Transitar na contramão";"Colisão frontal";"Com Vítimas Feridas";"Anoitecer";"Decrescente";"Céu Claro";"Simples";"Reta";"Não";5;0;1;0;3;1;1;2;-23,383896;-46,264111;"SPRF-SP";"DEL01-SP";"UOP01-DEL01-SP"
664788;2025-03-02;"domingo";"17:43:00";"PE";232;252;"ARCOVERDE";"Reação tardia ou ineficiente do condutor";"Colisão traseira";"Com Vítimas Feridas";"Pleno dia";"Decrescente";"Céu Claro";"Simples";"Reta";"Sim";3;0;3;0;0;0;3;2;-8,429595;-37,067338;"SPRF-PE";"DEL04-PE";"UOP02-DEL04-PE"
664789;2025-03-02;"domingo";"14:00:00";"MT";174;429;"NOVA LACERDA";"Transitar na contramão";"Colisão frontal";"Com Vítimas Fatais";"Pleno dia";"Crescente";"Céu Claro";"Simples";"Reta";"Não";3;1;1;1;0;0;2;2;-14,29061586;-59,67938662;"SPRF-MT";"DEL04-MT";"UOP02-DEL04-MT"
664790;2025-03-02;"domingo";"17:15:00";"RJ";116;109;"DUQUE DE CAXIAS";"Ingestão de álcool pelo condutor";"Colisão lateral mesmo sentido";"Sem Vítimas";"Pleno dia";"Crescente";"Céu Claro";"Múltipla";"Reta";"Sim";4;0;0;0;4;0;0;2;-22,678375;-43,286523;"SPRF-RJ";"DEL04-RJ";"UOP01-DEL04-RJ"
664791;2025-03-02;"domingo";"17:15:00";"RJ";101;441;"MANGARATIBA";"Reação tardia ou ineficiente do condutor";"Queda de ocupante de veículo";"Com Vítimas Feridas";"Pleno dia";"Decrescente";"Céu Claro";"Simples";"Declive;Curva";"Sim";1;0;1;0;0;0;1;1;-22,96038701;-44,09728311;"SPRF-RJ";"DEL03-RJ";"UOP02-DEL03-RJ"
664792;2025-03-02;"domingo";"17:00:00";"GO";70;341;"SANTA FE DE GOIAS";"Ausência de reação do condutor";"Saída de leito carroçável";"Sem Vítimas";"Anoitecer";"Crescente";"Nublado";"Simples";"Curva;Aclive";"Não";1;0;0;0;0;1;0;1;-15,88444539;-51,07284307;"SPRF-GO";"DEL04-GO";"UOP02-DEL04-GO"
664793;2025-03-02;"domingo";"16:00:00";"PR";277;690;"CURITIBA";"Ingestão de álcool pelo condutor";"Colisão traseira";"Com Vítimas Feridas";"Pleno dia";"Decrescente";"Céu Claro";"Dupla";"Retorno Regulamentado";"Não";4;0;2;0;2;0;2;2;-25,4509056;-49,250304;"SPRF-PR";"DEL05-PR";"UOP01-DEL05-PR"
664794;2025-03-02;"domingo";"17:45:00";"RS";290;29;"SANTO ANTONIO DA PATRULHA";"Avarias e/ou desgaste excessivo no pneu";"Tombamento";"Com Vítimas Feridas";"Pleno dia";"Crescente";"Céu Claro";"Múltipla";"Reta";"Não";2;0;2;0;0;0;2;1;-29,883247;-50,544327;"SPRF-RS";"DEL03-RS";"UOP01-DEL03-RS"
664795;2025-03-02;"domingo";"08:20:00";"RJ";101;289;"ITABORAI";"Demais falhas mecânicas ou elétricas";"Queda de ocupante de veículo";"Com Vítimas Feridas";"Pleno dia";"Decrescente";"Céu Claro";"Dupla";"Reta";"Não";2;0;1;0;1;0;1;1;-22,76130826;-42,87677633;"SPRF-RJ";"DEL02-RJ";"UOP02-DEL02-RJ"
664797;2025-03-02;"domingo";"18:16:00";"SP";381;84;"SAO PAULO";"Reação tardia ou ineficiente do condutor";"Colisão com objeto";"Com Vítimas Feridas";"Anoitecer";"Decrescente";"Céu Claro";"Dupla";"Reta";"Não";5;0;5;0;0;0;5;1;-23,44451081;-46,56839674;"SPRF-SP";"DEL03-SP";"UOP01-DEL03-SP"
664798;2025-03-02;"domingo";"18:20:00";"PE";101;77;"RECIFE";"Entrada inopinada do pedestre";"Atropelamento de Pedestre";"Com Vítimas Feridas";"Plena Noite";"Decrescente";"Nublado";"Dupla";"Reta";"Sim";2;0;1;1;0;0;2;2;-8,131358;-34,94521;"SPRF-PE";"DEL01-PE";"UOP01-DEL01-PE"
664799;2025-03-02;"domingo";"17:45:00";"SC";101;278,8;"IMBITUBA";"Demais falhas mecânicas ou elétricas";"Incêndio";"Sem Vítimas";"Pleno dia";"Decrescente";"Céu Claro";"Múltipla";"Reta";"Não";1;0;0;0;1;0;0;1;-28,18358582;-48,69577825;"SPRF-SC";"DEL02-SC";"UOP03-DEL02-SC"
664800;2025-03-02;"domingo";"18:10:00";"PR";376;221,4;"CAMBIRA";"Ausência de reação do condutor";"Saída de leito carroçável";"Com Vítimas Feridas";"Pleno dia";"Crescente";"Céu Claro";"Dupla";"Curva";"Não";1;0;1;0;0;0;1;1;-23,60206;-51,60092;"SPRF-PR";"DEL09-PR";"UOP01-DEL09-PR"
664801;2025-03-02;"domingo";"18:00:00";"SC";101;5,7;"ARARANGUA";"Acessar a via sem observar a presença dos outros veículos";"Colisão transversal";"Com Vítimas Feridas";"Pleno dia";"Crescente";"Céu Claro";"Múltipla";"Rotatória";"Sim";4;0;2;0;2;0;2;2;-28,9629987;-49,51931834;"SPRF-SC";"DEL03-SC";"UOP01-DEL03-SC"
664802;2025-03-02;"domingo";"18:00:00";"RJ";101;308;"SAO GONCALO";"Reação tardia ou ineficiente do condutor";"Queda de ocupante de veículo";"Com Vítimas Feridas";"Pleno dia";"Decrescente";"Céu Claro";"Dupla";"Reta";"Sim";2;0;2;0;0;0;2;1;-22,79339622;-43,02564127;"SPRF-RJ";"DEL02-RJ";"UOP02-DEL02-RJ"
664803;2025-03-02;"domingo";"16:35:00";"RJ";101;334;"RIO DE JANEIRO";"Ausência de reação do condutor";"Colisão lateral mesmo sentido";"Com Vítimas Feridas";"Pleno dia";"Crescente";"Céu Claro";"Dupla";"Curva";"Não";3;0;1;0;2;0;1;2;-22,9035;-43,2096;"SPRF-RJ";"DEL02-RJ";"UOP01-DEL02-RJ"
664804;2025-03-02;"domingo";"18:07:00";"DF";251;59;"BRASILIA";"Demais falhas mecânicas ou elétricas";"Capotamento";"Com Vítimas Feridas";"Anoitecer";"Crescente";"Céu Claro";"Simples";"Reta";"Sim";2;0;2;0;0;0;2;1;-15,975208;-47,981687;"SPRF-DF";"DEL01-DF";"UOP01-DEL01-DF"
664805;2025-03-02;"domingo";"18:15:00";"SP";153;120;"UBARANA";"Ausência de reação do condutor";"Colisão com objeto";"Com Vítimas Feridas";"Amanhecer";"Crescente";"Nublado";"Simples";"Interseção de Vias";"Sim";1;0;0;1;0;0;1;1;-21,17025911;-49,71519578;"SPRF-SP";"DEL09-SP";"UOP01-DEL09-SP"
664806;2025-03-02;"domingo";"18:29:00";"RJ";116;194;"QUEIMADOS";"Condutor deixou de manter distância do veículo da frente";"Colisão traseira";"Com Vítimas Feridas";"Plena Noite";"Decrescente";"Céu Claro";"Dupla";"Reta";"Não";3;0;1;2;0;0;3;2;-22,73595185;-43,54755163;"SPRF-RJ";"DEL06-RJ";"UOP01-DEL06-RJ"
664807;2025-03-02;"domingo";"19:00:00";"ES";101;169;"LINHARES";"Acessar a via sem observar a presença dos outros veículos";"Colisão transversal";"Com Vítimas Feridas";"Plena Noite";"Crescente";"Céu Claro";"Simples";"Reta";"Não";3;0;1;1;1;0;2;2;-19,54683;-40,166321;"SPRF-ES";"DEL04-ES";"UOP01-DEL04-ES"
664808;2025-03-02;"domingo";"18:50:00";"SP";116;166,8;"JACAREI";"Ausência de reação do condutor";"Tombamento";"Com Vítimas Feridas";"Plena Noite";"Crescente";"Céu Claro";"Múltipla";"Reta";"Sim";2;0;0;2;0;0;2;1;-23,30120151;-46,02166414;"SPRF-SP";"DEL02-SP";"UOP01-DEL02-SP"
664809;2025-03-02;"domingo";"18:25:00";"MG";40;511;"RIBEIRAO DAS NEVES";"Ingestão de álcool pelo condutor";"Saída de leito carroçável";"Sem Vítimas";"Anoitecer";"Decrescente";"Céu Claro";"Dupla";"Curva;Retorno Regulamentado;Aclive";"Não";1;0;0;0;0;1;0;1;-19,78335314;-44,1157043;"SPRF-MG";"DEL01-MG";"UOP02-DEL01-MG"
664810;2025-03-02;"domingo";"15:30:00";"SC";282;365,8;"ERVAL VELHO";"Velocidade Incompatível";"Saída de leito carroçável";"Com Vítimas Fatais";"Pleno dia";"Decrescente";"Céu Claro";"Dupla";"Curva;Aclive";"Não";3;1;2;0;0;0;2;1;-27,295372;-51,40843;"SPRF-SC";"DEL07-SC";"UOP05-DEL07-SC"
664813;2025-03-02;"domingo";"17:30:00";"MG";267;21;"ARGIRITA";"Velocidade Incompatível";"Saída de leito carroçável";"Com Vítimas Feridas";"Anoitecer";"Crescente";"Céu Claro";"Simples";"Curva";"Não";4;0;2;2;0;0;4;1;-21,589308;-42,756467;"SPRF-MG";"DEL07-MG";"UOP01-DEL07-MG"
664815;2025-03-02;"domingo";"18:00:00";"RO";364;223;"PIMENTA BUENO";"Ultrapassagem Indevida";"Tombamento";"Com Vítimas Feridas";"Plena Noite";"Decrescente";"Nublado";"Simples";"Reta";"Não";1;0;1;0;0;0;1;1;-11,5247;-61,339955;"SPRF-RO";"DEL02-RO";"UOP02-DEL02-RO"
664818;2025-03-02;"domingo";"19:05:00";"SP";101;35;"UBATUBA";"Trafegar com motocicleta (ou similar) entre as faixas";"Colisão transversal";"Com Vítimas Feridas";"Plena Noite";"Crescente";"Céu Claro";"Simples";"Interseção de Vias";"Sim";3;0;1;0;2;0;1;2;-23,39310986;-45,00976508;"SPRF-SP";"DEL06-SP";"UOP01-DEL06-SP"
664819;2025-03-02;"domingo";"19:10:00";"PR";369;482,4;"CORBELIA";"Ingestão de álcool pelo condutor";"Colisão traseira";"Com Vítimas Feridas";"Plena Noite";"Decrescente";"Céu Claro";"Simples";"Reta";"Não";3;0;0;1;0;2;1;3;-24,777504;-53,291961;"SPRF-PR";"DEL04-PR";"UOP03-DEL04-PR"
664820;2025-03-02;"domingo";"19:30:00";"RS";448;21,3;"CANOAS";"Pedestre - Ingestão de álcool/ substâncias psicoativas";"Atropelamento de Pedestre";"Com Vítimas Feridas";"Plena Noite";"Crescente";"Céu Claro";"Dupla";"Aclive;Ponte;Reta";"Sim";2;0;0;1;1;0;1;2;-29,96969736;-51,20075353;"SPRF-RS";"DEL01-RS";"UOP01-DEL01-RS"
664821;2025-03-02;"domingo";"19:40:00";"MG";116;628,5;"ORIZANIA";"Transitar na contramão";"Colisão lateral sentido oposto";"Com Vítimas Fatais";"Plena Noite";"Decrescente";"Nublado";"Simples";"Curva";"Não";3;1;0;2;0;0;2;2;-20,57806596;-42,20758807;"SPRF-MG";"DEL07-MG";"UOP02-DEL07-MG"
664822;2025-03-02;"domingo";"18:20:00";"SC";280;91;"CORUPA";"Avarias e/ou desgaste excessivo no pneu";"Capotamento";"Com Vítimas Feridas";"Plena Noite";"Crescente";"Céu Claro";"Simples";"Curva;Aclive";"Não";2;0;1;0;1;0;1;1;-26,3972602;-49,29615855;"SPRF-SC";"DEL06-SC";"UOP03-DEL06-SC"
664823;2025-03-02;"domingo";"17:20:00";"MS";163;108,3;"ITAQUIRAI";"Ingestão de álcool pelo condutor";"Capotamento";"Com Vítimas Feridas";"Pleno dia";"Crescente";"Sol";"Dupla";"Reta";"Não";2;0;1;1;0;0;2;1;-23,21082163;-54,20920372;"SPRF-MS";"DEL09-MS";"UOP01-DEL09-MS"
664824;2025-03-02;"domingo";"19:45:00";"PR";376;634;"SAO JOSE DOS PINHAIS";"Ingestão de álcool pelo condutor";"Saída de leito carroçável";"Com Vítimas Feridas";"Plena Noite";"Crescente";"Céu Claro";"Simples";"Declive";"Não";1;0;1;0;0;0;1;1;-25,744833;-49,130337;"SPRF-PR";"DEL01-PR";"UOP04-DEL01-PR"
664825;2025-03-02;"domingo";"19:40:00";"BA";324;533;"AMELIA RODRIGUES";"Condutor deixou de manter distância do veículo da frente";"Colisão traseira";"Com Vítimas Feridas";"Plena Noite";"Decrescente";"Nublado";"Dupla";"Reta";"Sim";2;0;1;0;1;0;1;2;-12,38673996;-38,79052353;"SPRF-BA";"DEL01-BA";"UOP03-DEL01-BA"
664826;2025-03-02;"domingo";"20:05:00";"PR";277;72,5;"SAO JOSE DOS PINHAIS";"Velocidade Incompatível";"Colisão traseira";"Com Vítimas Feridas";"Plena Noite";"Crescente";"Céu Claro";"Dupla";"Reta;Declive";"Sim";2;0;0;1;1;0;1;2;-25,5028054;-49,1473214;"SPRF-PR";"DEL01-PR";"UOP07-DEL01-PR"
664827;2025-03-02;"domingo";"19:44:00";"TO";10;464;"PALMAS";"Velocidade Incompatível";"Queda de ocupante de veículo";"Com Vítimas Feridas";"Plena Noite";"Crescente";"Nublado";"Múltipla";"Reta";"Sim";1;0;1;0;0;0;1;1;-10,232727;-48,311916;"SPRF-TO";"DEL01-TO";"UOP03-DEL01-TO"
664828;2025-01-05;"domingo";"20:30:00";"ES";101;258,8;"SERRA";"Pista Escorregadia";"Capotamento";"Com Vítimas Feridas";"Pleno dia";"Crescente";"Chuva";"Dupla";"Reta";"Sim";1;0;1;0;0;0;1;1;-20,13847031;-40,29231548;"SPRF-ES";"DEL02-ES";"UOP01-DEL02-ES"
664829;2025-03-02;"domingo";"19:35:00";"RS";290;589;"ALEGRETE";"Avarias e/ou desgaste excessivo no pneu";"Tombamento";"Com Vítimas Feridas";"Plena Noite";"Crescente";"Céu Claro";"Simples";"Reta";"Não";2;0;2;0;0;0;2;1;-29,813007;-55,864948;"SPRF-RS";"DEL13-RS";"UOP02-DEL13-RS"
664830;2025-03-02;"domingo";"19:15:00";"MS";60;545,3;"NIOAQUE";"Pedestre - Ingestão de álcool/ substâncias psicoativas";"Atropelamento de Pedestre";"Com Vítimas Feridas";"Plena Noite";"Decrescente";"Céu Claro";"Simples";"Reta";"Não";4;0;0;1;3;0;1;2;-21,177087;-55,870491;"SPRF-MS";"DEL05-MS";"UOP01-DEL05-MS"
664831;2025-03-02;"domingo";"20:30:00";"PR";277;6;"PARANAGUA";"Velocidade Incompatível";"Capotamento";"Com Vítimas Feridas";"Plena Noite";"Decrescente";"Céu Claro";"Dupla";"Reta";"Não";1;0;1;0;0;0;1;1;-25,560196;-48,57967;"SPRF-PR";"DEL01-PR";"UOP05-DEL01-PR"
664833;2025-03-02;"domingo";"17:25:00";"MA";316;609,4;"TIMON";"Transitar na contramão";"Colisão lateral sentido oposto";"Com Vítimas Feridas";"Pleno dia";"Decrescente";"Céu Claro";"Simples";"Reta;Declive";"Não";3;0;1;2;0;0;3;2;-5,0667164;-42,88230311;"SPRF-MA";"DEL03-MA";"UOP02-DEL03-MA"
664834;2025-03-02;"domingo";"20:00:00";"RS";470;172,8;"VERANOPOLIS";"Reação tardia ou ineficiente do condutor";"Colisão frontal";"Com Vítimas Fatais";"Plena Noite";"Decrescente";"Céu Claro";"Simples";"Reta";"Não";5;1;0;1;3;0;1;3;-28,9022125;-51,5511326;"SPRF-RS";"DEL06-RS";"UOP02-DEL06-RS"
664835;2025-01-06;"segunda-feira";"05:50:00";"ES";101;281;"SERRA";"Ausência de reação do condutor";"Colisão lateral mesmo sentido";"Com Vítimas Feridas";"Amanhecer";"Decrescente";"Céu Claro";"Dupla";"Viaduto";"Não";2;0;0;1;0;1;1;2;-20,22112792;-40,35720552;"SPRF-ES";"DEL02-ES";"UOP01-DEL02-ES"
664836;2025-03-02;"domingo";"20:10:00";"MG";146;484,4;"POCOS DE CALDAS";"Demais falhas mecânicas ou elétricas";"Incêndio";"Sem Vítimas";"Plena Noite";"Crescente";"Céu Claro";"Simples";"Aclive;Reta";"Não";1;0;0;0;1;0;0;1;-21,803346;-46,447649;"SPRF-MG";"DEL09-MG";"UOP01-DEL09-MG"
664837;2025-03-02;"domingo";"21:02:00";"SC";280;43,6;"GUARAMIRIM";"Ausência de reação do condutor";"Saída de leito carroçável";"Com Vítimas Fatais";"Plena Noite";"Decrescente";"Céu Claro";"Dupla";"Curva;Em Obras";"Não";1;1;0;0;0;0;0;1;-26,451488;-48,879485;"SPRF-SC";"DEL03-SC";"UOP03-DEL03-SC"
664841;2025-03-02;"domingo";"19:45:00";"MG";365;462;"PATROCINIO";"Reação tardia ou ineficiente do condutor";"Colisão com objeto";"Com Vítimas Feridas";"Plena Noite";"Crescente";"Céu Claro";"Simples";"Reta";"Não";1;0;1;0;0;0;1;1;-18,878399;-46,914625;"SPRF-MG";"DEL10-MG";"UOP01-DEL10-MG"
664842;2025-03-02;"domingo";"17:47:00";"SC";101;44;"PALHOCA";"Ausência de reação do condutor";"Colisão com objeto";"Com Vítimas Feridas";"Anoitecer";"Decrescente";"Céu Claro";"Dupla";"Curva";"Não";1;0;1;0;0;0;1;1;-27,67044;-48,71145;"SPRF-SC";"DEL01-SC";"UOP02-DEL01-SC"
664843;2025-03-02;"domingo";"21:10:00";"BA";110;173;"RIBEIRA DO POMBAL";"Ingestão de álcool pelo condutor";"Tombamento";"Com Vítimas Feridas";"Plena Noite";"Crescente";"Nublado";"Simples";"Reta";"Sim";1;0;1;0;0;0;1;1;-10,82546589;-38,53179932;"SPRF-BA";"DEL07-BA";"UOP02-DEL07-BA"
664844;2025-03-02;"domingo";"20:30:00";"MS";158;255,2;"TRES LAGOAS";"Reação tardia ou ineficiente do condutor";"Eventos atípicos";"Com Vítimas Feridas";"Plena Noite";"Crescente";"Céu Claro";"Simples";"Reta";"Não";2;0;2;0;0;0;2;1;-20,682535;-51,77094;"SPRF-MS";"DEL07-MS";"UOP01-DEL07-MS"
664845;2025-03-02;"domingo";"20:40:00";"AL";104;39;"UNIAO DOS PALMARES";"Ingestão de álcool pelo condutor";"Queda de ocupante de veículo";"Com Vítimas Feridas";"Plena Noite";"Crescente";"Chuva";"Simples";"Curva;Aclive";"Não";2;0;0;1;1;0;1;1;-9,18866786;-36,0366261;"SPRF-AL";"DEL01-AL";"UOP02-DEL01-AL"
664846;2025-03-02;"domingo";"18:30:00";"PR";163;140;"CAPITAO LEONIDAS MARQUES";"Curva acentuada";"Capotamento";"Com Vítimas Feridas";"Plena Noite";"Decrescente";"Céu Claro";"Simples";"Curva";"Não";2;0;2;0;0;0;2;1;-25,4768482;-53,5903846;"SPRF-PR";"DEL05-PR";"UOP05-DEL05-PR"
664847;2025-03-02;"domingo";"20:46:00";"SP";101;49;"UBATUBA";"Acessar a via sem observar a presença dos outros veículos";"Colisão transversal";"Com Vítimas Feridas";"Pleno dia";"Crescente";"Céu Claro";"Simples";"Reta";"Não";2;0;2;0;0;0;2;2;-23,43392456;-45,08704305;"SPRF-SP";"DEL06-SP";"UOP01-DEL06-SP"
664848;2025-03-02;"domingo";"20:00:00";"SC";282;47,2;"AGUAS MORNAS";"Ausência de reação do condutor";"Saída de leito carroçável";"Com Vítimas Feridas";"Plena Noite";"Decrescente";"Céu Claro";"Simples";"Declive;Curva";"Não";1;0;1;0;0;0;1;1;-27,71857817;-48,9389205;"SPRF-SC";"DEL01-SC";"UOP03-DEL01-SC"
664849;2025-03-02;"domingo";"21:05:00";"PR";376;627;"SAO JOSE DOS PINHAIS";"Reação tardia ou ineficiente do condutor";"Colisão com objeto";"Com Vítimas Feridas";"Plena Noite";"Decrescente";"Céu Claro";"Dupla";"Reta";"Não";1;0;1;0;0;0;1;1;-25,703853;-49,141892;"SPRF-PR";"DEL01-PR";"UOP04-DEL01-PR"
664850;2025-03-02;"domingo";"17:00:00";"RO";364;58;"PORTO VELHO";"Ingestão de álcool pelo condutor";"Colisão com objeto";"Sem Vítimas";"Anoitecer";"Decrescente";"Céu Claro";"Dupla";"Reta";"Sim";2;0;0;0;2;0;0;2;-8,7423398;-63,9026159;"SPRF-RO";"DEL04-RO";"UOP01-DEL04-RO"
664851;2025-03-02;"domingo";"20:50:00";"AL";316;115;"CACIMBINHAS";"Ingestão de álcool pelo condutor";"Colisão frontal";"Com Vítimas Feridas";"Plena Noite";"Decrescente";"Garoa/Chuvisco";"Simples";"Reta";"Não";4;0;2;1;0;1;3;2;-9,402567;-36,978098;"SPRF-AL";"DEL03-AL";"UOP01-DEL03-AL"
664852;2025-03-02;"domingo";"21:05:00";"RN";110;40,4;"MOSSORO";"Transitar na contramão";"Colisão lateral sentido oposto";"Com Vítimas Fatais";"Plena Noite";"Decrescente";"Nublado";"Simples";"Aclive;Reta";"Não";3;1;0;0;1;1;0;3;-5,1766661;-37,27993393;"SPRF-RN";"DEL04-RN";"UOP01-DEL04-RN"
664853;2025-03-02;"domingo";"21:00:00";"SC";101;317,9;"PESCARIA BRAVA";"Reação tardia ou ineficiente do condutor";"Saída de leito carroçável";"Com Vítimas Fatais";"Plena Noite";"Crescente";"Céu Claro";"Dupla";"Curva";"Não";1;1;0;0;0;0;0;1;-28,42938515;-48,87726992;"SPRF-SC";"DEL02-SC";"UOP01-DEL02-SC"
664855;2025-03-02;"domingo";"21:05:00";"MG";354;731;"POUSO ALTO";"Reação tardia ou ineficiente do condutor";"Saída de leito carroçável";"Com Vítimas Feridas";"Plena Noite";"Decrescente";"Céu Claro";"Simples";"Curva;Aclive";"Não";2;0;2;0;0;0;2;1;-22,1743668;-44,96538734;"SPRF-MG";"DEL17-MG";"UOP01-DEL17-MG"
664857;2025-03-02;"domingo";"09:00:00";"BA";235;327;"CANUDOS";"Acesso irregular";"Capotamento";"Com Vítimas Feridas";"Pleno dia";"Decrescente";"Céu Claro";"Simples";"Reta";"Não";1;0;0;1;0;0;1;1;-9,955456;-39,163522;"SPRF-BA";"DEL07-BA";"UOP03-DEL07-BA"
664858;2025-03-02;"domingo";"19:10:00";"RO";364;502;"ARIQUEMES";"Transitar na contramão";"Colisão frontal";"Com Vítimas Fatais";"Plena Noite";"Crescente";"Céu Claro";"Simples";"Reta";"Não";5;1;1;0;3;0;1;2;-9,881248;-63,0570763;"SPRF-RO";"DEL03-RO";"UOP01-DEL03-RO"
664859;2025-03-02;"domingo";"21:20:00";"SP";381;65,5;"MAIRIPORA";"Reação tardia ou ineficiente do condutor";"Queda de ocupante de veículo";"Com Vítimas Feridas";"Plena Noite";"Crescente";"Céu Claro";"Dupla";"Reta";"Sim";2;0;1;0;1;0;1;1;-23,31853763;-46,58253735;"SPRF-SP";"DEL03-SP";"UOP01-DEL03-SP"
664861;2025-03-02;"domingo";"22:30:00";"SC";101;221,4;"PALHOCA";"Velocidade Incompatível";"Colisão com objeto";"Sem Vítimas";"Plena Noite";"Decrescente";"Céu Claro";"Dupla";"Reta";"Não";1;0;0;0;1;0;0;1;-27,704013;-48,65851;"SPRF-SC";"DEL01-SC";"UOP02-DEL01-SC"
664863;2025-03-02;"domingo";"21:40:00";"DF";40;0;"BRASILIA";"Reação tardia ou ineficiente do condutor";"Colisão traseira";"Com Vítimas Feridas";"Plena Noite";"Decrescente";"Céu Claro";"Dupla";"Reta";"Sim";2;0;1;0;1;0;1;2;-15,97653313;-47,98980474;"SPRF-DF";"DEL01-DF";"UOP01-DEL01-DF"
664864;2025-03-02;"domingo";"22:35:00";"AL";316;148,5;"PALMEIRA DOS INDIOS";"Pedestre andava na pista";"Atropelamento de Pedestre";"Com Vítimas Feridas";"Plena Noite";"Decrescente";"Nublado";"Simples";"Reta";"Não";2;0;0;1;0;1;1;2;-9,409792;-36,684222;"SPRF-AL";"DEL03-AL";"UOP01-DEL03-AL"