"id";"data_inversa";"dia_semana";"horario";"uf";"br";"km";"municipio";"causa_acidente";"tipo_acidente";"classificacao_acidente";"fase_dia";"sentido_via";"condicao_metereologica";"tipo_pista";"tracado_via";"uso_solo";"pessoas";"mortos";"feridos_leves";"feridos_graves";"ilesos";"ignorados";"feridos";"veiculos";"latitude";"longitude";"regional";"delegacia";"uop"
664866;2025-03-02;"domingo";"23:00:00";"SC";101;124,9;"BALNEARIO CAMBORIU";"Ausência de reação do condutor";"Saída de leito carroçável";"Com Vítimas Feridas";"Plena Noite";"Decrescente";"Céu Claro";"Dupla";"Curva";"Não";1;0;1;0;0;0;1;1;-27,02728681;-48,60597362;"SPRF-SC";"DEL04-SC";"UOP04-DEL04-SC"
664867;2025-03-02;"domingo";"21:15:00";"MG";365;431;"PATOS DE MINAS";"Condutor deixou de manter distância do veículo da frente";"Colisão traseira";"Com Vítimas Feridas";"Plena Noite";"Crescente";"Céu Claro";"Simples";"Interseção de Vias;Reta";"Não";6;0;1;0;4;1;1;3;-18,75876226;-46,66202545;"SPRF-MG";"DEL10-MG";"UOP01-DEL10-MG"
664868;2025-03-02;"domingo";"23:48:00";"GO";153;504;"APARECIDA DE GOIANIA";"Ausência de reação do condutor";"Colisão com objeto";"Com Vítimas Fatais";"Plena Noite";"Decrescente";"Nublado";"Dupla";"Reta";"Sim";2;1;0;0;0;1;0;2;-16,735765;-49,243098;"SPRF-GO";"DEL01-GO";"UOP01-DEL01-GO"
664869;2025-03-02;"domingo";"23:15:00";"SC";101;102,2;"BALNEARIO PICARRAS";"Ausência de reação do condutor";"Atropelamento de Pedestre";"Com Vítimas Feridas";"Plena Noite";"Crescente";"Nublado";"Dupla";"Reta";"Não";2;0;0;1;0;1;1;2;-26,7730662;-48,68592381;"SPRF-SC";"DEL03-SC";"UOP02-DEL03-SC"
664870;2025-03-02;"domingo";"22:40:00";"DF";70;8;"BRASILIA";"Ingestão de álcool pelo condutor";"Atropelamento de Pedestre";"Com Vítimas Fatais";"Plena Noite";"Decrescente";"Céu Claro";"Múltipla";"Reta";"Sim";2;1;0;0;1;0;0;2;-15,785113;-48,121752;"SPRF-DF";"DEL03-DF";"UOP02-DEL03-DF"
664871;2025-03-02;"domingo";"23:30:00";"PR";277;6;"PARANAGUA";"Velocidade Incompatível";"Tombamento";"Com Vítimas Feridas";"Plena Noite";"Decrescente";"Céu Claro";"Dupla";"Reta";"Sim";1;0;1;0;0;0;1;1;-25,520634;-48,52527;"SPRF-PR";"DEL01-PR";"UOP05-DEL01-PR"
664873;2025-03-02;"domingo";"18:50:00";"MT";174;102;"CACERES";"Manobra de mudança de faixa";"Colisão frontal";"Com Vítimas Feridas";"Plena Noite";"Crescente";"Céu Claro";"Simples";"Reta";"Não";2;0;0;1;1;0;1;2;-15,83707;-57,87927;"SPRF-MT";"DEL03-MT";"UOP01-DEL03-MT"
664874;2025-03-02;"domingo";"20:00:00";"BA";135;120;"RIACHAO DAS NEVES";"Animais na Pista";"Atropelamento de Animal";"Sem Vítimas";"Plena Noite";"Decrescente";"Nublado";"Simples";"Reta";"Não";5;0;0;0;4;1;0;2;-11,72665;-44,895704;"SPRF-BA";"DEL10-BA";"UOP01-DEL10-BA"
664875;2025-03-03;"segunda-feira";"00:10:00";"PB";230;36;"SANTA RITA";"Reação tardia ou ineficiente do condutor";"Queda de ocupante de veículo";"Com Vítimas Feridas";"Plena Noite";"Decrescente";"Céu Claro";"Dupla";"Reta";"Sim";1;0;1;0;0;0;1;1;-7,12682;-34,949928;"SPRF-PB";"DEL01-PB";"UOP02-DEL01-PB"
664876;2025-03-02;"domingo";"23:30:00";"RJ";101;100;"CAMPOS DOS GOYTACAZES";"Avarias e/ou desgaste excessivo no pneu";"Capotamento";"Com Vítimas Feridas";"Plena Noite";"Decrescente";"Céu Claro";"Dupla";"Curva";"Não";1;0;1;0;0;0;1;1;-21,8242564;-41,4112027;"SPRF-RJ";"DEL08-RJ";"UOP02-DEL08-RJ"
664877;2025-03-02;"domingo";"23:00:00";"SC";101;383;"ICARA";"Condutor Dormindo";"Capotamento";"Com Vítimas Feridas";"Plena Noite";"Decrescente";"Céu Claro";"Dupla";"Reta";"Sim";1;0;1;0;0;0;1;1;-28,77109792;-49,30704296;"SPRF-SC";"DEL02-SC";"UOP02-DEL02-SC"
664878;2025-03-03;"segunda-feira";"00:20:00";"SC";101;153;"PORTO BELO";"Ausência de reação do condutor";"Colisão com objeto";"Sem Vítimas";"Plena Noite";"Decrescente";"Nublado";"Dupla";"Reta";"Sim";1;0;0;0;0;1;0;1;-27,15224099;-48,61036062;"SPRF-SC";"DEL04-SC";"UOP03-DEL04-SC"
664879;2025-03-02;"domingo";"23:25:00";"PR";277;665;"MEDIANEIRA";"Ingestão de álcool pelo condutor";"Saída de leito carroçável";"Sem Vítimas";"Plena Noite";"Decrescente";"Céu Claro";"Dupla";"Reta";"Não";1;0;0;0;1;0;0;1;-25,25451618;-54,03440952;"SPRF-PR";"DEL05-PR";"UOP02-DEL05-PR"
664880;2025-03-02;"domingo";"23:48:00";"BA";324;356;"CAPIM GROSSO";"Ausência de reação do condutor";"Colisão traseira";"Com Vítimas Feridas";"Pleno dia";"Crescente";"Céu Claro";"Simples";"Reta";"Não";2;0;0;1;1;0;1;2;-11,38416099;-39,99898911;"SPRF-BA";"DEL04-BA";"UOP02-DEL04-BA"
664882;2025-03-03;"segunda-feira";"00:10:00";"RJ";101;258;"RIO BONITO";"Ausência de reação do condutor";"Saída de leito carroçável";"Com Vítimas Fatais";"Plena Noite";"Crescente";"Céu Claro";"Dupla";"Reta";"Não";1;1;0;0;0;0;0;1;-22,702036;-42,589079;"SPRF-RJ";"DEL02-RJ";"UOP03-DEL02-RJ"
664883;2025-03-02;"domingo";"23:50:00";"RJ";40;60;"PETROPOLIS";"Velocidade Incompatível";"Saída de leito carroçável";"Com Vítimas Feridas";"Plena Noite";"Decrescente";"Céu Claro";"Dupla";"Reta";"Não";2;0;2;0;0;0;2;1;-22,39512281;-43,13485807;"SPRF-RJ";"DEL05-RJ";"UOP02-DEL05-RJ"
664884;2025-03-02;"domingo";"19:50:00";"RS";290;491,6;"ROSARIO DO SUL";"Transitar na contramão";"Colisão frontal";"Com Vítimas Fatais";"Plena Noite";"Crescente";"Céu Claro";"Simples";"Reta";"Não";7;2;0;5;0;0;5;2;-30,22531485;-55,03351629;"SPRF-RS";"DEL11-RS";"UOP02-DEL11-RS"
664885;2025-03-03;"segunda-feira";"01:30:00";"RN";101;148;"GOIANINHA";"Ingestão de álcool pelo condutor";"Atropelamento de Pedestre";"Com Vítimas Feridas";"Plena Noite";"Decrescente";"Céu Claro";"Simples";"Reta";"Sim";3;0;2;1;0;0;3;2;-6,26655234;-35,20995855;"SPRF-RN";"DEL01-RN";"UOP01-DEL01-RN"
664886;2025-03-03;"segunda-feira";"01:30:00";"PR";369;152,4;"LONDRINA";"Condutor desrespeitou a iluminação vermelha do semáforo";"Colisão transversal";"Com Vítimas Feridas";"Plena Noite";"Crescente";"Céu Claro";"Dupla";"Reta;Interseção de Vias";"Sim";2;0;1;0;1;0;1;2;-23,2936237;-51,1873412;"SPRF-PR";"DEL07-PR";"UOP01-DEL07-PR"
664887;2025-03-03;"segunda-feira";"01:30:00";"RJ";101;296;"ITABORAI";"Ingestão de álcool pelo condutor";"Colisão lateral sentido oposto";"Sem Vítimas";"Plena Noite";"Crescente";"Céu Claro";"Dupla";"Curva";"Sim";2;0;0;0;2;0;0;2;-22,76795091;-42,91122437;"SPRF-RJ";"DEL02-RJ";"UOP02-DEL02-RJ"
664888;2025-03-03;"segunda-feira";"01:45:00";"MG";50;35;"ARAGUARI";"Ingestão de álcool pelo condutor";"Saída de leito carroçável";"Com Vítimas Feridas";"Plena Noite";"Decrescente";"Nublado";"Dupla";"Reta";"Não";2;0;2;0;0;0;2;1;-18,653032;-48,143261;"SPRF-MG";"DEL15-MG";"UOP02-DEL15-MG"
664890;2025-03-03;"segunda-feira";"02:00:00";"SC";282;224;"LAGES";"Ingestão de álcool pelo condutor";"Saída de leito carroçável";"Com Vítimas Feridas";"Plena Noite";"Crescente";"Céu Claro";"Simples";"Reta";"Sim";2;0;2;0;0;0;2;1;-27,79490373;-50,38131595;"SPRF-SC";"DEL05-SC";"UOP02-DEL05-SC"
664891;2025-03-03;"segunda-feira";"01:49:00";"DF";80;25;"BRASILIA";"Ausência de reação do condutor";"Tombamento";"Com Vítimas Feridas";"Plena Noite";"Crescente";"Céu Claro";"Dupla";"Reta";"Sim";1;0;1;0;0;0;1;1;-15,6162483;-48,19839478;"SPRF-DF";"DEL03-DF";"UOP02-DEL03-DF"
664892;2025-03-02;"domingo";"23:10:00";"PR";476;234,3;"LAPA";"Ausência de reação do condutor";"Colisão frontal";"Com Vítimas Feridas";"Plena Noite";"Decrescente";"Céu Claro";"Simples";"Declive;Curva";"Não";5;0;3;2;0;0;5;2;-25,78288945;-49,86385345;"SPRF-PR";"DEL02-PR";"UOP03-DEL02-PR"
664893;2025-03-03;"segunda-feira";"02:56:00";"GO";20;72,3;"FORMOSA";"Condutor Dormindo";"Capotamento";"Com Vítimas Feridas";"Plena Noite";"Crescente";"Céu Claro";"Dupla";"Rotatória";"Não";2;0;2;0;0;0;2;1;-15,14675248;-47,13469505;"SPRF-DF";"DEL02-DF";"UOP02-DEL02-DF"
664895;2025-03-03;"segunda-feira";"05:30:00";"PR";476;163;"ARAUCARIA";"Acessar a via sem observar a presença dos outros veículos";"Colisão transversal";"Com Vítimas Feridas";"Amanhecer";"Crescente";"Nevoeiro/Neblina";"Simples";"Interseção de Vias;Reta";"Sim";3;0;3;0;0;0;3;2;-25,636207;-49,466018;"SPRF-PR";"DEL01-PR";"UOP06-DEL01-PR"
664896;2025-03-03;"segunda-feira";"05:10:00";"MG";262;551,5;"NOVA SERRANA";"Reação tardia ou ineficiente do condutor";"Capotamento";"Com Vítimas Feridas";"Pleno dia";"Crescente";"Céu Claro";"Simples";"Reta";"Não";1;0;1;0;0;0;1;1;-19,89336626;-44,88121033;"SPRF-MG";"DEL08-MG";"UOP02-DEL08-MG"
664897;2025-02-28;"sexta-feira";"08:30:00";"RJ";40;121;"DUQUE DE CAXIAS";"Manobra de mudança de faixa";"Colisão transversal";"Sem Vítimas";"Pleno dia";"Decrescente";"Céu Claro";"Múltipla";"Reta";"Sim";2;0;0;0;2;0;0;2;-22,7822989;-43,28536262;"SPRF-RJ";"DEL01-RJ";"UOP02-DEL01-RJ"
664898;2025-03-03;"segunda-feira";"05:50:00";"PE";104;63,5;"CARUARU";"Ausência de reação do condutor";"Saída de leito carroçável";"Sem Vítimas";"Pleno dia";"Decrescente";"Céu Claro";"Dupla";"Viaduto";"Sim";1;0;0;0;0;1;0;1;-8,266997;-35,9777378;"SPRF-PE";"DEL02-PE";"UOP01-DEL02-PE"
664900;2025-03-03;"segunda-feira";"06:00:00";"MG";40;712;"BARBACENA";"Ausência de reação do condutor";"Saída de leito carroçável";"Sem Vítimas";"Amanhecer";"Decrescente";"Nublado";"Dupla";"Curva";"Não";1;0;0;0;1;0;0;1;-21,24932896;-43,66741455;"SPRF-MG";"DEL05-MG";"UOP02-DEL05-MG"
664904;2025-03-03;"segunda-feira";"06:40:00";"RS";285;294,9;"PASSO FUNDO";"Acessar a via sem observar a presença dos outros veículos";"Colisão transversal";"Com Vítimas Feridas";"Pleno dia";"Decrescente";"Céu Claro";"Simples";"Interseção de Vias;Reta";"Sim";2;0;2;0;0;0;2;2;-28,23255571;-52,39125609;"SPRF-RS";"DEL08-RS";"UOP03-DEL08-RS"
664905;2025-01-22;"quarta-feira";"09:45:00";"PR";277;721;"FOZ DO IGUACU";"Manobra de mudança de faixa";"Colisão lateral mesmo sentido";"Com Vítimas Feridas";"Pleno dia";"Crescente";"Céu Claro";"Dupla";"Retorno Regulamentado";"Sim";4;0;1;0;3;0;1;2;-25,49149022;-54,5126313;"SPRF-PR";"DEL05-PR";"UOP03-DEL05-PR"
664906;2025-03-03;"segunda-feira";"04:40:00";"MG";381;191,3;"PERIQUITO";"Transitar na contramão";"Colisão frontal";"Com Vítimas Fatais";"Plena Noite";"Decrescente";"Céu Claro";"Simples";"Reta";"Não";2;1;0;0;1;0;0;2;-19,085617;-42,187149;"SPRF-MG";"DEL06-MG";"UOP01-DEL06-MG"
664909;2025-03-03;"segunda-feira";"06:30:00";"MG";40;300;"TRES MARIAS";"Ausência de reação do condutor";"Colisão traseira";"Com Vítimas Feridas";"Pleno dia";"Crescente";"Nublado";"Simples";"Reta";"Não";3;0;1;0;2;0;1;2;-18,40976;-45,091342;"SPRF-MG";"DEL14-MG";"UOP02-DEL14-MG"
664910;2025-03-03;"segunda-feira";"06:00:00";"MT";163;635;"NOVA MUTUM";"Ausência de reação do condutor";"Colisão traseira";"Sem Vítimas";"Amanhecer";"Decrescente";"Céu Claro";"Simples";"Reta";"Não";5;0;0;0;4;1;0;2;-13,8045757;-56,0711342;"SPRF-MT";"DEL01-MT";"UOP01-DEL01-MT"
664911;2025-03-03;"segunda-feira";"08:00:00";"MG";381;489;"BETIM";"Ausência de reação do condutor";"Saída de leito carroçável";"Com Vítimas Feridas";"Pleno dia";"Crescente";"Céu Claro";"Múltipla";"Reta";"Sim";3;0;2;0;0;1;2;2;-19,9561252;-44,1340971;"SPRF-MG";"DEL01-MG";"UOP03-DEL01-MG"
664912;2025-03-02;"domingo";"16:00:00";"SC";101;213;"PALHOCA";"Manobra de mudança de faixa";"Colisão lateral mesmo sentido";"Sem Vítimas";"Pleno dia";"Decrescente";"Céu Claro";"Simples";"Reta";"Sim";2;0;0;0;2;0;0;2;-27,64334144;-48,66916537;"SPRF-SC";"DEL01-SC";"UOP02-DEL01-SC"
664913;2025-03-03;"segunda-feira";"06:30:00";"RO";364;422;"JARU";"Ausência de sinalização";"Colisão traseira";"Com Vítimas Feridas";"Pleno dia";"Decrescente";"Céu Claro";"Simples";"Reta";"Não";2;0;1;0;1;0;1;2;-10,4578776;-62,45727003;"SPRF-RO";"DEL03-RO";"UOP02-DEL03-RO"
664914;2025-03-03;"segunda-feira";"08:10:00";"SP";116;284;"EMBU DAS ARTES";"Pedestre cruzava a pista fora da faixa";"Atropelamento de Pedestre";"Com Vítimas Feridas";"Pleno dia";"Crescente";"Céu Claro";"Dupla";"Viaduto;Retorno Regulamentado";"Sim";2;0;1;0;1;0;1;2;-23,68004727;-46,85877454;"SPRF-SP";"DEL04-SP";"UOP01-DEL04-SP"
664915;2025-03-03;"segunda-feira";"07:40:00";"SC";280;45,9;"GUARAMIRIM";"Conversão proibida";"Colisão frontal";"Com Vítimas Feridas";"Pleno dia";"Decrescente";"Sol";"Simples";"Reta";"Não";3;0;2;0;1;0;2;2;-26,453025;-48,909033;"SPRF-SC";"DEL03-SC";"UOP03-DEL03-SC"
664917;2025-03-03;"segunda-feira";"08:10:00";"MG";381;449;"SANTA LUZIA";"Animais na Pista";"Atropelamento de Animal";"Com Vítimas Feridas";"Pleno dia";"Crescente";"Céu Claro";"Simples";"Aclive;Reta";"Não";1;0;1;0;0;0;1;1;-19,82547549;-43,83423686;"SPRF-MG";"DEL01-MG";"UOP01-DEL01-MG"
664919;2025-03-03;"segunda-feira";"08:50:00";"MG";262;361,5;"JUATUBA";"Mal súbito do condutor";"Saída de leito carroçável";"Com Vítimas Feridas";"Pleno dia";"Crescente";"Céu Claro";"Dupla";"Reta";"Sim";1;0;1;0;0;0;1;1;-19,97278852;-44,27679777;"SPRF-MG";"DEL01-MG";"UOP03-DEL01-MG"
664920;2025-03-03;"segunda-feira";"08:20:00";"BA";101;502;"ITABUNA";"Retorno proibido";"Colisão transversal";"Com Vítimas Feridas";"Pleno dia";"Crescente";"Nublado";"Simples";"Reta";"Não";2;0;0;1;1;0;1;2;-14,7473213;-39,2979095;"SPRF-BA";"DEL05-BA";"UOP01-DEL05-BA"
664921;2025-03-03;"segunda-feira";"09:00:00";"RJ";101;410;"ITAGUAI";"Trafegar com motocicleta (ou similar) entre as faixas";"Colisão lateral mesmo sentido";"Com Vítimas Feridas";"Pleno dia";"Crescente";"Céu Claro";"Dupla";"Reta";"Sim";3;0;2;0;1;0;2;2;-22,88421145;-43,85364532;"SPRF-RJ";"DEL03-RJ";"UOP01-DEL03-RJ"
664923;2025-03-03;"segunda-feira";"08:00:00";"SC";282;394,4;"JOACABA";"Conversão proibida";"Colisão transversal";"Com Vítimas Feridas";"Pleno dia";"Crescente";"Céu Claro";"Simples";"Reta";"Não";2;0;1;1;0;0;2;2;-27,158746;-51,576707;"SPRF-SC";"DEL07-SC";"UOP05-DEL07-SC"
664924;2025-03-03;"segunda-feira";"09:20:00";"MG";50;2;"ARAGUARI";"Velocidade Incompatível";"Saída de leito carroçável";"Com Vítimas Feridas";"Pleno dia";"Crescente";"Céu Claro";"Dupla";"Curva";"Não";1;0;1;0;0;0;1;1;-18,6487448;-48,1318328;"SPRF-MG";"DEL15-MG";"UOP02-DEL15-MG"
664926;2025-03-03;"segunda-feira";"09:00:00";"BA";116;821;"VITORIA DA CONQUISTA";"Conversão proibida";"Colisão transversal";"Com Vítimas Feridas";"Pleno dia";"Crescente";"Sol";"Simples";"Reta";"Sim";2;0;1;0;1;0;1;2;-14,837111;-40,841586;"SPRF-BA";"DEL08-BA";"UOP01-DEL08-BA"
664927;2025-03-03;"segunda-feira";"06:30:00";"RO";364;227,7;"CACOAL";"Condutor deixou de manter distância do veículo da frente";"Colisão traseira";"Sem Vítimas";"Pleno dia";"Decrescente";"Nublado";"Simples";"Reta";"Não";3;0;0;0;2;1;0;2;-11,490808;-61,379657;"SPRF-RO";"DEL02-RO";"UOP02-DEL02-RO"
664929;2025-03-03;"segunda-feira";"09:00:00";"MG";381;561;"ITAGUARA";"Reação tardia ou ineficiente do condutor";"Colisão com objeto";"Com Vítimas Feridas";"Pleno dia";"Crescente";"Céu Claro";"Dupla";"Curva";"Não";5;0;5;0;0;0;5;1;-20,37391759;-44,47093964;"SPRF-MG";"DEL04-MG";"UOP03-DEL04-MG"
664932;2025-03-03;"segunda-feira";"07:20:00";"MT";163;749;"SORRISO";"Acessar a via sem observar a presença dos outros veículos";"Colisão transversal";"Sem Vítimas";"Pleno dia";"Decrescente";"Céu Claro";"Dupla";"Rotatória";"Sim";2;0;0;0;2;0;0;2;-12,593477;-55,743558;"SPRF-MT";"DEL06-MT";"UOP01-DEL06-MT"
664933;2025-03-03;"segunda-feira";"09:30:00";"PE";408;98;"SAO LOURENCO DA MATA";"Chuva";"Capotamento";"Com Vítimas Feridas";"Pleno dia";"Crescente";"Chuva";"Dupla";"Reta";"Não";2;0;1;0;1;0;1;1;-8,02592;-35,038317;"SPRF-PE";"DEL01-PE";"UOP01-DEL01-PE"
664934;2025-03-03;"segunda-feira";"10:00:00";"SC";101;2;"GARUVA";"Acumulo de areia ou detritos sobre o pavimento";"Tombamento";"Com Vítimas Feridas";"Pleno dia";"Decrescente";"Sol";"Dupla";"Reta";"Não";2;0;2;0;0;0;2;1;-25,99651809;-48,87876391;"SPRF-SC";"DEL03-SC";"UOP01-DEL03-SC"
664935;2025-03-02;"domingo";"16:50:00";"SC";101;236;"PALHOCA";"Reação tardia ou ineficiente do condutor";"Colisão traseira";"Com Vítimas Feridas";"Pleno dia";"Decrescente";"Céu Claro";"Dupla";"Reta";"Não";5;0;2;0;3;0;2;2;-27,82629382;-48,63034842;"SPRF-SC";"DEL01-SC";"UOP02-DEL01-SC"
664936;2025-03-03;"segunda-feira";"05:30:00";"MA";230;549,5;"CAROLINA";"Afundamento ou ondulação no pavimento";"Queda de ocupante de veículo";"Com Vítimas Fatais";"Plena Noite";"Decrescente";"Céu Claro";"Simples";"Curva";"Não";1;1;0;0;0;0;0;1;-7,395143;-47,265563;"SPRF-MA";"DEL05-MA";"UOP01-DEL05-MA"
664938;2025-01-29;"quarta-feira";"00:30:00";"PA";316;29;"SANTA IZABEL DO PARA";"Condutor Dormindo";"Colisão traseira";"Com Vítimas Feridas";"Plena Noite";"Decrescente";"Céu Claro";"Dupla";"Reta";"Não";2;0;1;0;1;0;1;2;-1,3025866;-48,1965672;"SPRF-PA";"DEL01-PA";"UOP01-DEL01-PA"
664941;2025-03-03;"segunda-feira";"05:30:00";"GO";364;146,1;"APARECIDA DO RIO DOCE";"Animais na Pista";"Atropelamento de Animal";"Com Vítimas Feridas";"Amanhecer";"Crescente";"Céu Claro";"Simples";"Declive;Reta";"Não";2;0;1;0;1;0;1;1;-18,16779566;-51,41237516;"SPRF-GO";"DEL05-GO";"UOP02-DEL05-GO"
664942;2025-03-03;"segunda-feira";"10:15:00";"RJ";101;410;"ITAGUAI";"Manobra de mudança de faixa";"Colisão lateral mesmo sentido";"Com Vítimas Feridas";"Pleno dia";"Crescente";"Céu Claro";"Dupla";"Curva";"Não";2;0;1;0;1;0;1;2;-22,89499489;-43,84849548;"SPRF-RJ";"DEL03-RJ";"UOP01-DEL03-RJ"
664944;2025-03-03;"segunda-feira";"10:30:00";"BA";116;267,9;"TUCANO";"Reação tardia ou ineficiente do condutor";"Queda de ocupante de veículo";"Com Vítimas Feridas";"Pleno dia";"Decrescente";"Céu Claro";"Simples";"Reta";"Não";1;0;1;0;0;0;1;1;-10,921297;-38,827007;"SPRF-BA";"DEL07-BA";"UOP02-DEL07-BA"
664946;2025-03-03;"segunda-feira";"11:20:00";"SP";116;148;"JACAREI";"Demais falhas mecânicas ou elétricas";"Incêndio";"Com Vítimas Feridas";"Pleno dia";"Crescente";"Céu Claro";"Dupla";"Reta";"Sim";1;0;1;0;0;0;1;1;-23,26153417;-45,95237732;"SPRF-SP";"DEL02-SP";"UOP01-DEL02-SP"
664947;2025-03-03;"segunda-feira";"12:00:00";"SC";101;133;"BALNEARIO CAMBORIU";"Objeto estático sobre o leito carroçável";"Colisão com objeto";"Com Vítimas Feridas";"Pleno dia";"Decrescente";"Sol";"Múltipla";"Viaduto;Reta;Declive";"Sim";2;0;2;0;0;0;2;1;-26,99907834;-48,64637733;"SPRF-SC";"DEL04-SC";"UOP03-DEL04-SC"
664948;2025-03-03;"segunda-feira";"12:10:00";"ES";101;354;"ANCHIETA";"Velocidade Incompatível";"Saída de leito carroçável";"Com Vítimas Feridas";"Pleno dia";"Decrescente";"Chuva";"Dupla";"Curva";"Não";3;0;1;0;2;0;1;1;-20,68453414;-40,67118287;"SPRF-ES";"DEL03-ES";"UOP01-DEL03-ES"
664949;2025-03-02;"domingo";"14:45:00";"BA";101;523;"BUERAREMA";"Reação tardia ou ineficiente do condutor";"Colisão com objeto";"Com Vítimas Feridas";"Pleno dia";"Decrescente";"Céu Claro";"Simples";"Declive;Curva";"Sim";2;0;1;0;1;0;1;2;-14,9420327;-39,30570781;"SPRF-BA";"DEL05-BA";"UOP01-DEL05-BA"
664950;2025-03-03;"segunda-feira";"11:30:00";"RO";364;701;"PORTO VELHO";"Reação tardia ou ineficiente do condutor";"Colisão traseira";"Sem Vítimas";"Pleno dia";"Crescente";"Chuva";"Dupla";"Reta";"Sim";2;0;0;0;2;0;0;2;-8,800347;-63,779642;"SPRF-RO";"DEL01-RO";"UOP01-DEL01-RO"
664951;2025-03-03;"segunda-feira";"12:55:00";"MG";381;502;"BETIM";"Velocidade Incompatível";"Colisão com objeto";"Com Vítimas Feridas";"Pleno dia";"Crescente";"Céu Claro";"Dupla";"Declive;Curva";"Sim";1;0;0;1;0;0;1;1;-20,01713542;-44,22391212;"SPRF-MG";"DEL01-MG";"UOP03-DEL01-MG"
664952;2025-01-15;"quarta-feira";"12:10:00";"ES";101;259;"SERRA";"Ausência de reação do condutor";"Colisão com objeto";"Com Vítimas Fatais";"Pleno dia";"Crescente";"Nublado";"Simples";"Declive;Reta";"Não";1;1;0;0;0;0;0;1;-20,138397;-40,292213;"SPRF-ES";"DEL02-ES";"UOP01-DEL02-ES"
664953;2025-02-16;"domingo";"17:40:00";"MG";381;420,3;"CAETE";"Pista esburacada";"Colisão com objeto";"Com Vítimas Feridas";"Pleno dia";"Crescente";"Ignorado";"Dupla";"Reta;Declive";"Não";1;0;1;0;0;0;1;1;-19,7571453;-43,6355006;"SPRF-MG";"DEL01-MG";"UOP01-DEL01-MG"
664955;2025-03-03;"segunda-feira";"11:50:00";"PR";376;137,9;"BALSA NOVA";"Reação tardia ou ineficiente do condutor";"Tombamento";"Com Vítimas Feridas";"Pleno dia";"Decrescente";"Céu Claro";"Simples";"Reta";"Não";1;0;1;0;0;0;1;1;-25,4782197;-49,64330694;"SPRF-PR";"DEL09-PR";"UOP02-DEL09-PR"
664956;2025-03-03;"segunda-feira";"13:00:00";"GO";60;92;"ANAPOLIS";"Acostamento em desnível";"Queda de ocupante de veículo";"Com Vítimas Feridas";"Pleno dia";"Crescente";"Céu Claro";"Dupla";"Reta";"Sim";1;0;1;0;0;0;1;1;-16,349439;-48,909417;"SPRF-GO";"DEL02-GO";"UOP01-DEL02-GO"
664957;2025-03-03;"segunda-feira";"11:30:00";"RJ";493;5,6;"ITABORAI";"Ultrapassagem Indevida";"Colisão frontal";"Com Vítimas Feridas";"Pleno dia";"Crescente";"Céu Claro";"Simples";"Reta";"Não";2;0;0;1;1;0;1;2;-22,75116982;-42,9514653;"SPRF-RJ";"DEL02-RJ";"UOP02-DEL02-RJ"
664958;2025-03-03;"segunda-feira";"12:45:00";"RJ";101;310;"SAO GONCALO";"Demais falhas mecânicas ou elétricas";"Queda de ocupante de veículo";"Com Vítimas Feridas";"Pleno dia";"Crescente";"Céu Claro";"Dupla";"Reta";"Sim";1;0;1;0;0;0;1;1;-22,7934208;-43,0309376;"SPRF-RJ";"DEL02-RJ";"UOP02-DEL02-RJ"
664959;2025-03-03;"segunda-feira";"12:50:00";"RN";101;58,1;"CEARA-MIRIM";"Acessar a via sem observar a presença dos outros veículos";"Colisão transversal";"Com Vítimas Feridas";"Pleno dia";"Crescente";"Sol";"Simples";"Interseção de Vias";"Sim";2;0;1;0;1;0;1;2;-5,58852;-35,275854;"SPRF-RN";"DEL02-RN";"UOP01-DEL02-RN"
664960;2025-03-03;"segunda-feira";"13:30:00";"MG";381;502,2;"BETIM";"Demais falhas mecânicas ou elétricas";"Tombamento";"Com Vítimas Feridas";"Pleno dia";"Crescente";"Céu Claro";"Múltipla";"Curva";"Sim";2;0;2;0;0;0;2;1;-20,0200714;-44,2287258;"SPRF-MG";"DEL01-MG";"UOP03-DEL01-MG"
664961;2025-03-03;"segunda-feira";"10:50:00";"ES";262;34;"DOMINGOS MARTINS";"Reação tardia ou ineficiente do condutor";"Colisão frontal";"Com Vítimas Feridas";"Pleno dia";"Crescente";"Nublado";"Simples";"Curva";"Não";5;0;4;0;1;0;4;2;-20,37296567;-40,59235454;"SPRF-ES";"DEL01-ES";"UOP01-DEL01-ES"
664963;2025-03-03;"segunda-feira";"12:45:00";"PR";116;211;"RIO NEGRO";"Desrespeitar a preferência no cruzamento";"Colisão transversal";"Com Vítimas Feridas";"Pleno dia";"Decrescente";"Céu Claro";"Simples";"Interseção de Vias";"Não";2;0;1;0;1;0;1;2;-26,09710279;-49,78055477;"SPRF-SC";"DEL06-SC";"UOP01-DEL06-SC"
664964;2025-03-03;"segunda-feira";"06:30:00";"MT";70;515;"VARZEA GRANDE";"Reação tardia ou ineficiente do condutor";"Queda de ocupante de veículo";"Com Vítimas Feridas";"Pleno dia";"Decrescente";"Céu Claro";"Simples";"Reta";"Sim";1;0;1;0;0;0;1;1;-15,7055734;-56,14416188;"SPRF-MT";"DEL01-MT";"UOP02-DEL01-MT"
664965;2025-03-03;"segunda-feira";"14:00:00";"PR";277;35;"MORRETES";"Condutor deixou de manter distância do veículo da frente";"Colisão traseira";"Com Vítimas Feridas";"Pleno dia";"Crescente";"Céu Claro";"Dupla";"Aclive;Reta";"Não";2;0;1;0;1;0;1;2;-25,57353922;-48,82634282;"SPRF-PR";"DEL01-PR";"UOP05-DEL01-PR"