"id";"data_inversa";"dia_semana";"horario";"uf";"br";"km";"municipio";"causa_acidente";"tipo_acidente";"classificacao_acidente";"fase_dia";"sentido_via";"condicao_metereologica";"tipo_pista";"tracado_via";"uso_solo";"pessoas";"mortos";"feridos_leves";"feridos_graves";"ilesos";"ignorados";"feridos";"veiculos";"latitude";"longitude";"regional";"delegacia";"uop"
664966;2025-03-03;"segunda-feira";"14:00:00";"RS";290;115,7;"ELDORADO DO SUL";"Demais falhas mecânicas ou elétricas";"Queda de ocupante de veículo";"Com Vítimas Feridas";"Pleno dia";"Crescente";"Céu Claro";"Simples";"Reta";"Não";1;0;1;0;0;0;1;1;-30,05096805;-51,40949249;"SPRF-RS";"DEL02-RS";"UOP01-DEL02-RS"
664968;2025-03-03;"segunda-feira";"13:35:00";"RS";471;148,9;"SANTA CRUZ DO SUL";"Ausência de reação do condutor";"Colisão com objeto";"Com Vítimas Feridas";"Pleno dia";"Crescente";"Céu Claro";"Dupla";"Reta";"Sim";2;0;1;0;1;0;1;2;-29,76861402;-52,42246997;"SPRF-RS";"DEL02-RS";"UOP03-DEL02-RS"
664969;2025-03-03;"segunda-feira";"07:00:00";"PI";407;574;"PAULISTANA";"Ausência de reação do condutor";"Colisão com objeto";"Com Vítimas Fatais";"Pleno dia";"Crescente";"Céu Claro";"Simples";"Reta";"Não";1;1;0;0;0;0;0;1;-8,160181;-41,119037;"SPRF-PI";"DEL04-PI";"UOP01-DEL04-PI"
664970;2025-03-03;"segunda-feira";"12:00:00";"AL";416;36;"COLONIA LEOPOLDINA";"Acesso irregular";"Colisão traseira";"Com Vítimas Fatais";"Pleno dia";"Decrescente";"Garoa/Chuvisco";"Simples";"Interseção de Vias";"Não";2;1;0;0;1;0;0;2;-8,92551143;-35,75062752;"SPRF-AL";"DEL01-AL";"UOP02-DEL01-AL"
664971;2025-02-08;"sábado";"00:30:00";"BA";407;22;"JUAZEIRO";"Ausência de reação do condutor";"Colisão traseira";"Com Vítimas Fatais";"Plena Noite";"Decrescente";"Céu Claro";"Simples";"Reta";"Não";1;1;0;0;0;0;0;1;-9,58537093;-40,42466184;"SPRF-BA";"DEL04-BA";"UOP01-DEL04-BA"
664973;2025-03-03;"segunda-feira";"11:45:00";"RJ";101;519;"ANGRA DOS REIS";"Demais falhas mecânicas ou elétricas";"Tombamento";"Com Vítimas Feridas";"Pleno dia";"Crescente";"Céu Claro";"Simples";"Curva";"Não";1;0;1;0;0;0;1;1;-23,009009;-44,475235;"SPRF-RJ";"DEL03-RJ";"UOP03-DEL03-RJ"
664974;2025-03-03;"segunda-feira";"14:00:00";"RJ";101;164;"CASIMIRO DE ABREU";"Pista Escorregadia";"Colisão lateral sentido oposto";"Com Vítimas Feridas";"Pleno dia";"Crescente";"Chuva";"Simples";"Reta";"Não";4;0;1;0;3;0;1;2;-22,475573;-42,172287;"SPRF-RJ";"DEL08-RJ";"UOP04-DEL08-RJ"
664975;2025-03-03;"segunda-feira";"11:50:00";"SC";470;318,5;"CAMPOS NOVOS";"Acessar a via sem observar a presença dos outros veículos";"Colisão transversal";"Com Vítimas Feridas";"Pleno dia";"Crescente";"Céu Claro";"Simples";"Reta";"Sim";5;0;2;0;3;0;2;2;-27,40911373;-51,21982997;"SPRF-SC";"DEL07-SC";"UOP06-DEL07-SC"
664976;2025-03-03;"segunda-feira";"14:55:00";"SP";381;39,5;"ATIBAIA";"Reação tardia ou ineficiente do condutor";"Saída de leito carroçável";"Com Vítimas Feridas";"Pleno dia";"Crescente";"Céu Claro";"Dupla";"Reta";"Sim";2;0;1;1;0;0;2;1;-23,126307;-46,576422;"SPRF-SP";"DEL03-SP";"UOP01-DEL03-SP"
664979;2025-03-03;"segunda-feira";"14:45:00";"MG";40;654,3;"CRISTIANO OTONI";"Afundamento ou ondulação no pavimento";"Saída de leito carroçável";"Com Vítimas Feridas";"Pleno dia";"Decrescente";"Céu Claro";"Simples";"Reta;Declive";"Não";1;0;0;1;0;0;1;1;-20,86204222;-43,79961312;"SPRF-MG";"DEL05-MG";"UOP02-DEL05-MG"
664982;2025-03-03;"segunda-feira";"11:15:00";"SC";163;70,8;"SAO MIGUEL DO OESTE";"Acessar a via sem observar a presença dos outros veículos";"Colisão transversal";"Com Vítimas Feridas";"Pleno dia";"Crescente";"Céu Claro";"Simples";"Interseção de Vias;Reta";"Sim";2;0;0;1;1;0;1;2;-26,729704;-53,511427;"SPRF-SC";"DEL07-SC";"UOP03-DEL07-SC"
664985;2025-03-03;"segunda-feira";"16:05:00";"SP";153;59,5;"SAO JOSE DO RIO PRETO";"Reação tardia ou ineficiente do condutor";"Tombamento";"Com Vítimas Feridas";"Pleno dia";"Decrescente";"Sol";"Dupla";"Reta";"Sim";1;0;1;0;0;0;1;1;-20,79198586;-49,35435176;"SPRF-SP";"DEL09-SP";"UOP01-DEL09-SP"
664986;2025-03-03;"segunda-feira";"16:05:00";"RJ";101;424;"MANGARATIBA";"Transitar na contramão";"Colisão lateral sentido oposto";"Com Vítimas Feridas";"Pleno dia";"Crescente";"Céu Claro";"Simples";"Curva";"Não";3;0;2;0;1;0;2;2;-22,9243985;-43,959323;"SPRF-RJ";"DEL03-RJ";"UOP02-DEL03-RJ"
664987;2025-03-03;"segunda-feira";"15:00:00";"PR";277;108;"CURITIBA";"Ingestão de substâncias psicoativas pelo condutor";"Colisão traseira";"Sem Vítimas";"Pleno dia";"Decrescente";"Céu Claro";"Dupla";"Reta";"Não";2;0;0;0;2;0;0;2;-25,430832;-49,37763;"SPRF-PR";"DEL03-PR";"UOP03-DEL03-PR"
664988;2025-03-03;"segunda-feira";"16:30:00";"SP";116;228;"GUARULHOS";"Afundamento ou ondulação no pavimento";"Tombamento";"Com Vítimas Feridas";"Pleno dia";"Crescente";"Sol";"Múltipla";"Reta";"Sim";1;0;1;0;0;0;1;1;-23,49542568;-46,55483723;"SPRF-SP";"DEL01-SP";"UOP01-DEL01-SP"
664991;2025-03-03;"segunda-feira";"15:15:00";"GO";60;450;"JATAI";"Condutor Dormindo";"Capotamento";"Com Vítimas Feridas";"Pleno dia";"Crescente";"Sol";"Dupla";"Reta";"Não";1;0;1;0;0;0;1;1;-17,853442;-51,532278;"SPRF-GO";"DEL05-GO";"UOP01-DEL05-GO"
664996;2025-03-03;"segunda-feira";"16:45:00";"SP";101;35;"UBATUBA";"Conversão proibida";"Colisão transversal";"Com Vítimas Feridas";"Pleno dia";"Crescente";"Céu Claro";"Simples";"Interseção de Vias";"Sim";3;0;1;1;1;0;2;2;-23,39561096;-45,01481837;"SPRF-SP";"DEL06-SP";"UOP01-DEL06-SP"
664997;2025-03-03;"segunda-feira";"16:20:00";"MG";116;430,7;"ENGENHEIRO CALDAS";"Chuva";"Saída de leito carroçável";"Com Vítimas Feridas";"Pleno dia";"Crescente";"Chuva";"Simples";"Curva";"Não";2;0;2;0;0;0;2;1;-19,005906;-41,976358;"SPRF-MG";"DEL06-MG";"UOP01-DEL06-MG"
664999;2025-03-03;"segunda-feira";"16:30:00";"MG";116;518;"UBAPORANGA";"Reação tardia ou ineficiente do condutor";"Saída de leito carroçável";"Com Vítimas Feridas";"Pleno dia";"Decrescente";"Garoa/Chuvisco";"Simples";"Reta";"Não";3;0;3;0;0;0;3;1;-19,69087073;-42,11717963;"SPRF-MG";"DEL06-MG";"UOP02-DEL06-MG"
665000;2025-03-03;"segunda-feira";"16:40:00";"GO";80;13,9;"PADRE BERNARDO";"Desrespeitar a preferência no cruzamento";"Colisão transversal";"Com Vítimas Feridas";"Pleno dia";"Crescente";"Céu Claro";"Simples";"Reta";"Não";5;0;2;0;3;0;2;2;-15,427056;-48,195508;"SPRF-DF";"DEL03-DF";"UOP02-DEL03-DF"
665001;2025-03-03;"segunda-feira";"17:35:00";"RS";158;327;"SANTA MARIA";"Ausência de reação do condutor";"Engavetamento";"Com Vítimas Feridas";"Pleno dia";"Crescente";"Céu Claro";"Dupla";"Em Obras;Reta";"Sim";7;0;2;0;5;0;2;3;-29,71067022;-53,82063746;"SPRF-RS";"DEL09-RS";"UOP01-DEL09-RS"
665002;2025-03-03;"segunda-feira";"18:00:00";"SP";116;219;"GUARULHOS";"Trafegar com motocicleta (ou similar) entre as faixas";"Colisão lateral mesmo sentido";"Com Vítimas Feridas";"Anoitecer";"Crescente";"Céu Claro";"Múltipla";"Reta";"Sim";4;0;2;0;1;1;2;3;-23,46299491;-46,49409235;"SPRF-SP";"DEL01-SP";"UOP01-DEL01-SP"
665003;2025-03-03;"segunda-feira";"15:30:00";"SP";101;41;"UBATUBA";"Reação tardia ou ineficiente do condutor";"Colisão transversal";"Com Vítimas Feridas";"Pleno dia";"Decrescente";"Céu Claro";"Simples";"Reta";"Não";4;0;1;0;3;0;1;2;-23,4174054;-45,03808965;"SPRF-SP";"DEL06-SP";"UOP01-DEL06-SP"
665004;2025-03-03;"segunda-feira";"17:10:00";"ES";262;69,8;"MARECHAL FLORIANO";"Condutor deixou de manter distância do veículo da frente";"Colisão traseira";"Com Vítimas Feridas";"Anoitecer";"Crescente";"Céu Claro";"Simples";"Reta";"Não";4;0;3;0;1;0;3;2;-20,41640529;-40,86319685;"SPRF-ES";"DEL01-ES";"UOP02-DEL01-ES"
665005;2025-03-03;"segunda-feira";"16:45:00";"RJ";40;122;"DUQUE DE CAXIAS";"Condutor deixou de manter distância do veículo da frente";"Engavetamento";"Com Vítimas Feridas";"Pleno dia";"Crescente";"Céu Claro";"Dupla";"Reta";"Sim";4;0;1;0;3;0;1;3;-22,674479;-43,2853649;"SPRF-RJ";"DEL01-RJ";"UOP02-DEL01-RJ"
665006;2025-03-03;"segunda-feira";"16:06:00";"MG";40;617,6;"CONGONHAS";"Velocidade Incompatível";"Saída de leito carroçável";"Com Vítimas Feridas";"Pleno dia";"Decrescente";"Céu Claro";"Simples";"Reta";"Sim";1;0;1;0;0;0;1;1;-20,4768201;-43,8424409;"SPRF-MG";"DEL05-MG";"UOP02-DEL05-MG"
665007;2025-03-03;"segunda-feira";"18:10:00";"RS";116;222;"DOIS IRMAOS";"Acessar a via sem observar a presença dos outros veículos";"Colisão transversal";"Com Vítimas Feridas";"Pleno dia";"Crescente";"Céu Claro";"Simples";"Rotatória;Declive";"Sim";2;0;1;0;1;0;1;2;-29,58214397;-51,09670401;"SPRF-RS";"DEL01-RS";"UOP02-DEL01-RS"
665008;2025-03-03;"segunda-feira";"16:15:00";"AC";364;149,7;"RIO BRANCO";"Desrespeitar a preferência no cruzamento";"Colisão transversal";"Com Vítimas Feridas";"Pleno dia";"Decrescente";"Céu Claro";"Simples";"Rotatória";"Não";2;0;2;0;0;0;2;2;-9,87129444;-67,91063243;"SPRF-AC";"DEL01-AC";"UOP01-DEL01-AC"
665011;2025-03-03;"segunda-feira";"18:20:00";"PB";230;300;"SANTA LUZIA";"Animais na Pista";"Atropelamento de Animal";"Com Vítimas Feridas";"Plena Noite";"Decrescente";"Céu Claro";"Simples";"Reta";"Não";1;0;1;0;0;0;1;1;-6,90942;-37,007325;"SPRF-PB";"DEL03-PB";"UOP01-DEL03-PB"
665013;2025-03-03;"segunda-feira";"16:30:00";"MG";381;165,4;"GOVERNADOR VALADARES";"Acessar a via sem observar a presença dos outros veículos";"Colisão transversal";"Com Vítimas Feridas";"Pleno dia";"Crescente";"Chuva";"Simples";"Curva";"Não";5;0;3;1;1;0;4;2;-18,92333968;-42,03162879;"SPRF-MG";"DEL06-MG";"UOP01-DEL06-MG"
665014;2025-03-03;"segunda-feira";"16:00:00";"MT";70;514;"VARZEA GRANDE";"Reação tardia ou ineficiente do condutor";"Colisão traseira";"Com Vítimas Feridas";"Pleno dia";"Decrescente";"Chuva";"Simples";"Reta";"Sim";3;0;1;1;0;1;2;3;-15,706229;-56,135852;"SPRF-MT";"DEL01-MT";"UOP02-DEL01-MT"
665015;2025-03-03;"segunda-feira";"18:50:00";"SC";101;112;"ITAJAI";"Curva acentuada";"Tombamento";"Com Vítimas Feridas";"Plena Noite";"Crescente";"Céu Claro";"Dupla";"Curva";"Não";1;0;1;0;0;0;1;1;-26,84577338;-48,72050504;"SPRF-SC";"DEL04-SC";"UOP04-DEL04-SC"
665016;2025-03-03;"segunda-feira";"19:02:00";"RN";226;322,4;"MESSIAS TARGINO";"Curva acentuada";"Saída de leito carroçável";"Com Vítimas Feridas";"Plena Noite";"Crescente";"Nublado";"Simples";"Curva";"Sim";1;0;0;1;0;0;1;1;-6,07366676;-37,50771046;"SPRF-RN";"DEL04-RN";"UOP01-DEL04-RN"
665018;2025-03-03;"segunda-feira";"16:30:00";"PB";230;448;"APARECIDA";"Animais na Pista";"Atropelamento de Animal";"Com Vítimas Feridas";"Pleno dia";"Crescente";"Céu Claro";"Simples";"Curva";"Não";1;0;0;1;0;0;1;1;-6,783998;-38,094944;"SPRF-PB";"DEL03-PB";"UOP03-DEL03-PB"
665019;2025-03-03;"segunda-feira";"18:00:00";"BA";235;3;"PEDRO ALEXANDRE";"Transitar na contramão";"Colisão frontal";"Com Vítimas Feridas";"Pleno dia";"Crescente";"Céu Claro";"Simples";"Reta";"Não";4;0;0;4;0;0;4;3;-10,2871601;-37,7705972;"SPRF-SE";"DEL01-SE";"UOP02-DEL01-SE"
665020;2025-03-03;"segunda-feira";"19:00:00";"PE";232;8;"RECIFE";"Reação tardia ou ineficiente do condutor";"Colisão com objeto";"Com Vítimas Feridas";"Plena Noite";"Decrescente";"Céu Claro";"Dupla";"Reta";"Sim";2;0;2;0;0;0;2;1;-8,0758;-34,96976;"SPRF-PE";"DEL01-PE";"UOP01-DEL01-PE"
665022;2025-03-03;"segunda-feira";"18:40:00";"DF";60;6;"BRASILIA";"Ausência de reação do condutor";"Saída de leito carroçável";"Sem Vítimas";"Anoitecer";"Crescente";"Céu Claro";"Dupla";"Reta";"Sim";1;0;0;0;1;0;0;1;-15,896548;-48,108262;"SPRF-DF";"DEL03-DF";"UOP01-DEL03-DF"
665023;2025-03-03;"segunda-feira";"19:50:00";"RJ";101;329;"RIO DE JANEIRO";"Trafegar com motocicleta (ou similar) entre as faixas";"Colisão lateral mesmo sentido";"Com Vítimas Feridas";"Plena Noite";"Crescente";"Céu Claro";"Dupla";"Reta;Ponte";"Não";2;0;1;0;1;0;1;2;-22,86945146;-43,17633056;"SPRF-RJ";"DEL02-RJ";"UOP01-DEL02-RJ"
665024;2025-03-03;"segunda-feira";"19:18:00";"RJ";101;278;"TANGUA";"Ingestão de álcool pelo condutor";"Capotamento";"Com Vítimas Feridas";"Pleno dia";"Crescente";"Céu Claro";"Dupla";"Reta";"Sim";6;0;0;1;5;0;1;2;-22,73796393;-42,73871802;"SPRF-RJ";"DEL02-RJ";"UOP03-DEL02-RJ"
665027;2025-03-03;"segunda-feira";"20:25:00";"MG";40;421;"CURVELO";"Reação tardia ou ineficiente do condutor";"Queda de ocupante de veículo";"Com Vítimas Feridas";"Plena Noite";"Crescente";"Céu Claro";"Simples";"Reta";"Não";1;0;1;0;0;0;1;1;-19,1556293;-44,5329759;"SPRF-MG";"DEL02-MG";"UOP01-DEL02-MG"
665028;2025-03-03;"segunda-feira";"17:10:00";"MG";262;59;"MANHUACU";"Reação tardia ou ineficiente do condutor";"Saída de leito carroçável";"Com Vítimas Feridas";"Pleno dia";"Decrescente";"Chuva";"Simples";"Reta";"Não";1;0;1;0;0;0;1;1;-20,28377;-42,204162;"SPRF-MG";"DEL06-MG";"UOP03-DEL06-MG"
665030;2025-03-03;"segunda-feira";"21:30:00";"RN";405;73;"APODI";"Pedestre andava na pista";"Atropelamento de Pedestre";"Com Vítimas Feridas";"Plena Noite";"Crescente";"Garoa/Chuvisco";"Simples";"Reta;Declive";"Não";2;0;0;1;0;1;1;2;-5,631183;-37,800591;"SPRF-RN";"DEL04-RN";"UOP02-DEL04-RN"
665031;2025-03-03;"segunda-feira";"20:30:00";"PR";277;431,5;"VIRMOND";"Ausência de reação do condutor";"Saída de leito carroçável";"Com Vítimas Feridas";"Plena Noite";"Crescente";"Chuva";"Simples";"Curva";"Não";1;0;1;0;0;0;1;1;-25,376673;-52,213987;"SPRF-PR";"DEL04-PR";"UOP02-DEL04-PR"
665032;2025-03-03;"segunda-feira";"20:30:00";"RJ";40;21;"TRES RIOS";"Reação tardia ou ineficiente do condutor";"Saída de leito carroçável";"Com Vítimas Feridas";"Plena Noite";"Decrescente";"Céu Claro";"Dupla";"Retorno Regulamentado;Curva";"Não";5;0;4;0;1;0;4;1;-22,11775751;-43,15745115;"SPRF-RJ";"DEL05-RJ";"UOP02-DEL05-RJ"
665033;2025-03-03;"segunda-feira";"19:40:00";"PA";155;312;"MARABA";"Ausência de reação do condutor";"Colisão lateral sentido oposto";"Sem Vítimas";"Plena Noite";"Decrescente";"Chuva";"Simples";"Reta";"Não";2;0;0;0;0;2;0;2;-5,5448386;-49,0753019;"SPRF-PA";"DEL03-PA";"UOP01-DEL03-PA"
665034;2025-03-03;"segunda-feira";"21:30:00";"RS";116;332,2;"MARIANA PIMENTEL";"Ausência de reação do condutor";"Saída de leito carroçável";"Sem Vítimas";"Plena Noite";"Decrescente";"Céu Claro";"Dupla";"Curva";"Não";1;0;0;0;0;1;0;1;-30,374157;-51,4324346;"SPRF-RS";"DEL02-RS";"UOP02-DEL02-RS"
665035;2025-03-03;"segunda-feira";"20:00:00";"MT";163;833;"SINOP";"Chuva";"Queda de ocupante de veículo";"Com Vítimas Feridas";"Plena Noite";"Crescente";"Chuva";"Dupla";"Reta;Interseção de Vias";"Sim";1;0;1;0;0;0;1;1;-11,87593627;-55,49896538;"SPRF-MT";"DEL06-MT";"UOP02-DEL06-MT"
665038;2025-03-03;"segunda-feira";"22:10:00";"GO";40;0;"VALPARAISO DE GOIAS";"Ingestão de álcool pelo condutor";"Colisão traseira";"Com Vítimas Feridas";"Plena Noite";"Decrescente";"Céu Claro";"Dupla";"Reta";"Sim";3;0;1;0;1;1;1;2;-16,05930174;-47,98273802;"SPRF-DF";"DEL01-DF";"UOP01-DEL01-DF"
665039;2025-03-03;"segunda-feira";"22:20:00";"RJ";101;303;"SAO GONCALO";"Ingestão de álcool pelo condutor";"Capotamento";"Sem Vítimas";"Plena Noite";"Crescente";"Céu Claro";"Dupla";"Reta";"Sim";3;0;0;0;3;0;0;2;-22,7828;-42,977;"SPRF-RJ";"DEL02-RJ";"UOP02-DEL02-RJ"
665040;2025-03-03;"segunda-feira";"18:50:00";"MG";116;459,4;"ENGENHEIRO CALDAS";"Acessar a via sem observar a presença dos outros veículos";"Colisão frontal";"Com Vítimas Feridas";"Plena Noite";"Decrescente";"Chuva";"Simples";"Reta";"Não";4;0;4;0;0;0;4;2;-19,230708;-42,057781;"SPRF-MG";"DEL06-MG";"UOP02-DEL06-MG"
665042;2025-03-03;"segunda-feira";"20:30:00";"MT";70;755;"CACERES";"Animais na Pista";"Colisão com objeto";"Com Vítimas Feridas";"Plena Noite";"Decrescente";"Garoa/Chuvisco";"Simples";"Reta";"Não";1;0;0;1;0;0;1;1;-16,04201902;-57,75898933;"SPRF-MT";"DEL03-MT";"UOP01-DEL03-MT"
665043;2025-03-03;"segunda-feira";"23:00:00";"PB";230;331;"PATOS";"Ingestão de álcool pelo condutor";"Saída de leito carroçável";"Com Vítimas Feridas";"Plena Noite";"Decrescente";"Céu Claro";"Simples";"Aclive;Curva";"Não";1;0;1;0;0;0;1;1;-7,018178;-37,226487;"SPRF-PB";"DEL03-PB";"UOP01-DEL03-PB"
665044;2025-03-03;"segunda-feira";"22:20:00";"PB";230;156;"CAMPINA GRANDE";"Acessar a via sem observar a presença dos outros veículos";"Colisão traseira";"Com Vítimas Feridas";"Plena Noite";"Crescente";"Céu Claro";"Simples";"Reta";"Sim";2;0;2;0;0;0;2;2;-7,272037;-35,910637;"SPRF-PB";"DEL02-PB";"UOP01-DEL02-PB"
665045;2025-03-03;"segunda-feira";"23:00:00";"SP";116;227;"GUARULHOS";"Ausência de sinalização";"Colisão com objeto";"Com Vítimas Feridas";"Plena Noite";"Decrescente";"Céu Claro";"Múltipla";"Em Obras;Reta";"Sim";1;0;1;0;0;0;1;1;-23,50016733;-46,56179667;"SPRF-SP";"DEL01-SP";"UOP01-DEL01-SP"
665046;2025-03-03;"segunda-feira";"22:00:00";"GO";60;74;"ANAPOLIS";"Reação tardia ou ineficiente do condutor";"Saída de leito carroçável";"Com Vítimas Feridas";"Plena Noite";"Crescente";"Céu Claro";"Dupla";"Curva;Aclive";"Sim";2;0;1;0;0;1;1;2;-16,27619921;-48,77953291;"SPRF-GO";"DEL02-GO";"UOP01-DEL02-GO"
665048;2025-03-03;"segunda-feira";"22:20:00";"MG";381;219,2;"BELO ORIENTE";"Velocidade Incompatível";"Saída de leito carroçável";"Com Vítimas Fatais";"Plena Noite";"Decrescente";"Chuva";"Simples";"Curva";"Não";2;1;1;0;0;0;1;1;-19,2508595;-42,3369386;"SPRF-MG";"DEL06-MG";"UOP01-DEL06-MG"
665049;2025-03-03;"segunda-feira";"20:30:00";"RS";290;92;"PORTO ALEGRE";"Pedestre andava na pista";"Atropelamento de Pedestre";"Com Vítimas Fatais";"Plena Noite";"Crescente";"Céu Claro";"Dupla";"Declive;Reta";"Sim";5;1;1;0;3;0;1;2;-29,969873;-51,17978096;"SPRF-RS";"DEL01-RS";"UOP01-DEL01-RS"
665050;2025-03-03;"segunda-feira";"22:25:00";"SC";101;289,9;"IMBITUBA";"Ingestão de álcool pelo condutor";"Saída de leito carroçável";"Com Vítimas Feridas";"Plena Noite";"Crescente";"Céu Claro";"Dupla";"Reta;Aclive";"Sim";2;0;1;0;1;0;1;1;-28,2815;-48,700386;"SPRF-SC";"DEL02-SC";"UOP03-DEL02-SC"
665052;2025-03-03;"segunda-feira";"22:20:00";"MS";376;121;"IVINHEMA";"Condutor deixou de manter distância do veículo da frente";"Colisão traseira";"Com Vítimas Feridas";"Plena Noite";"Decrescente";"Ignorado";"Simples";"Declive";"Não";2;0;1;1;0;0;2;2;-22,326375;-53,791193;"SPRF-MS";"DEL04-MS";"UOP04-DEL04-MS"
665053;2025-03-03;"segunda-feira";"23:28:00";"SC";282;113;"ALFREDO WAGNER";"Velocidade Incompatível";"Queda de ocupante de veículo";"Com Vítimas Feridas";"Plena Noite";"Decrescente";"Céu Claro";"Simples";"Curva";"Não";2;0;2;0;0;0;2;1;-27,75133056;-49,3906045;"SPRF-SC";"DEL01-SC";"UOP03-DEL01-SC"
665054;2025-03-04;"terça-feira";"00:05:00";"SE";235;4,1;"NOSSA SENHORA DO SOCORRO";"Ausência de reação do condutor";"Colisão traseira";"Sem Vítimas";"Plena Noite";"Decrescente";"Céu Claro";"Dupla";"Reta";"Sim";2;0;0;0;1;1;0;2;-10,90634389;-37,11377978;"SPRF-SE";"DEL01-SE";"UOP01-DEL01-SE"
665055;2025-03-03;"segunda-feira";"23:15:00";"RJ";493;93;"JAPERI";"Ausência de reação do condutor";"Saída de leito carroçável";"Com Vítimas Feridas";"Plena Noite";"Crescente";"Céu Claro";"Dupla";"Reta";"Não";2;0;2;0;0;0;2;1;-22,6656256;-43,630592;"SPRF-RJ";"DEL01-RJ";"UOP03-DEL01-RJ"
665056;2025-03-03;"segunda-feira";"23:40:00";"MS";163;734;"COXIM";"Ausência de reação do condutor";"Colisão com objeto";"Com Vítimas Feridas";"Plena Noite";"Decrescente";"Nublado";"Simples";"Reta";"Não";2;0;1;0;1;0;1;1;-18,46615079;-54,7146982;"SPRF-MS";"DEL06-MS";"UOP01-DEL06-MS"
665057;2025-03-04;"terça-feira";"00:50:00";"PR";376;0,3;"SAO JOSE DOS PINHAIS";"Velocidade Incompatível";"Saída de leito carroçável";"Com Vítimas Feridas";"Plena Noite";"Crescente";"Céu Claro";"Simples";"Interseção de Vias;Viaduto";"Não";2;0;1;0;1;0;1;1;-25,56677186;-49,18287277;"SPRF-PR";"DEL01-PR";"UOP04-DEL01-PR"
665059;2025-03-04;"terça-feira";"01:30:00";"SP";101;52;"UBATUBA";"Ausência de reação do condutor";"Saída de leito carroçável";"Sem Vítimas";"Plena Noite";"Crescente";"Céu Claro";"Simples";"Rotatória";"Sim";1;0;0;0;1;0;0;1;-23,46321888;-45,06431517;"SPRF-SP";"DEL06-SP";"UOP01-DEL06-SP"
665060;2025-03-04;"terça-feira";"00:30:00";"MG";40;693,7;"ALFREDO VASCONCELOS";"Animais na Pista";"Atropelamento de Animal";"Com Vítimas Feridas";"Plena Noite";"Decrescente";"Céu Claro";"Simples";"Curva";"Não";2;0;2;0;0;0;2;1;-21,15088386;-43,76262302;"SPRF-MG";"DEL05-MG";"UOP02-DEL05-MG"
665062;2025-03-04;"terça-feira";"03:20:00";"MG";381;661,6;"SANTO ANTONIO DO AMPARO";"Reação tardia ou ineficiente do condutor";"Colisão com objeto";"Com Vítimas Feridas";"Plena Noite";"Decrescente";"Nublado";"Dupla";"Reta";"Não";4;0;1;0;3;0;1;1;-21,01905;-44,99004;"SPRF-MG";"DEL04-MG";"UOP02-DEL04-MG"
665063;2025-03-04;"terça-feira";"03:10:00";"GO";153;498;"GOIANIA";"Ingestão de álcool pelo condutor";"Colisão traseira";"Sem Vítimas";"Plena Noite";"Decrescente";"Céu Claro";"Dupla";"Reta";"Sim";2;0;0;0;2;0;0;2;-16,5821;-49,1655;"SPRF-GO";"DEL01-GO";"UOP01-DEL01-GO"
665066;2025-03-04;"terça-feira";"04:30:00";"MG";381;686;"LAVRAS";"Reação tardia ou ineficiente do condutor";"Colisão com objeto";"Sem Vítimas";"Amanhecer";"Decrescente";"Céu Claro";"Dupla";"Curva";"Não";1;0;0;0;1;0;0;1;-21,1782688;-45,1230778;"SPRF-MG";"DEL04-MG";"UOP02-DEL04-MG"
665067;2025-03-04;"terça-feira";"04:45:00";"PR";476;175;"CONTENDA";"Reação tardia ou ineficiente do condutor";"Saída de leito carroçável";"Com Vítimas Feridas";"Amanhecer";"Crescente";"Céu Claro";"Simples";"Reta";"Não";1;0;1;0;0;0;1;1;-25,69417487;-49,55284059;"SPRF-PR";"DEL01-PR";"UOP06-DEL01-PR"
665068;2025-03-04;"terça-feira";"05:20:00";"GO";153;95;"ANAPOLIS";"Ingestão de álcool pelo condutor";"Saída de leito carroçável";"Com Vítimas Feridas";"Plena Noite";"Crescente";"Céu Claro";"Dupla";"Retorno Regulamentado";"Sim";2;0;1;0;1;0;1;1;-16,36563222;-48,93692005;"SPRF-GO";"DEL07-GO";"UOP01-DEL07-GO"
665069;2025-03-04;"terça-feira";"04:40:00";"PR";153;34,3;"SANTO ANTONIO DA PLATINA";"Condutor Dormindo";"Saída de leito carroçável";"Com Vítimas Feridas";"Amanhecer";"Crescente";"Céu Claro";"Simples";"Reta;Aclive";"Não";2;0;1;0;1;0;1;1;-23,24668729;-50,04184484;"SPRF-PR";"DEL07-PR";"UOP04-DEL07-PR"
665071;2025-03-04;"terça-feira";"06:13:00";"PE";101;47;"ITAPISSUMA";"Manobra de mudança de faixa";"Colisão traseira";"Com Vítimas Feridas";"Pleno dia";"Crescente";"Céu Claro";"Simples";"Reta";"Não";2;0;0;1;1;0;1;2;-7,7299712;-34,9405184;"SPRF-PE";"DEL01-PE";"UOP02-DEL01-PE"
665072;2025-03-04;"terça-feira";"06:00:00";"SP";381;70;"MAIRIPORA";"Reação tardia ou ineficiente do condutor";"Colisão com objeto";"Sem Vítimas";"Plena Noite";"Crescente";"Céu Claro";"Múltipla";"Aclive;Reta";"Não";1;0;0;0;0;1;0;1;-23,3494293;-46,55638678;"SPRF-SP";"DEL03-SP";"UOP01-DEL03-SP"