"id";"data_inversa";"dia_semana";"horario";"uf";"br";"km";"municipio";"causa_acidente";"tipo_acidente";"classificacao_acidente";"fase_dia";"sentido_via";"condicao_metereologica";"tipo_pista";"tracado_via";"uso_solo";"pessoas";"mortos";"feridos_leves";"feridos_graves";"ilesos";"ignorados";"feridos";"veiculos";"latitude";"longitude";"regional";"delegacia";"uop"
665169;2025-03-04;"terça-feira";"17:35:00";"PB";230;68;"SOBRADO";"Condutor deixou de manter distância do veículo da frente";"Colisão traseira";"Sem Vítimas";"Anoitecer";"Crescente";"Céu Claro";"Dupla";"Reta";"Não";3;0;0;0;3;0;0;3;-7,191019;-35,220661;"SPRF-PB";"DEL01-PB";"UOP02-DEL01-PB"
665170;2025-03-04;"terça-feira";"17:10:00";"RJ";40;72;"PETROPOLIS";"Acumulo de óleo sobre o pavimento";"Queda de ocupante de veículo";"Com Vítimas Feridas";"Pleno dia";"Decrescente";"Céu Claro";"Simples";"Curva";"Não";2;0;2;0;0;0;2;1;-22,51184279;-43,23039383;"SPRF-RJ";"DEL01-RJ";"UOP01-DEL01-RJ"
665172;2025-03-04;"terça-feira";"17:35:00";"MG";40;507,9;"RIBEIRAO DAS NEVES";"Reação tardia ou ineficiente do condutor";"Colisão traseira";"Com Vítimas Feridas";"Anoitecer";"Crescente";"Céu Claro";"Dupla";"Interseção de Vias;Reta";"Sim";3;0;2;0;1;0;2;2;-19,759553;-44,136295;"SPRF-MG";"DEL02-MG";"UOP01-DEL02-MG"
665173;2025-03-04;"terça-feira";"17:40:00";"SP";101;47;"UBATUBA";"Ausência de reação do condutor";"Colisão traseira";"Com Vítimas Feridas";"Pleno dia";"Crescente";"Céu Claro";"Simples";"Reta";"Sim";2;0;1;0;1;0;1;2;-23,4323492;-45,0843208;"SPRF-SP";"DEL06-SP";"UOP01-DEL06-SP"
665174;2025-03-04;"terça-feira";"15:45:00";"MT";70;233;"POXOREO";"Ultrapassagem Indevida";"Colisão frontal";"Com Vítimas Feridas";"Pleno dia";"Decrescente";"Garoa/Chuvisco";"Simples";"Reta";"Não";5;0;3;2;0;0;5;2;-15,635463;-53,952705;"SPRF-MT";"DEL05-MT";"UOP01-DEL05-MT"
665175;2025-03-04;"terça-feira";"16:15:00";"MS";158;311;"TRES LAGOAS";"Ausência de reação do condutor";"Colisão traseira";"Com Vítimas Feridas";"Pleno dia";"Decrescente";"Céu Claro";"Simples";"Reta";"Não";2;0;2;0;0;0;2;2;-21,15094025;-51,96207047;"SPRF-MS";"DEL07-MS";"UOP01-DEL07-MS"
665176;2025-03-04;"terça-feira";"17:20:00";"MA";135;1;"SAO LUIS";"Ausência de reação do condutor";"Colisão traseira";"Com Vítimas Feridas";"Pleno dia";"Crescente";"Céu Claro";"Dupla";"Reta";"Não";4;0;4;0;0;0;4;2;-2,594;-44,245;"SPRF-MA";"DEL01-MA";"UOP01-DEL01-MA"
665177;2025-03-04;"terça-feira";"17:20:00";"MG";50;108,3;"UBERABA";"Ausência de reação do condutor";"Saída de leito carroçável";"Com Vítimas Feridas";"Pleno dia";"Crescente";"Céu Claro";"Dupla";"Reta";"Sim";2;0;2;0;0;0;2;1;-19,7196363;-47,9911304;"SPRF-MG";"DEL13-MG";"UOP01-DEL13-MG"
665178;2025-03-04;"terça-feira";"17:15:00";"SP";116;103,9;"TAUBATE";"Avarias e/ou desgaste excessivo no pneu";"Queda de ocupante de veículo";"Com Vítimas Feridas";"Pleno dia";"Decrescente";"Céu Claro";"Dupla";"Reta";"Não";2;0;2;0;0;0;2;1;-23,00815943;-45,51275253;"SPRF-SP";"DEL02-SP";"UOP02-DEL02-SP"
665179;2025-03-04;"terça-feira";"17:30:00";"MG";40;407,1;"CURVELO";"Transitar na contramão";"Colisão frontal";"Com Vítimas Feridas";"Pleno dia";"Crescente";"Céu Claro";"Simples";"Reta";"Não";6;0;0;5;1;0;5;2;-19,095165;-44,652837;"SPRF-MG";"DEL02-MG";"UOP01-DEL02-MG"
665180;2025-03-03;"segunda-feira";"21:57:00";"MT";70;635;"POCONE";"Reação tardia ou ineficiente do condutor";"Colisão com objeto";"Sem Vítimas";"Plena Noite";"Decrescente";"Céu Claro";"Simples";"Reta";"Não";2;0;0;0;2;0;0;1;-15,94269;-57,080026;"SPRF-MT";"DEL03-MT";"UOP02-DEL03-MT"
665181;2025-03-04;"terça-feira";"16:20:00";"SC";101;334;"TUBARAO";"Desrespeitar a preferência no cruzamento";"Colisão transversal";"Com Vítimas Feridas";"Pleno dia";"Decrescente";"Céu Claro";"Múltipla";"Interseção de Vias";"Não";3;0;1;0;2;0;1;2;-28,46971417;-49,01493967;"SPRF-SC";"DEL02-SC";"UOP01-DEL02-SC"
665182;2025-03-04;"terça-feira";"15:53:00";"GO";60;40;"ALEXANIA";"Manobra de mudança de faixa";"Colisão traseira";"Com Vítimas Feridas";"Pleno dia";"Crescente";"Céu Claro";"Dupla";"Reta";"Não";5;0;2;0;3;0;2;2;-16,110312;-48,567978;"SPRF-DF";"DEL03-DF";"UOP01-DEL03-DF"
665183;2025-03-04;"terça-feira";"19:20:00";"RJ";116;171;"RIO DE JANEIRO";"Ingestão de álcool pelo condutor";"Colisão traseira";"Com Vítimas Feridas";"Plena Noite";"Decrescente";"Céu Claro";"Dupla";"Reta";"Sim";3;0;2;0;1;0;2;2;-22,80710116;-43,34162235;"SPRF-RJ";"DEL06-RJ";"UOP01-DEL06-RJ"
665184;2025-03-04;"terça-feira";"18:15:00";"MG";381;504,5;"BETIM";"Manobra de mudança de faixa";"Colisão lateral mesmo sentido";"Com Vítimas Feridas";"Plena Noite";"Decrescente";"Céu Claro";"Dupla";"Declive;Reta";"Sim";3;0;1;0;2;0;1;2;-19,96825;-44,198708;"SPRF-MG";"DEL01-MG";"UOP03-DEL01-MG"
665186;2025-03-04;"terça-feira";"18:50:00";"PE";104;32;"CARUARU";"Pista esburacada";"Queda de ocupante de veículo";"Com Vítimas Feridas";"Plena Noite";"Crescente";"Céu Claro";"Dupla";"Aclive;Reta";"Não";2;0;2;0;0;0;2;1;-8,063703;-36,046901;"SPRF-PE";"DEL02-PE";"UOP01-DEL02-PE"
665187;2025-03-04;"terça-feira";"18:30:00";"RS";290;25,8;"SANTO ANTONIO DA PATRULHA";"Ausência de reação do condutor";"Queda de ocupante de veículo";"Com Vítimas Feridas";"Anoitecer";"Crescente";"Céu Claro";"Múltipla";"Reta";"Não";1;0;1;0;0;0;1;1;-29,87996194;-50,51073253;"SPRF-RS";"DEL03-RS";"UOP01-DEL03-RS"
665190;2025-03-04;"terça-feira";"19:00:00";"RJ";101;269;"RIO BONITO";"Trafegar com motocicleta (ou similar) entre as faixas";"Colisão lateral mesmo sentido";"Com Vítimas Feridas";"Plena Noite";"Crescente";"Céu Claro";"Dupla";"Reta";"Sim";4;0;1;0;3;0;1;2;-22,71792354;-42,63244629;"SPRF-RJ";"DEL02-RJ";"UOP03-DEL02-RJ"
665191;2025-03-04;"terça-feira";"16:45:00";"AM";174;945;"MANAUS";"Chuva";"Tombamento";"Com Vítimas Feridas";"Anoitecer";"Decrescente";"Chuva";"Simples";"Reta";"Não";2;0;2;0;0;0;2;1;-2,597734;-60,036091;"SPRF-AM";"DEL01-AM";"UOP01-DEL01-AM"
665192;2025-03-04;"terça-feira";"19:11:00";"PB";230;403,8;"POMBAL";"Condutor desrespeitou a iluminação vermelha do semáforo";"Colisão transversal";"Com Vítimas Feridas";"Plena Noite";"Crescente";"Nublado";"Simples";"Reta";"Sim";2;0;1;0;1;0;1;2;-6,77206954;-37,79790044;"SPRF-PB";"DEL03-PB";"UOP02-DEL03-PB"
665193;2025-03-04;"terça-feira";"15:20:00";"PI";316;315;"PICOS";"Animais na Pista";"Tombamento";"Com Vítimas Feridas";"Pleno dia";"Decrescente";"Céu Claro";"Dupla";"Reta;Declive";"Sim";1;0;0;1;0;0;1;1;-7,081303;-41,423393;"SPRF-PI";"DEL04-PI";"UOP01-DEL04-PI"
665194;2025-03-04;"terça-feira";"19:40:00";"PE";101;25,8;"IGARASSU";"Avarias e/ou desgaste excessivo no pneu";"Tombamento";"Com Vítimas Feridas";"Plena Noite";"Crescente";"Céu Claro";"Dupla";"Reta";"Não";1;0;1;0;0;0;1;1;-7,70716;-34,927712;"SPRF-PE";"DEL01-PE";"UOP02-DEL01-PE"
665195;2025-03-04;"terça-feira";"19:20:00";"SP";381;38;"ATIBAIA";"Reação tardia ou ineficiente do condutor";"Queda de ocupante de veículo";"Com Vítimas Feridas";"Plena Noite";"Crescente";"Céu Claro";"Simples";"Reta";"Sim";2;0;0;1;0;1;1;2;-23,111739;-46,571361;"SPRF-SP";"DEL03-SP";"UOP01-DEL03-SP"
665196;2025-03-04;"terça-feira";"19:10:00";"GO";20;13;"FORMOSA";"Condutor deixou de manter distância do veículo da frente";"Colisão traseira";"Sem Vítimas";"Plena Noite";"Decrescente";"Céu Claro";"Simples";"Reta";"Não";2;0;0;0;2;0;0;2;-15,53969902;-47,14096069;"SPRF-DF";"DEL02-DF";"UOP02-DEL02-DF"
665197;2025-03-04;"terça-feira";"19:00:00";"BA";242;770;"CATOLANDIA";"Ultrapassagem Indevida";"Colisão lateral sentido oposto";"Com Vítimas Feridas";"Plena Noite";"Crescente";"Céu Claro";"Simples";"Reta";"Não";8;0;4;0;4;0;4;2;-12,16318;-44,5842;"SPRF-BA";"DEL10-BA";"UOP01-DEL10-BA"
665198;2025-03-04;"terça-feira";"17:30:00";"PB";230;130,3;"CAMPINA GRANDE";"Ausência de reação do condutor";"Colisão traseira";"Com Vítimas Feridas";"Anoitecer";"Crescente";"Céu Claro";"Dupla";"Interseção de Vias;Em Obras;Viaduto;Reta";"Sim";2;0;1;0;0;1;1;2;-7,276343;-35,888662;"SPRF-PB";"DEL02-PB";"UOP01-DEL02-PB"
665199;2025-03-04;"terça-feira";"18:30:00";"RJ";101;272;"TANGUA";"Trafegar com motocicleta (ou similar) entre as faixas";"Colisão lateral mesmo sentido";"Com Vítimas Feridas";"Plena Noite";"Crescente";"Céu Claro";"Dupla";"Reta;Declive";"Não";3;0;2;0;0;1;2;2;-22,72896008;-42,70089479;"SPRF-RJ";"DEL02-RJ";"UOP03-DEL02-RJ"
665200;2025-03-04;"terça-feira";"20:10:00";"SC";101;193,6;"BIGUACU";"Suicídio (presumido)";"Atropelamento de Pedestre";"Com Vítimas Feridas";"Plena Noite";"Decrescente";"Céu Claro";"Múltipla";"Reta";"Sim";3;0;0;1;1;1;1;2;-27,50052191;-48,65462717;"SPRF-SC";"DEL01-SC";"UOP01-DEL01-SC"
665201;2025-03-04;"terça-feira";"19:20:00";"RJ";493;11;"GUAPIMIRIM";"Ausência de reação do condutor";"Colisão com objeto";"Sem Vítimas";"Plena Noite";"Crescente";"Céu Claro";"Simples";"Reta";"Não";1;0;0;0;1;0;0;1;-22,66660362;-43,00641251;"SPRF-RJ";"DEL04-RJ";"UOP02-DEL04-RJ"
665204;2025-03-04;"terça-feira";"17:00:00";"MS";163;281;"DOURADOS";"Ingestão de álcool pelo condutor";"Tombamento";"Com Vítimas Feridas";"Anoitecer";"Decrescente";"Céu Claro";"Simples";"Reta";"Não";1;0;1;0;0;0;1;1;-22,129976;-54,609137;"SPRF-MS";"DEL04-MS";"UOP01-DEL04-MS"
665205;2025-03-04;"terça-feira";"19:59:00";"SP";116;288;"ITAPECERICA DA SERRA";"Trafegar com motocicleta (ou similar) entre as faixas";"Colisão lateral mesmo sentido";"Com Vítimas Feridas";"Plena Noite";"Decrescente";"Céu Claro";"Dupla";"Reta";"Não";4;0;1;0;3;0;1;3;-23,64171587;-46,83664126;"SPRF-SP";"DEL04-SP";"UOP01-DEL04-SP"
665206;2025-03-04;"terça-feira";"19:30:00";"SC";470;223,7;"SAO CRISTOVAO DO SUL";"Transitar na contramão";"Colisão frontal";"Com Vítimas Feridas";"Anoitecer";"Crescente";"Céu Claro";"Simples";"Curva";"Não";2;0;1;0;1;0;1;2;-27,3269828;-50,3422511;"SPRF-SC";"DEL05-SC";"UOP03-DEL05-SC"
665207;2025-03-04;"terça-feira";"20:50:00";"SC";101;208,1;"SAO JOSE";"Acessar a via sem observar a presença dos outros veículos";"Colisão transversal";"Com Vítimas Feridas";"Plena Noite";"Decrescente";"Céu Claro";"Múltipla";"Reta;Declive";"Sim";2;0;1;0;1;0;1;2;-27,604557;-48,632911;"SPRF-SC";"DEL01-SC";"UOP01-DEL01-SC"
665208;2025-03-04;"terça-feira";"20:00:00";"RN";406;149,7;"CEARA-MIRIM";"Acessar a via sem observar a presença dos outros veículos";"Atropelamento de Pedestre";"Com Vítimas Fatais";"Plena Noite";"Decrescente";"Céu Claro";"Simples";"Reta";"Não";2;1;0;0;0;1;0;2;-5,649333;-35,435217;"SPRF-RN";"DEL02-RN";"UOP01-DEL02-RN"
665211;2025-03-04;"terça-feira";"18:20:00";"MA";402;1;"BACABEIRA";"Ausência de reação do condutor";"Atropelamento de Pedestre";"Com Vítimas Feridas";"Plena Noite";"Decrescente";"Nublado";"Simples";"Reta";"Sim";3;0;0;1;0;2;1;2;-2,969;-44,315;"SPRF-MA";"DEL01-MA";"UOP01-DEL01-MA"
665212;2025-03-04;"terça-feira";"19:22:00";"MT";364;388;"CUIABA";"Chuva";"Queda de ocupante de veículo";"Com Vítimas Feridas";"Pleno dia";"Decrescente";"Chuva";"Dupla";"Reta";"Não";1;0;1;0;0;0;1;1;-15,613952;-56,0955392;"SPRF-MT";"DEL01-MT";"UOP02-DEL01-MT"
665213;2025-03-04;"terça-feira";"21:30:00";"MG";381;456;"BELO HORIZONTE";"Retorno proibido";"Colisão transversal";"Com Vítimas Feridas";"Plena Noite";"Decrescente";"Nublado";"Simples";"Reta;Declive";"Não";4;0;1;1;2;0;2;2;-19,85862954;-43,91292495;"SPRF-MG";"DEL01-MG";"UOP01-DEL01-MG"
665214;2025-03-04;"terça-feira";"21:10:00";"PE";101;43;"IGARASSU";"Entrada inopinada do pedestre";"Atropelamento de Pedestre";"Com Vítimas Feridas";"Plena Noite";"Decrescente";"Céu Claro";"Múltipla";"Reta";"Sim";2;0;0;1;1;0;1;2;-7,8474487;-34,9096123;"SPRF-PE";"DEL01-PE";"UOP02-DEL01-PE"
665217;2025-03-04;"terça-feira";"19:25:00";"RO";364;363,8;"OURO PRETO DO OESTE";"Animais na Pista";"Atropelamento de Animal";"Com Vítimas Feridas";"Plena Noite";"Decrescente";"Céu Claro";"Simples";"Reta";"Não";1;0;1;0;0;0;1;1;-10,772674;-62,0965566;"SPRF-RO";"DEL02-RO";"UOP01-DEL02-RO"
665219;2025-03-04;"terça-feira";"20:10:00";"PR";476;180;"CONTENDA";"Velocidade Incompatível";"Tombamento";"Com Vítimas Feridas";"Plena Noite";"Crescente";"Nublado";"Simples";"Curva";"Sim";1;0;1;0;0;0;1;1;-25,70709323;-49,59819943;"SPRF-PR";"DEL01-PR";"UOP06-DEL01-PR"
665221;2025-03-04;"terça-feira";"22:05:00";"PE";101;74;"RECIFE";"Ingestão de substâncias psicoativas pelo condutor";"Saída de leito carroçável";"Com Vítimas Feridas";"Plena Noite";"Decrescente";"Céu Claro";"Dupla";"Reta";"Sim";1;0;1;0;0;0;1;1;-8,109166;-34,946765;"SPRF-PE";"DEL01-PE";"UOP01-DEL01-PE"
665224;2025-03-04;"terça-feira";"20:09:00";"RO";319;59;"PORTO VELHO";"Ausência de reação do condutor";"Saída de leito carroçável";"Com Vítimas Feridas";"Plena Noite";"Crescente";"Nublado";"Dupla";"Reta";"Não";1;0;1;0;0;0;1;1;-8,7430385;-63,9088872;"SPRF-RO";"DEL01-RO";"UOP01-DEL01-RO"
665225;2025-03-04;"terça-feira";"20:50:00";"RO";319;64;"PORTO VELHO";"Condutor desrespeitou a iluminação vermelha do semáforo";"Colisão transversal";"Com Vítimas Feridas";"Plena Noite";"Decrescente";"Céu Claro";"Múltipla";"Reta;Interseção de Vias";"Sim";4;0;1;0;2;1;1;2;-8,76493663;-63,88450211;"SPRF-RO";"DEL01-RO";"UOP01-DEL01-RO"
665226;2025-03-04;"terça-feira";"22:10:00";"PE";116;20;"SALGUEIRO";"Animais na Pista";"Atropelamento de Animal";"Com Vítimas Feridas";"Plena Noite";"Crescente";"Nublado";"Simples";"Reta";"Não";1;0;0;1;0;0;1;1;-8,0733933;-39,1316636;"SPRF-PE";"DEL05-PE";"UOP01-DEL05-PE"
665227;2025-03-04;"terça-feira";"22:30:00";"SP";381;38;"ATIBAIA";"Mal súbito do condutor";"Colisão com objeto";"Com Vítimas Feridas";"Plena Noite";"Decrescente";"Céu Claro";"Múltipla";"Reta";"Sim";4;0;3;0;1;0;3;1;-23,11314;-46,57126;"SPRF-SP";"DEL03-SP";"UOP01-DEL03-SP"
665228;2025-03-04;"terça-feira";"20:10:00";"MG";116;620,9;"ORIZANIA";"Ausência de reação do condutor";"Tombamento";"Com Vítimas Feridas";"Plena Noite";"Decrescente";"Céu Claro";"Simples";"Reta";"Sim";1;0;1;0;0;0;1;1;-20,51407195;-42,19458288;"SPRF-MG";"DEL07-MG";"UOP02-DEL07-MG"
665229;2025-03-04;"terça-feira";"22:00:00";"GO";60;87;"ANAPOLIS";"Mal súbito do condutor";"Saída de leito carroçável";"Com Vítimas Feridas";"Plena Noite";"Crescente";"Ignorado";"Dupla";"Reta";"Não";1;0;1;0;0;0;1;1;-16,324352;-48,878795;"SPRF-GO";"DEL02-GO";"UOP01-DEL02-GO"
665230;2025-03-04;"terça-feira";"23:30:00";"RN";304;102;"ITAU";"Velocidade Incompatível";"Colisão com objeto";"Sem Vítimas";"Plena Noite";"Decrescente";"Céu Claro";"Simples";"Reta";"Sim";1;0;0;0;0;1;0;1;-5,8027129;-37,93555498;"SPRF-RN";"DEL04-RN";"UOP01-DEL04-RN"
665232;2025-03-04;"terça-feira";"20:10:00";"RJ";116;141;"DUQUE DE CAXIAS";"Ausência de reação do condutor";"Colisão traseira";"Sem Vítimas";"Plena Noite";"Decrescente";"Nublado";"Dupla";"Reta";"Sim";2;0;0;0;2;0;0;2;-22,64761484;-43,22564445;"SPRF-RJ";"DEL01-RJ";"UOP02-DEL01-RJ"
665233;2025-03-04;"terça-feira";"23:23:00";"PB";230;58;"CRUZ DO ESPIRITO SANTO";"Transtornos Mentais (exceto suicidio)";"Queda de ocupante de veículo";"Com Vítimas Feridas";"Plena Noite";"Decrescente";"Céu Claro";"Dupla";"Declive;Ponte";"Não";2;0;2;0;0;0;2;1;-7,20383934;-35,12264633;"SPRF-PB";"DEL01-PB";"UOP02-DEL01-PB"
665235;2025-03-05;"quarta-feira";"00:10:00";"RJ";101;86;"CAMPOS DOS GOYTACAZES";"Acostamento em desnível";"Queda de ocupante de veículo";"Com Vítimas Feridas";"Plena Noite";"Decrescente";"Céu Claro";"Dupla";"Curva";"Não";1;0;1;0;0;0;1;1;-21,8254958;-41,4915144;"SPRF-RJ";"DEL08-RJ";"UOP02-DEL08-RJ"
665236;2025-03-05;"quarta-feira";"00:02:00";"PR";116;17;"COLOMBO";"Acessar a via sem observar a presença dos outros veículos";"Colisão traseira";"Com Vítimas Feridas";"Plena Noite";"Decrescente";"Nublado";"Dupla";"Interseção de Vias;Declive;Reta";"Sim";3;0;3;0;0;0;3;2;-25,3893324;-49,19166505;"SPRF-PR";"DEL01-PR";"UOP02-DEL01-PR"
665237;2025-03-05;"quarta-feira";"00:50:00";"MG";262;483;"BETIM";"Reação tardia ou ineficiente do condutor";"Colisão com objeto";"Com Vítimas Feridas";"Plena Noite";"Crescente";"Céu Claro";"Múltipla";"Declive;Curva";"Sim";1;0;1;0;0;0;1;1;-19,958247;-44,080504;"SPRF-MG";"DEL08-MG";"UOP03-DEL08-MG"
665238;2025-03-05;"quarta-feira";"00:41:00";"GO";364;159;"JATAI";"Transitar na contramão";"Colisão frontal";"Com Vítimas Feridas";"Plena Noite";"Decrescente";"Céu Claro";"Simples";"Reta;Aclive";"Não";2;0;1;1;0;0;2;2;-18,07789182;-51,51361082;"SPRF-GO";"DEL05-GO";"UOP01-DEL05-GO"
665239;2025-03-05;"quarta-feira";"01:50:00";"RS";290;86;"PORTO ALEGRE";"Velocidade Incompatível";"Saída de leito carroçável";"Com Vítimas Feridas";"Plena Noite";"Decrescente";"Céu Claro";"Simples";"Curva";"Sim";1;0;1;0;0;0;1;1;-29,9729063;-51,115222;"SPRF-RS";"DEL01-RS";"UOP01-DEL01-RS"
665240;2025-03-05;"quarta-feira";"00:29:00";"RJ";485;3;"ITATIAIA";"Acesso irregular";"Colisão transversal";"Sem Vítimas";"Plena Noite";"Decrescente";"Nublado";"Simples";"Interseção de Vias";"Sim";2;0;0;0;2;0;0;2;-22,4894895;-44,5669796;"SPRF-RJ";"DEL07-RJ";"UOP02-DEL07-RJ"
665242;2025-03-05;"quarta-feira";"02:00:00";"RJ";101;408;"ITAGUAI";"Condutor Dormindo";"Colisão traseira";"Sem Vítimas";"Plena Noite";"Crescente";"Céu Claro";"Dupla";"Reta";"Não";3;0;0;0;3;0;0;2;-22,8524032;-43,761664;"SPRF-RJ";"DEL03-RJ";"UOP01-DEL03-RJ"
665243;2025-03-05;"quarta-feira";"01:00:00";"MG";365;804;"GURINHATA";"Condutor Dormindo";"Colisão frontal";"Com Vítimas Feridas";"Plena Noite";"Crescente";"Céu Claro";"Simples";"Reta";"Não";2;0;2;0;0;0;2;1;-18,897861;-49,948988;"SPRF-MG";"DEL15-MG";"UOP03-DEL15-MG"
665245;2025-03-05;"quarta-feira";"01:20:00";"RN";427;97,3;"CAICO";"Velocidade Incompatível";"Colisão com objeto";"Com Vítimas Fatais";"Plena Noite";"Decrescente";"Céu Claro";"Simples";"Rotatória";"Não";1;1;0;0;0;0;0;1;-6,45609968;-37,05515027;"SPRF-RN";"DEL03-RN";"UOP01-DEL03-RN"
665246;2025-03-05;"quarta-feira";"02:20:00";"MT";364;213;"RONDONOPOLIS";"Condutor Dormindo";"Saída de leito carroçável";"Com Vítimas Feridas";"Plena Noite";"Decrescente";"Nublado";"Dupla";"Curva";"Não";1;0;0;1;0;0;1;1;-16,40574667;-54,71592665;"SPRF-MT";"DEL02-MT";"UOP01-DEL02-MT"
665247;2025-03-05;"quarta-feira";"04:55:00";"RN";304;277,4;"MACAIBA";"Animais na Pista";"Atropelamento de Animal";"Com Vítimas Feridas";"Amanhecer";"Crescente";"Nublado";"Simples";"Reta";"Não";1;0;1;0;0;0;1;1;-5,884823;-35,513488;"SPRF-RN";"DEL01-RN";"UOP02-DEL01-RN"
665249;2025-03-05;"quarta-feira";"00:45:00";"RJ";101;326;"NITEROI";"Demais falhas mecânicas ou elétricas";"Incêndio";"Sem Vítimas";"Plena Noite";"Crescente";"Céu Claro";"Dupla";"Reta";"Sim";1;0;0;0;1;0;0;1;-22,87349715;-43,14812268;"SPRF-RJ";"DEL02-RJ";"UOP01-DEL02-RJ"
665250;2025-03-04;"terça-feira";"19:15:00";"CE";116;543,1;"PENAFORTE";"Reação tardia ou ineficiente do condutor";"Eventos atípicos";"Com Vítimas Feridas";"Plena Noite";"Decrescente";"Chuva";"Simples";"Reta";"Não";2;0;0;2;0;0;2;2;-7,81362;-39,08324;"SPRF-CE";"DEL05-CE";"UOP03-DEL05-CE"
665251;2025-03-05;"quarta-feira";"05:20:00";"SC";101;184,4;"BIGUACU";"Reação tardia ou ineficiente do condutor";"Tombamento";"Com Vítimas Feridas";"Pleno dia";"Decrescente";"Céu Claro";"Simples";"Reta";"Sim";1;0;1;0;0;0;1;1;-27,420455;-48,625485;"SPRF-SC";"DEL01-SC";"UOP01-DEL01-SC"
665253;2025-03-05;"quarta-feira";"05:20:00";"RJ";116;117;"DUQUE DE CAXIAS";"Manobra de mudança de faixa";"Colisão traseira";"Com Vítimas Feridas";"Amanhecer";"Decrescente";"Céu Claro";"Dupla";"Reta";"Sim";4;0;3;0;1;0;3;2;-22,74946631;-43,28749371;"SPRF-RJ";"DEL04-RJ";"UOP02-DEL04-RJ"
665255;2025-03-05;"quarta-feira";"06:40:00";"SP";116;157;"SAO JOSE DOS CAMPOS";"Manobra de mudança de faixa";"Colisão com objeto";"Sem Vítimas";"Pleno dia";"Crescente";"Céu Claro";"Múltipla";"Reta;Em Obras";"Sim";1;0;0;0;1;0;0;1;-23,254812;-45,942894;"SPRF-SP";"DEL02-SP";"UOP01-DEL02-SP"
665256;2025-03-05;"quarta-feira";"07:10:00";"PB";230;28;"JOAO PESSOA";"Acessar a via sem observar a presença dos outros veículos";"Tombamento";"Com Vítimas Feridas";"Pleno dia";"Crescente";"Céu Claro";"Simples";"Viaduto";"Sim";1;0;1;0;0;0;1;1;-7,16511523;-34,89493071;"SPRF-PB";"DEL01-PB";"UOP01-DEL01-PB"
665259;2025-03-05;"quarta-feira";"06:00:00";"BA";324;562;"SAO SEBASTIAO DO PASSE";"Reação tardia ou ineficiente do condutor";"Saída de leito carroçável";"Com Vítimas Feridas";"Pleno dia";"Decrescente";"Céu Claro";"Dupla";"Reta";"Não";1;0;1;0;0;0;1;1;-12,513544;-38,624456;"SPRF-BA";"DEL01-BA";"UOP01-DEL01-BA"
665261;2025-03-05;"quarta-feira";"07:30:00";"RJ";101;316;"SAO GONCALO";"Demais falhas mecânicas ou elétricas";"Queda de ocupante de veículo";"Com Vítimas Feridas";"Pleno dia";"Crescente";"Céu Claro";"Dupla";"Reta";"Sim";2;0;1;0;1;0;1;1;-22,79303943;-43,02474984;"SPRF-RJ";"DEL02-RJ";"UOP02-DEL02-RJ"
665263;2025-03-05;"quarta-feira";"05:45:00";"MG";262;103,5;"ABRE CAMPO";"Velocidade Incompatível";"Colisão traseira";"Com Vítimas Feridas";"Amanhecer";"Crescente";"Céu Claro";"Simples";"Reta";"Não";11;0;1;0;10;0;1;3;-20,28846029;-42,53965473;"SPRF-MG";"DEL03-MG";"UOP03-DEL03-MG"
665264;2025-03-05;"quarta-feira";"08:00:00";"ES";101;293;"CARIACICA";"Frear bruscamente";"Tombamento";"Com Vítimas Feridas";"Pleno dia";"Decrescente";"Céu Claro";"Dupla";"Aclive;Reta";"Sim";1;0;1;0;0;0;1;1;-20,31608634;-40,39554259;"SPRF-ES";"DEL01-ES";"UOP01-DEL01-ES"
665265;2025-03-05;"quarta-feira";"07:45:00";"SC";101;336;"TUBARAO";"Demais falhas mecânicas ou elétricas";"Queda de ocupante de veículo";"Com Vítimas Feridas";"Pleno dia";"Decrescente";"Céu Claro";"Múltipla";"Reta";"Sim";2;0;2;0;0;0;2;1;-28,47110573;-49,02125359;"SPRF-SC";"DEL02-SC";"UOP01-DEL02-SC"
665267;2025-03-05;"quarta-feira";"08:00:00";"MG";354;728,9;"POUSO ALTO";"Ausência de reação do condutor";"Colisão frontal";"Com Vítimas Feridas";"Pleno dia";"Crescente";"Céu Claro";"Simples";"Curva";"Não";3;0;1;0;2;0;1;2;-22,15171815;-44,96398687;"SPRF-MG";"DEL17-MG";"UOP01-DEL17-MG"
665268;2025-03-05;"quarta-feira";"08:00:00";"RJ";101;419;"MANGARATIBA";"Reação tardia ou ineficiente do condutor";"Colisão traseira";"Com Vítimas Feridas";"Pleno dia";"Decrescente";"Céu Claro";"Simples";"Aclive;Reta";"Sim";3;0;1;0;2;0;1;2;-22,919012;-43,921252;"SPRF-RJ";"DEL03-RJ";"UOP02-DEL03-RJ"
665270;2025-03-05;"quarta-feira";"05:00:00";"RO";364;743;"PORTO VELHO";"Reação tardia ou ineficiente do condutor";"Colisão traseira";"Com Vítimas Fatais";"Amanhecer";"Crescente";"Nublado";"Simples";"Reta";"Não";2;1;0;0;1;0;0;2;-9,002658;-64,00659;"SPRF-RO";"DEL01-RO";"UOP02-DEL01-RO"