"id";"data_inversa";"dia_semana";"horario";"uf";"br";"km";"municipio";"causa_acidente";"tipo_acidente";"classificacao_acidente";"fase_dia";"sentido_via";"condicao_metereologica";"tipo_pista";"tracado_via";"uso_solo";"pessoas";"mortos";"feridos_leves";"feridos_graves";"ilesos";"ignorados";"feridos";"veiculos";"latitude";"longitude";"regional";"delegacia";"uop"
665487;2025-02-26;"quarta-feira";"18:00:00";"RS";448;15;"CANOAS";"Demais falhas mecânicas ou elétricas";"Incêndio";"Sem Vítimas";"Anoitecer";"Decrescente";"Nublado";"Múltipla";"Reta";"Não";1;0;0;0;1;0;0;1;-29,93509563;-51,20948553;"SPRF-RS";"DEL01-RS";"UOP01-DEL01-RS"
665488;2025-03-06;"quinta-feira";"10:10:00";"GO";153;509;"APARECIDA DE GOIANIA";"Reação tardia ou ineficiente do condutor";"Queda de ocupante de veículo";"Com Vítimas Feridas";"Pleno dia";"Decrescente";"Céu Claro";"Múltipla";"Reta;Aclive";"Não";2;0;1;0;1;0;1;1;-16,77959;-49,236833;"SPRF-GO";"DEL01-GO";"UOP03-DEL01-GO"
665489;2025-03-06;"quinta-feira";"10:30:00";"PR";153;43;"SANTO ANTONIO DA PLATINA";"Desrespeitar a preferência no cruzamento";"Colisão transversal";"Com Vítimas Feridas";"Pleno dia";"Decrescente";"Céu Claro";"Simples";"Rotatória;Curva";"Sim";2;0;1;0;1;0;1;2;-23,309748;-50,070214;"SPRF-PR";"DEL07-PR";"UOP04-DEL07-PR"
665490;2025-03-06;"quinta-feira";"10:00:00";"PR";277;114,1;"CAMPO LARGO";"Reação tardia ou ineficiente do condutor";"Engavetamento";"Com Vítimas Feridas";"Pleno dia";"Decrescente";"Céu Claro";"Dupla";"Aclive;Reta";"Sim";7;0;2;0;5;0;2;3;-25,432056;-49,429806;"SPRF-PR";"DEL03-PR";"UOP03-DEL03-PR"
665496;2025-03-01;"sábado";"08:50:00";"PA";316;119;"SANTA MARIA DO PARA";"Acessar a via sem observar a presença dos outros veículos";"Colisão lateral mesmo sentido";"Com Vítimas Feridas";"Pleno dia";"Crescente";"Nublado";"Simples";"Reta;Aclive";"Não";2;0;1;0;1;0;1;2;-1,3117;-47,4387;"SPRF-PA";"DEL01-PA";"UOP02-DEL01-PA"
665497;2025-03-06;"quinta-feira";"11:20:00";"PE";101;72;"RECIFE";"Manobra de mudança de faixa";"Colisão transversal";"Com Vítimas Feridas";"Pleno dia";"Decrescente";"Sol";"Dupla";"Reta";"Sim";2;0;1;0;1;0;1;2;-8,085423;-34,945407;"SPRF-PE";"DEL01-PE";"UOP01-DEL01-PE"
665498;2025-01-22;"quarta-feira";"05:45:00";"PR";369;458,7;"CORBELIA";"Manobra de mudança de faixa";"Colisão frontal";"Com Vítimas Feridas";"Amanhecer";"Decrescente";"Céu Claro";"Simples";"Curva";"Não";8;0;0;3;5;0;3;4;-24,61612098;-53,20386887;"SPRF-PR";"DEL04-PR";"UOP03-DEL04-PR"
665499;2025-03-06;"quinta-feira";"12:09:00";"RN";101;120;"SAO JOSE DE MIPIBU";"Condutor deixou de manter distância do veículo da frente";"Colisão traseira";"Sem Vítimas";"Pleno dia";"Crescente";"Céu Claro";"Dupla";"Reta";"Sim";3;0;0;0;3;0;0;3;-6,03139;-35,249487;"SPRF-RN";"DEL01-RN";"UOP01-DEL01-RN"
665501;2025-03-06;"quinta-feira";"12:05:00";"RS";116;248;"SAO LEOPOLDO";"Acessar a via sem observar a presença dos outros veículos";"Colisão lateral mesmo sentido";"Com Vítimas Feridas";"Pleno dia";"Decrescente";"Céu Claro";"Simples";"Reta";"Sim";2;0;0;1;1;0;1;2;-29,77744978;-51,15538019;"SPRF-RS";"DEL01-RS";"UOP02-DEL01-RS"
665503;2025-03-06;"quinta-feira";"12:27:00";"ES";262;19;"VIANA";"Acesso irregular";"Colisão transversal";"Com Vítimas Feridas";"Pleno dia";"Crescente";"Céu Claro";"Simples";"Reta";"Sim";2;0;0;1;1;0;1;2;-20,39245272;-40,48893213;"SPRF-ES";"DEL01-ES";"UOP01-DEL01-ES"
665505;2025-03-06;"quinta-feira";"10:36:00";"RO";364;704;"PORTO VELHO";"Manobra de mudança de faixa";"Colisão lateral mesmo sentido";"Com Vítimas Feridas";"Pleno dia";"Decrescente";"Céu Claro";"Dupla";"Reta";"Não";2;0;0;1;0;1;1;2;-8,80085489;-63,78052711;"SPRF-RO";"DEL01-RO";"UOP01-DEL01-RO"
665507;2025-03-06;"quinta-feira";"12:40:00";"PR";376;460;"TIBAGI";"Acumulo de óleo sobre o pavimento";"Saída de leito carroçável";"Com Vítimas Feridas";"Pleno dia";"Crescente";"Sol";"Dupla";"Declive;Curva;Ponte";"Não";4;0;3;0;0;1;3;2;-24,94778966;-50,39494341;"SPRF-PR";"DEL03-PR";"UOP01-DEL03-PR"
665508;2025-03-06;"quinta-feira";"13:00:00";"RS";392;67;"PELOTAS";"Desrespeitar a preferência no cruzamento";"Colisão transversal";"Com Vítimas Feridas";"Pleno dia";"Crescente";"Céu Claro";"Simples";"Interseção de Vias";"Sim";2;0;1;0;1;0;1;2;-31,7554715;-52,3988463;"SPRF-RS";"DEL07-RS";"UOP01-DEL07-RS"
665509;2025-03-06;"quinta-feira";"09:30:00";"SC";116;6,8;"MAFRA";"Acessar a via sem observar a presença dos outros veículos";"Colisão transversal";"Sem Vítimas";"Pleno dia";"Decrescente";"Céu Claro";"Simples";"Reta";"Sim";3;0;0;0;3;0;0;2;-26,15323604;-49,83292099;"SPRF-SC";"DEL06-SC";"UOP01-DEL06-SC"
665510;2025-03-06;"quinta-feira";"12:40:00";"PE";407;122,8;"PETROLINA";"Retorno proibido";"Colisão transversal";"Com Vítimas Feridas";"Pleno dia";"Crescente";"Sol";"Dupla";"Reta;Em Obras";"Sim";3;0;1;1;1;0;2;2;-9,364128;-40,544426;"SPRF-PE";"DEL06-PE";"UOP01-DEL06-PE"
665511;2025-03-06;"quinta-feira";"13:15:00";"CE";222;2;"FORTALEZA";"Acessar a via sem observar a presença dos outros veículos";"Atropelamento de Pedestre";"Com Vítimas Feridas";"Pleno dia";"Decrescente";"Céu Claro";"Múltipla";"Reta";"Sim";2;0;2;0;0;0;2;2;-3,73975343;-38,59139156;"SPRF-CE";"DEL01-CE";"UOP01-DEL01-CE"
665512;2025-03-06;"quinta-feira";"12:30:00";"PR";376;489,7;"PONTA GROSSA";"Velocidade Incompatível";"Engavetamento";"Sem Vítimas";"Pleno dia";"Decrescente";"Céu Claro";"Dupla";"Aclive;Reta";"Não";4;0;0;0;4;0;0;3;-25,09801639;-50,19704819;"SPRF-PR";"DEL03-PR";"UOP04-DEL03-PR"
665513;2025-03-06;"quinta-feira";"11:20:00";"RJ";116;131;"MAGE";"Acumulo de óleo sobre o pavimento";"Queda de ocupante de veículo";"Com Vítimas Feridas";"Pleno dia";"Crescente";"Sol";"Dupla";"Curva";"Sim";2;0;1;0;1;0;1;1;-22,6623488;-43,0866432;"SPRF-RJ";"DEL04-RJ";"UOP02-DEL04-RJ"
665514;2025-03-06;"quinta-feira";"12:25:00";"SC";280;28,7;"ARAQUARI";"Reação tardia ou ineficiente do condutor";"Atropelamento de Pedestre";"Com Vítimas Feridas";"Pleno dia";"Crescente";"Céu Claro";"Simples";"Em Obras;Reta";"Sim";2;0;0;1;0;1;1;2;-26,408892;-48,750594;"SPRF-SC";"DEL03-SC";"UOP03-DEL03-SC"
665516;2025-02-22;"sábado";"13:50:00";"MG";267;137,9;"JUIZ DE FORA";"Demais falhas mecânicas ou elétricas";"Incêndio";"Sem Vítimas";"Pleno dia";"Crescente";"Céu Claro";"Simples";"Reta";"Não";1;0;0;0;1;0;0;1;-21,75366048;-43,58949065;"SPRF-MG";"DEL05-MG";"UOP01-DEL05-MG"
665519;2025-03-05;"quarta-feira";"00:06:00";"RO";174;15;"VILHENA";"Reação tardia ou ineficiente do condutor";"Saída de leito carroçável";"Sem Vítimas";"Plena Noite";"Crescente";"Nublado";"Simples";"Interseção de Vias;Reta";"Não";1;0;0;0;1;0;0;1;-12,7207998;-60,12756658;"SPRF-RO";"DEL04-RO";"UOP01-DEL04-RO"
665521;2025-03-06;"quinta-feira";"10:00:00";"RJ";40;109;"DUQUE DE CAXIAS";"Trafegar com motocicleta (ou similar) entre as faixas";"Colisão traseira";"Com Vítimas Feridas";"Pleno dia";"Crescente";"Céu Claro";"Múltipla";"Reta";"Sim";4;0;2;0;1;1;2;3;-22,681127;-43,285797;"SPRF-RJ";"DEL01-RJ";"UOP02-DEL01-RJ"
665522;2025-03-06;"quinta-feira";"14:00:00";"SC";101;168;"TIJUCAS";"Reação tardia ou ineficiente do condutor";"Tombamento";"Com Vítimas Feridas";"Pleno dia";"Crescente";"Céu Claro";"Dupla";"Retorno Regulamentado";"Sim";1;0;1;0;0;0;1;1;-27,27977681;-48,6313355;"SPRF-SC";"DEL04-SC";"UOP03-DEL04-SC"
665523;2025-01-10;"sexta-feira";"22:40:00";"PB";230;28;"JOAO PESSOA";"Ausência de reação do condutor";"Tombamento";"Com Vítimas Feridas";"Plena Noite";"Decrescente";"Céu Claro";"Múltipla";"Viaduto";"Sim";2;0;1;0;1;0;1;1;-7,1651;-34,8941;"SPRF-PB";"DEL01-PB";"UOP01-DEL01-PB"
665524;2025-03-06;"quinta-feira";"13:50:00";"BA";116;423;"FEIRA DE SANTANA";"Condutor deixou de manter distância do veículo da frente";"Colisão traseira";"Com Vítimas Feridas";"Pleno dia";"Decrescente";"Céu Claro";"Simples";"Reta";"Sim";3;0;2;0;1;0;2;2;-12,2351409;-38,9768026;"SPRF-BA";"DEL02-BA";"UOP01-DEL02-BA"
665526;2025-03-06;"quinta-feira";"13:00:00";"RJ";116;177;"MESQUITA";"Demais falhas mecânicas ou elétricas";"Queda de ocupante de veículo";"Com Vítimas Feridas";"Pleno dia";"Crescente";"Céu Claro";"Múltipla";"Reta";"Sim";2;0;1;0;1;0;1;1;-22,7696772;-43,41264725;"SPRF-RJ";"DEL06-RJ";"UOP01-DEL06-RJ"
665528;2025-03-06;"quinta-feira";"13:20:00";"MS";158;80,8;"PARANAIBA";"Ingestão de álcool pelo condutor";"Saída de leito carroçável";"Sem Vítimas";"Pleno dia";"Crescente";"Céu Claro";"Simples";"Reta";"Não";1;0;0;0;1;0;0;1;-19,45799886;-51,33996964;"SPRF-MS";"DEL08-MS";"UOP01-DEL08-MS"
665530;2025-03-06;"quinta-feira";"14:40:00";"PE";423;91,9;"GARANHUNS";"Acessar a via sem observar a presença dos outros veículos";"Colisão transversal";"Com Vítimas Feridas";"Pleno dia";"Decrescente";"Céu Claro";"Simples";"Reta";"Sim";3;0;2;0;1;0;2;2;-8,8616;-36,464015;"SPRF-PE";"DEL03-PE";"UOP01-DEL03-PE"
665531;2025-03-06;"quinta-feira";"13:20:00";"MA";230;0;"BARAO DE GRAJAU";"Reação tardia ou ineficiente do condutor";"Tombamento";"Com Vítimas Feridas";"Pleno dia";"Crescente";"Sol";"Simples";"Reta;Ponte";"Sim";1;0;1;0;0;0;1;1;-6,75900842;-43,01185741;"SPRF-PI";"DEL03-PI";"UOP01-DEL03-PI"
665532;2025-03-06;"quinta-feira";"14:20:00";"PR";376;199;"MARIALVA";"Trafegar com motocicleta (ou similar) entre as faixas";"Colisão lateral mesmo sentido";"Com Vítimas Feridas";"Pleno dia";"Decrescente";"Sol";"Dupla";"Reta;Aclive";"Não";2;0;1;0;0;1;1;2;-23,50557681;-51,74079157;"SPRF-PR";"DEL09-PR";"UOP01-DEL09-PR"
665535;2025-03-06;"quinta-feira";"13:40:00";"RS";468;50,9;"CORONEL BICACO";"Ausência de reação do condutor";"Colisão lateral mesmo sentido";"Com Vítimas Feridas";"Pleno dia";"Crescente";"Céu Claro";"Simples";"Rotatória";"Não";4;0;1;0;3;0;1;2;-27,75421352;-53,71114433;"SPRF-RS";"DEL08-RS";"UOP01-DEL08-RS"
665536;2025-03-06;"quinta-feira";"15:00:00";"PE";232;206,3;"PESQUEIRA";"Acessar a via sem observar a presença dos outros veículos";"Colisão transversal";"Com Vítimas Feridas";"Pleno dia";"Decrescente";"Céu Claro";"Simples";"Reta;Aclive";"Não";6;0;5;0;1;0;5;2;-8,37022;-36,66565;"SPRF-PE";"DEL03-PE";"UOP02-DEL03-PE"
665539;2025-03-06;"quinta-feira";"15:30:00";"SC";280;130,5;"RIO NEGRINHO";"Acesso irregular";"Colisão transversal";"Com Vítimas Feridas";"Pleno dia";"Decrescente";"Céu Claro";"Simples";"Reta;Declive";"Não";2;0;1;0;1;0;1;2;-26,253978;-49,534098;"SPRF-SC";"DEL06-SC";"UOP03-DEL06-SC"
665540;2025-03-06;"quinta-feira";"13:10:00";"MA";10;248;"IMPERATRIZ";"Semáforo com defeito";"Atropelamento de Pedestre";"Com Vítimas Fatais";"Pleno dia";"Decrescente";"Céu Claro";"Múltipla";"Reta";"Sim";3;1;0;0;1;1;0;2;-5,563297;-47,450955;"SPRF-MA";"DEL04-MA";"UOP01-DEL04-MA"
665541;2025-03-06;"quinta-feira";"14:53:00";"SC";101;123;"ITAJAI";"Acessar a via sem observar a presença dos outros veículos";"Colisão transversal";"Com Vítimas Feridas";"Pleno dia";"Decrescente";"Céu Claro";"Simples";"Em Obras;Viaduto;Rotatória";"Sim";3;0;1;0;2;0;1;2;-26,9370772;-48,69795453;"SPRF-SC";"DEL04-SC";"UOP04-DEL04-SC"
665543;2025-03-06;"quinta-feira";"13:18:00";"MT";163;831;"SINOP";"Acessar a via sem observar a presença dos outros veículos";"Colisão transversal";"Com Vítimas Feridas";"Pleno dia";"Crescente";"Céu Claro";"Simples";"Retorno Regulamentado";"Sim";2;0;0;1;1;0;1;2;-11,89208666;-55,50312281;"SPRF-MT";"DEL06-MT";"UOP02-DEL06-MT"
665545;2025-03-06;"quinta-feira";"16:40:00";"ES";101;260;"SERRA";"Manobra de mudança de faixa";"Tombamento";"Com Vítimas Feridas";"Pleno dia";"Decrescente";"Céu Claro";"Dupla";"Aclive;Reta";"Sim";1;0;1;0;0;0;1;1;-20,14643123;-40,28737982;"SPRF-ES";"DEL02-ES";"UOP01-DEL02-ES"
665546;2025-03-06;"quinta-feira";"16:45:00";"ES";262;160,5;"IBATIBA";"Acessar a via sem observar a presença dos outros veículos";"Colisão lateral mesmo sentido";"Com Vítimas Feridas";"Pleno dia";"Crescente";"Nublado";"Simples";"Aclive";"Não";2;0;1;1;0;0;2;2;-20,23747574;-41,52050972;"SPRF-ES";"DEL01-ES";"UOP02-DEL01-ES"
665547;2025-03-06;"quinta-feira";"13:50:00";"RR";401;51;"BONFIM";"Demais falhas mecânicas ou elétricas";"Incêndio";"Sem Vítimas";"Pleno dia";"Decrescente";"Céu Claro";"Simples";"Reta";"Não";1;0;0;0;0;1;0;1;3,06878;-60,35752;"SPRF-RR";"DEL01-RR";"UOP01-DEL01-RR"
665548;2025-03-06;"quinta-feira";"16:40:00";"ES";101;139;"LINHARES";"Demais falhas mecânicas ou elétricas";"Queda de ocupante de veículo";"Com Vítimas Feridas";"Pleno dia";"Crescente";"Céu Claro";"Simples";"Reta";"Não";2;0;2;0;0;0;2;1;-19,306677;-40,081756;"SPRF-ES";"DEL04-ES";"UOP01-DEL04-ES"
665549;2025-02-26;"quarta-feira";"10:00:00";"RJ";393;167;"TRES RIOS";"Acessar a via sem observar a presença dos outros veículos";"Tombamento";"Com Vítimas Feridas";"Pleno dia";"Decrescente";"Sol";"Simples";"Reta";"Sim";2;0;2;0;0;0;2;2;-22,12232973;-43,16712733;"SPRF-RJ";"DEL05-RJ";"UOP01-DEL05-RJ"
665550;2025-03-06;"quinta-feira";"17:00:00";"MG";365;623;"UBERLANDIA";"Frear bruscamente";"Colisão traseira";"Com Vítimas Feridas";"Pleno dia";"Crescente";"Céu Claro";"Dupla";"Reta";"Sim";2;0;1;0;1;0;1;2;-18,89785144;-48,38221251;"SPRF-MG";"DEL15-MG";"UOP01-DEL15-MG"
665551;2025-03-06;"quinta-feira";"17:20:00";"RN";101;118;"SAO JOSE DE MIPIBU";"Desrespeitar a preferência no cruzamento";"Colisão lateral mesmo sentido";"Com Vítimas Feridas";"Anoitecer";"Decrescente";"Céu Claro";"Dupla";"Reta";"Não";2;0;1;0;0;1;1;2;-6,01863525;-35,25217652;"SPRF-RN";"DEL01-RN";"UOP01-DEL01-RN"
665552;2025-03-06;"quinta-feira";"17:09:00";"MG";381;500,5;"BETIM";"Ausência de reação do condutor";"Colisão traseira";"Com Vítimas Feridas";"Pleno dia";"Decrescente";"Céu Claro";"Dupla";"Reta";"Não";4;0;2;0;2;0;2;3;-20,00674156;-44,2151992;"SPRF-MG";"DEL01-MG";"UOP03-DEL01-MG"
665553;2025-03-06;"quinta-feira";"15:10:00";"AL";101;27,2;"JOAQUIM GOMES";"Demais falhas mecânicas ou elétricas";"Incêndio";"Sem Vítimas";"Pleno dia";"Decrescente";"Nublado";"Simples";"Reta";"Não";1;0;0;0;1;0;0;1;-9,065093;-35,735358;"SPRF-AL";"DEL01-AL";"UOP02-DEL01-AL"
665555;2025-02-06;"quinta-feira";"17:00:00";"SP";116;295,1;"ITAPECERICA DA SERRA";"Reação tardia ou ineficiente do condutor";"Colisão lateral mesmo sentido";"Com Vítimas Feridas";"Pleno dia";"Crescente";"Céu Claro";"Dupla";"Reta";"Sim";2;0;1;0;1;0;1;2;-23,76855719;-46,90957373;"SPRF-SP";"DEL04-SP";"UOP01-DEL04-SP"
665556;2025-02-09;"domingo";"19:00:00";"PR";163;2;"BARRACAO";"Ausência de reação do condutor";"Capotamento";"Com Vítimas Feridas";"Pleno dia";"Crescente";"Céu Claro";"Simples";"Reta";"Não";2;0;2;0;0;0;2;1;-26,25066;-53,635523;"SPRF-PR";"DEL02-PR";"UOP02-DEL02-PR"
665559;2025-03-06;"quinta-feira";"17:00:00";"PR";369;179,5;"ARAPONGAS";"Reação tardia ou ineficiente do condutor";"Colisão traseira";"Com Vítimas Feridas";"Pleno dia";"Crescente";"Céu Claro";"Dupla";"Reta";"Não";2;0;1;0;1;0;1;2;-23,36344041;-51,40201001;"SPRF-PR";"DEL07-PR";"UOP03-DEL07-PR"
665560;2025-03-06;"quinta-feira";"17:20:00";"SC";101;113;"ITAJAI";"Ausência de reação do condutor";"Colisão lateral mesmo sentido";"Com Vítimas Feridas";"Anoitecer";"Decrescente";"Nublado";"Dupla";"Reta";"Não";2;0;0;1;0;1;1;2;-26,8565771;-48,7270689;"SPRF-SC";"DEL04-SC";"UOP04-DEL04-SC"
665561;2025-01-05;"domingo";"13:05:00";"PR";369;473,8;"CORBELIA";"Reação tardia ou ineficiente do condutor";"Colisão traseira";"Com Vítimas Feridas";"Pleno dia";"Crescente";"Céu Claro";"Simples";"Reta";"Sim";3;0;3;0;0;0;3;2;-24,72128104;-53,2465589;"SPRF-PR";"DEL04-PR";"UOP03-DEL04-PR"
665563;2025-03-06;"quinta-feira";"17:20:00";"GO";40;9;"VALPARAISO DE GOIAS";"Reação tardia ou ineficiente do condutor";"Colisão traseira";"Com Vítimas Feridas";"Pleno dia";"Decrescente";"Céu Claro";"Dupla";"Reta";"Sim";3;0;1;0;2;0;1;2;-16,116542;-47,966992;"SPRF-DF";"DEL01-DF";"UOP01-DEL01-DF"
665564;2025-03-06;"quinta-feira";"17:50:00";"SC";282;2;"FLORIANOPOLIS";"Reação tardia ou ineficiente do condutor";"Colisão traseira";"Com Vítimas Feridas";"Pleno dia";"Crescente";"Sol";"Dupla";"Reta";"Sim";3;0;2;0;1;0;2;2;-27,60201515;-48,57925773;"SPRF-SC";"DEL01-SC";"UOP01-DEL01-SC"
665565;2025-03-06;"quinta-feira";"17:27:00";"PB";101;122;"CAAPORA";"Acumulo de água sobre o pavimento";"Saída de leito carroçável";"Com Vítimas Feridas";"Anoitecer";"Crescente";"Chuva";"Dupla";"Reta";"Não";4;0;1;0;3;0;1;2;-7,43924118;-34,97716427;"SPRF-PB";"DEL01-PB";"UOP01-DEL01-PB"
665566;2025-03-06;"quinta-feira";"18:15:00";"SP";101;44;"UBATUBA";"Acesso irregular";"Colisão transversal";"Com Vítimas Feridas";"Anoitecer";"Crescente";"Céu Claro";"Simples";"Interseção de Vias";"Não";3;0;2;0;1;0;2;2;-23,408279;-45,061733;"SPRF-SP";"DEL06-SP";"UOP01-DEL06-SP"
665567;2025-03-06;"quinta-feira";"18:00:00";"SC";470;73;"INDAIAL";"Demais falhas mecânicas ou elétricas";"Tombamento";"Com Vítimas Feridas";"Pleno dia";"Decrescente";"Céu Claro";"Simples";"Reta";"Sim";2;0;2;0;0;0;2;1;-26,91157544;-49,27746892;"SPRF-SC";"DEL04-SC";"UOP01-DEL04-SC"
665569;2025-03-06;"quinta-feira";"18:30:00";"SC";282;17;"PALHOCA";"Condutor deixou de manter distância do veículo da frente";"Colisão traseira";"Com Vítimas Feridas";"Anoitecer";"Crescente";"Céu Claro";"Simples";"Reta";"Não";2;0;1;0;1;0;1;2;-27,68185595;-48,70672703;"SPRF-SC";"DEL01-SC";"UOP02-DEL01-SC"
665573;2025-03-06;"quinta-feira";"17:17:00";"PE";423;96,5;"GARANHUNS";"Ingestão de álcool pelo condutor";"Colisão traseira";"Com Vítimas Feridas";"Pleno dia";"Decrescente";"Céu Claro";"Simples";"Declive;Reta";"Sim";6;0;0;1;5;0;1;4;-8,88167382;-36,4904899;"SPRF-PE";"DEL03-PE";"UOP01-DEL03-PE"
665574;2025-03-06;"quinta-feira";"16:30:00";"RS";116;45,5;"VACARIA";"Reação tardia ou ineficiente do condutor";"Tombamento";"Com Vítimas Feridas";"Pleno dia";"Crescente";"Céu Claro";"Simples";"Curva";"Não";2;0;2;0;0;0;2;1;-28,549363;-50,981231;"SPRF-RS";"DEL05-RS";"UOP03-DEL05-RS"
665575;2025-03-06;"quinta-feira";"15:15:00";"RJ";101;296;"ITABORAI";"Mal súbito do condutor";"Queda de ocupante de veículo";"Com Vítimas Feridas";"Pleno dia";"Decrescente";"Céu Claro";"Dupla";"Reta";"Sim";1;0;0;1;0;0;1;1;-22,76732327;-42,91456969;"SPRF-RJ";"DEL02-RJ";"UOP02-DEL02-RJ"
665576;2025-03-06;"quinta-feira";"18:30:00";"SC";280;131,3;"RIO NEGRINHO";"Reação tardia ou ineficiente do condutor";"Colisão transversal";"Com Vítimas Feridas";"Pleno dia";"Crescente";"Céu Claro";"Simples";"Reta;Declive";"Sim";5;0;3;0;2;0;3;2;-26,2579634;-49,54389442;"SPRF-SC";"DEL06-SC";"UOP03-DEL06-SC"
665577;2025-03-06;"quinta-feira";"17:50:00";"SC";470;89,1;"ASCURRA";"Desrespeitar a preferência no cruzamento";"Colisão transversal";"Com Vítimas Feridas";"Anoitecer";"Decrescente";"Céu Claro";"Simples";"Rotatória;Reta";"Sim";2;0;1;0;1;0;1;2;-26,9621355;-49,3708792;"SPRF-SC";"DEL04-SC";"UOP01-DEL04-SC"
665578;2025-03-06;"quinta-feira";"15:30:00";"PE";428;164,7;"PETROLINA";"Velocidade Incompatível";"Saída de leito carroçável";"Sem Vítimas";"Pleno dia";"Crescente";"Sol";"Simples";"Reta";"Não";1;0;0;0;0;1;0;1;-9,186607;-40,380421;"SPRF-PE";"DEL06-PE";"UOP01-DEL06-PE"
665579;2025-03-06;"quinta-feira";"17:00:00";"MG";381;677;"PERDOES";"Condutor deixou de manter distância do veículo da frente";"Colisão traseira";"Com Vítimas Feridas";"Pleno dia";"Crescente";"Céu Claro";"Simples";"Reta";"Sim";4;0;1;0;2;1;1;3;-21,10300844;-45,08769751;"SPRF-MG";"DEL04-MG";"UOP02-DEL04-MG"
665580;2025-03-06;"quinta-feira";"14:30:00";"RS";153;117,9;"PASSO FUNDO";"Velocidade Incompatível";"Saída de leito carroçável";"Sem Vítimas";"Pleno dia";"Crescente";"Céu Claro";"Simples";"Reta";"Não";1;0;0;0;0;1;0;1;-28,18169607;-52,4351263;"SPRF-RS";"DEL08-RS";"UOP03-DEL08-RS"
665581;2025-03-06;"quinta-feira";"19:20:00";"SP";116;65;"GUARATINGUETA";"Reação tardia ou ineficiente do condutor";"Tombamento";"Com Vítimas Feridas";"Pleno dia";"Decrescente";"Céu Claro";"Dupla";"Curva";"Sim";1;0;1;0;0;0;1;1;-22,82270669;-45,19054413;"SPRF-SP";"DEL08-SP";"UOP01-DEL08-SP"
665582;2025-03-06;"quinta-feira";"18:40:00";"PB";230;20,9;"JOAO PESSOA";"Ausência de reação do condutor";"Colisão traseira";"Com Vítimas Feridas";"Plena Noite";"Decrescente";"Chuva";"Dupla";"Reta";"Sim";2;0;1;0;1;0;1;2;-7,1430825;-34,8506747;"SPRF-PB";"DEL01-PB";"UOP01-DEL01-PB"
665583;2025-03-06;"quinta-feira";"18:10:00";"MA";135;2;"SAO LUIS";"Condutor deixou de manter distância do veículo da frente";"Engavetamento";"Sem Vítimas";"Plena Noite";"Crescente";"Chuva";"Dupla";"Reta";"Sim";4;0;0;0;4;0;0;4;-2,59885;-44,24586;"SPRF-MA";"DEL01-MA";"UOP01-DEL01-MA"
665584;2025-03-06;"quinta-feira";"08:30:00";"BA";101;641,4;"MASCOTE";"Velocidade Incompatível";"Colisão frontal";"Com Vítimas Fatais";"Pleno dia";"Crescente";"Céu Claro";"Simples";"Curva";"Não";2;1;1;0;0;0;1;2;-15,806957;-39,520543;"SPRF-BA";"DEL05-BA";"UOP02-DEL05-BA"
665585;2025-03-06;"quinta-feira";"18:00:00";"RJ";493;71;"NOVA IGUACU";"Reação tardia ou ineficiente do condutor";"Saída de leito carroçável";"Com Vítimas Feridas";"Anoitecer";"Crescente";"Céu Claro";"Dupla";"Curva";"Não";3;0;2;0;1;0;2;1;-22,687254;-43,490839;"SPRF-RJ";"DEL01-RJ";"UOP03-DEL01-RJ"
665587;2025-03-06;"quinta-feira";"19:05:00";"CE";304;97;"ARACATI";"Demais falhas mecânicas ou elétricas";"Incêndio";"Sem Vítimas";"Plena Noite";"Decrescente";"Céu Claro";"Simples";"Reta";"Não";1;0;0;0;1;0;0;1;-4,65202126;-37,62508392;"SPRF-CE";"DEL03-CE";"UOP03-DEL03-CE"
665588;2025-03-06;"quinta-feira";"16:30:00";"BA";324;531;"SANTO AMARO";"Avarias e/ou desgaste excessivo no pneu";"Tombamento";"Com Vítimas Feridas";"Pleno dia";"Crescente";"Céu Claro";"Dupla";"Reta";"Não";2;0;2;0;0;0;2;1;-12,37420946;-38,80851746;"SPRF-BA";"DEL01-BA";"UOP03-DEL01-BA"
665591;2025-03-06;"quinta-feira";"19:50:00";"RS";116;530,8;"CAPAO DO LEAO";"Desrespeitar a preferência no cruzamento";"Colisão transversal";"Sem Vítimas";"Plena Noite";"Crescente";"Céu Claro";"Simples";"Interseção de Vias";"Sim";2;0;0;0;1;1;0;2;-31,764355;-52,444103;"SPRF-RS";"DEL07-RS";"UOP01-DEL07-RS"
665592;2025-03-06;"quinta-feira";"19:35:00";"MG";381;511;"IGARAPE";"Acessar a via sem observar a presença dos outros veículos";"Colisão lateral sentido oposto";"Com Vítimas Feridas";"Plena Noite";"Decrescente";"Céu Claro";"Dupla";"Reta;Aclive";"Sim";2;0;2;0;0;0;2;2;-20,06567433;-44,29495256;"SPRF-MG";"DEL01-MG";"UOP03-DEL01-MG"
665594;2025-03-06;"quinta-feira";"20:10:00";"MG";381;480;"CONTAGEM";"Velocidade Incompatível";"Colisão traseira";"Com Vítimas Feridas";"Plena Noite";"Decrescente";"Céu Claro";"Múltipla";"Reta;Declive";"Sim";2;0;1;0;1;0;1;2;-19,9588745;-44,06102007;"SPRF-MG";"DEL01-MG";"UOP03-DEL01-MG"