"id";"data_inversa";"dia_semana";"horario";"uf";"br";"km";"municipio";"causa_acidente";"tipo_acidente";"classificacao_acidente";"fase_dia";"sentido_via";"condicao_metereologica";"tipo_pista";"tracado_via";"uso_solo";"pessoas";"mortos";"feridos_leves";"feridos_graves";"ilesos";"ignorados";"feridos";"veiculos";"latitude";"longitude";"regional";"delegacia";"uop"
665595;2025-03-06;"quinta-feira";"19:30:00";"PR";476;159;"ARAUCARIA";"Acesso irregular";"Colisão traseira";"Com Vítimas Feridas";"Plena Noite";"Decrescente";"Céu Claro";"Simples";"Reta";"Sim";2;0;1;0;1;0;1;2;-25,61458082;-49,425407;"SPRF-PR";"DEL01-PR";"UOP06-DEL01-PR"
665596;2025-03-06;"quinta-feira";"18:20:00";"DF";20;10;"BRASILIA";"Chuva";"Colisão com objeto";"Com Vítimas Feridas";"Plena Noite";"Decrescente";"Chuva";"Dupla";"Em Obras;Reta";"Sim";1;0;1;0;0;0;1;1;-15,649645;-47,773072;"SPRF-DF";"DEL02-DF";"UOP01-DEL02-DF"
665597;2025-03-06;"quinta-feira";"20:30:00";"MG";40;645,7;"CRISTIANO OTONI";"Ausência de reação do condutor";"Colisão traseira";"Com Vítimas Fatais";"Plena Noite";"Decrescente";"Céu Claro";"Simples";"Reta";"Não";2;1;0;0;0;1;0;2;-20,792775;-43,81036995;"SPRF-MG";"DEL05-MG";"UOP02-DEL05-MG"
665598;2025-03-06;"quinta-feira";"19:45:00";"SP";381;55;"MAIRIPORA";"Ausência de reação do condutor";"Queda de ocupante de veículo";"Com Vítimas Feridas";"Plena Noite";"Crescente";"Céu Claro";"Dupla";"Declive";"Não";1;0;1;0;0;0;1;1;-23,26500368;-46,58477783;"SPRF-SP";"DEL03-SP";"UOP01-DEL03-SP"
665599;2025-03-06;"quinta-feira";"18:00:00";"MT";70;4;"BARRA DO GARCAS";"Ingestão de álcool pelo condutor";"Colisão lateral mesmo sentido";"Sem Vítimas";"Anoitecer";"Crescente";"Céu Claro";"Dupla";"Reta";"Sim";2;0;0;0;2;0;0;2;-15,878352;-52,28911;"SPRF-MT";"DEL07-MT";"UOP01-DEL07-MT"
665600;2025-03-06;"quinta-feira";"20:35:00";"RS";290;92;"PORTO ALEGRE";"Acessar a via sem observar a presença dos outros veículos";"Colisão traseira";"Com Vítimas Feridas";"Plena Noite";"Crescente";"Céu Claro";"Múltipla";"Interseção de Vias";"Não";3;0;2;0;1;0;2;2;-29,96994083;-51,17920339;"SPRF-RS";"DEL01-RS";"UOP01-DEL01-RS"
665601;2025-03-06;"quinta-feira";"14:30:00";"MT";158;7;"BARRA DO GARCAS";"Acumulo de óleo sobre o pavimento";"Queda de ocupante de veículo";"Com Vítimas Feridas";"Pleno dia";"Crescente";"Céu Claro";"Dupla";"Rotatória";"Sim";1;0;1;0;0;0;1;1;-15,87806332;-52,31446736;"SPRF-MT";"DEL07-MT";"UOP02-DEL07-MT"
665602;2025-03-06;"quinta-feira";"20:28:00";"CE";222;65,1;"SAO GONCALO DO AMARANTE";"Animais na Pista";"Atropelamento de Animal";"Com Vítimas Feridas";"Plena Noite";"Decrescente";"Céu Claro";"Simples";"Reta";"Não";2;0;0;1;1;0;1;1;-3,67074;-39,126389;"SPRF-CE";"DEL01-CE";"UOP03-DEL01-CE"
665603;2025-03-06;"quinta-feira";"19:30:00";"SC";101;303;"LAGUNA";"Ingestão de álcool pelo condutor";"Colisão traseira";"Com Vítimas Feridas";"Plena Noite";"Decrescente";"Céu Claro";"Simples";"Reta";"Não";2;0;0;1;1;0;1;2;-28,40891655;-48,79165649;"SPRF-SC";"DEL02-SC";"UOP03-DEL02-SC"
665605;2025-03-06;"quinta-feira";"19:45:00";"GO";70;2;"AGUAS LINDAS DE GOIAS";"Ingestão de álcool pelo condutor";"Colisão traseira";"Com Vítimas Feridas";"Plena Noite";"Crescente";"Céu Claro";"Múltipla";"Reta";"Sim";7;0;3;2;2;0;5;5;-15,76282;-48,233302;"SPRF-DF";"DEL03-DF";"UOP02-DEL03-DF"
665606;2025-03-06;"quinta-feira";"18:25:00";"RJ";495;1;"TERESOPOLIS";"Condutor deixou de manter distância do veículo da frente";"Colisão traseira";"Com Vítimas Feridas";"Anoitecer";"Crescente";"Céu Claro";"Simples";"Reta";"Sim";2;0;1;0;1;0;1;2;-22,400465;-42,97574;"SPRF-RJ";"DEL04-RJ";"UOP01-DEL04-RJ"
665607;2025-03-06;"quinta-feira";"21:40:00";"RJ";465;15,4;"SEROPEDICA";"Ausência de reação do condutor";"Colisão traseira";"Com Vítimas Feridas";"Plena Noite";"Decrescente";"Céu Claro";"Simples";"Reta";"Sim";3;0;0;1;2;0;1;2;-22,80980358;-43,63383293;"SPRF-RJ";"DEL06-RJ";"UOP02-DEL06-RJ"
665608;2025-03-06;"quinta-feira";"22:00:00";"GO";153;510;"APARECIDA DE GOIANIA";"Transitar na contramão";"Colisão frontal";"Com Vítimas Feridas";"Plena Noite";"Crescente";"Céu Claro";"Dupla";"Reta";"Sim";2;0;0;1;1;0;1;2;-16,849069;-49,2360011;"SPRF-GO";"DEL01-GO";"UOP03-DEL01-GO"
665610;2025-03-06;"quinta-feira";"18:30:00";"RJ";40;115;"DUQUE DE CAXIAS";"Reação tardia ou ineficiente do condutor";"Tombamento";"Com Vítimas Feridas";"Plena Noite";"Decrescente";"Céu Claro";"Múltipla";"Reta";"Não";1;0;1;0;0;0;1;1;-22,73864438;-43,28814691;"SPRF-RJ";"DEL01-RJ";"UOP02-DEL01-RJ"
665611;2025-03-06;"quinta-feira";"20:30:00";"MG";267;26;"ARGIRITA";"Ultrapassagem Indevida";"Colisão frontal";"Com Vítimas Feridas";"Plena Noite";"Crescente";"Céu Claro";"Simples";"Reta";"Não";7;0;0;7;0;0;7;2;-21,61894874;-42,81525901;"SPRF-MG";"DEL07-MG";"UOP01-DEL07-MG"
665612;2025-03-06;"quinta-feira";"14:30:00";"RJ";101;472;"ANGRA DOS REIS";"Acessar a via sem observar a presença dos outros veículos";"Colisão transversal";"Com Vítimas Feridas";"Pleno dia";"Crescente";"Céu Claro";"Simples";"Reta";"Não";2;0;0;1;1;0;1;2;-22,98906656;-44,23304057;"SPRF-RJ";"DEL03-RJ";"UOP03-DEL03-RJ"
665614;2025-03-06;"quinta-feira";"19:20:00";"PR";373;249;"GUAMIRANGA";"Velocidade Incompatível";"Saída de leito carroçável";"Com Vítimas Feridas";"Plena Noite";"Crescente";"Céu Claro";"Simples";"Reta";"Não";2;0;2;0;0;0;2;1;-25,19057343;-50,83030701;"SPRF-PR";"DEL03-PR";"UOP01-DEL03-PR"
665615;2025-03-07;"sexta-feira";"00:05:00";"RS";158;322;"SANTA MARIA";"Desrespeitar a preferência no cruzamento";"Colisão transversal";"Com Vítimas Feridas";"Plena Noite";"Crescente";"Céu Claro";"Dupla";"Rotatória";"Sim";2;0;1;0;1;0;1;2;-29,69542923;-53,77583921;"SPRF-RS";"DEL09-RS";"UOP01-DEL09-RS"
665616;2025-03-07;"sexta-feira";"00:00:00";"MG";50;174,5;"UBERABA";"Reação tardia ou ineficiente do condutor";"Tombamento";"Com Vítimas Feridas";"Plena Noite";"Crescente";"Nublado";"Simples";"Reta";"Não";1;0;1;0;0;0;1;1;-19,77677855;-47,97244272;"SPRF-MG";"DEL13-MG";"UOP01-DEL13-MG"
665617;2025-03-06;"quinta-feira";"18:30:00";"RJ";40;104;"DUQUE DE CAXIAS";"Desrespeitar a preferência no cruzamento";"Colisão transversal";"Com Vítimas Feridas";"Anoitecer";"Decrescente";"Nublado";"Simples";"Interseção de Vias";"Sim";3;0;2;0;0;1;2;2;-22,63231868;-43,28480244;"SPRF-RJ";"DEL01-RJ";"UOP02-DEL01-RJ"
665618;2025-03-07;"sexta-feira";"00:00:00";"PR";476;147;"CURITIBA";"Mal súbito do condutor";"Saída de leito carroçável";"Com Vítimas Fatais";"Plena Noite";"Crescente";"Nublado";"Dupla";"Reta";"Sim";1;1;0;0;0;0;0;1;-25,55532989;-49,34150051;"SPRF-PR";"DEL01-PR";"UOP06-DEL01-PR"
665619;2025-03-06;"quinta-feira";"22:30:00";"SC";101;281,1;"IMBITUBA";"Avarias e/ou desgaste excessivo no pneu";"Queda de ocupante de veículo";"Com Vítimas Feridas";"Plena Noite";"Crescente";"Nublado";"Múltipla";"Reta";"Sim";2;0;0;2;0;0;2;1;-28,19580849;-48,6974144;"SPRF-SC";"DEL02-SC";"UOP03-DEL02-SC"
665621;2025-03-07;"sexta-feira";"00:28:00";"GO";70;319;"JUSSARA";"Ausência de reação do condutor";"Saída de leito carroçável";"Sem Vítimas";"Plena Noite";"Crescente";"Céu Claro";"Dupla";"Retorno Regulamentado;Declive;Reta";"Sim";1;0;0;0;0;1;0;1;-15,87824348;-50,88004589;"SPRF-GO";"DEL04-GO";"UOP02-DEL04-GO"
665623;2025-03-06;"quinta-feira";"18:40:00";"PA";10;322;"SAO MIGUEL DO GUAMA";"Transitar na contramão";"Colisão frontal";"Com Vítimas Feridas";"Plena Noite";"Crescente";"Garoa/Chuvisco";"Simples";"Reta";"Sim";3;0;0;2;1;0;2;2;-1,61820078;-47,48000747;"SPRF-PA";"DEL01-PA";"UOP02-DEL01-PA"
665625;2025-03-07;"sexta-feira";"04:00:00";"TO";10;456;"PALMAS";"Ausência de reação do condutor";"Saída de leito carroçável";"Com Vítimas Feridas";"Amanhecer";"Crescente";"Céu Claro";"Múltipla";"Declive;Curva";"Não";1;0;1;0;0;0;1;1;-10,28029191;-48,29876304;"SPRF-TO";"DEL01-TO";"UOP03-DEL01-TO"
665628;2025-03-07;"sexta-feira";"04:30:00";"MG";381;451,1;"SABARA";"Entrada inopinada do pedestre";"Atropelamento de Pedestre";"Com Vítimas Feridas";"Plena Noite";"Crescente";"Céu Claro";"Simples";"Declive;Curva";"Sim";3;0;0;2;1;0;2;2;-19,834776;-43,8586603;"SPRF-MG";"DEL01-MG";"UOP01-DEL01-MG"
665630;2025-03-07;"sexta-feira";"00:06:00";"SC";470;320;"CAMPOS NOVOS";"Pedestre andava na pista";"Atropelamento de Pedestre";"Com Vítimas Feridas";"Plena Noite";"Crescente";"Céu Claro";"Simples";"Reta;Declive";"Não";2;0;0;1;1;0;1;2;-27,41250438;-51,23215372;"SPRF-SC";"DEL07-SC";"UOP06-DEL07-SC"
665634;2025-03-07;"sexta-feira";"05:10:00";"SC";101;340;"TUBARAO";"Reação tardia ou ineficiente do condutor";"Saída de leito carroçável";"Com Vítimas Feridas";"Plena Noite";"Crescente";"Céu Claro";"Múltipla";"Reta";"Não";1;0;0;1;0;0;1;1;-28,52180974;-49,05514061;"SPRF-SC";"DEL02-SC";"UOP01-DEL02-SC"
665635;2025-03-07;"sexta-feira";"03:30:00";"MT";163;577,1;"NOVA MUTUM";"Reação tardia ou ineficiente do condutor";"Saída de leito carroçável";"Com Vítimas Feridas";"Plena Noite";"Crescente";"Céu Claro";"Dupla";"Reta;Declive";"Não";1;0;1;0;0;0;1;1;-14,00712932;-56,09858401;"SPRF-MT";"DEL01-MT";"UOP01-DEL01-MT"
665636;2025-03-07;"sexta-feira";"06:09:00";"ES";101;424;"ATILIO VIVACQUA";"Condutor Dormindo";"Colisão com objeto";"Com Vítimas Feridas";"Amanhecer";"Decrescente";"Céu Claro";"Simples";"Reta";"Não";3;0;3;0;0;0;3;1;-21,0095633;-41,1452918;"SPRF-ES";"DEL03-ES";"UOP02-DEL03-ES"
665638;2025-03-07;"sexta-feira";"06:50:00";"PE";407;122,1;"PETROLINA";"Conversão proibida";"Colisão transversal";"Com Vítimas Feridas";"Pleno dia";"Crescente";"Sol";"Dupla";"Reta";"Sim";4;0;2;0;2;0;2;2;-9,357691;-40,548198;"SPRF-PE";"DEL06-PE";"UOP01-DEL06-PE"
665639;2025-03-07;"sexta-feira";"05:55:00";"PB";101;122,8;"CAAPORA";"Reação tardia ou ineficiente do condutor";"Saída de leito carroçável";"Com Vítimas Feridas";"Pleno dia";"Crescente";"Garoa/Chuvisco";"Dupla";"Declive";"Não";1;0;1;0;0;0;1;1;-7,457947;-34,980948;"SPRF-PB";"DEL01-PB";"UOP01-DEL01-PB"
665640;2025-03-06;"quinta-feira";"21:41:00";"MT";364;364,7;"SANTO ANTONIO DO LEVERGER";"Demais falhas mecânicas ou elétricas";"Incêndio";"Sem Vítimas";"Plena Noite";"Crescente";"Nublado";"Dupla";"Reta";"Não";1;0;0;0;1;0;0;1;-15,72161221;-55,67931892;"SPRF-MT";"DEL01-MT";"UOP02-DEL01-MT"
665644;2025-03-07;"sexta-feira";"06:40:00";"MG";40;524,4;"CONTAGEM";"Pedestre cruzava a pista fora da faixa";"Engavetamento";"Com Vítimas Feridas";"Pleno dia";"Crescente";"Céu Claro";"Dupla";"Aclive;Reta";"Sim";4;0;1;1;1;1;2;3;-19,877074;-44,0523882;"SPRF-MG";"DEL01-MG";"UOP02-DEL01-MG"
665645;2025-03-07;"sexta-feira";"07:10:00";"MG";365;621,9;"UBERLANDIA";"Manobra de mudança de faixa";"Colisão lateral mesmo sentido";"Com Vítimas Feridas";"Pleno dia";"Decrescente";"Céu Claro";"Dupla";"Reta";"Sim";3;0;2;0;1;0;2;2;-18,89989187;-48,27386141;"SPRF-MG";"DEL15-MG";"UOP01-DEL15-MG"
665646;2025-03-07;"sexta-feira";"07:35:00";"RS";470;209;"BENTO GONCALVES";"Acessar a via sem observar a presença dos outros veículos";"Colisão lateral mesmo sentido";"Sem Vítimas";"Pleno dia";"Decrescente";"Céu Claro";"Simples";"Reta";"Sim";2;0;0;0;2;0;0;2;-29,122964;-51,544067;"SPRF-RS";"DEL06-RS";"UOP01-DEL06-RS"
665648;2025-03-07;"sexta-feira";"08:00:00";"SC";101;200;"SAO JOSE";"Reação tardia ou ineficiente do condutor";"Queda de ocupante de veículo";"Com Vítimas Feridas";"Pleno dia";"Crescente";"Nublado";"Múltipla";"Reta";"Sim";1;0;1;0;0;0;1;1;-27,5430032;-48,62124503;"SPRF-SC";"DEL01-SC";"UOP01-DEL01-SC"
665649;2025-03-07;"sexta-feira";"07:25:00";"GO";60;171,8;"GOIANIA";"Reação tardia ou ineficiente do condutor";"Capotamento";"Com Vítimas Feridas";"Pleno dia";"Crescente";"Céu Claro";"Dupla";"Reta";"Não";1;0;1;0;0;0;1;1;-16,7381228;-49,2030851;"SPRF-GO";"DEL01-GO";"UOP02-DEL01-GO"
665651;2025-03-07;"sexta-feira";"08:00:00";"TO";153;334;"GUARAI";"Ausência de reação do condutor";"Colisão traseira";"Com Vítimas Feridas";"Pleno dia";"Crescente";"Céu Claro";"Dupla";"Reta";"Sim";2;0;1;0;1;0;1;2;-8,85382237;-48,50916266;"SPRF-TO";"DEL02-TO";"UOP02-DEL02-TO"
665652;2025-03-07;"sexta-feira";"08:05:00";"MG";365;621;"UBERLANDIA";"Desvio temporário";"Colisão traseira";"Com Vítimas Feridas";"Amanhecer";"Crescente";"Céu Claro";"Dupla";"Curva";"Sim";2;0;1;0;1;0;1;2;-18,89498534;-48,27148698;"SPRF-MG";"DEL15-MG";"UOP01-DEL15-MG"
665653;2025-03-07;"sexta-feira";"07:35:00";"DF";20;26;"BRASILIA";"Animais na Pista";"Colisão traseira";"Com Vítimas Feridas";"Pleno dia";"Decrescente";"Céu Claro";"Dupla";"Reta";"Sim";2;0;1;0;1;0;1;2;-15,658386;-47,791534;"SPRF-DF";"DEL02-DF";"UOP01-DEL02-DF"
665654;2025-03-07;"sexta-feira";"08:00:00";"RJ";116;128;"MAGE";"Reação tardia ou ineficiente do condutor";"Colisão com objeto";"Sem Vítimas";"Pleno dia";"Crescente";"Céu Claro";"Dupla";"Reta";"Não";1;0;0;0;0;1;0;1;-22,66154167;-43,09352875;"SPRF-RJ";"DEL04-RJ";"UOP02-DEL04-RJ"
665655;2025-03-07;"sexta-feira";"07:50:00";"PB";230;16,6;"JOAO PESSOA";"Reação tardia ou ineficiente do condutor";"Colisão traseira";"Com Vítimas Feridas";"Pleno dia";"Decrescente";"Nublado";"Dupla";"Reta";"Sim";2;0;1;0;1;0;1;2;-7,112752;-34,842343;"SPRF-PB";"DEL01-PB";"UOP01-DEL01-PB"
665657;2025-03-04;"terça-feira";"16:00:00";"GO";414;437;"ANAPOLIS";"Ingestão de álcool pelo condutor";"Colisão com objeto";"Com Vítimas Feridas";"Pleno dia";"Crescente";"Céu Claro";"Simples";"Curva";"Sim";1;0;1;0;0;0;1;1;-16,25628131;-48,9367497;"SPRF-GO";"DEL02-GO";"UOP01-DEL02-GO"
665660;2025-03-07;"sexta-feira";"08:35:00";"RS";290;95,9;"PORTO ALEGRE";"Trafegar com motocicleta (ou similar) entre as faixas";"Colisão lateral mesmo sentido";"Com Vítimas Feridas";"Pleno dia";"Crescente";"Céu Claro";"Múltipla";"Reta";"Sim";4;0;1;0;3;0;1;4;-29,98907165;-51,20385289;"SPRF-RS";"DEL01-RS";"UOP01-DEL01-RS"
665662;2025-03-07;"sexta-feira";"08:15:00";"SP";116;499;"CAJATI";"Reação tardia ou ineficiente do condutor";"Saída de leito carroçável";"Com Vítimas Feridas";"Pleno dia";"Crescente";"Chuva";"Simples";"Curva";"Não";2;0;1;0;1;0;1;1;-24,784674;-48,181658;"SPRF-SP";"DEL05-SP";"UOP02-DEL05-SP"
665665;2025-03-07;"sexta-feira";"08:25:00";"RJ";465;0;"SEROPEDICA";"Retorno proibido";"Colisão transversal";"Com Vítimas Feridas";"Pleno dia";"Decrescente";"Céu Claro";"Múltipla";"Reta";"Sim";2;0;1;0;1;0;1;2;-22,71611995;-43,72921991;"SPRF-RJ";"DEL06-RJ";"UOP02-DEL06-RJ"
665666;2025-03-07;"sexta-feira";"09:00:00";"SP";116;227;"GUARULHOS";"Condutor deixou de manter distância do veículo da frente";"Colisão traseira";"Com Vítimas Feridas";"Pleno dia";"Crescente";"Sol";"Múltipla";"Reta";"Sim";2;0;1;0;1;0;1;2;-23,49505097;-46,55490875;"SPRF-SP";"DEL01-SP";"UOP01-DEL01-SP"
665667;2025-03-07;"sexta-feira";"08:30:00";"RJ";116;70;"TERESOPOLIS";"Acessar a via sem observar a presença dos outros veículos";"Colisão transversal";"Com Vítimas Feridas";"Pleno dia";"Decrescente";"Céu Claro";"Simples";"Reta";"Sim";2;0;1;0;1;0;1;2;-22,31594691;-42,93776751;"SPRF-RJ";"DEL04-RJ";"UOP01-DEL04-RJ"
665669;2025-03-07;"sexta-feira";"08:03:00";"PE";232;41;"VITORIA DE SANTO ANTAO";"Ausência de reação do condutor";"Saída de leito carroçável";"Com Vítimas Feridas";"Pleno dia";"Crescente";"Céu Claro";"Dupla";"Reta";"Não";1;0;0;1;0;0;1;1;-8,115061;-35,250778;"SPRF-PE";"DEL01-PE";"UOP01-DEL01-PE"
665671;2025-03-07;"sexta-feira";"08:30:00";"GO";153;520;"HIDROLANDIA";"Desrespeitar a preferência no cruzamento";"Colisão transversal";"Com Vítimas Feridas";"Pleno dia";"Crescente";"Céu Claro";"Dupla";"Interseção de Vias";"Sim";2;0;1;0;1;0;1;2;-16,87851766;-49,25282121;"SPRF-GO";"DEL01-GO";"UOP03-DEL01-GO"
665675;2025-03-07;"sexta-feira";"09:00:00";"PB";230;14;"CABEDELO";"Reação tardia ou ineficiente do condutor";"Colisão lateral mesmo sentido";"Com Vítimas Feridas";"Pleno dia";"Crescente";"Céu Claro";"Dupla";"Reta";"Sim";2;0;1;0;1;0;1;2;-7,0907688;-34,84844685;"SPRF-PB";"DEL01-PB";"UOP01-DEL01-PB"
665677;2025-03-07;"sexta-feira";"08:00:00";"RJ";116;148;"DUQUE DE CAXIAS";"Reação tardia ou ineficiente do condutor";"Colisão traseira";"Com Vítimas Feridas";"Pleno dia";"Crescente";"Céu Claro";"Múltipla";"Reta";"Sim";3;0;1;0;2;0;1;2;-22,671667;-43,284398;"SPRF-RJ";"DEL01-RJ";"UOP02-DEL01-RJ"
665678;2025-03-07;"sexta-feira";"09:15:00";"RS";116;267;"CANOAS";"Acessar a via sem observar a presença dos outros veículos";"Colisão lateral mesmo sentido";"Com Vítimas Feridas";"Pleno dia";"Decrescente";"Céu Claro";"Múltipla";"Reta";"Sim";2;0;1;0;1;0;1;2;-29,94177102;-51,17671967;"SPRF-RS";"DEL01-RS";"UOP01-DEL01-RS"
665679;2025-03-07;"sexta-feira";"06:30:00";"MG";381;455;"BELO HORIZONTE";"Ausência de reação do condutor";"Colisão traseira";"Com Vítimas Feridas";"Pleno dia";"Crescente";"Céu Claro";"Simples";"Reta";"Sim";2;0;1;0;1;0;1;2;-19,84025544;-43,875938;"SPRF-MG";"DEL01-MG";"UOP01-DEL01-MG"
665680;2025-03-07;"sexta-feira";"08:09:00";"PR";376;671;"GUARATUBA";"Chuva";"Colisão com objeto";"Sem Vítimas";"Pleno dia";"Crescente";"Chuva";"Dupla";"Curva";"Não";2;0;0;0;2;0;0;1;-25,892198;-48,93234;"SPRF-PR";"DEL01-PR";"UOP04-DEL01-PR"
665682;2025-03-07;"sexta-feira";"09:00:00";"RS";158;308;"ITAARA";"Restrição de visibilidade em curvas verticais";"Colisão transversal";"Com Vítimas Feridas";"Pleno dia";"Crescente";"Céu Claro";"Simples";"Reta";"Sim";2;0;2;0;0;0;2;2;-29,58149843;-53,76681089;"SPRF-RS";"DEL09-RS";"UOP01-DEL09-RS"
665683;2025-03-07;"sexta-feira";"09:10:00";"SP";116;100;"PINDAMONHANGABA";"Demais falhas mecânicas ou elétricas";"Queda de ocupante de veículo";"Com Vítimas Feridas";"Pleno dia";"Crescente";"Sol";"Dupla";"Reta";"Sim";1;0;1;0;0;0;1;1;-22,986821;-45,473605;"SPRF-SP";"DEL08-SP";"UOP01-DEL08-SP"
665684;2025-02-20;"quinta-feira";"07:15:00";"GO";40;23;"LUZIANIA";"Acessar a via sem observar a presença dos outros veículos";"Colisão transversal";"Com Vítimas Feridas";"Pleno dia";"Crescente";"Céu Claro";"Dupla";"Reta";"Sim";4;0;2;1;1;0;3;2;-16,236391;-47,912182;"SPRF-DF";"DEL01-DF";"UOP01-DEL01-DF"
665685;2025-03-07;"sexta-feira";"09:45:00";"BA";324;1,5;"FEIRA DE SANTANA";"Demais falhas mecânicas ou elétricas";"Queda de ocupante de veículo";"Com Vítimas Feridas";"Pleno dia";"Crescente";"Céu Claro";"Dupla";"Reta";"Não";2;0;2;0;0;0;2;1;-12,28202119;-38,94520397;"SPRF-BA";"DEL02-BA";"UOP01-DEL02-BA"
665686;2025-03-07;"sexta-feira";"08:29:00";"RS";116;529;"CAPAO DO LEAO";"Reação tardia ou ineficiente do condutor";"Colisão traseira";"Com Vítimas Feridas";"Pleno dia";"Decrescente";"Céu Claro";"Dupla";"Rotatória";"Sim";1;0;1;0;0;0;1;1;-31,75692653;-52,43481946;"SPRF-RS";"DEL07-RS";"UOP01-DEL07-RS"
665688;2025-03-07;"sexta-feira";"08:30:00";"RJ";40;77;"PETROPOLIS";"Chuva";"Capotamento";"Com Vítimas Feridas";"Pleno dia";"Crescente";"Chuva";"Dupla";"Curva";"Não";1;0;1;0;0;0;1;1;-22,5351799;-43,2134389;"SPRF-RJ";"DEL01-RJ";"UOP01-DEL01-RJ"
665689;2025-03-06;"quinta-feira";"19:30:00";"PA";10;114;"PARAGOMINAS";"Animais na Pista";"Atropelamento de Animal";"Com Vítimas Feridas";"Anoitecer";"Crescente";"Garoa/Chuvisco";"Simples";"Reta;Ponte";"Não";3;0;2;1;0;0;3;1;-3,449505;-47,462659;"SPRF-PA";"DEL02-PA";"UOP01-DEL02-PA"
665691;2025-03-07;"sexta-feira";"09:40:00";"BA";418;87,5;"NOVA VICOSA";"Acessar a via sem observar a presença dos outros veículos";"Colisão transversal";"Com Vítimas Feridas";"Pleno dia";"Crescente";"Céu Claro";"Simples";"Reta";"Sim";4;0;1;2;1;0;3;3;-17,884667;-39,844653;"SPRF-BA";"DEL09-BA";"UOP02-DEL09-BA"
665692;2025-03-07;"sexta-feira";"08:45:00";"BA";407;1,8;"JUAZEIRO";"Ausência de reação do condutor";"Colisão traseira";"Com Vítimas Feridas";"Pleno dia";"Decrescente";"Céu Claro";"Simples";"Reta";"Sim";3;0;1;0;0;2;1;2;-9,42344937;-40,50653815;"SPRF-PE";"DEL06-PE";"UOP01-DEL06-PE"
665693;2025-03-07;"sexta-feira";"06:00:00";"PE";316;304;"FLORESTA";"Condutor deixou de manter distância do veículo da frente";"Colisão traseira";"Com Vítimas Feridas";"Pleno dia";"Decrescente";"Céu Claro";"Simples";"Reta";"Não";3;0;0;1;2;0;1;2;-8,6006072;-38,5585312;"SPRF-PE";"DEL04-PE";"UOP03-DEL04-PE"
665694;2025-03-07;"sexta-feira";"10:20:00";"MG";381;482;"BETIM";"Demais falhas mecânicas ou elétricas";"Tombamento";"Com Vítimas Feridas";"Pleno dia";"Crescente";"Céu Claro";"Múltipla";"Reta";"Sim";1;0;0;1;0;0;1;1;-19,9589001;-44,0703136;"SPRF-MG";"DEL01-MG";"UOP03-DEL01-MG"
665695;2025-02-19;"quarta-feira";"18:50:00";"MG";381;485;"BETIM";"Ausência de reação do condutor";"Colisão lateral mesmo sentido";"Com Vítimas Feridas";"Anoitecer";"Crescente";"Céu Claro";"Múltipla";"Reta";"Não";2;0;0;1;1;0;1;2;-19,95692326;-44,09399612;"SPRF-MG";"DEL01-MG";"UOP03-DEL01-MG"
665696;2025-03-07;"sexta-feira";"09:31:00";"SP";381;7;"VARGEM";"Reação tardia ou ineficiente do condutor";"Colisão traseira";"Sem Vítimas";"Pleno dia";"Crescente";"Céu Claro";"Dupla";"Aclive;Reta";"Não";4;0;0;0;4;0;0;2;-22,90615211;-46,42309796;"SPRF-SP";"DEL03-SP";"UOP02-DEL03-SP"
665697;2025-03-07;"sexta-feira";"09:40:00";"MG";153;176,3;"COMENDADOR GOMES";"Demais falhas mecânicas ou elétricas";"Tombamento";"Com Vítimas Feridas";"Pleno dia";"Decrescente";"Céu Claro";"Simples";"Reta";"Não";2;0;1;1;0;0;2;1;-19,765263;-48,965548;"SPRF-MG";"DEL13-MG";"UOP02-DEL13-MG"
665698;2025-03-07;"sexta-feira";"10:30:00";"MG";365;3,1;"MONTES CLAROS";"Demais falhas mecânicas ou elétricas";"Incêndio";"Sem Vítimas";"Pleno dia";"Crescente";"Céu Claro";"Simples";"Reta";"Não";1;0;0;0;1;0;0;1;-16,6536926;-43,7179563;"SPRF-MG";"DEL12-MG";"UOP01-DEL12-MG"
665699;2025-03-07;"sexta-feira";"10:15:00";"SC";101;152;"ITAPEMA";"Acessar a via sem observar a presença dos outros veículos";"Colisão transversal";"Com Vítimas Feridas";"Pleno dia";"Crescente";"Garoa/Chuvisco";"Simples";"Reta";"Sim";2;0;1;0;1;0;1;2;-27,09849656;-48,61904025;"SPRF-SC";"DEL04-SC";"UOP03-DEL04-SC"
665700;2025-02-20;"quinta-feira";"08:35:00";"CE";116;7;"FORTALEZA";"Demais falhas mecânicas ou elétricas";"Colisão traseira";"Com Vítimas Feridas";"Pleno dia";"Decrescente";"Chuva";"Dupla";"Reta";"Não";5;0;2;0;3;0;2;4;-3,81073099;-38,50074867;"SPRF-CE";"DEL01-CE";"UOP02-DEL01-CE"
665702;2025-03-07;"sexta-feira";"08:00:00";"PR";116;100;"SAO JOSE DOS PINHAIS";"Reação tardia ou ineficiente do condutor";"Colisão lateral mesmo sentido";"Com Vítimas Feridas";"Pleno dia";"Decrescente";"Céu Claro";"Simples";"Reta";"Sim";2;0;1;0;1;0;1;2;-25,56381359;-49,153862;"SPRF-PR";"DEL01-PR";"UOP07-DEL01-PR"
665703;2025-02-19;"quarta-feira";"17:45:00";"DF";70;15;"BRASILIA";"Manobra de mudança de faixa";"Tombamento";"Sem Vítimas";"Pleno dia";"Crescente";"Céu Claro";"Dupla";"Reta";"Sim";2;0;0;0;2;0;0;2;-15,79833446;-48,17950007;"SPRF-DF";"DEL03-DF";"UOP02-DEL03-DF"