"id";"data_inversa";"dia_semana";"horario";"uf";"br";"km";"municipio";"causa_acidente";"tipo_acidente";"classificacao_acidente";"fase_dia";"sentido_via";"condicao_metereologica";"tipo_pista";"tracado_via";"uso_solo";"pessoas";"mortos";"feridos_leves";"feridos_graves";"ilesos";"ignorados";"feridos";"veiculos";"latitude";"longitude";"regional";"delegacia";"uop"
665704;2025-03-01;"sábado";"21:40:00";"PB";230;163,8;"CAMPINA GRANDE";"Ingestão de álcool pelo condutor";"Tombamento";"Com Vítimas Feridas";"Plena Noite";"Crescente";"Nublado";"Simples";"Em Obras;Reta;Aclive";"Não";1;0;1;0;0;0;1;1;-7,219318;-35,944345;"SPRF-PB";"DEL02-PB";"UOP01-DEL02-PB"
665705;2025-03-07;"sexta-feira";"10:00:00";"MT";364;250;"JUSCIMEIRA";"Reação tardia ou ineficiente do condutor";"Colisão traseira";"Com Vítimas Feridas";"Pleno dia";"Decrescente";"Céu Claro";"Dupla";"Reta";"Sim";5;0;1;1;3;0;2;2;-16,11870506;-54,85583603;"SPRF-MT";"DEL02-MT";"UOP01-DEL02-MT"
665706;2025-03-07;"sexta-feira";"10:55:00";"SE";101;149,3;"ESTANCIA";"Retorno proibido";"Colisão transversal";"Com Vítimas Feridas";"Pleno dia";"Decrescente";"Sol";"Simples";"Reta;Declive";"Não";2;0;1;0;1;0;1;2;-11,24396701;-37,43290901;"SPRF-SE";"DEL02-SE";"UOP01-DEL02-SE"
665707;2025-03-07;"sexta-feira";"11:35:00";"GO";153;616,2;"MORRINHOS";"Ausência de reação do condutor";"Saída de leito carroçável";"Com Vítimas Fatais";"Pleno dia";"Crescente";"Céu Claro";"Dupla";"Reta";"Não";1;1;0;0;0;0;0;1;-17,67262483;-49,16385162;"SPRF-GO";"DEL03-GO";"UOP01-DEL03-GO"
665710;2025-03-07;"sexta-feira";"10:00:00";"AL";101;131;"SAO MIGUEL DOS CAMPOS";"Condutor deixou de manter distância do veículo da frente";"Colisão traseira";"Com Vítimas Feridas";"Pleno dia";"Decrescente";"Nublado";"Simples";"Aclive;Curva";"Não";3;0;1;0;2;0;1;2;-9,76917048;-36,07605089;"SPRF-AL";"DEL02-AL";"UOP01-DEL02-AL"
665711;2025-03-07;"sexta-feira";"11:45:00";"RS";153;47,7;"ERECHIM";"Acessar a via sem observar a presença dos outros veículos";"Colisão transversal";"Com Vítimas Feridas";"Pleno dia";"Decrescente";"Céu Claro";"Simples";"Reta;Declive";"Sim";2;0;1;0;0;1;1;2;-27,64575637;-52,25052595;"SPRF-RS";"DEL08-RS";"UOP04-DEL08-RS"
665712;2025-03-07;"sexta-feira";"10:40:00";"SP";381;86;"ATIBAIA";"Transitar na contramão";"Colisão frontal";"Com Vítimas Feridas";"Pleno dia";"Decrescente";"Céu Claro";"Simples";"Curva";"Sim";2;0;1;0;1;0;1;2;-23,1964672;-46,5829888;"SPRF-SP";"DEL03-SP";"UOP01-DEL03-SP"
665713;2025-02-20;"quinta-feira";"21:00:00";"SC";101;326,7;"CAPIVARI DE BAIXO";"Reação tardia ou ineficiente do condutor";"Tombamento";"Com Vítimas Feridas";"Plena Noite";"Decrescente";"Ignorado";"Múltipla";"Reta;Aclive";"Não";1;0;1;0;0;0;1;1;-28,43659773;-48,95983988;"SPRF-SC";"DEL02-SC";"UOP01-DEL02-SC"
665714;2025-03-07;"sexta-feira";"12:20:00";"MG";116;715,7;"MURIAE";"Velocidade Incompatível";"Saída de leito carroçável";"Com Vítimas Feridas";"Pleno dia";"Crescente";"Chuva";"Simples";"Curva";"Não";1;0;1;0;0;0;1;1;-21,213;-42,39;"SPRF-MG";"DEL07-MG";"UOP02-DEL07-MG"
665715;2025-03-07;"sexta-feira";"11:30:00";"RJ";101;310;"SAO GONCALO";"Ausência de reação do condutor";"Colisão traseira";"Com Vítimas Feridas";"Pleno dia";"Crescente";"Céu Claro";"Dupla";"Reta";"Sim";2;0;1;0;1;0;1;2;-22,79767014;-43,04904938;"SPRF-RJ";"DEL02-RJ";"UOP02-DEL02-RJ"
665716;2025-03-07;"sexta-feira";"11:05:00";"RJ";101;0,5;"NITEROI";"Reação tardia ou ineficiente do condutor";"Colisão com objeto";"Com Vítimas Feridas";"Pleno dia";"Decrescente";"Céu Claro";"Simples";"Curva;Viaduto";"Não";1;0;1;0;0;0;1;1;-22,88373607;-43,11577667;"SPRF-RJ";"DEL02-RJ";"UOP01-DEL02-RJ"
665717;2025-03-07;"sexta-feira";"11:30:00";"PR";476;1;"ADRIANOPOLIS";"Ultrapassagem Indevida";"Colisão lateral mesmo sentido";"Com Vítimas Feridas";"Pleno dia";"Crescente";"Céu Claro";"Simples";"Reta";"Não";2;0;1;0;1;0;1;2;-24,65645322;-48,99737038;"SPRF-PR";"DEL01-PR";"UOP01-DEL01-PR"
665718;2025-03-07;"sexta-feira";"12:30:00";"SC";101;212,9;"PALHOCA";"Manobra de mudança de faixa";"Colisão lateral mesmo sentido";"Com Vítimas Feridas";"Pleno dia";"Crescente";"Céu Claro";"Múltipla";"Interseção de Vias;Reta";"Sim";2;0;1;0;1;0;1;2;-27,63621;-48,66423;"SPRF-SC";"DEL01-SC";"UOP02-DEL01-SC"
665719;2025-03-07;"sexta-feira";"11:32:00";"PA";230;115;"MARABA";"Manobra de mudança de faixa";"Colisão lateral mesmo sentido";"Com Vítimas Fatais";"Pleno dia";"Decrescente";"Céu Claro";"Dupla";"Reta";"Sim";4;1;1;0;2;0;1;3;-5,36074721;-49,0809614;"SPRF-PA";"DEL03-PA";"UOP01-DEL03-PA"
665720;2025-03-07;"sexta-feira";"12:15:00";"MG";40;707,8;"BARBACENA";"Avarias e/ou desgaste excessivo no pneu";"Colisão com objeto";"Com Vítimas Feridas";"Pleno dia";"Decrescente";"Chuva";"Dupla";"Curva";"Não";2;0;1;0;1;0;1;1;-21,23752;-43,70566;"SPRF-MG";"DEL05-MG";"UOP02-DEL05-MG"
665722;2025-03-07;"sexta-feira";"12:20:00";"RS";285;111;"VACARIA";"Reação tardia ou ineficiente do condutor";"Saída de leito carroçável";"Sem Vítimas";"Pleno dia";"Crescente";"Céu Claro";"Simples";"Declive;Curva";"Não";1;0;0;0;1;0;0;1;-28,5109597;-50,8498523;"SPRF-RS";"DEL05-RS";"UOP03-DEL05-RS"
665723;2025-03-07;"sexta-feira";"13:05:00";"SC";101;196,6;"BIGUACU";"Reação tardia ou ineficiente do condutor";"Colisão com objeto";"Sem Vítimas";"Pleno dia";"Decrescente";"Céu Claro";"Múltipla";"Declive;Curva";"Sim";1;0;0;0;1;0;0;1;-27,51392192;-48,64014387;"SPRF-SC";"DEL01-SC";"UOP01-DEL01-SC"
665724;2025-03-07;"sexta-feira";"10:00:00";"ES";101;66;"SAO MATEUS";"Acessar a via sem observar a presença dos outros veículos";"Colisão lateral mesmo sentido";"Com Vítimas Feridas";"Pleno dia";"Crescente";"Céu Claro";"Dupla";"Reta";"Sim";2;0;1;0;1;0;1;2;-18,7153374;-39,87708807;"SPRF-ES";"DEL04-ES";"UOP02-DEL04-ES"
665725;2025-03-07;"sexta-feira";"12:30:00";"BA";324;612,9;"SALVADOR";"Ausência de reação do condutor";"Colisão frontal";"Com Vítimas Feridas";"Pleno dia";"Decrescente";"Céu Claro";"Simples";"Reta;Desvio Temporário";"Sim";2;0;1;0;1;0;1;2;-12,864391;-38,423555;"SPRF-BA";"DEL01-BA";"UOP01-DEL01-BA"
665729;2025-03-07;"sexta-feira";"12:05:00";"RO";319;63,3;"PORTO VELHO";"Reação tardia ou ineficiente do condutor";"Engavetamento";"Sem Vítimas";"Pleno dia";"Crescente";"Garoa/Chuvisco";"Múltipla";"Reta";"Sim";6;0;0;0;6;0;0;3;-8,75825634;-63,88623297;"SPRF-RO";"DEL01-RO";"UOP01-DEL01-RO"
665731;2025-03-07;"sexta-feira";"12:20:00";"ES";393;2,4;"CACHOEIRO DE ITAPEMIRIM";"Transtornos Mentais (exceto suicidio)";"Atropelamento de Pedestre";"Com Vítimas Feridas";"Pleno dia";"Crescente";"Céu Claro";"Simples";"Reta";"Sim";2;0;1;1;0;0;2;2;-20,832164;-41,178164;"SPRF-ES";"DEL03-ES";"UOP02-DEL03-ES"
665733;2025-03-07;"sexta-feira";"11:15:00";"SP";116;506;"CAJATI";"Reação tardia ou ineficiente do condutor";"Saída de leito carroçável";"Com Vítimas Feridas";"Pleno dia";"Decrescente";"Nublado";"Simples";"Curva";"Não";2;0;1;0;1;0;1;1;-24,80640867;-48,21298599;"SPRF-SP";"DEL05-SP";"UOP02-DEL05-SP"
665734;2025-03-07;"sexta-feira";"12:50:00";"PB";230;16;"JOAO PESSOA";"Velocidade Incompatível";"Colisão lateral mesmo sentido";"Com Vítimas Feridas";"Pleno dia";"Decrescente";"Céu Claro";"Dupla";"Reta";"Sim";3;0;0;1;2;0;1;3;-7,11377947;-34,84211203;"SPRF-PB";"DEL01-PB";"UOP01-DEL01-PB"
665735;2025-03-07;"sexta-feira";"13:25:00";"SC";101;194,7;"BIGUACU";"Reação tardia ou ineficiente do condutor";"Engavetamento";"Com Vítimas Feridas";"Pleno dia";"Crescente";"Céu Claro";"Múltipla";"Reta";"Sim";3;0;1;0;2;0;1;3;-27,50319;-48,6566;"SPRF-SC";"DEL01-SC";"UOP01-DEL01-SC"
665737;2025-03-07;"sexta-feira";"13:19:00";"PR";376;660;"TIJUCAS DO SUL";"Chuva";"Capotamento";"Com Vítimas Feridas";"Pleno dia";"Decrescente";"Chuva";"Dupla";"Declive;Curva";"Não";2;0;2;0;0;0;2;1;-25,85168704;-48,99341226;"SPRF-PR";"DEL01-PR";"UOP04-DEL01-PR"
665740;2025-03-07;"sexta-feira";"13:00:00";"RJ";101;491;"ANGRA DOS REIS";"Reação tardia ou ineficiente do condutor";"Saída de leito carroçável";"Com Vítimas Feridas";"Pleno dia";"Decrescente";"Céu Claro";"Simples";"Curva";"Não";1;0;1;0;0;0;1;1;-22,9900288;-44,2400768;"SPRF-RJ";"DEL03-RJ";"UOP03-DEL03-RJ"
665741;2025-03-07;"sexta-feira";"14:00:00";"MG";40;728,9;"OLIVEIRA FORTES";"Velocidade Incompatível";"Colisão com objeto";"Com Vítimas Feridas";"Pleno dia";"Crescente";"Nublado";"Dupla";"Declive;Curva";"Não";4;0;2;0;2;0;2;1;-21,34548503;-43,58272076;"SPRF-MG";"DEL05-MG";"UOP01-DEL05-MG"
665744;2025-02-28;"sexta-feira";"15:15:00";"RJ";116;268,5;"BARRA MANSA";"Ausência de reação do condutor";"Colisão com objeto";"Com Vítimas Feridas";"Pleno dia";"Decrescente";"Céu Claro";"Dupla";"Curva";"Não";2;0;1;0;1;0;1;1;-22,575775;-44,11477;"SPRF-RJ";"DEL07-RJ";"UOP02-DEL07-RJ"
665747;2025-03-07;"sexta-feira";"14:03:00";"PR";277;698;"SAO MIGUEL DO IGUACU";"Acessar a via sem observar a presença dos outros veículos";"Colisão lateral mesmo sentido";"Com Vítimas Feridas";"Pleno dia";"Decrescente";"Céu Claro";"Dupla";"Reta";"Não";2;0;1;0;1;0;1;2;-25,37570551;-54,27361965;"SPRF-PR";"DEL05-PR";"UOP01-DEL05-PR"
665749;2025-03-07;"sexta-feira";"14:10:00";"PR";376;5,6;"MANDAGUARI";"Velocidade Incompatível";"Colisão frontal";"Com Vítimas Feridas";"Pleno dia";"Crescente";"Céu Claro";"Simples";"Reta";"Sim";3;0;0;2;0;1;2;3;-23,52849;-51,67634;"SPRF-PR";"DEL09-PR";"UOP01-DEL09-PR"
665753;2025-03-07;"sexta-feira";"11:40:00";"RS";116;517;"PELOTAS";"Transitar na contramão";"Colisão frontal";"Com Vítimas Feridas";"Pleno dia";"Decrescente";"Céu Claro";"Simples";"Reta";"Não";1;0;1;0;0;0;1;1;-31,682756;-52,344203;"SPRF-RS";"DEL07-RS";"UOP01-DEL07-RS"
665754;2025-02-22;"sábado";"02:20:00";"RO";364;318,1;"PRESIDENTE MEDICI";"Ausência de reação do condutor";"Colisão traseira";"Sem Vítimas";"Plena Noite";"Crescente";"Céu Claro";"Simples";"Reta";"Não";6;0;0;0;6;0;0;2;-11,081517;-61,916725;"SPRF-RO";"DEL02-RO";"UOP01-DEL02-RO"
665755;2025-03-07;"sexta-feira";"14:45:00";"PR";376;209,4;"MANDAGUARI";"Ausência de reação do condutor";"Saída de leito carroçável";"Com Vítimas Feridas";"Pleno dia";"Decrescente";"Céu Claro";"Dupla";"Reta";"Não";1;0;0;1;0;0;1;1;-23,54925467;-51,68121;"SPRF-PR";"DEL09-PR";"UOP01-DEL09-PR"
665756;2025-03-07;"sexta-feira";"15:10:00";"RJ";40;112;"DUQUE DE CAXIAS";"Manobra de mudança de faixa";"Colisão lateral mesmo sentido";"Com Vítimas Feridas";"Pleno dia";"Decrescente";"Sol";"Dupla";"Reta";"Sim";2;0;1;0;0;1;1;2;-22,7073228;-43,2900637;"SPRF-RJ";"DEL01-RJ";"UOP02-DEL01-RJ"
665758;2025-03-07;"sexta-feira";"13:11:00";"PR";277;724;"FOZ DO IGUACU";"Transitar na contramão";"Colisão lateral sentido oposto";"Com Vítimas Feridas";"Pleno dia";"Decrescente";"Céu Claro";"Dupla";"Reta";"Sim";4;0;0;2;1;1;2;3;-25,50034429;-54,53311801;"SPRF-PR";"DEL05-PR";"UOP03-DEL05-PR"
665760;2025-03-07;"sexta-feira";"15:40:00";"SC";101;136,6;"BALNEARIO CAMBORIU";"Reação tardia ou ineficiente do condutor";"Colisão traseira";"Com Vítimas Feridas";"Pleno dia";"Decrescente";"Céu Claro";"Dupla";"Reta";"Sim";3;0;1;0;2;0;1;2;-27,01203961;-48,61371535;"SPRF-SC";"DEL04-SC";"UOP03-DEL04-SC"
665761;2025-03-07;"sexta-feira";"16:40:00";"PR";277;70;"CURITIBA";"Ausência de reação do condutor";"Tombamento";"Com Vítimas Feridas";"Pleno dia";"Decrescente";"Céu Claro";"Simples";"Curva";"Não";1;0;1;0;0;0;1;1;-25,4509056;-49,250304;"SPRF-PR";"DEL01-PR";"UOP01-DEL01-PR"
665762;2025-03-07;"sexta-feira";"15:48:00";"SP";459;22;"LORENA";"Avarias e/ou desgaste excessivo no pneu";"Tombamento";"Com Vítimas Feridas";"Pleno dia";"Crescente";"Céu Claro";"Simples";"Reta";"Não";2;0;0;2;0;0;2;1;-22,67881861;-45,13570847;"SPRF-SP";"DEL08-SP";"UOP02-DEL08-SP"
665763;2025-03-07;"sexta-feira";"15:30:00";"RS";448;17;"CANOAS";"Manobra de mudança de faixa";"Colisão lateral mesmo sentido";"Com Vítimas Feridas";"Pleno dia";"Crescente";"Céu Claro";"Múltipla";"Reta";"Não";3;0;1;0;1;1;1;3;-29,93390554;-51,21068716;"SPRF-RS";"DEL01-RS";"UOP01-DEL01-RS"
665764;2025-03-07;"sexta-feira";"12:30:00";"PR";277;175;"PALMEIRA";"Acessar a via sem observar a presença dos outros veículos";"Colisão lateral mesmo sentido";"Com Vítimas Feridas";"Pleno dia";"Decrescente";"Céu Claro";"Dupla";"Rotatória";"Sim";3;0;2;0;1;0;2;2;-25,43496619;-49,98596722;"SPRF-PR";"DEL08-PR";"UOP02-DEL08-PR"
665765;2025-03-07;"sexta-feira";"16:31:00";"MG";381;677;"PERDOES";"Reação tardia ou ineficiente do condutor";"Colisão com objeto";"Com Vítimas Feridas";"Pleno dia";"Decrescente";"Céu Claro";"Simples";"Curva";"Sim";1;0;1;0;0;0;1;1;-21,1063415;-45,09094834;"SPRF-MG";"DEL04-MG";"UOP02-DEL04-MG"
665766;2025-03-07;"sexta-feira";"16:00:00";"PE";101;70;"RECIFE";"Acessar a via sem observar a presença dos outros veículos";"Colisão transversal";"Com Vítimas Feridas";"Pleno dia";"Crescente";"Céu Claro";"Dupla";"Reta";"Sim";2;0;1;0;1;0;1;2;-8,071121;-34,939258;"SPRF-PE";"DEL01-PE";"UOP01-DEL01-PE"
665768;2025-03-07;"sexta-feira";"16:40:00";"ES";101;392,3;"RIO NOVO DO SUL";"Acessar a via sem observar a presença dos outros veículos";"Colisão transversal";"Com Vítimas Feridas";"Pleno dia";"Crescente";"Nublado";"Simples";"Interseção de Vias";"Não";2;0;1;0;1;0;1;2;-20,8673897;-40,9044014;"SPRF-ES";"DEL03-ES";"UOP02-DEL03-ES"
665772;2025-03-07;"sexta-feira";"16:14:00";"MG";365;644;"INDIANOPOLIS";"Mal súbito do condutor";"Queda de ocupante de veículo";"Com Vítimas Feridas";"Pleno dia";"Crescente";"Sol";"Dupla";"Aclive";"Não";2;0;1;0;1;0;1;1;-18,884065;-48;"SPRF-MG";"DEL15-MG";"UOP01-DEL15-MG"
665773;2025-03-07;"sexta-feira";"17:40:00";"SC";101;207,7;"SAO JOSE";"Manobra de mudança de faixa";"Colisão lateral mesmo sentido";"Com Vítimas Feridas";"Pleno dia";"Decrescente";"Céu Claro";"Múltipla";"Reta";"Sim";4;0;0;1;3;0;1;3;-27,60231;-48,62929;"SPRF-SC";"DEL01-SC";"UOP01-DEL01-SC"
665775;2025-03-07;"sexta-feira";"17:20:00";"ES";101;296,9;"CARIACICA";"Avarias e/ou desgaste excessivo no pneu";"Tombamento";"Com Vítimas Feridas";"Pleno dia";"Decrescente";"Céu Claro";"Dupla";"Reta";"Sim";2;0;2;0;0;0;2;1;-20,344795;-40,409725;"SPRF-ES";"DEL01-ES";"UOP01-DEL01-ES"
665776;2025-03-07;"sexta-feira";"17:01:00";"SC";282;24;"SANTO AMARO DA IMPERATRIZ";"Reação tardia ou ineficiente do condutor";"Engavetamento";"Com Vítimas Feridas";"Pleno dia";"Decrescente";"Céu Claro";"Simples";"Reta";"Não";4;0;2;0;2;0;2;3;-27,68213;-48,745528;"SPRF-SC";"DEL01-SC";"UOP03-DEL01-SC"
665777;2025-03-07;"sexta-feira";"17:40:00";"MG";381;502,5;"BETIM";"Trafegar com motocicleta (ou similar) entre as faixas";"Colisão traseira";"Com Vítimas Feridas";"Pleno dia";"Decrescente";"Céu Claro";"Dupla";"Reta";"Sim";4;0;2;0;2;0;2;3;-20,01944009;-44,2283392;"SPRF-MG";"DEL01-MG";"UOP03-DEL01-MG"
665778;2025-03-07;"sexta-feira";"17:30:00";"RN";226;4,4;"NATAL";"Conversão proibida";"Colisão transversal";"Com Vítimas Feridas";"Anoitecer";"Crescente";"Céu Claro";"Simples";"Reta";"Sim";3;0;1;0;2;0;1;2;-5,819147;-35,263328;"SPRF-RN";"DEL01-RN";"UOP02-DEL01-RN"
665782;2025-03-07;"sexta-feira";"18:30:00";"SP";381;71;"MAIRIPORA";"Reação tardia ou ineficiente do condutor";"Colisão traseira";"Com Vítimas Feridas";"Plena Noite";"Crescente";"Céu Claro";"Dupla";"Reta";"Não";3;0;1;0;2;0;1;2;-23,354518;-46,550081;"SPRF-SP";"DEL03-SP";"UOP01-DEL03-SP"
665783;2025-03-07;"sexta-feira";"18:35:00";"BA";116;426;"FEIRA DE SANTANA";"Acesso irregular";"Colisão transversal";"Com Vítimas Feridas";"Plena Noite";"Crescente";"Céu Claro";"Dupla";"Reta";"Sim";2;0;1;1;0;0;2;2;-12,25062307;-38,98847337;"SPRF-BA";"DEL02-BA";"UOP01-DEL02-BA"
665784;2025-03-07;"sexta-feira";"17:34:00";"RJ";116;142;"DUQUE DE CAXIAS";"Ausência de reação do condutor";"Queda de ocupante de veículo";"Com Vítimas Feridas";"Pleno dia";"Crescente";"Céu Claro";"Dupla";"Reta";"Não";1;0;1;0;0;0;1;1;-22,64724456;-43,2200861;"SPRF-RJ";"DEL01-RJ";"UOP02-DEL01-RJ"
665785;2025-03-07;"sexta-feira";"16:00:00";"MG";153;244,5;"FRONTEIRA";"Ultrapassagem Indevida";"Colisão frontal";"Com Vítimas Feridas";"Pleno dia";"Decrescente";"Céu Claro";"Simples";"Reta";"Sim";4;0;2;2;0;0;4;2;-20,285461;-49,198775;"SPRF-MG";"DEL13-MG";"UOP02-DEL13-MG"
665786;2025-03-07;"sexta-feira";"18:00:00";"PR";476;145;"CURITIBA";"Reação tardia ou ineficiente do condutor";"Engavetamento";"Com Vítimas Feridas";"Anoitecer";"Decrescente";"Céu Claro";"Dupla";"Reta;Aclive";"Sim";6;0;1;0;5;0;1;3;-25,5489056;-49,3241192;"SPRF-PR";"DEL01-PR";"UOP06-DEL01-PR"
665787;2025-03-07;"sexta-feira";"17:30:00";"RS";116;523;"PELOTAS";"Reação tardia ou ineficiente do condutor";"Colisão lateral mesmo sentido";"Com Vítimas Feridas";"Pleno dia";"Crescente";"Céu Claro";"Dupla";"Reta";"Sim";2;0;1;0;1;0;1;2;-31,72895239;-52,38755102;"SPRF-RS";"DEL07-RS";"UOP01-DEL07-RS"
665788;2025-03-07;"sexta-feira";"15:36:00";"MA";135;48;"BACABEIRA";"Manobra de mudança de faixa";"Capotamento";"Com Vítimas Feridas";"Pleno dia";"Decrescente";"Chuva";"Dupla";"Reta;Declive";"Não";2;0;0;1;1;0;1;2;-2,95101;-44,32595;"SPRF-MA";"DEL01-MA";"UOP01-DEL01-MA"
665789;2025-03-07;"sexta-feira";"19:00:00";"PE";101;83;"JABOATAO DOS GUARARAPES";"Condutor deixou de manter distância do veículo da frente";"Colisão lateral mesmo sentido";"Com Vítimas Feridas";"Plena Noite";"Decrescente";"Céu Claro";"Dupla";"Curva";"Sim";2;0;1;0;1;0;1;2;-8,144191;-34,947544;"SPRF-PE";"DEL01-PE";"UOP01-DEL01-PE"
665791;2025-03-07;"sexta-feira";"18:20:00";"MG";116;702;"MURIAE";"Desrespeitar a preferência no cruzamento";"Colisão transversal";"Com Vítimas Feridas";"Plena Noite";"Crescente";"Céu Claro";"Simples";"Interseção de Vias;Rotatória";"Sim";3;0;1;0;0;2;1;3;-21,125;-42,382;"SPRF-MG";"DEL07-MG";"UOP02-DEL07-MG"
665792;2025-03-07;"sexta-feira";"18:30:00";"CE";20;391;"CAUCAIA";"Entrada inopinada do pedestre";"Atropelamento de Pedestre";"Com Vítimas Feridas";"Plena Noite";"Crescente";"Céu Claro";"Simples";"Reta";"Não";2;0;0;1;1;0;1;2;-3,85457038;-38,78611196;"SPRF-CE";"DEL01-CE";"UOP01-DEL01-CE"
665793;2025-03-07;"sexta-feira";"19:30:00";"RJ";40;104;"DUQUE DE CAXIAS";"Deixar de acionar o farol da motocicleta (ou similar)";"Colisão transversal";"Com Vítimas Feridas";"Plena Noite";"Decrescente";"Céu Claro";"Simples";"Reta";"Sim";2;0;1;0;1;0;1;2;-22,6355622;-43,2838204;"SPRF-RJ";"DEL01-RJ";"UOP02-DEL01-RJ"
665795;2025-03-07;"sexta-feira";"17:50:00";"RS";386;40,3;"FREDERICO WESTPHALEN";"Ausência de reação do condutor";"Colisão traseira";"Com Vítimas Feridas";"Pleno dia";"Crescente";"Céu Claro";"Dupla";"Rotatória";"Não";2;0;1;0;0;1;1;2;-27,40694047;-53,41477529;"SPRF-RS";"DEL08-RS";"UOP02-DEL08-RS"
665796;2025-03-07;"sexta-feira";"14:40:00";"SP";116;54;"LORENA";"Animais na Pista";"Atropelamento de Animal";"Com Vítimas Feridas";"Pleno dia";"Crescente";"Céu Claro";"Dupla";"Reta";"Não";1;0;1;0;0;0;1;1;-22,76294804;-45,12188973;"SPRF-SP";"DEL08-SP";"UOP02-DEL08-SP"
665798;2025-03-07;"sexta-feira";"18:00:00";"SP";153;277,3;"MARILIA";"Ultrapassagem Indevida";"Saída de leito carroçável";"Com Vítimas Feridas";"Pleno dia";"Decrescente";"Céu Claro";"Simples";"Reta";"Não";3;0;1;0;0;2;1;3;-22,2625792;-49,9286016;"SPRF-SP";"DEL07-SP";"UOP02-DEL07-SP"
665799;2025-03-07;"sexta-feira";"18:12:00";"MG";381;694,5;"LAVRAS";"Afundamento ou ondulação no pavimento";"Queda de ocupante de veículo";"Com Vítimas Feridas";"Anoitecer";"Decrescente";"Céu Claro";"Dupla";"Declive;Reta";"Não";1;0;1;0;0;0;1;1;-21,236668;-45,135295;"SPRF-MG";"DEL04-MG";"UOP02-DEL04-MG"
665800;2025-03-07;"sexta-feira";"20:35:00";"SP";116;207;"GUARULHOS";"Objeto estático sobre o leito carroçável";"Queda de ocupante de veículo";"Com Vítimas Feridas";"Plena Noite";"Crescente";"Nublado";"Múltipla";"Reta";"Sim";1;0;1;0;0;0;1;1;-23,42112416;-46,39289162;"SPRF-SP";"DEL01-SP";"UOP01-DEL01-SP"
665801;2025-03-07;"sexta-feira";"17:20:00";"MG";50;110;"UBERABA";"Ausência de reação do condutor";"Saída de leito carroçável";"Com Vítimas Feridas";"Pleno dia";"Crescente";"Céu Claro";"Dupla";"Reta;Declive";"Não";1;0;0;1;0;0;1;1;-19,228876;-48,143394;"SPRF-MG";"DEL13-MG";"UOP01-DEL13-MG"
665802;2025-03-07;"sexta-feira";"13:00:00";"RO";364;424;"JARU";"Desrespeitar a preferência no cruzamento";"Colisão transversal";"Com Vítimas Feridas";"Pleno dia";"Decrescente";"Garoa/Chuvisco";"Múltipla";"Interseção de Vias";"Sim";2;0;1;0;1;0;1;2;-10,43977585;-62,46908784;"SPRF-RO";"DEL03-RO";"UOP02-DEL03-RO"
665803;2025-03-07;"sexta-feira";"17:50:00";"MG";50;175,9;"UBERABA";"Condutor deixou de manter distância do veículo da frente";"Colisão transversal";"Com Vítimas Feridas";"Anoitecer";"Decrescente";"Céu Claro";"Dupla";"Declive;Reta";"Sim";3;0;2;0;1;0;2;2;-19,779205;-47,960621;"SPRF-MG";"DEL13-MG";"UOP01-DEL13-MG"
665804;2025-03-07;"sexta-feira";"20:00:00";"RJ";116;129;"MAGE";"Ausência de reação do condutor";"Tombamento";"Com Vítimas Feridas";"Plena Noite";"Crescente";"Céu Claro";"Dupla";"Reta";"Não";1;0;1;0;0;0;1;1;-22,65579924;-43,12374115;"SPRF-RJ";"DEL04-RJ";"UOP02-DEL04-RJ"
665805;2025-03-07;"sexta-feira";"20:50:00";"SP";116;220;"GUARULHOS";"Objeto estático sobre o leito carroçável";"Colisão com objeto";"Com Vítimas Feridas";"Plena Noite";"Decrescente";"Céu Claro";"Múltipla";"Reta;Em Obras";"Sim";1;0;1;0;0;0;1;1;-23,46315587;-46,49549757;"SPRF-SP";"DEL01-SP";"UOP01-DEL01-SP"
665806;2025-03-07;"sexta-feira";"20:30:00";"MG";153;147,8;"COMENDADOR GOMES";"Velocidade Incompatível";"Saída de leito carroçável";"Com Vítimas Feridas";"Plena Noite";"Crescente";"Céu Claro";"Simples";"Interseção de Vias";"Não";1;0;1;0;0;0;1;1;-19,629243;-48,848944;"SPRF-MG";"DEL13-MG";"UOP02-DEL13-MG"
665807;2025-03-07;"sexta-feira";"20:00:00";"BA";116;17,1;"VITORIA DA CONQUISTA";"Acessar a via sem observar a presença dos outros veículos";"Colisão transversal";"Com Vítimas Feridas";"Plena Noite";"Crescente";"Céu Claro";"Simples";"Interseção de Vias;Curva";"Sim";2;0;0;1;1;0;1;2;-14,90222851;-40,84045172;"SPRF-BA";"DEL08-BA";"UOP01-DEL08-BA"
665808;2025-03-07;"sexta-feira";"20:00:00";"SC";101;79;"ARAQUARI";"Demais falhas mecânicas ou elétricas";"Saída de leito carroçável";"Com Vítimas Feridas";"Plena Noite";"Decrescente";"Céu Claro";"Dupla";"Reta;Retorno Regulamentado";"Não";3;0;2;0;1;0;2;1;-26,59579407;-48,72255743;"SPRF-SC";"DEL03-SC";"UOP02-DEL03-SC"
665809;2025-03-07;"sexta-feira";"18:00:00";"MG";50;176;"UBERABA";"Demais falhas mecânicas ou elétricas";"Tombamento";"Com Vítimas Feridas";"Anoitecer";"Crescente";"Céu Claro";"Dupla";"Reta";"Não";2;0;2;0;0;0;2;1;-19,779401;-47,959306;"SPRF-MG";"DEL13-MG";"UOP01-DEL13-MG"