"id";"data_inversa";"dia_semana";"horario";"uf";"br";"km";"municipio";"causa_acidente";"tipo_acidente";"classificacao_acidente";"fase_dia";"sentido_via";"condicao_metereologica";"tipo_pista";"tracado_via";"uso_solo";"pessoas";"mortos";"feridos_leves";"feridos_graves";"ilesos";"ignorados";"feridos";"veiculos";"latitude";"longitude";"regional";"delegacia";"uop"
665810;2025-03-07;"sexta-feira";"21:01:00";"BA";324;615,1;"SALVADOR";"Acumulo de areia ou detritos sobre o pavimento";"Tombamento";"Com Vítimas Feridas";"Plena Noite";"Decrescente";"Chuva";"Dupla";"Curva";"Não";2;0;2;0;0;0;2;1;-12,880639;-38,432556;"SPRF-BA";"DEL01-BA";"UOP01-DEL01-BA"
665811;2025-03-07;"sexta-feira";"19:10:00";"MT";163;811;"SINOP";"Demais falhas mecânicas ou elétricas";"Colisão transversal";"Sem Vítimas";"Plena Noite";"Crescente";"Chuva";"Simples";"Reta";"Não";2;0;0;0;1;1;0;2;-12,076728;-55,517559;"SPRF-MT";"DEL06-MT";"UOP02-DEL06-MT"
665812;2025-03-07;"sexta-feira";"18:10:00";"BA";110;366;"CATU";"Reação tardia ou ineficiente do condutor";"Colisão traseira";"Com Vítimas Feridas";"Anoitecer";"Decrescente";"Céu Claro";"Simples";"Reta";"Sim";2;0;1;0;1;0;1;2;-12,35878724;-38,39218175;"SPRF-BA";"DEL01-BA";"UOP04-DEL01-BA"
665813;2025-03-07;"sexta-feira";"16:20:00";"BA";101;263;"SANTO ANTONIO DE JESUS";"Acessar a via sem observar a presença dos outros veículos";"Colisão transversal";"Sem Vítimas";"Pleno dia";"Crescente";"Sol";"Simples";"Rotatória;Reta;Declive";"Sim";2;0;0;0;2;0;0;2;-12,975351;-39,275873;"SPRF-BA";"DEL01-BA";"UOP02-DEL01-BA"
665816;2025-03-07;"sexta-feira";"21:10:00";"SC";101;206,3;"SAO JOSE";"Reação tardia ou ineficiente do condutor";"Colisão lateral mesmo sentido";"Com Vítimas Feridas";"Plena Noite";"Decrescente";"Céu Claro";"Múltipla";"Reta";"Sim";2;0;1;0;1;0;1;2;-27,59271053;-48,61809611;"SPRF-SC";"DEL01-SC";"UOP01-DEL01-SC"
665817;2025-03-07;"sexta-feira";"20:41:00";"ES";101;291,7;"CARIACICA";"Frear bruscamente";"Colisão traseira";"Com Vítimas Feridas";"Plena Noite";"Decrescente";"Céu Claro";"Dupla";"Reta";"Não";2;0;1;0;0;1;1;2;-20,3048807;-40,39483925;"SPRF-ES";"DEL01-ES";"UOP01-DEL01-ES"
665818;2025-03-07;"sexta-feira";"19:30:00";"PB";230;473;"SOUSA";"Transitar na contramão";"Colisão frontal";"Com Vítimas Fatais";"Plena Noite";"Crescente";"Nublado";"Simples";"Curva;Aclive";"Não";2;1;1;0;0;0;1;2;-6,839808;-38,316278;"SPRF-PB";"DEL03-PB";"UOP03-DEL03-PB"
665820;2025-03-07;"sexta-feira";"19:00:00";"RJ";116;210;"SEROPEDICA";"Demais falhas mecânicas ou elétricas";"Incêndio";"Sem Vítimas";"Plena Noite";"Crescente";"Céu Claro";"Dupla";"Reta";"Sim";1;0;0;0;1;0;0;1;-22,7147776;-43,7256192;"SPRF-RJ";"DEL06-RJ";"UOP02-DEL06-RJ"
665822;2025-03-07;"sexta-feira";"20:16:00";"AL";104;88;"RIO LARGO";"Reação tardia ou ineficiente do condutor";"Colisão traseira";"Com Vítimas Feridas";"Plena Noite";"Decrescente";"Nublado";"Dupla";"Reta";"Sim";2;0;0;1;0;1;1;2;-9,479779;-35,819675;"SPRF-AL";"DEL01-AL";"UOP01-DEL01-AL"
665823;2025-03-07;"sexta-feira";"18:20:00";"SP";116;509;"CAJATI";"Reação tardia ou ineficiente do condutor";"Colisão com objeto";"Com Vítimas Feridas";"Anoitecer";"Decrescente";"Céu Claro";"Simples";"Aclive;Curva";"Não";1;0;1;0;0;0;1;1;-24,832208;-48,214594;"SPRF-SP";"DEL05-SP";"UOP02-DEL05-SP"
665825;2025-03-07;"sexta-feira";"21:40:00";"PE";423;29;"SAO CAITANO";"Animais na Pista";"Atropelamento de Animal";"Com Vítimas Feridas";"Plena Noite";"Crescente";"Céu Claro";"Simples";"Reta";"Não";1;0;1;0;0;0;1;1;-8,3295734;-36,1226676;"SPRF-PE";"DEL03-PE";"UOP02-DEL03-PE"
665826;2025-03-07;"sexta-feira";"21:10:00";"GO";60;163;"GOIANIA";"Ausência de reação do condutor";"Atropelamento de Pedestre";"Com Vítimas Feridas";"Plena Noite";"Crescente";"Céu Claro";"Dupla";"Reta";"Não";2;0;1;1;0;0;2;2;-16,702551;-49,338378;"SPRF-GO";"DEL01-GO";"UOP02-DEL01-GO"
665827;2025-03-07;"sexta-feira";"20:15:00";"MG";356;265,7;"MURIAE";"Transitar na contramão";"Colisão frontal";"Com Vítimas Feridas";"Plena Noite";"Crescente";"Nublado";"Simples";"Reta";"Sim";2;0;0;2;0;0;2;2;-21,12686322;-42,37209147;"SPRF-MG";"DEL07-MG";"UOP02-DEL07-MG"
665828;2025-03-07;"sexta-feira";"20:30:00";"MG";116;120;"ITAOBIM";"Ausência de reação do condutor";"Atropelamento de Pedestre";"Com Vítimas Fatais";"Plena Noite";"Crescente";"Céu Claro";"Simples";"Reta;Declive";"Não";8;1;0;0;7;0;0;3;-16,613738;-41,500786;"SPRF-MG";"DEL11-MG";"UOP02-DEL11-MG"
665829;2025-03-07;"sexta-feira";"22:05:00";"RS";290;29,9;"SANTO ANTONIO DA PATRULHA";"Entrada inopinada do pedestre";"Atropelamento de Pedestre";"Com Vítimas Fatais";"Plena Noite";"Decrescente";"Céu Claro";"Dupla";"Reta";"Não";4;1;0;0;3;0;0;4;-29,883774;-50,554814;"SPRF-RS";"DEL03-RS";"UOP01-DEL03-RS"
665831;2025-03-07;"sexta-feira";"17:20:00";"MS";163;177;"JUTI";"Frear bruscamente";"Colisão traseira";"Sem Vítimas";"Anoitecer";"Decrescente";"Céu Claro";"Simples";"Reta";"Não";3;0;0;0;2;1;0;2;-22,84936892;-54,65531583;"SPRF-MS";"DEL09-MS";"UOP01-DEL09-MS"
665832;2025-03-07;"sexta-feira";"22:15:00";"SC";280;29,7;"ARAQUARI";"Desrespeitar a preferência no cruzamento";"Colisão transversal";"Com Vítimas Feridas";"Plena Noite";"Decrescente";"Chuva";"Simples";"Reta";"Sim";3;0;2;0;1;0;2;2;-26,4151393;-48,768321;"SPRF-SC";"DEL03-SC";"UOP03-DEL03-SC"
665834;2025-03-07;"sexta-feira";"20:55:00";"MG";459;38,4;"CALDAS";"Frear bruscamente";"Saída de leito carroçável";"Com Vítimas Feridas";"Plena Noite";"Decrescente";"Céu Claro";"Simples";"Reta";"Não";1;0;1;0;0;0;1;1;-21,9638659;-46,3363966;"SPRF-MG";"DEL09-MG";"UOP01-DEL09-MG"
665836;2025-03-07;"sexta-feira";"20:20:00";"RS";285;84;"VACARIA";"Animais na Pista";"Atropelamento de Animal";"Sem Vítimas";"Plena Noite";"Crescente";"Céu Claro";"Simples";"Reta";"Não";1;0;0;0;1;0;0;1;-28,4938331;-50,9237258;"SPRF-RS";"DEL05-RS";"UOP03-DEL05-RS"
665838;2025-03-07;"sexta-feira";"22:35:00";"PR";116;10,7;"COLOMBO";"Pedestre andava na pista";"Atropelamento de Pedestre";"Com Vítimas Feridas";"Plena Noite";"Crescente";"Céu Claro";"Dupla";"Reta";"Sim";3;0;0;1;2;0;1;2;-25,37183296;-49,13487521;"SPRF-PR";"DEL01-PR";"UOP02-DEL01-PR"
665841;2025-03-07;"sexta-feira";"23:45:00";"MG";116;276;"TEOFILO OTONI";"Animais na Pista";"Atropelamento de Animal";"Com Vítimas Feridas";"Plena Noite";"Crescente";"Céu Claro";"Simples";"Reta;Declive";"Não";1;0;0;1;0;0;1;1;-18,000904;-41,581685;"SPRF-MG";"DEL11-MG";"UOP01-DEL11-MG"
665842;2025-03-08;"sábado";"00:00:00";"RO";364;228;"CACOAL";"Ingestão de álcool pelo condutor";"Colisão traseira";"Com Vítimas Feridas";"Plena Noite";"Crescente";"Nublado";"Simples";"Reta";"Não";3;0;0;1;2;0;1;2;-11,485273;-61,38513;"SPRF-RO";"DEL02-RO";"UOP02-DEL02-RO"
665844;2025-03-07;"sexta-feira";"22:15:00";"RO";174;16;"VILHENA";"Conversão proibida";"Colisão frontal";"Com Vítimas Feridas";"Plena Noite";"Crescente";"Garoa/Chuvisco";"Simples";"Reta";"Sim";3;0;0;2;1;0;2;2;-12,7130233;-60,12607098;"SPRF-RO";"DEL04-RO";"UOP01-DEL04-RO"
665845;2025-03-08;"sábado";"01:05:00";"RS";386;347,1;"LAJEADO";"Ingestão de álcool pelo condutor";"Colisão com objeto";"Com Vítimas Feridas";"Plena Noite";"Decrescente";"Céu Claro";"Dupla";"Em Obras;Reta;Desvio Temporário;Viaduto";"Sim";3;0;0;1;1;1;1;2;-29,45213062;-51,9653374;"SPRF-RS";"DEL04-RS";"UOP01-DEL04-RS"
665847;2025-03-08;"sábado";"01:55:00";"PR";116;126;"FAZENDA RIO GRANDE";"Ausência de reação do condutor";"Colisão traseira";"Com Vítimas Feridas";"Plena Noite";"Decrescente";"Céu Claro";"Dupla";"Reta";"Sim";2;0;1;0;1;0;1;2;-25,637275;-49,313062;"SPRF-PR";"DEL01-PR";"UOP03-DEL01-PR"
665848;2025-03-08;"sábado";"00:30:00";"PR";376;618;"SAO JOSE DOS PINHAIS";"Ingestão de álcool pelo condutor";"Colisão com objeto";"Com Vítimas Feridas";"Plena Noite";"Crescente";"Nublado";"Dupla";"Reta";"Sim";2;0;1;0;1;0;1;2;-25,59517225;-49,1736536;"SPRF-PR";"DEL01-PR";"UOP04-DEL01-PR"
665850;2025-03-08;"sábado";"01:00:00";"RS";285;83,9;"BOM JESUS";"Ausência de reação do condutor";"Saída de leito carroçável";"Com Vítimas Fatais";"Plena Noite";"Decrescente";"Céu Claro";"Simples";"Curva";"Não";1;1;0;0;0;0;0;1;-28,644955;-50,638019;"SPRF-RS";"DEL05-RS";"UOP03-DEL05-RS"
665852;2025-03-08;"sábado";"01:30:00";"RS";116;259;"ESTEIO";"Transitar na contramão";"Colisão frontal";"Com Vítimas Feridas";"Plena Noite";"Crescente";"Céu Claro";"Simples";"Curva";"Sim";3;0;1;0;0;2;1;3;-29,866041;-51,1796179;"SPRF-RS";"DEL01-RS";"UOP02-DEL01-RS"
665854;2025-03-08;"sábado";"00:20:00";"RS";293;273;"DOM PEDRITO";"Ingestão de álcool pelo condutor";"Capotamento";"Com Vítimas Feridas";"Plena Noite";"Crescente";"Céu Claro";"Simples";"Reta";"Não";3;0;2;1;0;0;3;1;-30,88456631;-54,87662315;"SPRF-RS";"DEL11-RS";"UOP01-DEL11-RS"
665855;2025-03-08;"sábado";"03:00:00";"SC";285;35,8;"TIMBE DO SUL";"Reação tardia ou ineficiente do condutor";"Tombamento";"Com Vítimas Feridas";"Plena Noite";"Decrescente";"Céu Claro";"Simples";"Reta";"Não";1;0;1;0;0;0;1;1;-28,83202;-49,848778;"SPRF-SC";"DEL02-SC";"UOP02-DEL02-SC"
665856;2025-03-08;"sábado";"03:15:00";"SC";470;56;"BLUMENAU";"Ingestão de álcool pelo condutor";"Colisão com objeto";"Sem Vítimas";"Plena Noite";"Crescente";"Céu Claro";"Dupla";"Reta";"Sim";1;0;0;0;0;1;0;1;-26,87744;-49,13024;"SPRF-SC";"DEL04-SC";"UOP01-DEL04-SC"
665861;2025-03-08;"sábado";"03:35:00";"SP";116;131;"CACAPAVA";"Condutor Dormindo";"Colisão com objeto";"Com Vítimas Feridas";"Plena Noite";"Crescente";"Céu Claro";"Dupla";"Reta";"Não";1;0;1;0;0;0;1;1;-23,12742083;-45,73636609;"SPRF-SP";"DEL02-SP";"UOP02-DEL02-SP"
665863;2025-03-08;"sábado";"00:50:00";"MT";163;1016;"TERRA NOVA DO NORTE";"Ingestão de álcool pelo condutor";"Queda de ocupante de veículo";"Sem Vítimas";"Plena Noite";"Decrescente";"Garoa/Chuvisco";"Simples";"Reta";"Não";2;0;0;0;2;0;0;1;-10,36157871;-55,04563649;"SPRF-MT";"DEL06-MT";"UOP03-DEL06-MT"
665865;2025-03-08;"sábado";"04:00:00";"PR";277;683;"SAO MIGUEL DO IGUACU";"Reação tardia ou ineficiente do condutor";"Colisão com objeto";"Com Vítimas Feridas";"Plena Noite";"Crescente";"Céu Claro";"Dupla";"Declive;Curva";"Não";1;0;0;1;0;0;1;1;-25,333803;-54,194523;"SPRF-PR";"DEL05-PR";"UOP01-DEL05-PR"
665866;2025-03-08;"sábado";"04:00:00";"SC";282;525,1;"XAXIM";"Transitar na contramão";"Colisão frontal";"Com Vítimas Feridas";"Plena Noite";"Crescente";"Céu Claro";"Simples";"Curva";"Não";2;0;0;1;1;0;1;2;-26,936973;-52,499061;"SPRF-SC";"DEL07-SC";"UOP01-DEL07-SC"
665867;2025-03-08;"sábado";"04:10:00";"AL";316;152;"PALMEIRA DOS INDIOS";"Animais na Pista";"Atropelamento de Animal";"Sem Vítimas";"Plena Noite";"Crescente";"Nublado";"Simples";"Reta";"Não";1;0;0;0;1;0;0;1;-9,423087;-36,663038;"SPRF-AL";"DEL03-AL";"UOP01-DEL03-AL"
665868;2025-03-08;"sábado";"04:30:00";"PE";104;34,4;"CARUARU";"Animais na Pista";"Atropelamento de Animal";"Com Vítimas Feridas";"Amanhecer";"Decrescente";"Céu Claro";"Dupla";"Reta";"Não";2;0;1;0;1;0;1;2;-8,03781;-36,05181;"SPRF-PE";"DEL02-PE";"UOP01-DEL02-PE"
665869;2025-03-08;"sábado";"04:00:00";"SC";163;112;"GUARUJA DO SUL";"Ingestão de álcool pelo condutor";"Saída de leito carroçável";"Sem Vítimas";"Plena Noite";"Crescente";"Céu Claro";"Simples";"Reta";"Não";1;0;0;0;1;0;0;1;-26,39318071;-53,5208796;"SPRF-SC";"DEL07-SC";"UOP03-DEL07-SC"
665870;2025-03-08;"sábado";"05:10:00";"RJ";40;60;"PETROPOLIS";"Condutor Dormindo";"Saída de leito carroçável";"Com Vítimas Feridas";"Amanhecer";"Crescente";"Céu Claro";"Dupla";"Reta";"Não";1;0;1;0;0;0;1;1;-22,28576084;-43,12095165;"SPRF-RJ";"DEL05-RJ";"UOP02-DEL05-RJ"
665873;2025-03-08;"sábado";"02:20:00";"MG";365;350,5;"VARJAO DE MINAS";"Reação tardia ou ineficiente do condutor";"Queda de ocupante de veículo";"Com Vítimas Feridas";"Plena Noite";"Crescente";"Céu Claro";"Simples";"Reta";"Não";2;0;2;0;0;0;2;1;-18,428608;-46,068883;"SPRF-MG";"DEL10-MG";"UOP01-DEL10-MG"
665874;2025-03-08;"sábado";"02:00:00";"SC";480;128;"CHAPECO";"Acessar a via sem observar a presença dos outros veículos";"Colisão transversal";"Com Vítimas Feridas";"Plena Noite";"Decrescente";"Nublado";"Simples";"Reta;Declive";"Sim";2;0;0;2;0;0;2;2;-27,037898;-52,634112;"SPRF-SC";"DEL07-SC";"UOP01-DEL07-SC"
665876;2025-03-08;"sábado";"06:45:00";"SC";101;190,8;"BIGUACU";"Ausência de reação do condutor";"Saída de leito carroçável";"Com Vítimas Feridas";"Pleno dia";"Decrescente";"Garoa/Chuvisco";"Dupla";"Curva";"Não";3;0;1;1;1;0;2;2;-27,47693;-48,64083;"SPRF-SC";"DEL01-SC";"UOP01-DEL01-SC"
665877;2025-03-08;"sábado";"06:00:00";"SC";470;7;"NAVEGANTES";"Ingestão de álcool pelo condutor";"Colisão frontal";"Com Vítimas Feridas";"Amanhecer";"Decrescente";"Nublado";"Dupla";"Curva";"Sim";2;0;0;1;0;1;1;2;-26,84534125;-48,7149024;"SPRF-SC";"DEL04-SC";"UOP04-DEL04-SC"
665881;2025-03-08;"sábado";"00:00:00";"RJ";116;335;"RESENDE";"Ausência de sinalização";"Colisão lateral mesmo sentido";"Com Vítimas Feridas";"Plena Noite";"Crescente";"Céu Claro";"Dupla";"Curva";"Não";2;0;1;0;1;0;1;2;-22,49265373;-44,65538979;"SPRF-RJ";"DEL07-RJ";"UOP02-DEL07-RJ"
665884;2025-03-08;"sábado";"07:00:00";"SC";282;68;"RANCHO QUEIMADO";"Reação tardia ou ineficiente do condutor";"Saída de leito carroçável";"Com Vítimas Feridas";"Amanhecer";"Crescente";"Garoa/Chuvisco";"Simples";"Declive;Curva";"Não";1;0;1;0;0;0;1;1;-27,69118;-49,07219;"SPRF-SC";"DEL01-SC";"UOP03-DEL01-SC"
665885;2025-03-08;"sábado";"04:39:00";"MS";163;680;"RIO VERDE DE MATO GROSSO";"Ausência de reação do condutor";"Tombamento";"Com Vítimas Feridas";"Amanhecer";"Crescente";"Céu Claro";"Simples";"Reta";"Sim";1;0;1;0;0;0;1;1;-18,91596743;-54,83783506;"SPRF-MS";"DEL06-MS";"UOP02-DEL06-MS"
665889;2025-03-08;"sábado";"07:40:00";"RJ";116;176;"SAO JOAO DE MERITI";"Reação tardia ou ineficiente do condutor";"Tombamento";"Com Vítimas Feridas";"Pleno dia";"Decrescente";"Céu Claro";"Múltipla";"Reta";"Sim";2;0;2;0;0;0;2;1;-22,78563724;-43,37950945;"SPRF-RJ";"DEL06-RJ";"UOP01-DEL06-RJ"
665890;2025-03-08;"sábado";"07:09:00";"PE";101;46,2;"IGARASSU";"Transitar na calçada";"Colisão transversal";"Com Vítimas Feridas";"Pleno dia";"Crescente";"Céu Claro";"Múltipla";"Reta;Interseção de Vias";"Sim";2;0;1;0;1;0;1;2;-7,87396711;-34,90628958;"SPRF-PE";"DEL01-PE";"UOP02-DEL01-PE"
665892;2025-03-08;"sábado";"07:10:00";"CE";116;38,4;"HORIZONTE";"Ausência de reação do condutor";"Saída de leito carroçável";"Com Vítimas Fatais";"Pleno dia";"Decrescente";"Céu Claro";"Dupla";"Curva";"Sim";2;1;0;0;0;1;0;1;-4,083885;-38,498447;"SPRF-CE";"DEL01-CE";"UOP02-DEL01-CE"
665894;2025-03-08;"sábado";"08:27:00";"ES";262;33;"DOMINGOS MARTINS";"Acessar a via sem observar a presença dos outros veículos";"Colisão transversal";"Com Vítimas Feridas";"Pleno dia";"Crescente";"Céu Claro";"Dupla";"Reta";"Não";2;0;0;1;1;0;1;2;-20,375474;-40,584106;"SPRF-ES";"DEL01-ES";"UOP01-DEL01-ES"
665895;2025-03-08;"sábado";"06:35:00";"SC";101;151;"ITAPEMA";"Ausência de reação do condutor";"Saída de leito carroçável";"Sem Vítimas";"Pleno dia";"Decrescente";"Céu Claro";"Múltipla";"Reta";"Sim";1;0;0;0;0;1;0;1;-27,12672598;-48,60921264;"SPRF-SC";"DEL04-SC";"UOP03-DEL04-SC"
665901;2025-03-08;"sábado";"05:00:00";"RJ";101;23;"CAMPOS DOS GOYTACAZES";"Mal súbito do condutor";"Saída de leito carroçável";"Com Vítimas Fatais";"Amanhecer";"Crescente";"Nublado";"Simples";"Reta";"Não";1;1;0;0;0;0;0;1;-21,40915478;-41,34433854;"SPRF-RJ";"DEL08-RJ";"UOP01-DEL08-RJ"
665902;2025-03-08;"sábado";"08:00:00";"SP";381;36;"ATIBAIA";"Afundamento ou ondulação no pavimento";"Queda de ocupante de veículo";"Com Vítimas Feridas";"Pleno dia";"Crescente";"Céu Claro";"Dupla";"Reta";"Não";1;0;1;0;0;0;1;1;-23,10648462;-46,56935119;"SPRF-SP";"DEL03-SP";"UOP01-DEL03-SP"
665903;2025-03-08;"sábado";"08:30:00";"RS";293;147,9;"CANDIOTA";"Transitar na contramão";"Colisão frontal";"Com Vítimas Feridas";"Pleno dia";"Crescente";"Céu Claro";"Simples";"Reta";"Não";5;0;3;0;1;1;3;3;-31,405811;-53,753341;"SPRF-RS";"DEL11-RS";"UOP03-DEL11-RS"
665904;2025-03-08;"sábado";"08:30:00";"MG";40;511;"RIBEIRAO DAS NEVES";"Objeto estático sobre o leito carroçável";"Colisão com objeto";"Com Vítimas Feridas";"Pleno dia";"Crescente";"Céu Claro";"Dupla";"Reta";"Sim";2;0;2;0;0;0;2;1;-19,78275644;-44,11650181;"SPRF-MG";"DEL01-MG";"UOP02-DEL01-MG"
665905;2025-03-08;"sábado";"09:00:00";"GO";414;416;"ANAPOLIS";"Velocidade Incompatível";"Queda de ocupante de veículo";"Com Vítimas Feridas";"Pleno dia";"Crescente";"Céu Claro";"Simples";"Declive";"Não";2;0;2;0;0;0;2;1;-16,3203147;-48,8705763;"SPRF-GO";"DEL02-GO";"UOP01-DEL02-GO"
665906;2025-03-08;"sábado";"09:04:00";"ES";101;269;"SERRA";"Condutor desrespeitou a iluminação vermelha do semáforo";"Colisão transversal";"Com Vítimas Feridas";"Pleno dia";"Crescente";"Nublado";"Simples";"Reta";"Não";3;0;0;1;2;0;1;2;-20,054016;-40,3800064;"SPRF-ES";"DEL02-ES";"UOP01-DEL02-ES"
665907;2025-03-08;"sábado";"06:30:00";"RJ";101;194;"CASIMIRO DE ABREU";"Ingestão de álcool pelo condutor";"Colisão com objeto";"Com Vítimas Feridas";"Amanhecer";"Crescente";"Céu Claro";"Dupla";"Reta";"Não";2;0;2;0;0;0;2;1;-22,48488197;-42,09754944;"SPRF-RJ";"DEL08-RJ";"UOP04-DEL08-RJ"
665909;2025-03-08;"sábado";"07:38:00";"SC";280;30;"ARAQUARI";"Condutor deixou de manter distância do veículo da frente";"Colisão traseira";"Com Vítimas Feridas";"Pleno dia";"Decrescente";"Céu Claro";"Simples";"Reta";"Não";4;0;1;0;3;0;1;3;-26,41484878;-48,76152992;"SPRF-SC";"DEL03-SC";"UOP03-DEL03-SC"
665910;2025-03-08;"sábado";"08:30:00";"PR";467;109,1;"CASCAVEL";"Ausência de reação do condutor";"Queda de ocupante de veículo";"Com Vítimas Feridas";"Pleno dia";"Decrescente";"Céu Claro";"Dupla";"Reta;Retorno Regulamentado";"Sim";1;0;1;0;0;0;1;1;-24,92490345;-53,46627474;"SPRF-PR";"DEL04-PR";"UOP01-DEL04-PR"
665913;2025-03-08;"sábado";"10:00:00";"PE";232;8;"RECIFE";"Reação tardia ou ineficiente do condutor";"Saída de leito carroçável";"Com Vítimas Feridas";"Pleno dia";"Crescente";"Chuva";"Simples";"Reta";"Sim";1;0;1;0;0;0;1;1;-8,07647;-34,9713;"SPRF-PE";"DEL01-PE";"UOP01-DEL01-PE"
665914;2025-03-08;"sábado";"08:48:00";"MT";364;290;"JACIARA";"Reação tardia ou ineficiente do condutor";"Saída de leito carroçável";"Com Vítimas Feridas";"Pleno dia";"Decrescente";"Céu Claro";"Dupla";"Reta";"Não";2;0;1;1;0;0;2;1;-15,901325;-55,096522;"SPRF-MT";"DEL05-MT";"UOP02-DEL05-MT"
665916;2025-03-08;"sábado";"09:15:00";"RJ";101;312;"SAO GONCALO";"Avarias e/ou desgaste excessivo no pneu";"Tombamento";"Com Vítimas Feridas";"Pleno dia";"Crescente";"Céu Claro";"Dupla";"Reta";"Sim";2;0;0;2;0;0;2;1;-22,80071207;-43,05370331;"SPRF-RJ";"DEL02-RJ";"UOP02-DEL02-RJ"
665917;2025-03-08;"sábado";"09:50:00";"PB";101;86,6;"JOAO PESSOA";"Ausência de reação do condutor";"Colisão lateral mesmo sentido";"Com Vítimas Feridas";"Pleno dia";"Decrescente";"Céu Claro";"Dupla";"Reta";"Não";2;0;1;0;0;1;1;2;-7,1548406;-34,9077807;"SPRF-PB";"DEL01-PB";"UOP01-DEL01-PB"
665918;2025-03-08;"sábado";"10:30:00";"SP";101;40;"UBATUBA";"Acessar a via sem observar a presença dos outros veículos";"Colisão transversal";"Com Vítimas Feridas";"Pleno dia";"Crescente";"Céu Claro";"Simples";"Reta";"Sim";3;0;2;0;1;0;2;2;-23,4136433;-45,0337068;"SPRF-SP";"DEL06-SP";"UOP01-DEL06-SP"
665919;2025-03-08;"sábado";"10:15:00";"SC";282;557;"NOVA ITABERABA";"Ingestão de álcool pelo condutor";"Capotamento";"Com Vítimas Feridas";"Pleno dia";"Crescente";"Céu Claro";"Simples";"Declive;Curva";"Não";1;0;0;1;0;0;1;1;-26,92907972;-52,8436985;"SPRF-SC";"DEL07-SC";"UOP01-DEL07-SC"
665920;2025-03-08;"sábado";"11:00:00";"SC";280;47;"GUARAMIRIM";"Manobra de mudança de faixa";"Colisão lateral mesmo sentido";"Com Vítimas Feridas";"Pleno dia";"Decrescente";"Céu Claro";"Dupla";"Reta;Em Obras";"Não";2;0;1;0;1;0;1;2;-26,453235;-48,912664;"SPRF-SC";"DEL03-SC";"UOP03-DEL03-SC"
665921;2025-03-08;"sábado";"09:45:00";"PR";163;316;"TERRA ROXA";"Ultrapassagem Indevida";"Colisão frontal";"Com Vítimas Feridas";"Pleno dia";"Crescente";"Sol";"Simples";"Aclive";"Não";3;0;1;0;2;0;1;2;-24,33152708;-54,15364176;"SPRF-PR";"DEL06-PR";"UOP02-DEL06-PR"
665923;2025-03-08;"sábado";"11:15:00";"RJ";101;399;"ITAGUAI";"Demais falhas mecânicas ou elétricas";"Queda de ocupante de veículo";"Com Vítimas Feridas";"Pleno dia";"Crescente";"Sol";"Dupla";"Reta";"Sim";2;0;1;0;1;0;1;1;-22,86138645;-43,75640988;"SPRF-RJ";"DEL03-RJ";"UOP01-DEL03-RJ"
665926;2025-03-08;"sábado";"11:30:00";"SP";381;85;"SAO PAULO";"Manobra de mudança de faixa";"Colisão transversal";"Com Vítimas Feridas";"Pleno dia";"Crescente";"Céu Claro";"Múltipla";"Curva";"Sim";5;0;3;0;2;0;3;2;-23,46878823;-46,57019331;"SPRF-SP";"DEL03-SP";"UOP01-DEL03-SP"
665927;2025-03-08;"sábado";"10:30:00";"MG";365;405;"PATOS DE MINAS";"Acumulo de óleo sobre o pavimento";"Tombamento";"Com Vítimas Feridas";"Pleno dia";"Decrescente";"Sol";"Simples";"Retorno Regulamentado;Rotatória";"Não";1;0;1;0;0;0;1;1;-18,6326338;-46,47157665;"SPRF-MG";"DEL10-MG";"UOP01-DEL10-MG"
665930;2025-03-08;"sábado";"10:30:00";"PR";153;339,5;"IRATI";"Reação tardia ou ineficiente do condutor";"Capotamento";"Com Vítimas Feridas";"Pleno dia";"Decrescente";"Céu Claro";"Simples";"Reta";"Sim";2;0;2;0;0;0;2;1;-25,5347982;-50,65580064;"SPRF-PR";"DEL08-PR";"UOP02-DEL08-PR"
665931;2025-03-08;"sábado";"08:40:00";"MG";356;267,2;"MURIAE";"Ultrapassagem Indevida";"Colisão lateral mesmo sentido";"Com Vítimas Feridas";"Pleno dia";"Crescente";"Nublado";"Simples";"Curva;Declive";"Sim";3;0;1;0;2;0;1;3;-21,12611124;-42,35620391;"SPRF-MG";"DEL07-MG";"UOP02-DEL07-MG"
665932;2025-03-08;"sábado";"08:50:00";"MG";365;530,2;"ROMARIA";"Demais falhas mecânicas ou elétricas";"Incêndio";"Sem Vítimas";"Pleno dia";"Decrescente";"Céu Claro";"Simples";"Reta";"Não";1;0;0;0;1;0;0;1;-18,92090188;-47,49286652;"SPRF-MG";"DEL10-MG";"UOP01-DEL10-MG"
665934;2025-03-08;"sábado";"10:30:00";"BA";349;985;"CORRENTINA";"Reação tardia ou ineficiente do condutor";"Saída de leito carroçável";"Com Vítimas Feridas";"Pleno dia";"Decrescente";"Céu Claro";"Simples";"Reta";"Não";3;0;2;1;0;0;3;1;-13,55284982;-45,07765979;"SPRF-BA";"DEL10-BA";"UOP02-DEL10-BA"
665935;2025-03-08;"sábado";"12:20:00";"PA";230;121;"MARABA";"Transitar no Acostamento";"Colisão transversal";"Com Vítimas Feridas";"Pleno dia";"Decrescente";"Céu Claro";"Dupla";"Interseção de Vias";"Sim";4;0;2;1;1;0;3;2;-5,36384536;-49,12447998;"SPRF-PA";"DEL03-PA";"UOP01-DEL03-PA"
665937;2025-03-08;"sábado";"04:00:00";"MT";158;619,8;"AGUA BOA";"Ingestão de álcool pelo condutor";"Capotamento";"Com Vítimas Feridas";"Plena Noite";"Crescente";"Céu Claro";"Simples";"Reta";"Não";1;0;1;0;0;0;1;1;-14,450898;-52,26358;"SPRF-MT";"DEL07-MT";"UOP02-DEL07-MT"