"id";"data_inversa";"dia_semana";"horario";"uf";"br";"km";"municipio";"causa_acidente";"tipo_acidente";"classificacao_acidente";"fase_dia";"sentido_via";"condicao_metereologica";"tipo_pista";"tracado_via";"uso_solo";"pessoas";"mortos";"feridos_leves";"feridos_graves";"ilesos";"ignorados";"feridos";"veiculos";"latitude";"longitude";"regional";"delegacia";"uop"
665938;2025-03-08;"sábado";"13:35:00";"SC";101;202;"SAO JOSE";"Acessar a via sem observar a presença dos outros veículos";"Colisão transversal";"Com Vítimas Feridas";"Pleno dia";"Crescente";"Céu Claro";"Dupla";"Aclive;Reta";"Sim";2;0;1;0;1;0;1;2;-27,55195445;-48,61981088;"SPRF-SC";"DEL01-SC";"UOP01-DEL01-SC"
665939;2025-02-24;"segunda-feira";"19:00:00";"MA";222;606;"BOM JESUS DAS SELVAS";"Área urbana sem a presença de local apropriado para a travessia de pedestres";"Atropelamento de Pedestre";"Com Vítimas Feridas";"Plena Noite";"Decrescente";"Ignorado";"Simples";"Reta";"Sim";3;0;0;1;2;0;1;2;-4,50318827;-46,86125994;"SPRF-MA";"DEL04-MA";"UOP03-DEL04-MA"
665942;2025-03-08;"sábado";"07:45:00";"SC";282;633,1;"DESCANSO";"Velocidade Incompatível";"Saída de leito carroçável";"Sem Vítimas";"Pleno dia";"Crescente";"Céu Claro";"Simples";"Declive;Curva";"Não";2;0;0;0;2;0;0;1;-26,82579949;-53,41356817;"SPRF-SC";"DEL07-SC";"UOP03-DEL07-SC"
665945;2025-03-08;"sábado";"12:30:00";"MT";364;208;"RONDONOPOLIS";"Acessar a via sem observar a presença dos outros veículos";"Colisão transversal";"Com Vítimas Feridas";"Pleno dia";"Decrescente";"Nublado";"Dupla";"Reta";"Sim";3;0;0;1;2;0;1;3;-16,436926;-54,681809;"SPRF-MT";"DEL02-MT";"UOP01-DEL02-MT"
665948;2025-03-08;"sábado";"13:56:00";"MG";381;646,6;"OLIVEIRA";"Condutor Dormindo";"Capotamento";"Sem Vítimas";"Pleno dia";"Crescente";"Céu Claro";"Dupla";"Curva";"Não";1;0;0;0;1;0;0;1;-20,66961;-44,738164;"SPRF-MG";"DEL04-MG";"UOP02-DEL04-MG"
665949;2025-03-08;"sábado";"13:05:00";"RJ";116;187;"NOVA IGUACU";"Trafegar com motocicleta (ou similar) entre as faixas";"Colisão lateral mesmo sentido";"Com Vítimas Feridas";"Pleno dia";"Decrescente";"Céu Claro";"Dupla";"Reta";"Sim";2;0;1;0;1;0;1;2;-22,74001515;-43,46021354;"SPRF-RJ";"DEL06-RJ";"UOP01-DEL06-RJ"
665951;2025-03-08;"sábado";"09:30:00";"BA";110;352;"CATU";"Velocidade Incompatível";"Capotamento";"Com Vítimas Feridas";"Pleno dia";"Decrescente";"Céu Claro";"Simples";"Curva";"Não";2;0;2;0;0;0;2;1;-12,2470592;-38,39761041;"SPRF-BA";"DEL01-BA";"UOP04-DEL01-BA"
665952;2025-03-08;"sábado";"14:20:00";"SC";101;232,1;"PALHOCA";"Reação tardia ou ineficiente do condutor";"Colisão lateral mesmo sentido";"Com Vítimas Feridas";"Pleno dia";"Crescente";"Céu Claro";"Dupla";"Aclive;Reta";"Não";4;0;1;1;2;0;2;2;-27,793915;-48,638155;"SPRF-SC";"DEL01-SC";"UOP02-DEL01-SC"
665953;2025-03-08;"sábado";"13:30:00";"RJ";40;103;"DUQUE DE CAXIAS";"Pedestre cruzava a pista fora da faixa";"Atropelamento de Pedestre";"Com Vítimas Feridas";"Pleno dia";"Decrescente";"Sol";"Dupla";"Reta";"Sim";2;0;1;0;1;0;1;2;-22,61333656;-43,28653772;"SPRF-RJ";"DEL01-RJ";"UOP02-DEL01-RJ"
665954;2025-03-08;"sábado";"14:00:00";"RJ";101;306;"SAO GONCALO";"Condutor deixou de manter distância do veículo da frente";"Colisão traseira";"Sem Vítimas";"Pleno dia";"Crescente";"Sol";"Dupla";"Reta";"Sim";2;0;0;0;1;1;0;2;-22,79034647;-43,01237583;"SPRF-RJ";"DEL02-RJ";"UOP02-DEL02-RJ"
665955;2025-03-08;"sábado";"14:00:00";"SC";101;119;"ITAJAI";"Acesso irregular";"Colisão lateral mesmo sentido";"Com Vítimas Feridas";"Pleno dia";"Decrescente";"Céu Claro";"Dupla";"Interseção de Vias;Reta";"Sim";2;0;1;0;1;0;1;2;-26,94802427;-48,68338515;"SPRF-SC";"DEL04-SC";"UOP04-DEL04-SC"
665956;2025-03-08;"sábado";"13:45:00";"CE";20;203;"BOA VIAGEM";"Reação tardia ou ineficiente do condutor";"Saída de leito carroçável";"Com Vítimas Feridas";"Pleno dia";"Crescente";"Sol";"Simples";"Reta";"Sim";1;0;0;1;0;0;1;1;-5,0975017;-39,7128717;"SPRF-CE";"DEL02-CE";"UOP02-DEL02-CE"
665958;2025-03-08;"sábado";"14:35:00";"SP";116;401;"MIRACATU";"Ingestão de álcool pelo condutor";"Saída de leito carroçável";"Com Vítimas Feridas";"Pleno dia";"Decrescente";"Céu Claro";"Dupla";"Reta";"Não";2;0;2;0;0;0;2;1;-24,2734344;-47,4056994;"SPRF-SP";"DEL04-SP";"UOP02-DEL04-SP"
665960;2025-03-08;"sábado";"15:00:00";"SP";153;42,2;"ONDA VERDE";"Ausência de reação do condutor";"Colisão frontal";"Com Vítimas Fatais";"Pleno dia";"Decrescente";"Sol";"Simples";"Reta";"Não";5;1;0;4;0;0;4;2;-20,63893906;-49,33887005;"SPRF-SP";"DEL09-SP";"UOP01-DEL09-SP"
665961;2025-03-08;"sábado";"13:20:00";"PB";412;38,7;"SAO JOAO DO CARIRI";"Demais falhas mecânicas ou elétricas";"Saída de leito carroçável";"Com Vítimas Feridas";"Pleno dia";"Decrescente";"Sol";"Simples";"Reta";"Não";2;0;2;0;0;0;2;1;-7,326705;-36,394218;"SPRF-PB";"DEL02-PB";"UOP02-DEL02-PB"
665963;2025-03-08;"sábado";"15:39:00";"SC";280;30;"ARAQUARI";"Acessar a via sem observar a presença dos outros veículos";"Colisão transversal";"Com Vítimas Feridas";"Pleno dia";"Decrescente";"Sol";"Simples";"Reta";"Sim";3;0;2;0;1;0;2;2;-26,41479;-48,76453;"SPRF-SC";"DEL03-SC";"UOP03-DEL03-SC"
665965;2025-03-08;"sábado";"14:10:00";"RJ";101;388;"RIO DE JANEIRO";"Ausência de reação do condutor";"Colisão traseira";"Com Vítimas Feridas";"Pleno dia";"Decrescente";"Sol";"Dupla";"Reta";"Não";2;0;0;1;0;1;1;2;-22,89279;-43,6718;"SPRF-RJ";"DEL03-RJ";"UOP01-DEL03-RJ"
665966;2025-03-08;"sábado";"14:25:00";"SP";381;75;"SAO PAULO";"Condutor Dormindo";"Saída de leito carroçável";"Sem Vítimas";"Pleno dia";"Crescente";"Céu Claro";"Dupla";"Curva";"Não";1;0;0;0;1;0;0;1;-23,37631;-46,5639;"SPRF-SP";"DEL03-SP";"UOP01-DEL03-SP"
665967;2025-03-08;"sábado";"15:00:00";"MG";40;527;"CONTAGEM";"Demais falhas mecânicas ou elétricas";"Incêndio";"Sem Vítimas";"Pleno dia";"Decrescente";"Céu Claro";"Dupla";"Reta";"Sim";1;0;0;0;1;0;0;1;-19,89189189;-44,05171219;"SPRF-MG";"DEL01-MG";"UOP02-DEL01-MG"
665968;2025-03-08;"sábado";"15:15:00";"RJ";116;147;"DUQUE DE CAXIAS";"Acumulo de óleo sobre o pavimento";"Queda de ocupante de veículo";"Com Vítimas Feridas";"Pleno dia";"Decrescente";"Céu Claro";"Dupla";"Curva";"Sim";2;0;2;0;0;0;2;1;-22,67149481;-43,28705185;"SPRF-RJ";"DEL01-RJ";"UOP02-DEL01-RJ"
665971;2025-03-08;"sábado";"13:25:00";"PI";343;2,7;"TERESINA";"Acessar a via sem observar a presença dos outros veículos";"Colisão transversal";"Com Vítimas Feridas";"Pleno dia";"Decrescente";"Céu Claro";"Múltipla";"Reta;Rotatória";"Sim";2;0;0;1;1;0;1;2;-5,08145412;-42,77526526;"SPRF-PI";"DEL05-PI";"UOP01-DEL05-PI"
665972;2025-03-08;"sábado";"16:15:00";"ES";101;288;"CARIACICA";"Demais falhas mecânicas ou elétricas";"Incêndio";"Sem Vítimas";"Pleno dia";"Crescente";"Céu Claro";"Dupla";"Reta";"Sim";1;0;0;0;1;0;0;1;-20,27631767;-40,39238821;"SPRF-ES";"DEL01-ES";"UOP01-DEL01-ES"
665973;2025-03-08;"sábado";"14:55:00";"BA";101;445;"UBAITABA";"Ausência de reação do condutor";"Colisão com objeto";"Com Vítimas Feridas";"Pleno dia";"Crescente";"Céu Claro";"Simples";"Curva";"Não";2;0;0;1;0;1;1;1;-14,31472;-39,313809;"SPRF-BA";"DEL05-BA";"UOP01-DEL05-BA"
665974;2025-03-08;"sábado";"14:00:00";"PR";376;529,7;"PONTA GROSSA";"Manobra de mudança de faixa";"Colisão lateral mesmo sentido";"Com Vítimas Feridas";"Pleno dia";"Crescente";"Céu Claro";"Dupla";"Declive;Reta";"Não";3;0;1;0;1;1;1;2;-25,29305193;-49,89822865;"SPRF-PR";"DEL03-PR";"UOP04-DEL03-PR"
665975;2025-03-08;"sábado";"14:45:00";"PB";230;216;"SOLEDADE";"Ingestão de álcool pelo condutor";"Colisão transversal";"Com Vítimas Feridas";"Pleno dia";"Decrescente";"Céu Claro";"Simples";"Reta";"Sim";2;0;0;1;1;0;1;2;-7,05364088;-36,3741231;"SPRF-PB";"DEL02-PB";"UOP02-DEL02-PB"
665977;2025-03-08;"sábado";"16:20:00";"SC";101;161;"TIJUCAS";"Manobra de mudança de faixa";"Colisão lateral mesmo sentido";"Com Vítimas Feridas";"Pleno dia";"Crescente";"Céu Claro";"Dupla";"Reta";"Não";2;0;1;1;0;0;2;2;-27,21952522;-48,6258316;"SPRF-SC";"DEL04-SC";"UOP03-DEL04-SC"
665979;2025-03-08;"sábado";"14:15:00";"RO";364;368,4;"OURO PRETO DO OESTE";"Ultrapassagem Indevida";"Colisão lateral mesmo sentido";"Com Vítimas Feridas";"Pleno dia";"Crescente";"Céu Claro";"Simples";"Reta";"Não";2;0;0;1;1;0;1;2;-10,763503;-62,132367;"SPRF-RO";"DEL02-RO";"UOP01-DEL02-RO"
665980;2025-03-08;"sábado";"16:22:00";"PE";232;46,8;"VITORIA DE SANTO ANTAO";"Ausência de reação do condutor";"Saída de leito carroçável";"Com Vítimas Feridas";"Pleno dia";"Crescente";"Céu Claro";"Dupla";"Reta";"Não";3;0;2;0;1;0;2;1;-8,137448;-35,296274;"SPRF-PE";"DEL01-PE";"UOP01-DEL01-PE"
665981;2025-03-08;"sábado";"17:10:00";"SC";280;22;"ARAQUARI";"Reação tardia ou ineficiente do condutor";"Engavetamento";"Com Vítimas Feridas";"Pleno dia";"Decrescente";"Céu Claro";"Simples";"Reta";"Não";5;0;2;0;3;0;2;4;-26,370979;-48,70286;"SPRF-SC";"DEL03-SC";"UOP03-DEL03-SC"
665982;2025-03-08;"sábado";"17:15:00";"ES";101;314;"VILA VELHA";"Reação tardia ou ineficiente do condutor";"Queda de ocupante de veículo";"Com Vítimas Feridas";"Pleno dia";"Decrescente";"Céu Claro";"Dupla";"Reta";"Não";1;0;1;0;0;0;1;1;-20,4625531;-40,4651956;"SPRF-ES";"DEL01-ES";"UOP01-DEL01-ES"
665985;2025-03-08;"sábado";"16:00:00";"RJ";40;104;"DUQUE DE CAXIAS";"Acessar a via sem observar a presença dos outros veículos";"Colisão transversal";"Com Vítimas Feridas";"Pleno dia";"Decrescente";"Céu Claro";"Dupla";"Aclive;Reta";"Sim";2;0;1;0;1;0;1;2;-22,6358457;-43,284495;"SPRF-RJ";"DEL01-RJ";"UOP02-DEL01-RJ"
665986;2025-03-08;"sábado";"17:30:00";"ES";101;108,3;"SOORETAMA";"Acessar a via sem observar a presença dos outros veículos";"Colisão traseira";"Com Vítimas Fatais";"Pleno dia";"Decrescente";"Céu Claro";"Simples";"Reta";"Não";2;1;0;0;1;0;0;2;-19,04860232;-40,02819031;"SPRF-ES";"DEL04-ES";"UOP01-DEL04-ES"
665987;2025-03-08;"sábado";"16:25:00";"RR";401;14;"BOA VISTA";"Condutor deixou de manter distância do veículo da frente";"Colisão lateral mesmo sentido";"Com Vítimas Fatais";"Pleno dia";"Crescente";"Chuva";"Simples";"Reta;Ponte";"Não";4;1;0;0;3;0;0;3;2,79805223;-60,67460418;"SPRF-RR";"DEL01-RR";"UOP01-DEL01-RR"
665988;2025-03-08;"sábado";"16:00:00";"MG";262;799;"UBERABA";"Acessar a via sem observar a presença dos outros veículos";"Colisão transversal";"Com Vítimas Feridas";"Pleno dia";"Crescente";"Céu Claro";"Simples";"Reta";"Não";3;0;1;0;2;0;1;2;-19,76596097;-47,8758412;"SPRF-MG";"DEL13-MG";"UOP01-DEL13-MG"
665990;2025-03-08;"sábado";"18:00:00";"SC";101;195,9;"BIGUACU";"Animais na Pista";"Atropelamento de Animal";"Com Vítimas Feridas";"Pleno dia";"Decrescente";"Céu Claro";"Simples";"Reta";"Sim";3;0;3;0;0;0;3;1;-27,51004;-48,64365;"SPRF-SC";"DEL01-SC";"UOP01-DEL01-SC"
665991;2025-03-08;"sábado";"17:30:00";"SC";116;251,4;"LAGES";"Condutor deixou de manter distância do veículo da frente";"Colisão traseira";"Com Vítimas Feridas";"Pleno dia";"Decrescente";"Céu Claro";"Simples";"Interseção de Vias";"Não";2;0;1;0;1;0;1;2;-27,84676468;-50,37887514;"SPRF-SC";"DEL05-SC";"UOP02-DEL05-SC"
665992;2025-03-08;"sábado";"18:20:00";"PI";343;593;"FLORIANO";"Ingestão de álcool pelo condutor";"Atropelamento de Animal";"Com Vítimas Feridas";"Plena Noite";"Crescente";"Céu Claro";"Simples";"Reta";"Sim";1;0;0;1;0;0;1;1;-6,7718837;-43,0290248;"SPRF-PI";"DEL03-PI";"UOP01-DEL03-PI"
665993;2025-03-08;"sábado";"16:35:00";"PR";373;176,9;"PONTA GROSSA";"Pedestre andava na pista";"Atropelamento de Pedestre";"Com Vítimas Feridas";"Pleno dia";"Crescente";"Sol";"Dupla";"Reta";"Sim";2;0;1;0;0;1;1;2;-25,05664413;-50,2254274;"SPRF-PR";"DEL03-PR";"UOP01-DEL03-PR"
665995;2025-03-08;"sábado";"19:30:00";"SC";101;6;"BIGUACU";"Animais na Pista";"Atropelamento de Animal";"Com Vítimas Feridas";"Plena Noite";"Crescente";"Céu Claro";"Dupla";"Reta";"Sim";1;0;1;0;0;0;1;1;-27,41829059;-48,7086153;"SPRF-SC";"DEL01-SC";"UOP01-DEL01-SC"
665996;2025-03-08;"sábado";"18:20:00";"RJ";101;334;"NITEROI";"Manobra de mudança de faixa";"Colisão lateral mesmo sentido";"Com Vítimas Feridas";"Anoitecer";"Crescente";"Céu Claro";"Múltipla";"Reta";"Sim";3;0;1;0;2;0;1;2;-22,87941387;-43,11399407;"SPRF-RJ";"DEL02-RJ";"UOP01-DEL02-RJ"
665999;2025-03-08;"sábado";"18:50:00";"PB";104;142,1;"QUEIMADAS";"Animais na Pista";"Atropelamento de Animal";"Com Vítimas Feridas";"Pleno dia";"Crescente";"Céu Claro";"Simples";"Reta;Declive";"Não";1;0;1;0;0;0;1;1;-7,3911759;-35,8971262;"SPRF-PB";"DEL02-PB";"UOP03-DEL02-PB"
666000;2025-03-08;"sábado";"20:00:00";"PR";277;71;"SAO JOSE DOS PINHAIS";"Acessar a via sem observar a presença dos outros veículos";"Tombamento";"Com Vítimas Feridas";"Plena Noite";"Crescente";"Céu Claro";"Dupla";"Curva;Interseção de Vias";"Não";2;0;2;0;0;0;2;1;-25,50992498;-49,13152087;"SPRF-PR";"DEL01-PR";"UOP07-DEL01-PR"
666001;2025-03-08;"sábado";"19:15:00";"SC";470;63,2;"INDAIAL";"Acessar a via sem observar a presença dos outros veículos";"Colisão lateral mesmo sentido";"Sem Vítimas";"Plena Noite";"Crescente";"Céu Claro";"Simples";"Reta;Aclive";"Sim";5;0;0;0;5;0;0;3;-26,8720543;-49,19367671;"SPRF-SC";"DEL04-SC";"UOP01-DEL04-SC"
666003;2025-03-08;"sábado";"17:00:00";"MT";364;563;"NOBRES";"Reação tardia ou ineficiente do condutor";"Saída de leito carroçável";"Sem Vítimas";"Anoitecer";"Decrescente";"Nublado";"Dupla";"Reta";"Não";1;0;0;0;0;1;0;1;-14,70748198;-56,3224411;"SPRF-MT";"DEL01-MT";"UOP01-DEL01-MT"
666007;2025-03-08;"sábado";"20:00:00";"SC";280;30;"ARAQUARI";"Entrada inopinada do pedestre";"Atropelamento de Pedestre";"Com Vítimas Feridas";"Plena Noite";"Crescente";"Céu Claro";"Simples";"Reta;Interseção de Vias";"Sim";2;0;0;1;1;0;1;2;-26,44834528;-48,82746935;"SPRF-SC";"DEL03-SC";"UOP03-DEL03-SC"
666008;2025-03-08;"sábado";"20:15:00";"SC";101;122;"ITAJAI";"Condutor deixou de manter distância do veículo da frente";"Colisão lateral mesmo sentido";"Com Vítimas Feridas";"Plena Noite";"Decrescente";"Céu Claro";"Dupla";"Reta";"Sim";1;0;1;0;0;0;1;1;-26,93562334;-48,6998713;"SPRF-SC";"DEL04-SC";"UOP04-DEL04-SC"
666009;2025-03-08;"sábado";"18:15:00";"PR";277;301;"PRUDENTOPOLIS";"Reação tardia ou ineficiente do condutor";"Tombamento";"Com Vítimas Feridas";"Pleno dia";"Crescente";"Céu Claro";"Simples";"Curva";"Não";1;0;1;0;0;0;1;1;-25,31113196;-51,09294891;"SPRF-PR";"DEL08-PR";"UOP01-DEL08-PR"
666010;2025-03-08;"sábado";"19:00:00";"RJ";40;112;"DUQUE DE CAXIAS";"Avarias e/ou desgaste excessivo no pneu";"Queda de ocupante de veículo";"Com Vítimas Feridas";"Plena Noite";"Decrescente";"Ignorado";"Múltipla";"Reta";"Sim";1;0;1;0;0;0;1;1;-22,70362361;-43,29022758;"SPRF-RJ";"DEL01-RJ";"UOP02-DEL01-RJ"
666011;2025-03-08;"sábado";"20:10:00";"RJ";116;191;"NOVA IGUACU";"Demais falhas na via";"Colisão traseira";"Com Vítimas Feridas";"Plena Noite";"Crescente";"Céu Claro";"Dupla";"Curva";"Não";3;0;2;0;1;0;2;2;-22,74414372;-43,50895816;"SPRF-RJ";"DEL06-RJ";"UOP01-DEL06-RJ"
666013;2025-03-08;"sábado";"21:15:00";"SC";101;205;"SAO JOSE";"Ausência de reação do condutor";"Queda de ocupante de veículo";"Com Vítimas Feridas";"Plena Noite";"Crescente";"Céu Claro";"Múltipla";"Reta";"Sim";1;0;0;1;0;0;1;1;-27,58289294;-48,61520821;"SPRF-SC";"DEL01-SC";"UOP01-DEL01-SC"
666015;2025-03-08;"sábado";"18:30:00";"RJ";101;300;"SAO GONCALO";"Demais falhas mecânicas ou elétricas";"Incêndio";"Sem Vítimas";"Plena Noite";"Crescente";"Céu Claro";"Simples";"Reta";"Não";1;0;0;0;1;0;0;1;-22,7934208;-43,0309376;"SPRF-RJ";"DEL02-RJ";"UOP02-DEL02-RJ"
666016;2025-03-08;"sábado";"21:00:00";"CE";304;53,4;"ARACATI";"Ingestão de álcool pelo condutor";"Tombamento";"Com Vítimas Feridas";"Plena Noite";"Decrescente";"Garoa/Chuvisco";"Simples";"Interseção de Vias";"Não";1;0;1;0;0;0;1;1;-4,5759998;-37,731681;"SPRF-CE";"DEL03-CE";"UOP03-DEL03-CE"
666017;2025-03-08;"sábado";"20:50:00";"GO";50;277,9;"CATALAO";"Ausência de reação do condutor";"Saída de leito carroçável";"Com Vítimas Feridas";"Plena Noite";"Crescente";"Céu Claro";"Simples";"Em Obras;Reta;Desvio Temporário";"Sim";2;0;0;2;0;0;2;1;-18,1965;-47,8596;"SPRF-GO";"DEL06-GO";"UOP01-DEL06-GO"
666018;2025-03-08;"sábado";"19:30:00";"RS";468;79;"CAMPO NOVO";"Velocidade Incompatível";"Colisão traseira";"Com Vítimas Fatais";"Plena Noite";"Decrescente";"Ignorado";"Simples";"Reta";"Não";5;1;2;0;1;1;2;3;-27,632652;-53,857461;"SPRF-RS";"DEL08-RS";"UOP02-DEL08-RS"
666020;2025-03-08;"sábado";"20:30:00";"PR";369;158;"CAMBE";"Condutor deixou de manter distância do veículo da frente";"Colisão traseira";"Com Vítimas Feridas";"Plena Noite";"Crescente";"Céu Claro";"Dupla";"Reta";"Sim";2;0;1;0;1;0;1;2;-23,2850251;-51,24052221;"SPRF-PR";"DEL07-PR";"UOP01-DEL07-PR"
666023;2025-03-08;"sábado";"21:27:00";"RN";406;165;"SAO GONCALO DO AMARANTE";"Pedestre - Ingestão de álcool/ substâncias psicoativas";"Atropelamento de Pedestre";"Com Vítimas Feridas";"Plena Noite";"Decrescente";"Chuva";"Simples";"Reta";"Não";2;0;0;1;1;0;1;2;-5,74208753;-35,34424437;"SPRF-RN";"DEL02-RN";"UOP01-DEL02-RN"
666024;2025-03-08;"sábado";"20:25:00";"PR";153;23,9;"JACAREZINHO";"Condutor deixou de manter distância do veículo da frente";"Colisão traseira";"Com Vítimas Feridas";"Plena Noite";"Crescente";"Céu Claro";"Simples";"Reta;Aclive";"Não";4;0;1;0;2;1;1;2;-23,18228515;-49,98157893;"SPRF-PR";"DEL07-PR";"UOP04-DEL07-PR"
666025;2025-03-08;"sábado";"21:40:00";"SC";101;211,7;"PALHOCA";"Ingestão de álcool pelo condutor";"Capotamento";"Com Vítimas Feridas";"Plena Noite";"Decrescente";"Céu Claro";"Dupla";"Reta";"Sim";3;0;0;1;2;0;1;1;-27,628272;-48,657152;"SPRF-SC";"DEL01-SC";"UOP02-DEL01-SC"
666027;2025-03-08;"sábado";"19:00:00";"PI";222;58;"PIRIPIRI";"Animais na Pista";"Atropelamento de Animal";"Com Vítimas Feridas";"Plena Noite";"Decrescente";"Chuva";"Simples";"Reta";"Não";1;0;1;0;0;0;1;1;-4,3072524;-41,7712105;"SPRF-PI";"DEL02-PI";"UOP01-DEL02-PI"
666028;2025-03-08;"sábado";"20:10:00";"RS";153;27;"TRES ARROIOS";"Ingestão de álcool pelo condutor";"Colisão frontal";"Com Vítimas Feridas";"Plena Noite";"Crescente";"Céu Claro";"Simples";"Interseção de Vias";"Sim";8;0;3;0;5;0;3;3;-27,51109477;-52,1432966;"SPRF-RS";"DEL08-RS";"UOP04-DEL08-RS"
666029;2025-03-08;"sábado";"20:00:00";"PB";104;103;"SAO SEBASTIAO DE LAGOA DE  ROCA";"Ingestão de álcool pelo condutor";"Colisão lateral sentido oposto";"Com Vítimas Feridas";"Plena Noite";"Decrescente";"Nublado";"Simples";"Declive;Reta";"Não";3;0;3;0;0;0;3;2;-7,06677;-35,855131;"SPRF-PB";"DEL02-PB";"UOP04-DEL02-PB"
666032;2025-03-08;"sábado";"22:15:00";"SC";101;335,3;"TUBARAO";"Acessar a via sem observar a presença dos outros veículos";"Colisão transversal";"Com Vítimas Feridas";"Plena Noite";"Crescente";"Céu Claro";"Dupla";"Rotatória;Viaduto";"Não";2;0;1;0;1;0;1;2;-28,47632875;-49,03004386;"SPRF-SC";"DEL02-SC";"UOP01-DEL02-SC"
666033;2025-03-08;"sábado";"21:30:00";"SC";280;236,5;"CANOINHAS";"Velocidade Incompatível";"Queda de ocupante de veículo";"Sem Vítimas";"Plena Noite";"Decrescente";"Céu Claro";"Simples";"Reta;Declive";"Não";1;0;0;0;0;1;0;1;-26,2331478;-50,4748779;"SPRF-SC";"DEL06-SC";"UOP04-DEL06-SC"
666034;2025-03-08;"sábado";"21:00:00";"RJ";465;19;"SEROPEDICA";"Ausência de reação do condutor";"Tombamento";"Com Vítimas Feridas";"Plena Noite";"Crescente";"Céu Claro";"Simples";"Reta";"Sim";2;0;2;0;0;0;2;1;-22,80884179;-43,63388658;"SPRF-RJ";"DEL06-RJ";"UOP02-DEL06-RJ"
666035;2025-03-08;"sábado";"22:00:00";"RS";158;328;"SANTA MARIA";"Ausência de reação do condutor";"Colisão com objeto";"Com Vítimas Feridas";"Plena Noite";"Crescente";"Nublado";"Dupla";"Reta";"Não";1;0;0;1;0;0;1;1;-29,70127815;-53,83915691;"SPRF-RS";"DEL09-RS";"UOP01-DEL09-RS"
666036;2025-03-08;"sábado";"19:55:00";"RS";392;59,3;"RIO GRANDE";"Velocidade Incompatível";"Atropelamento de Animal";"Com Vítimas Feridas";"Plena Noite";"Decrescente";"Chuva";"Dupla";"Curva";"Não";2;0;2;0;0;0;2;1;-31,79552489;-52,34109879;"SPRF-RS";"DEL07-RS";"UOP02-DEL07-RS"
666037;2025-03-08;"sábado";"22:15:00";"PR";476;175;"CONTENDA";"Acessar a via sem observar a presença dos outros veículos";"Colisão transversal";"Com Vítimas Feridas";"Plena Noite";"Decrescente";"Céu Claro";"Simples";"Reta";"Não";3;0;1;0;2;0;1;2;-25,69404193;-49,55210382;"SPRF-PR";"DEL01-PR";"UOP06-DEL01-PR"
666038;2025-03-08;"sábado";"21:20:00";"MT";364;400;"CUIABA";"Acumulo de água sobre o pavimento";"Saída de leito carroçável";"Com Vítimas Feridas";"Plena Noite";"Crescente";"Chuva";"Dupla";"Reta;Viaduto;Aclive";"Não";1;0;0;1;0;0;1;1;-15,6551471;-55,9869845;"SPRF-MT";"DEL01-MT";"UOP02-DEL01-MT"
666039;2025-03-08;"sábado";"22:15:00";"SP";101;47,7;"UBATUBA";"Acessar a via sem observar a presença dos outros veículos";"Colisão lateral mesmo sentido";"Com Vítimas Feridas";"Plena Noite";"Crescente";"Céu Claro";"Simples";"Reta";"Não";2;0;1;0;0;1;1;2;-23,43255441;-45,08457877;"SPRF-SP";"DEL06-SP";"UOP01-DEL06-SP"
666040;2025-03-08;"sábado";"22:10:00";"SC";470;68,5;"INDAIAL";"Acesso irregular";"Colisão traseira";"Com Vítimas Feridas";"Plena Noite";"Crescente";"Nublado";"Múltipla";"Reta";"Sim";4;0;2;0;2;0;2;2;-26,88075;-49,24359;"SPRF-SC";"DEL04-SC";"UOP01-DEL04-SC"
666042;2025-03-08;"sábado";"22:50:00";"CE";116;48,8;"PACAJUS";"Chuva";"Queda de ocupante de veículo";"Com Vítimas Feridas";"Plena Noite";"Crescente";"Chuva";"Dupla";"Reta";"Não";3;0;2;0;0;1;2;3;-4,18794679;-38,4838028;"SPRF-CE";"DEL01-CE";"UOP02-DEL01-CE"
666044;2025-03-08;"sábado";"23:00:00";"RJ";101;185;"CASIMIRO DE ABREU";"Ingestão de álcool pelo condutor";"Saída de leito carroçável";"Com Vítimas Feridas";"Plena Noite";"Decrescente";"Céu Claro";"Simples";"Reta";"Não";1;0;1;0;0;0;1;1;-22,4408164;-42,04550897;"SPRF-RJ";"DEL08-RJ";"UOP04-DEL08-RJ"
666045;2025-03-08;"sábado";"22:35:00";"PR";376;625;"SAO JOSE DOS PINHAIS";"Ausência de reação do condutor";"Saída de leito carroçável";"Com Vítimas Feridas";"Plena Noite";"Decrescente";"Céu Claro";"Dupla";"Reta";"Não";3;0;2;0;1;0;2;1;-25,61288733;-49,17104591;"SPRF-PR";"DEL01-PR";"UOP04-DEL01-PR"
666046;2025-03-08;"sábado";"22:00:00";"RS";468;104;"TRES PASSOS";"Desrespeitar a preferência no cruzamento";"Colisão transversal";"Com Vítimas Feridas";"Plena Noite";"Crescente";"Ignorado";"Múltipla";"Rotatória";"Sim";3;0;1;0;2;0;1;2;-27,4449739;-53,94944;"SPRF-RS";"DEL08-RS";"UOP02-DEL08-RS"
666047;2025-03-08;"sábado";"22:10:00";"PI";316;311,9;"PICOS";"Demais falhas mecânicas ou elétricas";"Incêndio";"Sem Vítimas";"Plena Noite";"Crescente";"Céu Claro";"Dupla";"Reta;Ponte";"Sim";1;0;0;0;1;0;0;1;-7,080253;-41,459177;"SPRF-PI";"DEL04-PI";"UOP01-DEL04-PI"