"id";"data_inversa";"dia_semana";"horario";"uf";"br";"km";"municipio";"causa_acidente";"tipo_acidente";"classificacao_acidente";"fase_dia";"sentido_via";"condicao_metereologica";"tipo_pista";"tracado_via";"uso_solo";"pessoas";"mortos";"feridos_leves";"feridos_graves";"ilesos";"ignorados";"feridos";"veiculos";"latitude";"longitude";"regional";"delegacia";"uop"
666483;2025-03-11;"terça-feira";"04:00:00";"SP";116;393;"MIRACATU";"Demais falhas mecânicas ou elétricas";"Incêndio";"Sem Vítimas";"Plena Noite";"Decrescente";"Nublado";"Dupla";"Reta";"Não";1;0;0;0;1;0;0;1;-24,28765276;-47,44525909;"SPRF-SP";"DEL04-SP";"UOP02-DEL04-SP"
666486;2025-03-10;"segunda-feira";"10:00:00";"RJ";101;304;"SAO GONCALO";"Demais falhas mecânicas ou elétricas";"Queda de ocupante de veículo";"Com Vítimas Feridas";"Pleno dia";"Decrescente";"Céu Claro";"Dupla";"Reta";"Sim";2;0;2;0;0;0;2;1;-22,7934208;-43,0309376;"SPRF-RJ";"DEL02-RJ";"UOP02-DEL02-RJ"
666488;2025-03-11;"terça-feira";"06:00:00";"ES";101;176,5;"ARACRUZ";"Acessar a via sem observar a presença dos outros veículos";"Colisão transversal";"Com Vítimas Feridas";"Pleno dia";"Crescente";"Céu Claro";"Simples";"Reta";"Sim";6;0;1;0;5;0;1;2;-19,597018;-40,20016;"SPRF-ES";"DEL04-ES";"UOP01-DEL04-ES"
666490;2025-03-11;"terça-feira";"06:14:00";"RS";116;256;"ESTEIO";"Demais falhas mecânicas ou elétricas";"Queda de ocupante de veículo";"Com Vítimas Feridas";"Amanhecer";"Crescente";"Céu Claro";"Dupla";"Curva";"Sim";1;0;1;0;0;0;1;1;-29,85003882;-51,17925024;"SPRF-RS";"DEL01-RS";"UOP02-DEL01-RS"
666493;2025-03-10;"segunda-feira";"22:06:00";"SP";381;71,8;"MAIRIPORA";"Reação tardia ou ineficiente do condutor";"Capotamento";"Com Vítimas Feridas";"Plena Noite";"Crescente";"Céu Claro";"Dupla";"Curva";"Não";2;0;1;0;1;0;1;1;-23,3547549;-46,55009855;"SPRF-SP";"DEL03-SP";"UOP01-DEL03-SP"
666497;2025-03-11;"terça-feira";"05:55:00";"DF";70;15,8;"BRASILIA";"Demais falhas mecânicas ou elétricas";"Colisão traseira";"Sem Vítimas";"Amanhecer";"Decrescente";"Céu Claro";"Dupla";"Rotatória";"Não";2;0;0;0;2;0;0;2;-15,796206;-48,196062;"SPRF-DF";"DEL03-DF";"UOP02-DEL03-DF"
666498;2025-03-11;"terça-feira";"06:50:00";"MG";50;48,6;"ARAGUARI";"Demais falhas mecânicas ou elétricas";"Tombamento";"Com Vítimas Feridas";"Pleno dia";"Crescente";"Céu Claro";"Dupla";"Reta;Declive";"Não";1;0;1;0;0;0;1;1;-18,72891672;-48,21828503;"SPRF-MG";"DEL15-MG";"UOP02-DEL15-MG"
666499;2025-02-13;"quinta-feira";"17:10:00";"RJ";116;186;"NOVA IGUACU";"Manobra de mudança de faixa";"Queda de ocupante de veículo";"Com Vítimas Feridas";"Pleno dia";"Decrescente";"Céu Claro";"Dupla";"Reta";"Sim";2;0;1;0;0;1;1;1;-22,73962339;-43,46276495;"SPRF-RJ";"DEL06-RJ";"UOP01-DEL06-RJ"
666501;2025-03-11;"terça-feira";"06:40:00";"RN";101;82,3;"NATAL";"Manobra de mudança de faixa";"Colisão traseira";"Com Vítimas Feridas";"Pleno dia";"Crescente";"Céu Claro";"Dupla";"Reta";"Sim";2;0;1;0;1;0;1;2;-5,768837;-35,2719342;"SPRF-RN";"DEL02-RN";"UOP01-DEL02-RN"
666502;2025-03-11;"terça-feira";"06:45:00";"RN";101;82,2;"NATAL";"Reação tardia ou ineficiente do condutor";"Colisão traseira";"Com Vítimas Feridas";"Pleno dia";"Decrescente";"Nublado";"Dupla";"Reta";"Sim";2;0;1;0;0;1;1;2;-5,768837;-35,2719342;"SPRF-RN";"DEL02-RN";"UOP01-DEL02-RN"
666503;2025-03-11;"terça-feira";"06:40:00";"MS";163;462,5;"CAMPO GRANDE";"Acessar a via sem observar a presença dos outros veículos";"Colisão transversal";"Com Vítimas Feridas";"Pleno dia";"Crescente";"Nublado";"Simples";"Reta";"Não";6;0;5;0;1;0;5;2;-20,61689909;-54,57503557;"SPRF-MS";"DEL01-MS";"UOP01-DEL01-MS"
666504;2025-03-11;"terça-feira";"06:40:00";"PI";343;342;"TERESINA";"Reação tardia ou ineficiente do condutor";"Colisão traseira";"Com Vítimas Feridas";"Pleno dia";"Crescente";"Céu Claro";"Simples";"Reta";"Não";2;0;1;0;1;0;1;2;-5,08577945;-42,75603533;"SPRF-PI";"DEL01-PI";"UOP01-DEL01-PI"
666506;2025-03-10;"segunda-feira";"23:00:00";"MG";381;704;"LAVRAS";"Ausência de reação do condutor";"Colisão com objeto";"Sem Vítimas";"Plena Noite";"Decrescente";"Chuva";"Dupla";"Reta";"Não";1;0;0;0;0;1;0;1;-21,308353;-45,160556;"SPRF-MG";"DEL04-MG";"UOP02-DEL04-MG"
666507;2025-03-11;"terça-feira";"07:40:00";"SP";116;165;"JACAREI";"Acessar a via sem observar a presença dos outros veículos";"Colisão lateral mesmo sentido";"Com Vítimas Feridas";"Pleno dia";"Decrescente";"Céu Claro";"Múltipla";"Reta";"Sim";2;0;1;0;1;0;1;2;-23,2967173;-46,0071539;"SPRF-SP";"DEL02-SP";"UOP01-DEL02-SP"
666508;2025-03-11;"terça-feira";"04:50:00";"RJ";40;119;"DUQUE DE CAXIAS";"Pedestre cruzava a pista fora da faixa";"Atropelamento de Pedestre";"Com Vítimas Feridas";"Amanhecer";"Crescente";"Céu Claro";"Múltipla";"Reta";"Sim";2;0;1;0;1;0;1;2;-22,76197403;-43,28702997;"SPRF-RJ";"DEL01-RJ";"UOP02-DEL01-RJ"
666510;2025-03-11;"terça-feira";"07:40:00";"BA";324;526;"FEIRA DE SANTANA";"Acessar a via sem observar a presença dos outros veículos";"Colisão transversal";"Com Vítimas Feridas";"Pleno dia";"Crescente";"Céu Claro";"Dupla";"Interseção de Vias";"Não";3;0;0;1;2;0;1;2;-12,30824865;-38,88776875;"SPRF-BA";"DEL01-BA";"UOP03-DEL01-BA"
666511;2025-03-11;"terça-feira";"07:50:00";"RS";472;571;"URUGUAIANA";"Acessar a via sem observar a presença dos outros veículos";"Colisão transversal";"Com Vítimas Feridas";"Pleno dia";"Crescente";"Céu Claro";"Simples";"Reta";"Não";3;0;1;0;2;0;1;2;-29,76624004;-57,02925682;"SPRF-RS";"DEL13-RS";"UOP01-DEL13-RS"
666512;2025-03-11;"terça-feira";"08:00:00";"SP";116;212;"GUARULHOS";"Manobra de mudança de faixa";"Colisão lateral mesmo sentido";"Com Vítimas Feridas";"Pleno dia";"Crescente";"Nublado";"Múltipla";"Reta;Declive";"Não";2;0;1;0;0;1;1;2;-23,43788622;-46,43320972;"SPRF-SP";"DEL01-SP";"UOP01-DEL01-SP"
666513;2025-03-11;"terça-feira";"07:40:00";"CE";116;24;"AQUIRAZ";"Acessar a via sem observar a presença dos outros veículos";"Colisão traseira";"Com Vítimas Feridas";"Pleno dia";"Decrescente";"Chuva";"Dupla";"Reta;Aclive";"Sim";2;0;0;1;0;1;1;2;-3,9654639;-38,51517851;"SPRF-CE";"DEL01-CE";"UOP02-DEL01-CE"
666514;2025-03-11;"terça-feira";"07:32:00";"DF";70;7;"BRASILIA";"Manobra de mudança de faixa";"Colisão traseira";"Com Vítimas Feridas";"Pleno dia";"Decrescente";"Céu Claro";"Múltipla";"Reta";"Não";3;0;2;0;1;0;2;2;-15,7884369;-48,1129808;"SPRF-DF";"DEL03-DF";"UOP02-DEL03-DF"
666515;2025-03-11;"terça-feira";"08:00:00";"RJ";116;189;"NOVA IGUACU";"Demais falhas mecânicas ou elétricas";"Queda de ocupante de veículo";"Com Vítimas Feridas";"Pleno dia";"Decrescente";"Céu Claro";"Dupla";"Reta";"Não";2;0;1;1;0;0;2;1;-22,74430311;-43,511374;"SPRF-RJ";"DEL06-RJ";"UOP01-DEL06-RJ"
666516;2025-03-11;"terça-feira";"07:50:00";"PR";476;145;"CURITIBA";"Trafegar com motocicleta (ou similar) entre as faixas";"Colisão transversal";"Com Vítimas Feridas";"Pleno dia";"Decrescente";"Nublado";"Dupla";"Reta;Aclive";"Não";2;0;1;0;1;0;1;2;-25,549082;-49,324334;"SPRF-PR";"DEL01-PR";"UOP06-DEL01-PR"
666517;2025-02-15;"sábado";"23:20:00";"RJ";0;0;"DUQUE DE CAXIAS";"Ausência de reação do condutor";"Colisão transversal";"Com Vítimas Feridas";"Plena Noite";"Não Informado";"Céu Claro";"Simples";"Interseção de Vias";"Sim";3;0;1;0;2;0;1;2;-22,68441001;-43,28256011;"SPRF-RJ";"DEL01-RJ";"UOP02-DEL01-RJ"
666518;2025-03-11;"terça-feira";"07:50:00";"MG";116;416;"GOVERNADOR VALADARES";"Condutor deixou de manter distância do veículo da frente";"Colisão lateral mesmo sentido";"Com Vítimas Feridas";"Pleno dia";"Decrescente";"Céu Claro";"Simples";"Reta";"Sim";3;0;1;0;2;0;1;2;-18,899406;-41,945986;"SPRF-MG";"DEL06-MG";"UOP01-DEL06-MG"
666519;2025-03-11;"terça-feira";"08:00:00";"BA";324;515;"FEIRA DE SANTANA";"Trafegar com motocicleta (ou similar) entre as faixas";"Colisão transversal";"Com Vítimas Feridas";"Pleno dia";"Crescente";"Céu Claro";"Simples";"Interseção de Vias;Reta";"Sim";2;0;1;0;1;0;1;2;-12,237076;-38,942057;"SPRF-BA";"DEL02-BA";"UOP01-DEL02-BA"
666520;2025-03-07;"sexta-feira";"19:50:00";"SC";282;231,9;"LAGES";"Animais na Pista";"Atropelamento de Animal";"Com Vítimas Feridas";"Plena Noite";"Crescente";"Céu Claro";"Simples";"Reta;Declive";"Não";3;0;2;0;1;0;2;2;-27,78524905;-50,44436395;"SPRF-SC";"DEL05-SC";"UOP02-DEL05-SC"
666521;2025-03-11;"terça-feira";"08:53:00";"PB";230;21;"JOAO PESSOA";"Ausência de reação do condutor";"Colisão traseira";"Com Vítimas Feridas";"Pleno dia";"Crescente";"Céu Claro";"Dupla";"Reta";"Sim";2;0;1;0;1;0;1;2;-7,14259347;-34,85181101;"SPRF-PB";"DEL01-PB";"UOP01-DEL01-PB"
666523;2025-03-11;"terça-feira";"08:00:00";"PA";308;158;"CAPANEMA";"Pista esburacada";"Engavetamento";"Com Vítimas Feridas";"Pleno dia";"Decrescente";"Céu Claro";"Simples";"Reta";"Não";7;0;1;0;6;0;1;3;-1,210947;-47,11915;"SPRF-PA";"DEL01-PA";"UOP03-DEL01-PA"
666526;2025-03-11;"terça-feira";"09:00:00";"SP";116;222;"GUARULHOS";"Ausência de reação do condutor";"Colisão lateral mesmo sentido";"Com Vítimas Feridas";"Pleno dia";"Crescente";"Céu Claro";"Múltipla";"Reta;Em Obras";"Sim";2;0;0;1;1;0;1;2;-23,4741351;-46,52301371;"SPRF-SP";"DEL01-SP";"UOP01-DEL01-SP"
666527;2025-03-11;"terça-feira";"08:40:00";"PR";277;70,5;"SAO JOSE DOS PINHAIS";"Reação tardia ou ineficiente do condutor";"Colisão lateral mesmo sentido";"Com Vítimas Feridas";"Pleno dia";"Crescente";"Nublado";"Dupla";"Reta";"Não";2;0;2;0;0;0;2;2;-25,50965749;-49,13216125;"SPRF-PR";"DEL01-PR";"UOP07-DEL01-PR"
666529;2025-03-11;"terça-feira";"07:40:00";"RJ";40;121;"DUQUE DE CAXIAS";"Condutor deixou de manter distância do veículo da frente";"Colisão lateral mesmo sentido";"Com Vítimas Feridas";"Pleno dia";"Crescente";"Céu Claro";"Múltipla";"Reta";"Sim";2;0;1;0;1;0;1;2;-22,79110093;-43,28631236;"SPRF-RJ";"DEL01-RJ";"UOP02-DEL01-RJ"
666534;2025-03-11;"terça-feira";"07:55:00";"BA";324;525;"FEIRA DE SANTANA";"Condutor deixou de manter distância do veículo da frente";"Colisão traseira";"Com Vítimas Feridas";"Pleno dia";"Crescente";"Céu Claro";"Dupla";"Reta";"Sim";2;0;1;0;1;0;1;2;-12,302942;-38,895372;"SPRF-BA";"DEL01-BA";"UOP03-DEL01-BA"
666536;2025-03-11;"terça-feira";"10:35:00";"PB";230;10;"CABEDELO";"Acessar a via sem observar a presença dos outros veículos";"Tombamento";"Com Vítimas Feridas";"Pleno dia";"Decrescente";"Sol";"Dupla";"Reta;Viaduto";"Sim";3;0;2;0;1;0;2;2;-7,06563883;-34,84980583;"SPRF-PB";"DEL01-PB";"UOP01-DEL01-PB"
666537;2025-03-11;"terça-feira";"09:30:00";"RJ";101;303;"SAO GONCALO";"Reação tardia ou ineficiente do condutor";"Colisão traseira";"Sem Vítimas";"Pleno dia";"Crescente";"Céu Claro";"Dupla";"Reta";"Não";4;0;0;0;4;0;0;2;-22,7825124;-42,97430992;"SPRF-RJ";"DEL02-RJ";"UOP02-DEL02-RJ"
666539;2025-03-11;"terça-feira";"08:40:00";"MG";381;306;"ANTONIO DIAS";"Demais falhas mecânicas ou elétricas";"Incêndio";"Sem Vítimas";"Pleno dia";"Decrescente";"Céu Claro";"Dupla";"Reta";"Não";1;0;0;0;1;0;0;1;-19,64041;-42,89986;"SPRF-MG";"DEL03-MG";"UOP02-DEL03-MG"
666541;2025-03-11;"terça-feira";"10:20:00";"RJ";356;26;"ITAPERUNA";"Acessar a via sem observar a presença dos outros veículos";"Colisão transversal";"Com Vítimas Feridas";"Pleno dia";"Crescente";"Céu Claro";"Simples";"Retorno Regulamentado;Reta";"Não";6;0;4;0;2;0;4;2;-21,179333;-41,953851;"SPRF-RJ";"DEL08-RJ";"UOP03-DEL08-RJ"
666542;2025-03-11;"terça-feira";"10:20:00";"MT";158;790;"BARRA DO GARCAS";"Demais falhas mecânicas ou elétricas";"Colisão com objeto";"Sem Vítimas";"Pleno dia";"Decrescente";"Céu Claro";"Simples";"Aclive";"Não";3;0;0;0;3;0;0;2;-15,815823;-52,302721;"SPRF-MT";"DEL07-MT";"UOP01-DEL07-MT"
666543;2025-03-11;"terça-feira";"10:30:00";"RJ";101;420;"MANGARATIBA";"Demais falhas mecânicas ou elétricas";"Queda de ocupante de veículo";"Com Vítimas Feridas";"Pleno dia";"Crescente";"Céu Claro";"Dupla";"Curva";"Não";2;0;2;0;0;0;2;1;-22,9175741;-43,9292436;"SPRF-RJ";"DEL03-RJ";"UOP02-DEL03-RJ"
666546;2025-03-11;"terça-feira";"06:00:00";"GO";80;9,1;"PADRE BERNARDO";"Desvio temporário";"Capotamento";"Com Vítimas Feridas";"Amanhecer";"Crescente";"Céu Claro";"Simples";"Reta";"Não";3;0;2;0;1;0;2;1;-15,453838;-48,211832;"SPRF-DF";"DEL03-DF";"UOP02-DEL03-DF"
666547;2025-03-11;"terça-feira";"12:00:00";"MG";50;58;"UBERLANDIA";"Condutor usando celular";"Saída de leito carroçável";"Com Vítimas Feridas";"Pleno dia";"Decrescente";"Céu Claro";"Dupla";"Reta";"Não";2;0;1;0;1;0;1;1;-18,9083;-48,3153;"SPRF-MG";"DEL15-MG";"UOP02-DEL15-MG"
666548;2025-03-11;"terça-feira";"11:40:00";"RJ";101;382;"RIO DE JANEIRO";"Acessar a via sem observar a presença dos outros veículos";"Colisão lateral mesmo sentido";"Com Vítimas Feridas";"Pleno dia";"Decrescente";"Céu Claro";"Dupla";"Reta";"Não";3;0;2;0;1;0;2;2;-22,890695;-43,665261;"SPRF-RJ";"DEL03-RJ";"UOP01-DEL03-RJ"
666549;2025-03-11;"terça-feira";"10:00:00";"MS";163;457;"CAMPO GRANDE";"Acessar a via sem observar a presença dos outros veículos";"Colisão transversal";"Com Vítimas Feridas";"Pleno dia";"Decrescente";"Céu Claro";"Simples";"Reta;Aclive";"Não";2;0;1;0;1;0;1;2;-20,66208084;-54,56206377;"SPRF-MS";"DEL01-MS";"UOP01-DEL01-MS"
666550;2025-02-24;"segunda-feira";"15:15:00";"SP";116;315;"JUQUITIBA";"Objeto estático sobre o leito carroçável";"Colisão com objeto";"Sem Vítimas";"Pleno dia";"Crescente";"Sol";"Dupla";"Reta";"Sim";2;0;0;0;2;0;0;1;-23,90121343;-46,98975736;"SPRF-SP";"DEL04-SP";"UOP03-DEL04-SP"
666551;2025-01-28;"terça-feira";"13:00:00";"MS";376;13;"DOURADOS";"Chuva";"Colisão com objeto";"Sem Vítimas";"Pleno dia";"Crescente";"Chuva";"Simples";"Reta";"Não";1;0;0;0;0;1;0;1;-22,22928219;-54,66230392;"SPRF-MS";"DEL04-MS";"UOP01-DEL04-MS"
666555;2025-03-11;"terça-feira";"10:40:00";"MS";158;97,2;"PARANAIBA";"Ausência de reação do condutor";"Colisão traseira";"Sem Vítimas";"Pleno dia";"Crescente";"Céu Claro";"Dupla";"Rotatória";"Não";3;0;0;0;3;0;0;2;-19,69538308;-51,18061759;"SPRF-MS";"DEL08-MS";"UOP01-DEL08-MS"
666556;2025-03-11;"terça-feira";"10:00:00";"SC";280;23,5;"ARAQUARI";"Acesso irregular";"Colisão transversal";"Com Vítimas Feridas";"Pleno dia";"Crescente";"Garoa/Chuvisco";"Simples";"Reta";"Sim";2;0;1;0;1;0;1;2;-26,375843;-48,717806;"SPRF-SC";"DEL03-SC";"UOP03-DEL03-SC"
666557;2025-03-11;"terça-feira";"10:50:00";"MG";381;713;"CARMO DA CACHOEIRA";"Demais falhas mecânicas ou elétricas";"Tombamento";"Com Vítimas Feridas";"Pleno dia";"Crescente";"Céu Claro";"Dupla";"Reta";"Não";1;0;1;0;0;0;1;1;-21,37418;-45,19172;"SPRF-MG";"DEL04-MG";"UOP02-DEL04-MG"
666559;2025-03-11;"terça-feira";"11:05:00";"MG";50;151;"UBERABA";"Reação tardia ou ineficiente do condutor";"Colisão traseira";"Com Vítimas Feridas";"Pleno dia";"Decrescente";"Céu Claro";"Dupla";"Reta";"Não";2;0;1;0;1;0;1;2;-19,581775;-48,031269;"SPRF-MG";"DEL13-MG";"UOP01-DEL13-MG"
666560;2025-03-11;"terça-feira";"11:50:00";"MG";459;96,1;"POUSO ALEGRE";"Reação tardia ou ineficiente do condutor";"Colisão lateral sentido oposto";"Com Vítimas Feridas";"Pleno dia";"Decrescente";"Céu Claro";"Simples";"Aclive;Curva";"Não";4;0;3;0;1;0;3;3;-22,1865112;-45,9837927;"SPRF-MG";"DEL09-MG";"UOP01-DEL09-MG"
666561;2025-03-11;"terça-feira";"11:50:00";"MS";163;615,3;"SAO GABRIEL DO OESTE";"Reação tardia ou ineficiente do condutor";"Tombamento";"Com Vítimas Feridas";"Pleno dia";"Crescente";"Céu Claro";"Simples";"Reta;Rotatória";"Sim";1;0;1;0;0;0;1;1;-19,38925527;-54,57155406;"SPRF-MS";"DEL06-MS";"UOP02-DEL06-MS"
666562;2025-03-11;"terça-feira";"07:50:00";"MG";381;946,8;"EXTREMA";"Demais falhas mecânicas ou elétricas";"Tombamento";"Com Vítimas Feridas";"Pleno dia";"Decrescente";"Céu Claro";"Dupla";"Reta;Aclive";"Não";2;0;2;0;0;0;2;1;-22,862579;-46,344549;"SPRF-MG";"DEL16-MG";"UOP03-DEL16-MG"
666563;2025-03-11;"terça-feira";"13:00:00";"PI";343;0,2;"TERESINA";"Frear bruscamente";"Colisão traseira";"Com Vítimas Feridas";"Pleno dia";"Decrescente";"Céu Claro";"Múltipla";"Reta;Viaduto";"Sim";2;0;1;0;1;0;1;2;-5,07839809;-42,74977684;"SPRF-PI";"DEL01-PI";"UOP01-DEL01-PI"
666564;2025-02-23;"domingo";"17:00:00";"RJ";356;86;"CARDOSO MOREIRA";"Conversão proibida";"Colisão lateral sentido oposto";"Com Vítimas Feridas";"Pleno dia";"Decrescente";"Céu Claro";"Simples";"Curva";"Não";2;0;1;0;1;0;1;2;-21,489969;-41,635899;"SPRF-RJ";"DEL08-RJ";"UOP03-DEL08-RJ"
666565;2025-03-11;"terça-feira";"13:30:00";"SC";101;148;"ITAPEMA";"Acessar a via sem observar a presença dos outros veículos";"Colisão transversal";"Com Vítimas Feridas";"Pleno dia";"Decrescente";"Céu Claro";"Simples";"Interseção de Vias;Reta";"Sim";2;0;0;1;1;0;1;2;-27,0659241;-48,5955255;"SPRF-SC";"DEL04-SC";"UOP03-DEL04-SC"
666571;2025-03-11;"terça-feira";"14:40:00";"MG";267;28,2;"ARGIRITA";"Condutor Dormindo";"Saída de leito carroçável";"Com Vítimas Feridas";"Pleno dia";"Crescente";"Nublado";"Simples";"Curva;Aclive";"Não";1;0;1;0;0;0;1;1;-21,640642;-42,836065;"SPRF-MG";"DEL07-MG";"UOP01-DEL07-MG"
666572;2025-03-11;"terça-feira";"14:00:00";"SP";116;146;"SAO JOSE DOS CAMPOS";"Reação tardia ou ineficiente do condutor";"Colisão traseira";"Com Vítimas Feridas";"Pleno dia";"Decrescente";"Céu Claro";"Dupla";"Aclive";"Não";4;0;1;1;2;0;2;4;-23,19122919;-45,86327591;"SPRF-SP";"DEL02-SP";"UOP01-DEL02-SP"
666573;2025-03-02;"domingo";"20:00:00";"MS";163;249;"DOURADOS";"Ausência de reação do condutor";"Colisão traseira";"Com Vítimas Feridas";"Plena Noite";"Crescente";"Céu Claro";"Simples";"Reta";"Não";7;0;1;5;0;1;6;3;-22,30541865;-54,82059598;"SPRF-MS";"DEL04-MS";"UOP02-DEL04-MS"
666576;2025-03-11;"terça-feira";"11:23:00";"MS";419;256,9;"ANASTACIO";"Reação tardia ou ineficiente do condutor";"Colisão traseira";"Sem Vítimas";"Pleno dia";"Crescente";"Céu Claro";"Simples";"Reta";"Não";3;0;0;0;2;1;0;3;-20,51112317;-55,62892914;"SPRF-MS";"DEL03-MS";"UOP01-DEL03-MS"
666578;2025-03-11;"terça-feira";"15:00:00";"SP";116;86;"PINDAMONHANGABA";"Demais falhas mecânicas ou elétricas";"Incêndio";"Sem Vítimas";"Pleno dia";"Crescente";"Nublado";"Dupla";"Reta";"Não";2;0;0;0;2;0;0;1;-22,9247257;-45,351299;"SPRF-SP";"DEL08-SP";"UOP01-DEL08-SP"
666580;2025-03-11;"terça-feira";"14:03:00";"RS";116;329;"BARRA DO RIBEIRO";"Condutor Dormindo";"Saída de leito carroçável";"Com Vítimas Feridas";"Pleno dia";"Crescente";"Sol";"Dupla";"Reta";"Não";2;0;1;0;1;0;1;1;-30,39521211;-51,43982431;"SPRF-RS";"DEL02-RS";"UOP02-DEL02-RS"
666581;2025-03-01;"sábado";"21:45:00";"RS";285;6;"SAO BORJA";"Desrespeitar a preferência no cruzamento";"Colisão transversal";"Com Vítimas Feridas";"Plena Noite";"Decrescente";"Céu Claro";"Simples";"Rotatória";"Sim";9;0;3;0;6;0;3;2;-28,632453;-55,99874568;"SPRF-RS";"DEL12-RS";"UOP01-DEL12-RS"
666585;2025-03-11;"terça-feira";"15:00:00";"PE";424;86;"GARANHUNS";"Acessar a via sem observar a presença dos outros veículos";"Colisão transversal";"Com Vítimas Feridas";"Pleno dia";"Crescente";"Céu Claro";"Simples";"Reta";"Não";3;0;0;3;0;0;3;2;-8,8714778;-36,5076646;"SPRF-PE";"DEL03-PE";"UOP01-DEL03-PE"
666586;2025-03-11;"terça-feira";"15:00:00";"GO";153;491;"GOIANIA";"Ultrapassagem Indevida";"Colisão transversal";"Com Vítimas Feridas";"Pleno dia";"Decrescente";"Céu Claro";"Simples";"Reta";"Sim";2;0;0;1;1;0;1;2;-16,62683146;-49,20538723;"SPRF-GO";"DEL01-GO";"UOP01-DEL01-GO"
666587;2025-03-11;"terça-feira";"14:40:00";"MG";116;501,5;"INHAPIM";"Demais falhas mecânicas ou elétricas";"Queda de ocupante de veículo";"Com Vítimas Feridas";"Pleno dia";"Decrescente";"Céu Claro";"Simples";"Reta";"Não";2;0;1;1;0;0;2;1;-19,575757;-42,116845;"SPRF-MG";"DEL06-MG";"UOP02-DEL06-MG"
666589;2025-03-11;"terça-feira";"12:45:00";"MG";40;552;"NOVA LIMA";"Entrada inopinada do pedestre";"Atropelamento de Pedestre";"Com Vítimas Feridas";"Pleno dia";"Decrescente";"Céu Claro";"Múltipla";"Reta";"Sim";2;0;1;0;1;0;1;2;-20,082;-43,979;"SPRF-MG";"DEL01-MG";"UOP02-DEL01-MG"
666591;2025-03-11;"terça-feira";"10:20:00";"RJ";116;145;"DUQUE DE CAXIAS";"Demais falhas mecânicas ou elétricas";"Incêndio";"Sem Vítimas";"Pleno dia";"Crescente";"Céu Claro";"Dupla";"Reta";"Sim";1;0;0;0;1;0;0;1;-22,6721792;-43,2832512;"SPRF-RJ";"DEL01-RJ";"UOP02-DEL01-RJ"
666592;2025-03-11;"terça-feira";"16:02:00";"MG";381;878;"ESTIVA";"Chuva";"Capotamento";"Com Vítimas Feridas";"Pleno dia";"Decrescente";"Chuva";"Dupla";"Curva";"Não";1;0;1;0;0;0;1;1;-22,43805556;-45,98444444;"SPRF-MG";"DEL16-MG";"UOP01-DEL16-MG"
666594;2025-03-11;"terça-feira";"15:20:00";"BA";324;532;"FEIRA DE SANTANA";"Condutor deixou de manter distância do veículo da frente";"Colisão traseira";"Sem Vítimas";"Pleno dia";"Decrescente";"Céu Claro";"Dupla";"Reta";"Não";4;0;0;0;3;1;0;3;-12,347089;-38,837375;"SPRF-BA";"DEL01-BA";"UOP03-DEL01-BA"
666595;2025-03-11;"terça-feira";"16:00:00";"RN";406;167;"SAO GONCALO DO AMARANTE";"Avarias e/ou desgaste excessivo no pneu";"Queda de ocupante de veículo";"Com Vítimas Feridas";"Pleno dia";"Crescente";"Nublado";"Simples";"Reta";"Não";2;0;1;0;1;0;1;1;-5,7487677;-35,3264867;"SPRF-RN";"DEL02-RN";"UOP01-DEL02-RN"
666596;2025-03-11;"terça-feira";"16:00:00";"PB";101;88;"JOAO PESSOA";"Avarias e/ou desgaste excessivo no pneu";"Saída de leito carroçável";"Com Vítimas Feridas";"Pleno dia";"Decrescente";"Céu Claro";"Simples";"Interseção de Vias;Viaduto;Curva";"Sim";1;0;1;0;0;0;1;1;-7,16685503;-34,8962998;"SPRF-PB";"DEL01-PB";"UOP01-DEL01-PB"
666597;2025-03-11;"terça-feira";"16:30:00";"MA";316;610;"TIMON";"Mal súbito do condutor";"Colisão com objeto";"Com Vítimas Feridas";"Pleno dia";"Crescente";"Nublado";"Simples";"Rotatória";"Sim";1;0;0;1;0;0;1;1;-5,07114119;-42,87376744;"SPRF-MA";"DEL03-MA";"UOP02-DEL03-MA"
666598;2025-03-11;"terça-feira";"16:00:00";"RJ";101;515;"ANGRA DOS REIS";"Mal súbito do condutor";"Colisão frontal";"Com Vítimas Feridas";"Pleno dia";"Crescente";"Nublado";"Simples";"Curva";"Não";4;0;3;1;0;0;4;2;-22,98324854;-44,43938559;"SPRF-RJ";"DEL03-RJ";"UOP03-DEL03-RJ"
666601;2025-03-08;"sábado";"06:45:00";"RJ";101;498;"ANGRA DOS REIS";"Velocidade Incompatível";"Tombamento";"Com Vítimas Feridas";"Pleno dia";"Crescente";"Céu Claro";"Simples";"Reta";"Não";1;0;1;0;0;0;1;1;-22,92447697;-44,3228817;"SPRF-RJ";"DEL03-RJ";"UOP03-DEL03-RJ"
666602;2025-03-11;"terça-feira";"12:30:00";"RS";290;57,8;"GLORINHA";"Pista esburacada";"Tombamento";"Com Vítimas Feridas";"Pleno dia";"Crescente";"Céu Claro";"Dupla";"Reta;Declive";"Não";1;0;1;0;0;0;1;1;-29,920478;-50,836284;"SPRF-RS";"DEL03-RS";"UOP01-DEL03-RS"
666603;2025-03-11;"terça-feira";"16:00:00";"RS";470;255;"SALVADOR DO SUL";"Pedestre andava na pista";"Atropelamento de Pedestre";"Com Vítimas Feridas";"Pleno dia";"Crescente";"Céu Claro";"Simples";"Curva";"Não";2;0;1;0;1;0;1;2;-29,44083513;-51,50789553;"SPRF-RS";"DEL06-RS";"UOP01-DEL06-RS"