"id";"data_inversa";"dia_semana";"horario";"uf";"br";"km";"municipio";"causa_acidente";"tipo_acidente";"classificacao_acidente";"fase_dia";"sentido_via";"condicao_metereologica";"tipo_pista";"tracado_via";"uso_solo";"pessoas";"mortos";"feridos_leves";"feridos_graves";"ilesos";"ignorados";"feridos";"veiculos";"latitude";"longitude";"regional";"delegacia";"uop"
666605;2025-03-11;"terça-feira";"15:30:00";"RJ";116;250;"PIRAI";"Demais falhas mecânicas ou elétricas";"Incêndio";"Sem Vítimas";"Pleno dia";"Crescente";"Chuva";"Dupla";"Curva;Declive";"Não";1;0;0;0;1;0;0;1;-22,57946152;-43,98857117;"SPRF-RJ";"DEL07-RJ";"UOP01-DEL07-RJ"
666607;2025-03-11;"terça-feira";"15:30:00";"BA";101;32,5;"ESPLANADA";"Velocidade Incompatível";"Saída de leito carroçável";"Com Vítimas Feridas";"Pleno dia";"Decrescente";"Céu Claro";"Múltipla";"Reta;Retorno Regulamentado";"Não";5;0;2;0;3;0;2;1;-11,75525606;-37,94254304;"SPRF-SE";"DEL02-SE";"UOP03-DEL02-SE"
666608;2025-03-11;"terça-feira";"17:15:00";"SP";116;73;"APARECIDA";"Acumulo de água sobre o pavimento";"Colisão com objeto";"Com Vítimas Feridas";"Pleno dia";"Decrescente";"Chuva";"Dupla";"Reta;Aclive";"Não";2;0;1;0;1;0;1;1;-22,866375;-45,2417852;"SPRF-SP";"DEL08-SP";"UOP01-DEL08-SP"
666609;2025-03-11;"terça-feira";"17:00:00";"SC";282;1;"FLORIANOPOLIS";"Reação tardia ou ineficiente do condutor";"Colisão traseira";"Com Vítimas Feridas";"Pleno dia";"Crescente";"Nublado";"Múltipla";"Reta";"Sim";3;0;2;0;1;0;2;2;-27,6035057;-48,5855037;"SPRF-SC";"DEL01-SC";"UOP01-DEL01-SC"
666610;2025-03-11;"terça-feira";"14:20:00";"PR";487;119,6;"TUNEIRAS DO OESTE";"Ausência de reação do condutor";"Saída de leito carroçável";"Com Vítimas Feridas";"Pleno dia";"Decrescente";"Chuva";"Simples";"Curva;Declive";"Não";1;0;1;0;0;0;1;1;-23,84803887;-52,92903716;"SPRF-PR";"DEL09-PR";"UOP03-DEL09-PR"
666611;2025-03-11;"terça-feira";"09:30:00";"PR";277;137;"CAMPO LARGO";"Demais falhas mecânicas ou elétricas";"Incêndio";"Sem Vítimas";"Pleno dia";"Crescente";"Céu Claro";"Dupla";"Aclive;Reta";"Não";1;0;0;0;1;0;0;1;-25,45656254;-49,63415578;"SPRF-PR";"DEL03-PR";"UOP03-DEL03-PR"
666612;2025-03-11;"terça-feira";"17:00:00";"PR";163;249;"QUATRO PONTES";"Ingestão de substâncias psicoativas pelo condutor";"Saída de leito carroçável";"Com Vítimas Feridas";"Pleno dia";"Crescente";"Chuva";"Dupla";"Reta";"Sim";1;0;1;0;0;0;1;1;-24,60696489;-53,97183895;"SPRF-PR";"DEL06-PR";"UOP02-DEL06-PR"
666614;2025-03-11;"terça-feira";"17:00:00";"RS";158;326;"SANTA MARIA";"Acessar a via sem observar a presença dos outros veículos";"Colisão transversal";"Com Vítimas Feridas";"Pleno dia";"Decrescente";"Céu Claro";"Dupla";"Em Obras;Reta;Viaduto";"Sim";3;0;1;1;1;0;2;2;-29,71216202;-53,80564928;"SPRF-RS";"DEL09-RS";"UOP01-DEL09-RS"
666615;2025-03-11;"terça-feira";"14:35:00";"AL";101;3;"NOVO LINO";"Reação tardia ou ineficiente do condutor";"Queda de ocupante de veículo";"Com Vítimas Feridas";"Pleno dia";"Crescente";"Nublado";"Dupla";"Reta";"Não";1;0;1;0;0;0;1;1;-8,91368682;-35,63388303;"SPRF-AL";"DEL01-AL";"UOP02-DEL01-AL"
666617;2025-03-11;"terça-feira";"17:20:00";"RJ";101;505;"ANGRA DOS REIS";"Conversão proibida";"Colisão frontal";"Com Vítimas Feridas";"Anoitecer";"Decrescente";"Céu Claro";"Simples";"Reta";"Sim";2;0;1;0;1;0;1;2;-22,9900288;-44,2400768;"SPRF-RJ";"DEL03-RJ";"UOP03-DEL03-RJ"
666619;2025-03-11;"terça-feira";"18:03:00";"SC";470;138;"RIO DO SUL";"Trafegar com motocicleta (ou similar) entre as faixas";"Colisão transversal";"Com Vítimas Feridas";"Pleno dia";"Crescente";"Nublado";"Simples";"Interseção de Vias;Retorno Regulamentado";"Sim";2;0;1;0;1;0;1;2;-27,20465411;-49,63881612;"SPRF-SC";"DEL04-SC";"UOP02-DEL04-SC"
666621;2025-03-11;"terça-feira";"17:00:00";"MG";153;211,2;"FRUTAL";"Afundamento ou ondulação no pavimento";"Tombamento";"Com Vítimas Feridas";"Pleno dia";"Decrescente";"Céu Claro";"Simples";"Reta";"Não";1;0;1;0;0;0;1;1;-20,032025;-49,048119;"SPRF-MG";"DEL13-MG";"UOP02-DEL13-MG"
666622;2025-03-11;"terça-feira";"17:30:00";"MG";365;431,5;"PATOS DE MINAS";"Manobra de mudança de faixa";"Colisão transversal";"Com Vítimas Feridas";"Pleno dia";"Crescente";"Sol";"Simples";"Interseção de Vias;Reta";"Não";2;0;1;0;1;0;1;2;-18,759079;-46,663891;"SPRF-MG";"DEL10-MG";"UOP01-DEL10-MG"
666623;2025-03-11;"terça-feira";"18:00:00";"PE";423;96;"GARANHUNS";"Acessar a via sem observar a presença dos outros veículos";"Colisão transversal";"Com Vítimas Feridas";"Plena Noite";"Crescente";"Céu Claro";"Simples";"Aclive";"Sim";2;0;0;1;1;0;1;2;-8,880658;-36,4926114;"SPRF-PE";"DEL03-PE";"UOP01-DEL03-PE"
666624;2025-03-11;"terça-feira";"18:06:00";"RN";101;81,7;"SAO GONCALO DO AMARANTE";"Transitar na contramão";"Colisão transversal";"Com Vítimas Feridas";"Anoitecer";"Decrescente";"Chuva";"Dupla";"Interseção de Vias";"Sim";3;0;1;0;2;0;1;2;-5,767172;-35,2776557;"SPRF-RN";"DEL02-RN";"UOP01-DEL02-RN"
666627;2025-03-11;"terça-feira";"18:30:00";"RN";406;169;"SAO GONCALO DO AMARANTE";"Reação tardia ou ineficiente do condutor";"Colisão traseira";"Com Vítimas Feridas";"Plena Noite";"Decrescente";"Chuva";"Dupla";"Interseção de Vias";"Não";2;0;0;1;1;0;1;2;-5,757767;-35,300963;"SPRF-RN";"DEL02-RN";"UOP01-DEL02-RN"
666628;2025-03-11;"terça-feira";"16:30:00";"AM";319;46;"CANUTAMA";"Demais falhas na via";"Saída de leito carroçável";"Com Vítimas Feridas";"Pleno dia";"Crescente";"Céu Claro";"Simples";"Reta";"Não";1;0;0;1;0;0;1;1;-8,363787;-63,956103;"SPRF-AM";"DEL01-AM";"UOP04-DEL01-AM"
666629;2025-03-11;"terça-feira";"18:45:00";"GO";414;438;"ANAPOLIS";"Desrespeitar a preferência no cruzamento";"Colisão transversal";"Com Vítimas Feridas";"Plena Noite";"Decrescente";"Céu Claro";"Simples";"Rotatória;Reta";"Sim";2;0;0;1;1;0;1;2;-16,253521;-48,935853;"SPRF-GO";"DEL02-GO";"UOP01-DEL02-GO"
666630;2025-03-11;"terça-feira";"18:45:00";"MG";40;749;"SANTOS DUMONT";"Ausência de reação do condutor";"Capotamento";"Com Vítimas Feridas";"Plena Noite";"Crescente";"Nublado";"Simples";"Declive;Curva";"Não";1;0;1;0;0;0;1;1;-21,48611507;-43,53502035;"SPRF-MG";"DEL05-MG";"UOP01-DEL05-MG"
666631;2025-03-11;"terça-feira";"18:00:00";"SC";280;170,1;"MAFRA";"Pista Escorregadia";"Tombamento";"Com Vítimas Feridas";"Amanhecer";"Crescente";"Chuva";"Simples";"Reta;Aclive";"Sim";1;0;1;0;0;0;1;1;-26,14102626;-49,8124795;"SPRF-SC";"DEL06-SC";"UOP01-DEL06-SC"
666632;2025-03-11;"terça-feira";"17:20:00";"MT";364;271,8;"JACIARA";"Reação tardia ou ineficiente do condutor";"Colisão traseira";"Com Vítimas Feridas";"Anoitecer";"Decrescente";"Céu Claro";"Dupla";"Reta;Declive";"Sim";2;0;1;0;1;0;1;2;-15,969447;-54,959177;"SPRF-MT";"DEL05-MT";"UOP02-DEL05-MT"
666633;2025-03-11;"terça-feira";"17:20:00";"RS";470;227;"GARIBALDI";"Reação tardia ou ineficiente do condutor";"Colisão traseira";"Com Vítimas Feridas";"Pleno dia";"Crescente";"Céu Claro";"Simples";"Reta;Declive";"Sim";2;0;1;0;1;0;1;2;-29,26086557;-51,50746286;"SPRF-RS";"DEL06-RS";"UOP01-DEL06-RS"
666634;2025-03-11;"terça-feira";"18:31:00";"PI";343;5;"TERESINA";"Ingestão de álcool pelo condutor";"Colisão traseira";"Com Vítimas Feridas";"Plena Noite";"Crescente";"Céu Claro";"Dupla";"Interseção de Vias";"Sim";4;0;0;1;3;0;1;4;-5,08023209;-42,78949874;"SPRF-PI";"DEL05-PI";"UOP01-DEL05-PI"
666635;2025-03-11;"terça-feira";"19:11:00";"GO";70;6;"AGUAS LINDAS DE GOIAS";"Pedestre cruzava a pista fora da faixa";"Atropelamento de Pedestre";"Com Vítimas Feridas";"Plena Noite";"Decrescente";"Céu Claro";"Dupla";"Reta";"Sim";3;0;1;0;1;1;1;2;-15,7512993;-48,26079017;"SPRF-DF";"DEL03-DF";"UOP02-DEL03-DF"
666636;2025-03-11;"terça-feira";"19:35:00";"SP";381;28;"ATIBAIA";"Chuva";"Colisão com objeto";"Com Vítimas Feridas";"Plena Noite";"Crescente";"Chuva";"Dupla";"Reta";"Sim";1;0;1;0;0;0;1;1;-23,03560332;-46,55029535;"SPRF-SP";"DEL03-SP";"UOP02-DEL03-SP"
666637;2025-03-11;"terça-feira";"19:00:00";"PR";369;505,7;"CASCAVEL";"Transitar na contramão";"Colisão frontal";"Sem Vítimas";"Plena Noite";"Decrescente";"Chuva";"Simples";"Aclive;Reta";"Sim";2;0;0;0;2;0;0;2;-24,94141976;-53,39795753;"SPRF-PR";"DEL04-PR";"UOP01-DEL04-PR"
666638;2025-03-11;"terça-feira";"19:00:00";"PA";230;115;"MARABA";"Reação tardia ou ineficiente do condutor";"Queda de ocupante de veículo";"Com Vítimas Feridas";"Plena Noite";"Decrescente";"Nublado";"Dupla";"Rotatória";"Sim";2;0;1;0;1;0;1;1;-5,5448238;-49,0752985;"SPRF-PA";"DEL03-PA";"UOP01-DEL03-PA"
666639;2025-03-11;"terça-feira";"18:57:00";"ES";101;270;"SERRA";"Reação tardia ou ineficiente do condutor";"Colisão lateral mesmo sentido";"Com Vítimas Feridas";"Plena Noite";"Decrescente";"Céu Claro";"Múltipla";"Reta";"Sim";2;0;1;0;1;0;1;2;-20,230644;-40,273011;"SPRF-ES";"DEL02-ES";"UOP01-DEL02-ES"
666640;2025-03-11;"terça-feira";"19:17:00";"TO";226;2;"AGUIARNOPOLIS";"Suicídio (presumido)";"Atropelamento de Pedestre";"Com Vítimas Fatais";"Plena Noite";"Crescente";"Chuva";"Simples";"Declive";"Sim";4;1;0;0;1;2;0;2;-6,563672;-47,47571;"SPRF-TO";"DEL02-TO";"UOP03-DEL02-TO"
666641;2025-03-11;"terça-feira";"16:15:00";"RS";386;136;"SARANDI";"Desrespeitar a preferência no cruzamento";"Colisão frontal";"Com Vítimas Feridas";"Pleno dia";"Decrescente";"Nublado";"Simples";"Reta";"Sim";2;0;1;0;1;0;1;2;-27,965652;-52,908312;"SPRF-RS";"DEL08-RS";"UOP01-DEL08-RS"
666642;2025-03-11;"terça-feira";"19:10:00";"MG";40;547,1;"NOVA LIMA";"Manobra de mudança de faixa";"Colisão lateral mesmo sentido";"Com Vítimas Feridas";"Plena Noite";"Decrescente";"Nublado";"Dupla";"Curva";"Não";2;0;1;0;1;0;1;2;-20,02484695;-43,96930218;"SPRF-MG";"DEL01-MG";"UOP02-DEL01-MG"
666644;2025-03-11;"terça-feira";"20:00:00";"SC";101;186,5;"BIGUACU";"Manobra de mudança de faixa";"Colisão traseira";"Com Vítimas Feridas";"Plena Noite";"Crescente";"Céu Claro";"Dupla";"Reta";"Sim";3;0;1;0;2;0;1;2;-27,43546992;-48,6258316;"SPRF-SC";"DEL01-SC";"UOP01-DEL01-SC"
666646;2025-03-11;"terça-feira";"15:30:00";"PR";277;336,8;"GUARAPUAVA";"Ausência de reação do condutor";"Saída de leito carroçável";"Com Vítimas Feridas";"Pleno dia";"Crescente";"Chuva";"Dupla";"Curva";"Não";4;0;4;0;0;0;4;1;-25,33948185;-51,41713019;"SPRF-PR";"DEL08-PR";"UOP01-DEL08-PR"
666647;2025-03-11;"terça-feira";"19:15:00";"MG";116;515,6;"UBAPORANGA";"Suicídio (presumido)";"Colisão traseira";"Com Vítimas Feridas";"Plena Noite";"Decrescente";"Céu Claro";"Simples";"Reta";"Não";3;0;0;1;2;0;1;3;-19,695964;-42,117194;"SPRF-MG";"DEL06-MG";"UOP02-DEL06-MG"
666648;2025-03-11;"terça-feira";"19:20:00";"RS";116;150,3;"CAXIAS DO SUL";"Manobra de mudança de faixa";"Colisão lateral mesmo sentido";"Com Vítimas Feridas";"Plena Noite";"Decrescente";"Céu Claro";"Dupla";"Reta";"Sim";3;0;1;0;2;0;1;3;-29,17196912;-51,16025627;"SPRF-RS";"DEL05-RS";"UOP01-DEL05-RS"
666649;2025-03-11;"terça-feira";"14:30:00";"PR";277;5;"PARANAGUA";"Manobra de mudança de faixa";"Colisão lateral mesmo sentido";"Com Vítimas Feridas";"Pleno dia";"Crescente";"Céu Claro";"Dupla";"Reta";"Sim";3;0;2;0;1;0;2;2;-25,52955735;-48,52847692;"SPRF-PR";"DEL01-PR";"UOP05-DEL01-PR"
666650;2025-03-11;"terça-feira";"20:00:00";"PR";476;198;"LAPA";"Acessar a via sem observar a presença dos outros veículos";"Colisão transversal";"Com Vítimas Feridas";"Plena Noite";"Crescente";"Chuva";"Simples";"Reta;Declive";"Não";2;0;2;0;0;0;2;2;-25,76783;-49,740885;"SPRF-PR";"DEL01-PR";"UOP06-DEL01-PR"
666651;2025-03-11;"terça-feira";"20:30:00";"RJ";40;52,5;"PETROPOLIS";"Acesso irregular";"Colisão transversal";"Com Vítimas Feridas";"Plena Noite";"Decrescente";"Céu Claro";"Dupla";"Reta";"Não";5;0;0;1;4;0;1;2;-22,2855168;-43,1259648;"SPRF-RJ";"DEL05-RJ";"UOP02-DEL05-RJ"
666652;2025-03-11;"terça-feira";"17:35:00";"SC";480;124,5;"CHAPECO";"Ingestão de álcool pelo condutor";"Colisão com objeto";"Sem Vítimas";"Pleno dia";"Decrescente";"Nublado";"Dupla";"Reta";"Sim";1;0;0;0;1;0;0;1;-27,01099463;-52,63998159;"SPRF-SC";"DEL07-SC";"UOP01-DEL07-SC"
666653;2025-03-11;"terça-feira";"20:35:00";"GO";40;62,7;"CRISTALINA";"Chuva";"Saída de leito carroçável";"Com Vítimas Feridas";"Plena Noite";"Decrescente";"Chuva";"Simples";"Declive;Curva";"Não";1;0;1;0;0;0;1;1;-16,54503;-47,78841;"SPRF-DF";"DEL01-DF";"UOP02-DEL01-DF"
666655;2025-03-11;"terça-feira";"21:45:00";"SC";116;209,9;"PONTE ALTA";"Chuva";"Saída de leito carroçável";"Sem Vítimas";"Plena Noite";"Crescente";"Chuva";"Simples";"Reta";"Não";1;0;0;0;1;0;0;1;-27,502784;-50,365795;"SPRF-SC";"DEL05-SC";"UOP03-DEL05-SC"
666656;2025-03-11;"terça-feira";"22:30:00";"SC";101;200,9;"SAO JOSE";"Acesso irregular";"Colisão transversal";"Com Vítimas Feridas";"Plena Noite";"Crescente";"Ignorado";"Múltipla";"Declive";"Sim";3;0;1;0;2;0;1;2;-27,53918327;-48,62342466;"SPRF-SC";"DEL01-SC";"UOP01-DEL01-SC"
666657;2025-03-11;"terça-feira";"23:00:00";"PB";230;26;"JOAO PESSOA";"Manobra de mudança de faixa";"Colisão traseira";"Com Vítimas Feridas";"Plena Noite";"Decrescente";"Céu Claro";"Dupla";"Reta";"Sim";2;0;1;0;1;0;1;2;-7,1692331;-34,8795932;"SPRF-PB";"DEL01-PB";"UOP01-DEL01-PB"
666658;2025-03-11;"terça-feira";"20:50:00";"BA";235;350,8;"JUAZEIRO";"Conversão proibida";"Colisão transversal";"Com Vítimas Feridas";"Plena Noite";"Crescente";"Céu Claro";"Simples";"Reta";"Sim";2;0;1;0;1;0;1;2;-9,428942;-40,504222;"SPRF-PE";"DEL06-PE";"UOP01-DEL06-PE"
666659;2025-03-11;"terça-feira";"22:50:00";"GO";70;6;"AGUAS LINDAS DE GOIAS";"Acesso irregular";"Colisão transversal";"Com Vítimas Feridas";"Plena Noite";"Crescente";"Céu Claro";"Dupla";"Reta";"Sim";2;0;2;0;0;0;2;2;-15,75285852;-48,25891798;"SPRF-DF";"DEL03-DF";"UOP02-DEL03-DF"
666660;2025-03-11;"terça-feira";"22:40:00";"ES";101;273,4;"SERRA";"Transitar na contramão";"Colisão frontal";"Com Vítimas Feridas";"Plena Noite";"Decrescente";"Céu Claro";"Múltipla";"Reta;Declive";"Não";2;0;0;1;0;1;1;2;-20,21683;-40,29342;"SPRF-ES";"DEL02-ES";"UOP01-DEL02-ES"
666661;2025-03-12;"quarta-feira";"00:10:00";"SP";116;455;"REGISTRO";"Ausência de reação do condutor";"Atropelamento de Pedestre";"Com Vítimas Feridas";"Plena Noite";"Crescente";"Céu Claro";"Dupla";"Reta";"Não";2;0;0;1;0;1;1;2;-24,57715877;-47,88439608;"SPRF-SP";"DEL05-SP";"UOP01-DEL05-SP"
666662;2025-03-11;"terça-feira";"20:17:00";"AC";364;20;"ACRELANDIA";"Reação tardia ou ineficiente do condutor";"Colisão traseira";"Com Vítimas Fatais";"Plena Noite";"Decrescente";"Céu Claro";"Simples";"Declive;Reta";"Não";2;1;0;0;0;1;0;2;-9,8969335;-66,94138527;"SPRF-AC";"DEL01-AC";"UOP03-DEL01-AC"
666663;2025-03-11;"terça-feira";"22:30:00";"GO";60;83,2;"ANAPOLIS";"Acumulo de água sobre o pavimento";"Saída de leito carroçável";"Com Vítimas Fatais";"Plena Noite";"Decrescente";"Chuva";"Dupla";"Declive;Curva";"Não";1;1;0;0;0;0;0;1;-16,314673;-48,842404;"SPRF-GO";"DEL02-GO";"UOP01-DEL02-GO"
666664;2025-03-12;"quarta-feira";"01:40:00";"PR";369;197,7;"APUCARANA";"Mal súbito do condutor";"Colisão com objeto";"Com Vítimas Feridas";"Plena Noite";"Crescente";"Céu Claro";"Dupla";"Curva";"Sim";1;0;1;0;0;0;1;1;-23,519366;-51,429892;"SPRF-PR";"DEL07-PR";"UOP03-DEL07-PR"
666665;2025-03-11;"terça-feira";"23:26:00";"RO";319;51;"PORTO VELHO";"Iluminação deficiente";"Colisão frontal";"Com Vítimas Feridas";"Plena Noite";"Decrescente";"Céu Claro";"Simples";"Reta";"Não";2;0;2;0;0;0;2;2;-8,67664747;-63,99511993;"SPRF-RO";"DEL01-RO";"UOP01-DEL01-RO"
666667;2025-03-12;"quarta-feira";"03:00:00";"GO";414;323,9;"COCALZINHO DE GOIAS";"Reação tardia ou ineficiente do condutor";"Saída de leito carroçável";"Com Vítimas Feridas";"Plena Noite";"Decrescente";"Chuva";"Simples";"Reta";"Não";5;0;4;0;1;0;4;1;-15,414041;-48,625805;"SPRF-GO";"DEL02-GO";"UOP01-DEL02-GO"
666669;2025-03-12;"quarta-feira";"04:35:00";"SC";101;101;"TIJUCAS";"Condutor deixou de manter distância do veículo da frente";"Colisão traseira";"Com Vítimas Feridas";"Plena Noite";"Decrescente";"Céu Claro";"Dupla";"Reta";"Não";3;0;1;0;2;0;1;3;-27,30084454;-48,63126576;"SPRF-SC";"DEL03-SC";"UOP02-DEL03-SC"
666673;2025-03-11;"terça-feira";"22:40:00";"SC";101;213,9;"PALHOCA";"Pedestre cruzava a pista fora da faixa";"Atropelamento de Pedestre";"Com Vítimas Feridas";"Plena Noite";"Decrescente";"Garoa/Chuvisco";"Múltipla";"Reta;Interseção de Vias";"Sim";3;0;0;1;0;2;1;2;-27,64367;-48,67023;"SPRF-SC";"DEL01-SC";"UOP02-DEL01-SC"
666674;2025-03-12;"quarta-feira";"05:30:00";"TO";230;2;"AGUIARNOPOLIS";"Animais na Pista";"Atropelamento de Animal";"Com Vítimas Feridas";"Amanhecer";"Crescente";"Nublado";"Simples";"Reta";"Não";6;0;4;0;2;0;4;1;-6,54774;-47,482217;"SPRF-TO";"DEL02-TO";"UOP03-DEL02-TO"
666677;2025-03-12;"quarta-feira";"05:40:00";"MG";40;517;"RIBEIRAO DAS NEVES";"Transitar no Acostamento";"Colisão transversal";"Com Vítimas Feridas";"Amanhecer";"Crescente";"Céu Claro";"Dupla";"Reta;Retorno Regulamentado";"Sim";3;0;1;0;2;0;1;2;-19,82958327;-44,08357501;"SPRF-MG";"DEL01-MG";"UOP02-DEL01-MG"
666678;2025-03-11;"terça-feira";"20:30:00";"BA";116;915,8;"ENCRUZILHADA";"Reação tardia ou ineficiente do condutor";"Saída de leito carroçável";"Com Vítimas Feridas";"Plena Noite";"Decrescente";"Céu Claro";"Simples";"Reta";"Não";2;0;2;0;0;0;2;1;-15,561488;-41,265305;"SPRF-BA";"DEL08-BA";"UOP03-DEL08-BA"
666679;2025-03-12;"quarta-feira";"06:30:00";"MG";381;483,1;"BETIM";"Demais falhas mecânicas ou elétricas";"Tombamento";"Com Vítimas Feridas";"Pleno dia";"Decrescente";"Céu Claro";"Dupla";"Declive";"Sim";2;0;2;0;0;0;2;1;-19,9597093;-44,08237338;"SPRF-MG";"DEL01-MG";"UOP03-DEL01-MG"
666681;2025-03-12;"quarta-feira";"05:40:00";"GO";60;455;"JATAI";"Ausência de reação do condutor";"Colisão traseira";"Com Vítimas Feridas";"Amanhecer";"Decrescente";"Ignorado";"Dupla";"Reta";"Não";2;0;1;0;1;0;1;2;-17,866632;-51,579115;"SPRF-GO";"DEL05-GO";"UOP01-DEL05-GO"
666682;2025-03-12;"quarta-feira";"01:20:00";"SP";381;27;"ATIBAIA";"Ausência de reação do condutor";"Saída de leito carroçável";"Sem Vítimas";"Plena Noite";"Decrescente";"Chuva";"Dupla";"Reta";"Sim";1;0;0;0;0;1;0;1;-23,04491445;-46,561596;"SPRF-SP";"DEL03-SP";"UOP02-DEL03-SP"
666685;2025-03-12;"quarta-feira";"04:30:00";"SP";381;85;"SAO PAULO";"Acessar a via sem observar a presença dos outros veículos";"Atropelamento de Pedestre";"Com Vítimas Feridas";"Plena Noite";"Crescente";"Céu Claro";"Dupla";"Reta";"Sim";2;0;1;0;0;1;1;2;-23,46666137;-46,57158136;"SPRF-SP";"DEL03-SP";"UOP01-DEL03-SP"
666686;2025-03-12;"quarta-feira";"06:50:00";"BA";116;818;"VITORIA DA CONQUISTA";"Desrespeitar a preferência no cruzamento";"Colisão transversal";"Com Vítimas Fatais";"Pleno dia";"Decrescente";"Céu Claro";"Simples";"Reta;Interseção de Vias";"Não";2;1;0;0;1;0;0;2;-14,823411;-40,818285;"SPRF-BA";"DEL08-BA";"UOP01-DEL08-BA"
666687;2025-03-12;"quarta-feira";"07:14:00";"ES";447;14;"VILA VELHA";"Falta de acostamento";"Colisão lateral mesmo sentido";"Com Vítimas Fatais";"Pleno dia";"Decrescente";"Céu Claro";"Dupla";"Reta";"Sim";2;1;0;0;1;0;0;2;-20,3520306;-40,33355713;"SPRF-ES";"DEL01-ES";"UOP01-DEL01-ES"
666690;2025-03-12;"quarta-feira";"07:18:00";"CE";116;17;"EUSEBIO";"Ausência de reação do condutor";"Colisão traseira";"Com Vítimas Feridas";"Pleno dia";"Decrescente";"Céu Claro";"Dupla";"Aclive;Reta";"Sim";2;0;1;0;1;0;1;2;-3,901253;-38,504148;"SPRF-CE";"DEL01-CE";"UOP02-DEL01-CE"
666691;2025-03-12;"quarta-feira";"07:29:00";"PE";101;65;"RECIFE";"Reação tardia ou ineficiente do condutor";"Colisão traseira";"Com Vítimas Feridas";"Pleno dia";"Crescente";"Céu Claro";"Dupla";"Reta";"Sim";2;0;1;0;1;0;1;2;-8,02870896;-34,94312167;"SPRF-PE";"DEL01-PE";"UOP01-DEL01-PE"
666693;2025-03-12;"quarta-feira";"07:17:00";"DF";70;8;"BRASILIA";"Manobra de mudança de faixa";"Colisão lateral mesmo sentido";"Com Vítimas Feridas";"Pleno dia";"Decrescente";"Céu Claro";"Múltipla";"Reta";"Sim";2;0;1;0;1;0;1;2;-15,78439695;-48,12317491;"SPRF-DF";"DEL03-DF";"UOP02-DEL03-DF"
666694;2025-03-12;"quarta-feira";"07:19:00";"PB";101;82,9;"BAYEUX";"Acessar a via sem observar a presença dos outros veículos";"Colisão lateral mesmo sentido";"Com Vítimas Feridas";"Pleno dia";"Crescente";"Sol";"Dupla";"Viaduto";"Sim";3;0;2;0;0;1;2;2;-7,13143;-34,932808;"SPRF-PB";"DEL01-PB";"UOP01-DEL01-PB"
666697;2025-03-12;"quarta-feira";"05:30:00";"GO";20;97;"VILA BOA";"Ultrapassagem Indevida";"Colisão frontal";"Sem Vítimas";"Amanhecer";"Decrescente";"Céu Claro";"Simples";"Reta";"Não";6;0;0;0;6;0;0;2;-14,966912;-47,009011;"SPRF-DF";"DEL02-DF";"UOP02-DEL02-DF"
666698;2025-03-12;"quarta-feira";"07:50:00";"SC";101;210,8;"SAO JOSE";"Trafegar com motocicleta (ou similar) entre as faixas";"Colisão traseira";"Com Vítimas Feridas";"Pleno dia";"Decrescente";"Sol";"Múltipla";"Reta";"Sim";2;0;1;0;1;0;1;2;-27,62235;-48,65121;"SPRF-SC";"DEL01-SC";"UOP01-DEL01-SC"
666699;2025-03-12;"quarta-feira";"07:25:00";"PE";232;492;"VERDEJANTE";"Demais falhas mecânicas ou elétricas";"Capotamento";"Com Vítimas Feridas";"Pleno dia";"Decrescente";"Céu Claro";"Simples";"Reta";"Não";1;0;0;1;0;0;1;1;-8,01697813;-39,02372396;"SPRF-PE";"DEL05-PE";"UOP01-DEL05-PE"
666703;2025-03-12;"quarta-feira";"06:10:00";"BA";324;586,8;"CANDEIAS";"Ausência de reação do condutor";"Saída de leito carroçável";"Com Vítimas Feridas";"Pleno dia";"Decrescente";"Céu Claro";"Dupla";"Reta";"Não";2;0;2;0;0;0;2;1;-12,6594177;-38,4714091;"SPRF-BA";"DEL01-BA";"UOP01-DEL01-BA"
666704;2025-03-12;"quarta-feira";"07:00:00";"SC";470;105;"APIUNA";"Ausência de reação do condutor";"Saída de leito carroçável";"Com Vítimas Feridas";"Pleno dia";"Decrescente";"Céu Claro";"Simples";"Curva";"Não";3;0;3;0;0;0;3;1;-27,07414076;-49,38793704;"SPRF-SC";"DEL04-SC";"UOP02-DEL04-SC"
666705;2025-03-12;"quarta-feira";"06:50:00";"PB";230;504,9;"CAJAZEIRAS";"Ausência de reação do condutor";"Colisão traseira";"Com Vítimas Feridas";"Pleno dia";"Decrescente";"Céu Claro";"Simples";"Reta";"Sim";2;0;1;0;1;0;1;2;-6,902047;-38,562227;"SPRF-PB";"DEL03-PB";"UOP03-DEL03-PB"
666706;2025-03-12;"quarta-feira";"08:00:00";"PR";158;536,8;"PATO BRANCO";"Transitar na contramão";"Colisão frontal";"Com Vítimas Feridas";"Pleno dia";"Decrescente";"Céu Claro";"Simples";"Reta";"Sim";3;0;1;0;2;0;1;2;-26,24558;-52,70089833;"SPRF-PR";"DEL02-PR";"UOP01-DEL02-PR"
666707;2025-03-12;"quarta-feira";"08:10:00";"RJ";101;306;"SAO GONCALO";"Manobra de mudança de faixa";"Colisão lateral mesmo sentido";"Com Vítimas Feridas";"Pleno dia";"Crescente";"Nublado";"Dupla";"Reta";"Não";2;0;1;0;1;0;1;2;-22,7934208;-43,0309376;"SPRF-RJ";"DEL02-RJ";"UOP02-DEL02-RJ"