"id";"data_inversa";"dia_semana";"horario";"uf";"br";"km";"municipio";"causa_acidente";"tipo_acidente";"classificacao_acidente";"fase_dia";"sentido_via";"condicao_metereologica";"tipo_pista";"tracado_via";"uso_solo";"pessoas";"mortos";"feridos_leves";"feridos_graves";"ilesos";"ignorados";"feridos";"veiculos";"latitude";"longitude";"regional";"delegacia";"uop"
666963;2025-03-13;"quinta-feira";"12:40:00";"PE";116;21;"SALGUEIRO";"Ultrapassagem Indevida";"Colisão frontal";"Com Vítimas Feridas";"Pleno dia";"Decrescente";"Céu Claro";"Simples";"Reta";"Não";6;0;3;2;0;1;5;2;-8,02626185;-39,14401889;"SPRF-PE";"DEL05-PE";"UOP01-DEL05-PE"
666968;2025-03-13;"quinta-feira";"14:20:00";"MG";381;500;"BETIM";"Velocidade Incompatível";"Saída de leito carroçável";"Com Vítimas Feridas";"Pleno dia";"Decrescente";"Céu Claro";"Dupla";"Aclive;Reta";"Não";3;0;1;2;0;0;3;1;-19,9966228;-44,2091983;"SPRF-MG";"DEL01-MG";"UOP03-DEL01-MG"
666970;2025-03-13;"quinta-feira";"14:30:00";"PR";376;178;"MARINGA";"Acessar a via sem observar a presença dos outros veículos";"Colisão transversal";"Com Vítimas Feridas";"Pleno dia";"Decrescente";"Céu Claro";"Dupla";"Retorno Regulamentado;Reta";"Sim";2;0;1;0;1;0;1;2;-23,418783;-51,914339;"SPRF-PR";"DEL09-PR";"UOP01-DEL09-PR"
666972;2025-03-13;"quinta-feira";"14:22:00";"PB";230;23;"JOAO PESSOA";"Ausência de reação do condutor";"Colisão traseira";"Com Vítimas Feridas";"Pleno dia";"Decrescente";"Céu Claro";"Dupla";"Reta";"Sim";2;0;1;0;1;0;1;2;-7,15808422;-34,85833906;"SPRF-PB";"DEL01-PB";"UOP01-DEL01-PB"
666974;2025-03-13;"quinta-feira";"14:15:00";"MG";381;935,8;"EXTREMA";"Condutor deixou de manter distância do veículo da frente";"Queda de ocupante de veículo";"Com Vítimas Feridas";"Pleno dia";"Crescente";"Chuva";"Dupla";"Reta;Declive";"Não";1;0;1;0;0;0;1;1;-22,80322027;-46,2731545;"SPRF-MG";"DEL16-MG";"UOP03-DEL16-MG"
666975;2025-03-13;"quinta-feira";"14:50:00";"GO";40;2,9;"VALPARAISO DE GOIAS";"Acessar a via sem observar a presença dos outros veículos";"Tombamento";"Com Vítimas Feridas";"Pleno dia";"Decrescente";"Chuva";"Dupla";"Reta";"Sim";2;0;2;0;0;0;2;1;-16,1279512;-47,9843124;"SPRF-DF";"DEL01-DF";"UOP01-DEL01-DF"
666977;2025-02-08;"sábado";"16:50:00";"MG";251;376;"GRAO MOGOL";"Ultrapassagem Indevida";"Saída de leito carroçável";"Com Vítimas Feridas";"Pleno dia";"Crescente";"Ignorado";"Simples";"Reta";"Não";1;0;1;0;0;0;1;1;-16,29689;-42,70542;"SPRF-MG";"DEL12-MG";"UOP01-DEL12-MG"
666978;2025-03-13;"quinta-feira";"14:15:00";"MG";116;525,9;"CARATINGA";"Desrespeitar a preferência no cruzamento";"Colisão transversal";"Com Vítimas Feridas";"Pleno dia";"Decrescente";"Céu Claro";"Dupla";"Reta";"Sim";2;0;1;0;1;0;1;2;-19,779461;-42,132919;"SPRF-MG";"DEL06-MG";"UOP02-DEL06-MG"
666980;2025-03-13;"quinta-feira";"15:30:00";"PB";230;15,3;"JOAO PESSOA";"Ausência de reação do condutor";"Colisão lateral mesmo sentido";"Com Vítimas Feridas";"Pleno dia";"Crescente";"Céu Claro";"Dupla";"Reta;Aclive";"Não";2;0;0;1;1;0;1;2;-7,101363;-34,847642;"SPRF-PB";"DEL01-PB";"UOP01-DEL01-PB"
666981;2025-03-13;"quinta-feira";"14:15:00";"MS";262;621,8;"MIRANDA";"Reação tardia ou ineficiente do condutor";"Saída de leito carroçável";"Com Vítimas Feridas";"Pleno dia";"Crescente";"Nublado";"Simples";"Reta";"Não";2;0;2;0;0;0;2;1;-19,9457251;-56,84780386;"SPRF-MS";"DEL03-MS";"UOP02-DEL03-MS"
666982;2025-03-13;"quinta-feira";"16:10:00";"RS";116;265;"CANOAS";"Manobra de mudança de faixa";"Colisão traseira";"Com Vítimas Feridas";"Pleno dia";"Crescente";"Sol";"Simples";"Reta";"Sim";2;0;1;0;1;0;1;2;-29,92537838;-51,1780249;"SPRF-RS";"DEL01-RS";"UOP01-DEL01-RS"
666984;2025-03-13;"quinta-feira";"16:15:00";"CE";116;4;"FORTALEZA";"Condutor deixou de manter distância do veículo da frente";"Colisão traseira";"Sem Vítimas";"Pleno dia";"Decrescente";"Céu Claro";"Dupla";"Reta";"Sim";3;0;0;0;3;0;0;3;-3,7809513;-38,5134616;"SPRF-CE";"DEL01-CE";"UOP02-DEL01-CE"
666985;2025-03-13;"quinta-feira";"16:38:00";"MG";40;470,8;"SETE LAGOAS";"Acumulo de areia ou detritos sobre o pavimento";"Tombamento";"Com Vítimas Feridas";"Pleno dia";"Crescente";"Céu Claro";"Dupla";"Aclive;Reta";"Não";1;0;1;0;0;0;1;1;-19,47442;-44,29195;"SPRF-MG";"DEL02-MG";"UOP01-DEL02-MG"
666986;2025-03-13;"quinta-feira";"16:55:00";"RN";101;95;"NATAL";"Manobra de mudança de faixa";"Colisão traseira";"Com Vítimas Feridas";"Pleno dia";"Decrescente";"Céu Claro";"Múltipla";"Reta";"Sim";3;0;2;0;0;1;2;2;-5,84223729;-35,20991629;"SPRF-RN";"DEL01-RN";"UOP01-DEL01-RN"
666987;2025-03-13;"quinta-feira";"16:30:00";"MG";381;929,9;"ITAPEVA";"Velocidade Incompatível";"Capotamento";"Com Vítimas Feridas";"Pleno dia";"Crescente";"Chuva";"Dupla";"Curva";"Não";2;0;1;0;1;0;1;1;-22,77496475;-46,23890859;"SPRF-MG";"DEL16-MG";"UOP03-DEL16-MG"
666988;2025-03-13;"quinta-feira";"15:00:00";"RJ";40;105;"DUQUE DE CAXIAS";"Ultrapassagem Indevida";"Colisão frontal";"Com Vítimas Feridas";"Pleno dia";"Decrescente";"Céu Claro";"Simples";"Reta";"Sim";3;0;2;0;1;0;2;2;-22,64243146;-43,28335125;"SPRF-RJ";"DEL01-RJ";"UOP02-DEL01-RJ"
666989;2025-03-13;"quinta-feira";"15:10:00";"PE";428;174;"PETROLINA";"Ultrapassagem Indevida";"Colisão lateral mesmo sentido";"Com Vítimas Feridas";"Pleno dia";"Decrescente";"Céu Claro";"Simples";"Reta";"Não";1;0;1;0;0;0;1;1;-9,2553;-40,426667;"SPRF-PE";"DEL06-PE";"UOP01-DEL06-PE"
666991;2025-03-13;"quinta-feira";"16:50:00";"PE";232;127;"CARUARU";"Transitar na contramão";"Colisão frontal";"Com Vítimas Feridas";"Pleno dia";"Decrescente";"Céu Claro";"Dupla";"Reta";"Não";4;0;1;0;3;0;1;2;-8,305797;-35,96678;"SPRF-PE";"DEL02-PE";"UOP01-DEL02-PE"
666993;2025-03-13;"quinta-feira";"13:10:00";"RO";364;695;"PORTO VELHO";"Desvio temporário";"Colisão transversal";"Com Vítimas Feridas";"Pleno dia";"Crescente";"Nublado";"Dupla";"Em Obras;Reta;Desvio Temporário";"Sim";2;0;1;0;1;0;1;2;-8,800495;-63,724356;"SPRF-RO";"DEL01-RO";"UOP01-DEL01-RO"
666994;2025-03-13;"quinta-feira";"17:00:00";"SC";101;120,1;"ITAJAI";"Ausência de reação do condutor";"Colisão lateral mesmo sentido";"Com Vítimas Feridas";"Pleno dia";"Decrescente";"Nublado";"Dupla";"Reta";"Não";2;0;1;0;1;0;1;2;-26,91614836;-48,71046066;"SPRF-SC";"DEL04-SC";"UOP04-DEL04-SC"
666995;2025-03-13;"quinta-feira";"16:30:00";"MG";40;798,6;"JUIZ DE FORA";"Chuva";"Saída de leito carroçável";"Com Vítimas Feridas";"Pleno dia";"Crescente";"Chuva";"Dupla";"Declive";"Não";3;0;3;0;0;0;3;1;-21,81752058;-43,37882996;"SPRF-MG";"DEL05-MG";"UOP01-DEL05-MG"
666996;2025-03-13;"quinta-feira";"17:40:00";"ES";101;211,2;"SERRA";"Desrespeitar a preferência no cruzamento";"Colisão frontal";"Com Vítimas Feridas";"Anoitecer";"Crescente";"Nublado";"Simples";"Reta";"Sim";2;0;0;1;1;0;1;2;-20,0488509;-40,3866993;"SPRF-ES";"DEL02-ES";"UOP01-DEL02-ES"
666997;2025-03-13;"quinta-feira";"17:15:00";"PR";376;170,8;"MARINGA";"Manobra de mudança de faixa";"Colisão lateral mesmo sentido";"Com Vítimas Feridas";"Pleno dia";"Crescente";"Nublado";"Dupla";"Reta;Rotatória";"Sim";2;0;1;0;1;0;1;2;-23,410117;-51,987687;"SPRF-PR";"DEL09-PR";"UOP01-DEL09-PR"
666999;2025-03-13;"quinta-feira";"14:15:00";"SC";101;138,3;"BALNEARIO CAMBORIU";"Reação tardia ou ineficiente do condutor";"Colisão traseira";"Com Vítimas Feridas";"Pleno dia";"Crescente";"Nublado";"Múltipla";"Reta";"Sim";5;0;3;0;2;0;3;2;-27,02489925;-48,60711948;"SPRF-SC";"DEL04-SC";"UOP03-DEL04-SC"
667000;2025-03-13;"quinta-feira";"17:50:00";"MG";459;88,3;"CONGONHAL";"Conversão proibida";"Colisão transversal";"Com Vítimas Feridas";"Pleno dia";"Decrescente";"Nublado";"Simples";"Reta";"Sim";3;0;0;1;1;1;1;3;-22,15028966;-46,03628218;"SPRF-MG";"DEL09-MG";"UOP01-DEL09-MG"
667001;2025-03-13;"quinta-feira";"15:30:00";"MA";222;276;"ARARI";"Reação tardia ou ineficiente do condutor";"Colisão lateral sentido oposto";"Com Vítimas Feridas";"Pleno dia";"Crescente";"Nublado";"Simples";"Reta";"Não";5;0;0;1;4;0;1;5;-3,487103;-44,766578;"SPRF-MA";"DEL01-MA";"UOP02-DEL01-MA"
667003;2025-03-13;"quinta-feira";"15:53:00";"MS";163;79;"ITAQUIRAI";"Animais na Pista";"Atropelamento de Animal";"Com Vítimas Feridas";"Pleno dia";"Crescente";"Céu Claro";"Simples";"Curva";"Não";1;0;1;0;0;0;1;1;-23,463;-54,193;"SPRF-MS";"DEL09-MS";"UOP01-DEL09-MS"
667004;2025-03-13;"quinta-feira";"18:15:00";"SC";280;128;"RIO NEGRINHO";"Reação tardia ou ineficiente do condutor";"Colisão traseira";"Sem Vítimas";"Pleno dia";"Crescente";"Céu Claro";"Simples";"Reta";"Sim";3;0;0;0;3;0;0;3;-26,243471;-49,514205;"SPRF-SC";"DEL06-SC";"UOP03-DEL06-SC"
667006;2025-03-13;"quinta-feira";"17:10:00";"MA";226;305;"BARRA DO CORDA";"Ultrapassagem Indevida";"Colisão frontal";"Com Vítimas Feridas";"Pleno dia";"Crescente";"Céu Claro";"Simples";"Reta";"Não";2;0;0;2;0;0;2;2;-5,5083008;-45,252608;"SPRF-MA";"DEL06-MA";"UOP01-DEL06-MA"
667008;2025-03-13;"quinta-feira";"18:20:00";"SC";101;118,4;"ITAJAI";"Ausência de reação do condutor";"Colisão lateral mesmo sentido";"Com Vítimas Feridas";"Anoitecer";"Crescente";"Nublado";"Dupla";"Reta";"Não";2;0;1;0;1;0;1;2;-26,89747285;-48,71938705;"SPRF-SC";"DEL04-SC";"UOP04-DEL04-SC"
667009;2025-03-13;"quinta-feira";"17:40:00";"MG";262;803,9;"UBERABA";"Ausência de reação do condutor";"Engavetamento";"Com Vítimas Feridas";"Anoitecer";"Crescente";"Céu Claro";"Dupla";"Interseção de Vias;Reta";"Sim";3;0;1;0;2;0;1;3;-19,7456327;-47,9385299;"SPRF-MG";"DEL13-MG";"UOP01-DEL13-MG"
667014;2025-03-13;"quinta-feira";"16:40:00";"AC";364;136;"RIO BRANCO";"Entrada inopinada do pedestre";"Atropelamento de Pedestre";"Com Vítimas Feridas";"Pleno dia";"Crescente";"Céu Claro";"Dupla";"Reta;Rotatória";"Sim";3;0;1;0;1;1;1;2;-9,97785366;-67,84906983;"SPRF-AC";"DEL01-AC";"UOP01-DEL01-AC"
667016;2025-03-13;"quinta-feira";"18:36:00";"BA";324;516,8;"FEIRA DE SANTANA";"Conversão proibida";"Colisão lateral sentido oposto";"Com Vítimas Feridas";"Plena Noite";"Decrescente";"Céu Claro";"Dupla";"Interseção de Vias;Reta";"Sim";6;0;0;1;5;0;1;2;-12,24897985;-38,93375516;"SPRF-BA";"DEL02-BA";"UOP01-DEL02-BA"
667017;2025-03-13;"quinta-feira";"18:15:00";"BA";116;17,2;"VITORIA DA CONQUISTA";"Transitar na contramão";"Colisão lateral sentido oposto";"Com Vítimas Feridas";"Anoitecer";"Crescente";"Céu Claro";"Simples";"Interseção de Vias;Curva";"Sim";2;0;1;0;0;1;1;2;-14,90180151;-40,84004624;"SPRF-BA";"DEL08-BA";"UOP01-DEL08-BA"
667021;2025-03-13;"quinta-feira";"19:00:00";"SP";116;284,5;"ITAPECERICA DA SERRA";"Afundamento ou ondulação no pavimento";"Queda de ocupante de veículo";"Com Vítimas Feridas";"Plena Noite";"Crescente";"Céu Claro";"Simples";"Retorno Regulamentado;Viaduto;Reta";"Não";1;0;1;0;0;0;1;1;-23,68354813;-46,85813587;"SPRF-SP";"DEL04-SP";"UOP01-DEL04-SP"
667022;2025-03-13;"quinta-feira";"14:15:00";"BA";116;674;"JEQUIE";"Reação tardia ou ineficiente do condutor";"Queda de ocupante de veículo";"Com Vítimas Feridas";"Pleno dia";"Crescente";"Céu Claro";"Simples";"Reta";"Sim";1;0;1;0;0;0;1;1;-13,86479392;-40,11302939;"SPRF-BA";"DEL03-BA";"UOP01-DEL03-BA"
667023;2025-03-13;"quinta-feira";"17:00:00";"SC";101;5,6;"ARARANGUA";"Desrespeitar a preferência no cruzamento";"Colisão transversal";"Com Vítimas Feridas";"Pleno dia";"Decrescente";"Céu Claro";"Simples";"Rotatória";"Sim";2;0;1;0;1;0;1;2;-28,96320522;-49,51928616;"SPRF-SC";"DEL02-SC";"UOP02-DEL02-SC"
667024;2025-03-13;"quinta-feira";"19:20:00";"SC";101;116,4;"ITAJAI";"Ausência de reação do condutor";"Saída de leito carroçável";"Com Vítimas Feridas";"Plena Noite";"Crescente";"Nublado";"Dupla";"Reta";"Não";1;0;1;0;0;0;1;1;-26,88558378;-48,72359276;"SPRF-SC";"DEL04-SC";"UOP04-DEL04-SC"
667025;2025-03-13;"quinta-feira";"19:05:00";"PR";116;126;"FAZENDA RIO GRANDE";"Reação tardia ou ineficiente do condutor";"Colisão traseira";"Com Vítimas Feridas";"Anoitecer";"Decrescente";"Chuva";"Dupla";"Reta";"Sim";2;0;1;0;1;0;1;2;-25,637315;-49,313088;"SPRF-PR";"DEL01-PR";"UOP03-DEL01-PR"
667026;2025-03-13;"quinta-feira";"19:35:00";"SC";101;122,9;"ITAJAI";"Ausência de reação do condutor";"Colisão lateral mesmo sentido";"Com Vítimas Feridas";"Plena Noite";"Crescente";"Nublado";"Dupla";"Reta";"Não";3;0;2;0;1;0;2;2;-26,93512925;-48,70037556;"SPRF-SC";"DEL04-SC";"UOP04-DEL04-SC"
667027;2025-03-13;"quinta-feira";"19:41:00";"ES";101;266;"SERRA";"Entrada inopinada do pedestre";"Atropelamento de Pedestre";"Com Vítimas Feridas";"Plena Noite";"Crescente";"Céu Claro";"Dupla";"Reta";"Sim";3;0;1;0;2;0;1;3;-20,1969;-40,2684;"SPRF-ES";"DEL02-ES";"UOP01-DEL02-ES"
667028;2025-03-13;"quinta-feira";"18:40:00";"MT";364;208;"RONDONOPOLIS";"Acesso irregular";"Colisão com objeto";"Sem Vítimas";"Anoitecer";"Decrescente";"Céu Claro";"Dupla";"Reta;Retorno Regulamentado";"Não";3;0;0;0;2;1;0;1;-16,436543;-54,682068;"SPRF-MT";"DEL02-MT";"UOP01-DEL02-MT"
667030;2025-03-13;"quinta-feira";"19:54:00";"SP";116;58,8;"GUARATINGUETA";"Ausência de reação do condutor";"Colisão traseira";"Com Vítimas Feridas";"Plena Noite";"Crescente";"Nublado";"Dupla";"Aclive;Reta";"Não";2;0;1;0;1;0;1;2;-22,78317963;-45,15062029;"SPRF-SP";"DEL08-SP";"UOP01-DEL08-SP"
667031;2025-03-13;"quinta-feira";"20:00:00";"SP";381;30;"ATIBAIA";"Ausência de reação do condutor";"Tombamento";"Com Vítimas Feridas";"Plena Noite";"Crescente";"Céu Claro";"Dupla";"Reta";"Não";1;0;0;1;0;0;1;1;-23,05331307;-46,56834126;"SPRF-SP";"DEL03-SP";"UOP02-DEL03-SP"
667032;2025-03-13;"quinta-feira";"17:30:00";"SC";101;40,2;"JOINVILLE";"Reação tardia ou ineficiente do condutor";"Colisão traseira";"Com Vítimas Feridas";"Pleno dia";"Crescente";"Chuva";"Dupla";"Reta";"Não";4;0;1;0;3;0;1;2;-26,3118624;-48,87573838;"SPRF-SC";"DEL03-SC";"UOP01-DEL03-SC"
667034;2025-03-13;"quinta-feira";"20:00:00";"RS";116;154,1;"CAXIAS DO SUL";"Acesso irregular";"Colisão lateral sentido oposto";"Com Vítimas Feridas";"Plena Noite";"Decrescente";"Céu Claro";"Simples";"Reta;Rotatória";"Sim";3;0;1;0;2;0;1;3;-29,19224173;-51,1800974;"SPRF-RS";"DEL05-RS";"UOP01-DEL05-RS"
667036;2025-03-13;"quinta-feira";"19:55:00";"DF";20;9,9;"BRASILIA";"Reação tardia ou ineficiente do condutor";"Engavetamento";"Com Vítimas Feridas";"Plena Noite";"Crescente";"Céu Claro";"Dupla";"Reta";"Não";6;0;4;0;2;0;4;3;-15,6502715;-47,7763723;"SPRF-DF";"DEL02-DF";"UOP01-DEL02-DF"
667037;2025-03-13;"quinta-feira";"17:30:00";"RJ";116;276;"BARRA MANSA";"Acumulo de água sobre o pavimento";"Colisão com objeto";"Com Vítimas Feridas";"Anoitecer";"Decrescente";"Chuva";"Dupla";"Reta";"Não";1;0;1;0;0;0;1;1;-22,56282666;-44,16932691;"SPRF-RJ";"DEL07-RJ";"UOP02-DEL07-RJ"
667039;2025-03-13;"quinta-feira";"18:10:00";"RO";364;425;"JARU";"Desrespeitar a preferência no cruzamento";"Colisão transversal";"Com Vítimas Feridas";"Anoitecer";"Decrescente";"Chuva";"Múltipla";"Interseção de Vias";"Sim";2;0;1;0;1;0;1;2;-10,4357558;-62,47424841;"SPRF-RO";"DEL03-RO";"UOP02-DEL03-RO"
667042;2025-03-13;"quinta-feira";"17:25:00";"SC";282;19,3;"PALHOCA";"Reação tardia ou ineficiente do condutor";"Saída de leito carroçável";"Com Vítimas Feridas";"Pleno dia";"Decrescente";"Nublado";"Simples";"Reta";"Sim";2;0;2;0;0;0;2;1;-27,67906089;-48,70232821;"SPRF-SC";"DEL01-SC";"UOP02-DEL01-SC"
667044;2025-03-13;"quinta-feira";"20:05:00";"SC";280;234;"CANOINHAS";"Conversão proibida";"Colisão frontal";"Sem Vítimas";"Plena Noite";"Crescente";"Céu Claro";"Simples";"Declive;Reta";"Sim";4;0;0;0;4;0;0;2;-26,191273;-50,401953;"SPRF-SC";"DEL06-SC";"UOP04-DEL06-SC"
667046;2025-03-13;"quinta-feira";"16:30:00";"MG";116;581;"MANHUACU";"Acessar a via sem observar a presença dos outros veículos";"Colisão transversal";"Com Vítimas Feridas";"Pleno dia";"Decrescente";"Céu Claro";"Simples";"Reta";"Não";2;0;0;1;1;0;1;2;-20,1996009;-42,18162418;"SPRF-MG";"DEL06-MG";"UOP03-DEL06-MG"
667047;2025-03-13;"quinta-feira";"19:15:00";"ES";101;293,9;"CARIACICA";"Condutor deixou de manter distância do veículo da frente";"Colisão lateral mesmo sentido";"Com Vítimas Feridas";"Pleno dia";"Crescente";"Céu Claro";"Dupla";"Reta;Viaduto";"Sim";3;0;2;0;1;0;2;2;-20,322713;-40,39506245;"SPRF-ES";"DEL01-ES";"UOP01-DEL01-ES"
667049;2025-03-13;"quinta-feira";"13:15:00";"RJ";116;82,3;"TERESOPOLIS";"Conversão proibida";"Colisão transversal";"Com Vítimas Feridas";"Pleno dia";"Decrescente";"Céu Claro";"Simples";"Reta;Declive";"Sim";4;0;2;0;2;0;2;3;-22,404121;-42,952532;"SPRF-RJ";"DEL04-RJ";"UOP01-DEL04-RJ"
667050;2025-03-13;"quinta-feira";"20:30:00";"BA";324;621;"SALVADOR";"Ausência de reação do condutor";"Colisão traseira";"Com Vítimas Feridas";"Plena Noite";"Decrescente";"Céu Claro";"Múltipla";"Reta";"Sim";4;0;1;1;2;0;2;2;-12,927664;-38,468104;"SPRF-BA";"DEL01-BA";"UOP01-DEL01-BA"
667052;2025-03-13;"quinta-feira";"19:35:00";"SC";470;71,7;"INDAIAL";"Ingestão de álcool pelo condutor";"Saída de leito carroçável";"Com Vítimas Feridas";"Plena Noite";"Crescente";"Céu Claro";"Dupla";"Reta";"Sim";1;0;0;1;0;0;1;1;-26,90068247;-49,2679506;"SPRF-SC";"DEL04-SC";"UOP01-DEL04-SC"
667053;2025-03-13;"quinta-feira";"21:50:00";"MG";262;27;"REDUTO";"Reação tardia ou ineficiente do condutor";"Tombamento";"Com Vítimas Feridas";"Plena Noite";"Decrescente";"Céu Claro";"Simples";"Curva";"Não";1;0;1;0;0;0;1;1;-20,241077;-41,96459;"SPRF-MG";"DEL06-MG";"UOP03-DEL06-MG"
667057;2025-03-13;"quinta-feira";"21:30:00";"PB";101;84;"BAYEUX";"Ausência de reação do condutor";"Saída de leito carroçável";"Com Vítimas Feridas";"Plena Noite";"Decrescente";"Céu Claro";"Dupla";"Reta";"Sim";1;0;1;0;0;0;1;1;-7,1405398;-34,92168423;"SPRF-PB";"DEL01-PB";"UOP01-DEL01-PB"
667059;2025-03-13;"quinta-feira";"21:12:00";"PI";343;339,9;"TERESINA";"Ausência de reação do condutor";"Saída de leito carroçável";"Sem Vítimas";"Plena Noite";"Crescente";"Céu Claro";"Dupla";"Reta";"Sim";1;0;0;0;1;0;0;1;-5,073546;-42,736191;"SPRF-PI";"DEL01-PI";"UOP01-DEL01-PI"
667060;2025-03-13;"quinta-feira";"21:00:00";"BA";101;162;"CONCEICAO DO JACUIPE";"Ausência de reação do condutor";"Colisão traseira";"Com Vítimas Feridas";"Plena Noite";"Decrescente";"Céu Claro";"Dupla";"Reta";"Não";2;0;1;0;0;1;1;2;-12,35541614;-38,7859004;"SPRF-BA";"DEL01-BA";"UOP03-DEL01-BA"
667061;2025-03-13;"quinta-feira";"17:30:00";"GO";70;475;"ARAGARCAS";"Manobra de mudança de faixa";"Colisão lateral mesmo sentido";"Com Vítimas Feridas";"Anoitecer";"Crescente";"Céu Claro";"Dupla";"Reta";"Sim";2;0;1;0;1;0;1;2;-15,89534882;-52,24023383;"SPRF-GO";"DEL04-GO";"UOP02-DEL04-GO"
667062;2025-03-13;"quinta-feira";"19:15:00";"RJ";40;100;"DUQUE DE CAXIAS";"Demais falhas na via";"Tombamento";"Com Vítimas Feridas";"Plena Noite";"Crescente";"Garoa/Chuvisco";"Dupla";"Reta";"Sim";1;0;1;0;0;0;1;1;-22,60166457;-43,28345949;"SPRF-RJ";"DEL01-RJ";"UOP01-DEL01-RJ"
667063;2025-03-13;"quinta-feira";"21:05:00";"RS";386;98,8;"SAO JOSE DAS MISSOES";"Acessar a via sem observar a presença dos outros veículos";"Colisão transversal";"Com Vítimas Feridas";"Plena Noite";"Decrescente";"Céu Claro";"Simples";"Curva";"Não";3;0;2;0;1;0;2;2;-27,754066;-53,133573;"SPRF-RS";"DEL08-RS";"UOP01-DEL08-RS"
667067;2025-03-13;"quinta-feira";"19:00:00";"PA";10;334;"SAO MIGUEL DO GUAMA";"Acessar a via sem observar a presença dos outros veículos";"Colisão transversal";"Com Vítimas Feridas";"Plena Noite";"Crescente";"Chuva";"Simples";"Reta";"Não";2;0;1;0;1;0;1;2;-1,512308;-47,522019;"SPRF-PA";"DEL01-PA";"UOP02-DEL01-PA"
667068;2025-03-13;"quinta-feira";"22:30:00";"BA";116;7,5;"VITORIA DA CONQUISTA";"Ausência de reação do condutor";"Colisão traseira";"Sem Vítimas";"Pleno dia";"Crescente";"Céu Claro";"Simples";"Reta";"Sim";2;0;0;0;2;0;0;2;-14,8408;-40,8883;"SPRF-BA";"DEL08-BA";"UOP01-DEL08-BA"
667069;2025-03-13;"quinta-feira";"16:35:00";"MG";116;620;"ORIZANIA";"Ausência de reação do condutor";"Saída de leito carroçável";"Com Vítimas Feridas";"Pleno dia";"Decrescente";"Céu Claro";"Simples";"Reta";"Não";1;0;0;1;0;0;1;1;-20,5063;-42,19286;"SPRF-MG";"DEL07-MG";"UOP02-DEL07-MG"
667070;2025-03-13;"quinta-feira";"21:20:00";"RN";304;161;"ANGICOS";"Animais na Pista";"Atropelamento de Animal";"Sem Vítimas";"Plena Noite";"Crescente";"Céu Claro";"Simples";"Reta";"Não";1;0;0;0;1;0;0;1;-5,682;-36,506;"SPRF-RN";"DEL01-RN";"UOP03-DEL01-RN"
667071;2025-03-13;"quinta-feira";"22:00:00";"SC";282;157;"BOM RETIRO";"Ausência de reação do condutor";"Saída de leito carroçável";"Sem Vítimas";"Plena Noite";"Decrescente";"Céu Claro";"Simples";"Reta";"Não";2;0;0;0;2;0;0;1;-27,74104;-49,73055;"SPRF-SC";"DEL05-SC";"UOP01-DEL05-SC"
667072;2025-03-13;"quinta-feira";"23:20:00";"PA";10;307;"IRITUIA";"Ausência de reação do condutor";"Colisão traseira";"Com Vítimas Fatais";"Plena Noite";"Crescente";"Chuva";"Simples";"Reta;Declive";"Não";2;1;0;0;1;0;0;2;-1,650591;-47,490147;"SPRF-PA";"DEL02-PA";"UOP01-DEL02-PA"
667073;2025-03-14;"sexta-feira";"00:00:00";"SC";101;217;"PALHOCA";"Ausência de reação do condutor";"Colisão lateral mesmo sentido";"Com Vítimas Feridas";"Plena Noite";"Crescente";"Céu Claro";"Múltipla";"Reta";"Não";2;0;1;0;0;1;1;2;-27,66968145;-48,67342288;"SPRF-SC";"DEL01-SC";"UOP02-DEL01-SC"
667075;2025-03-14;"sexta-feira";"01:10:00";"GO";40;0;"VALPARAISO DE GOIAS";"Velocidade Incompatível";"Colisão transversal";"Com Vítimas Feridas";"Plena Noite";"Crescente";"Nublado";"Dupla";"Reta;Declive";"Sim";3;0;1;0;2;0;1;2;-16,04909228;-47,98660755;"SPRF-DF";"DEL01-DF";"UOP01-DEL01-DF"
667077;2025-03-13;"quinta-feira";"23:00:00";"MS";262;184;"RIBAS DO RIO PARDO";"Transitar na contramão";"Capotamento";"Com Vítimas Feridas";"Plena Noite";"Decrescente";"Nublado";"Simples";"Reta";"Não";2;0;1;0;1;0;1;1;-20,426876;-53,245572;"SPRF-MS";"DEL07-MS";"UOP02-DEL07-MS"
667078;2025-03-14;"sexta-feira";"01:15:00";"RJ";116;317,8;"ITATIAIA";"Chuva";"Queda de ocupante de veículo";"Com Vítimas Feridas";"Plena Noite";"Decrescente";"Céu Claro";"Simples";"Reta";"Não";2;0;2;0;0;0;2;1;-22,46907194;-44,51220945;"SPRF-RJ";"DEL07-RJ";"UOP02-DEL07-RJ"
667080;2025-03-14;"sexta-feira";"02:20:00";"PR";277;1,5;"PARANAGUA";"Ingestão de álcool pelo condutor";"Saída de leito carroçável";"Sem Vítimas";"Plena Noite";"Crescente";"Nublado";"Dupla";"Rotatória";"Sim";2;0;0;0;0;2;0;1;-25,551369;-48,552492;"SPRF-PR";"DEL01-PR";"UOP05-DEL01-PR"
667081;2025-03-13;"quinta-feira";"23:40:00";"BA";101;24,8;"ESPLANADA";"Ausência de sinalização";"Colisão com objeto";"Com Vítimas Feridas";"Plena Noite";"Decrescente";"Céu Claro";"Simples";"Curva;Desvio Temporário";"Não";3;0;2;0;1;0;2;1;-11,69253539;-37,90234739;"SPRF-SE";"DEL02-SE";"UOP03-DEL02-SE"