"id";"data_inversa";"dia_semana";"horario";"uf";"br";"km";"municipio";"causa_acidente";"tipo_acidente";"classificacao_acidente";"fase_dia";"sentido_via";"condicao_metereologica";"tipo_pista";"tracado_via";"uso_solo";"pessoas";"mortos";"feridos_leves";"feridos_graves";"ilesos";"ignorados";"feridos";"veiculos";"latitude";"longitude";"regional";"delegacia";"uop"
667082;2025-03-14;"sexta-feira";"03:00:00";"SP";116;362;"MIRACATU";"Reação tardia ou ineficiente do condutor";"Saída de leito carroçável";"Com Vítimas Feridas";"Plena Noite";"Crescente";"Chuva";"Dupla";"Curva;Declive";"Não";1;0;1;0;0;0;1;1;-24,14488433;-47,27398968;"SPRF-SP";"DEL04-SP";"UOP03-DEL04-SP"
667083;2025-03-14;"sexta-feira";"03:40:00";"SC";101;383;"ICARA";"Reação tardia ou ineficiente do condutor";"Colisão com objeto";"Com Vítimas Feridas";"Plena Noite";"Crescente";"Nublado";"Dupla";"Reta";"Sim";1;0;1;0;0;0;1;1;-28,7631;-49,291382;"SPRF-SC";"DEL02-SC";"UOP02-DEL02-SC"
667085;2025-03-13;"quinta-feira";"20:30:00";"SC";101;327,2;"CAPIVARI DE BAIXO";"Ausência de reação do condutor";"Colisão traseira";"Com Vítimas Feridas";"Plena Noite";"Crescente";"Nublado";"Múltipla";"Reta";"Não";2;0;1;0;0;1;1;2;-28,434102;-48,957566;"SPRF-SC";"DEL02-SC";"UOP01-DEL02-SC"
667087;2025-03-14;"sexta-feira";"05:45:00";"RS";116;265;"CANOAS";"Ingestão de álcool pelo condutor";"Colisão com objeto";"Sem Vítimas";"Amanhecer";"Crescente";"Céu Claro";"Múltipla";"Retorno Regulamentado";"Sim";1;0;0;0;1;0;0;1;-29,9255715;-51,17806216;"SPRF-RS";"DEL01-RS";"UOP01-DEL01-RS"
667090;2025-03-14;"sexta-feira";"05:40:00";"RJ";101;329;"RIO DE JANEIRO";"Ausência de reação do condutor";"Colisão traseira";"Com Vítimas Feridas";"Amanhecer";"Crescente";"Nublado";"Dupla";"Reta;Ponte";"Sim";2;0;1;0;1;0;1;2;-22,8677037;-43,19649613;"SPRF-RJ";"DEL02-RJ";"UOP01-DEL02-RJ"
667093;2025-03-13;"quinta-feira";"16:31:00";"RJ";116;186;"NOVA IGUACU";"Ausência de reação do condutor";"Queda de ocupante de veículo";"Com Vítimas Feridas";"Pleno dia";"Crescente";"Nublado";"Múltipla";"Reta";"Sim";1;0;1;0;0;0;1;1;-22,740077;-43,458112;"SPRF-RJ";"DEL06-RJ";"UOP01-DEL06-RJ"
667095;2025-03-13;"quinta-feira";"20:20:00";"MG";381;504;"BETIM";"Acessar a via sem observar a presença dos outros veículos";"Colisão transversal";"Sem Vítimas";"Plena Noite";"Crescente";"Céu Claro";"Simples";"Reta";"Não";2;0;0;0;2;0;0;2;-20,03109656;-44,23748016;"SPRF-MG";"DEL01-MG";"UOP03-DEL01-MG"
667097;2025-03-14;"sexta-feira";"07:00:00";"PR";277;81,1;"CURITIBA";"Manobra de mudança de faixa";"Colisão traseira";"Sem Vítimas";"Amanhecer";"Crescente";"Nublado";"Dupla";"Reta";"Não";2;0;0;0;2;0;0;2;-25,46989177;-49,2124486;"SPRF-PR";"DEL01-PR";"UOP03-DEL01-PR"
667099;2025-03-14;"sexta-feira";"07:00:00";"RS";116;152,2;"CAXIAS DO SUL";"Transitar no Acostamento";"Colisão lateral mesmo sentido";"Com Vítimas Feridas";"Pleno dia";"Decrescente";"Céu Claro";"Dupla";"Reta";"Sim";2;0;1;0;1;0;1;2;-29,1841984;-51,1707231;"SPRF-RS";"DEL05-RS";"UOP01-DEL05-RS"
667100;2025-03-14;"sexta-feira";"06:20:00";"RJ";40;106;"DUQUE DE CAXIAS";"Reação tardia ou ineficiente do condutor";"Colisão lateral mesmo sentido";"Com Vítimas Feridas";"Pleno dia";"Crescente";"Céu Claro";"Múltipla";"Reta";"Sim";2;0;1;0;1;0;1;2;-22,653228;-43,28384343;"SPRF-RJ";"DEL01-RJ";"UOP02-DEL01-RJ"
667102;2025-03-13;"quinta-feira";"18:10:00";"RJ";40;104;"DUQUE DE CAXIAS";"Chuva";"Queda de ocupante de veículo";"Com Vítimas Feridas";"Plena Noite";"Decrescente";"Chuva";"Múltipla";"Reta";"Não";1;0;1;0;0;0;1;1;-22,62924063;-43,28544059;"SPRF-RJ";"DEL01-RJ";"UOP02-DEL01-RJ"
667103;2025-03-14;"sexta-feira";"07:10:00";"RS";116;150,2;"CAXIAS DO SUL";"Condutor desrespeitou a iluminação vermelha do semáforo";"Colisão transversal";"Com Vítimas Feridas";"Pleno dia";"Crescente";"Céu Claro";"Dupla";"Interseção de Vias;Reta";"Sim";3;0;1;0;2;0;1;2;-29,17116;-51,15976;"SPRF-RS";"DEL05-RS";"UOP01-DEL05-RS"
667104;2025-03-14;"sexta-feira";"06:40:00";"SP";116;145;"SAO JOSE DOS CAMPOS";"Reação tardia ou ineficiente do condutor";"Colisão lateral mesmo sentido";"Com Vítimas Feridas";"Pleno dia";"Crescente";"Céu Claro";"Múltipla";"Reta";"Sim";2;0;1;0;1;0;1;2;-23,1863782;-45,8569546;"SPRF-SP";"DEL02-SP";"UOP01-DEL02-SP"
667105;2025-03-14;"sexta-feira";"06:50:00";"SC";101;125;"ITAJAI";"Acessar a via sem observar a presença dos outros veículos";"Atropelamento de Pedestre";"Com Vítimas Feridas";"Pleno dia";"Decrescente";"Céu Claro";"Dupla";"Curva;Retorno Regulamentado";"Não";3;0;0;1;2;0;1;2;-26,952367;-48,6794962;"SPRF-SC";"DEL04-SC";"UOP04-DEL04-SC"
667107;2025-03-14;"sexta-feira";"07:05:00";"ES";101;233;"FUNDAO";"Manobra de mudança de faixa";"Tombamento";"Com Vítimas Feridas";"Pleno dia";"Decrescente";"Céu Claro";"Simples";"Reta";"Não";1;0;1;0;0;0;1;1;-19,95006878;-40,40934324;"SPRF-ES";"DEL02-ES";"UOP01-DEL02-ES"
667108;2025-03-14;"sexta-feira";"01:18:00";"MT";163;623;"NOVA MUTUM";"Animais na Pista";"Atropelamento de Animal";"Com Vítimas Feridas";"Plena Noite";"Crescente";"Céu Claro";"Simples";"Reta";"Não";2;0;2;0;0;0;2;1;-13,601437;-56,031762;"SPRF-MT";"DEL01-MT";"UOP01-DEL01-MT"
667110;2025-03-14;"sexta-feira";"06:00:00";"SC";280;117;"SAO BENTO DO SUL";"Acessar a via sem observar a presença dos outros veículos";"Colisão transversal";"Com Vítimas Feridas";"Pleno dia";"Crescente";"Céu Claro";"Simples";"Reta;Declive";"Não";2;0;1;0;1;0;1;2;-26,382731;-49,45247189;"SPRF-SC";"DEL06-SC";"UOP03-DEL06-SC"
667111;2025-03-14;"sexta-feira";"07:20:00";"ES";101;279,3;"SERRA";"Condutor deixou de manter distância do veículo da frente";"Colisão traseira";"Com Vítimas Feridas";"Pleno dia";"Decrescente";"Céu Claro";"Múltipla";"Reta";"Não";3;0;2;0;1;0;2;2;-20,21823157;-40,3393887;"SPRF-ES";"DEL02-ES";"UOP01-DEL02-ES"
667113;2025-03-14;"sexta-feira";"07:00:00";"MG";116;412;"GOVERNADOR VALADARES";"Demais falhas mecânicas ou elétricas";"Tombamento";"Com Vítimas Feridas";"Pleno dia";"Crescente";"Céu Claro";"Dupla";"Reta";"Sim";2;0;2;0;0;0;2;1;-18,87128665;-41,96914315;"SPRF-MG";"DEL06-MG";"UOP01-DEL06-MG"
667114;2025-03-14;"sexta-feira";"08:10:00";"RS";116;231;"IVOTI";"Condutor deixou de manter distância do veículo da frente";"Colisão traseira";"Com Vítimas Feridas";"Pleno dia";"Crescente";"Céu Claro";"Simples";"Retorno Regulamentado;Reta";"Não";2;0;1;0;1;0;1;2;-29,62482116;-51,1357677;"SPRF-RS";"DEL01-RS";"UOP02-DEL01-RS"
667115;2025-03-14;"sexta-feira";"05:30:00";"SC";282;166;"BOCAINA DO SUL";"Velocidade Incompatível";"Saída de leito carroçável";"Com Vítimas Feridas";"Amanhecer";"Crescente";"Nublado";"Simples";"Curva";"Não";4;0;4;0;0;0;4;1;-27,74644242;-49,80986595;"SPRF-SC";"DEL05-SC";"UOP01-DEL05-SC"
667116;2025-03-14;"sexta-feira";"07:15:00";"PR";369;182,2;"ARAPONGAS";"Conversão proibida";"Colisão traseira";"Com Vítimas Feridas";"Pleno dia";"Crescente";"Céu Claro";"Dupla";"Reta";"Sim";3;0;2;0;1;0;2;2;-23,384562;-51,419131;"SPRF-PR";"DEL07-PR";"UOP03-DEL07-PR"
667117;2025-03-14;"sexta-feira";"08:20:00";"RS";386;435;"NOVA SANTA RITA";"Acessar a via sem observar a presença dos outros veículos";"Colisão transversal";"Com Vítimas Feridas";"Pleno dia";"Crescente";"Sol";"Dupla";"Reta";"Não";2;0;1;0;1;0;1;2;-29,84795938;-51,27135392;"SPRF-RS";"DEL04-RS";"UOP02-DEL04-RS"
667118;2025-03-14;"sexta-feira";"08:03:00";"PE";101;63;"RECIFE";"Condutor deixou de manter distância do veículo da frente";"Colisão lateral mesmo sentido";"Com Vítimas Feridas";"Pleno dia";"Decrescente";"Garoa/Chuvisco";"Dupla";"Reta";"Sim";5;0;2;0;3;0;2;2;-8,00776916;-34,93783236;"SPRF-PE";"DEL01-PE";"UOP01-DEL01-PE"
667121;2025-03-14;"sexta-feira";"07:40:00";"DF";70;16;"BRASILIA";"Ausência de reação do condutor";"Queda de ocupante de veículo";"Com Vítimas Feridas";"Pleno dia";"Crescente";"Sol";"Dupla";"Reta";"Não";1;0;1;0;0;0;1;1;-15,794656;-48,1994;"SPRF-DF";"DEL03-DF";"UOP02-DEL03-DF"
667122;2025-03-13;"quinta-feira";"11:10:00";"AC";317;37;"PORTO ACRE";"Reação tardia ou ineficiente do condutor";"Colisão com objeto";"Sem Vítimas";"Pleno dia";"Decrescente";"Chuva";"Simples";"Curva";"Não";1;0;0;0;1;0;0;1;-9,870856;-67,441397;"SPRF-AC";"DEL01-AC";"UOP01-DEL01-AC"
667125;2025-02-14;"sexta-feira";"16:45:00";"MG";381;486;"BETIM";"Carga excessiva e/ou mal acondicionada";"Eventos atípicos";"Com Vítimas Feridas";"Pleno dia";"Decrescente";"Ignorado";"Múltipla";"Reta";"Não";3;0;1;0;2;0;1;2;-19,95591175;-44,11046505;"SPRF-MG";"DEL01-MG";"UOP03-DEL01-MG"
667126;2025-03-14;"sexta-feira";"08:30:00";"RS";153;50,7;"ERECHIM";"Desrespeitar a preferência no cruzamento";"Colisão transversal";"Com Vítimas Feridas";"Pleno dia";"Decrescente";"Sol";"Simples";"Rotatória;Declive";"Sim";2;0;1;0;1;0;1;2;-27,65665687;-52,27650046;"SPRF-RS";"DEL08-RS";"UOP04-DEL08-RS"
667128;2025-03-14;"sexta-feira";"07:20:00";"PR";369;150,5;"LONDRINA";"Velocidade Incompatível";"Colisão traseira";"Com Vítimas Feridas";"Pleno dia";"Decrescente";"Céu Claro";"Dupla";"Reta";"Sim";2;0;1;0;1;0;1;2;-23,293;-51,167;"SPRF-PR";"DEL07-PR";"UOP01-DEL07-PR"
667130;2025-03-14;"sexta-feira";"08:20:00";"DF";70;18;"BRASILIA";"Condutor deixou de manter distância do veículo da frente";"Queda de ocupante de veículo";"Com Vítimas Feridas";"Pleno dia";"Decrescente";"Céu Claro";"Dupla";"Reta";"Sim";2;0;1;0;0;1;1;2;-15,7895877;-48,217433;"SPRF-DF";"DEL03-DF";"UOP02-DEL03-DF"
667132;2025-02-06;"quinta-feira";"14:41:00";"SC";470;66;"INDAIAL";"Retorno proibido";"Colisão transversal";"Com Vítimas Feridas";"Pleno dia";"Decrescente";"Céu Claro";"Simples";"Reta";"Não";3;0;1;0;2;0;1;2;-26,870407;-49,221844;"SPRF-SC";"DEL04-SC";"UOP01-DEL04-SC"
667133;2025-03-12;"quarta-feira";"16:00:00";"BA";101;648;"BELMONTE";"Velocidade Incompatível";"Saída de leito carroçável";"Com Vítimas Feridas";"Pleno dia";"Crescente";"Sol";"Simples";"Curva";"Não";1;0;1;0;0;0;1;1;-15,83272943;-39,53019905;"SPRF-BA";"DEL05-BA";"UOP02-DEL05-BA"
667134;2025-03-08;"sábado";"19:50:00";"GO";40;7,6;"VALPARAISO DE GOIAS";"Pedestre andava na pista";"Atropelamento de Pedestre";"Com Vítimas Feridas";"Plena Noite";"Crescente";"Céu Claro";"Dupla";"Reta";"Sim";2;0;0;1;0;1;1;2;-16,115641;-47,967995;"SPRF-DF";"DEL01-DF";"UOP01-DEL01-DF"
667136;2025-03-14;"sexta-feira";"09:20:00";"DF";40;3,4;"BRASILIA";"Avarias e/ou desgaste excessivo no pneu";"Tombamento";"Com Vítimas Feridas";"Pleno dia";"Decrescente";"Sol";"Dupla";"Reta";"Sim";2;0;1;0;1;0;1;1;-16,007807;-47,983027;"SPRF-DF";"DEL01-DF";"UOP01-DEL01-DF"
667138;2025-02-02;"domingo";"21:10:00";"BA";324;523;"FEIRA DE SANTANA";"Ausência de reação do condutor";"Queda de ocupante de veículo";"Com Vítimas Feridas";"Plena Noite";"Crescente";"Ignorado";"Dupla";"Reta";"Sim";2;0;1;0;0;1;1;2;-12,3059624;-38,8899643;"SPRF-BA";"DEL01-BA";"UOP03-DEL01-BA"
667140;2025-02-18;"terça-feira";"13:08:00";"MS";163;607,1;"SAO GABRIEL DO OESTE";"Acumulo de água sobre o pavimento";"Saída de leito carroçável";"Com Vítimas Feridas";"Pleno dia";"Crescente";"Chuva";"Dupla";"Reta";"Não";3;0;3;0;0;0;3;1;-19,45404567;-54,5177677;"SPRF-MS";"DEL06-MS";"UOP02-DEL06-MS"
667141;2025-03-14;"sexta-feira";"09:46:00";"RS";290;45,9;"GLORINHA";"Demais falhas mecânicas ou elétricas";"Incêndio";"Sem Vítimas";"Pleno dia";"Crescente";"Céu Claro";"Múltipla";"Reta";"Não";1;0;0;0;1;0;0;1;-29,89137;-50,717772;"SPRF-RS";"DEL03-RS";"UOP01-DEL03-RS"
667142;2025-03-14;"sexta-feira";"09:00:00";"RJ";465;3;"SEROPEDICA";"Conversão proibida";"Colisão traseira";"Com Vítimas Feridas";"Pleno dia";"Crescente";"Céu Claro";"Simples";"Reta";"Não";3;0;1;1;1;0;2;2;-22,7147776;-43,7256192;"SPRF-RJ";"DEL06-RJ";"UOP02-DEL06-RJ"
667145;2025-03-14;"sexta-feira";"09:10:00";"MG";381;681;"PERDOES";"Demais falhas mecânicas ou elétricas";"Saída de leito carroçável";"Com Vítimas Feridas";"Pleno dia";"Decrescente";"Sol";"Dupla";"Reta";"Não";1;0;1;0;0;0;1;1;-21,138283;-45,103921;"SPRF-MG";"DEL04-MG";"UOP02-DEL04-MG"
667146;2025-03-14;"sexta-feira";"09:56:00";"ES";101;285;"CARIACICA";"Pedestre cruzava a pista fora da faixa";"Atropelamento de Pedestre";"Com Vítimas Feridas";"Pleno dia";"Decrescente";"Céu Claro";"Múltipla";"Aclive;Reta";"Sim";2;0;1;1;0;0;2;2;-20,31527463;-40,395509;"SPRF-ES";"DEL01-ES";"UOP01-DEL01-ES"
667147;2025-03-14;"sexta-feira";"10:00:00";"DF";70;18;"BRASILIA";"Manobra de mudança de faixa";"Colisão traseira";"Com Vítimas Feridas";"Pleno dia";"Decrescente";"Céu Claro";"Dupla";"Reta";"Não";2;0;1;0;1;0;1;2;-15,789931;-48,216248;"SPRF-DF";"DEL03-DF";"UOP02-DEL03-DF"
667149;2025-03-14;"sexta-feira";"10:00:00";"RJ";116;181;"NOVA IGUACU";"Reação tardia ou ineficiente do condutor";"Colisão lateral mesmo sentido";"Com Vítimas Feridas";"Pleno dia";"Crescente";"Céu Claro";"Múltipla";"Reta";"Sim";3;0;1;0;2;0;1;2;-22,75951654;-43,4269684;"SPRF-RJ";"DEL06-RJ";"UOP01-DEL06-RJ"
667152;2025-03-14;"sexta-feira";"10:40:00";"PE";101;71;"RECIFE";"Acostamento em desnível";"Queda de ocupante de veículo";"Com Vítimas Feridas";"Pleno dia";"Crescente";"Nublado";"Dupla";"Reta";"Sim";2;0;1;0;1;0;1;1;-8,07911;-34,943013;"SPRF-PE";"DEL01-PE";"UOP01-DEL01-PE"
667153;2025-03-14;"sexta-feira";"09:50:00";"RJ";493;25;"MAGE";"Transitar na contramão";"Colisão frontal";"Com Vítimas Feridas";"Pleno dia";"Decrescente";"Céu Claro";"Simples";"Reta";"Não";2;0;0;1;1;0;1;2;-22,65788;-43,07965;"SPRF-RJ";"DEL04-RJ";"UOP02-DEL04-RJ"
667154;2025-03-14;"sexta-feira";"10:20:00";"RN";110;47;"MOSSORO";"Condutor usando celular";"Colisão traseira";"Com Vítimas Feridas";"Pleno dia";"Crescente";"Sol";"Simples";"Reta";"Sim";2;0;0;1;1;0;1;2;-5,20691919;-37,33035391;"SPRF-RN";"DEL04-RN";"UOP01-DEL04-RN"
667155;2025-03-14;"sexta-feira";"09:40:00";"RS";386;382;"TABAI";"Demais falhas mecânicas ou elétricas";"Queda de ocupante de veículo";"Com Vítimas Feridas";"Pleno dia";"Decrescente";"Céu Claro";"Simples";"Reta";"Não";2;0;1;0;1;0;1;1;-29,663;-51,74;"SPRF-RS";"DEL04-RS";"UOP01-DEL04-RS"
667157;2025-03-14;"sexta-feira";"10:40:00";"ES";101;290,5;"CARIACICA";"Acessar a via sem observar a presença dos outros veículos";"Colisão transversal";"Com Vítimas Feridas";"Pleno dia";"Crescente";"Céu Claro";"Dupla";"Reta";"Sim";3;0;0;2;1;0;2;2;-20,29389209;-40,39285994;"SPRF-ES";"DEL01-ES";"UOP01-DEL01-ES"
667158;2025-03-02;"domingo";"01:30:00";"PR";163;256;"TOLEDO";"Demais falhas mecânicas ou elétricas";"Saída de leito carroçável";"Com Vítimas Feridas";"Plena Noite";"Crescente";"Céu Claro";"Dupla";"Reta";"Não";2;0;1;0;1;0;1;1;-24,654376;-53,829471;"SPRF-PR";"DEL06-PR";"UOP02-DEL06-PR"
667159;2025-03-14;"sexta-feira";"11:50:00";"SC";101;335;"TUBARAO";"Acessar a via sem observar a presença dos outros veículos";"Colisão transversal";"Com Vítimas Feridas";"Pleno dia";"Decrescente";"Céu Claro";"Dupla";"Rotatória;Interseção de Vias;Viaduto";"Sim";2;0;1;0;1;0;1;2;-28,47067189;-49,01853919;"SPRF-SC";"DEL02-SC";"UOP01-DEL02-SC"
667164;2025-03-14;"sexta-feira";"09:20:00";"MG";262;442,7;"NOVA SERRANA";"Ausência de reação do condutor";"Colisão traseira";"Com Vítimas Feridas";"Pleno dia";"Crescente";"Sol";"Múltipla";"Reta;Aclive";"Sim";2;0;0;1;1;0;1;2;-19,8713995;-44,97060176;"SPRF-MG";"DEL08-MG";"UOP03-DEL08-MG"
667165;2025-03-14;"sexta-feira";"10:30:00";"MG";40;618,9;"CONGONHAS";"Condutor deixou de manter distância do veículo da frente";"Colisão frontal";"Com Vítimas Feridas";"Pleno dia";"Crescente";"Céu Claro";"Simples";"Reta";"Não";3;0;2;0;1;0;2;2;-20,4768156;-43,84244;"SPRF-MG";"DEL05-MG";"UOP02-DEL05-MG"
667166;2025-03-14;"sexta-feira";"12:00:00";"RS";386;305,1;"POUSO NOVO";"Manobra de mudança de faixa";"Colisão lateral mesmo sentido";"Com Vítimas Feridas";"Pleno dia";"Decrescente";"Sol";"Simples";"Reta";"Não";2;0;1;0;1;0;1;2;-29,190087;-52,187897;"SPRF-RS";"DEL04-RS";"UOP01-DEL04-RS"
667167;2025-03-14;"sexta-feira";"11:45:00";"MG";116;414,5;"GOVERNADOR VALADARES";"Acesso irregular";"Colisão transversal";"Com Vítimas Feridas";"Pleno dia";"Crescente";"Céu Claro";"Simples";"Interseção de Vias";"Não";2;0;1;0;1;0;1;2;-18,88503186;-41,94699497;"SPRF-MG";"DEL06-MG";"UOP01-DEL06-MG"
667168;2025-03-14;"sexta-feira";"10:09:00";"MA";135;9,9;"SAO LUIS";"Manobra de mudança de faixa";"Colisão traseira";"Sem Vítimas";"Pleno dia";"Crescente";"Céu Claro";"Dupla";"Curva";"Sim";2;0;0;0;2;0;0;2;-2,655373;-44,28632;"SPRF-MA";"DEL01-MA";"UOP01-DEL01-MA"
667169;2025-03-14;"sexta-feira";"12:15:00";"MG";50;50,6;"ARAGUARI";"Acumulo de areia ou detritos sobre o pavimento";"Saída de leito carroçável";"Com Vítimas Feridas";"Pleno dia";"Crescente";"Sol";"Dupla";"Reta;Retorno Regulamentado";"Não";2;0;1;0;1;0;1;1;-18,74508348;-48,23176841;"SPRF-MG";"DEL15-MG";"UOP02-DEL15-MG"
667173;2025-03-14;"sexta-feira";"11:25:00";"RS";285;294;"PASSO FUNDO";"Acessar a via sem observar a presença dos outros veículos";"Colisão transversal";"Com Vítimas Feridas";"Pleno dia";"Decrescente";"Céu Claro";"Simples";"Interseção de Vias";"Sim";3;0;1;0;2;0;1;2;-28,23456563;-52,38490574;"SPRF-RS";"DEL08-RS";"UOP03-DEL08-RS"
667175;2025-03-14;"sexta-feira";"12:41:00";"PB";230;65;"SAO MIGUEL DE TAIPU";"Reação tardia ou ineficiente do condutor";"Saída de leito carroçável";"Com Vítimas Feridas";"Pleno dia";"Crescente";"Chuva";"Dupla";"Curva";"Não";1;0;1;0;0;0;1;1;-7,18755;-35,18885;"SPRF-PB";"DEL01-PB";"UOP02-DEL01-PB"
667177;2025-03-14;"sexta-feira";"12:50:00";"MG";262;459;"NOVA SERRANA";"Transitar na contramão";"Colisão lateral sentido oposto";"Com Vítimas Feridas";"Pleno dia";"Decrescente";"Céu Claro";"Simples";"Curva";"Não";3;0;1;0;2;0;1;2;-19,817015;-45,088641;"SPRF-MG";"DEL08-MG";"UOP03-DEL08-MG"
667179;2025-03-14;"sexta-feira";"13:25:00";"SP";153;61,8;"SAO JOSE DO RIO PRETO";"Condutor deixou de manter distância do veículo da frente";"Colisão traseira";"Com Vítimas Feridas";"Pleno dia";"Crescente";"Céu Claro";"Dupla";"Declive;Reta";"Sim";3;0;1;1;1;0;2;2;-20,80872975;-49,35645277;"SPRF-SP";"DEL09-SP";"UOP01-DEL09-SP"
667180;2025-03-14;"sexta-feira";"13:00:00";"PE";101;67;"RECIFE";"Trafegar com motocicleta (ou similar) entre as faixas";"Colisão lateral mesmo sentido";"Com Vítimas Feridas";"Pleno dia";"Crescente";"Céu Claro";"Dupla";"Reta";"Sim";3;0;1;0;2;0;1;3;-8,04399;-34,94351;"SPRF-PE";"DEL01-PE";"UOP01-DEL01-PE"
667182;2025-03-14;"sexta-feira";"13:30:00";"MG";364;31,6;"FRUTAL";"Reação tardia ou ineficiente do condutor";"Colisão transversal";"Com Vítimas Feridas";"Pleno dia";"Decrescente";"Céu Claro";"Simples";"Reta";"Sim";4;0;0;1;3;0;1;2;-20,010111;-48,928145;"SPRF-MG";"DEL13-MG";"UOP02-DEL13-MG"
667184;2025-03-14;"sexta-feira";"10:30:00";"RO";429;162,1;"SAO MIGUEL DO GUAPORE";"Transitar na contramão";"Colisão transversal";"Com Vítimas Feridas";"Pleno dia";"Decrescente";"Chuva";"Dupla";"Interseção de Vias";"Sim";2;0;0;1;1;0;1;2;-11,70199656;-62,72094727;"SPRF-RO";"DEL02-RO";"UOP03-DEL02-RO"
667185;2025-02-28;"sexta-feira";"01:15:00";"BA";20;251;"CORRENTINA";"Ingestão de álcool pelo condutor";"Colisão lateral sentido oposto";"Sem Vítimas";"Plena Noite";"Crescente";"Céu Claro";"Simples";"Curva;Declive";"Não";4;0;0;0;4;0;0;2;-13,96674776;-46,19278908;"SPRF-BA";"DEL10-BA";"UOP01-DEL10-BA"
667187;2025-01-30;"quinta-feira";"13:50:00";"MT";163;729;"SORRISO";"Acostamento em desnível";"Saída de leito carroçável";"Sem Vítimas";"Pleno dia";"Crescente";"Nublado";"Simples";"Reta";"Não";6;0;0;0;6;0;0;1;-12,69049987;-55,80368042;"SPRF-MT";"DEL06-MT";"UOP01-DEL06-MT"
667188;2025-03-14;"sexta-feira";"14:04:00";"PB";101;89,8;"JOAO PESSOA";"Manobra de mudança de faixa";"Colisão transversal";"Sem Vítimas";"Pleno dia";"Crescente";"Céu Claro";"Múltipla";"Reta;Retorno Regulamentado";"Sim";3;0;0;0;3;0;0;2;-7,181348;-34,900812;"SPRF-PB";"DEL01-PB";"UOP01-DEL01-PB"
667189;2025-03-14;"sexta-feira";"13:30:00";"SC";282;343;"CAMPOS NOVOS";"Ausência de reação do condutor";"Colisão transversal";"Com Vítimas Feridas";"Pleno dia";"Crescente";"Sol";"Simples";"Reta";"Sim";2;0;1;1;0;0;2;2;-27,38930112;-51,2267893;"SPRF-SC";"DEL07-SC";"UOP06-DEL07-SC"
667190;2025-03-05;"quarta-feira";"14:00:00";"RS";470;221;"GARIBALDI";"Ausência de reação do condutor";"Tombamento";"Com Vítimas Feridas";"Pleno dia";"Decrescente";"Céu Claro";"Simples";"Retorno Regulamentado";"Sim";1;0;1;0;0;0;1;1;-29,20877208;-51,51785736;"SPRF-RS";"DEL06-RS";"UOP01-DEL06-RS"
667191;2025-03-14;"sexta-feira";"14:22:00";"RJ";116;175;"SAO JOAO DE MERITI";"Ausência de reação do condutor";"Queda de ocupante de veículo";"Com Vítimas Feridas";"Pleno dia";"Decrescente";"Céu Claro";"Dupla";"Reta";"Não";1;0;1;0;0;0;1;1;-22,78930696;-43,3733331;"SPRF-RJ";"DEL06-RJ";"UOP01-DEL06-RJ"
667193;2025-03-14;"sexta-feira";"13:58:00";"MG";40;450;"CAETANOPOLIS";"Pista esburacada";"Tombamento";"Com Vítimas Fatais";"Pleno dia";"Crescente";"Céu Claro";"Dupla";"Reta";"Sim";4;1;0;0;0;3;0;2;-19,348275;-44,353469;"SPRF-MG";"DEL02-MG";"UOP01-DEL02-MG"
667194;2025-03-14;"sexta-feira";"12:40:00";"BA";367;29,3;"PORTO SEGURO";"Acessar a via sem observar a presença dos outros veículos";"Colisão transversal";"Sem Vítimas";"Pleno dia";"Crescente";"Céu Claro";"Simples";"Interseção de Vias";"Não";2;0;0;0;2;0;0;2;-16,415367;-39,119087;"SPRF-BA";"DEL09-BA";"UOP03-DEL09-BA"
667195;2025-03-14;"sexta-feira";"14:20:00";"MG";40;751,7;"SANTOS DUMONT";"Acumulo de água sobre o pavimento";"Saída de leito carroçável";"Com Vítimas Feridas";"Pleno dia";"Decrescente";"Chuva";"Simples";"Declive;Curva";"Não";2;0;1;0;1;0;1;1;-21,503054;-43,532484;"SPRF-MG";"DEL05-MG";"UOP01-DEL05-MG"
667196;2025-03-14;"sexta-feira";"14:00:00";"CE";222;88,5;"UMIRIM";"Conversão proibida";"Colisão transversal";"Com Vítimas Feridas";"Pleno dia";"Crescente";"Céu Claro";"Simples";"Reta;Declive";"Não";2;0;0;1;1;0;1;2;-3,676951;-39,333647;"SPRF-CE";"DEL04-CE";"UOP03-DEL04-CE"
667199;2025-03-07;"sexta-feira";"22:10:00";"ES";259;30,8;"COLATINA";"Velocidade Incompatível";"Colisão traseira";"Com Vítimas Feridas";"Plena Noite";"Crescente";"Céu Claro";"Simples";"Reta";"Não";2;0;1;0;1;0;1;2;-19,58667;-40,50897;"SPRF-ES";"DEL02-ES";"UOP01-DEL02-ES"
667202;2025-03-14;"sexta-feira";"15:00:00";"SC";101;124;"ITAJAI";"Condutor deixou de manter distância do veículo da frente";"Engavetamento";"Com Vítimas Feridas";"Pleno dia";"Crescente";"Céu Claro";"Dupla";"Reta";"Sim";4;0;1;0;3;0;1;3;-26,93965578;-48,6974144;"SPRF-SC";"DEL04-SC";"UOP04-DEL04-SC"
667203;2025-03-14;"sexta-feira";"15:30:00";"MG";381;862,6;"POUSO ALEGRE";"Ausência de reação do condutor";"Saída de leito carroçável";"Com Vítimas Feridas";"Pleno dia";"Crescente";"Céu Claro";"Dupla";"Reta;Declive";"Não";3;0;3;0;0;0;3;1;-22,3378913;-45,9239709;"SPRF-MG";"DEL16-MG";"UOP01-DEL16-MG"