"id";"data_inversa";"dia_semana";"horario";"uf";"br";"km";"municipio";"causa_acidente";"tipo_acidente";"classificacao_acidente";"fase_dia";"sentido_via";"condicao_metereologica";"tipo_pista";"tracado_via";"uso_solo";"pessoas";"mortos";"feridos_leves";"feridos_graves";"ilesos";"ignorados";"feridos";"veiculos";"latitude";"longitude";"regional";"delegacia";"uop"
667429;2025-03-15;"sábado";"16:30:00";"DF";70;5;"BRASILIA";"Acessar a via sem observar a presença dos outros veículos";"Colisão traseira";"Com Vítimas Feridas";"Pleno dia";"Decrescente";"Céu Claro";"Múltipla";"Reta";"Sim";2;0;0;1;1;0;1;2;-15,79307023;-48,10103774;"SPRF-DF";"DEL03-DF";"UOP02-DEL03-DF"
667431;2025-03-15;"sábado";"14:30:00";"RS";386;307,3;"POUSO NOVO";"Transitar na contramão";"Colisão frontal";"Com Vítimas Fatais";"Pleno dia";"Crescente";"Sol";"Simples";"Declive;Curva";"Não";3;2;0;0;0;1;0;3;-29,20808963;-52,18187548;"SPRF-RS";"DEL04-RS";"UOP01-DEL04-RS"
667432;2025-03-15;"sábado";"15:20:00";"BA";135;188;"BARREIRAS";"Ultrapassagem Indevida";"Colisão frontal";"Com Vítimas Feridas";"Pleno dia";"Crescente";"Céu Claro";"Simples";"Interseção de Vias;Curva";"Sim";8;0;1;0;4;3;1;3;-12,22461625;-45,02115604;"SPRF-BA";"DEL10-BA";"UOP01-DEL10-BA"
667433;2025-03-15;"sábado";"17:20:00";"SP";116;222;"SAO PAULO";"Manobra de mudança de faixa";"Colisão traseira";"Com Vítimas Feridas";"Anoitecer";"Decrescente";"Céu Claro";"Múltipla";"Reta";"Não";2;0;1;0;1;0;1;2;-23,4956451;-46,4931597;"SPRF-SP";"DEL01-SP";"UOP01-DEL01-SP"
667434;2025-03-15;"sábado";"16:37:00";"GO";60;9;"SANTO ANTONIO DO DESCOBERTO";"Ausência de reação do condutor";"Capotamento";"Sem Vítimas";"Pleno dia";"Decrescente";"Céu Claro";"Dupla";"Declive";"Não";1;0;0;0;1;0;0;1;-16,111906;-48,304919;"SPRF-DF";"DEL03-DF";"UOP01-DEL03-DF"
667435;2025-03-15;"sábado";"12:30:00";"ES";262;166;"IBATIBA";"Acessar a via sem observar a presença dos outros veículos";"Colisão transversal";"Com Vítimas Feridas";"Pleno dia";"Decrescente";"Céu Claro";"Simples";"Interseção de Vias;Curva";"Não";3;0;2;0;0;1;2;2;-20,251577;-41,563633;"SPRF-ES";"DEL01-ES";"UOP02-DEL01-ES"
667436;2025-03-15;"sábado";"17:10:00";"PR";376;2;"SAO JOSE DOS PINHAIS";"Ausência de reação do condutor";"Colisão traseira";"Com Vítimas Feridas";"Anoitecer";"Crescente";"Céu Claro";"Dupla";"Reta;Interseção de Vias";"Sim";2;0;1;0;1;0;1;2;-25,541797;-49,1909538;"SPRF-PR";"DEL01-PR";"UOP04-DEL01-PR"
667437;2025-03-15;"sábado";"18:00:00";"MG";365;755;"ITUIUTABA";"Acessar a via sem observar a presença dos outros veículos";"Colisão lateral mesmo sentido";"Com Vítimas Feridas";"Anoitecer";"Crescente";"Céu Claro";"Dupla";"Reta;Retorno Regulamentado";"Sim";4;0;1;0;3;0;1;2;-18,96535833;-49,50911891;"SPRF-MG";"DEL15-MG";"UOP03-DEL15-MG"
667438;2025-03-15;"sábado";"17:00:00";"MA";316;273;"BELA VISTA DO MARANHAO";"Demais falhas mecânicas ou elétricas";"Colisão traseira";"Com Vítimas Feridas";"Pleno dia";"Decrescente";"Nublado";"Simples";"Reta;Declive";"Não";2;0;0;1;1;0;1;2;-3,73038778;-45,26856422;"SPRF-MA";"DEL02-MA";"UOP01-DEL02-MA"
667439;2025-03-15;"sábado";"15:40:00";"MG";50;188,7;"UBERABA";"Ingestão de álcool pelo condutor";"Tombamento";"Com Vítimas Feridas";"Pleno dia";"Crescente";"Céu Claro";"Simples";"Curva";"Não";2;0;1;0;0;1;1;2;-19,844007;-47,878354;"SPRF-MG";"DEL13-MG";"UOP01-DEL13-MG"
667440;2025-03-15;"sábado";"16:00:00";"SC";282;604,3;"MARAVILHA";"Ausência de reação do condutor";"Colisão lateral mesmo sentido";"Com Vítimas Feridas";"Pleno dia";"Decrescente";"Céu Claro";"Simples";"Reta";"Sim";2;0;1;0;1;0;1;2;-26,79138;-53,19479;"SPRF-SC";"DEL07-SC";"UOP02-DEL07-SC"
667443;2025-03-15;"sábado";"17:00:00";"MS";163;265;"DOURADOS";"Ausência de reação do condutor";"Engavetamento";"Sem Vítimas";"Pleno dia";"Decrescente";"Céu Claro";"Dupla";"Rotatória;Reta";"Sim";3;0;0;0;2;1;0;3;-22,22276159;-54,73082364;"SPRF-MS";"DEL04-MS";"UOP01-DEL04-MS"
667444;2025-03-15;"sábado";"18:20:00";"PR";376;3,6;"JANDAIA DO SUL";"Reação tardia ou ineficiente do condutor";"Colisão lateral mesmo sentido";"Com Vítimas Feridas";"Pleno dia";"Crescente";"Céu Claro";"Dupla";"Reta;Declive";"Não";2;0;0;2;0;0;2;2;-23,58975779;-51,62212495;"SPRF-PR";"DEL09-PR";"UOP01-DEL09-PR"
667445;2025-03-15;"sábado";"17:40:00";"RJ";116;297;"PORTO REAL";"Acumulo de água sobre o pavimento";"Colisão com objeto";"Com Vítimas Feridas";"Anoitecer";"Crescente";"Chuva";"Dupla";"Curva";"Sim";1;0;1;0;0;0;1;1;-22,449903;-44,311087;"SPRF-RJ";"DEL07-RJ";"UOP02-DEL07-RJ"
667447;2025-03-15;"sábado";"18:30:00";"RJ";101;476;"ANGRA DOS REIS";"Reação tardia ou ineficiente do condutor";"Atropelamento de Pedestre";"Com Vítimas Feridas";"Plena Noite";"Crescente";"Céu Claro";"Simples";"Reta";"Sim";2;0;0;1;1;0;1;2;-22,9900288;-44,2400768;"SPRF-RJ";"DEL03-RJ";"UOP03-DEL03-RJ"
667448;2025-03-15;"sábado";"18:40:00";"MA";222;666;"ACAILANDIA";"Ausência de sinalização";"Colisão lateral mesmo sentido";"Com Vítimas Feridas";"Anoitecer";"Decrescente";"Céu Claro";"Simples";"Declive";"Sim";2;0;1;1;0;0;2;2;-4,921777;-47,432658;"SPRF-MA";"DEL04-MA";"UOP03-DEL04-MA"
667449;2025-03-15;"sábado";"10:30:00";"BA";101;332;"PRESIDENTE TANCREDO NEVES";"Velocidade Incompatível";"Saída de leito carroçável";"Com Vítimas Feridas";"Pleno dia";"Decrescente";"Céu Claro";"Simples";"Curva";"Não";1;0;0;1;0;0;1;1;-13,4744382;-39,41825867;"SPRF-BA";"DEL05-BA";"UOP03-DEL05-BA"
667450;2025-03-15;"sábado";"18:40:00";"RS";392;659;"CERRO LARGO";"Acessar a via sem observar a presença dos outros veículos";"Colisão traseira";"Com Vítimas Feridas";"Pleno dia";"Decrescente";"Céu Claro";"Simples";"Interseção de Vias;Curva";"Sim";2;0;0;1;1;0;1;2;-28,1217;-54,7071;"SPRF-RS";"DEL10-RS";"UOP01-DEL10-RS"
667451;2025-03-15;"sábado";"17:00:00";"MT";70;1;"BARRA DO GARCAS";"Reação tardia ou ineficiente do condutor";"Colisão lateral mesmo sentido";"Com Vítimas Feridas";"Pleno dia";"Crescente";"Céu Claro";"Simples";"Reta;Aclive";"Sim";4;0;2;0;2;0;2;3;-15,88987787;-52,26439297;"SPRF-MT";"DEL07-MT";"UOP01-DEL07-MT"
667452;2025-03-15;"sábado";"19:00:00";"ES";101;66,4;"SAO MATEUS";"Condutor deixou de manter distância do veículo da frente";"Colisão traseira";"Com Vítimas Feridas";"Anoitecer";"Decrescente";"Céu Claro";"Dupla";"Reta";"Sim";3;0;2;0;0;1;2;2;-18,6489283;-39,8736035;"SPRF-ES";"DEL04-ES";"UOP02-DEL04-ES"
667453;2025-03-15;"sábado";"19:20:00";"MG";116;276;"TEOFILO OTONI";"Trafegar com motocicleta (ou similar) entre as faixas";"Colisão lateral mesmo sentido";"Com Vítimas Feridas";"Plena Noite";"Decrescente";"Céu Claro";"Simples";"Curva";"Sim";3;0;1;0;0;2;1;3;-17,86288372;-41,5147143;"SPRF-MG";"DEL11-MG";"UOP01-DEL11-MG"
667454;2025-03-15;"sábado";"17:25:00";"RJ";40;120;"DUQUE DE CAXIAS";"Manobra de mudança de faixa";"Colisão traseira";"Com Vítimas Feridas";"Pleno dia";"Decrescente";"Céu Claro";"Dupla";"Reta";"Sim";4;0;1;0;3;0;1;2;-22,6721792;-43,2832512;"SPRF-RJ";"DEL01-RJ";"UOP02-DEL01-RJ"
667455;2025-03-15;"sábado";"19:30:00";"ES";262;116,4;"CONCEICAO DO CASTELO";"Transitar na contramão";"Colisão lateral sentido oposto";"Com Vítimas Feridas";"Plena Noite";"Crescente";"Chuva";"Simples";"Declive;Reta";"Não";2;0;1;0;1;0;1;2;-20,314928;-41,23386;"SPRF-ES";"DEL01-ES";"UOP02-DEL01-ES"
667457;2025-03-15;"sábado";"19:20:00";"RS";116;145,9;"CAXIAS DO SUL";"Reação tardia ou ineficiente do condutor";"Colisão traseira";"Sem Vítimas";"Plena Noite";"Crescente";"Céu Claro";"Dupla";"Declive;Curva";"Sim";2;0;0;0;2;0;0;2;-29,14125425;-51,13534927;"SPRF-RS";"DEL05-RS";"UOP01-DEL05-RS"
667458;2025-03-15;"sábado";"18:45:00";"MG";50;180;"UBERABA";"Ingestão de álcool pelo condutor";"Colisão com objeto";"Com Vítimas Feridas";"Plena Noite";"Crescente";"Céu Claro";"Dupla";"Curva;Viaduto";"Sim";1;0;1;0;0;0;1;1;-19,778931;-47,921564;"SPRF-MG";"DEL13-MG";"UOP01-DEL13-MG"
667459;2025-03-15;"sábado";"19:15:00";"PR";469;14;"FOZ DO IGUACU";"Ingestão de álcool pelo condutor";"Saída de leito carroçável";"Sem Vítimas";"Plena Noite";"Decrescente";"Céu Claro";"Simples";"Reta;Em Obras";"Sim";2;0;0;0;2;0;0;1;-25,5786;-54,5402;"SPRF-PR";"DEL05-PR";"UOP04-DEL05-PR"
667460;2025-03-15;"sábado";"18:10:00";"CE";116;7;"FORTALEZA";"Ausência de reação do condutor";"Colisão traseira";"Com Vítimas Fatais";"Plena Noite";"Decrescente";"Céu Claro";"Múltipla";"Reta";"Sim";5;1;0;0;3;1;0;3;-3,80489481;-38,50265724;"SPRF-CE";"DEL01-CE";"UOP02-DEL01-CE"
667463;2025-03-15;"sábado";"18:30:00";"CE";230;51,9;"LAVRAS DA MANGABEIRA";"Transitar no Acostamento";"Colisão traseira";"Com Vítimas Feridas";"Plena Noite";"Decrescente";"Nublado";"Simples";"Reta";"Não";2;0;0;1;1;0;1;2;-6,76817616;-39,01669979;"SPRF-CE";"DEL05-CE";"UOP01-DEL05-CE"
667466;2025-03-15;"sábado";"19:20:00";"SC";470;175,7;"POUSO REDONDO";"Ingestão de álcool pelo condutor";"Colisão transversal";"Com Vítimas Feridas";"Plena Noite";"Decrescente";"Nublado";"Simples";"Curva;Declive";"Sim";2;0;2;0;0;0;2;2;-27,25523261;-49,94631261;"SPRF-SC";"DEL04-SC";"UOP02-DEL04-SC"
667467;2025-03-15;"sábado";"19:18:00";"PR";376;185,9;"SARANDI";"Condutor deixou de manter distância do veículo da frente";"Colisão traseira";"Com Vítimas Feridas";"Plena Noite";"Crescente";"Céu Claro";"Múltipla";"Reta";"Não";3;0;0;2;1;0;2;3;-23,4504743;-51,8550761;"SPRF-PR";"DEL09-PR";"UOP01-DEL09-PR"
667468;2025-03-15;"sábado";"19:40:00";"SC";116;209,1;"PONTE ALTA";"Ingestão de álcool pelo condutor";"Colisão traseira";"Sem Vítimas";"Plena Noite";"Crescente";"Céu Claro";"Simples";"Reta";"Não";2;0;0;0;2;0;0;2;-27,46603958;-50,38563967;"SPRF-SC";"DEL05-SC";"UOP03-DEL05-SC"
667470;2025-03-15;"sábado";"19:00:00";"MA";222;673;"ACAILANDIA";"Ingestão de álcool pelo condutor";"Engavetamento";"Sem Vítimas";"Plena Noite";"Crescente";"Céu Claro";"Simples";"Declive;Reta";"Sim";4;0;0;0;3;1;0;3;-4,94927054;-47,47997515;"SPRF-MA";"DEL04-MA";"UOP03-DEL04-MA"
667471;2025-03-15;"sábado";"19:40:00";"RS";290;721;"URUGUAIANA";"Desrespeitar a preferência no cruzamento";"Colisão com objeto";"Sem Vítimas";"Plena Noite";"Crescente";"Céu Claro";"Dupla";"Curva";"Sim";3;0;0;0;2;1;0;3;-29,75983232;-57,05946922;"SPRF-RS";"DEL13-RS";"UOP01-DEL13-RS"
667472;2025-03-15;"sábado";"19:40:00";"RJ";393;257;"BARRA DO PIRAI";"Ingestão de álcool pelo condutor";"Saída de leito carroçável";"Com Vítimas Feridas";"Plena Noite";"Crescente";"Nublado";"Simples";"Reta";"Sim";1;0;1;0;0;0;1;1;-22,45989836;-43,84763718;"SPRF-RJ";"DEL05-RJ";"UOP04-DEL05-RJ"
667473;2025-03-15;"sábado";"16:30:00";"MG";153;233,3;"FRONTEIRA";"Demais falhas mecânicas ou elétricas";"Saída de leito carroçável";"Com Vítimas Feridas";"Pleno dia";"Crescente";"Céu Claro";"Simples";"Reta;Aclive";"Não";4;0;4;0;0;0;4;1;-20,210484;-49,137362;"SPRF-MG";"DEL13-MG";"UOP02-DEL13-MG"
667474;2025-03-15;"sábado";"18:55:00";"RO";174;14;"VILHENA";"Desrespeitar a preferência no cruzamento";"Colisão transversal";"Com Vítimas Feridas";"Plena Noite";"Crescente";"Céu Claro";"Dupla";"Reta";"Sim";4;0;2;0;2;0;2;2;-12,73102491;-60,12942696;"SPRF-RO";"DEL04-RO";"UOP01-DEL04-RO"
667475;2025-03-15;"sábado";"20:20:00";"TO";242;453,2;"FORMOSO DO ARAGUAIA";"Transitar na contramão";"Colisão frontal";"Com Vítimas Feridas";"Plena Noite";"Decrescente";"Céu Claro";"Dupla";"Reta";"Sim";2;0;2;0;0;0;2;2;-11,81091908;-49,53094478;"SPRF-TO";"DEL01-TO";"UOP02-DEL01-TO"
667476;2025-03-15;"sábado";"19:40:00";"SP";116;118;"TAUBATE";"Avarias e/ou desgaste excessivo no pneu";"Colisão com objeto";"Com Vítimas Feridas";"Plena Noite";"Crescente";"Chuva";"Dupla";"Reta";"Não";1;0;1;0;0;0;1;1;-23,06266296;-45,62665044;"SPRF-SP";"DEL02-SP";"UOP02-DEL02-SP"
667477;2025-03-15;"sábado";"19:01:00";"PR";476;98;"BOCAIUVA DO SUL";"Ingestão de álcool pelo condutor";"Colisão lateral sentido oposto";"Sem Vítimas";"Plena Noite";"Decrescente";"Garoa/Chuvisco";"Simples";"Curva";"Não";2;0;0;0;2;0;0;2;-25,23839899;-49,12542388;"SPRF-PR";"DEL01-PR";"UOP01-DEL01-PR"
667478;2025-03-15;"sábado";"19:00:00";"MA";226;305;"BARRA DO CORDA";"Ausência de reação do condutor";"Colisão traseira";"Com Vítimas Feridas";"Plena Noite";"Crescente";"Céu Claro";"Simples";"Reta";"Sim";1;0;1;0;0;0;1;1;-5,46683473;-45,28434724;"SPRF-MA";"DEL06-MA";"UOP01-DEL06-MA"
667479;2025-03-15;"sábado";"21:00:00";"RN";226;175,3;"CURRAIS NOVOS";"Ingestão de álcool pelo condutor";"Queda de ocupante de veículo";"Com Vítimas Feridas";"Plena Noite";"Decrescente";"Céu Claro";"Simples";"Reta;Interseção de Vias";"Sim";2;0;2;0;0;0;2;1;-6,2569807;-36,5120819;"SPRF-RN";"DEL03-RN";"UOP02-DEL03-RN"
667481;2025-03-15;"sábado";"20:00:00";"RS";470;224;"BENTO GONCALVES";"Ausência de reação do condutor";"Colisão com objeto";"Com Vítimas Feridas";"Plena Noite";"Crescente";"Céu Claro";"Dupla";"Reta";"Sim";1;0;1;0;0;0;1;1;-29,17662695;-51,52089587;"SPRF-RS";"DEL06-RS";"UOP01-DEL06-RS"
667483;2025-03-15;"sábado";"21:00:00";"RS";116;491,8;"PELOTAS";"Ingestão de álcool pelo condutor";"Saída de leito carroçável";"Sem Vítimas";"Plena Noite";"Crescente";"Nublado";"Simples";"Em Obras;Reta;Desvio Temporário";"Não";4;0;0;0;4;0;0;1;-31,48713776;-52,21304746;"SPRF-RS";"DEL07-RS";"UOP01-DEL07-RS"
667484;2025-03-15;"sábado";"19:35:00";"MG";116;683,2;"MURIAE";"Ausência de reação do condutor";"Colisão frontal";"Com Vítimas Feridas";"Plena Noite";"Crescente";"Céu Claro";"Simples";"Curva";"Não";4;0;2;0;2;0;2;2;-20,971;-42,355;"SPRF-MG";"DEL07-MG";"UOP02-DEL07-MG"
667485;2025-03-15;"sábado";"20:30:00";"RS";290;574;"ALEGRETE";"Reação tardia ou ineficiente do condutor";"Capotamento";"Sem Vítimas";"Plena Noite";"Crescente";"Céu Claro";"Simples";"Interseção de Vias";"Não";1;0;0;0;0;1;0;1;-29,82178241;-55,72078759;"SPRF-RS";"DEL13-RS";"UOP02-DEL13-RS"
667487;2025-03-15;"sábado";"19:30:00";"RJ";116;82;"TERESOPOLIS";"Manobra de mudança de faixa";"Atropelamento de Pedestre";"Com Vítimas Feridas";"Plena Noite";"Crescente";"Chuva";"Simples";"Reta";"Sim";2;0;1;0;1;0;1;2;-22,40385725;-42,95275569;"SPRF-RJ";"DEL04-RJ";"UOP01-DEL04-RJ"
667488;2025-03-15;"sábado";"19:50:00";"PR";369;48;"BANDEIRANTES";"Velocidade Incompatível";"Colisão transversal";"Com Vítimas Fatais";"Plena Noite";"Decrescente";"Nublado";"Simples";"Reta";"Não";3;1;2;0;0;0;2;2;-23,104037;-50,311311;"SPRF-PR";"DEL07-PR";"UOP05-DEL07-PR"
667490;2025-03-15;"sábado";"20:30:00";"SC";282;75;"RANCHO QUEIMADO";"Afundamento ou ondulação no pavimento";"Capotamento";"Com Vítimas Feridas";"Plena Noite";"Decrescente";"Céu Claro";"Simples";"Reta";"Não";1;0;1;0;0;0;1;1;-27,689269;-49,140563;"SPRF-SC";"DEL01-SC";"UOP03-DEL01-SC"
667491;2025-03-15;"sábado";"20:50:00";"MG";381;673,2;"PERDOES";"Ausência de reação do condutor";"Saída de leito carroçável";"Com Vítimas Feridas";"Plena Noite";"Crescente";"Nublado";"Dupla";"Retorno Regulamentado;Declive;Curva";"Não";1;0;1;0;0;0;1;1;-21,07829899;-45,05879195;"SPRF-MG";"DEL04-MG";"UOP02-DEL04-MG"
667492;2025-03-15;"sábado";"19:00:00";"SC";470;34;"GASPAR";"Ingestão de álcool pelo condutor";"Colisão traseira";"Sem Vítimas";"Plena Noite";"Crescente";"Céu Claro";"Dupla";"Em Obras";"Sim";2;0;0;0;2;0;0;2;-26,910468;-48,94954;"SPRF-SC";"DEL04-SC";"UOP01-DEL04-SC"
667494;2025-03-15;"sábado";"20:00:00";"SP";116;546;"BARRA DO TURVO";"Reação tardia ou ineficiente do condutor";"Colisão com objeto";"Com Vítimas Feridas";"Plena Noite";"Crescente";"Chuva";"Múltipla";"Declive;Curva";"Não";3;0;3;0;0;0;3;1;-24,94696385;-48,42903307;"SPRF-SP";"DEL05-SP";"UOP02-DEL05-SP"
667495;2025-03-15;"sábado";"21:45:00";"MG";262;103,4;"ABRE CAMPO";"Animais na Pista";"Atropelamento de Animal";"Com Vítimas Feridas";"Plena Noite";"Decrescente";"Céu Claro";"Simples";"Curva";"Não";1;0;0;1;0;0;1;1;-20,29088;-42,542503;"SPRF-MG";"DEL03-MG";"UOP03-DEL03-MG"
667497;2025-03-15;"sábado";"21:25:00";"ES";101;146,6;"LINHARES";"Conversão proibida";"Colisão transversal";"Com Vítimas Feridas";"Plena Noite";"Crescente";"Céu Claro";"Simples";"Interseção de Vias";"Sim";3;0;2;0;1;0;2;2;-19,39827778;-40,06336212;"SPRF-ES";"DEL04-ES";"UOP01-DEL04-ES"
667498;2025-03-15;"sábado";"21:16:00";"MG";262;810;"UBERABA";"Demais falhas mecânicas ou elétricas";"Colisão traseira";"Com Vítimas Feridas";"Plena Noite";"Decrescente";"Céu Claro";"Dupla";"Reta";"Sim";2;0;1;0;1;0;1;2;-19,7695186;-47,9787143;"SPRF-MG";"DEL13-MG";"UOP01-DEL13-MG"
667499;2025-03-15;"sábado";"18:30:00";"PI";20;374;"MONSENHOR HIPOLITO";"Ausência de reação do condutor";"Colisão traseira";"Com Vítimas Feridas";"Plena Noite";"Crescente";"Céu Claro";"Simples";"Reta";"Sim";1;0;0;1;0;0;1;1;-6,80180774;-41,0234375;"SPRF-PI";"DEL04-PI";"UOP01-DEL04-PI"
667500;2025-03-15;"sábado";"21:50:00";"PI";343;336;"TERESINA";"Reação tardia ou ineficiente do condutor";"Colisão traseira";"Com Vítimas Feridas";"Plena Noite";"Decrescente";"Chuva";"Dupla";"Declive;Reta";"Não";2;0;1;1;0;0;2;1;-5,2995487;-42,7099873;"SPRF-PI";"DEL01-PI";"UOP01-DEL01-PI"
667501;2025-03-15;"sábado";"21:47:00";"PA";230;123;"MARABA";"Desrespeitar a preferência no cruzamento";"Colisão transversal";"Com Vítimas Feridas";"Plena Noite";"Decrescente";"Céu Claro";"Dupla";"Reta";"Sim";6;0;0;1;4;1;1;3;-5,371207;-49,132435;"SPRF-PA";"DEL03-PA";"UOP01-DEL03-PA"
667503;2025-03-15;"sábado";"20:00:00";"SC";282;578,1;"PINHALZINHO";"Desrespeitar a preferência no cruzamento";"Colisão transversal";"Com Vítimas Feridas";"Plena Noite";"Decrescente";"Céu Claro";"Simples";"Interseção de Vias;Rotatória";"Sim";2;0;1;0;1;0;1;2;-26,8528378;-52,9803352;"SPRF-SC";"DEL07-SC";"UOP02-DEL07-SC"
667504;2025-03-15;"sábado";"20:50:00";"RS";386;356,4;"ESTRELA";"Reação tardia ou ineficiente do condutor";"Saída de leito carroçável";"Com Vítimas Feridas";"Plena Noite";"Crescente";"Nublado";"Dupla";"Reta;Retorno Regulamentado";"Não";1;0;1;0;0;0;1;1;-29,52686634;-51,93230744;"SPRF-RS";"DEL04-RS";"UOP01-DEL04-RS"
667505;2025-03-15;"sábado";"22:30:00";"MG";40;522;"CONTAGEM";"Demais falhas mecânicas ou elétricas";"Incêndio";"Sem Vítimas";"Plena Noite";"Decrescente";"Céu Claro";"Dupla";"Reta";"Não";1;0;0;0;1;0;0;1;-19,86636787;-44,06429406;"SPRF-MG";"DEL01-MG";"UOP02-DEL01-MG"
667508;2025-03-15;"sábado";"22:05:00";"PI";316;40;"LAGOA DO PIAUI";"Animais na Pista";"Atropelamento de Animal";"Com Vítimas Feridas";"Plena Noite";"Decrescente";"Chuva";"Simples";"Reta";"Sim";1;0;0;1;0;0;1;1;-5,41190768;-42,64467593;"SPRF-PI";"DEL01-PI";"UOP02-DEL01-PI"
667509;2025-03-15;"sábado";"21:30:00";"GO";40;113,5;"CRISTALINA";"Condutor Dormindo";"Saída de leito carroçável";"Com Vítimas Feridas";"Plena Noite";"Decrescente";"Céu Claro";"Dupla";"Reta";"Não";3;0;1;0;2;0;1;1;-16,84893944;-47,46845127;"SPRF-DF";"DEL01-DF";"UOP02-DEL01-DF"
667510;2025-03-15;"sábado";"20:00:00";"TO";226;70;"WANDERLANDIA";"Desrespeitar a preferência no cruzamento";"Colisão transversal";"Com Vítimas Feridas";"Plena Noite";"Crescente";"Garoa/Chuvisco";"Simples";"Interseção de Vias;Reta";"Sim";5;0;1;0;4;0;1;2;-6,84926808;-47,96403408;"SPRF-TO";"DEL02-TO";"UOP03-DEL02-TO"
667511;2025-03-15;"sábado";"23:08:00";"RN";101;104;"PARNAMIRIM";"Ingestão de álcool pelo condutor";"Colisão traseira";"Sem Vítimas";"Plena Noite";"Decrescente";"Céu Claro";"Dupla";"Reta";"Sim";3;0;0;0;3;0;0;3;-5,9013556;-35,2591362;"SPRF-RN";"DEL01-RN";"UOP01-DEL01-RN"
667513;2025-03-16;"domingo";"00:01:00";"RJ";101;312;"SAO GONCALO";"Ingestão de álcool pelo condutor";"Colisão lateral mesmo sentido";"Sem Vítimas";"Plena Noite";"Decrescente";"Garoa/Chuvisco";"Dupla";"Reta";"Sim";2;0;0;0;2;0;0;2;-22,80667095;-43,06468964;"SPRF-RJ";"DEL02-RJ";"UOP02-DEL02-RJ"
667514;2025-03-15;"sábado";"23:30:00";"PB";101;83;"BAYEUX";"Reação tardia ou ineficiente do condutor";"Colisão traseira";"Com Vítimas Feridas";"Plena Noite";"Crescente";"Céu Claro";"Dupla";"Reta";"Sim";2;0;0;1;0;1;1;2;-7,13547246;-34,92784258;"SPRF-PB";"DEL01-PB";"UOP01-DEL01-PB"
667515;2025-03-15;"sábado";"23:26:00";"ES";101;300,2;"VIANA";"Condutor Dormindo";"Capotamento";"Com Vítimas Feridas";"Plena Noite";"Decrescente";"Céu Claro";"Dupla";"Reta";"Sim";1;0;1;0;0;0;1;1;-20,359502;-40,433562;"SPRF-ES";"DEL01-ES";"UOP01-DEL01-ES"
667516;2025-03-15;"sábado";"21:30:00";"MG";50;174;"UBERABA";"Entrada inopinada do pedestre";"Atropelamento de Pedestre";"Com Vítimas Feridas";"Plena Noite";"Decrescente";"Céu Claro";"Dupla";"Curva";"Sim";2;0;1;0;0;1;1;2;-19,777459;-47,971021;"SPRF-MG";"DEL13-MG";"UOP01-DEL13-MG"
667517;2025-03-16;"domingo";"00:10:00";"PR";277;3;"PARANAGUA";"Condutor deixou de manter distância do veículo da frente";"Colisão traseira";"Com Vítimas Feridas";"Plena Noite";"Crescente";"Céu Claro";"Dupla";"Reta";"Sim";2;0;1;0;1;0;1;2;-25,54377205;-48,54067499;"SPRF-PR";"DEL01-PR";"UOP05-DEL01-PR"
667518;2025-03-15;"sábado";"21:59:00";"MG";262;761;"SACRAMENTO";"Ausência de reação do condutor";"Colisão com objeto";"Sem Vítimas";"Plena Noite";"Crescente";"Céu Claro";"Simples";"Reta";"Não";1;0;0;0;1;0;0;1;-19,657459;-47,567252;"SPRF-MG";"DEL13-MG";"UOP01-DEL13-MG"
667520;2025-03-16;"domingo";"00:30:00";"RS";290;26,4;"SANTO ANTONIO DA PATRULHA";"Condutor Dormindo";"Colisão traseira";"Com Vítimas Feridas";"Plena Noite";"Crescente";"Nublado";"Dupla";"Reta";"Não";2;0;0;1;1;0;1;2;-29,88059553;-50,51764727;"SPRF-RS";"DEL03-RS";"UOP01-DEL03-RS"
667521;2025-03-15;"sábado";"22:10:00";"PE";104;135;"QUIPAPA";"Velocidade Incompatível";"Queda de ocupante de veículo";"Com Vítimas Fatais";"Plena Noite";"Crescente";"Garoa/Chuvisco";"Simples";"Curva;Declive";"Não";1;1;0;0;0;0;0;1;-8,8174;-36,013104;"SPRF-PE";"DEL02-PE";"UOP03-DEL02-PE"
667522;2025-03-16;"domingo";"00:10:00";"PE";101;47;"ITAPISSUMA";"Ausência de reação do condutor";"Saída de leito carroçável";"Com Vítimas Feridas";"Plena Noite";"Crescente";"Garoa/Chuvisco";"Dupla";"Reta;Ponte";"Não";1;0;0;1;0;0;1;1;-7,7323781;-34,9414593;"SPRF-PE";"DEL01-PE";"UOP02-DEL01-PE"
667523;2025-03-15;"sábado";"23:30:00";"BA";415;58;"ITABUNA";"Velocidade Incompatível";"Saída de leito carroçável";"Sem Vítimas";"Plena Noite";"Crescente";"Nublado";"Simples";"Curva";"Não";1;0;0;0;0;1;0;1;-14,84912;-39,385047;"SPRF-BA";"DEL05-BA";"UOP01-DEL05-BA"
667525;2025-03-16;"domingo";"02:50:00";"GO";153;508;"APARECIDA DE GOIANIA";"Estacionar ou parar em local proibido";"Colisão frontal";"Com Vítimas Feridas";"Plena Noite";"Crescente";"Nublado";"Dupla";"Declive";"Sim";7;0;4;0;2;1;4;4;-16,7729214;-49,2381286;"SPRF-GO";"DEL01-GO";"UOP03-DEL01-GO"