"id";"data_inversa";"dia_semana";"horario";"uf";"br";"km";"municipio";"causa_acidente";"tipo_acidente";"classificacao_acidente";"fase_dia";"sentido_via";"condicao_metereologica";"tipo_pista";"tracado_via";"uso_solo";"pessoas";"mortos";"feridos_leves";"feridos_graves";"ilesos";"ignorados";"feridos";"veiculos";"latitude";"longitude";"regional";"delegacia";"uop"
667628;2025-03-16;"domingo";"15:00:00";"PB";230;123,1;"RIACHAO DO BACAMARTE";"Avarias e/ou desgaste excessivo no pneu";"Saída de leito carroçável";"Com Vítimas Feridas";"Pleno dia";"Crescente";"Chuva";"Dupla";"Declive;Curva";"Sim";3;0;1;1;1;0;2;1;-7,247528;-35,673177;"SPRF-PB";"DEL02-PB";"UOP01-DEL02-PB"
667629;2025-03-16;"domingo";"12:30:00";"MG";381;369;"SAO GONCALO DO RIO ABAIXO";"Velocidade Incompatível";"Saída de leito carroçável";"Com Vítimas Feridas";"Pleno dia";"Crescente";"Nublado";"Simples";"Curva";"Não";4;0;4;0;0;0;4;1;-19,848796;-43,253789;"SPRF-MG";"DEL03-MG";"UOP01-DEL03-MG"
667630;2025-03-16;"domingo";"08:50:00";"RS";448;10;"CANOAS";"Ausência de reação do condutor";"Saída de leito carroçável";"Sem Vítimas";"Pleno dia";"Decrescente";"Céu Claro";"Simples";"Curva";"Não";1;0;0;0;1;0;0;1;-29,88466825;-51,23564243;"SPRF-RS";"DEL01-RS";"UOP01-DEL01-RS"
667631;2025-03-16;"domingo";"13:35:00";"GO";70;31;"COCALZINHO DE GOIAS";"Avarias e/ou desgaste excessivo no pneu";"Colisão com objeto";"Com Vítimas Feridas";"Pleno dia";"Crescente";"Céu Claro";"Simples";"Reta";"Não";3;0;1;0;2;0;1;1;-15,772211;-48,463426;"SPRF-DF";"DEL03-DF";"UOP02-DEL03-DF"
667632;2025-03-16;"domingo";"14:55:00";"RJ";40;31;"AREAL";"Velocidade Incompatível";"Saída de leito carroçável";"Com Vítimas Feridas";"Pleno dia";"Crescente";"Chuva";"Dupla";"Curva";"Não";1;0;1;0;0;0;1;1;-22,19900365;-43,15880588;"SPRF-RJ";"DEL05-RJ";"UOP02-DEL05-RJ"
667634;2025-03-16;"domingo";"15:14:00";"PE";232;20;"MORENO";"Reação tardia ou ineficiente do condutor";"Saída de leito carroçável";"Com Vítimas Feridas";"Pleno dia";"Decrescente";"Sol";"Dupla";"Reta";"Sim";3;0;2;1;0;0;3;1;-8,095888;-35,07295;"SPRF-PE";"DEL01-PE";"UOP01-DEL01-PE"
667635;2025-03-16;"domingo";"05:00:00";"SP";116;509;"CAJATI";"Ausência de reação do condutor";"Saída de leito carroçável";"Sem Vítimas";"Amanhecer";"Crescente";"Garoa/Chuvisco";"Múltipla";"Curva;Aclive";"Não";1;0;0;0;0;1;0;1;-24,79285139;-48,17183018;"SPRF-SP";"DEL05-SP";"UOP02-DEL05-SP"
667636;2025-03-16;"domingo";"15:40:00";"MG";381;3;"BETIM";"Reação tardia ou ineficiente do condutor";"Tombamento";"Com Vítimas Feridas";"Pleno dia";"Crescente";"Céu Claro";"Dupla";"Reta";"Sim";2;0;1;1;0;0;2;1;-19,9864445;-44,1703874;"SPRF-MG";"DEL01-MG";"UOP03-DEL01-MG"
667637;2025-03-16;"domingo";"14:15:00";"RJ";116;131;"MAGE";"Demais falhas mecânicas ou elétricas";"Queda de ocupante de veículo";"Com Vítimas Feridas";"Pleno dia";"Decrescente";"Céu Claro";"Dupla";"Viaduto";"Sim";2;0;1;0;1;0;1;1;-22,65659132;-43,12760353;"SPRF-RJ";"DEL04-RJ";"UOP02-DEL04-RJ"
667638;2025-03-16;"domingo";"15:30:00";"SP";116;421;"JUQUIA";"Ausência de reação do condutor";"Colisão traseira";"Com Vítimas Feridas";"Pleno dia";"Decrescente";"Nublado";"Dupla";"Reta";"Não";7;0;1;0;6;0;1;2;-24,34951401;-47,65229333;"SPRF-SP";"DEL05-SP";"UOP01-DEL05-SP"
667639;2025-03-16;"domingo";"13:00:00";"ES";262;166;"IBATIBA";"Desrespeitar a preferência no cruzamento";"Colisão transversal";"Com Vítimas Feridas";"Pleno dia";"Decrescente";"Céu Claro";"Simples";"Interseção de Vias";"Não";2;0;1;0;0;1;1;2;-20,251859;-41,563811;"SPRF-ES";"DEL01-ES";"UOP02-DEL01-ES"
667640;2025-03-16;"domingo";"13:20:00";"MA";135;181,2;"SAO MATEUS DO MARANHAO";"Reação tardia ou ineficiente do condutor";"Colisão transversal";"Com Vítimas Feridas";"Pleno dia";"Crescente";"Chuva";"Simples";"Reta";"Sim";3;0;0;2;1;0;2;2;-4,030993;-44,465472;"SPRF-MA";"DEL03-MA";"UOP01-DEL03-MA"
667641;2025-03-16;"domingo";"15:00:00";"RS";392;47;"RIO GRANDE";"Retorno proibido";"Colisão traseira";"Sem Vítimas";"Pleno dia";"Decrescente";"Céu Claro";"Dupla";"Reta";"Não";4;0;0;0;3;1;0;2;-31,89029807;-52,31901348;"SPRF-RS";"DEL07-RS";"UOP02-DEL07-RS"
667642;2025-03-16;"domingo";"16:00:00";"SP";116;230,5;"SAO PAULO";"Manobra de mudança de faixa";"Colisão lateral mesmo sentido";"Com Vítimas Feridas";"Pleno dia";"Crescente";"Céu Claro";"Múltipla";"Interseção de Vias";"Sim";2;0;1;0;1;0;1;2;-23,52101884;-46,58462477;"SPRF-SP";"DEL01-SP";"UOP01-DEL01-SP"
667643;2025-03-16;"domingo";"15:54:00";"ES";262;19;"VIANA";"Reação tardia ou ineficiente do condutor";"Colisão lateral mesmo sentido";"Com Vítimas Feridas";"Pleno dia";"Crescente";"Céu Claro";"Simples";"Reta";"Não";3;0;1;1;1;0;2;2;-20,387477;-40,494995;"SPRF-ES";"DEL01-ES";"UOP01-DEL01-ES"
667644;2025-03-16;"domingo";"16:13:00";"ES";262;40;"DOMINGOS MARTINS";"Chuva";"Colisão frontal";"Com Vítimas Feridas";"Pleno dia";"Crescente";"Chuva";"Simples";"Curva";"Não";3;0;3;0;0;0;3;2;-20,38370745;-40,63549876;"SPRF-ES";"DEL01-ES";"UOP01-DEL01-ES"
667648;2025-03-16;"domingo";"15:05:00";"BA";330;790;"JEQUIE";"Acessar a via sem observar a presença dos outros veículos";"Colisão traseira";"Com Vítimas Feridas";"Pleno dia";"Decrescente";"Céu Claro";"Simples";"Reta";"Não";2;0;1;0;1;0;1;2;-13,873816;-40,040711;"SPRF-BA";"DEL03-BA";"UOP01-DEL03-BA"
667649;2025-03-16;"domingo";"16:14:00";"GO";40;11;"LUZIANIA";"Transitar na contramão";"Colisão transversal";"Com Vítimas Feridas";"Pleno dia";"Crescente";"Céu Claro";"Dupla";"Retorno Regulamentado;Reta";"Sim";2;0;0;1;1;0;1;2;-16,13746718;-47,95237061;"SPRF-DF";"DEL01-DF";"UOP01-DEL01-DF"
667650;2025-03-16;"domingo";"15:00:00";"GO";40;126,3;"CRISTALINA";"Avarias e/ou desgaste excessivo no pneu";"Saída de leito carroçável";"Com Vítimas Feridas";"Pleno dia";"Crescente";"Céu Claro";"Dupla";"Reta";"Não";3;0;1;2;0;0;3;1;-16,882682;-47,370094;"SPRF-DF";"DEL01-DF";"UOP02-DEL01-DF"
667653;2025-03-16;"domingo";"16:45:00";"PE";232;28,2;"MORENO";"Manobra de mudança de faixa";"Tombamento";"Com Vítimas Feridas";"Pleno dia";"Decrescente";"Céu Claro";"Dupla";"Reta";"Sim";3;0;2;0;0;1;2;2;-8,11173;-35,14066;"SPRF-PE";"DEL01-PE";"UOP01-DEL01-PE"
667655;2025-03-16;"domingo";"08:25:00";"MT";163;885;"CLAUDIA";"Reação tardia ou ineficiente do condutor";"Queda de ocupante de veículo";"Com Vítimas Feridas";"Pleno dia";"Crescente";"Nublado";"Simples";"Declive;Reta";"Não";1;0;1;0;0;0;1;1;-11,44380833;-55,35673833;"SPRF-MT";"DEL06-MT";"UOP02-DEL06-MT"
667657;2025-03-16;"domingo";"13:30:00";"RJ";40;77;"PETROPOLIS";"Pista Escorregadia";"Colisão com objeto";"Com Vítimas Feridas";"Pleno dia";"Crescente";"Chuva";"Simples";"Curva";"Não";3;0;2;0;1;0;2;1;-22,528462;-43,2227818;"SPRF-RJ";"DEL01-RJ";"UOP01-DEL01-RJ"
667658;2025-03-16;"domingo";"16:50:00";"MG";381;261;"CORONEL FABRICIANO";"Mal súbito do condutor";"Capotamento";"Com Vítimas Feridas";"Pleno dia";"Decrescente";"Céu Claro";"Simples";"Reta";"Não";2;0;2;0;0;0;2;1;-19,525659;-42,580438;"SPRF-MG";"DEL03-MG";"UOP02-DEL03-MG"
667659;2025-03-16;"domingo";"13:05:00";"RN";427;59,8;"JARDIM DO SERIDO";"Reação tardia ou ineficiente do condutor";"Capotamento";"Com Vítimas Feridas";"Pleno dia";"Crescente";"Chuva";"Simples";"Curva";"Não";3;0;1;0;2;0;1;1;-6,58667394;-36,8099278;"SPRF-RN";"DEL03-RN";"UOP01-DEL03-RN"
667660;2025-03-16;"domingo";"17:00:00";"BA";242;760;"CRISTOPOLIS";"Ultrapassagem Indevida";"Colisão lateral sentido oposto";"Com Vítimas Feridas";"Anoitecer";"Crescente";"Céu Claro";"Simples";"Reta";"Não";2;0;2;0;0;0;2;2;-12,20884003;-44,46509332;"SPRF-BA";"DEL10-BA";"UOP01-DEL10-BA"
667662;2025-03-16;"domingo";"17:30:00";"AP";210;8;"MACAPA";"Velocidade Incompatível";"Saída de leito carroçável";"Com Vítimas Feridas";"Pleno dia";"Decrescente";"Céu Claro";"Dupla";"Rotatória";"Sim";1;0;1;0;0;0;1;1;0,104637;-51,126324;"SPRF-AP";"DEL01-AP";"UOP01-DEL01-AP"
667664;2025-03-16;"domingo";"15:30:00";"GO";60;236,8;"INDIARA";"Velocidade Incompatível";"Saída de leito carroçável";"Com Vítimas Feridas";"Pleno dia";"Crescente";"Nublado";"Dupla";"Retorno Regulamentado;Reta;Aclive";"Não";3;0;2;1;0;0;3;1;-17,09073194;-49,85637546;"SPRF-GO";"DEL01-GO";"UOP02-DEL01-GO"
667665;2025-03-16;"domingo";"17:45:00";"GO";153;594,2;"PIRACANJUBA";"Ausência de reação do condutor";"Saída de leito carroçável";"Com Vítimas Feridas";"Anoitecer";"Crescente";"Nublado";"Dupla";"Reta";"Não";1;0;1;0;0;0;1;1;-17,471108;-49,216722;"SPRF-GO";"DEL03-GO";"UOP01-DEL03-GO"
667666;2025-03-16;"domingo";"17:45:00";"GO";364;180;"JATAI";"Chuva";"Tombamento";"Com Vítimas Feridas";"Anoitecer";"Crescente";"Chuva";"Simples";"Reta;Ponte";"Não";2;0;2;0;0;0;2;1;-17,96004125;-51,61934316;"SPRF-GO";"DEL05-GO";"UOP01-DEL05-GO"
667667;2025-03-16;"domingo";"11:36:00";"AC";317;18;"SENADOR GUIOMARD";"Reação tardia ou ineficiente do condutor";"Colisão lateral mesmo sentido";"Com Vítimas Fatais";"Pleno dia";"Decrescente";"Nublado";"Simples";"Em Obras;Reta";"Não";2;1;0;0;1;0;0;2;-9,744783;-67,347249;"SPRF-AC";"DEL01-AC";"UOP01-DEL01-AC"
667668;2025-03-16;"domingo";"16:50:00";"RJ";101;425;"MANGARATIBA";"Pista Escorregadia";"Colisão com objeto";"Com Vítimas Feridas";"Anoitecer";"Crescente";"Chuva";"Simples";"Curva";"Não";5;0;2;0;3;0;2;1;-22,93424692;-43,98706913;"SPRF-RJ";"DEL03-RJ";"UOP02-DEL03-RJ"
667669;2025-03-16;"domingo";"18:25:00";"SC";101;90;"BARRA VELHA";"Reação tardia ou ineficiente do condutor";"Colisão traseira";"Com Vítimas Feridas";"Anoitecer";"Crescente";"Céu Claro";"Dupla";"Reta";"Sim";3;0;1;0;2;0;1;2;-26,66900372;-48,68977547;"SPRF-SC";"DEL03-SC";"UOP02-DEL03-SC"
667670;2025-03-16;"domingo";"16:50:00";"MS";163;258;"DOURADOS";"Ausência de reação do condutor";"Colisão traseira";"Sem Vítimas";"Pleno dia";"Crescente";"Céu Claro";"Dupla";"Reta";"Sim";2;0;0;0;2;0;0;2;-22,2589542;-54,80257273;"SPRF-MS";"DEL04-MS";"UOP01-DEL04-MS"
667671;2025-03-16;"domingo";"16:00:00";"BA";20;20;"CORRENTINA";"Reação tardia ou ineficiente do condutor";"Saída de leito carroçável";"Com Vítimas Feridas";"Pleno dia";"Crescente";"Céu Claro";"Simples";"Reta";"Não";1;0;0;1;0;0;1;1;-13,772;-46,160556;"SPRF-BA";"DEL10-BA";"UOP02-DEL10-BA"
667672;2025-03-16;"domingo";"17:20:00";"BA";110;371;"CATU";"Ingestão de álcool pelo condutor";"Colisão traseira";"Com Vítimas Feridas";"Anoitecer";"Crescente";"Céu Claro";"Simples";"Reta";"Não";3;0;1;0;2;0;1;2;-12,35298484;-38,38025121;"SPRF-BA";"DEL01-BA";"UOP04-DEL01-BA"
667674;2025-03-16;"domingo";"18:35:00";"MG";116;280,2;"TEOFILO OTONI";"Ausência de reação do condutor";"Colisão lateral sentido oposto";"Sem Vítimas";"Plena Noite";"Crescente";"Nublado";"Simples";"Curva";"Não";5;0;0;0;5;0;0;2;-17,885637;-41,522385;"SPRF-MG";"DEL11-MG";"UOP01-DEL11-MG"
667675;2025-03-16;"domingo";"18:10:00";"ES";101;147;"LINHARES";"Desrespeitar a preferência no cruzamento";"Colisão transversal";"Com Vítimas Feridas";"Plena Noite";"Decrescente";"Céu Claro";"Simples";"Reta;Retorno Regulamentado";"Sim";4;0;0;3;1;0;3;2;-19,37889628;-40,0665915;"SPRF-ES";"DEL04-ES";"UOP01-DEL04-ES"
667676;2025-03-16;"domingo";"15:20:00";"RO";364;20;"VILHENA";"Acesso irregular";"Colisão traseira";"Com Vítimas Feridas";"Pleno dia";"Decrescente";"Nublado";"Simples";"Reta";"Não";6;0;0;2;3;1;2;3;-12,72589639;-60,19326401;"SPRF-RO";"DEL04-RO";"UOP01-DEL04-RO"
667677;2025-03-16;"domingo";"16:30:00";"MG";365;145;"PIRAPORA";"Ingestão de álcool pelo condutor";"Colisão lateral mesmo sentido";"Com Vítimas Feridas";"Plena Noite";"Crescente";"Céu Claro";"Simples";"Reta";"Não";2;0;0;1;1;0;1;2;-17,22007918;-44,82145215;"SPRF-MG";"DEL10-MG";"UOP02-DEL010-MG"
667678;2025-03-16;"domingo";"18:39:00";"CE";116;13,9;"FORTALEZA";"Pedestre - Ingestão de álcool/ substâncias psicoativas";"Atropelamento de Pedestre";"Com Vítimas Feridas";"Plena Noite";"Decrescente";"Céu Claro";"Múltipla";"Reta";"Sim";2;0;0;1;1;0;1;2;-3,86913583;-38,49788547;"SPRF-CE";"DEL01-CE";"UOP02-DEL01-CE"
667679;2025-03-16;"domingo";"19:00:00";"MG";116;620,8;"ORIZANIA";"Acessar a via sem observar a presença dos outros veículos";"Colisão transversal";"Com Vítimas Feridas";"Plena Noite";"Crescente";"Céu Claro";"Simples";"Interseção de Vias;Reta";"Não";2;0;1;0;1;0;1;2;-20,51231;-42,19434;"SPRF-MG";"DEL07-MG";"UOP02-DEL07-MG"
667680;2025-03-16;"domingo";"19:19:00";"GO";40;8;"LUZIANIA";"Ingestão de álcool pelo condutor";"Queda de ocupante de veículo";"Sem Vítimas";"Plena Noite";"Crescente";"Ignorado";"Dupla";"Reta";"Sim";1;0;0;0;1;0;0;1;-16,263105;-47,972352;"SPRF-DF";"DEL01-DF";"UOP01-DEL01-DF"
667681;2025-03-16;"domingo";"17:55:00";"RN";304;259;"SAO PEDRO";"Ausência de reação do condutor";"Colisão com objeto";"Sem Vítimas";"Plena Noite";"Decrescente";"Chuva";"Dupla";"Reta";"Não";1;0;0;0;1;0;0;1;-5,846243;-35,673732;"SPRF-RN";"DEL01-RN";"UOP02-DEL01-RN"
667682;2025-03-16;"domingo";"17:10:00";"SP";116;230;"SAO PAULO";"Ausência de reação do condutor";"Colisão com objeto";"Com Vítimas Feridas";"Anoitecer";"Crescente";"Nublado";"Múltipla";"Reta";"Sim";1;0;1;0;0;0;1;1;-23,51473267;-46,57826358;"SPRF-SP";"DEL01-SP";"UOP01-DEL01-SP"
667683;2025-03-16;"domingo";"18:20:00";"PE";101;48;"ABREU E LIMA";"Manobra de mudança de faixa";"Colisão traseira";"Com Vítimas Feridas";"Plena Noite";"Decrescente";"Garoa/Chuvisco";"Múltipla";"Reta";"Sim";5;0;4;0;0;1;4;2;-7,90218265;-34,90149379;"SPRF-PE";"DEL01-PE";"UOP02-DEL01-PE"
667684;2025-03-16;"domingo";"18:27:00";"MS";163;483;"CAMPO GRANDE";"Ausência de reação do condutor";"Tombamento";"Com Vítimas Feridas";"Plena Noite";"Crescente";"Céu Claro";"Simples";"Reta";"Sim";2;0;2;0;0;0;2;1;-20,455677;-54,54477;"SPRF-MS";"DEL01-MS";"UOP02-DEL01-MS"
667685;2025-03-16;"domingo";"18:50:00";"PI";343;320;"ALTOS";"Condutor deixou de manter distância do veículo da frente";"Colisão traseira";"Sem Vítimas";"Plena Noite";"Decrescente";"Chuva";"Simples";"Curva";"Não";2;0;0;0;1;1;0;2;-5,04910512;-42,57000446;"SPRF-PI";"DEL01-PI";"UOP01-DEL01-PI"
667687;2025-03-16;"domingo";"18:20:00";"RJ";116;320,3;"ITATIAIA";"Reação tardia ou ineficiente do condutor";"Colisão lateral mesmo sentido";"Com Vítimas Feridas";"Plena Noite";"Decrescente";"Chuva";"Dupla";"Reta";"Não";6;0;6;0;0;0;6;2;-22,48077959;-44,53507126;"SPRF-RJ";"DEL07-RJ";"UOP02-DEL07-RJ"
667688;2025-03-16;"domingo";"19:30:00";"MG";365;363;"PRESIDENTE OLEGARIO";"Avarias e/ou desgaste excessivo no pneu";"Queda de ocupante de veículo";"Com Vítimas Feridas";"Plena Noite";"Decrescente";"Nublado";"Simples";"Curva";"Não";1;0;0;1;0;0;1;1;-18,51075;-46,13403;"SPRF-MG";"DEL10-MG";"UOP01-DEL10-MG"
667689;2025-03-16;"domingo";"19:00:00";"SC";280;54,7;"GUARAMIRIM";"Manobra de mudança de faixa";"Colisão lateral mesmo sentido";"Com Vítimas Feridas";"Plena Noite";"Crescente";"Céu Claro";"Dupla";"Reta";"Sim";3;0;2;0;0;1;2;2;-26,4666357;-48,9680207;"SPRF-SC";"DEL03-SC";"UOP03-DEL03-SC"
667690;2025-03-16;"domingo";"19:30:00";"PR";163;281;"MARECHAL CANDIDO RONDON";"Ingestão de álcool pelo condutor";"Colisão com objeto";"Com Vítimas Feridas";"Plena Noite";"Crescente";"Céu Claro";"Simples";"Reta";"Não";1;0;1;0;0;0;1;1;-24,5549315;-54,0392362;"SPRF-PR";"DEL06-PR";"UOP02-DEL06-PR"
667691;2025-03-16;"domingo";"19:40:00";"ES";101;157,2;"LINHARES";"Reação tardia ou ineficiente do condutor";"Colisão transversal";"Com Vítimas Feridas";"Plena Noite";"Crescente";"Céu Claro";"Simples";"Interseção de Vias;Reta";"Não";3;0;1;0;2;0;1;2;-19,42227;-40,0778959;"SPRF-ES";"DEL04-ES";"UOP01-DEL04-ES"
667692;2025-03-12;"quarta-feira";"07:40:00";"PR";0;0;"LONDRINA";"Acesso irregular";"Colisão transversal";"Com Vítimas Feridas";"Pleno dia";"Não Informado";"Céu Claro";"Dupla";"Interseção de Vias";"Sim";4;0;0;2;2;0;2;2;-23,31461182;-51,16558313;"SPRF-PR";"DEL07-PR";"N/A"
667693;2025-03-16;"domingo";"19:30:00";"SC";101;223,8;"PALHOCA";"Demais falhas mecânicas ou elétricas";"Incêndio";"Sem Vítimas";"Plena Noite";"Decrescente";"Nublado";"Múltipla";"Reta";"Sim";1;0;0;0;1;0;0;1;-27,721738;-48,644805;"SPRF-SC";"DEL01-SC";"UOP02-DEL01-SC"
667694;2025-03-16;"domingo";"19:25:00";"RS";290;475;"ROSARIO DO SUL";"Velocidade Incompatível";"Saída de leito carroçável";"Sem Vítimas";"Plena Noite";"Crescente";"Céu Claro";"Simples";"Interseção de Vias";"Sim";1;0;0;0;1;0;0;1;-30,2392707;-54,87070084;"SPRF-RS";"DEL11-RS";"UOP02-DEL11-RS"
667696;2025-03-16;"domingo";"20:00:00";"PE";101;45;"IGARASSU";"Ausência de reação do condutor";"Colisão traseira";"Sem Vítimas";"Plena Noite";"Crescente";"Céu Claro";"Múltipla";"Reta";"Sim";2;0;0;0;1;1;0;2;-7,869537;-34,906919;"SPRF-PE";"DEL01-PE";"UOP02-DEL01-PE"
667697;2025-03-16;"domingo";"18:30:00";"SC";470;53;"BLUMENAU";"Acessar a via sem observar a presença dos outros veículos";"Colisão frontal";"Com Vítimas Feridas";"Anoitecer";"Crescente";"Nublado";"Simples";"Curva";"Não";4;0;1;0;3;0;1;2;-26,868666;-49,104846;"SPRF-SC";"DEL04-SC";"UOP01-DEL04-SC"
667698;2025-03-16;"domingo";"20:15:00";"SP";381;57;"MAIRIPORA";"Ingestão de álcool pelo condutor";"Colisão traseira";"Com Vítimas Feridas";"Plena Noite";"Decrescente";"Céu Claro";"Dupla";"Reta";"Não";1;0;1;0;0;0;1;1;-23,2717392;-46,58524323;"SPRF-SP";"DEL03-SP";"UOP01-DEL03-SP"
667700;2025-02-02;"domingo";"07:45:00";"PE";232;4,9;"RECIFE";"Reação tardia ou ineficiente do condutor";"Colisão lateral mesmo sentido";"Com Vítimas Feridas";"Pleno dia";"Decrescente";"Céu Claro";"Dupla";"Viaduto;Reta";"Sim";3;0;1;0;2;0;1;2;-8,06715;-34,94311;"SPRF-PE";"DEL01-PE";"UOP01-DEL01-PE"
667701;2025-03-16;"domingo";"20:30:00";"GO";414;408;"ABADIANIA";"Ingestão de álcool pelo condutor";"Colisão traseira";"Com Vítimas Feridas";"Plena Noite";"Crescente";"Garoa/Chuvisco";"Simples";"Reta;Declive";"Não";2;0;1;1;0;0;2;2;-16,027013;-48,846525;"SPRF-GO";"DEL02-GO";"UOP01-DEL02-GO"
667703;2025-03-16;"domingo";"20:15:00";"RS";290;634;"URUGUAIANA";"Reação tardia ou ineficiente do condutor";"Saída de leito carroçável";"Com Vítimas Feridas";"Plena Noite";"Crescente";"Céu Claro";"Simples";"Reta";"Não";5;0;3;0;2;0;3;1;-30,02246896;-56,25771001;"SPRF-RS";"DEL13-RS";"UOP02-DEL13-RS"
667704;2025-03-16;"domingo";"21:00:00";"RN";110;48,3;"MOSSORO";"Ingestão de álcool pelo condutor";"Colisão traseira";"Sem Vítimas";"Plena Noite";"Crescente";"Nublado";"Dupla";"Rotatória;Reta";"Sim";2;0;0;0;2;0;0;2;-5,21165433;-37,33237647;"SPRF-RN";"DEL04-RN";"UOP01-DEL04-RN"
667705;2025-03-16;"domingo";"21:40:00";"GO";153;506;"APARECIDA DE GOIANIA";"Ausência de reação do condutor";"Queda de ocupante de veículo";"Com Vítimas Feridas";"Plena Noite";"Decrescente";"Nublado";"Dupla";"Reta";"Sim";1;0;1;0;0;0;1;1;-16,74883968;-49,24085325;"SPRF-GO";"DEL01-GO";"UOP01-DEL01-GO"
667709;2025-03-16;"domingo";"16:30:00";"MG";40;237;"SAO GONCALO DO ABAETE";"Acessar a via sem observar a presença dos outros veículos";"Colisão transversal";"Com Vítimas Feridas";"Pleno dia";"Decrescente";"Céu Claro";"Simples";"Reta";"Não";3;0;1;0;2;0;1;2;-18,04084437;-45,52534282;"SPRF-MG";"DEL14-MG";"UOP02-DEL14-MG"
667710;2025-03-16;"domingo";"21:00:00";"MS";163;496;"CAMPO GRANDE";"Reação tardia ou ineficiente do condutor";"Tombamento";"Com Vítimas Feridas";"Plena Noite";"Crescente";"Céu Claro";"Simples";"Declive;Reta";"Não";2;0;1;1;0;0;2;1;-20,3585257;-54,5245126;"SPRF-MS";"DEL01-MS";"UOP02-DEL01-MS"
667712;2025-03-16;"domingo";"21:50:00";"SP";101;50,4;"UBATUBA";"Reação tardia ou ineficiente do condutor";"Colisão lateral sentido oposto";"Com Vítimas Feridas";"Plena Noite";"Decrescente";"Nublado";"Simples";"Reta";"Sim";2;0;0;1;1;0;1;2;-23,4508634;-45,0768432;"SPRF-SP";"DEL06-SP";"UOP01-DEL06-SP"
667713;2025-03-16;"domingo";"21:00:00";"RJ";101;389;"RIO DE JANEIRO";"Ausência de reação do condutor";"Queda de ocupante de veículo";"Com Vítimas Feridas";"Pleno dia";"Crescente";"Céu Claro";"Múltipla";"Reta";"Não";1;0;0;1;0;0;1;1;-22,8589183;-43,7591179;"SPRF-RJ";"DEL03-RJ";"UOP01-DEL03-RJ"
667714;2025-03-16;"domingo";"16:30:00";"RJ";101;304;"SAO GONCALO";"Reação tardia ou ineficiente do condutor";"Engavetamento";"Com Vítimas Feridas";"Pleno dia";"Decrescente";"Sol";"Dupla";"Reta";"Sim";4;0;1;0;3;0;1;3;-22,7934208;-43,0276608;"SPRF-RJ";"DEL02-RJ";"UOP02-DEL02-RJ"
667715;2025-03-16;"domingo";"18:45:00";"PR";277;256;"IRATI";"Ingestão de álcool pelo condutor";"Colisão com objeto";"Sem Vítimas";"Plena Noite";"Decrescente";"Céu Claro";"Simples";"Reta";"Não";1;0;0;0;1;0;0;1;-25,42741995;-50,74308828;"SPRF-PR";"DEL08-PR";"UOP02-DEL08-PR"
667716;2025-03-16;"domingo";"21:15:00";"SE";101;18,3;"SAO FRANCISCO";"Acessar a via sem observar a presença dos outros veículos";"Colisão traseira";"Com Vítimas Fatais";"Plena Noite";"Decrescente";"Céu Claro";"Dupla";"Reta;Interseção de Vias";"Não";2;1;0;0;1;0;0;2;-10,3492036;-36,89988595;"SPRF-SE";"DEL02-SE";"UOP02-DEL02-SE"
667717;2025-03-16;"domingo";"19:23:00";"MT";163;750;"SORRISO";"Acessar a via sem observar a presença dos outros veículos";"Colisão transversal";"Com Vítimas Fatais";"Plena Noite";"Decrescente";"Céu Claro";"Dupla";"Reta";"Sim";3;1;0;0;2;0;0;2;-12,57172706;-55,72690487;"SPRF-MT";"DEL06-MT";"UOP01-DEL06-MT"
667718;2025-03-16;"domingo";"21:50:00";"RJ";101;129;"CONCEICAO DE MACABU";"Chuva";"Queda de ocupante de veículo";"Com Vítimas Feridas";"Plena Noite";"Decrescente";"Chuva";"Dupla";"Curva";"Não";1;0;1;0;0;0;1;1;-22,07511137;-41,68750405;"SPRF-RJ";"DEL08-RJ";"UOP04-DEL08-RJ"
667719;2025-03-16;"domingo";"22:55:00";"PA";230;128;"MARABA";"Ingestão de álcool pelo condutor";"Colisão frontal";"Sem Vítimas";"Plena Noite";"Decrescente";"Chuva";"Simples";"Reta";"Sim";4;0;0;0;4;0;0;2;-5,5448232;-49,0753015;"SPRF-PA";"DEL03-PA";"UOP01-DEL03-PA"
667721;2025-03-16;"domingo";"20:00:00";"RO";319;56;"PORTO VELHO";"Reação tardia ou ineficiente do condutor";"Queda de ocupante de veículo";"Sem Vítimas";"Plena Noite";"Crescente";"Garoa/Chuvisco";"Simples";"Reta";"Não";1;0;0;0;0;1;0;1;-8,8002867;-63,7617604;"SPRF-RO";"DEL01-RO";"UOP01-DEL01-RO"
667723;2025-03-16;"domingo";"21:00:00";"SC";280;181,3;"MAFRA";"Transitar na contramão";"Colisão frontal";"Com Vítimas Feridas";"Plena Noite";"Crescente";"Céu Claro";"Simples";"Reta;Declive";"Não";3;0;1;1;1;0;2;2;-26,173139;-49,900056;"SPRF-SC";"DEL06-SC";"UOP01-DEL06-SC"
667724;2025-03-16;"domingo";"22:35:00";"RJ";101;318;"SAO GONCALO";"Condutor Dormindo";"Colisão com objeto";"Sem Vítimas";"Plena Noite";"Crescente";"Céu Claro";"Dupla";"Reta";"Sim";1;0;0;0;1;0;0;1;-22,84465821;-43,09815288;"SPRF-RJ";"DEL02-RJ";"UOP02-DEL02-RJ"