"id";"data_inversa";"dia_semana";"horario";"uf";"br";"km";"municipio";"causa_acidente";"tipo_acidente";"classificacao_acidente";"fase_dia";"sentido_via";"condicao_metereologica";"tipo_pista";"tracado_via";"uso_solo";"pessoas";"mortos";"feridos_leves";"feridos_graves";"ilesos";"ignorados";"feridos";"veiculos";"latitude";"longitude";"regional";"delegacia";"uop"
667725;2025-03-16;"domingo";"21:29:00";"RR";432;205;"CANTA";"Deficiência do Sistema de Iluminação/Sinalização";"Colisão traseira";"Com Vítimas Feridas";"Plena Noite";"Crescente";"Ignorado";"Simples";"Reta";"Não";5;0;3;0;2;0;3;2;2,71260912;-60,60882568;"SPRF-RR";"DEL01-RR";"UOP01-DEL01-RR"
667726;2025-03-16;"domingo";"18:00:00";"SC";470;327,2;"CAMPOS NOVOS";"Velocidade Incompatível";"Colisão com objeto";"Sem Vítimas";"Pleno dia";"Decrescente";"Céu Claro";"Simples";"Reta";"Não";1;0;0;0;0;1;0;1;-27,46669;-51,27177;"SPRF-SC";"DEL07-SC";"UOP06-DEL07-SC"
667728;2025-03-16;"domingo";"22:30:00";"RS";116;264;"CANOAS";"Ingestão de álcool pelo condutor";"Colisão lateral mesmo sentido";"Com Vítimas Feridas";"Plena Noite";"Crescente";"Céu Claro";"Múltipla";"Reta";"Sim";4;0;0;2;1;1;2;3;-29,9217621;-51,17791349;"SPRF-RS";"DEL01-RS";"UOP01-DEL01-RS"
667730;2025-03-16;"domingo";"18:00:00";"PI";407;538;"JACOBINA DO PIAUI";"Manobra de mudança de faixa";"Colisão frontal";"Com Vítimas Feridas";"Plena Noite";"Decrescente";"Céu Claro";"Simples";"Reta";"Não";2;0;0;1;0;1;1;2;-7,860688;-41,207317;"SPRF-PI";"DEL04-PI";"UOP01-DEL04-PI"
667731;2025-03-16;"domingo";"23:20:00";"MG";40;685,6;"RESSAQUINHA";"Ausência de reação do condutor";"Colisão com objeto";"Com Vítimas Feridas";"Plena Noite";"Crescente";"Céu Claro";"Simples";"Curva";"Não";2;0;0;2;0;0;2;1;-21,086916;-43,771552;"SPRF-MG";"DEL05-MG";"UOP02-DEL05-MG"
667732;2025-03-16;"domingo";"23:45:00";"ES";101;164,3;"LINHARES";"Ingestão de álcool pelo condutor";"Tombamento";"Com Vítimas Feridas";"Plena Noite";"Decrescente";"Chuva";"Simples";"Reta";"Não";1;0;1;0;0;0;1;1;-19,5060674;-40,13463378;"SPRF-ES";"DEL04-ES";"UOP01-DEL04-ES"
667733;2025-03-16;"domingo";"21:30:00";"RS";101;13;"DOM PEDRO DE ALCANTARA";"Ingestão de álcool pelo condutor";"Capotamento";"Com Vítimas Feridas";"Plena Noite";"Crescente";"Céu Claro";"Simples";"Interseção de Vias";"Sim";2;0;1;0;0;1;1;2;-29,39250305;-49,84353948;"SPRF-RS";"DEL03-RS";"UOP02-DEL03-RS"
667734;2025-03-17;"segunda-feira";"00:03:00";"RS";116;262;"CANOAS";"Reação tardia ou ineficiente do condutor";"Capotamento";"Sem Vítimas";"Plena Noite";"Crescente";"Céu Claro";"Dupla";"Reta";"Sim";2;0;0;0;2;0;0;1;-29,89279646;-51,17705042;"SPRF-RS";"DEL01-RS";"UOP01-DEL01-RS"
667735;2025-03-17;"segunda-feira";"00:10:00";"SE";235;4,8;"NOSSA SENHORA DO SOCORRO";"Ausência de reação do condutor";"Queda de ocupante de veículo";"Com Vítimas Feridas";"Plena Noite";"Decrescente";"Céu Claro";"Dupla";"Reta;Aclive";"Sim";1;0;1;0;0;0;1;1;-10,90607953;-37,12118972;"SPRF-SE";"DEL01-SE";"UOP01-DEL01-SE"
667737;2025-03-16;"domingo";"23:20:00";"SP";116;2;"QUELUZ";"Chuva";"Queda de ocupante de veículo";"Com Vítimas Feridas";"Plena Noite";"Crescente";"Chuva";"Dupla";"Reta";"Não";1;0;1;0;0;0;1;1;-22,5411072;-44,7643648;"SPRF-SP";"DEL08-SP";"UOP02-DEL08-SP"
667739;2025-03-17;"segunda-feira";"00:44:00";"SP";116;362,4;"MIRACATU";"Demais falhas mecânicas ou elétricas";"Incêndio";"Sem Vítimas";"Plena Noite";"Decrescente";"Nublado";"Dupla";"Curva";"Não";1;0;0;0;1;0;0;1;-24,14363835;-47,28529358;"SPRF-SP";"DEL04-SP";"UOP03-DEL04-SP"
667740;2025-03-16;"domingo";"18:40:00";"AM";174;1002;"PRESIDENTE FIGUEIREDO";"Pista esburacada";"Queda de ocupante de veículo";"Com Vítimas Feridas";"Plena Noite";"Crescente";"Nublado";"Simples";"Declive";"Não";2;0;2;0;0;0;2;1;-1,90826413;-60,06088257;"SPRF-AM";"DEL01-AM";"UOP02-DEL01-AM"
667741;2025-03-16;"domingo";"23:10:00";"RJ";40;122;"DUQUE DE CAXIAS";"Reação tardia ou ineficiente do condutor";"Colisão traseira";"Com Vítimas Feridas";"Plena Noite";"Crescente";"Nublado";"Múltipla";"Reta";"Sim";6;0;4;2;0;0;6;2;-22,79241613;-43,28701907;"SPRF-RJ";"DEL01-RJ";"UOP02-DEL01-RJ"
667743;2025-03-17;"segunda-feira";"00:45:00";"AL";104;33;"UNIAO DOS PALMARES";"Animais na Pista";"Atropelamento de Animal";"Com Vítimas Feridas";"Plena Noite";"Crescente";"Nublado";"Simples";"Reta";"Sim";2;0;0;2;0;0;2;1;-9,14743986;-36,01454431;"SPRF-AL";"DEL01-AL";"UOP02-DEL01-AL"
667744;2025-03-16;"domingo";"23:50:00";"TO";153;719;"FIGUEIROPOLIS";"Acessar a via sem observar a presença dos outros veículos";"Colisão transversal";"Com Vítimas Feridas";"Plena Noite";"Crescente";"Céu Claro";"Simples";"Reta";"Sim";2;0;0;2;0;0;2;2;-12,11890332;-49,17674875;"SPRF-TO";"DEL01-TO";"UOP02-DEL01-TO"
667745;2025-03-17;"segunda-feira";"00:05:00";"MT";364;243;"JUSCIMEIRA";"Animais na Pista";"Atropelamento de Animal";"Com Vítimas Feridas";"Plena Noite";"Decrescente";"Céu Claro";"Dupla";"Reta";"Não";1;0;1;0;0;0;1;1;-16,14841925;-54,81129862;"SPRF-MT";"DEL02-MT";"UOP01-DEL02-MT"
667746;2025-03-16;"domingo";"23:40:00";"PE";408;51;"TRACUNHAEM";"Condutor deixou de manter distância do veículo da frente";"Colisão traseira";"Com Vítimas Feridas";"Plena Noite";"Decrescente";"Céu Claro";"Simples";"Reta";"Sim";3;0;1;0;1;1;1;2;-7,80074;-35,24463;"SPRF-PE";"DEL01-PE";"UOP02-DEL01-PE"
667747;2025-03-16;"domingo";"23:35:00";"RO";364;711;"PORTO VELHO";"Ingestão de álcool pelo condutor";"Saída de leito carroçável";"Sem Vítimas";"Plena Noite";"Crescente";"Céu Claro";"Múltipla";"Reta";"Sim";1;0;0;0;1;0;0;1;-8,78205004;-63,86480204;"SPRF-RO";"DEL01-RO";"UOP01-DEL01-RO"
667751;2025-03-17;"segunda-feira";"03:00:00";"RS";116;240;"SAO LEOPOLDO";"Ingestão de álcool pelo condutor";"Colisão com objeto";"Sem Vítimas";"Plena Noite";"Decrescente";"Céu Claro";"Simples";"Reta";"Sim";1;0;0;0;0;1;0;1;-29,7365398;-51,1504323;"SPRF-RS";"DEL01-RS";"UOP02-DEL01-RS"
667752;2025-03-17;"segunda-feira";"03:15:00";"BA";101;171;"FEIRA DE SANTANA";"Condutor deixou de manter distância do veículo da frente";"Colisão traseira";"Sem Vítimas";"Plena Noite";"Decrescente";"Céu Claro";"Simples";"Reta";"Sim";2;0;0;0;2;0;0;2;-12,35862715;-38,86227599;"SPRF-BA";"DEL01-BA";"UOP03-DEL01-BA"
667754;2025-02-24;"segunda-feira";"17:45:00";"GO";364;273;"JATAI";"Condutor deixou de manter distância do veículo da frente";"Colisão traseira";"Com Vítimas Feridas";"Pleno dia";"Decrescente";"Céu Claro";"Dupla";"Declive;Reta";"Sim";5;0;0;1;4;0;1;3;-17,913538;-51,720959;"SPRF-GO";"DEL05-GO";"UOP01-DEL05-GO"
667755;2025-03-17;"segunda-feira";"03:05:00";"SC";116;260,2;"CAPAO ALTO";"Velocidade Incompatível";"Saída de leito carroçável";"Sem Vítimas";"Plena Noite";"Decrescente";"Céu Claro";"Simples";"Curva";"Não";2;0;0;0;0;2;0;2;-28,05819595;-50,56921005;"SPRF-SC";"DEL05-SC";"UOP02-DEL05-SC"
667756;2025-03-17;"segunda-feira";"04:30:00";"RN";406;150;"CEARA-MIRIM";"Pedestre andava na pista";"Atropelamento de Pedestre";"Com Vítimas Feridas";"Plena Noite";"Crescente";"Chuva";"Simples";"Reta;Declive";"Sim";4;0;0;2;0;2;2;2;-5,650298;-35,428733;"SPRF-RN";"DEL02-RN";"UOP01-DEL02-RN"
667757;2025-03-17;"segunda-feira";"05:00:00";"SC";101;269,9;"IMBITUBA";"Condutor Dormindo";"Saída de leito carroçável";"Com Vítimas Feridas";"Plena Noite";"Crescente";"Nublado";"Múltipla";"Reta";"Não";1;0;1;0;0;0;1;1;-28,10230721;-48,70376587;"SPRF-SC";"DEL02-SC";"UOP03-DEL02-SC"
667758;2025-03-17;"segunda-feira";"05:15:00";"PB";101;41,9;"MAMANGUAPE";"Velocidade Incompatível";"Colisão com objeto";"Com Vítimas Feridas";"Pleno dia";"Decrescente";"Nublado";"Dupla";"Curva;Declive";"Não";1;0;1;0;0;0;1;1;-6,855844;-35,134389;"SPRF-PB";"DEL01-PB";"UOP03-DEL01-PB"
667759;2025-03-17;"segunda-feira";"04:29:00";"PB";230;90;"GURINHEM";"Acumulo de água sobre o pavimento";"Saída de leito carroçável";"Sem Vítimas";"Amanhecer";"Decrescente";"Chuva";"Dupla";"Reta";"Não";4;0;0;0;4;0;0;1;-7,174;-35,402;"SPRF-PB";"DEL01-PB";"UOP02-DEL01-PB"
667760;2025-03-17;"segunda-feira";"04:30:00";"RJ";116;208;"SEROPEDICA";"Condutor Dormindo";"Colisão com objeto";"Com Vítimas Feridas";"Plena Noite";"Crescente";"Nublado";"Dupla";"Reta";"Sim";2;0;1;0;1;0;1;1;-22,71652912;-43,71420658;"SPRF-RJ";"DEL06-RJ";"UOP02-DEL06-RJ"
667761;2025-03-17;"segunda-feira";"05:00:00";"CE";116;190,3;"LIMOEIRO DO NORTE";"Acessar a via sem observar a presença dos outros veículos";"Colisão frontal";"Com Vítimas Fatais";"Amanhecer";"Crescente";"Céu Claro";"Simples";"Curva";"Não";2;1;0;0;1;0;0;2;-5,12314667;-38,15008694;"SPRF-CE";"DEL03-CE";"UOP01-DEL03-CE"
667763;2025-03-17;"segunda-feira";"05:50:00";"SP";381;49;"ATIBAIA";"Reação tardia ou ineficiente do condutor";"Colisão com objeto";"Sem Vítimas";"Pleno dia";"Decrescente";"Céu Claro";"Dupla";"Aclive";"Sim";1;0;0;0;1;0;0;1;-23,20846963;-46,59180931;"SPRF-SP";"DEL03-SP";"UOP01-DEL03-SP"
667764;2025-03-17;"segunda-feira";"05:25:00";"SC";280;47;"GUARAMIRIM";"Acesso irregular";"Incêndio";"Sem Vítimas";"Amanhecer";"Crescente";"Céu Claro";"Simples";"Reta;Interseção de Vias";"Não";1;0;0;0;1;0;0;1;-26,45299445;-48,9095664;"SPRF-SC";"DEL03-SC";"UOP03-DEL03-SC"
667766;2025-03-16;"domingo";"20:50:00";"PA";230;128;"MARABA";"Ausência de reação do condutor";"Colisão com objeto";"Com Vítimas Fatais";"Plena Noite";"Decrescente";"Chuva";"Simples";"Reta";"Não";1;1;0;0;0;0;0;1;-5,35938458;-49,20864105;"SPRF-PA";"DEL03-PA";"UOP01-DEL03-PA"
667767;2025-03-17;"segunda-feira";"04:50:00";"RJ";40;106;"DUQUE DE CAXIAS";"Ausência de reação do condutor";"Colisão lateral mesmo sentido";"Com Vítimas Feridas";"Amanhecer";"Crescente";"Nublado";"Dupla";"Reta";"Sim";2;0;0;1;0;1;1;2;-22,65357066;-43,28384478;"SPRF-RJ";"DEL01-RJ";"UOP02-DEL01-RJ"
667768;2025-03-16;"domingo";"15:25:00";"SC";282;304,8;"VARGEM";"Condutor usando celular";"Saída de leito carroçável";"Sem Vítimas";"Pleno dia";"Decrescente";"Céu Claro";"Simples";"Curva";"Não";1;0;0;0;1;0;0;1;-27,49997;-50,94668;"SPRF-SC";"DEL07-SC";"UOP06-DEL07-SC"
667769;2025-03-16;"domingo";"18:50:00";"BA";20;175;"LUIS EDUARDO MAGALHAES";"Ultrapassagem Indevida";"Colisão lateral sentido oposto";"Com Vítimas Feridas";"Plena Noite";"Crescente";"Céu Claro";"Simples";"Reta";"Não";2;0;1;0;1;0;1;2;-12,31628043;-45,85193201;"SPRF-BA";"DEL10-BA";"UOP01-DEL10-BA"
667770;2025-03-13;"quinta-feira";"21:20:00";"PE";232;46;"VITORIA DE SANTO ANTAO";"Condutor Dormindo";"Saída de leito carroçável";"Com Vítimas Feridas";"Plena Noite";"Decrescente";"Céu Claro";"Dupla";"Declive;Curva";"Não";1;0;1;0;0;0;1;1;-8,14397483;-35,31491339;"SPRF-PE";"DEL01-PE";"UOP01-DEL01-PE"
667771;2025-03-17;"segunda-feira";"06:05:00";"MS";262;354;"CAMPO GRANDE";"Acessar a via sem observar a presença dos outros veículos";"Colisão transversal";"Com Vítimas Feridas";"Pleno dia";"Crescente";"Céu Claro";"Simples";"Reta";"Sim";2;0;0;1;1;0;1;2;-20,546124;-54,68411;"SPRF-MS";"DEL01-MS";"UOP03-DEL01-MS"
667773;2025-03-17;"segunda-feira";"07:30:00";"SP";153;62,1;"SAO JOSE DO RIO PRETO";"Objeto estático sobre o leito carroçável";"Colisão com objeto";"Com Vítimas Feridas";"Pleno dia";"Decrescente";"Céu Claro";"Dupla";"Aclive;Reta";"Sim";2;0;1;1;0;0;2;2;-20,81880414;-49,35753615;"SPRF-SP";"DEL09-SP";"UOP01-DEL09-SP"
667774;2025-03-17;"segunda-feira";"07:15:00";"PE";428;185;"PETROLINA";"Acessar a via sem observar a presença dos outros veículos";"Colisão transversal";"Com Vítimas Feridas";"Pleno dia";"Decrescente";"Céu Claro";"Dupla";"Reta";"Sim";2;0;1;0;1;0;1;2;-9,35770557;-40,47908306;"SPRF-PE";"DEL06-PE";"UOP01-DEL06-PE"
667778;2025-03-17;"segunda-feira";"07:14:00";"TO";153;497,7;"PARAISO DO TOCANTINS";"Ausência de reação do condutor";"Colisão frontal";"Com Vítimas Feridas";"Pleno dia";"Crescente";"Céu Claro";"Simples";"Reta;Interseção de Vias";"Sim";2;0;1;0;1;0;1;2;-10,181411;-48,880591;"SPRF-TO";"DEL01-TO";"UOP01-DEL01-TO"
667779;2025-03-17;"segunda-feira";"07:45:00";"DF";20;7,2;"BRASILIA";"Reação tardia ou ineficiente do condutor";"Colisão lateral mesmo sentido";"Com Vítimas Feridas";"Pleno dia";"Decrescente";"Céu Claro";"Dupla";"Reta;Declive";"Sim";2;0;1;0;1;0;1;2;-15,661215;-47,798248;"SPRF-DF";"DEL02-DF";"UOP01-DEL02-DF"
667780;2025-03-17;"segunda-feira";"05:00:00";"MS";158;152,4;"APARECIDA DO TABOADO";"Ausência de reação do condutor";"Colisão lateral mesmo sentido";"Com Vítimas Feridas";"Amanhecer";"Crescente";"Céu Claro";"Simples";"Reta";"Não";2;0;1;0;1;0;1;2;-20,114698;-51,177269;"SPRF-MS";"DEL08-MS";"UOP01-DEL08-MS"
667781;2025-03-17;"segunda-feira";"07:30:00";"ES";101;141,1;"LINHARES";"Ausência de reação do condutor";"Colisão traseira";"Com Vítimas Feridas";"Pleno dia";"Crescente";"Garoa/Chuvisco";"Dupla";"Reta";"Sim";2;0;1;0;1;0;1;2;-19,4222605;-40,0779499;"SPRF-ES";"DEL04-ES";"UOP01-DEL04-ES"
667783;2025-03-17;"segunda-feira";"07:45:00";"PB";230;26,6;"JOAO PESSOA";"Ausência de reação do condutor";"Tombamento";"Com Vítimas Feridas";"Pleno dia";"Decrescente";"Céu Claro";"Dupla";"Reta";"Sim";2;0;1;1;0;0;2;1;-7,16854759;-34,88386508;"SPRF-PB";"DEL01-PB";"UOP01-DEL01-PB"
667784;2025-03-17;"segunda-feira";"07:55:00";"GO";153;494,7;"GOIANIA";"Condutor deixou de manter distância do veículo da frente";"Engavetamento";"Com Vítimas Feridas";"Pleno dia";"Crescente";"Nublado";"Múltipla";"Aclive";"Sim";3;0;1;0;2;0;1;3;-16,66267999;-49,22266603;"SPRF-GO";"DEL01-GO";"UOP01-DEL01-GO"
667785;2025-03-17;"segunda-feira";"01:50:00";"MG";381;521,1;"BRUMADINHO";"Pista Escorregadia";"Tombamento";"Com Vítimas Feridas";"Plena Noite";"Crescente";"Nublado";"Dupla";"Declive;Curva";"Não";1;0;1;0;0;0;1;1;-20,120475;-44,302486;"SPRF-MG";"DEL04-MG";"UOP03-DEL04-MG"
667786;2025-03-17;"segunda-feira";"07:40:00";"SC";101;312;"LAGUNA";"Ausência de reação do condutor";"Colisão traseira";"Com Vítimas Feridas";"Pleno dia";"Decrescente";"Céu Claro";"Dupla";"Ponte;Reta;Declive";"Não";4;0;2;0;2;0;2;2;-28,44014778;-48,82646084;"SPRF-SC";"DEL02-SC";"UOP01-DEL02-SC"
667787;2025-03-17;"segunda-feira";"07:50:00";"RJ";40;94;"PETROPOLIS";"Pista Escorregadia";"Saída de leito carroçável";"Sem Vítimas";"Pleno dia";"Crescente";"Chuva";"Simples";"Curva";"Não";1;0;0;0;1;0;0;1;-22,5285884;-43,2225795;"SPRF-RJ";"DEL01-RJ";"UOP01-DEL01-RJ"
667788;2025-03-17;"segunda-feira";"07:50:00";"MG";40;661,2;"CARANDAI";"Velocidade Incompatível";"Saída de leito carroçável";"Com Vítimas Feridas";"Pleno dia";"Crescente";"Garoa/Chuvisco";"Simples";"Curva";"Não";1;0;0;1;0;0;1;1;-20,910225;-43,828928;"SPRF-MG";"DEL05-MG";"UOP02-DEL05-MG"
667789;2025-03-17;"segunda-feira";"08:10:00";"GO";153;506,5;"APARECIDA DE GOIANIA";"Trafegar com motocicleta (ou similar) entre as faixas";"Tombamento";"Com Vítimas Feridas";"Pleno dia";"Decrescente";"Céu Claro";"Dupla";"Aclive;Reta";"Sim";1;0;0;1;0;0;1;1;-16,758656;-49,2404;"SPRF-GO";"DEL01-GO";"UOP01-DEL01-GO"
667790;2025-03-17;"segunda-feira";"07:40:00";"ES";101;307;"VIANA";"Velocidade Incompatível";"Colisão lateral mesmo sentido";"Com Vítimas Feridas";"Pleno dia";"Decrescente";"Chuva";"Dupla";"Reta";"Não";2;0;0;1;1;0;1;2;-20,39960543;-40,4561125;"SPRF-ES";"DEL01-ES";"UOP01-DEL01-ES"
667791;2025-03-17;"segunda-feira";"08:00:00";"RJ";465;21;"NOVA IGUACU";"Trafegar com motocicleta (ou similar) entre as faixas";"Colisão frontal";"Com Vítimas Feridas";"Pleno dia";"Crescente";"Ignorado";"Simples";"Reta";"Sim";2;0;1;0;1;0;1;2;-22,85375868;-43,60199863;"SPRF-RJ";"DEL06-RJ";"UOP02-DEL06-RJ"
667792;2025-03-17;"segunda-feira";"07:55:00";"RS";471;176;"RIO PARDO";"Ausência de reação do condutor";"Colisão traseira";"Com Vítimas Feridas";"Pleno dia";"Decrescente";"Céu Claro";"Simples";"Reta;Em Obras";"Não";2;0;1;0;1;0;1;2;-29,99991958;-52,36800134;"SPRF-RS";"DEL02-RS";"UOP03-DEL02-RS"
667793;2025-03-17;"segunda-feira";"06:50:00";"SC";101;128;"CAMBORIU";"Avarias e/ou desgaste excessivo no pneu";"Tombamento";"Com Vítimas Feridas";"Pleno dia";"Decrescente";"Céu Claro";"Dupla";"Reta";"Não";1;0;0;1;0;0;1;1;-26,97571762;-48,68245656;"SPRF-SC";"DEL04-SC";"UOP04-DEL04-SC"
667794;2025-03-17;"segunda-feira";"08:45:00";"PR";116;103;"SAO JOSE DOS PINHAIS";"Condutor deixou de manter distância do veículo da frente";"Colisão traseira";"Com Vítimas Feridas";"Pleno dia";"Crescente";"Céu Claro";"Dupla";"Reta";"Não";2;0;1;0;1;0;1;2;-25,57100891;-49,19411475;"SPRF-PR";"DEL01-PR";"UOP07-DEL01-PR"
667795;2025-03-17;"segunda-feira";"07:20:00";"RJ";40;94;"PETROPOLIS";"Pista Escorregadia";"Saída de leito carroçável";"Com Vítimas Feridas";"Pleno dia";"Crescente";"Chuva";"Simples";"Curva";"Não";1;0;1;0;0;0;1;1;-22,55159805;-43,24655011;"SPRF-RJ";"DEL01-RJ";"UOP01-DEL01-RJ"
667796;2025-03-17;"segunda-feira";"08:10:00";"RJ";40;52;"PETROPOLIS";"Velocidade Incompatível";"Colisão com objeto";"Com Vítimas Feridas";"Pleno dia";"Crescente";"Chuva";"Dupla";"Curva";"Sim";1;0;0;1;0;0;1;1;-22,34638073;-43,1312795;"SPRF-RJ";"DEL05-RJ";"UOP02-DEL05-RJ"
667797;2025-03-17;"segunda-feira";"08:30:00";"PB";230;142;"MASSARANDUBA";"Ausência de reação do condutor";"Saída de leito carroçável";"Com Vítimas Feridas";"Pleno dia";"Crescente";"Nublado";"Dupla";"Reta;Aclive";"Não";2;0;2;0;0;0;2;1;-7,25551932;-35,82330108;"SPRF-PB";"DEL02-PB";"UOP01-DEL02-PB"
667798;2025-03-17;"segunda-feira";"08:08:00";"AL";316;86;"SANTANA DO IPANEMA";"Acessar a via sem observar a presença dos outros veículos";"Colisão lateral mesmo sentido";"Com Vítimas Feridas";"Pleno dia";"Decrescente";"Céu Claro";"Simples";"Reta;Declive";"Sim";2;0;1;0;1;0;1;2;-9,3739545;-37,233185;"SPRF-AL";"DEL03-AL";"UOP02-DEL03-AL"
667800;2025-03-17;"segunda-feira";"08:40:00";"SC";101;203,2;"SAO JOSE";"Reação tardia ou ineficiente do condutor";"Queda de ocupante de veículo";"Com Vítimas Feridas";"Pleno dia";"Crescente";"Céu Claro";"Múltipla";"Declive";"Sim";1;0;1;0;0;0;1;1;-27,567402;-48,614265;"SPRF-SC";"DEL01-SC";"UOP01-DEL01-SC"
667801;2025-03-17;"segunda-feira";"07:40:00";"MS";163;490;"CAMPO GRANDE";"Ausência de reação do condutor";"Tombamento";"Com Vítimas Feridas";"Pleno dia";"Crescente";"Céu Claro";"Dupla";"Curva";"Sim";2;0;2;0;0;0;2;1;-20,3923264;-54,5554886;"SPRF-MS";"DEL01-MS";"UOP02-DEL01-MS"
667802;2025-03-17;"segunda-feira";"08:10:00";"RJ";40;101;"PETROPOLIS";"Pista Escorregadia";"Colisão com objeto";"Com Vítimas Feridas";"Pleno dia";"Decrescente";"Garoa/Chuvisco";"Simples";"Reta";"Não";1;0;1;0;0;0;1;1;-22,5285884;-43,2225795;"SPRF-RJ";"DEL01-RJ";"UOP01-DEL01-RJ"
667803;2025-03-17;"segunda-feira";"08:00:00";"MA";135;28;"BACABEIRA";"Reação tardia ou ineficiente do condutor";"Capotamento";"Com Vítimas Feridas";"Pleno dia";"Crescente";"Ignorado";"Dupla";"Reta";"Não";1;0;0;1;0;0;1;1;-2,77922298;-44,37412262;"SPRF-MA";"DEL01-MA";"UOP01-DEL01-MA"
667804;2025-03-17;"segunda-feira";"07:30:00";"GO";153;204;"URUACU";"Acessar a via sem observar a presença dos outros veículos";"Colisão transversal";"Sem Vítimas";"Pleno dia";"Crescente";"Céu Claro";"Simples";"Reta;Declive";"Sim";4;0;0;0;4;0;0;2;-14,4695417;-49,156168;"SPRF-GO";"DEL07-GO";"UOP02-DEL07-GO"
667810;2025-03-17;"segunda-feira";"07:20:00";"MG";40;738,5;"JUIZ DE FORA";"Chuva";"Colisão com objeto";"Com Vítimas Feridas";"Pleno dia";"Crescente";"Chuva";"Dupla";"Curva";"Não";2;0;2;0;0;0;2;1;-21,6006656;-43,4569216;"SPRF-MG";"DEL05-MG";"UOP01-DEL05-MG"
667811;2025-03-17;"segunda-feira";"09:30:00";"ES";101;196,8;"ARACRUZ";"Demais falhas mecânicas ou elétricas";"Saída de leito carroçável";"Com Vítimas Feridas";"Pleno dia";"Crescente";"Nublado";"Simples";"Reta";"Não";2;0;2;0;0;0;2;1;-19,70761857;-40,33350005;"SPRF-ES";"DEL04-ES";"UOP01-DEL04-ES"
667812;2025-03-17;"segunda-feira";"07:51:00";"MG";459;88,4;"CONGONHAL";"Acessar a via sem observar a presença dos outros veículos";"Colisão transversal";"Com Vítimas Feridas";"Pleno dia";"Crescente";"Céu Claro";"Simples";"Interseção de Vias;Reta";"Sim";4;0;1;1;0;2;2;3;-22,15048;-46,036418;"SPRF-MG";"DEL09-MG";"UOP01-DEL09-MG"
667814;2025-03-09;"domingo";"15:00:00";"DF";70;10;"BRASILIA";"Ausência de reação do condutor";"Colisão lateral mesmo sentido";"Com Vítimas Feridas";"Pleno dia";"Crescente";"Céu Claro";"Dupla";"Reta";"Sim";3;0;1;0;2;0;1;2;-15,78683;-48,139643;"SPRF-DF";"DEL03-DF";"UOP02-DEL03-DF"
667815;2025-03-17;"segunda-feira";"10:15:00";"MG";381;204,5;"NAQUE";"Demais falhas mecânicas ou elétricas";"Saída de leito carroçável";"Com Vítimas Feridas";"Pleno dia";"Decrescente";"Céu Claro";"Simples";"Reta";"Não";1;0;1;0;0;0;1;1;-19,16916715;-42,24689484;"SPRF-MG";"DEL06-MG";"UOP01-DEL06-MG"
667817;2025-03-17;"segunda-feira";"10:10:00";"PE";232;9;"RECIFE";"Condutor deixou de manter distância do veículo da frente";"Colisão traseira";"Com Vítimas Feridas";"Pleno dia";"Decrescente";"Nublado";"Múltipla";"Aclive;Reta";"Sim";3;0;1;0;2;0;1;3;-8,07776512;-34,97807622;"SPRF-PE";"DEL01-PE";"UOP01-DEL01-PE"
667818;2025-03-17;"segunda-feira";"08:10:00";"MG";381;698,8;"LAVRAS";"Velocidade Incompatível";"Saída de leito carroçável";"Com Vítimas Feridas";"Pleno dia";"Crescente";"Chuva";"Dupla";"Curva;Declive";"Não";2;0;1;0;1;0;1;1;-21,2713248;-45,1361254;"SPRF-MG";"DEL04-MG";"UOP02-DEL04-MG"
667820;2025-03-17;"segunda-feira";"10:00:00";"MG";381;500;"BETIM";"Ausência de reação do condutor";"Colisão traseira";"Com Vítimas Feridas";"Pleno dia";"Decrescente";"Céu Claro";"Dupla";"Reta";"Não";2;0;1;0;1;0;1;2;-20,00606545;-44,21446681;"SPRF-MG";"DEL01-MG";"UOP03-DEL01-MG"
667821;2025-03-17;"segunda-feira";"08:30:00";"PE";101;167;"AGUA PRETA";"Condutor Dormindo";"Saída de leito carroçável";"Com Vítimas Feridas";"Pleno dia";"Crescente";"Nublado";"Dupla";"Curva";"Não";1;0;1;0;0;0;1;1;-8,569677;-35,477092;"SPRF-PE";"DEL01-PE";"UOP03-DEL01-PE"
667823;2025-03-17;"segunda-feira";"08:41:00";"AC";364;136;"RIO BRANCO";"Entrada inopinada do pedestre";"Atropelamento de Pedestre";"Com Vítimas Feridas";"Pleno dia";"Crescente";"Céu Claro";"Dupla";"Reta";"Sim";2;0;1;0;1;0;1;2;-9,97193923;-67,85155024;"SPRF-AC";"DEL01-AC";"UOP01-DEL01-AC"
667825;2025-03-17;"segunda-feira";"10:30:00";"ES";101;256,2;"SERRA";"Manobra de mudança de faixa";"Colisão lateral mesmo sentido";"Com Vítimas Feridas";"Pleno dia";"Decrescente";"Nublado";"Múltipla";"Reta";"Sim";2;0;1;0;0;1;1;2;-20,122913;-40,305058;"SPRF-ES";"DEL02-ES";"UOP01-DEL02-ES"
667826;2025-03-16;"domingo";"06:51:00";"PR";376;628;"SAO JOSE DOS PINHAIS";"Ausência de reação do condutor";"Saída de leito carroçável";"Sem Vítimas";"Pleno dia";"Decrescente";"Nublado";"Dupla";"Reta";"Sim";1;0;0;0;1;0;0;1;-25,6853099;-49,1472052;"SPRF-PR";"DEL01-PR";"UOP04-DEL01-PR"