"id";"data_inversa";"dia_semana";"horario";"uf";"br";"km";"municipio";"causa_acidente";"tipo_acidente";"classificacao_acidente";"fase_dia";"sentido_via";"condicao_metereologica";"tipo_pista";"tracado_via";"uso_solo";"pessoas";"mortos";"feridos_leves";"feridos_graves";"ilesos";"ignorados";"feridos";"veiculos";"latitude";"longitude";"regional";"delegacia";"uop"
668184;2025-03-19;"quarta-feira";"07:10:00";"RJ";116;136;"DUQUE DE CAXIAS";"Ultrapassagem Indevida";"Colisão lateral mesmo sentido";"Com Vítimas Feridas";"Pleno dia";"Crescente";"Céu Claro";"Dupla";"Reta";"Sim";3;0;1;0;1;1;1;2;-22,64720511;-43,22145081;"SPRF-RJ";"DEL04-RJ";"UOP02-DEL04-RJ"
668187;2025-03-19;"quarta-feira";"07:40:00";"PE";101;65;"RECIFE";"Condutor deixou de manter distância do veículo da frente";"Colisão traseira";"Com Vítimas Feridas";"Pleno dia";"Crescente";"Céu Claro";"Dupla";"Reta";"Sim";3;0;2;0;1;0;2;2;-8,02770024;-34,94286351;"SPRF-PE";"DEL01-PE";"UOP01-DEL01-PE"
668188;2025-03-19;"quarta-feira";"07:10:00";"MS";163;475,7;"CAMPO GRANDE";"Acessar a via sem observar a presença dos outros veículos";"Colisão transversal";"Com Vítimas Feridas";"Pleno dia";"Decrescente";"Céu Claro";"Simples";"Interseção de Vias;Reta";"Sim";3;0;3;0;0;0;3;2;-20,51406;-54,56254;"SPRF-MS";"DEL01-MS";"UOP01-DEL01-MS"
668191;2025-03-19;"quarta-feira";"08:40:00";"RJ";101;472;"ANGRA DOS REIS";"Ausência de reação do condutor";"Colisão traseira";"Com Vítimas Feridas";"Pleno dia";"Crescente";"Céu Claro";"Simples";"Reta";"Sim";2;0;0;1;1;0;1;2;-22,9900288;-44,2400768;"SPRF-RJ";"DEL03-RJ";"UOP03-DEL03-RJ"
668196;2025-03-19;"quarta-feira";"09:00:00";"PE";407;127;"PETROLINA";"Acessar a via sem observar a presença dos outros veículos";"Colisão frontal";"Sem Vítimas";"Pleno dia";"Crescente";"Céu Claro";"Simples";"Em Obras;Reta";"Sim";2;0;0;0;2;0;0;2;-9,3925232;-40,516133;"SPRF-PE";"DEL06-PE";"UOP01-DEL06-PE"
668198;2025-03-14;"sexta-feira";"18:22:00";"RN";101;112;"SAO JOSE DE MIPIBU";"Avarias e/ou desgaste excessivo no pneu";"Tombamento";"Com Vítimas Feridas";"Plena Noite";"Decrescente";"Céu Claro";"Dupla";"Declive;Reta";"Não";3;0;1;1;0;1;2;2;-5,963065;-35,264763;"SPRF-RN";"DEL01-RN";"UOP01-DEL01-RN"
668199;2025-03-19;"quarta-feira";"07:00:00";"PB";230;474;"SOUSA";"Condutor Dormindo";"Saída de leito carroçável";"Sem Vítimas";"Amanhecer";"Crescente";"Nublado";"Simples";"Reta";"Não";1;0;0;0;0;1;0;1;-6,81835243;-38,31052958;"SPRF-PB";"DEL03-PB";"UOP03-DEL03-PB"
668200;2025-03-19;"quarta-feira";"09:10:00";"PR";277;25,1;"MORRETES";"Demais falhas mecânicas ou elétricas";"Colisão com objeto";"Com Vítimas Feridas";"Pleno dia";"Decrescente";"Sol";"Dupla";"Reta;Declive";"Não";2;0;1;0;1;0;1;1;-25,533392;-48,756398;"SPRF-PR";"DEL01-PR";"UOP05-DEL01-PR"
668202;2025-03-19;"quarta-feira";"06:30:00";"RJ";40;7;"COMENDADOR LEVY GASPARIAN";"Ausência de reação do condutor";"Queda de ocupante de veículo";"Com Vítimas Feridas";"Pleno dia";"Decrescente";"Garoa/Chuvisco";"Dupla";"Curva";"Não";1;0;1;0;0;0;1;1;-22,04447959;-43,21939811;"SPRF-RJ";"DEL05-RJ";"UOP02-DEL05-RJ"
668203;2025-03-19;"quarta-feira";"08:54:00";"GO";40;2;"VALPARAISO DE GOIAS";"Frear bruscamente";"Engavetamento";"Sem Vítimas";"Pleno dia";"Crescente";"Céu Claro";"Dupla";"Reta";"Sim";3;0;0;0;3;0;0;3;-16,067717;-47,984357;"SPRF-DF";"DEL01-DF";"UOP01-DEL01-DF"
668206;2025-03-19;"quarta-feira";"06:40:00";"RJ";393;257,9;"BARRA DO PIRAI";"Velocidade Incompatível";"Colisão lateral sentido oposto";"Sem Vítimas";"Amanhecer";"Decrescente";"Nublado";"Simples";"Curva";"Não";7;0;0;0;7;0;0;2;-22,4656093;-43,85673523;"SPRF-RJ";"DEL05-RJ";"UOP04-DEL05-RJ"
668207;2025-03-19;"quarta-feira";"06:45:00";"MG";40;695,3;"ALFREDO VASCONCELOS";"Acumulo de óleo sobre o pavimento";"Colisão com objeto";"Com Vítimas Feridas";"Pleno dia";"Decrescente";"Chuva";"Simples";"Curva";"Sim";1;0;1;0;0;0;1;1;-21,1654425;-43,75776753;"SPRF-MG";"DEL05-MG";"UOP02-DEL05-MG"
668209;2025-03-18;"terça-feira";"04:30:00";"SC";282;236;"SAO JOSE DO CERRITO";"Condutor Dormindo";"Saída de leito carroçável";"Com Vítimas Feridas";"Plena Noite";"Decrescente";"Ignorado";"Simples";"Declive;Reta";"Não";1;0;1;0;0;0;1;1;-27,77818973;-50,49822807;"SPRF-SC";"DEL05-SC";"UOP02-DEL05-SC"
668210;2025-03-19;"quarta-feira";"08:00:00";"MA";135;12;"SAO LUIS";"Avarias e/ou desgaste excessivo no pneu";"Queda de ocupante de veículo";"Com Vítimas Feridas";"Pleno dia";"Decrescente";"Céu Claro";"Dupla";"Reta";"Sim";1;0;1;0;0;0;1;1;-2,67539;-44,293133;"SPRF-MA";"DEL01-MA";"UOP01-DEL01-MA"
668211;2025-03-19;"quarta-feira";"08:21:00";"MT";163;829;"SINOP";"Retorno proibido";"Colisão transversal";"Com Vítimas Fatais";"Pleno dia";"Decrescente";"Céu Claro";"Simples";"Reta";"Sim";5;1;1;0;3;0;1;5;-11,90655;-55,50705;"SPRF-MT";"DEL06-MT";"UOP02-DEL06-MT"
668212;2025-03-19;"quarta-feira";"08:00:00";"PR";373;178;"PONTA GROSSA";"Reação tardia ou ineficiente do condutor";"Saída de leito carroçável";"Com Vítimas Feridas";"Pleno dia";"Crescente";"Céu Claro";"Simples";"Curva";"Não";2;0;1;0;1;0;1;1;-25,05063491;-50,23403292;"SPRF-PR";"DEL03-PR";"UOP01-DEL03-PR"
668213;2025-03-19;"quarta-feira";"07:00:00";"MG";40;695,3;"ALFREDO VASCONCELOS";"Acumulo de óleo sobre o pavimento";"Saída de leito carroçável";"Com Vítimas Feridas";"Pleno dia";"Decrescente";"Chuva";"Simples";"Declive;Curva";"Não";1;0;1;0;0;0;1;1;-21,16582561;-43,75744812;"SPRF-MG";"DEL05-MG";"UOP02-DEL05-MG"
668215;2025-03-19;"quarta-feira";"10:35:00";"RS";290;4;"OSORIO";"Reação tardia ou ineficiente do condutor";"Colisão lateral mesmo sentido";"Com Vítimas Feridas";"Pleno dia";"Crescente";"Céu Claro";"Dupla";"Reta;Desvio Temporário";"Não";2;0;1;0;1;0;1;2;-29,89801866;-50,31705022;"SPRF-RS";"DEL03-RS";"UOP01-DEL03-RS"
668216;2025-03-19;"quarta-feira";"10:25:00";"SP";153;61;"SAO JOSE DO RIO PRETO";"Ingestão de álcool pelo condutor";"Colisão com objeto";"Com Vítimas Feridas";"Pleno dia";"Decrescente";"Céu Claro";"Dupla";"Reta";"Sim";1;0;1;0;0;0;1;1;-20,81935673;-49,35719075;"SPRF-SP";"DEL09-SP";"UOP01-DEL09-SP"
668217;2025-03-19;"quarta-feira";"07:45:00";"RS";116;256;"ESTEIO";"Reação tardia ou ineficiente do condutor";"Colisão lateral mesmo sentido";"Com Vítimas Feridas";"Pleno dia";"Crescente";"Céu Claro";"Múltipla";"Reta;Em Obras";"Sim";3;0;1;0;2;0;1;2;-29,84397289;-51,17722988;"SPRF-RS";"DEL01-RS";"UOP02-DEL01-RS"
668218;2025-03-19;"quarta-feira";"07:50:00";"MS";163;483;"CAMPO GRANDE";"Acessar a via sem observar a presença dos outros veículos";"Colisão lateral mesmo sentido";"Com Vítimas Feridas";"Pleno dia";"Decrescente";"Céu Claro";"Simples";"Reta";"Sim";2;0;1;0;1;0;1;2;-20,455669;-54,54477;"SPRF-MS";"DEL01-MS";"UOP02-DEL01-MS"
668220;2025-03-19;"quarta-feira";"09:30:00";"BA";116;389,1;"SANTA BARBARA";"Ausência de reação do condutor";"Colisão lateral mesmo sentido";"Com Vítimas Feridas";"Pleno dia";"Decrescente";"Sol";"Dupla";"Reta";"Sim";4;0;1;0;2;1;1;3;-11,952826;-38,976542;"SPRF-BA";"DEL02-BA";"UOP01-DEL02-BA"
668222;2025-03-19;"quarta-feira";"10:35:00";"BA";101;741;"ITABELA";"Reação tardia ou ineficiente do condutor";"Colisão traseira";"Com Vítimas Feridas";"Pleno dia";"Crescente";"Céu Claro";"Simples";"Declive;Curva";"Não";5;0;1;0;4;0;1;3;-16,5513483;-39,5718883;"SPRF-BA";"DEL09-BA";"UOP01-DEL09-BA"
668223;2025-03-19;"quarta-feira";"10:40:00";"SP";116;488,7;"CAJATI";"Acessar a via sem observar a presença dos outros veículos";"Colisão transversal";"Com Vítimas Feridas";"Pleno dia";"Decrescente";"Céu Claro";"Dupla";"Rotatória;Retorno Regulamentado;Viaduto";"Sim";2;0;1;0;1;0;1;2;-24,7314817;-48,1094806;"SPRF-SP";"DEL05-SP";"UOP01-DEL05-SP"
668224;2025-03-19;"quarta-feira";"10:30:00";"PR";277;711;"SANTA TEREZINHA DE ITAIPU";"Reação tardia ou ineficiente do condutor";"Colisão traseira";"Com Vítimas Feridas";"Pleno dia";"Crescente";"Céu Claro";"Dupla";"Reta";"Sim";2;0;0;1;1;0;1;2;-25,45970478;-54,43536758;"SPRF-PR";"DEL05-PR";"UOP01-DEL05-PR"
668226;2025-03-19;"quarta-feira";"06:50:00";"RJ";393;281;"VOLTA REDONDA";"Acesso irregular";"Colisão lateral sentido oposto";"Com Vítimas Feridas";"Pleno dia";"Decrescente";"Nublado";"Simples";"Reta";"Sim";2;0;1;0;1;0;1;2;-22,4734201;-44,0593802;"SPRF-RJ";"DEL05-RJ";"UOP04-DEL05-RJ"
668227;2025-03-19;"quarta-feira";"11:15:00";"SC";101;328,9;"TUBARAO";"Manobra de mudança de faixa";"Colisão lateral mesmo sentido";"Com Vítimas Feridas";"Pleno dia";"Crescente";"Céu Claro";"Múltipla";"Reta;Em Obras;Desvio Temporário";"Sim";3;0;1;0;2;0;1;2;-28,450973;-48,973202;"SPRF-SC";"DEL02-SC";"UOP01-DEL02-SC"
668229;2025-03-19;"quarta-feira";"10:30:00";"RJ";116;311;"RESENDE";"Avarias e/ou desgaste excessivo no pneu";"Tombamento";"Com Vítimas Feridas";"Pleno dia";"Crescente";"Nublado";"Dupla";"Reta";"Sim";1;0;1;0;0;0;1;1;-22,46117647;-44,44761146;"SPRF-RJ";"DEL07-RJ";"UOP02-DEL07-RJ"
668232;2025-03-19;"quarta-feira";"10:26:00";"MT";364;435;"VARZEA GRANDE";"Ausência de reação do condutor";"Colisão traseira";"Com Vítimas Feridas";"Pleno dia";"Crescente";"Sol";"Simples";"Reta";"Sim";3;0;2;0;1;0;2;2;-15,63949;-56,202536;"SPRF-MT";"DEL01-MT";"UOP02-DEL01-MT"
668233;2025-03-19;"quarta-feira";"12:00:00";"PR";277;724,9;"FOZ DO IGUACU";"Entrada inopinada do pedestre";"Atropelamento de Pedestre";"Com Vítimas Feridas";"Pleno dia";"Crescente";"Sol";"Dupla";"Reta";"Sim";2;0;0;1;1;0;1;2;-25,51070536;-54,55138922;"SPRF-PR";"DEL05-PR";"UOP03-DEL05-PR"
668234;2025-03-19;"quarta-feira";"12:20:00";"ES";101;352,7;"ANCHIETA";"Chuva";"Tombamento";"Com Vítimas Feridas";"Pleno dia";"Decrescente";"Chuva";"Dupla";"Curva";"Não";1;0;0;1;0;0;1;1;-20,65980756;-40,6487985;"SPRF-ES";"DEL03-ES";"UOP01-DEL03-ES"
668238;2025-03-19;"quarta-feira";"12:50:00";"SC";101;211;"PALHOCA";"Reação tardia ou ineficiente do condutor";"Colisão traseira";"Com Vítimas Feridas";"Pleno dia";"Decrescente";"Céu Claro";"Múltipla";"Reta";"Sim";2;0;1;0;0;1;1;2;-27,62858;-48,65723;"SPRF-SC";"DEL01-SC";"UOP02-DEL01-SC"
668239;2025-03-19;"quarta-feira";"13:05:00";"SP";116;223;"GUARULHOS";"Condutor deixou de manter distância do veículo da frente";"Colisão lateral mesmo sentido";"Com Vítimas Feridas";"Pleno dia";"Decrescente";"Céu Claro";"Múltipla";"Reta";"Sim";2;0;1;0;1;0;1;2;-23,48340065;-46,53636932;"SPRF-SP";"DEL01-SP";"UOP01-DEL01-SP"
668240;2025-03-19;"quarta-feira";"12:31:00";"RJ";101;558,7;"PARATY";"Animais na Pista";"Colisão transversal";"Com Vítimas Fatais";"Pleno dia";"Crescente";"Nublado";"Simples";"Curva";"Não";3;1;0;0;2;0;0;2;-23,10178766;-44,70740318;"SPRF-RJ";"DEL03-RJ";"UOP04-DEL03-RJ"
668241;2025-03-19;"quarta-feira";"13:14:00";"PR";277;10;"PARANAGUA";"Objeto estático sobre o leito carroçável";"Colisão com objeto";"Sem Vítimas";"Pleno dia";"Decrescente";"Céu Claro";"Simples";"Retorno Regulamentado;Interseção de Vias;Curva";"Não";1;0;0;0;1;0;0;1;-25,568266;-48,61639;"SPRF-PR";"DEL01-PR";"UOP05-DEL01-PR"
668242;2025-03-19;"quarta-feira";"12:30:00";"PI";343;332,4;"TERESINA";"Avarias e/ou desgaste excessivo no pneu";"Queda de ocupante de veículo";"Com Vítimas Feridas";"Pleno dia";"Decrescente";"Céu Claro";"Múltipla";"Reta";"Não";2;0;0;2;0;0;2;1;-5,05638774;-42,68135782;"SPRF-PI";"DEL01-PI";"UOP01-DEL01-PI"
668243;2025-03-07;"sexta-feira";"08:15:00";"PR";116;14,1;"COLOMBO";"Condutor deixou de manter distância do veículo da frente";"Colisão traseira";"Com Vítimas Feridas";"Pleno dia";"Crescente";"Nublado";"Dupla";"Reta";"Sim";3;0;1;0;2;0;1;3;-25,380723;-49,162053;"SPRF-PR";"DEL01-PR";"UOP02-DEL01-PR"
668244;2025-03-03;"segunda-feira";"18:10:00";"ES";262;34;"VIANA";"Pista Escorregadia";"Saída de leito carroçável";"Com Vítimas Feridas";"Plena Noite";"Crescente";"Chuva";"Simples";"Curva";"Não";3;0;1;0;2;0;1;3;-20,3827789;-40,4596498;"SPRF-ES";"DEL01-ES";"UOP01-DEL01-ES"
668245;2025-03-15;"sábado";"19:40:00";"RJ";116;82,9;"TERESOPOLIS";"Velocidade Incompatível";"Colisão lateral sentido oposto";"Com Vítimas Feridas";"Plena Noite";"Crescente";"Chuva";"Simples";"Declive;Reta";"Sim";3;0;1;0;2;0;1;3;-22,407113;-42,95136;"SPRF-RJ";"DEL04-RJ";"UOP01-DEL04-RJ"
668247;2025-03-19;"quarta-feira";"09:35:00";"RS";116;258;"ESTEIO";"Acumulo de areia ou detritos sobre o pavimento";"Tombamento";"Com Vítimas Feridas";"Pleno dia";"Decrescente";"Céu Claro";"Dupla";"Reta";"Sim";1;0;1;0;0;0;1;1;-29,834805;-51,174748;"SPRF-RS";"DEL01-RS";"UOP02-DEL01-RS"
668249;2025-03-19;"quarta-feira";"13:55:00";"SP";116;169,9;"JACAREI";"Ausência de reação do condutor";"Colisão com objeto";"Com Vítimas Feridas";"Pleno dia";"Decrescente";"Nublado";"Dupla";"Reta";"Não";1;0;0;1;0;0;1;1;-23,30788533;-46,05030745;"SPRF-SP";"DEL02-SP";"UOP01-DEL02-SP"
668250;2025-03-19;"quarta-feira";"13:15:00";"SC";101;330,4;"TUBARAO";"Condutor deixou de manter distância do veículo da frente";"Colisão traseira";"Com Vítimas Feridas";"Pleno dia";"Crescente";"Céu Claro";"Múltipla";"Reta";"Não";2;0;1;0;1;0;1;2;-28,457615;-48,98545;"SPRF-SC";"DEL02-SC";"UOP01-DEL02-SC"
668251;2025-02-24;"segunda-feira";"08:30:00";"BA";324;516;"FEIRA DE SANTANA";"Acessar a via sem observar a presença dos outros veículos";"Colisão frontal";"Com Vítimas Feridas";"Pleno dia";"Decrescente";"Céu Claro";"Simples";"Reta";"Sim";3;0;0;2;1;0;2;2;-12,25402814;-38,93125534;"SPRF-BA";"DEL02-BA";"UOP01-DEL02-BA"
668253;2025-03-19;"quarta-feira";"13:15:00";"SP";116;60;"GUARATINGUETA";"Avarias e/ou desgaste excessivo no pneu";"Queda de ocupante de veículo";"Com Vítimas Feridas";"Pleno dia";"Decrescente";"Nublado";"Dupla";"Reta";"Sim";1;0;1;0;0;0;1;1;-22,79492712;-45,16580391;"SPRF-SP";"DEL08-SP";"UOP01-DEL08-SP"
668257;2025-03-19;"quarta-feira";"15:52:00";"GO";153;508,4;"APARECIDA DE GOIANIA";"Demais falhas mecânicas ou elétricas";"Tombamento";"Com Vítimas Feridas";"Pleno dia";"Decrescente";"Céu Claro";"Dupla";"Reta";"Sim";3;0;2;0;0;1;2;2;-16,77344822;-49,23770785;"SPRF-GO";"DEL01-GO";"UOP03-DEL01-GO"
668258;2025-03-19;"quarta-feira";"15:25:00";"PB";104;89;"REMIGIO";"Conversão proibida";"Colisão transversal";"Com Vítimas Feridas";"Pleno dia";"Crescente";"Céu Claro";"Simples";"Reta";"Sim";2;0;0;1;1;0;1;2;-6,97211653;-35,8042812;"SPRF-PB";"DEL02-PB";"UOP04-DEL02-PB"
668259;2025-02-23;"domingo";"10:00:00";"MG";381;520,6;"IGARAPE";"Velocidade Incompatível";"Tombamento";"Com Vítimas Feridas";"Pleno dia";"Crescente";"Céu Claro";"Dupla";"Aclive;Curva";"Não";1;0;1;0;0;0;1;1;-20,114539;-44,305585;"SPRF-MG";"DEL01-MG";"UOP03-DEL01-MG"
668260;2025-03-19;"quarta-feira";"13:30:00";"PR";476;118;"COLOMBO";"Acessar a via sem observar a presença dos outros veículos";"Atropelamento de Pedestre";"Com Vítimas Feridas";"Pleno dia";"Crescente";"Céu Claro";"Dupla";"Reta";"Sim";3;0;1;0;2;0;1;2;-25,35658631;-49,18085936;"SPRF-PR";"DEL01-PR";"UOP01-DEL01-PR"
668262;2025-03-19;"quarta-feira";"13:30:00";"CE";222;211;"SOBRAL";"Manobra de mudança de faixa";"Saída de leito carroçável";"Com Vítimas Feridas";"Pleno dia";"Decrescente";"Céu Claro";"Simples";"Reta";"Não";1;0;1;0;0;0;1;1;-3,7257216;-40,337408;"SPRF-CE";"DEL04-CE";"UOP01-DEL04-CE"
668264;2025-03-19;"quarta-feira";"14:50:00";"PI";343;334;"TERESINA";"Avarias e/ou desgaste excessivo no pneu";"Saída de leito carroçável";"Com Vítimas Feridas";"Pleno dia";"Decrescente";"Nublado";"Dupla";"Reta";"Sim";2;0;1;0;1;0;1;1;-5,06085025;-42,69472718;"SPRF-PI";"DEL01-PI";"UOP01-DEL01-PI"
668265;2025-03-19;"quarta-feira";"15:45:00";"MG";381;812,2;"CAREACU";"Velocidade Incompatível";"Saída de leito carroçável";"Com Vítimas Feridas";"Pleno dia";"Crescente";"Nublado";"Dupla";"Curva;Declive";"Não";2;0;2;0;0;0;2;1;-22,00782062;-45,67788005;"SPRF-MG";"DEL16-MG";"UOP02-DEL16-MG"
668267;2025-03-19;"quarta-feira";"15:48:00";"RN";101;131;"NISIA FLORESTA";"Demais falhas mecânicas ou elétricas";"Queda de ocupante de veículo";"Com Vítimas Feridas";"Pleno dia";"Crescente";"Céu Claro";"Dupla";"Reta";"Não";2;0;2;0;0;0;2;1;-6,132231;-35,228559;"SPRF-RN";"DEL01-RN";"UOP01-DEL01-RN"
668268;2025-03-19;"quarta-feira";"15:50:00";"GO";153;580;"PROFESSOR JAMIL";"Velocidade Incompatível";"Saída de leito carroçável";"Com Vítimas Feridas";"Pleno dia";"Crescente";"Chuva";"Dupla";"Curva";"Não";3;0;2;0;1;0;2;1;-17,37427;-49,2398805;"SPRF-GO";"DEL03-GO";"UOP01-DEL03-GO"
668269;2025-01-14;"terça-feira";"15:00:00";"MA";226;53;"LAJEADO NOVO";"Pista esburacada";"Queda de ocupante de veículo";"Com Vítimas Feridas";"Pleno dia";"Crescente";"Chuva";"Simples";"Reta";"Não";1;0;1;0;0;0;1;1;-6,19177232;-47,03544474;"SPRF-MA";"DEL03-MA";"UOP02-DEL03-MA"
668271;2025-03-19;"quarta-feira";"16:15:00";"RJ";101;169;"MACAE";"Pista Escorregadia";"Colisão transversal";"Com Vítimas Feridas";"Pleno dia";"Crescente";"Chuva";"Simples";"Curva";"Não";2;0;1;0;1;0;1;2;-22,35468887;-41,9279767;"SPRF-RJ";"DEL08-RJ";"UOP04-DEL08-RJ"
668272;2025-03-19;"quarta-feira";"15:47:00";"MT";163;833;"SINOP";"Ausência de reação do condutor";"Colisão traseira";"Sem Vítimas";"Pleno dia";"Crescente";"Céu Claro";"Simples";"Reta";"Sim";2;0;0;0;2;0;0;2;-11,87217624;-55,49759381;"SPRF-MT";"DEL06-MT";"UOP02-DEL06-MT"
668273;2025-03-19;"quarta-feira";"14:45:00";"ES";101;393,2;"RIO NOVO DO SUL";"Acumulo de água sobre o pavimento";"Saída de leito carroçável";"Sem Vítimas";"Pleno dia";"Crescente";"Chuva";"Simples";"Reta;Aclive";"Não";1;0;0;0;1;0;0;1;-20,8656931;-40,9136218;"SPRF-ES";"DEL03-ES";"UOP02-DEL03-ES"
668275;2025-03-19;"quarta-feira";"14:00:00";"SC";116;84;"MONTE CASTELO";"Ausência de reação do condutor";"Colisão frontal";"Com Vítimas Feridas";"Pleno dia";"Decrescente";"Sol";"Simples";"Reta";"Não";2;0;1;0;1;0;1;2;-26,79298974;-50,32246541;"SPRF-SC";"DEL06-SC";"UOP02-DEL06-SC"
668277;2025-03-19;"quarta-feira";"15:15:00";"RJ";40;106;"DUQUE DE CAXIAS";"Condutor deixou de manter distância do veículo da frente";"Colisão lateral mesmo sentido";"Com Vítimas Feridas";"Pleno dia";"Decrescente";"Chuva";"Dupla";"Reta";"Sim";2;0;1;0;1;0;1;2;-22,6488684;-43,28407288;"SPRF-RJ";"DEL01-RJ";"UOP02-DEL01-RJ"
668278;2025-03-19;"quarta-feira";"16:52:00";"MG";381;454,2;"SABARA";"Ausência de reação do condutor";"Colisão traseira";"Com Vítimas Feridas";"Pleno dia";"Decrescente";"Nublado";"Simples";"Reta";"Não";2;0;0;1;1;0;1;2;-19,8276191;-43,8380177;"SPRF-MG";"DEL01-MG";"UOP01-DEL01-MG"
668279;2025-03-19;"quarta-feira";"16:45:00";"RN";405;3,1;"MOSSORO";"Acesso irregular";"Colisão transversal";"Com Vítimas Feridas";"Pleno dia";"Crescente";"Céu Claro";"Simples";"Reta";"Sim";2;0;1;0;1;0;1;2;-5,19385879;-37,3803556;"SPRF-RN";"DEL04-RN";"UOP02-DEL04-RN"
668281;2025-03-19;"quarta-feira";"17:00:00";"RJ";116;183;"NOVA IGUACU";"Trafegar com motocicleta (ou similar) entre as faixas";"Colisão traseira";"Sem Vítimas";"Pleno dia";"Crescente";"Nublado";"Dupla";"Reta";"Sim";2;0;0;0;2;0;0;2;-22,7379471;-43,49292928;"SPRF-RJ";"DEL06-RJ";"UOP01-DEL06-RJ"
668285;2025-03-19;"quarta-feira";"15:24:00";"MS";163;126,9;"NAVIRAI";"Ausência de reação do condutor";"Colisão com objeto";"Sem Vítimas";"Pleno dia";"Crescente";"Céu Claro";"Dupla";"Interseção de Vias";"Não";3;0;0;0;3;0;0;1;-23,055905;-54,235039;"SPRF-MS";"DEL09-MS";"UOP01-DEL09-MS"
668288;2025-03-19;"quarta-feira";"15:10:00";"SC";280;10;"SAO FRANCISCO DO SUL";"Acessar a via sem observar a presença dos outros veículos";"Colisão transversal";"Com Vítimas Feridas";"Pleno dia";"Crescente";"Sol";"Simples";"Reta";"Não";2;0;1;0;1;0;1;2;-26,294568;-48,643188;"SPRF-SC";"DEL03-SC";"UOP03-DEL03-SC"
668291;2025-03-19;"quarta-feira";"15:15:00";"GO";60;87,5;"ANAPOLIS";"Reação tardia ou ineficiente do condutor";"Saída de leito carroçável";"Com Vítimas Fatais";"Pleno dia";"Decrescente";"Céu Claro";"Dupla";"Reta;Declive";"Não";4;1;0;3;0;0;3;1;-16,32635074;-48,87917429;"SPRF-GO";"DEL02-GO";"UOP01-DEL02-GO"
668297;2025-03-19;"quarta-feira";"17:07:00";"RS";392;57;"RIO GRANDE";"Manobra de mudança de faixa";"Colisão com objeto";"Sem Vítimas";"Pleno dia";"Crescente";"Céu Claro";"Dupla";"Reta";"Não";1;0;0;0;1;0;0;1;-31,8009333;-52,3326617;"SPRF-RS";"DEL07-RS";"UOP02-DEL07-RS"
668299;2025-03-19;"quarta-feira";"17:20:00";"PR";376;435;"TIBAGI";"Retorno proibido";"Colisão frontal";"Com Vítimas Feridas";"Pleno dia";"Decrescente";"Céu Claro";"Simples";"Reta";"Não";3;0;3;0;0;0;3;2;-24,7741334;-50,5192856;"SPRF-PR";"DEL03-PR";"UOP02-DEL03-PR"
668300;2025-03-19;"quarta-feira";"18:00:00";"PR";376;601;"CURITIBA";"Manobra de mudança de faixa";"Colisão lateral mesmo sentido";"Com Vítimas Feridas";"Anoitecer";"Crescente";"Nublado";"Dupla";"Reta";"Sim";3;0;1;1;1;0;2;2;-25,5165482;-49,3364282;"SPRF-PR";"DEL01-PR";"UOP06-DEL01-PR"
668301;2025-03-19;"quarta-feira";"18:40:00";"PR";116;119;"CURITIBA";"Reação tardia ou ineficiente do condutor";"Colisão traseira";"Sem Vítimas";"Plena Noite";"Crescente";"Céu Claro";"Dupla";"Curva";"Sim";3;0;0;0;3;0;0;2;-25,574402;-49,311662;"SPRF-PR";"DEL01-PR";"UOP03-DEL01-PR"
668302;2025-03-19;"quarta-feira";"19:00:00";"MA";316;546,8;"CAXIAS";"Acessar a via sem observar a presença dos outros veículos";"Colisão traseira";"Com Vítimas Feridas";"Plena Noite";"Crescente";"Céu Claro";"Simples";"Reta";"Não";3;0;2;0;1;0;2;2;-4,878168;-43,390043;"SPRF-MA";"DEL03-MA";"UOP02-DEL03-MA"
668304;2025-03-19;"quarta-feira";"19:00:00";"MG";40;798,6;"JUIZ DE FORA";"Ausência de reação do condutor";"Colisão com objeto";"Com Vítimas Feridas";"Plena Noite";"Decrescente";"Chuva";"Dupla";"Reta";"Não";2;0;1;0;1;0;1;1;-21,81791354;-43,38049829;"SPRF-MG";"DEL05-MG";"UOP01-DEL05-MG"
668307;2025-03-19;"quarta-feira";"19:20:00";"RN";304;29,3;"MOSSORO";"Objeto estático sobre o leito carroçável";"Colisão traseira";"Com Vítimas Feridas";"Plena Noite";"Crescente";"Céu Claro";"Simples";"Reta";"Não";2;0;0;1;0;1;1;2;-5,08190087;-37,33356949;"SPRF-RN";"DEL04-RN";"UOP02-DEL04-RN"
668308;2025-03-19;"quarta-feira";"19:45:00";"RS";158;326;"SANTA MARIA";"Iluminação deficiente";"Colisão transversal";"Com Vítimas Feridas";"Plena Noite";"Crescente";"Céu Claro";"Múltipla";"Em Obras;Interseção de Vias;Rotatória";"Sim";2;0;1;0;1;0;1;2;-29,714738;-53,810628;"SPRF-RS";"DEL09-RS";"UOP01-DEL09-RS"
668312;2025-03-19;"quarta-feira";"20:00:00";"RJ";101;274;"TANGUA";"Reação tardia ou ineficiente do condutor";"Colisão frontal";"Sem Vítimas";"Plena Noite";"Decrescente";"Chuva";"Simples";"Reta";"Não";2;0;0;0;1;1;0;2;-22,736137;-42,725242;"SPRF-RJ";"DEL02-RJ";"UOP03-DEL02-RJ"