"id";"data_inversa";"dia_semana";"horario";"uf";"br";"km";"municipio";"causa_acidente";"tipo_acidente";"classificacao_acidente";"fase_dia";"sentido_via";"condicao_metereologica";"tipo_pista";"tracado_via";"uso_solo";"pessoas";"mortos";"feridos_leves";"feridos_graves";"ilesos";"ignorados";"feridos";"veiculos";"latitude";"longitude";"regional";"delegacia";"uop"
668542;2025-03-20;"quinta-feira";"22:30:00";"MT";174;4;"PONTES E LACERDA";"Ingestão de álcool pelo condutor";"Colisão lateral mesmo sentido";"Sem Vítimas";"Plena Noite";"Decrescente";"Céu Claro";"Simples";"Reta";"Sim";2;0;0;0;2;0;0;2;-15,23682541;-59,34062004;"SPRF-MT";"DEL04-MT";"UOP01-DEL04-MT"
668544;2025-03-21;"sexta-feira";"00:50:00";"RN";304;238,8;"RIACHUELO";"Ausência de reação do condutor";"Colisão traseira";"Com Vítimas Fatais";"Plena Noite";"Decrescente";"Céu Claro";"Simples";"Reta";"Não";3;1;0;0;2;0;0;2;-5,792193;-35,843442;"SPRF-RN";"DEL01-RN";"UOP02-DEL01-RN"
668545;2025-03-21;"sexta-feira";"01:15:00";"BA";324;620,2;"SALVADOR";"Suicídio (presumido)";"Eventos atípicos";"Com Vítimas Fatais";"Plena Noite";"Decrescente";"Céu Claro";"Múltipla";"Reta";"Sim";2;1;0;0;1;0;0;2;-12,916;-38,461;"SPRF-BA";"DEL01-BA";"UOP01-DEL01-BA"
668550;2025-03-21;"sexta-feira";"03:35:00";"BA";101;812;"ITAMARAJU";"Ausência de reação do condutor";"Colisão com objeto";"Com Vítimas Fatais";"Plena Noite";"Decrescente";"Céu Claro";"Simples";"Ponte";"Sim";2;1;0;1;0;0;1;1;-17,0459765;-39,5469532;"SPRF-BA";"DEL09-BA";"UOP01-DEL09-BA"
668553;2025-03-21;"sexta-feira";"02:42:00";"MG";50;178,6;"UBERABA";"Ausência de reação do condutor";"Colisão com objeto";"Com Vítimas Feridas";"Plena Noite";"Decrescente";"Céu Claro";"Dupla";"Reta";"Sim";1;0;1;0;0;0;1;1;-19,77884843;-47,93770183;"SPRF-MG";"DEL13-MG";"UOP01-DEL13-MG"
668555;2025-03-21;"sexta-feira";"04:10:00";"RS";386;347;"LAJEADO";"Ausência de reação do condutor";"Colisão com objeto";"Com Vítimas Feridas";"Plena Noite";"Decrescente";"Céu Claro";"Dupla";"Desvio Temporário;Reta;Em Obras";"Sim";3;0;2;0;1;0;2;1;-29,45213062;-51,96509415;"SPRF-RS";"DEL04-RS";"UOP01-DEL04-RS"
668557;2025-03-21;"sexta-feira";"05:30:00";"SP";116;153,4;"SAO JOSE DOS CAMPOS";"Ausência de reação do condutor";"Colisão com objeto";"Com Vítimas Feridas";"Amanhecer";"Decrescente";"Céu Claro";"Múltipla";"Reta";"Sim";1;0;0;1;0;0;1;1;-23,2333787;-45,9145488;"SPRF-SP";"DEL02-SP";"UOP01-DEL02-SP"
668558;2025-03-21;"sexta-feira";"06:15:00";"GO";60;179;"ABADIA DE GOIAS";"Avarias e/ou desgaste excessivo no pneu";"Tombamento";"Com Vítimas Feridas";"Pleno dia";"Decrescente";"Céu Claro";"Dupla";"Curva";"Não";2;0;2;0;0;0;2;1;-16,769946;-49,483129;"SPRF-GO";"DEL01-GO";"UOP02-DEL01-GO"
668559;2025-03-21;"sexta-feira";"05:15:00";"SC";101;34,6;"JOINVILLE";"Acessar a via sem observar a presença dos outros veículos";"Colisão transversal";"Com Vítimas Fatais";"Amanhecer";"Crescente";"Céu Claro";"Dupla";"Curva;Aclive";"Não";2;1;0;0;1;0;0;2;-26,26611363;-48,89815092;"SPRF-SC";"DEL03-SC";"UOP01-DEL03-SC"
668560;2025-03-21;"sexta-feira";"06:00:00";"DF";70;18;"BRASILIA";"Pedestre cruzava a pista fora da faixa";"Atropelamento de Pedestre";"Com Vítimas Feridas";"Pleno dia";"Decrescente";"Céu Claro";"Dupla";"Reta";"Sim";3;0;0;1;2;0;1;3;-15,7895487;-48,21722388;"SPRF-DF";"DEL03-DF";"UOP02-DEL03-DF"
668562;2025-03-21;"sexta-feira";"07:00:00";"BA";324;513;"FEIRA DE SANTANA";"Pista Escorregadia";"Tombamento";"Com Vítimas Feridas";"Pleno dia";"Crescente";"Céu Claro";"Simples";"Reta";"Sim";1;0;1;0;0;0;1;1;-12,23281272;-38,94919395;"SPRF-BA";"DEL02-BA";"UOP01-DEL02-BA"
668564;2025-03-21;"sexta-feira";"04:10:00";"RS";470;162,3;"NOVA PRATA";"Velocidade Incompatível";"Saída de leito carroçável";"Com Vítimas Fatais";"Plena Noite";"Decrescente";"Céu Claro";"Simples";"Reta";"Sim";1;1;0;0;0;0;0;1;-28,825308;-51,58345;"SPRF-RS";"DEL06-RS";"UOP02-DEL06-RS"
668568;2025-03-21;"sexta-feira";"06:20:00";"MG";40;524;"CONTAGEM";"Pedestre cruzava a pista fora da faixa";"Atropelamento de Pedestre";"Com Vítimas Feridas";"Pleno dia";"Crescente";"Sol";"Dupla";"Reta";"Sim";3;0;2;0;1;0;2;2;-19,87387387;-44,0467024;"SPRF-MG";"DEL01-MG";"UOP02-DEL01-MG"
668569;2025-03-21;"sexta-feira";"06:35:00";"BA";407;109,9;"SENHOR DO BONFIM";"Demais falhas mecânicas ou elétricas";"Incêndio";"Sem Vítimas";"Pleno dia";"Decrescente";"Céu Claro";"Simples";"Aclive;Reta";"Não";1;0;0;0;1;0;0;1;-10,3849224;-40,1746751;"SPRF-BA";"DEL04-BA";"UOP01-DEL04-BA"
668571;2025-03-21;"sexta-feira";"07:30:00";"RS";290;107;"ELDORADO DO SUL";"Transitar no Acostamento";"Saída de leito carroçável";"Com Vítimas Feridas";"Pleno dia";"Decrescente";"Sol";"Dupla";"Reta";"Não";1;0;1;0;0;0;1;1;-30,00193914;-51,3041427;"SPRF-RS";"DEL02-RS";"UOP01-DEL02-RS"
668572;2025-03-21;"sexta-feira";"07:00:00";"SC";280;127;"RIO NEGRINHO";"Desrespeitar a preferência no cruzamento";"Colisão transversal";"Com Vítimas Feridas";"Pleno dia";"Decrescente";"Céu Claro";"Simples";"Reta;Declive";"Sim";3;0;1;0;2;0;1;2;-26,239983;-49,506403;"SPRF-SC";"DEL06-SC";"UOP03-DEL06-SC"
668575;2025-03-21;"sexta-feira";"07:00:00";"RS";158;312;"ITAARA";"Reação tardia ou ineficiente do condutor";"Queda de ocupante de veículo";"Com Vítimas Feridas";"Pleno dia";"Crescente";"Céu Claro";"Simples";"Reta";"Sim";1;0;0;1;0;0;1;1;-29,633442;-53,767552;"SPRF-RS";"DEL09-RS";"UOP01-DEL09-RS"
668576;2025-03-21;"sexta-feira";"06:30:00";"ES";259;52;"COLATINA";"Ausência de reação do condutor";"Colisão lateral mesmo sentido";"Com Vítimas Feridas";"Pleno dia";"Crescente";"Céu Claro";"Simples";"Reta";"Não";2;0;1;0;1;0;1;2;-19,52315515;-40,70842624;"SPRF-ES";"DEL02-ES";"UOP01-DEL02-ES"
668577;2025-03-01;"sábado";"14:00:00";"MG";381;658,3;"SANTO ANTONIO DO AMPARO";"Reação tardia ou ineficiente do condutor";"Colisão traseira";"Com Vítimas Feridas";"Pleno dia";"Decrescente";"Nublado";"Múltipla";"Reta";"Não";6;0;2;0;4;0;2;2;-20,99157318;-44,95674133;"SPRF-MG";"DEL04-MG";"UOP02-DEL04-MG"
668578;2025-03-21;"sexta-feira";"07:30:00";"PR";369;148;"LONDRINA";"Reação tardia ou ineficiente do condutor";"Colisão traseira";"Com Vítimas Feridas";"Pleno dia";"Decrescente";"Céu Claro";"Dupla";"Reta";"Sim";2;0;1;0;1;0;1;2;-23,29307765;-51,14466582;"SPRF-PR";"DEL07-PR";"UOP01-DEL07-PR"
668580;2025-03-21;"sexta-feira";"07:15:00";"RJ";116;82;"TERESOPOLIS";"Acessar a via sem observar a presença dos outros veículos";"Colisão frontal";"Com Vítimas Feridas";"Pleno dia";"Crescente";"Céu Claro";"Simples";"Reta;Aclive";"Não";2;0;1;0;1;0;1;2;-22,40380022;-42,95290858;"SPRF-RJ";"DEL04-RJ";"UOP01-DEL04-RJ"
668582;2025-03-21;"sexta-feira";"06:40:00";"RO";364;695;"PORTO VELHO";"Condutor deixou de manter distância do veículo da frente";"Colisão traseira";"Com Vítimas Feridas";"Amanhecer";"Crescente";"Céu Claro";"Dupla";"Reta";"Sim";2;0;1;0;1;0;1;2;-8,80045001;-63,73339869;"SPRF-RO";"DEL01-RO";"UOP01-DEL01-RO"
668584;2025-03-20;"quinta-feira";"21:50:00";"MG";116;407;"GOVERNADOR VALADARES";"Pista Escorregadia";"Colisão traseira";"Com Vítimas Feridas";"Plena Noite";"Decrescente";"Garoa/Chuvisco";"Simples";"Reta";"Não";2;0;0;1;0;1;1;2;-18,81401778;-41,98390961;"SPRF-MG";"DEL06-MG";"UOP01-DEL06-MG"
668585;2025-03-21;"sexta-feira";"07:55:00";"SC";470;58,6;"BLUMENAU";"Transitar no Acostamento";"Colisão transversal";"Com Vítimas Feridas";"Pleno dia";"Decrescente";"Céu Claro";"Simples";"Curva;Declive;Em Obras";"Não";2;0;1;0;1;0;1;2;-26,88369819;-49,15201128;"SPRF-SC";"DEL04-SC";"UOP01-DEL04-SC"
668587;2025-03-21;"sexta-feira";"08:00:00";"PR";476;151;"ARAUCARIA";"Manobra de mudança de faixa";"Colisão lateral mesmo sentido";"Com Vítimas Feridas";"Pleno dia";"Decrescente";"Céu Claro";"Dupla";"Reta";"Sim";3;0;1;0;2;0;1;2;-25,56223507;-49,37532295;"SPRF-PR";"DEL01-PR";"UOP06-DEL01-PR"
668588;2025-03-21;"sexta-feira";"07:20:00";"BA";116;817,8;"VITORIA DA CONQUISTA";"Desrespeitar a preferência no cruzamento";"Colisão transversal";"Com Vítimas Feridas";"Amanhecer";"Crescente";"Céu Claro";"Simples";"Retorno Regulamentado;Interseção de Vias";"Sim";2;0;2;0;0;0;2;2;-14,82317082;-40,81787839;"SPRF-BA";"DEL08-BA";"UOP01-DEL08-BA"
668589;2025-03-21;"sexta-feira";"07:45:00";"PB";230;45,4;"SANTA RITA";"Demais falhas mecânicas ou elétricas";"Saída de leito carroçável";"Com Vítimas Feridas";"Amanhecer";"Decrescente";"Céu Claro";"Dupla";"Reta";"Não";2;0;2;0;0;0;2;1;-7,158855;-35,018078;"SPRF-PB";"DEL01-PB";"UOP02-DEL01-PB"
668590;2025-03-21;"sexta-feira";"07:40:00";"PR";116;111;"CURITIBA";"Trafegar com motocicleta (ou similar) entre as faixas";"Colisão lateral mesmo sentido";"Com Vítimas Feridas";"Pleno dia";"Decrescente";"Sol";"Dupla";"Reta";"Não";3;0;1;0;2;0;1;3;-25,556448;-49,271395;"SPRF-PR";"DEL01-PR";"UOP03-DEL01-PR"
668592;2025-03-21;"sexta-feira";"08:35:00";"SP";153;64;"SAO JOSE DO RIO PRETO";"Manobra de mudança de faixa";"Colisão lateral mesmo sentido";"Com Vítimas Feridas";"Pleno dia";"Crescente";"Céu Claro";"Dupla";"Reta;Viaduto";"Sim";2;0;1;0;1;0;1;2;-20,831198;-49,361953;"SPRF-SP";"DEL09-SP";"UOP01-DEL09-SP"
668593;2025-03-21;"sexta-feira";"07:40:00";"AL";316;263;"SATUBA";"Acessar a via sem observar a presença dos outros veículos";"Colisão transversal";"Com Vítimas Feridas";"Pleno dia";"Crescente";"Céu Claro";"Simples";"Reta";"Não";2;0;0;1;1;0;1;2;-9,587;-35,875;"SPRF-AL";"DEL02-AL";"UOP01-DEL02-AL"
668594;2025-03-21;"sexta-feira";"08:40:00";"SC";101;134;"BALNEARIO CAMBORIU";"Reação tardia ou ineficiente do condutor";"Tombamento";"Com Vítimas Feridas";"Pleno dia";"Crescente";"Céu Claro";"Simples";"Reta";"Sim";1;0;1;0;0;0;1;1;-27,00369378;-48,63214997;"SPRF-SC";"DEL04-SC";"UOP03-DEL04-SC"
668595;2025-01-24;"sexta-feira";"23:40:00";"PE";232;84,5;"GRAVATA";"Condutor deixou de manter distância do veículo da frente";"Colisão traseira";"Com Vítimas Feridas";"Plena Noite";"Crescente";"Chuva";"Dupla";"Reta;Declive";"Não";4;0;1;1;2;0;2;2;-8,2059894;-35,60359683;"SPRF-PE";"DEL02-PE";"UOP02-DEL02PE"
668598;2025-03-21;"sexta-feira";"08:15:00";"SE";101;151,1;"ESTANCIA";"Acessar a via sem observar a presença dos outros veículos";"Colisão transversal";"Com Vítimas Feridas";"Pleno dia";"Decrescente";"Céu Claro";"Simples";"Reta";"Sim";2;0;1;0;1;0;1;2;-11,268532;-37,442716;"SPRF-SE";"DEL02-SE";"UOP01-DEL02-SE"
668599;2025-03-21;"sexta-feira";"08:55:00";"GO";60;389;"RIO VERDE";"Acumulo de óleo sobre o pavimento";"Tombamento";"Com Vítimas Feridas";"Pleno dia";"Decrescente";"Céu Claro";"Dupla";"Reta";"Sim";2;0;1;0;1;0;1;1;-17,82515332;-50,96095204;"SPRF-GO";"DEL04-GO";"UOP02-DEL04-GO"
668601;2025-03-21;"sexta-feira";"08:00:00";"PR";376;221;"CAMBIRA";"Pedestre andava na pista";"Atropelamento de Pedestre";"Com Vítimas Fatais";"Pleno dia";"Crescente";"Céu Claro";"Dupla";"Reta;Aclive";"Não";2;1;0;0;0;1;0;2;-23,602354;-51,597236;"SPRF-PR";"DEL09-PR";"UOP01-DEL09-PR"
668602;2025-03-21;"sexta-feira";"08:30:00";"GO";40;20,7;"LUZIANIA";"Área urbana sem a presença de local apropriado para a travessia de pedestres";"Atropelamento de Pedestre";"Com Vítimas Feridas";"Pleno dia";"Crescente";"Céu Claro";"Dupla";"Reta";"Sim";2;0;2;0;0;0;2;2;-16,22254;-47,914997;"SPRF-DF";"DEL01-DF";"UOP01-DEL01-DF"
668603;2025-03-20;"quinta-feira";"02:30:00";"BA";324;420;"RIACHAO DO JACUIPE";"Falta de acostamento";"Colisão transversal";"Com Vítimas Feridas";"Plena Noite";"Crescente";"Céu Claro";"Simples";"Reta";"Não";3;0;1;0;2;0;1;2;-11,71006913;-39,52019656;"SPRF-BA";"DEL04-BA";"UOP02-DEL04-BA"
668604;2025-03-21;"sexta-feira";"09:00:00";"PR";476;126;"CURITIBA";"Condutor deixou de manter distância do veículo da frente";"Colisão traseira";"Com Vítimas Feridas";"Pleno dia";"Crescente";"Céu Claro";"Dupla";"Reta;Aclive";"Sim";4;0;1;0;1;2;1;4;-25,42842599;-49,22862941;"SPRF-PR";"DEL01-PR";"UOP01-DEL01-PR"
668606;2025-03-21;"sexta-feira";"09:20:00";"GO";60;112;"GOIANAPOLIS";"Reação tardia ou ineficiente do condutor";"Queda de ocupante de veículo";"Com Vítimas Feridas";"Pleno dia";"Crescente";"Céu Claro";"Dupla";"Declive;Reta";"Não";1;0;0;1;0;0;1;1;-16,45172597;-49,05017853;"SPRF-GO";"DEL01-GO";"UOP01-DEL01-GO"
668607;2025-03-21;"sexta-feira";"09:20:00";"PE";428;190,5;"PETROLINA";"Condutor deixou de manter distância do veículo da frente";"Colisão traseira";"Com Vítimas Feridas";"Pleno dia";"Crescente";"Céu Claro";"Dupla";"Reta";"Sim";2;0;0;1;1;0;1;2;-9,376833;-40,497927;"SPRF-PE";"DEL06-PE";"UOP01-DEL06-PE"
668609;2025-03-21;"sexta-feira";"09:35:00";"PR";369;178;"ARAPONGAS";"Condutor deixou de manter distância do veículo da frente";"Colisão traseira";"Com Vítimas Feridas";"Pleno dia";"Crescente";"Céu Claro";"Simples";"Reta";"Sim";2;0;1;0;1;0;1;2;-23,360948;-51,399555;"SPRF-PR";"DEL07-PR";"UOP01-DEL07-PR"
668612;2025-03-21;"sexta-feira";"09:15:00";"RO";364;426,9;"JARU";"Acessar a via sem observar a presença dos outros veículos";"Colisão transversal";"Com Vítimas Feridas";"Pleno dia";"Crescente";"Céu Claro";"Simples";"Reta;Rotatória";"Sim";2;0;1;0;1;0;1;2;-10,42660818;-62,4885851;"SPRF-RO";"DEL03-RO";"UOP02-DEL03-RO"
668617;2025-03-21;"sexta-feira";"11:35:00";"RJ";116;320;"ITATIAIA";"Demais falhas mecânicas ou elétricas";"Colisão traseira";"Com Vítimas Feridas";"Pleno dia";"Crescente";"Céu Claro";"Dupla";"Reta";"Sim";2;0;2;0;0;0;2;2;-22,48849034;-44,55183506;"SPRF-RJ";"DEL07-RJ";"UOP02-DEL07-RJ"
668618;2025-03-21;"sexta-feira";"11:20:00";"SC";101;116,9;"ITAJAI";"Área urbana sem a presença de local apropriado para a travessia de pedestres";"Colisão lateral mesmo sentido";"Com Vítimas Feridas";"Pleno dia";"Crescente";"Sol";"Dupla";"Reta";"Não";3;0;0;1;2;0;1;3;-26,88825654;-48,72241259;"SPRF-SC";"DEL04-SC";"UOP04-DEL04-SC"
668619;2025-02-17;"segunda-feira";"07:05:00";"RN";406;147;"CEARA-MIRIM";"Afundamento ou ondulação no pavimento";"Colisão lateral mesmo sentido";"Com Vítimas Feridas";"Pleno dia";"Crescente";"Céu Claro";"Simples";"Reta";"Não";2;0;1;1;0;0;2;2;-5,64619702;-35,459121;"SPRF-RN";"DEL02-RN";"UOP01-DEL02-RN"
668620;2025-03-21;"sexta-feira";"10:36:00";"PE";104;20;"TAQUARITINGA DO NORTE";"Acesso irregular";"Colisão frontal";"Com Vítimas Feridas";"Pleno dia";"Crescente";"Céu Claro";"Dupla";"Curva";"Não";3;0;1;2;0;0;3;2;-7,97389773;-36,108284;"SPRF-PE";"DEL02-PE";"UOP01-DEL02-PE"
668621;2025-03-21;"sexta-feira";"11:36:00";"SC";470;50,1;"BLUMENAU";"Ausência de reação do condutor";"Tombamento";"Com Vítimas Feridas";"Pleno dia";"Decrescente";"Sol";"Dupla";"Reta";"Não";2;0;1;0;0;1;1;2;-26,85982542;-49,07626033;"SPRF-SC";"DEL04-SC";"UOP01-DEL04-SC"
668622;2025-03-21;"sexta-feira";"10:30:00";"ES";101;347,6;"GUARAPARI";"Pedestre andava na pista";"Atropelamento de Pedestre";"Com Vítimas Feridas";"Pleno dia";"Crescente";"Nublado";"Dupla";"Reta";"Não";4;0;1;0;0;3;1;2;-20,65219;-40,62928;"SPRF-ES";"DEL03-ES";"UOP01-DEL03-ES"
668624;2025-03-21;"sexta-feira";"09:30:00";"MG";262;449,8;"NOVA SERRANA";"Transitar no Acostamento";"Colisão transversal";"Com Vítimas Feridas";"Pleno dia";"Crescente";"Nublado";"Simples";"Reta;Interseção de Vias";"Não";2;0;1;1;0;0;2;2;-19,85130123;-45,02705812;"SPRF-MG";"DEL08-MG";"UOP03-DEL08-MG"
668627;2025-03-21;"sexta-feira";"09:30:00";"BA";101;649;"ITAPEBI";"Velocidade Incompatível";"Colisão lateral sentido oposto";"Com Vítimas Feridas";"Pleno dia";"Crescente";"Sol";"Simples";"Curva";"Não";2;0;1;0;1;0;1;2;-15,93134869;-39,56274033;"SPRF-BA";"DEL05-BA";"UOP02-DEL05-BA"
668629;2025-03-21;"sexta-feira";"13:40:00";"MG";40;606,8;"CONGONHAS";"Entrada inopinada do pedestre";"Atropelamento de Pedestre";"Com Vítimas Feridas";"Pleno dia";"Crescente";"Nublado";"Simples";"Retorno Regulamentado;Reta";"Sim";2;0;1;0;1;0;1;2;-20,4762212;-43,84263631;"SPRF-MG";"DEL05-MG";"UOP02-DEL05-MG"
668630;2025-03-21;"sexta-feira";"13:10:00";"PE";101;71;"RECIFE";"Transitar no Acostamento";"Colisão traseira";"Com Vítimas Feridas";"Pleno dia";"Crescente";"Céu Claro";"Dupla";"Curva";"Não";3;0;1;0;1;1;1;3;-8,08432;-34,94448;"SPRF-PE";"DEL01-PE";"UOP01-DEL01-PE"
668633;2025-03-21;"sexta-feira";"13:10:00";"MG";381;557;"ITAGUARA";"Acessar a via sem observar a presença dos outros veículos";"Atropelamento de Pedestre";"Com Vítimas Feridas";"Pleno dia";"Decrescente";"Garoa/Chuvisco";"Dupla";"Aclive;Reta";"Não";4;0;1;1;1;1;2;2;-20,35666147;-44,45847066;"SPRF-MG";"DEL04-MG";"UOP03-DEL04-MG"
668634;2025-02-25;"terça-feira";"21:50:00";"SC";280;125;"RIO NEGRINHO";"Acesso irregular";"Colisão transversal";"Com Vítimas Feridas";"Plena Noite";"Decrescente";"Céu Claro";"Simples";"Reta";"Sim";2;0;1;0;0;1;1;2;-26,23912555;-49,5026328;"SPRF-SC";"DEL06-SC";"UOP03-DEL06-SC"
668636;2025-03-21;"sexta-feira";"11:30:00";"SC";282;26,7;"SANTO AMARO DA IMPERATRIZ";"Acessar a via sem observar a presença dos outros veículos";"Colisão transversal";"Sem Vítimas";"Pleno dia";"Crescente";"Céu Claro";"Simples";"Reta";"Não";2;0;0;0;2;0;0;2;-27,70144162;-48,80066687;"SPRF-SC";"DEL01-SC";"UOP03-DEL01-SC"
668637;2025-03-21;"sexta-feira";"09:50:00";"MT";364;269;"JACIARA";"Desrespeitar a preferência no cruzamento";"Colisão transversal";"Com Vítimas Feridas";"Pleno dia";"Crescente";"Céu Claro";"Dupla";"Reta";"Não";2;0;1;0;1;0;1;2;-15,97645061;-54,94194031;"SPRF-MT";"DEL02-MT";"UOP01-DEL02-MT"
668638;2025-03-21;"sexta-feira";"11:30:00";"BA";101;906;"IBIRAPUA";"Reação tardia ou ineficiente do condutor";"Saída de leito carroçável";"Com Vítimas Feridas";"Pleno dia";"Decrescente";"Chuva";"Simples";"Curva";"Não";1;0;1;0;0;0;1;1;-17,75072261;-39,76275355;"SPRF-BA";"DEL09-BA";"UOP02-DEL09-BA"
668639;2025-03-21;"sexta-feira";"14:45:00";"PE";101;50,3;"ABREU E LIMA";"Ausência de sinalização";"Colisão traseira";"Com Vítimas Feridas";"Pleno dia";"Decrescente";"Céu Claro";"Múltipla";"Reta";"Sim";2;0;1;0;1;0;1;2;-7,91241959;-34,90018845;"SPRF-PE";"DEL01-PE";"UOP02-DEL01-PE"
668641;2025-03-21;"sexta-feira";"14:20:00";"PE";232;65,6;"GRAVATA";"Demais falhas mecânicas ou elétricas";"Tombamento";"Com Vítimas Feridas";"Pleno dia";"Crescente";"Céu Claro";"Dupla";"Curva;Aclive";"Não";2;0;2;0;0;0;2;1;-8,167443;-35,453125;"SPRF-PE";"DEL02-PE";"UOP02-DEL02PE"
668642;2025-03-21;"sexta-feira";"12:25:00";"MG";381;851;"POUSO ALEGRE";"Manobra de mudança de faixa";"Colisão lateral mesmo sentido";"Sem Vítimas";"Pleno dia";"Crescente";"Sol";"Dupla";"Reta";"Não";2;0;0;0;2;0;0;2;-22,3973956;-45,9599581;"SPRF-MG";"DEL16-MG";"UOP01-DEL16-MG"
668643;2025-03-21;"sexta-feira";"14:45:00";"RS";116;376;"CAMAQUA";"Ausência de reação do condutor";"Saída de leito carroçável";"Com Vítimas Feridas";"Pleno dia";"Decrescente";"Céu Claro";"Dupla";"Reta";"Não";1;0;1;0;0;0;1;1;-30,7605773;-51,6437512;"SPRF-RS";"DEL02-RS";"UOP02-DEL02-RS"
668645;2025-03-21;"sexta-feira";"13:30:00";"PB";101;83;"BAYEUX";"Reação tardia ou ineficiente do condutor";"Colisão traseira";"Sem Vítimas";"Pleno dia";"Crescente";"Céu Claro";"Dupla";"Reta";"Sim";3;0;0;0;3;0;0;2;-7,13479;-34,928513;"SPRF-PB";"DEL01-PB";"UOP01-DEL01-PB"
668646;2025-03-21;"sexta-feira";"15:20:00";"SC";101;210;"SAO JOSE";"Objeto estático sobre o leito carroçável";"Colisão traseira";"Com Vítimas Feridas";"Pleno dia";"Crescente";"Céu Claro";"Múltipla";"Reta";"Sim";2;0;1;0;0;1;1;2;-27,617583;-48,647212;"SPRF-SC";"DEL01-SC";"UOP01-DEL01-SC"
668648;2025-03-21;"sexta-feira";"14:10:00";"SP";381;84;"SAO PAULO";"Ausência de reação do condutor";"Queda de ocupante de veículo";"Com Vítimas Feridas";"Pleno dia";"Crescente";"Céu Claro";"Dupla";"Reta";"Sim";1;0;0;1;0;0;1;1;-23,44943674;-46,56989694;"SPRF-SP";"DEL03-SP";"UOP01-DEL03-SP"
668649;2025-03-21;"sexta-feira";"15:35:00";"RS";392;150;"CANGUCU";"Velocidade Incompatível";"Capotamento";"Sem Vítimas";"Pleno dia";"Crescente";"Céu Claro";"Simples";"Curva";"Não";1;0;0;0;1;0;0;1;-31,17609105;-52,84337997;"SPRF-RS";"DEL07-RS";"UOP01-DEL07-RS"
668650;2025-03-21;"sexta-feira";"15:30:00";"CE";116;42;"HORIZONTE";"Conversão proibida";"Colisão transversal";"Com Vítimas Feridas";"Pleno dia";"Decrescente";"Céu Claro";"Dupla";"Reta";"Sim";3;0;1;1;1;0;2;2;-4,1107073;-38,4919471;"SPRF-CE";"DEL01-CE";"UOP02-DEL01-CE"
668653;2025-03-21;"sexta-feira";"16:00:00";"RJ";101;472;"ANGRA DOS REIS";"Ausência de reação do condutor";"Colisão traseira";"Com Vítimas Feridas";"Pleno dia";"Crescente";"Céu Claro";"Simples";"Reta";"Não";2;0;1;0;1;0;1;2;-22,98794;-44,23648;"SPRF-RJ";"DEL03-RJ";"UOP03-DEL03-RJ"
668655;2025-03-21;"sexta-feira";"13:50:00";"SC";101;142,9;"ITAPEMA";"Manobra de mudança de faixa";"Colisão lateral mesmo sentido";"Com Vítimas Feridas";"Pleno dia";"Crescente";"Sol";"Múltipla";"Reta";"Sim";1;0;1;0;0;0;1;1;-27,06184924;-48,59630799;"SPRF-SC";"DEL04-SC";"UOP03-DEL04-SC"
668656;2025-03-21;"sexta-feira";"16:40:00";"CE";116;476;"MILAGRES";"Acessar a via sem observar a presença dos outros veículos";"Colisão transversal";"Com Vítimas Feridas";"Pleno dia";"Crescente";"Céu Claro";"Simples";"Reta";"Sim";2;0;0;1;1;0;1;2;-7,302217;-38,893729;"SPRF-CE";"DEL05-CE";"UOP03-DEL05-CE"
668657;2025-03-21;"sexta-feira";"16:10:00";"RN";101;96;"NATAL";"Manobra de mudança de faixa";"Colisão lateral mesmo sentido";"Com Vítimas Feridas";"Pleno dia";"Crescente";"Céu Claro";"Múltipla";"Reta;Interseção de Vias";"Sim";2;0;1;0;1;0;1;2;-5,850057;-35,209527;"SPRF-RN";"DEL01-RN";"UOP01-DEL01-RN"
668659;2025-03-21;"sexta-feira";"16:40:00";"PB";230;18;"JOAO PESSOA";"Condutor deixou de manter distância do veículo da frente";"Colisão traseira";"Com Vítimas Feridas";"Pleno dia";"Crescente";"Céu Claro";"Dupla";"Reta";"Sim";3;0;2;0;0;1;2;2;-7,12203423;-34,84526396;"SPRF-PB";"DEL01-PB";"UOP01-DEL01-PB"
668661;2025-03-21;"sexta-feira";"17:05:00";"PE";101;50,7;"ABREU E LIMA";"Reação tardia ou ineficiente do condutor";"Colisão traseira";"Sem Vítimas";"Pleno dia";"Decrescente";"Céu Claro";"Múltipla";"Reta";"Sim";2;0;0;0;2;0;0;2;-7,91516859;-34,89831805;"SPRF-PE";"DEL01-PE";"UOP02-DEL01-PE"
668662;2025-01-20;"segunda-feira";"11:51:00";"SP";116;140,8;"SAO JOSE DOS CAMPOS";"Condutor deixou de manter distância do veículo da frente";"Engavetamento";"Com Vítimas Feridas";"Pleno dia";"Crescente";"Céu Claro";"Dupla";"Declive;Reta";"Sim";4;0;1;0;3;0;1;3;-23,16577714;-45,81246193;"SPRF-SP";"DEL02-SP";"UOP01-DEL02-SP"
668663;2025-03-21;"sexta-feira";"16:53:00";"PE";407;118,6;"PETROLINA";"Acessar a via sem observar a presença dos outros veículos";"Colisão lateral mesmo sentido";"Com Vítimas Feridas";"Pleno dia";"Crescente";"Sol";"Simples";"Interseção de Vias;Reta";"Não";2;0;1;0;1;0;1;2;-9,32848;-40,565332;"SPRF-PE";"DEL06-PE";"UOP01-DEL06-PE"