"id";"data_inversa";"dia_semana";"horario";"uf";"br";"km";"municipio";"causa_acidente";"tipo_acidente";"classificacao_acidente";"fase_dia";"sentido_via";"condicao_metereologica";"tipo_pista";"tracado_via";"uso_solo";"pessoas";"mortos";"feridos_leves";"feridos_graves";"ilesos";"ignorados";"feridos";"veiculos";"latitude";"longitude";"regional";"delegacia";"uop"
668882;2025-03-01;"sábado";"22:22:00";"GO";60;44,4;"ALEXANIA";"Entrada inopinada do pedestre";"Atropelamento de Pedestre";"Com Vítimas Feridas";"Plena Noite";"Crescente";"Céu Claro";"Dupla";"Reta";"Sim";2;0;0;1;1;0;1;2;-16,127886;-48,5957807;"SPRF-GO";"DEL02-GO";"UOP01-DEL02-GO"
668884;2025-03-22;"sábado";"18:10:00";"PB";104;141,9;"QUEIMADAS";"Reação tardia ou ineficiente do condutor";"Tombamento";"Com Vítimas Feridas";"Plena Noite";"Crescente";"Ignorado";"Simples";"Reta";"Sim";2;0;1;1;0;0;2;1;-7,379723;-35,896932;"SPRF-PB";"DEL02-PB";"UOP03-DEL02-PB"
668885;2025-03-22;"sábado";"18:45:00";"RS";116;1;"PORTO ALEGRE";"Manobra de mudança de faixa";"Colisão traseira";"Com Vítimas Feridas";"Plena Noite";"Crescente";"Céu Claro";"Simples";"Reta";"Sim";2;0;1;0;1;0;1;2;-29,9856055;-51,18152618;"SPRF-RS";"DEL01-RS";"UOP01-DEL01-RS"
668887;2025-03-22;"sábado";"11:20:00";"RJ";40;99;"DUQUE DE CAXIAS";"Trafegar com motocicleta (ou similar) entre as faixas";"Colisão lateral mesmo sentido";"Com Vítimas Feridas";"Pleno dia";"Decrescente";"Céu Claro";"Dupla";"Curva";"Sim";2;0;1;0;1;0;1;2;-22,59199168;-43,27619422;"SPRF-RJ";"DEL01-RJ";"UOP01-DEL01-RJ"
668889;2025-03-22;"sábado";"16:00:00";"PE";407;101,5;"PETROLINA";"Condutor deixou de manter distância do veículo da frente";"Colisão traseira";"Com Vítimas Feridas";"Pleno dia";"Crescente";"Céu Claro";"Simples";"Reta";"Não";3;0;1;1;1;0;2;2;-9,195743;-40,633772;"SPRF-PE";"DEL06-PE";"UOP01-DEL06-PE"
668890;2025-03-22;"sábado";"19:10:00";"SC";101;200;"SAO JOSE";"Condutor deixou de manter distância do veículo da frente";"Colisão traseira";"Com Vítimas Feridas";"Plena Noite";"Crescente";"Céu Claro";"Dupla";"Reta";"Sim";2;0;1;0;1;0;1;2;-27,540549;-48,622708;"SPRF-SC";"DEL01-SC";"UOP01-DEL01-SC"
668891;2025-03-22;"sábado";"19:10:00";"RN";101;82;"NATAL";"Ausência de reação do condutor";"Atropelamento de Pedestre";"Com Vítimas Feridas";"Plena Noite";"Decrescente";"Céu Claro";"Dupla";"Reta";"Sim";2;0;1;1;0;0;2;2;-5,76620128;-35,27901823;"SPRF-RN";"DEL02-RN";"UOP01-DEL02-RN"
668892;2025-03-22;"sábado";"18:40:00";"MS";262;486;"ANASTACIO";"Velocidade Incompatível";"Tombamento";"Com Vítimas Feridas";"Plena Noite";"Crescente";"Céu Claro";"Simples";"Reta";"Não";2;0;2;0;0;0;2;1;-20,50007928;-55,77800632;"SPRF-MS";"DEL03-MS";"UOP01-DEL03-MS"
668893;2025-03-22;"sábado";"03:40:00";"RJ";101;576;"PARATY";"Ingestão de álcool pelo condutor";"Saída de leito carroçável";"Sem Vítimas";"Plena Noite";"Decrescente";"Nublado";"Simples";"Reta";"Não";1;0;0;0;1;0;0;1;-23,2273048;-44,7279073;"SPRF-RJ";"DEL03-RJ";"UOP04-DEL03-RJ"
668894;2025-03-22;"sábado";"19:30:00";"RS";392;117;"CANGUCU";"Manobra de mudança de faixa";"Colisão lateral mesmo sentido";"Sem Vítimas";"Plena Noite";"Decrescente";"Céu Claro";"Simples";"Reta";"Sim";2;0;0;0;2;0;0;2;-31,414232;-52,6748298;"SPRF-RS";"DEL07-RS";"UOP01-DEL07-RS"
668895;2025-03-22;"sábado";"19:20:00";"PR";277;121;"CAMPO LARGO";"Acessar a via sem observar a presença dos outros veículos";"Colisão transversal";"Com Vítimas Feridas";"Plena Noite";"Crescente";"Céu Claro";"Dupla";"Retorno Regulamentado";"Sim";2;0;0;1;1;0;1;2;-25,446311;-49,487344;"SPRF-PR";"DEL03-PR";"UOP03-DEL03-PR"
668898;2025-03-22;"sábado";"18:30:00";"SP";153;61,3;"SAO JOSE DO RIO PRETO";"Ingestão de álcool pelo condutor";"Colisão traseira";"Sem Vítimas";"Plena Noite";"Decrescente";"Céu Claro";"Dupla";"Aclive;Reta";"Sim";2;0;0;0;2;0;0;2;-20,806408;-49,355918;"SPRF-SP";"DEL09-SP";"UOP01-DEL09-SP"
668899;2025-03-22;"sábado";"19:20:00";"PE";104;93;"AGRESTINA";"Velocidade Incompatível";"Saída de leito carroçável";"Com Vítimas Fatais";"Plena Noite";"Crescente";"Céu Claro";"Simples";"Reta";"Não";1;1;0;0;0;0;0;1;-8,51555;-35,94152;"SPRF-PE";"DEL02-PE";"UOP03-DEL02-PE"
668900;2025-03-22;"sábado";"17:00:00";"MS";163;42;"ELDORADO";"Ingestão de álcool pelo condutor";"Saída de leito carroçável";"Com Vítimas Feridas";"Pleno dia";"Crescente";"Céu Claro";"Simples";"Reta;Declive";"Sim";1;0;1;0;0;0;1;1;-23,7714602;-54,2760196;"SPRF-MS";"DEL09-MS";"UOP02-DEL09-MS"
668901;2025-03-22;"sábado";"19:30:00";"GO";50;240,6;"CATALAO";"Ausência de reação do condutor";"Saída de leito carroçável";"Com Vítimas Feridas";"Plena Noite";"Decrescente";"Céu Claro";"Dupla";"Reta";"Não";2;0;2;0;0;0;2;1;-17,88871;-47,792399;"SPRF-GO";"DEL06-GO";"UOP01-DEL06-GO"
668902;2025-03-22;"sábado";"17:20:00";"MG";381;665;"PERDOES";"Condutor deixou de manter distância do veículo da frente";"Colisão traseira";"Com Vítimas Feridas";"Anoitecer";"Decrescente";"Nublado";"Dupla";"Reta";"Não";6;0;1;0;5;0;1;2;-21,05493912;-45,03103599;"SPRF-MG";"DEL04-MG";"UOP02-DEL04-MG"
668903;2025-03-22;"sábado";"17:15:00";"MG";365;611,9;"UBERLANDIA";"Ultrapassagem Indevida";"Colisão lateral mesmo sentido";"Com Vítimas Feridas";"Pleno dia";"Crescente";"Sol";"Simples";"Reta";"Sim";2;0;0;1;0;1;1;2;-18,92486439;-48,19865799;"SPRF-MG";"DEL15-MG";"UOP01-DEL15-MG"
668904;2025-03-22;"sábado";"20:20:00";"SP";116;225;"GUARULHOS";"Reação tardia ou ineficiente do condutor";"Tombamento";"Com Vítimas Feridas";"Plena Noite";"Decrescente";"Céu Claro";"Múltipla";"Em Obras;Desvio Temporário;Reta;Declive";"Sim";1;0;1;0;0;0;1;1;-23,4869;-46,542044;"SPRF-SP";"DEL01-SP";"UOP01-DEL01-SP"
668905;2025-03-22;"sábado";"20:15:00";"RJ";116;177;"MESQUITA";"Acessar a via sem observar a presença dos outros veículos";"Colisão traseira";"Sem Vítimas";"Plena Noite";"Decrescente";"Céu Claro";"Múltipla";"Reta";"Não";2;0;0;0;2;0;0;2;-22,77607717;-43,39990675;"SPRF-RJ";"DEL06-RJ";"UOP01-DEL06-RJ"
668906;2025-03-22;"sábado";"18:30:00";"BA";420;341;"JAGUAQUARA";"Ingestão de álcool pelo condutor";"Colisão transversal";"Com Vítimas Feridas";"Anoitecer";"Crescente";"Céu Claro";"Simples";"Curva";"Sim";2;0;0;1;1;0;1;2;-13,526252;-39,97047;"SPRF-BA";"DEL03-BA";"UOP01-DEL03-BA"
668907;2025-03-22;"sábado";"20:05:00";"RN";226;2,8;"MACAIBA";"Deficiência do Sistema de Iluminação/Sinalização";"Colisão traseira";"Com Vítimas Feridas";"Plena Noite";"Decrescente";"Céu Claro";"Simples";"Reta";"Sim";3;0;2;0;1;0;2;2;-5,867592;-35,3709583;"SPRF-RN";"DEL01-RN";"UOP02-DEL01-RN"
668908;2025-03-22;"sábado";"19:00:00";"SC";101;331,7;"TUBARAO";"Ausência de reação do condutor";"Colisão traseira";"Com Vítimas Feridas";"Plena Noite";"Crescente";"Céu Claro";"Múltipla";"Reta";"Sim";3;0;1;0;2;0;1;2;-28,46530018;-48,99438674;"SPRF-SC";"DEL02-SC";"UOP01-DEL02-SC"
668909;2025-03-22;"sábado";"17:45:00";"RS";386;115,9;"SARANDI";"Transitar na contramão";"Colisão frontal";"Com Vítimas Fatais";"Pleno dia";"Decrescente";"Céu Claro";"Simples";"Curva";"Não";6;1;2;3;0;0;5;2;-27,83274712;-53,02084565;"SPRF-RS";"DEL08-RS";"UOP01-DEL08-RS"
668911;2025-03-22;"sábado";"20:00:00";"MG";381;570,5;"ITAGUARA";"Demais falhas mecânicas ou elétricas";"Saída de leito carroçável";"Com Vítimas Feridas";"Plena Noite";"Crescente";"Chuva";"Dupla";"Reta";"Não";1;0;1;0;0;0;1;1;-20,42179;-44,536709;"SPRF-MG";"DEL04-MG";"UOP03-DEL04-MG"
668912;2025-03-22;"sábado";"20:00:00";"BA";110;172;"RIBEIRA DO POMBAL";"Transitar no Acostamento";"Colisão transversal";"Com Vítimas Feridas";"Plena Noite";"Crescente";"Céu Claro";"Simples";"Reta";"Sim";2;0;0;1;1;0;1;2;-10,823386;-38,531609;"SPRF-BA";"DEL07-BA";"UOP02-DEL07-BA"
668913;2025-03-22;"sábado";"20:15:00";"PR";376;591,4;"CURITIBA";"Velocidade Incompatível";"Saída de leito carroçável";"Com Vítimas Feridas";"Plena Noite";"Decrescente";"Céu Claro";"Dupla";"Interseção de Vias;Curva;Declive";"Não";3;0;2;0;1;0;2;1;-25,429585;-49,3659;"SPRF-PR";"DEL03-PR";"UOP03-DEL03-PR"
668916;2025-03-22;"sábado";"19:50:00";"PR";369;188,3;"ARAPONGAS";"Ingestão de álcool pelo condutor";"Saída de leito carroçável";"Sem Vítimas";"Anoitecer";"Crescente";"Chuva";"Dupla";"Reta";"Não";3;0;0;0;3;0;0;1;-23,4390866;-51,42232769;"SPRF-PR";"DEL07-PR";"UOP03-DEL07-PR"
668918;2025-03-22;"sábado";"20:10:00";"SP";116;444;"REGISTRO";"Demais falhas na via";"Tombamento";"Com Vítimas Feridas";"Plena Noite";"Decrescente";"Nublado";"Dupla";"Reta";"Sim";2;0;2;0;0;0;2;1;-24,477696;-47,8281728;"SPRF-SP";"DEL05-SP";"UOP01-DEL05-SP"
668919;2025-03-22;"sábado";"20:30:00";"MG";381;821,4;"CAREACU";"Velocidade Incompatível";"Saída de leito carroçável";"Com Vítimas Feridas";"Plena Noite";"Decrescente";"Céu Claro";"Dupla";"Reta";"Não";2;0;2;0;0;0;2;1;-22,07893215;-45,70122948;"SPRF-MG";"DEL16-MG";"UOP02-DEL16-MG"
668920;2025-03-22;"sábado";"20:00:00";"PA";316;42;"SANTA IZABEL DO PARA";"Transitar no Acostamento";"Colisão transversal";"Com Vítimas Feridas";"Plena Noite";"Crescente";"Céu Claro";"Dupla";"Reta";"Sim";2;0;1;1;0;0;2;2;-1,275973;-48,096307;"SPRF-PA";"DEL01-PA";"UOP01-DEL01-PA"
668921;2025-03-22;"sábado";"20:45:00";"SC";101;333;"TUBARAO";"Ingestão de álcool pelo condutor";"Colisão com objeto";"Com Vítimas Feridas";"Plena Noite";"Crescente";"Céu Claro";"Dupla";"Reta";"Sim";4;0;2;0;2;0;2;1;-28,4687;-49,013;"SPRF-SC";"DEL02-SC";"UOP01-DEL02-SC"
668922;2025-03-22;"sábado";"20:50:00";"BA";101;872,5;"TEIXEIRA DE FREITAS";"Ingestão de álcool pelo condutor";"Colisão transversal";"Sem Vítimas";"Plena Noite";"Crescente";"Céu Claro";"Simples";"Reta";"Não";2;0;0;0;2;0;0;2;-17,505328;-39,703655;"SPRF-BA";"DEL09-BA";"UOP02-DEL09-BA"
668923;2025-03-22;"sábado";"20:33:00";"MT";163;1037;"MATUPA";"Reação tardia ou ineficiente do condutor";"Colisão traseira";"Com Vítimas Feridas";"Plena Noite";"Crescente";"Ignorado";"Simples";"Reta;Declive";"Não";2;0;2;0;0;0;2;2;-10,192;-54,951;"SPRF-MT";"DEL06-MT";"UOP03-DEL06-MT"
668924;2025-03-22;"sábado";"21:00:00";"DF";0;0;"BRASILIA";"Transtornos Mentais (exceto suicidio)";"Colisão transversal";"Sem Vítimas";"Plena Noite";"Não Informado";"Céu Claro";"Dupla";"Reta";"Sim";5;0;0;0;5;0;0;2;-15,82019345;-47,94973033;"SPRF-DF";"DEL01-DF";"UOP01-DEL01-DF"
668926;2025-03-22;"sábado";"19:15:00";"PI";316;95,2;"BARRO DURO";"Acessar a via sem observar a presença dos outros veículos";"Colisão transversal";"Com Vítimas Feridas";"Plena Noite";"Crescente";"Céu Claro";"Simples";"Reta";"Sim";2;0;0;1;1;0;1;2;-5,811633;-42,51921;"SPRF-PI";"DEL04-PI";"UOP02-DEL04-PI"
668927;2025-03-22;"sábado";"22:00:00";"PR";116;132;"FAZENDA RIO GRANDE";"Ausência de reação do condutor";"Colisão lateral mesmo sentido";"Com Vítimas Feridas";"Plena Noite";"Crescente";"Garoa/Chuvisco";"Dupla";"Reta";"Sim";3;0;2;0;1;0;2;2;-25,68887232;-49,31659698;"SPRF-PR";"DEL01-PR";"UOP03-DEL01-PR"
668929;2025-03-22;"sábado";"19:45:00";"MG";40;351;"FELIXLANDIA";"Chuva";"Colisão frontal";"Com Vítimas Fatais";"Plena Noite";"Crescente";"Chuva";"Simples";"Reta";"Não";2;1;0;0;0;1;0;2;-18,72746985;-44,92652893;"SPRF-MG";"DEL02-MG";"UOP01-DEL02-MG"
668931;2025-03-22;"sábado";"18:40:00";"MG";40;136;"JOAO PINHEIRO";"Acessar a via sem observar a presença dos outros veículos";"Colisão transversal";"Com Vítimas Feridas";"Plena Noite";"Decrescente";"Céu Claro";"Simples";"Reta;Declive";"Não";4;0;2;1;1;0;3;2;-17,71520879;-46,25337774;"SPRF-MG";"DEL14-MG";"UOP01-DEL14-MG"
668934;2025-03-22;"sábado";"19:30:00";"MT";163;827;"SINOP";"Demais falhas na via";"Queda de ocupante de veículo";"Com Vítimas Feridas";"Plena Noite";"Decrescente";"Céu Claro";"Dupla";"Em Obras;Reta";"Sim";1;0;0;1;0;0;1;1;-11,91549701;-55,50872038;"SPRF-MT";"DEL06-MT";"UOP02-DEL06-MT"
668935;2025-03-22;"sábado";"17:15:00";"MG";146;440;"CABO VERDE";"Pedestre cruzava a pista fora da faixa";"Atropelamento de Pedestre";"Com Vítimas Feridas";"Plena Noite";"Crescente";"Céu Claro";"Simples";"Reta";"Não";5;0;0;1;4;0;1;2;-21,47755106;-46,40049934;"SPRF-MG";"DEL09-MG";"UOP01-DEL09-MG"
668937;2025-03-22;"sábado";"21:30:00";"PR";376;4,7;"MANDAGUARI";"Velocidade Incompatível";"Colisão traseira";"Com Vítimas Feridas";"Plena Noite";"Decrescente";"Céu Claro";"Simples";"Reta";"Sim";3;0;0;1;2;0;1;3;-23,51908906;-51,68071643;"SPRF-PR";"DEL09-PR";"UOP01-DEL09-PR"
668938;2025-03-22;"sábado";"21:30:00";"MT";364;558;"NOBRES";"Iluminação deficiente";"Colisão com objeto";"Com Vítimas Feridas";"Plena Noite";"Crescente";"Céu Claro";"Dupla";"Reta";"Não";2;0;2;0;0;0;2;1;-14,75688971;-56,34102195;"SPRF-MT";"DEL01-MT";"UOP01-DEL01-MT"
668939;2025-03-22;"sábado";"21:05:00";"RO";425;80;"NOVA MAMORE";"Acessar a via sem observar a presença dos outros veículos";"Colisão transversal";"Com Vítimas Feridas";"Plena Noite";"Decrescente";"Céu Claro";"Dupla";"Reta;Interseção de Vias";"Sim";2;0;0;1;1;0;1;2;-10,41046002;-65,33035928;"SPRF-RO";"DEL01-RO";"UOP03-DEL01-RO"
668940;2025-03-22;"sábado";"23:08:00";"SP";116;227;"SAO PAULO";"Ausência de reação do condutor";"Colisão com objeto";"Com Vítimas Feridas";"Plena Noite";"Decrescente";"Céu Claro";"Múltipla";"Reta";"Sim";1;0;0;1;0;0;1;1;-23,50219273;-46,56503193;"SPRF-SP";"DEL01-SP";"UOP01-DEL01-SP"
668942;2025-03-22;"sábado";"23:00:00";"RJ";0;0;"CAMPOS DOS GOYTACAZES";"Ausência de reação do condutor";"Colisão traseira";"Com Vítimas Feridas";"Plena Noite";"Não Informado";"Céu Claro";"Simples";"Reta";"Sim";3;0;1;0;2;0;1;2;-21,840279;-41,42916;"SPRF-RJ";"DEL08-RJ";"UOP02-DEL08-RJ"
668944;2025-03-22;"sábado";"22:40:00";"PR";376;200,1;"MANDAGUARI";"Pista esburacada";"Queda de ocupante de veículo";"Com Vítimas Feridas";"Plena Noite";"Decrescente";"Céu Claro";"Dupla";"Declive";"Não";2;0;1;0;1;0;1;1;-23,50392;-51,74702;"SPRF-PR";"DEL09-PR";"UOP01-DEL09-PR"
668945;2025-03-22;"sábado";"21:30:00";"PR";272;388;"FAROL";"Condutor Dormindo";"Colisão lateral sentido oposto";"Com Vítimas Fatais";"Plena Noite";"Crescente";"Céu Claro";"Simples";"Reta;Aclive";"Não";5;1;0;3;1;0;3;3;-24,08927;-52,68534;"SPRF-PR";"DEL09-PR";"UOP03-DEL09-PR"
668946;2025-03-23;"domingo";"00:15:00";"GO";70;8,6;"AGUAS LINDAS DE GOIAS";"Reação tardia ou ineficiente do condutor";"Colisão traseira";"Sem Vítimas";"Plena Noite";"Crescente";"Nublado";"Dupla";"Reta";"Sim";4;0;0;0;4;0;0;2;-15,735065;-48,279795;"SPRF-DF";"DEL03-DF";"UOP02-DEL03-DF"
668947;2025-03-22;"sábado";"23:51:00";"RS";290;10;"OSORIO";"Condutor Dormindo";"Colisão com objeto";"Com Vítimas Feridas";"Plena Noite";"Decrescente";"Céu Claro";"Dupla";"Curva";"Não";4;0;1;0;3;0;1;1;-29,89102698;-50,37945631;"SPRF-RS";"DEL03-RS";"UOP01-DEL03-RS"
668948;2025-03-23;"domingo";"00:30:00";"SP";116;219;"GUARULHOS";"Sinalização mal posicionada";"Tombamento";"Com Vítimas Feridas";"Plena Noite";"Decrescente";"Nublado";"Múltipla";"Reta;Em Obras";"Não";1;0;1;0;0;0;1;1;-23,464463;-46,497262;"SPRF-SP";"DEL01-SP";"UOP01-DEL01-SP"
668949;2025-03-22;"sábado";"21:40:00";"AL";316;101,2;"DOIS RIACHOS";"Transitar na contramão";"Colisão frontal";"Com Vítimas Fatais";"Plena Noite";"Decrescente";"Céu Claro";"Simples";"Reta";"Não";2;1;0;0;0;1;0;2;-9,388794;-37,106207;"SPRF-AL";"DEL03-AL";"UOP01-DEL03-AL"
668951;2025-03-23;"domingo";"00:00:00";"PA";230;642,2;"ALTAMIRA";"Ausência de reação do condutor";"Colisão transversal";"Com Vítimas Feridas";"Plena Noite";"Decrescente";"Chuva";"Simples";"Reta";"Não";3;0;2;0;0;1;2;2;-3,21632885;-52,24210468;"SPRF-PA";"DEL04-PA";"UOP01-DEL04-PA"
668952;2025-03-23;"domingo";"00:15:00";"MG";116;279;"TEOFILO OTONI";"Reação tardia ou ineficiente do condutor";"Saída de leito carroçável";"Com Vítimas Feridas";"Plena Noite";"Decrescente";"Céu Claro";"Simples";"Curva;Declive";"Sim";4;0;1;2;1;0;3;1;-17,88176;-41,523342;"SPRF-MG";"DEL11-MG";"UOP01-DEL11-MG"
668953;2025-03-23;"domingo";"00:55:00";"AL";101;70;"MESSIAS";"Ausência de reação do condutor";"Colisão com objeto";"Com Vítimas Feridas";"Plena Noite";"Crescente";"Céu Claro";"Dupla";"Curva";"Sim";2;0;1;1;0;0;2;1;-9,390352;-35,83538;"SPRF-AL";"DEL01-AL";"UOP02-DEL01-AL"
668954;2025-03-23;"domingo";"00:20:00";"MT";163;688;"LUCAS DO RIO VERDE";"Reação tardia ou ineficiente do condutor";"Queda de ocupante de veículo";"Com Vítimas Feridas";"Plena Noite";"Decrescente";"Céu Claro";"Simples";"Reta";"Não";1;0;1;0;0;0;1;1;-13,073697;-55,931362;"SPRF-MT";"DEL06-MT";"UOP01-DEL06-MT"
668955;2025-03-23;"domingo";"01:40:00";"SE";235;36,8;"AREIA BRANCA";"Ausência de reação do condutor";"Queda de ocupante de veículo";"Com Vítimas Feridas";"Plena Noite";"Crescente";"Chuva";"Simples";"Reta";"Não";1;0;0;1;0;0;1;1;-10,76894002;-37,3339122;"SPRF-SE";"DEL01-SE";"UOP02-DEL01-SE"
668956;2025-03-22;"sábado";"22:50:00";"SC";101;415,7;"ARARANGUA";"Acessar a via sem observar a presença dos outros veículos";"Colisão transversal";"Com Vítimas Feridas";"Plena Noite";"Decrescente";"Céu Claro";"Simples";"Reta";"Sim";2;0;1;1;0;0;2;2;-28,96910429;-49,52506069;"SPRF-SC";"DEL02-SC";"UOP02-DEL02-SC"
668957;2025-03-22;"sábado";"23:40:00";"SC";101;433;"SOMBRIO";"Velocidade Incompatível";"Colisão lateral sentido oposto";"Com Vítimas Feridas";"Plena Noite";"Decrescente";"Céu Claro";"Dupla";"Reta";"Sim";2;0;1;1;0;0;2;2;-29,10262642;-49,63536479;"SPRF-SC";"DEL02-SC";"UOP02-DEL02-SC"
668958;2025-03-23;"domingo";"01:35:00";"CE";222;30;"CAUCAIA";"Ausência de reação do condutor";"Queda de ocupante de veículo";"Sem Vítimas";"Plena Noite";"Crescente";"Céu Claro";"Dupla";"Reta";"Não";1;0;0;0;0;1;0;1;-3,7228021;-38,7832457;"SPRF-CE";"DEL01-CE";"UOP01-DEL01-CE"
668959;2025-03-23;"domingo";"01:10:00";"MS";376;24,1;"FATIMA DO SUL";"Condutor Dormindo";"Colisão com objeto";"Com Vítimas Feridas";"Plena Noite";"Crescente";"Céu Claro";"Simples";"Reta";"Não";1;0;1;0;0;0;1;1;-22,36297;-54,542672;"SPRF-MS";"DEL04-MS";"UOP01-DEL04-MS"
668961;2025-03-23;"domingo";"02:20:00";"GO";414;387;"CORUMBA DE GOIAS";"Ingestão de álcool pelo condutor";"Colisão frontal";"Com Vítimas Fatais";"Plena Noite";"Crescente";"Céu Claro";"Simples";"Curva;Declive";"Não";4;1;1;1;1;0;2;2;-15,874;-48,785;"SPRF-GO";"DEL02-GO";"UOP01-DEL02-GO"
668964;2025-03-23;"domingo";"01:30:00";"AL";101;174,9;"TEOTONIO VILELA";"Transitar na contramão";"Colisão frontal";"Com Vítimas Feridas";"Plena Noite";"Decrescente";"Céu Claro";"Simples";"Reta";"Sim";3;0;1;1;1;0;2;2;-9,90730346;-36,35066986;"SPRF-AL";"DEL02-AL";"UOP02-DEL02-AL"
668965;2025-03-23;"domingo";"01:00:00";"AP";156;799;"OIAPOQUE";"Ultrapassagem Indevida";"Colisão frontal";"Com Vítimas Feridas";"Plena Noite";"Crescente";"Nublado";"Simples";"Reta";"Sim";3;0;0;3;0;0;3;2;3,83774023;-51,81523898;"SPRF-AP";"DEL01-AP";"UOP03-DEL01-AP"
668966;2025-03-23;"domingo";"00:45:00";"BA";101;356,5;"WENCESLAU GUIMARAES";"Velocidade Incompatível";"Colisão frontal";"Com Vítimas Feridas";"Plena Noite";"Crescente";"Nublado";"Simples";"Curva";"Não";6;0;4;2;0;0;6;2;-13,665095;-39,478433;"SPRF-BA";"DEL05-BA";"UOP03-DEL05-BA"
668967;2025-03-22;"sábado";"20:35:00";"MA";135;9,8;"SAO LUIS";"Reação tardia ou ineficiente do condutor";"Saída de leito carroçável";"Com Vítimas Fatais";"Plena Noite";"Crescente";"Céu Claro";"Dupla";"Curva";"Sim";1;1;0;0;0;0;0;1;-2,654454;-44,285913;"SPRF-MA";"DEL01-MA";"UOP01-DEL01-MA"
668968;2025-03-23;"domingo";"02:00:00";"RJ";101;304;"SAO GONCALO";"Deficiência do Sistema de Iluminação/Sinalização";"Colisão traseira";"Com Vítimas Feridas";"Plena Noite";"Decrescente";"Céu Claro";"Dupla";"Reta";"Sim";2;0;1;0;1;0;1;2;-22,78481812;-42,98580797;"SPRF-RJ";"DEL02-RJ";"UOP02-DEL02-RJ"
668970;2025-03-23;"domingo";"02:00:00";"RJ";493;6;"ITABORAI";"Transitar na contramão";"Colisão frontal";"Com Vítimas Feridas";"Plena Noite";"Crescente";"Céu Claro";"Simples";"Reta";"Sim";2;0;1;0;1;0;1;2;-22,72623907;-42,95107023;"SPRF-RJ";"DEL02-RJ";"UOP02-DEL02-RJ"
668971;2025-03-23;"domingo";"01:30:00";"PR";376;126,5;"ALTO PARANA";"Ingestão de álcool pelo condutor";"Capotamento";"Com Vítimas Feridas";"Plena Noite";"Crescente";"Céu Claro";"Dupla";"Reta";"Não";1;0;1;0;0;0;1;1;-23,152545;-52,2706683;"SPRF-PR";"DEL09-PR";"UOP02-DEL09-PR"
668973;2025-03-23;"domingo";"02:50:00";"RS";290;76;"GRAVATAI";"Condutor Dormindo";"Saída de leito carroçável";"Com Vítimas Feridas";"Plena Noite";"Crescente";"Céu Claro";"Múltipla";"Reta";"Não";3;0;1;2;0;0;3;1;-29,9557493;-51,0232991;"SPRF-RS";"DEL01-RS";"UOP01-DEL01-RS"
668974;2025-03-22;"sábado";"23:00:00";"GO";153;521;"HIDROLANDIA";"Acesso irregular";"Colisão frontal";"Com Vítimas Feridas";"Plena Noite";"Decrescente";"Céu Claro";"Dupla";"Curva;Aclive";"Não";2;0;1;1;0;0;2;2;-16,91691002;-49,25308228;"SPRF-GO";"DEL01-GO";"UOP03-DEL01-GO"
668976;2025-03-23;"domingo";"02:02:00";"PR";376;182;"MARINGA";"Velocidade Incompatível";"Saída de leito carroçável";"Com Vítimas Fatais";"Plena Noite";"Crescente";"Céu Claro";"Dupla";"Rotatória";"Sim";3;1;0;1;0;1;1;2;-23,43240099;-51,8874753;"SPRF-PR";"DEL09-PR";"UOP01-DEL09-PR"
668978;2025-03-23;"domingo";"01:30:00";"MG";50;8,8;"ARAGUARI";"Ingestão de álcool pelo condutor";"Saída de leito carroçável";"Sem Vítimas";"Plena Noite";"Crescente";"Céu Claro";"Dupla";"Reta;Aclive";"Não";1;0;0;0;1;0;0;1;-18,50361421;-48,04146677;"SPRF-MG";"DEL15-MG";"UOP02-DEL15-MG"
668979;2025-03-22;"sábado";"14:00:00";"GO";153;278;"NOVA GLORIA";"Chuva";"Capotamento";"Com Vítimas Feridas";"Pleno dia";"Crescente";"Chuva";"Simples";"Reta";"Não";1;0;1;0;0;0;1;1;-15,17112419;-49,54256237;"SPRF-GO";"DEL07-GO";"UOP02-DEL07-GO"
668980;2025-03-23;"domingo";"04:00:00";"SP";116;279;"EMBU DAS ARTES";"Reação tardia ou ineficiente do condutor";"Colisão traseira";"Com Vítimas Feridas";"Plena Noite";"Crescente";"Céu Claro";"Dupla";"Reta";"Sim";3;0;0;1;0;2;1;2;-23,63976724;-46,83611819;"SPRF-SP";"DEL04-SP";"UOP01-DEL04-SP"
668983;2025-03-22;"sábado";"20:30:00";"BA";324;556;"AMELIA RODRIGUES";"Velocidade Incompatível";"Colisão traseira";"Com Vítimas Feridas";"Plena Noite";"Decrescente";"Nublado";"Dupla";"Reta;Aclive";"Não";2;0;1;0;1;0;1;2;-12,47092764;-38,68237853;"SPRF-BA";"DEL01-BA";"UOP03-DEL01-BA"
668984;2025-03-23;"domingo";"04:00:00";"DF";251;58;"BRASILIA";"Reação tardia ou ineficiente do condutor";"Saída de leito carroçável";"Sem Vítimas";"Plena Noite";"Decrescente";"Céu Claro";"Simples";"Reta";"Não";1;0;0;0;1;0;0;1;-15,976912;-47,962765;"SPRF-DF";"DEL01-DF";"UOP01-DEL01-DF"