"id";"data_inversa";"dia_semana";"horario";"uf";"br";"km";"municipio";"causa_acidente";"tipo_acidente";"classificacao_acidente";"fase_dia";"sentido_via";"condicao_metereologica";"tipo_pista";"tracado_via";"uso_solo";"pessoas";"mortos";"feridos_leves";"feridos_graves";"ilesos";"ignorados";"feridos";"veiculos";"latitude";"longitude";"regional";"delegacia";"uop"
669091;2025-03-23;"domingo";"15:00:00";"GO";153;534;"HIDROLANDIA";"Ingestão de álcool pelo condutor";"Colisão traseira";"Sem Vítimas";"Pleno dia";"Decrescente";"Céu Claro";"Dupla";"Reta";"Não";2;0;0;0;2;0;0;2;-16,9218333;-49,2525961;"SPRF-GO";"DEL01-GO";"UOP03-DEL01-GO"
669092;2025-03-23;"domingo";"14:50:00";"SP";116;172;"JACAREI";"Entrada inopinada do pedestre";"Atropelamento de Pedestre";"Com Vítimas Feridas";"Pleno dia";"Crescente";"Sol";"Dupla";"Curva;Aclive";"Não";3;0;1;0;0;2;1;2;-23,31336451;-46,06567752;"SPRF-SP";"DEL02-SP";"UOP01-DEL02-SP"
669093;2025-03-23;"domingo";"09:20:00";"PR";153;30;"SANTO ANTONIO DA PLATINA";"Ingestão de álcool pelo condutor";"Saída de leito carroçável";"Sem Vítimas";"Pleno dia";"Crescente";"Céu Claro";"Dupla";"Reta";"Não";1;0;0;0;1;0;0;1;-23,2240448;-50,0228712;"SPRF-PR";"DEL07-PR";"UOP04-DEL07-PR"
669094;2025-03-23;"domingo";"15:15:00";"SC";282;5,4;"SAO JOSE";"Entrada inopinada do pedestre";"Atropelamento de Pedestre";"Com Vítimas Feridas";"Pleno dia";"Decrescente";"Céu Claro";"Múltipla";"Curva";"Sim";2;0;1;0;1;0;1;2;-27,587656;-48,615004;"SPRF-SC";"DEL01-SC";"UOP01-DEL01-SC"
669095;2025-03-23;"domingo";"16:20:00";"SC";280;12;"SAO FRANCISCO DO SUL";"Acessar a via sem observar a presença dos outros veículos";"Colisão frontal";"Com Vítimas Feridas";"Pleno dia";"Crescente";"Nublado";"Simples";"Reta";"Não";3;0;1;1;1;0;2;2;-26,312552;-48,644213;"SPRF-SC";"DEL03-SC";"UOP03-DEL03-SC"
669096;2025-03-23;"domingo";"15:30:00";"PE";232;76;"GRAVATA";"Ausência de reação do condutor";"Colisão traseira";"Com Vítimas Feridas";"Pleno dia";"Crescente";"Céu Claro";"Simples";"Declive;Reta";"Não";4;0;1;0;3;0;1;3;-8,19577894;-35,53263718;"SPRF-PE";"DEL02-PE";"UOP02-DEL02PE"
669097;2025-03-23;"domingo";"10:35:00";"PE";316;366;"PETROLANDIA";"Transitar na contramão";"Colisão frontal";"Com Vítimas Feridas";"Pleno dia";"Crescente";"Céu Claro";"Simples";"Interseção de Vias;Reta";"Não";5;0;2;1;2;0;3;2;-8,9554495;-38,22306633;"SPRF-PE";"DEL04-PE";"UOP03-DEL04-PE"
669098;2025-03-23;"domingo";"15:15:00";"RJ";40;123;"DUQUE DE CAXIAS";"Acumulo de óleo sobre o pavimento";"Tombamento";"Com Vítimas Feridas";"Pleno dia";"Decrescente";"Céu Claro";"Simples";"Viaduto";"Sim";1;0;1;0;0;0;1;1;-22,6689024;-43,2799744;"SPRF-RJ";"DEL01-RJ";"UOP02-DEL01-RJ"
669099;2025-03-23;"domingo";"16:10:00";"GO";70;3;"AGUAS LINDAS DE GOIAS";"Ingestão de álcool pelo condutor";"Colisão lateral mesmo sentido";"Sem Vítimas";"Pleno dia";"Decrescente";"Chuva";"Dupla";"Reta";"Sim";3;0;0;0;3;0;0;2;-15,75989032;-48,246755;"SPRF-DF";"DEL03-DF";"UOP02-DEL03-DF"
669100;2025-03-23;"domingo";"16:00:00";"SP";116;97,3;"PINDAMONHANGABA";"Ausência de reação do condutor";"Colisão traseira";"Com Vítimas Feridas";"Pleno dia";"Decrescente";"Chuva";"Dupla";"Declive";"Não";3;0;1;0;2;0;1;2;-22,97119588;-45,44116974;"SPRF-SP";"DEL08-SP";"UOP01-DEL08-SP"
669101;2025-03-23;"domingo";"12:27:00";"MT";364;289,7;"JACIARA";"Ausência de reação do condutor";"Saída de leito carroçável";"Sem Vítimas";"Pleno dia";"Decrescente";"Chuva";"Dupla";"Curva";"Não";1;0;0;0;1;0;0;1;-15,90349;-55,0939;"SPRF-MT";"DEL05-MT";"UOP02-DEL05-MT"
669103;2025-03-23;"domingo";"16:20:00";"SP";381;69;"MAIRIPORA";"Mal súbito do condutor";"Atropelamento de Pedestre";"Com Vítimas Feridas";"Pleno dia";"Decrescente";"Chuva";"Múltipla";"Aclive";"Não";4;0;2;0;2;0;2;4;-23,34942697;-46,56117439;"SPRF-SP";"DEL03-SP";"UOP01-DEL03-SP"
669104;2025-03-17;"segunda-feira";"17:30:00";"SC";101;176;"BIGUACU";"Condutor deixou de manter distância do veículo da frente";"Colisão traseira";"Com Vítimas Feridas";"Pleno dia";"Crescente";"Céu Claro";"Múltipla";"Curva";"Não";2;0;1;0;1;0;1;2;-27,34719044;-48,63321073;"SPRF-SC";"DEL01-SC";"UOP01-DEL01-SC"
669105;2025-03-23;"domingo";"16:35:00";"SC";101;255,9;"PAULO LOPES";"Ausência de reação do condutor";"Colisão com objeto";"Com Vítimas Feridas";"Pleno dia";"Crescente";"Chuva";"Dupla";"Reta";"Não";1;0;1;0;0;0;1;1;-27,99165406;-48,6841321;"SPRF-SC";"DEL02-SC";"UOP03-DEL02-SC"
669107;2025-03-23;"domingo";"17:50:00";"SP";116;146;"SAO JOSE DOS CAMPOS";"Ausência de reação do condutor";"Colisão lateral mesmo sentido";"Com Vítimas Feridas";"Pleno dia";"Decrescente";"Chuva";"Dupla";"Reta";"Sim";2;0;1;0;1;0;1;2;-23,19433393;-45,86551666;"SPRF-SP";"DEL02-SP";"UOP01-DEL02-SP"
669110;2025-03-23;"domingo";"17:40:00";"PR";163;226,7;"CASCAVEL";"Ingestão de álcool pelo condutor";"Colisão traseira";"Sem Vítimas";"Pleno dia";"Decrescente";"Garoa/Chuvisco";"Dupla";"Reta";"Sim";2;0;0;0;2;0;0;2;-24,827223;-53,64547;"SPRF-PR";"DEL04-PR";"UOP01-DEL04-PR"
669111;2025-03-23;"domingo";"17:20:00";"MT";163;838;"SINOP";"Reação tardia ou ineficiente do condutor";"Colisão lateral mesmo sentido";"Com Vítimas Feridas";"Pleno dia";"Crescente";"Nublado";"Simples";"Reta";"Sim";3;0;0;1;2;0;1;2;-11,834663;-55,488507;"SPRF-MT";"DEL06-MT";"UOP02-DEL06-MT"
669112;2025-03-23;"domingo";"18:30:00";"PI";343;21,2;"PARNAIBA";"Ingestão de álcool pelo condutor";"Colisão lateral sentido oposto";"Com Vítimas Feridas";"Plena Noite";"Crescente";"Céu Claro";"Simples";"Reta";"Não";8;0;7;0;1;0;7;3;-2,992102;-41,764462;"SPRF-PI";"DEL05-PI";"UOP01-DEL05-PI"
669113;2025-03-23;"domingo";"18:55:00";"SC";101;150;"ITAPEMA";"Trafegar com motocicleta (ou similar) entre as faixas";"Colisão traseira";"Com Vítimas Feridas";"Plena Noite";"Decrescente";"Céu Claro";"Múltipla";"Reta";"Sim";2;0;1;0;1;0;1;2;-27,11779692;-48,60922429;"SPRF-SC";"DEL04-SC";"UOP03-DEL04-SC"
669114;2025-03-23;"domingo";"18:06:00";"PE";408;83;"PAUDALHO";"Acesso irregular";"Colisão transversal";"Sem Vítimas";"Plena Noite";"Crescente";"Céu Claro";"Dupla";"Reta";"Sim";2;0;0;0;2;0;0;1;-7,939565;-35,125798;"SPRF-PE";"DEL01-PE";"UOP01-DEL01-PE"
669115;2025-03-23;"domingo";"18:05:00";"RS";470;246;"BARAO";"Reação tardia ou ineficiente do condutor";"Tombamento";"Com Vítimas Feridas";"Anoitecer";"Decrescente";"Céu Claro";"Simples";"Curva";"Não";1;0;1;0;0;0;1;1;-29,38574448;-51,49162509;"SPRF-RS";"DEL06-RS";"UOP01-DEL06-RS"
669117;2025-03-23;"domingo";"17:35:00";"RJ";101;495;"ANGRA DOS REIS";"Demais falhas mecânicas ou elétricas";"Tombamento";"Com Vítimas Feridas";"Pleno dia";"Decrescente";"Nublado";"Simples";"Curva";"Não";2;0;2;0;0;0;2;1;-22,93261118;-44,32231843;"SPRF-RJ";"DEL03-RJ";"UOP03-DEL03-RJ"
669119;2025-03-23;"domingo";"16:34:00";"CE";222;0;"FORTALEZA";"Ultrapassagem Indevida";"Tombamento";"Com Vítimas Feridas";"Pleno dia";"Crescente";"Sol";"Múltipla";"Reta";"Sim";1;0;0;1;0;0;1;1;-3,73696933;-38,57278347;"SPRF-CE";"DEL01-CE";"UOP01-DEL01-CE"
669120;2025-03-23;"domingo";"16:00:00";"SC";470;64;"INDAIAL";"Acessar a via sem observar a presença dos outros veículos";"Colisão lateral mesmo sentido";"Com Vítimas Feridas";"Pleno dia";"Crescente";"Céu Claro";"Simples";"Reta;Aclive";"Não";4;0;2;0;2;0;2;2;-26,87196124;-49,19439554;"SPRF-SC";"DEL04-SC";"UOP01-DEL04-SC"
669121;2025-03-23;"domingo";"18:00:00";"PE";101;57;"RECIFE";"Ausência de reação do condutor";"Colisão lateral mesmo sentido";"Com Vítimas Feridas";"Plena Noite";"Crescente";"Céu Claro";"Dupla";"Interseção de Vias";"Não";2;0;1;0;1;0;1;2;-7,962357;-34,914808;"SPRF-PE";"DEL01-PE";"UOP02-DEL01-PE"
669122;2025-03-23;"domingo";"19:00:00";"RJ";101;329;"RIO DE JANEIRO";"Reação tardia ou ineficiente do condutor";"Colisão traseira";"Com Vítimas Feridas";"Plena Noite";"Decrescente";"Nublado";"Dupla";"Ponte;Reta";"Não";2;0;1;0;1;0;1;2;-22,86868524;-43,18673515;"SPRF-RJ";"DEL02-RJ";"UOP01-DEL02-RJ"
669124;2025-03-23;"domingo";"20:00:00";"ES";101;257,6;"SERRA";"Reação tardia ou ineficiente do condutor";"Colisão transversal";"Com Vítimas Feridas";"Plena Noite";"Crescente";"Céu Claro";"Dupla";"Curva;Interseção de Vias";"Sim";3;0;1;2;0;0;3;2;-20,12843;-40,299102;"SPRF-ES";"DEL02-ES";"UOP01-DEL02-ES"
669125;2025-03-23;"domingo";"18:50:00";"SC";282;603;"MARAVILHA";"Ingestão de álcool pelo condutor";"Colisão lateral mesmo sentido";"Sem Vítimas";"Plena Noite";"Decrescente";"Céu Claro";"Simples";"Reta;Aclive";"Sim";3;0;0;0;2;1;0;3;-26,800488;-53,19066841;"SPRF-SC";"DEL07-SC";"UOP02-DEL07-SC"
669126;2025-03-23;"domingo";"19:30:00";"CE";116;11;"FORTALEZA";"Acessar a via sem observar a presença dos outros veículos";"Atropelamento de Pedestre";"Com Vítimas Fatais";"Plena Noite";"Crescente";"Céu Claro";"Múltipla";"Reta";"Não";2;1;0;0;1;0;0;2;-3,84852379;-38,4964711;"SPRF-CE";"DEL01-CE";"UOP02-DEL01-CE"
669128;2025-03-23;"domingo";"20:10:00";"BA";116;579,4;"NOVA ITARANA";"Ingestão de álcool pelo condutor";"Colisão traseira";"Com Vítimas Fatais";"Plena Noite";"Decrescente";"Ignorado";"Simples";"Reta";"Não";2;1;0;0;0;1;0;2;-13,1075;-39,9771;"SPRF-BA";"DEL03-BA";"UOP02-DEL03-BA"
669129;2025-03-23;"domingo";"20:30:00";"SC";101;148;"ITAPEMA";"Trafegar com motocicleta (ou similar) entre as faixas";"Colisão lateral mesmo sentido";"Com Vítimas Feridas";"Plena Noite";"Decrescente";"Céu Claro";"Dupla";"Reta";"Sim";3;0;1;0;2;0;1;3;-27,10244915;-48,61739069;"SPRF-SC";"DEL04-SC";"UOP03-DEL04-SC"
669130;2025-03-23;"domingo";"16:30:00";"MG";381;792;"SAO GONCALO DO SAPUCAI";"Reação tardia ou ineficiente do condutor";"Saída de leito carroçável";"Com Vítimas Feridas";"Pleno dia";"Crescente";"Chuva";"Dupla";"Curva";"Não";3;0;2;0;1;0;2;1;-21,8962348;-45,5508865;"SPRF-MG";"DEL16-MG";"UOP02-DEL16-MG"
669131;2025-03-23;"domingo";"19:00:00";"PE";423;62,8;"LAJEDO";"Pedestre andava na pista";"Atropelamento de Pedestre";"Com Vítimas Fatais";"Plena Noite";"Crescente";"Céu Claro";"Simples";"Reta";"Não";2;1;0;0;0;1;0;2;-8,661712;-36,345527;"SPRF-PE";"DEL03-PE";"UOP01-DEL03-PE"
669133;2025-03-23;"domingo";"19:00:00";"GO";153;381,3;"SAO FRANCISCO DE GOIAS";"Ingestão de álcool pelo condutor";"Saída de leito carroçável";"Sem Vítimas";"Plena Noite";"Crescente";"Chuva";"Simples";"Declive;Curva";"Não";3;0;0;0;3;0;0;1;-15,929429;-49,2089396;"SPRF-GO";"DEL02-GO";"UOP02-DEL02-GO"
669134;2025-03-23;"domingo";"20:10:00";"AP";210;2;"MACAPA";"Acessar a via sem observar a presença dos outros veículos";"Colisão transversal";"Com Vítimas Feridas";"Plena Noite";"Crescente";"Céu Claro";"Dupla";"Reta";"Sim";2;0;1;0;1;0;1;2;0,07763685;-51,0636416;"SPRF-AP";"DEL01-AP";"UOP01-DEL01-AP"
669136;2025-03-23;"domingo";"19:10:00";"MT";364;185;"PEDRA PRETA";"Pedestre cruzava a pista fora da faixa";"Atropelamento de Pedestre";"Com Vítimas Feridas";"Plena Noite";"Crescente";"Nublado";"Simples";"Reta;Declive";"Não";2;0;0;2;0;0;2;2;-16,58753509;-54,51682791;"SPRF-MT";"DEL02-MT";"UOP01-DEL02-MT"
669137;2025-03-23;"domingo";"20:15:00";"CE";222;2;"FORTALEZA";"Ausência de reação do condutor";"Colisão lateral mesmo sentido";"Com Vítimas Feridas";"Plena Noite";"Crescente";"Céu Claro";"Múltipla";"Reta";"Não";2;0;0;1;1;0;1;2;-3,73755716;-38,5763203;"SPRF-CE";"DEL01-CE";"UOP01-DEL01-CE"
669139;2025-03-23;"domingo";"20:55:00";"SP";116;159,9;"JACAREI";"Manobra de mudança de faixa";"Colisão lateral mesmo sentido";"Com Vítimas Feridas";"Plena Noite";"Crescente";"Chuva";"Dupla";"Reta";"Não";7;0;2;0;5;0;2;3;-23,26921633;-45,96534144;"SPRF-SP";"DEL02-SP";"UOP01-DEL02-SP"
669140;2025-03-23;"domingo";"18:50:00";"PR";277;213,3;"PALMEIRA";"Ingestão de álcool pelo condutor";"Colisão com objeto";"Sem Vítimas";"Anoitecer";"Decrescente";"Céu Claro";"Simples";"Curva";"Não";1;0;0;0;1;0;0;1;-25,459666;-50,332977;"SPRF-PR";"DEL08-PR";"UOP02-DEL08-PR"
669141;2025-03-23;"domingo";"20:45:00";"PR";376;601,9;"CURITIBA";"Pedestre cruzava a pista fora da faixa";"Atropelamento de Pedestre";"Com Vítimas Fatais";"Plena Noite";"Decrescente";"Céu Claro";"Dupla";"Reta";"Sim";4;1;0;0;2;1;0;2;-25,520227;-49,334458;"SPRF-PR";"DEL01-PR";"UOP06-DEL01-PR"
669142;2025-03-23;"domingo";"20:50:00";"RS";290;100;"PORTO ALEGRE";"Ausência de reação do condutor";"Colisão com objeto";"Com Vítimas Feridas";"Plena Noite";"Crescente";"Céu Claro";"Dupla";"Ponte";"Não";2;0;1;0;0;1;1;2;-29,98855543;-51,23585701;"SPRF-RS";"DEL01-RS";"UOP01-DEL01-RS"
669143;2025-03-23;"domingo";"21:00:00";"GO";40;99;"CRISTALINA";"Animais na Pista";"Atropelamento de Animal";"Com Vítimas Feridas";"Plena Noite";"Crescente";"Nublado";"Simples";"Reta";"Não";3;0;2;0;1;0;2;2;-16,777;-47,58576;"SPRF-DF";"DEL01-DF";"UOP02-DEL01-DF"
669144;2025-03-23;"domingo";"20:48:00";"SC";101;426,5;"SOMBRIO";"Transitar na contramão";"Colisão transversal";"Com Vítimas Feridas";"Plena Noite";"Decrescente";"Nublado";"Múltipla";"Reta";"Sim";2;0;1;0;1;0;1;2;-29,04522311;-49,61583137;"SPRF-SC";"DEL02-SC";"UOP02-DEL02-SC"
669145;2025-03-23;"domingo";"16:30:00";"BA";410;8;"TUCANO";"Reação tardia ou ineficiente do condutor";"Saída de leito carroçável";"Com Vítimas Feridas";"Anoitecer";"Crescente";"Céu Claro";"Simples";"Reta";"Não";3;0;2;1;0;0;3;1;-10,853039;-38,591475;"SPRF-BA";"DEL07-BA";"UOP02-DEL07-BA"
669147;2025-03-23;"domingo";"10:45:00";"RJ";493;112;"ITAGUAI";"Condutor Dormindo";"Colisão com objeto";"Sem Vítimas";"Pleno dia";"Decrescente";"Céu Claro";"Simples";"Reta";"Sim";1;0;0;0;1;0;0;1;-22,820225;-43,80471;"SPRF-RJ";"DEL03-RJ";"UOP01-DEL03-RJ"
669149;2025-03-23;"domingo";"21:15:00";"RJ";116;182;"BELFORD ROXO";"Reação tardia ou ineficiente do condutor";"Colisão traseira";"Com Vítimas Feridas";"Plena Noite";"Crescente";"Nublado";"Múltipla";"Reta";"Sim";3;0;1;0;2;0;1;2;-22,77724615;-43,39735463;"SPRF-RJ";"DEL06-RJ";"UOP01-DEL06-RJ"
669150;2025-03-23;"domingo";"17:30:00";"RO";364;422,9;"JARU";"Conversão proibida";"Colisão lateral mesmo sentido";"Com Vítimas Feridas";"Pleno dia";"Decrescente";"Céu Claro";"Múltipla";"Aclive";"Sim";3;0;2;0;1;0;2;2;-10,45046406;-62,46206045;"SPRF-RO";"DEL03-RO";"UOP02-DEL03-RO"
669151;2025-03-23;"domingo";"17:40:00";"PR";153;2;"IMBITUVA";"Ultrapassagem Indevida";"Colisão frontal";"Sem Vítimas";"Anoitecer";"Crescente";"Céu Claro";"Simples";"Reta";"Sim";2;0;0;0;2;0;0;2;-25,2013395;-50,5979898;"SPRF-PR";"DEL07-PR";"UOP04-DEL07-PR"
669152;2025-03-23;"domingo";"21:30:00";"ES";101;257;"SERRA";"Ingestão de álcool pelo condutor";"Saída de leito carroçável";"Sem Vítimas";"Plena Noite";"Decrescente";"Céu Claro";"Dupla";"Reta;Aclive";"Não";1;0;0;0;1;0;0;1;-20,129535;-40,297318;"SPRF-ES";"DEL02-ES";"UOP01-DEL02-ES"
669154;2025-03-23;"domingo";"20:13:00";"MA";316;263;"SANTA INES";"Ingestão de álcool pelo condutor";"Colisão frontal";"Com Vítimas Feridas";"Plena Noite";"Crescente";"Nublado";"Simples";"Curva";"Sim";3;0;0;3;0;0;3;2;-3,676;-45,3846;"SPRF-MA";"DEL02-MA";"UOP01-DEL02-MA"
669155;2025-03-23;"domingo";"18:40:00";"MG";381;944;"EXTREMA";"Velocidade Incompatível";"Saída de leito carroçável";"Com Vítimas Feridas";"Plena Noite";"Decrescente";"Nublado";"Dupla";"Reta";"Não";1;0;1;0;0;0;1;1;-22,8453958;-46,33153734;"SPRF-MG";"DEL16-MG";"UOP03-DEL16-MG"
669157;2025-03-23;"domingo";"19:15:00";"RS";386;109,8;"SARANDI";"Condutor deixou de manter distância do veículo da frente";"Colisão traseira";"Sem Vítimas";"Plena Noite";"Decrescente";"Céu Claro";"Simples";"Reta";"Não";12;0;0;0;12;0;0;3;-27,798496;-53,053582;"SPRF-RS";"DEL08-RS";"UOP01-DEL08-RS"
669159;2025-03-23;"domingo";"21:30:00";"RJ";116;213;"SEROPEDICA";"Chuva";"Colisão lateral mesmo sentido";"Com Vítimas Feridas";"Plena Noite";"Crescente";"Céu Claro";"Dupla";"Reta";"Sim";2;0;1;0;1;0;1;2;-22,7115008;-43,7223424;"SPRF-RJ";"DEL06-RJ";"UOP02-DEL06-RJ"
669160;2025-03-23;"domingo";"22:00:00";"PE";232;86;"GRAVATA";"Pedestre - Ingestão de álcool/ substâncias psicoativas";"Atropelamento de Pedestre";"Com Vítimas Fatais";"Plena Noite";"Decrescente";"Céu Claro";"Dupla";"Reta";"Não";2;1;0;0;0;1;0;2;-8,2157228;-35,6412891;"SPRF-PE";"DEL02-PE";"UOP02-DEL02PE"
669162;2025-03-23;"domingo";"21:30:00";"RJ";116;324;"ITATIAIA";"Ingestão de álcool pelo condutor";"Colisão traseira";"Sem Vítimas";"Plena Noite";"Crescente";"Chuva";"Múltipla";"Reta";"Sim";2;0;0;0;2;0;0;2;-22,46797868;-44,51030403;"SPRF-RJ";"DEL07-RJ";"UOP02-DEL07-RJ"
669163;2025-03-23;"domingo";"21:00:00";"RJ";116;205;"QUEIMADOS";"Demais falhas mecânicas ou elétricas";"Tombamento";"Com Vítimas Feridas";"Plena Noite";"Crescente";"Chuva";"Dupla";"Reta;Declive";"Não";2;0;2;0;0;0;2;1;-22,726177;-43,634382;"SPRF-RJ";"DEL06-RJ";"UOP02-DEL06-RJ"
669164;2025-03-23;"domingo";"18:00:00";"RS";116;201,6;"PICADA CAFE";"Velocidade Incompatível";"Saída de leito carroçável";"Com Vítimas Feridas";"Anoitecer";"Crescente";"Céu Claro";"Simples";"Curva";"Não";1;0;0;1;0;0;1;1;-29,48430001;-51,14450801;"SPRF-RS";"DEL05-RS";"UOP02-DEL05-RS"
669165;2025-03-23;"domingo";"22:50:00";"MG";267;20,5;"ARGIRITA";"Ausência de reação do condutor";"Saída de leito carroçável";"Com Vítimas Feridas";"Plena Noite";"Crescente";"Nublado";"Simples";"Curva";"Não";2;0;1;0;1;0;1;1;-21,59455446;-42,79586792;"SPRF-MG";"DEL07-MG";"UOP01-DEL07-MG"
669169;2025-03-23;"domingo";"21:10:00";"RS";101;23,8;"TRES CACHOEIRAS";"Reação tardia ou ineficiente do condutor";"Saída de leito carroçável";"Com Vítimas Feridas";"Plena Noite";"Crescente";"Céu Claro";"Dupla";"Reta";"Sim";5;0;4;0;1;0;4;1;-29,452138;-49,919932;"SPRF-RS";"DEL03-RS";"UOP02-DEL03-RS"
669170;2025-03-23;"domingo";"21:30:00";"RS";285;110,9;"VACARIA";"Velocidade Incompatível";"Saída de leito carroçável";"Com Vítimas Feridas";"Plena Noite";"Decrescente";"Céu Claro";"Simples";"Curva;Aclive";"Não";2;0;2;0;0;0;2;1;-28,51123757;-50,84730148;"SPRF-RS";"DEL05-RS";"UOP03-DEL05-RS"
669171;2025-03-23;"domingo";"22:50:00";"PR";376;600;"CURITIBA";"Ausência de reação do condutor";"Colisão traseira";"Com Vítimas Feridas";"Plena Noite";"Decrescente";"Nublado";"Dupla";"Reta;Declive";"Sim";5;0;2;0;3;0;2;2;-25,525394;-49,330415;"SPRF-PR";"DEL01-PR";"UOP06-DEL01-PR"
669172;2025-03-23;"domingo";"21:30:00";"MG";381;652;"PERDOES";"Velocidade Incompatível";"Capotamento";"Sem Vítimas";"Plena Noite";"Decrescente";"Nublado";"Dupla";"Curva;Aclive";"Não";1;0;0;0;1;0;0;1;-21,119831;-45,09552;"SPRF-MG";"DEL04-MG";"UOP02-DEL04-MG"
669173;2025-03-23;"domingo";"23:34:00";"PE";232;5;"RECIFE";"Pista esburacada";"Queda de ocupante de veículo";"Com Vítimas Feridas";"Plena Noite";"Decrescente";"Céu Claro";"Dupla";"Curva";"Sim";1;0;0;1;0;0;1;1;-8,06923621;-34,94793694;"SPRF-PE";"DEL01-PE";"UOP01-DEL01-PE"
669174;2025-03-23;"domingo";"17:41:00";"RO";364;343,1;"JI-PARANA";"Ausência de reação do condutor";"Colisão lateral mesmo sentido";"Com Vítimas Feridas";"Anoitecer";"Decrescente";"Céu Claro";"Múltipla";"Interseção de Vias";"Sim";2;0;0;1;1;0;1;2;-10,877633;-61,947143;"SPRF-RO";"DEL02-RO";"UOP01-DEL02-RO"
669175;2025-03-23;"domingo";"23:00:00";"RJ";101;307;"SAO GONCALO";"Ingestão de álcool pelo condutor";"Capotamento";"Com Vítimas Fatais";"Plena Noite";"Decrescente";"Garoa/Chuvisco";"Dupla";"Reta";"Não";6;2;3;0;1;0;3;2;-22,791026;-43,014102;"SPRF-RJ";"DEL02-RJ";"UOP02-DEL02-RJ"
669177;2025-03-23;"domingo";"20:45:00";"PA";163;674;"ITAITUBA";"Pedestre andava na pista";"Atropelamento de Pedestre";"Com Vítimas Fatais";"Anoitecer";"Decrescente";"Céu Claro";"Simples";"Reta";"Não";2;1;0;0;0;1;0;2;-4,35044;-55,785437;"SPRF-PA";"DEL06-PA";"UOP01-DEL06-PA"
669178;2025-03-23;"domingo";"23:45:00";"DF";20;9;"BRASILIA";"Velocidade Incompatível";"Saída de leito carroçável";"Sem Vítimas";"Plena Noite";"Crescente";"Nublado";"Dupla";"Reta";"Sim";1;0;0;0;0;1;0;1;-15,65170383;-47,77714849;"SPRF-DF";"DEL02-DF";"UOP01-DEL02-DF"
669180;2025-03-23;"domingo";"21:00:00";"PI";343;476;"ANGICAL DO PIAUI";"Acessar a via sem observar a presença dos outros veículos";"Colisão transversal";"Com Vítimas Feridas";"Plena Noite";"Crescente";"Céu Claro";"Simples";"Reta";"Não";2;0;0;1;1;0;1;2;-6,133385;-42,719003;"SPRF-PI";"DEL01-PI";"UOP02-DEL01-PI"
669181;2025-03-23;"domingo";"23:30:00";"PB";230;218,5;"SOLEDADE";"Acessar a via sem observar a presença dos outros veículos";"Colisão frontal";"Com Vítimas Fatais";"Plena Noite";"Crescente";"Céu Claro";"Simples";"Aclive";"Não";2;1;0;0;1;0;0;2;-7,05016;-36,38191;"SPRF-PB";"DEL02-PB";"UOP02-DEL02-PB"
669184;2025-03-23;"domingo";"23:52:00";"RO";364;640;"CANDEIAS DO JAMARI";"Ausência de reação do condutor";"Capotamento";"Sem Vítimas";"Plena Noite";"Crescente";"Céu Claro";"Simples";"Reta";"Não";1;0;0;0;0;1;0;1;-9,012901;-63,421381;"SPRF-RO";"DEL01-RO";"UOP04-DEL01-RO"
669185;2025-03-24;"segunda-feira";"00:10:00";"MA";10;239,8;"IMPERATRIZ";"Reação tardia ou ineficiente do condutor";"Colisão traseira";"Com Vítimas Feridas";"Plena Noite";"Crescente";"Céu Claro";"Simples";"Reta";"Não";3;0;1;1;0;1;2;2;-5,624282;-47,410058;"SPRF-MA";"DEL04-MA";"UOP01-DEL04-MA"
669187;2025-03-24;"segunda-feira";"02:30:00";"RJ";101;505;"ANGRA DOS REIS";"Animais na Pista";"Atropelamento de Animal";"Com Vítimas Fatais";"Plena Noite";"Crescente";"Céu Claro";"Simples";"Reta";"Sim";3;1;1;0;1;0;1;2;-22,93278754;-44,39248935;"SPRF-RJ";"DEL03-RJ";"UOP03-DEL03-RJ"
669188;2025-03-24;"segunda-feira";"03:10:00";"GO";40;2;"VALPARAISO DE GOIAS";"Condutor Dormindo";"Colisão traseira";"Com Vítimas Feridas";"Plena Noite";"Crescente";"Céu Claro";"Dupla";"Reta";"Sim";2;0;1;0;1;0;1;2;-16,05620652;-47,98253059;"SPRF-DF";"DEL01-DF";"UOP01-DEL01-DF"
669190;2025-03-24;"segunda-feira";"03:30:00";"RJ";101;329;"RIO DE JANEIRO";"Demais falhas mecânicas ou elétricas";"Colisão traseira";"Com Vítimas Feridas";"Plena Noite";"Decrescente";"Nublado";"Dupla";"Reta;Ponte";"Não";3;0;2;0;1;0;2;2;-22,86857452;-43,18779755;"SPRF-RJ";"DEL02-RJ";"UOP01-DEL02-RJ"
669192;2025-03-24;"segunda-feira";"02:00:00";"RS";101;65,5;"MAQUINE";"Pedestre andava na pista";"Atropelamento de Pedestre";"Com Vítimas Fatais";"Plena Noite";"Decrescente";"Céu Claro";"Dupla";"Reta";"Não";2;1;0;0;0;1;0;2;-29,713573;-50,18794;"SPRF-RS";"DEL03-RS";"UOP02-DEL03-RS"
669194;2025-03-24;"segunda-feira";"05:25:00";"RN";101;158,9;"CANGUARETAMA";"Animais na Pista";"Atropelamento de Animal";"Com Vítimas Feridas";"Amanhecer";"Decrescente";"Céu Claro";"Múltipla";"Reta";"Sim";1;0;1;0;0;0;1;1;-6,3596156;-35,1595615;"SPRF-RN";"DEL01-RN";"UOP01-DEL01-RN"
669196;2025-03-23;"domingo";"17:30:00";"MA";135;357;"PRESIDENTE DUTRA";"Transitar na contramão";"Colisão frontal";"Com Vítimas Fatais";"Plena Noite";"Crescente";"Céu Claro";"Simples";"Curva";"Não";4;2;1;1;0;0;2;2;-5,444959;-44,46854;"SPRF-MA";"DEL06-MA";"UOP01-DEL06-MA"