"id";"data_inversa";"dia_semana";"horario";"uf";"br";"km";"municipio";"causa_acidente";"tipo_acidente";"classificacao_acidente";"fase_dia";"sentido_via";"condicao_metereologica";"tipo_pista";"tracado_via";"uso_solo";"pessoas";"mortos";"feridos_leves";"feridos_graves";"ilesos";"ignorados";"feridos";"veiculos";"latitude";"longitude";"regional";"delegacia";"uop"
669302;2025-03-24;"segunda-feira";"13:21:00";"MT";70;2,3;"BARRA DO GARCAS";"Ultrapassagem Indevida";"Colisão lateral mesmo sentido";"Com Vítimas Feridas";"Pleno dia";"Decrescente";"Nublado";"Simples";"Reta;Declive";"Sim";1;0;1;0;0;0;1;1;-15,8494801;-52,2975092;"SPRF-MT";"DEL07-MT";"UOP01-DEL07-MT"
669304;2025-03-24;"segunda-feira";"13:15:00";"AL";316;269,8;"MACEIO";"Acessar a via sem observar a presença dos outros veículos";"Colisão frontal";"Sem Vítimas";"Pleno dia";"Decrescente";"Céu Claro";"Simples";"Interseção de Vias;Curva";"Sim";2;0;0;0;1;1;0;2;-9,5680981;-35,80786;"SPRF-AL";"DEL02-AL";"UOP01-DEL02-AL"
669305;2025-03-24;"segunda-feira";"15:30:00";"TO";153;765;"ALVORADA";"Ausência de reação do condutor";"Saída de leito carroçável";"Com Vítimas Feridas";"Pleno dia";"Decrescente";"Céu Claro";"Simples";"Reta";"Não";2;0;2;0;0;0;2;1;-12,25466733;-49,15815353;"SPRF-TO";"DEL01-TO";"UOP02-DEL01-TO"
669306;2025-03-24;"segunda-feira";"10:45:00";"RO";174;13;"VILHENA";"Condutor desrespeitou a iluminação vermelha do semáforo";"Colisão transversal";"Com Vítimas Feridas";"Pleno dia";"Decrescente";"Nublado";"Dupla";"Interseção de Vias";"Sim";3;0;2;0;1;0;2;2;-12,73407964;-60,14881611;"SPRF-RO";"DEL04-RO";"UOP01-DEL04-RO"
669308;2025-03-24;"segunda-feira";"12:58:00";"MG";381;568,4;"ITAGUARA";"Velocidade Incompatível";"Saída de leito carroçável";"Com Vítimas Feridas";"Pleno dia";"Crescente";"Nublado";"Dupla";"Curva";"Não";2;0;2;0;0;0;2;1;-20,40719475;-44,52448726;"SPRF-MG";"DEL04-MG";"UOP03-DEL04-MG"
669309;2025-03-24;"segunda-feira";"13:40:00";"RO";364;11;"VILHENA";"Desrespeitar a preferência no cruzamento";"Colisão lateral sentido oposto";"Com Vítimas Feridas";"Pleno dia";"Decrescente";"Nublado";"Dupla";"Reta";"Sim";2;0;1;0;1;0;1;2;-12,7533056;-60,2570752;"SPRF-RO";"DEL04-RO";"UOP01-DEL04-RO"
669311;2025-03-24;"segunda-feira";"14:30:00";"SC";280;28;"ARAQUARI";"Transitar no Acostamento";"Colisão transversal";"Com Vítimas Feridas";"Pleno dia";"Crescente";"Céu Claro";"Simples";"Reta";"Sim";2;0;1;0;1;0;1;2;-26,43345695;-48,73260498;"SPRF-SC";"DEL03-SC";"UOP03-DEL03-SC"
669313;2025-03-02;"domingo";"17:45:00";"PR";277;517,9;"GUARANIACU";"Acessar a via sem observar a presença dos outros veículos";"Colisão transversal";"Com Vítimas Fatais";"Pleno dia";"Crescente";"Céu Claro";"Simples";"Reta";"Sim";5;1;1;3;0;0;4;2;-25,11000517;-52,85260677;"SPRF-PR";"DEL04-PR";"UOP04-DEL04-PR"
669315;2025-03-24;"segunda-feira";"16:20:00";"CE";116;10;"FORTALEZA";"Manobra de mudança de faixa";"Colisão lateral mesmo sentido";"Com Vítimas Feridas";"Pleno dia";"Decrescente";"Céu Claro";"Múltipla";"Reta";"Não";2;0;1;0;1;0;1;2;-3,8399187;-38,5006297;"SPRF-CE";"DEL01-CE";"UOP02-DEL01-CE"
669316;2025-03-24;"segunda-feira";"15:10:00";"PI";316;6,8;"TERESINA";"Reação tardia ou ineficiente do condutor";"Colisão traseira";"Com Vítimas Feridas";"Pleno dia";"Crescente";"Sol";"Múltipla";"Interseção de Vias";"Sim";2;0;1;0;1;0;1;2;-5,15395;-42,77255;"SPRF-PI";"DEL01-PI";"UOP02-DEL01-PI"
669317;2025-03-24;"segunda-feira";"16:20:00";"MG";381;429;"SABARA";"Reação tardia ou ineficiente do condutor";"Saída de leito carroçável";"Com Vítimas Feridas";"Pleno dia";"Crescente";"Garoa/Chuvisco";"Simples";"Curva";"Não";2;0;1;0;0;1;1;2;-19,78777295;-43,69101394;"SPRF-MG";"DEL01-MG";"UOP01-DEL01-MG"
669319;2025-03-24;"segunda-feira";"16:50:00";"SP";381;32;"ATIBAIA";"Objeto estático sobre o leito carroçável";"Colisão com objeto";"Com Vítimas Feridas";"Pleno dia";"Decrescente";"Céu Claro";"Dupla";"Reta";"Sim";1;0;1;0;0;0;1;1;-23,055109;-46,569973;"SPRF-SP";"DEL03-SP";"UOP02-DEL03-SP"
669320;2025-03-24;"segunda-feira";"11:30:00";"MT";163;834;"SINOP";"Ausência de reação do condutor";"Queda de ocupante de veículo";"Com Vítimas Feridas";"Pleno dia";"Crescente";"Céu Claro";"Simples";"Curva";"Não";2;0;2;0;0;0;2;1;-11,893977;-55,50351;"SPRF-MT";"DEL06-MT";"UOP02-DEL06-MT"
669321;2025-03-24;"segunda-feira";"14:00:00";"SC";282;228,5;"LAGES";"Acessar a via sem observar a presença dos outros veículos";"Colisão frontal";"Com Vítimas Feridas";"Pleno dia";"Crescente";"Céu Claro";"Simples";"Curva;Declive;Interseção de Vias";"Não";5;0;5;0;0;0;5;2;-27,790088;-50,40955;"SPRF-SC";"DEL05-SC";"UOP02-DEL05-SC"
669322;2025-03-24;"segunda-feira";"17:20:00";"RS";290;92;"PORTO ALEGRE";"Reação tardia ou ineficiente do condutor";"Colisão traseira";"Com Vítimas Feridas";"Pleno dia";"Decrescente";"Céu Claro";"Múltipla";"Reta";"Sim";2;0;1;0;1;0;1;2;-29,96969496;-51,17650509;"SPRF-RS";"DEL01-RS";"UOP01-DEL01-RS"
669323;2025-03-24;"segunda-feira";"07:45:00";"SC";282;472,5;"VARGEAO";"Acessar a via sem observar a presença dos outros veículos";"Colisão transversal";"Com Vítimas Feridas";"Pleno dia";"Crescente";"Céu Claro";"Simples";"Reta;Interseção de Vias";"Não";2;0;0;1;1;0;1;2;-26,863052;-52,126753;"SPRF-SC";"DEL07-SC";"UOP01-DEL07-SC"
669324;2025-03-24;"segunda-feira";"16:20:00";"PR";277;14,1;"PARANAGUA";"Reação tardia ou ineficiente do condutor";"Saída de leito carroçável";"Com Vítimas Feridas";"Pleno dia";"Decrescente";"Céu Claro";"Dupla";"Reta";"Não";2;0;2;0;0;0;2;1;-25,55434035;-48,6611791;"SPRF-PR";"DEL01-PR";"UOP05-DEL01-PR"
669325;2025-03-24;"segunda-feira";"17:50:00";"RN";101;73;"EXTREMOZ";"Velocidade Incompatível";"Queda de ocupante de veículo";"Com Vítimas Feridas";"Plena Noite";"Crescente";"Céu Claro";"Simples";"Reta";"Não";1;0;1;0;0;0;1;1;-5,66921205;-35,2565155;"SPRF-RN";"DEL02-RN";"UOP01-DEL02-RN"
669327;2025-03-24;"segunda-feira";"17:00:00";"RS";287;528;"SAO BORJA";"Ausência de reação do condutor";"Colisão traseira";"Com Vítimas Feridas";"Pleno dia";"Decrescente";"Céu Claro";"Simples";"Reta";"Não";3;0;0;1;1;1;1;3;-28,69082912;-55,91753298;"SPRF-RS";"DEL12-RS";"UOP01-DEL12-RS"
669330;2025-03-24;"segunda-feira";"17:00:00";"BA";235;350;"JUAZEIRO";"Reação tardia ou ineficiente do condutor";"Colisão traseira";"Sem Vítimas";"Anoitecer";"Decrescente";"Céu Claro";"Dupla";"Reta";"Não";2;0;0;0;2;0;0;2;-9,429662;-40,504115;"SPRF-PE";"DEL06-PE";"UOP01-DEL06-PE"
669332;2025-03-24;"segunda-feira";"14:50:00";"RJ";465;21;"NOVA IGUACU";"Trafegar com motocicleta (ou similar) entre as faixas";"Colisão transversal";"Com Vítimas Feridas";"Pleno dia";"Decrescente";"Céu Claro";"Simples";"Reta";"Sim";2;0;1;0;1;0;1;2;-22,84934285;-43,603184;"SPRF-RJ";"DEL06-RJ";"UOP02-DEL06-RJ"
669334;2025-03-24;"segunda-feira";"16:32:00";"SP";116;360,5;"MIRACATU";"Ausência de reação do condutor";"Saída de leito carroçável";"Com Vítimas Feridas";"Pleno dia";"Decrescente";"Nublado";"Dupla";"Curva;Aclive";"Não";1;0;1;0;0;0;1;1;-24,116;-47,27;"SPRF-SP";"DEL04-SP";"UOP03-DEL04-SP"
669335;2025-03-24;"segunda-feira";"17:40:00";"SC";470;138;"RIO DO SUL";"Trafegar com motocicleta (ou similar) entre as faixas";"Colisão transversal";"Com Vítimas Feridas";"Pleno dia";"Decrescente";"Céu Claro";"Simples";"Reta;Interseção de Vias";"Sim";2;0;1;0;1;0;1;2;-27,1967535;-49,62757766;"SPRF-SC";"DEL04-SC";"UOP02-DEL04-SC"
669336;2025-03-24;"segunda-feira";"17:30:00";"RJ";493;19,7;"MAGE";"Ausência de reação do condutor";"Colisão transversal";"Com Vítimas Feridas";"Anoitecer";"Crescente";"Nublado";"Simples";"Rotatória;Desvio Temporário;Reta;Em Obras";"Não";2;0;1;0;1;0;1;2;-22,66358566;-43,03435737;"SPRF-RJ";"DEL04-RJ";"UOP02-DEL04-RJ"
669337;2025-03-24;"segunda-feira";"16:30:00";"PR";476;192;"LAPA";"Demais falhas mecânicas ou elétricas";"Incêndio";"Sem Vítimas";"Pleno dia";"Decrescente";"Céu Claro";"Simples";"Reta;Aclive";"Não";1;0;0;0;1;0;0;1;-25,77600354;-49,8222819;"SPRF-PR";"DEL01-PR";"UOP06-DEL01-PR"
669338;2025-03-24;"segunda-feira";"17:20:00";"SC";282;3;"FLORIANOPOLIS";"Trafegar com motocicleta (ou similar) entre as faixas";"Tombamento";"Com Vítimas Feridas";"Anoitecer";"Crescente";"Nublado";"Dupla";"Reta";"Sim";2;0;0;1;0;1;1;2;-27,60314182;-48,59060884;"SPRF-SC";"DEL01-SC";"UOP01-DEL01-SC"
669339;2025-03-24;"segunda-feira";"07:20:00";"SC";280;31;"ARAQUARI";"Ausência de reação do condutor";"Queda de ocupante de veículo";"Com Vítimas Feridas";"Pleno dia";"Decrescente";"Céu Claro";"Simples";"Reta;Interseção de Vias";"Não";1;0;0;1;0;0;1;1;-26,41647024;-48,77137899;"SPRF-SC";"DEL03-SC";"UOP03-DEL03-SC"
669340;2025-03-24;"segunda-feira";"17:30:00";"ES";101;141;"LINHARES";"Ausência de reação do condutor";"Colisão traseira";"Com Vítimas Feridas";"Plena Noite";"Crescente";"Céu Claro";"Dupla";"Reta";"Sim";2;0;1;0;1;0;1;2;-19,33557995;-40,06709576;"SPRF-ES";"DEL04-ES";"UOP01-DEL04-ES"
669341;2025-03-24;"segunda-feira";"17:58:00";"PE";101;70;"RECIFE";"Reação tardia ou ineficiente do condutor";"Tombamento";"Com Vítimas Feridas";"Plena Noite";"Decrescente";"Céu Claro";"Dupla";"Reta";"Sim";2;0;2;0;0;0;2;1;-8,070148;-34,939816;"SPRF-PE";"DEL01-PE";"UOP01-DEL01-PE"
669342;2025-03-24;"segunda-feira";"15:00:00";"MT";70;673;"CACERES";"Velocidade Incompatível";"Saída de leito carroçável";"Sem Vítimas";"Pleno dia";"Decrescente";"Ignorado";"Simples";"Curva";"Não";1;0;0;0;0;1;0;1;-16,139725;-57,330661;"SPRF-MT";"DEL03-MT";"UOP02-DEL03-MT"
669343;2025-03-24;"segunda-feira";"17:55:00";"DF";40;1;"BRASILIA";"Acumulo de água sobre o pavimento";"Tombamento";"Com Vítimas Feridas";"Anoitecer";"Crescente";"Chuva";"Dupla";"Reta";"Sim";1;0;1;0;0;0;1;1;-15,985917;-47,987758;"SPRF-DF";"DEL01-DF";"UOP01-DEL01-DF"
669346;2025-03-24;"segunda-feira";"17:50:00";"PE";101;61,8;"RECIFE";"Avarias e/ou desgaste excessivo no pneu";"Queda de ocupante de veículo";"Com Vítimas Feridas";"Anoitecer";"Crescente";"Céu Claro";"Dupla";"Reta";"Sim";2;0;0;1;1;0;1;1;-7,99708;-34,93953;"SPRF-PE";"DEL01-PE";"UOP02-DEL01-PE"
669348;2025-03-24;"segunda-feira";"18:13:00";"CE";116;16;"FORTALEZA";"Pedestre cruzava a pista fora da faixa";"Atropelamento de Pedestre";"Com Vítimas Feridas";"Plena Noite";"Decrescente";"Nublado";"Dupla";"Reta";"Sim";3;0;1;1;1;0;2;2;-3,886508;-38,501423;"SPRF-CE";"DEL01-CE";"UOP02-DEL01-CE"
669349;2025-03-24;"segunda-feira";"17:50:00";"PR";277;596,5;"CASCAVEL";"Condutor deixou de manter distância do veículo da frente";"Colisão traseira";"Com Vítimas Feridas";"Pleno dia";"Decrescente";"Céu Claro";"Simples";"Reta";"Sim";2;0;0;1;1;0;1;2;-24,991895;-53,51075;"SPRF-PR";"DEL04-PR";"UOP01-DEL04-PR"
669350;2025-03-24;"segunda-feira";"17:57:00";"RN";101;101,1;"PARNAMIRIM";"Manobra de mudança de faixa";"Colisão traseira";"Com Vítimas Feridas";"Pleno dia";"Decrescente";"Céu Claro";"Dupla";"Curva;Túnel";"Sim";2;0;1;0;1;0;1;2;-5,887287;-35,232698;"SPRF-RN";"DEL01-RN";"UOP01-DEL01-RN"
669352;2025-03-24;"segunda-feira";"17:00:00";"RJ";40;84;"PETROPOLIS";"Pista Escorregadia";"Capotamento";"Com Vítimas Feridas";"Anoitecer";"Crescente";"Chuva";"Simples";"Curva";"Não";3;0;1;0;2;0;1;1;-22,51055487;-43,23063937;"SPRF-RJ";"DEL01-RJ";"UOP01-DEL01-RJ"
669353;2025-03-24;"segunda-feira";"18:20:00";"ES";101;289;"CARIACICA";"Condutor deixou de manter distância do veículo da frente";"Colisão lateral mesmo sentido";"Com Vítimas Feridas";"Plena Noite";"Crescente";"Céu Claro";"Dupla";"Reta";"Não";2;0;0;1;1;0;1;2;-20,28570697;-40,39260864;"SPRF-ES";"DEL01-ES";"UOP01-DEL01-ES"
669355;2025-03-24;"segunda-feira";"18:42:00";"SE";101;92;"NOSSA SENHORA DO SOCORRO";"Condutor deixou de manter distância do veículo da frente";"Colisão traseira";"Sem Vítimas";"Plena Noite";"Crescente";"Céu Claro";"Dupla";"Reta";"Sim";4;0;0;0;4;0;0;2;-10,9007392;-37,13928223;"SPRF-SE";"DEL01-SE";"UOP01-DEL01-SE"
669356;2025-03-24;"segunda-feira";"19:00:00";"SC";101;218,8;"PALHOCA";"Manobra de mudança de faixa";"Queda de ocupante de veículo";"Com Vítimas Feridas";"Plena Noite";"Crescente";"Céu Claro";"Dupla";"Reta";"Sim";1;0;1;0;0;0;1;1;-27,68269;-48,667858;"SPRF-SC";"DEL01-SC";"UOP02-DEL01-SC"
669357;2025-03-24;"segunda-feira";"18:30:00";"RJ";0;0;"RIO DE JANEIRO";"Acumulo de areia ou detritos sobre o pavimento";"Colisão frontal";"Sem Vítimas";"Plena Noite";"Não Informado";"Chuva";"Simples";"Rotatória;Aclive;Curva";"Sim";3;0;0;0;3;0;0;1;-22,80886;-43,341883;"SPRF-RJ";"N/A";"N/A"
669358;2025-03-24;"segunda-feira";"17:14:00";"PR";163;26,7;"SANTO ANTONIO DO SUDOESTE";"Desrespeitar a preferência no cruzamento";"Colisão transversal";"Com Vítimas Feridas";"Pleno dia";"Crescente";"Céu Claro";"Simples";"Rotatória";"Não";4;0;2;0;2;0;2;2;-26,119194;-53,679631;"SPRF-PR";"DEL02-PR";"UOP02-DEL02-PR"
669359;2025-03-24;"segunda-feira";"17:15:00";"BA";116;632;"JAGUAQUARA";"Acessar a via sem observar a presença dos outros veículos";"Colisão transversal";"Sem Vítimas";"Plena Noite";"Crescente";"Céu Claro";"Simples";"Reta";"Sim";2;0;0;0;1;1;0;2;-13,51788426;-40,0584132;"SPRF-BA";"DEL03-BA";"UOP01-DEL03-BA"
669360;2025-03-24;"segunda-feira";"18:48:00";"DF";70;18;"BRASILIA";"Acessar a via sem observar a presença dos outros veículos";"Colisão traseira";"Com Vítimas Feridas";"Anoitecer";"Crescente";"Nublado";"Dupla";"Aclive;Reta";"Não";2;0;0;1;1;0;1;2;-15,78961532;-48,2163924;"SPRF-DF";"DEL03-DF";"UOP02-DEL03-DF"
669362;2025-03-24;"segunda-feira";"18:50:00";"SE";235;12;"NOSSA SENHORA DO SOCORRO";"Reação tardia ou ineficiente do condutor";"Colisão lateral mesmo sentido";"Com Vítimas Feridas";"Plena Noite";"Crescente";"Ignorado";"Múltipla";"Declive;Curva";"Não";3;0;3;0;0;0;3;2;-10,88412794;-37,13116754;"SPRF-SE";"DEL01-SE";"UOP01-DEL01-SE"
669364;2025-03-06;"quinta-feira";"08:40:00";"MG";459;48,6;"SANTA RITA DE CALDAS";"Mal súbito do condutor";"Saída de leito carroçável";"Com Vítimas Fatais";"Pleno dia";"Decrescente";"Céu Claro";"Simples";"Reta";"Não";4;1;0;0;0;3;0;2;-22,032092;-46,30057;"SPRF-MG";"DEL09-MG";"UOP01-DEL09-MG"
669365;2025-03-24;"segunda-feira";"19:55:00";"SC";101;117;"ITAJAI";"Ausência de reação do condutor";"Colisão lateral mesmo sentido";"Com Vítimas Feridas";"Plena Noite";"Decrescente";"Céu Claro";"Dupla";"Rotatória;Reta";"Sim";2;0;1;0;1;0;1;2;-26,88903979;-48,72573853;"SPRF-SC";"DEL04-SC";"UOP04-DEL04-SC"
669366;2025-03-24;"segunda-feira";"11:00:00";"SC";282;6;"SAO JOSE";"Demais falhas mecânicas ou elétricas";"Queda de ocupante de veículo";"Com Vítimas Feridas";"Pleno dia";"Decrescente";"Céu Claro";"Dupla";"Curva";"Não";1;0;1;0;0;0;1;1;-27,58668713;-48,61639911;"SPRF-SC";"DEL01-SC";"UOP01-DEL01-SC"
669367;2025-03-24;"segunda-feira";"20:10:00";"RN";304;283,7;"MACAIBA";"Entrada inopinada do pedestre";"Atropelamento de Pedestre";"Com Vítimas Fatais";"Plena Noite";"Decrescente";"Céu Claro";"Dupla";"Retorno Regulamentado;Reta";"Não";5;1;0;0;4;0;0;2;-5,880495;-35,459942;"SPRF-RN";"DEL01-RN";"UOP02-DEL01-RN"
669368;2025-03-24;"segunda-feira";"18:40:00";"RO";364;710;"PORTO VELHO";"Condutor deixou de manter distância do veículo da frente";"Colisão traseira";"Com Vítimas Feridas";"Anoitecer";"Crescente";"Céu Claro";"Dupla";"Reta";"Sim";3;0;1;0;2;0;1;2;-8,7842203;-63,8606252;"SPRF-RO";"DEL01-RO";"UOP01-DEL01-RO"
669370;2025-03-24;"segunda-feira";"17:00:00";"PR";376;659,6;"TIJUCAS DO SUL";"Demais falhas mecânicas ou elétricas";"Incêndio";"Sem Vítimas";"Pleno dia";"Decrescente";"Céu Claro";"Simples";"Reta;Aclive";"Não";3;0;0;0;3;0;0;1;-25,850642;-48,994354;"SPRF-PR";"DEL01-PR";"UOP04-DEL01-PR"
669371;2025-03-24;"segunda-feira";"18:30:00";"PR";153;103,7;"IBAITI";"Reação tardia ou ineficiente do condutor";"Colisão traseira";"Com Vítimas Feridas";"Anoitecer";"Crescente";"Céu Claro";"Simples";"Reta";"Não";2;0;0;1;1;0;1;2;-23,80194;-50,17938;"SPRF-PR";"DEL07-PR";"UOP04-DEL07-PR"
669372;2025-03-24;"segunda-feira";"20:30:00";"RJ";101;65;"CAMPOS DOS GOYTACAZES";"Acessar a via sem observar a presença dos outros veículos";"Colisão transversal";"Com Vítimas Feridas";"Plena Noite";"Decrescente";"Chuva";"Simples";"Reta";"Sim";2;0;2;0;0;0;2;2;-21,753784;-41,344082;"SPRF-RJ";"DEL08-RJ";"UOP02-DEL08-RJ"
669373;2025-03-24;"segunda-feira";"20:38:00";"ES";101;314;"VILA VELHA";"Reação tardia ou ineficiente do condutor";"Queda de ocupante de veículo";"Com Vítimas Feridas";"Plena Noite";"Decrescente";"Ignorado";"Dupla";"Reta";"Não";1;0;1;0;0;0;1;1;-20,46473;-40,46539;"SPRF-ES";"DEL01-ES";"UOP01-DEL01-ES"
669375;2025-03-24;"segunda-feira";"16:00:00";"MG";354;730,7;"POUSO ALTO";"Transitar na contramão";"Colisão transversal";"Com Vítimas Feridas";"Pleno dia";"Crescente";"Nublado";"Simples";"Declive;Curva";"Não";5;0;1;0;4;0;1;2;-22,164734;-44,962977;"SPRF-MG";"DEL17-MG";"UOP01-DEL17-MG"
669376;2025-03-24;"segunda-feira";"19:10:00";"RJ";493;53;"DUQUE DE CAXIAS";"Reação tardia ou ineficiente do condutor";"Capotamento";"Com Vítimas Feridas";"Plena Noite";"Crescente";"Chuva";"Dupla";"Reta";"Não";3;0;1;0;2;0;1;2;-22,66560084;-43,32645178;"SPRF-RJ";"DEL01-RJ";"UOP03-DEL01-RJ"
669378;2025-03-24;"segunda-feira";"20:15:00";"RS";116;329;"BARRA DO RIBEIRO";"Ingestão de álcool pelo condutor";"Saída de leito carroçável";"Sem Vítimas";"Plena Noite";"Decrescente";"Céu Claro";"Dupla";"Rotatória;Retorno Regulamentado";"Não";1;0;0;0;1;0;0;1;-30,39083545;-51,43426147;"SPRF-RS";"DEL02-RS";"UOP02-DEL02-RS"
669379;2025-03-24;"segunda-feira";"17:55:00";"SC";101;296;"IMBITUBA";"Reação tardia ou ineficiente do condutor";"Colisão com objeto";"Com Vítimas Feridas";"Anoitecer";"Decrescente";"Céu Claro";"Dupla";"Reta";"Não";1;0;1;0;0;0;1;1;-28,32961;-48,732133;"SPRF-SC";"DEL02-SC";"UOP03-DEL02-SC"
669380;2025-03-24;"segunda-feira";"19:15:00";"RO";364;425,4;"JARU";"Acessar a via sem observar a presença dos outros veículos";"Colisão transversal";"Com Vítimas Feridas";"Anoitecer";"Decrescente";"Chuva";"Simples";"Interseção de Vias";"Não";2;0;1;0;1;0;1;2;-10,4360186;-62,47443784;"SPRF-RO";"DEL03-RO";"UOP02-DEL03-RO"
669383;2025-03-24;"segunda-feira";"19:50:00";"MT";70;295;"PRIMAVERA DO LESTE";"Demais falhas mecânicas ou elétricas";"Tombamento";"Com Vítimas Feridas";"Plena Noite";"Crescente";"Nublado";"Simples";"Reta";"Não";1;0;1;0;0;0;1;1;-15,57971862;-54,41905975;"SPRF-MT";"DEL05-MT";"UOP01-DEL05-MT"
669384;2025-03-24;"segunda-feira";"18:00:00";"MG";153;237;"FRONTEIRA";"Ausência de reação do condutor";"Saída de leito carroçável";"Com Vítimas Feridas";"Pleno dia";"Decrescente";"Céu Claro";"Simples";"Em Obras";"Não";1;0;0;1;0;0;1;1;-20,23828106;-49,15987015;"SPRF-MG";"DEL13-MG";"UOP02-DEL13-MG"
669385;2025-03-20;"quinta-feira";"16:50:00";"RJ";116;131;"MAGE";"Acumulo de areia ou detritos sobre o pavimento";"Queda de ocupante de veículo";"Com Vítimas Feridas";"Pleno dia";"Decrescente";"Céu Claro";"Simples";"Viaduto";"Sim";2;0;2;0;0;0;2;1;-22,6623488;-43,0866432;"SPRF-RJ";"DEL04-RJ";"UOP02-DEL04-RJ"
669387;2025-03-24;"segunda-feira";"18:40:00";"MT";163;1066;"GUARANTA DO NORTE";"Acessar a via sem observar a presença dos outros veículos";"Colisão frontal";"Com Vítimas Feridas";"Plena Noite";"Crescente";"Nublado";"Simples";"Reta";"Não";2;0;2;0;0;0;2;2;-9,93638762;-54,9041748;"SPRF-MT";"DEL06-MT";"UOP03-DEL06-MT"
669389;2025-03-24;"segunda-feira";"20:20:00";"MG";262;802,8;"UBERABA";"Velocidade Incompatível";"Colisão com objeto";"Com Vítimas Feridas";"Plena Noite";"Decrescente";"Céu Claro";"Dupla";"Interseção de Vias";"Sim";1;0;0;1;0;0;1;1;-19,772753;-47,914353;"SPRF-MG";"DEL13-MG";"UOP01-DEL13-MG"
669391;2025-03-24;"segunda-feira";"12:45:00";"RO";425;78;"NOVA MAMORE";"Acumulo de água sobre o pavimento";"Saída de leito carroçável";"Com Vítimas Feridas";"Pleno dia";"Crescente";"Chuva";"Simples";"Reta";"Não";3;0;1;0;2;0;1;1;-10,39227645;-65,32479191;"SPRF-RO";"DEL01-RO";"UOP03-DEL01-RO"
669393;2025-03-24;"segunda-feira";"22:20:00";"SC";101;88,2;"BARRA VELHA";"Pedestre cruzava a pista fora da faixa";"Atropelamento de Pedestre";"Com Vítimas Fatais";"Plena Noite";"Crescente";"Nublado";"Múltipla";"Reta";"Sim";2;1;0;0;0;1;0;2;-26,65149;-48,68719;"SPRF-SC";"DEL03-SC";"UOP02-DEL03-SC"
669395;2025-03-25;"terça-feira";"00:01:00";"RS";392;257,1;"CACAPAVA DO SUL";"Avarias e/ou desgaste excessivo no pneu";"Tombamento";"Com Vítimas Feridas";"Plena Noite";"Crescente";"Céu Claro";"Simples";"Reta;Aclive";"Não";2;0;2;0;0;0;2;1;-30,5012994;-53,47595137;"SPRF-RS";"DEL09-RS";"UOP02-DEL09-RS"
669399;2025-03-25;"terça-feira";"00:25:00";"PR";116;130;"FAZENDA RIO GRANDE";"Demais falhas mecânicas ou elétricas";"Tombamento";"Com Vítimas Feridas";"Plena Noite";"Crescente";"Céu Claro";"Dupla";"Reta";"Não";2;0;2;0;0;0;2;1;-25,67884046;-49,31609089;"SPRF-PR";"DEL01-PR";"UOP03-DEL01-PR"
669400;2025-03-24;"segunda-feira";"22:45:00";"PR";376;3;"SAO JOSE DOS PINHAIS";"Condutor deixou de manter distância do veículo da frente";"Colisão traseira";"Com Vítimas Feridas";"Plena Noite";"Crescente";"Ignorado";"Dupla";"Reta";"Sim";3;0;1;0;2;0;1;2;-25,54688765;-49,18911327;"SPRF-PR";"DEL01-PR";"UOP04-DEL01-PR"
669402;2025-03-25;"terça-feira";"00:45:00";"RJ";116;319;"ITATIAIA";"Ingestão de álcool pelo condutor";"Saída de leito carroçável";"Sem Vítimas";"Plena Noite";"Crescente";"Céu Claro";"Dupla";"Reta";"Não";1;0;0;0;1;0;0;1;-22,47300355;-44,52247359;"SPRF-RJ";"DEL07-RJ";"UOP02-DEL07-RJ"
669403;2025-03-25;"terça-feira";"02:10:00";"BA";324;525;"FEIRA DE SANTANA";"Condutor deixou de manter distância do veículo da frente";"Colisão traseira";"Com Vítimas Feridas";"Plena Noite";"Crescente";"Céu Claro";"Dupla";"Reta";"Sim";2;0;1;0;0;1;1;2;-12,30885;-38,887368;"SPRF-BA";"DEL01-BA";"UOP03-DEL01-BA"
669405;2025-03-25;"terça-feira";"02:00:00";"SP";116;420;"JUQUIA";"Ausência de reação do condutor";"Saída de leito carroçável";"Com Vítimas Fatais";"Plena Noite";"Crescente";"Céu Claro";"Dupla";"Reta";"Não";2;1;0;1;0;0;1;1;-24,3564887;-47,681749;"SPRF-SP";"DEL05-SP";"UOP01-DEL05-SP"
669407;2025-03-25;"terça-feira";"01:40:00";"AP";210;90;"PORTO GRANDE";"Transitar na contramão";"Colisão frontal";"Com Vítimas Fatais";"Plena Noite";"Decrescente";"Céu Claro";"Simples";"Reta";"Não";9;5;0;4;0;0;4;2;0,63684702;-51,30493105;"SPRF-AP";"DEL01-AP";"UOP01-DEL01-AP"
669408;2025-03-25;"terça-feira";"04:00:00";"SC";280;58;"GUARAMIRIM";"Demais falhas mecânicas ou elétricas";"Colisão com objeto";"Com Vítimas Feridas";"Plena Noite";"Decrescente";"Garoa/Chuvisco";"Dupla";"Rotatória";"Sim";1;0;1;0;0;0;1;1;-26,474324;-49,020004;"SPRF-SC";"DEL03-SC";"UOP03-DEL03-SC"