"id";"data_inversa";"dia_semana";"horario";"uf";"br";"km";"municipio";"causa_acidente";"tipo_acidente";"classificacao_acidente";"fase_dia";"sentido_via";"condicao_metereologica";"tipo_pista";"tracado_via";"uso_solo";"pessoas";"mortos";"feridos_leves";"feridos_graves";"ilesos";"ignorados";"feridos";"veiculos";"latitude";"longitude";"regional";"delegacia";"uop"
669513;2025-03-25;"terça-feira";"15:42:00";"SC";280;58;"GUARAMIRIM";"Acessar a via sem observar a presença dos outros veículos";"Colisão transversal";"Com Vítimas Feridas";"Pleno dia";"Decrescente";"Céu Claro";"Simples";"Rotatória";"Sim";2;0;1;0;1;0;1;2;-26,4752503;-48,988098;"SPRF-SC";"DEL03-SC";"UOP03-DEL03-SC"
669519;2025-02-09;"domingo";"03:00:00";"RJ";101;540;"PARATY";"Condutor Dormindo";"Saída de leito carroçável";"Com Vítimas Fatais";"Plena Noite";"Decrescente";"Céu Claro";"Simples";"Curva";"Não";1;1;0;0;0;0;0;1;-23,054666;-44,59037997;"SPRF-RJ";"DEL03-RJ";"UOP04-DEL03-RJ"
669520;2025-03-25;"terça-feira";"15:10:00";"GO";60;25;"ALEXANIA";"Condutor Dormindo";"Saída de leito carroçável";"Com Vítimas Feridas";"Pleno dia";"Decrescente";"Nublado";"Dupla";"Curva";"Não";1;0;1;0;0;0;1;1;-16,109493;-48,447658;"SPRF-DF";"DEL03-DF";"UOP01-DEL03-DF"
669522;2025-03-25;"terça-feira";"18:00:00";"ES";101;286,5;"CARIACICA";"Reação tardia ou ineficiente do condutor";"Tombamento";"Com Vítimas Feridas";"Anoitecer";"Crescente";"Céu Claro";"Dupla";"Reta";"Sim";2;0;2;0;0;0;2;1;-20,25546261;-40,37550319;"SPRF-ES";"DEL01-ES";"UOP01-DEL01-ES"
669523;2025-03-25;"terça-feira";"17:21:00";"BA";101;808;"ITAMARAJU";"Acessar a via sem observar a presença dos outros veículos";"Colisão transversal";"Com Vítimas Feridas";"Pleno dia";"Crescente";"Céu Claro";"Simples";"Rotatória;Curva";"Sim";2;0;2;0;0;0;2;2;-17,02640079;-39,54019932;"SPRF-BA";"DEL09-BA";"UOP01-DEL09-BA"
669524;2025-03-25;"terça-feira";"13:30:00";"MG";381;921,8;"CAMANDUCAIA";"Curva acentuada";"Queda de ocupante de veículo";"Com Vítimas Feridas";"Pleno dia";"Crescente";"Céu Claro";"Dupla";"Curva";"Não";1;0;1;0;0;0;1;1;-22,76588922;-46,17723924;"SPRF-MG";"DEL16-MG";"UOP03-DEL16-MG"
669525;2025-03-25;"terça-feira";"17:30:00";"SP";381;76;"SAO PAULO";"Chuva";"Capotamento";"Com Vítimas Feridas";"Pleno dia";"Crescente";"Chuva";"Simples";"Curva;Declive";"Não";3;0;2;1;0;0;3;1;-23,38894453;-46,56938732;"SPRF-SP";"DEL03-SP";"UOP01-DEL03-SP"
669526;2025-03-25;"terça-feira";"16:10:00";"SC";163;94;"GUARACIABA";"Velocidade Incompatível";"Saída de leito carroçável";"Com Vítimas Feridas";"Pleno dia";"Crescente";"Chuva";"Simples";"Curva";"Não";1;0;1;0;0;0;1;1;-26,53229571;-53,52158004;"SPRF-SC";"DEL07-SC";"UOP03-DEL07-SC"
669529;2025-03-25;"terça-feira";"16:40:00";"RJ";116;196;"QUEIMADOS";"Mal súbito do condutor";"Colisão com objeto";"Com Vítimas Feridas";"Pleno dia";"Decrescente";"Céu Claro";"Dupla";"Reta";"Não";1;0;1;0;0;0;1;1;-22,73185705;-43,60748291;"SPRF-RJ";"DEL06-RJ";"UOP01-DEL06-RJ"
669530;2025-03-25;"terça-feira";"17:30:00";"RN";101;103,5;"PARNAMIRIM";"Trafegar com motocicleta (ou similar) entre as faixas";"Colisão traseira";"Com Vítimas Feridas";"Anoitecer";"Crescente";"Céu Claro";"Dupla";"Reta";"Sim";3;0;1;0;2;0;1;2;-5,89084004;-35,25225163;"SPRF-RN";"DEL01-RN";"UOP01-DEL01-RN"
669531;2025-03-25;"terça-feira";"17:00:00";"RS";285;118,4;"VACARIA";"Velocidade Incompatível";"Saída de leito carroçável";"Sem Vítimas";"Pleno dia";"Crescente";"Céu Claro";"Simples";"Reta";"Sim";1;0;0;0;0;1;0;1;-28,5072;-50,915097;"SPRF-RS";"DEL05-RS";"UOP03-DEL05-RS"
669532;2025-03-25;"terça-feira";"17:35:00";"RJ";101;576;"PARATY";"Acessar a via sem observar a presença dos outros veículos";"Colisão transversal";"Com Vítimas Feridas";"Pleno dia";"Crescente";"Céu Claro";"Simples";"Reta";"Sim";3;0;0;1;2;0;1;2;-23,22766669;-44,72727651;"SPRF-RJ";"DEL03-RJ";"UOP04-DEL03-RJ"
669533;2025-03-25;"terça-feira";"17:40:00";"MG";262;803,6;"UBERABA";"Condutor deixou de manter distância do veículo da frente";"Colisão traseira";"Com Vítimas Feridas";"Pleno dia";"Crescente";"Céu Claro";"Dupla";"Interseção de Vias;Reta";"Sim";2;0;1;0;1;0;1;2;-19,7743915;-47,91756565;"SPRF-MG";"DEL13-MG";"UOP01-DEL13-MG"
669534;2025-03-25;"terça-feira";"17:30:00";"RJ";101;316;"SAO GONCALO";"Ausência de reação do condutor";"Colisão traseira";"Sem Vítimas";"Anoitecer";"Decrescente";"Céu Claro";"Dupla";"Reta";"Sim";3;0;0;0;3;0;0;2;-22,82434824;-43,08771372;"SPRF-RJ";"DEL02-RJ";"UOP02-DEL02-RJ"
669535;2025-03-25;"terça-feira";"17:50:00";"SP";116;153;"SAO JOSE DOS CAMPOS";"Acesso irregular";"Colisão traseira";"Com Vítimas Feridas";"Pleno dia";"Decrescente";"Céu Claro";"Dupla";"Reta;Interseção de Vias";"Sim";2;0;1;0;0;1;1;2;-23,2494417;-45,9354111;"SPRF-SP";"DEL02-SP";"UOP01-DEL02-SP"
669536;2025-03-25;"terça-feira";"17:10:00";"PR";376;615;"SAO JOSE DOS PINHAIS";"Condutor deixou de manter distância do veículo da frente";"Tombamento";"Com Vítimas Feridas";"Pleno dia";"Crescente";"Céu Claro";"Dupla";"Curva";"Não";1;0;1;0;0;0;1;1;-25,58422389;-49,17634964;"SPRF-PR";"DEL01-PR";"UOP04-DEL01-PR"
669537;2025-03-25;"terça-feira";"17:35:00";"RJ";393;281;"BARRA DO PIRAI";"Frear bruscamente";"Queda de ocupante de veículo";"Com Vítimas Feridas";"Anoitecer";"Decrescente";"Céu Claro";"Simples";"Reta";"Não";1;0;1;0;0;0;1;1;-22,48053805;-44,03135039;"SPRF-RJ";"DEL05-RJ";"UOP04-DEL05-RJ"
669539;2025-03-25;"terça-feira";"17:00:00";"ES";101;264;"SERRA";"Reação tardia ou ineficiente do condutor";"Colisão traseira";"Com Vítimas Feridas";"Anoitecer";"Decrescente";"Céu Claro";"Dupla";"Reta";"Não";3;0;1;0;2;0;1;2;-20,176899;-40,265692;"SPRF-ES";"DEL02-ES";"UOP01-DEL02-ES"
669540;2025-03-25;"terça-feira";"17:40:00";"GO";40;8;"VALPARAISO DE GOIAS";"Ausência de reação do condutor";"Colisão lateral mesmo sentido";"Com Vítimas Feridas";"Anoitecer";"Crescente";"Céu Claro";"Dupla";"Reta";"Sim";2;0;1;0;1;0;1;2;-16,1204957;-47,96492636;"SPRF-DF";"DEL01-DF";"UOP01-DEL01-DF"
669542;2025-03-25;"terça-feira";"17:30:00";"PR";163;316;"TERRA ROXA";"Chuva";"Colisão traseira";"Com Vítimas Feridas";"Anoitecer";"Decrescente";"Chuva";"Simples";"Curva";"Não";4;0;0;1;3;0;1;2;-24,34043063;-54,15191388;"SPRF-PR";"DEL06-PR";"UOP02-DEL06-PR"
669543;2025-03-25;"terça-feira";"17:30:00";"MG";40;545;"NOVA LIMA";"Reação tardia ou ineficiente do condutor";"Colisão traseira";"Sem Vítimas";"Pleno dia";"Decrescente";"Céu Claro";"Dupla";"Reta;Viaduto";"Não";2;0;0;0;2;0;0;2;-20,011936;-43,966995;"SPRF-MG";"DEL01-MG";"UOP02-DEL01-MG"
669544;2025-03-25;"terça-feira";"18:20:00";"PI";343;341;"TERESINA";"Ausência de reação do condutor";"Colisão lateral mesmo sentido";"Com Vítimas Feridas";"Anoitecer";"Decrescente";"Céu Claro";"Dupla";"Declive";"Sim";3;0;2;0;1;0;2;2;-5,07824;-42,74816;"SPRF-PI";"DEL01-PI";"UOP01-DEL01-PI"
669545;2025-03-25;"terça-feira";"17:15:00";"PR";376;17;"MARINGA";"Reação tardia ou ineficiente do condutor";"Tombamento";"Com Vítimas Feridas";"Pleno dia";"Decrescente";"Sol";"Dupla";"Curva;Viaduto;Aclive";"Sim";1;0;1;0;0;0;1;1;-23,43134989;-51,88723499;"SPRF-PR";"DEL09-PR";"UOP01-DEL09-PR"
669546;2025-03-25;"terça-feira";"18:14:00";"PB";230;16;"JOAO PESSOA";"Reação tardia ou ineficiente do condutor";"Colisão lateral mesmo sentido";"Com Vítimas Feridas";"Plena Noite";"Decrescente";"Céu Claro";"Dupla";"Reta;Aclive";"Sim";5;0;2;0;2;1;2;3;-7,109705;-34,843627;"SPRF-PB";"DEL01-PB";"UOP01-DEL01-PB"
669547;2025-03-25;"terça-feira";"18:12:00";"PE";232;9;"JABOATAO DOS GUARARAPES";"Reação tardia ou ineficiente do condutor";"Colisão com objeto";"Com Vítimas Feridas";"Plena Noite";"Crescente";"Céu Claro";"Dupla";"Reta";"Sim";2;0;1;1;0;0;2;1;-8,07792;-34,98446;"SPRF-PE";"DEL01-PE";"UOP01-DEL01-PE"
669548;2025-03-25;"terça-feira";"18:30:00";"RS";386;435,6;"NOVA SANTA RITA";"Acessar a via sem observar a presença dos outros veículos";"Colisão transversal";"Com Vítimas Feridas";"Anoitecer";"Crescente";"Nublado";"Dupla";"Rotatória";"Sim";3;0;2;0;1;0;2;2;-29,84820457;-51,27066672;"SPRF-RS";"DEL04-RS";"UOP02-DEL04-RS"
669549;2025-03-25;"terça-feira";"08:15:00";"AL";316;251,5;"PILAR";"Acessar a via sem observar a presença dos outros veículos";"Colisão transversal";"Com Vítimas Feridas";"Pleno dia";"Crescente";"Céu Claro";"Simples";"Reta";"Não";2;0;1;0;1;0;1;2;-9,56875884;-35,96795082;"SPRF-AL";"DEL02-AL";"UOP01-DEL02-AL"
669552;2025-03-25;"terça-feira";"13:24:00";"RO";364;340,7;"JI-PARANA";"Desrespeitar a preferência no cruzamento";"Colisão transversal";"Com Vítimas Feridas";"Pleno dia";"Decrescente";"Céu Claro";"Dupla";"Interseção de Vias";"Sim";3;0;2;1;0;0;3;3;-10,89264802;-61,93083286;"SPRF-RO";"DEL02-RO";"UOP01-DEL02-RO"
669553;2025-03-25;"terça-feira";"17:45:00";"GO";70;7;"AGUAS LINDAS DE GOIAS";"Condutor deixou de manter distância do veículo da frente";"Capotamento";"Com Vítimas Feridas";"Anoitecer";"Decrescente";"Chuva";"Dupla";"Reta";"Sim";1;0;1;0;0;0;1;1;-15,739562;-48,271679;"SPRF-DF";"DEL03-DF";"UOP02-DEL03-DF"
669558;2025-03-25;"terça-feira";"18:40:00";"BA";116;425;"FEIRA DE SANTANA";"Transitar na contramão";"Colisão frontal";"Com Vítimas Feridas";"Plena Noite";"Decrescente";"Céu Claro";"Dupla";"Reta;Declive";"Sim";3;0;2;1;0;0;3;2;-12,246473;-38,987005;"SPRF-BA";"DEL02-BA";"UOP01-DEL02-BA"
669560;2025-03-25;"terça-feira";"19:05:00";"DF";20;10;"BRASILIA";"Manobra de mudança de faixa";"Colisão lateral mesmo sentido";"Com Vítimas Feridas";"Plena Noite";"Decrescente";"Nublado";"Dupla";"Declive;Em Obras;Reta";"Sim";2;0;1;0;1;0;1;2;-15,6484511;-47,7696279;"SPRF-DF";"DEL02-DF";"UOP01-DEL02-DF"
669561;2025-03-17;"segunda-feira";"20:00:00";"MG";381;477;"CONTAGEM";"Manobra de mudança de faixa";"Colisão lateral mesmo sentido";"Com Vítimas Feridas";"Plena Noite";"Crescente";"Chuva";"Dupla";"Reta";"Sim";3;0;1;0;2;0;1;3;-19,96252376;-44,03348744;"SPRF-MG";"DEL01-MG";"UOP03-DEL01-MG"
669562;2025-03-25;"terça-feira";"19:50:00";"TO";153;283;"BRASILANDIA DO TOCANTINS";"Transitar na contramão";"Colisão lateral sentido oposto";"Sem Vítimas";"Plena Noite";"Crescente";"Céu Claro";"Simples";"Declive";"Sim";3;0;0;0;2;1;0;2;-8,39146422;-48,4865664;"SPRF-TO";"DEL02-TO";"UOP02-DEL02-TO"
669563;2025-03-25;"terça-feira";"20:30:00";"MG";0;0;"BETIM";"Demais falhas mecânicas ou elétricas";"Incêndio";"Sem Vítimas";"Plena Noite";"Não Informado";"Céu Claro";"Dupla";"Reta";"Não";1;0;0;0;1;0;0;1;-20,03154819;-44,23758241;"SPRF-MG";"DEL01-MG";"UOP03-DEL01-MG"
669564;2025-03-25;"terça-feira";"20:00:00";"PR";376;621;"SAO JOSE DOS PINHAIS";"Acessar a via sem observar a presença dos outros veículos";"Colisão transversal";"Com Vítimas Feridas";"Plena Noite";"Crescente";"Céu Claro";"Simples";"Reta";"Sim";2;0;1;0;0;1;1;2;-25,61141724;-49,17157346;"SPRF-PR";"DEL01-PR";"UOP04-DEL01-PR"
669565;2025-03-25;"terça-feira";"19:20:00";"SC";101;130,6;"ITAJAI";"Ausência de reação do condutor";"Colisão traseira";"Com Vítimas Feridas";"Plena Noite";"Decrescente";"Nublado";"Dupla";"Curva";"Não";2;0;1;0;1;0;1;2;-26,94638905;-48,68757069;"SPRF-SC";"DEL04-SC";"UOP03-DEL04-SC"
669566;2025-03-25;"terça-feira";"19:45:00";"MG";381;941,2;"EXTREMA";"Transtornos Mentais (exceto suicidio)";"Atropelamento de Pedestre";"Com Vítimas Fatais";"Plena Noite";"Decrescente";"Céu Claro";"Dupla";"Reta";"Sim";2;1;0;0;1;0;0;2;-22,83103616;-46,31456316;"SPRF-MG";"DEL16-MG";"UOP03-DEL16-MG"
669568;2025-03-25;"terça-feira";"08:00:00";"MT";163;829;"SINOP";"Demais falhas na via";"Queda de ocupante de veículo";"Sem Vítimas";"Pleno dia";"Crescente";"Céu Claro";"Simples";"Reta";"Sim";1;0;0;0;0;1;0;1;-11,91078256;-55,50841825;"SPRF-MT";"DEL06-MT";"UOP02-DEL06-MT"
669569;2025-03-25;"terça-feira";"07:05:00";"MS";163;265;"DOURADOS";"Desrespeitar a preferência no cruzamento";"Colisão lateral mesmo sentido";"Com Vítimas Feridas";"Pleno dia";"Crescente";"Céu Claro";"Dupla";"Rotatória";"Sim";2;0;0;1;1;0;1;2;-22,22371055;-54,73094702;"SPRF-MS";"DEL04-MS";"UOP01-DEL04-MS"
669570;2025-03-25;"terça-feira";"20:51:00";"PI";343;16;"PARNAIBA";"Entrada inopinada do pedestre";"Atropelamento de Pedestre";"Sem Vítimas";"Plena Noite";"Decrescente";"Céu Claro";"Simples";"Reta";"Sim";2;0;0;0;1;1;0;2;-2,94780893;-41,75688744;"SPRF-PI";"DEL05-PI";"UOP01-DEL05-PI"
669571;2025-03-25;"terça-feira";"20:50:00";"PR";376;398;"TIBAGI";"Pedestre andava na pista";"Atropelamento de Pedestre";"Com Vítimas Feridas";"Plena Noite";"Crescente";"Garoa/Chuvisco";"Dupla";"Reta;Aclive";"Não";3;0;1;0;2;0;1;2;-24,591825;-50,674429;"SPRF-PR";"DEL03-PR";"UOP02-DEL03-PR"
669572;2025-03-08;"sábado";"19:14:00";"PR";376;176;"MARINGA";"Reação tardia ou ineficiente do condutor";"Colisão traseira";"Com Vítimas Feridas";"Plena Noite";"Decrescente";"Céu Claro";"Múltipla";"Reta";"Sim";2;0;1;0;1;0;1;2;-23,41282199;-51,93224246;"SPRF-PR";"DEL09-PR";"UOP01-DEL09-PR"
669573;2025-03-25;"terça-feira";"20:05:00";"PR";376;212;"MANDAGUARI";"Ingestão de álcool pelo condutor";"Colisão com objeto";"Sem Vítimas";"Plena Noite";"Decrescente";"Céu Claro";"Dupla";"Declive;Curva";"Não";1;0;0;0;1;0;0;1;-23,559267;-51,663378;"SPRF-PR";"DEL09-PR";"UOP01-DEL09-PR"
669574;2025-03-25;"terça-feira";"17:50:00";"RJ";393;134;"SAPUCAIA";"Falta de acostamento";"Atropelamento de Pedestre";"Com Vítimas Feridas";"Anoitecer";"Decrescente";"Céu Claro";"Simples";"Reta";"Sim";2;0;1;0;1;0;1;2;-21,99772897;-42,92118073;"SPRF-RJ";"DEL05-RJ";"UOP01-DEL05-RJ"
669575;2025-03-25;"terça-feira";"19:00:00";"RJ";101;320;"NITEROI";"Reação tardia ou ineficiente do condutor";"Colisão lateral mesmo sentido";"Com Vítimas Feridas";"Plena Noite";"Decrescente";"Céu Claro";"Múltipla";"Reta";"Não";2;0;1;0;1;0;1;2;-22,87490991;-43,12065125;"SPRF-RJ";"DEL02-RJ";"UOP01-DEL02-RJ"
669577;2025-03-25;"terça-feira";"21:00:00";"RS";116;252;"SAPUCAIA DO SUL";"Acessar a via sem observar a presença dos outros veículos";"Tombamento";"Com Vítimas Feridas";"Pleno dia";"Decrescente";"Céu Claro";"Dupla";"Interseção de Vias;Reta";"Sim";2;0;1;0;1;0;1;2;-29,8137577;-51,1684667;"SPRF-RS";"DEL01-RS";"UOP02-DEL01-RS"
669578;2025-03-25;"terça-feira";"21:00:00";"SP";116;22;"LAVRINHAS";"Acumulo de areia ou detritos sobre o pavimento";"Colisão com objeto";"Com Vítimas Feridas";"Plena Noite";"Decrescente";"Nublado";"Dupla";"Curva";"Não";2;0;1;0;1;0;1;1;-22,57922596;-44,87719011;"SPRF-SP";"DEL08-SP";"UOP02-DEL08-SP"
669579;2025-03-25;"terça-feira";"21:40:00";"SP";381;37,8;"ATIBAIA";"Entrada inopinada do pedestre";"Atropelamento de Pedestre";"Com Vítimas Fatais";"Plena Noite";"Crescente";"Nublado";"Dupla";"Reta";"Sim";2;1;0;0;1;0;0;2;-23,1124787;-46,5715004;"SPRF-SP";"DEL03-SP";"UOP01-DEL03-SP"
669581;2025-03-25;"terça-feira";"22:00:00";"ES";101;306,5;"VIANA";"Demais falhas mecânicas ou elétricas";"Incêndio";"Sem Vítimas";"Plena Noite";"Decrescente";"Nublado";"Dupla";"Reta";"Não";1;0;0;0;1;0;0;1;-20,39658675;-40,45781541;"SPRF-ES";"DEL01-ES";"UOP01-DEL01-ES"
669582;2025-03-25;"terça-feira";"22:15:00";"SC";101;192,4;"BIGUACU";"Avarias e/ou desgaste excessivo no pneu";"Queda de ocupante de veículo";"Com Vítimas Feridas";"Plena Noite";"Decrescente";"Chuva";"Dupla";"Reta";"Sim";1;0;1;0;0;0;1;1;-27,48719946;-48,64947058;"SPRF-SC";"DEL01-SC";"UOP01-DEL01-SC"
669585;2025-03-25;"terça-feira";"22:00:00";"PR";376;160;"MANDAGUACU";"Chuva";"Saída de leito carroçável";"Com Vítimas Feridas";"Plena Noite";"Decrescente";"Chuva";"Dupla";"Curva";"Sim";2;0;2;0;0;0;2;1;-23,35556596;-52,09044367;"SPRF-PR";"DEL09-PR";"UOP02-DEL09-PR"
669586;2025-03-25;"terça-feira";"21:00:00";"RS";472;582;"URUGUAIANA";"Manobra de mudança de faixa";"Saída de leito carroçável";"Sem Vítimas";"Plena Noite";"Decrescente";"Nublado";"Simples";"Reta";"Não";1;0;0;0;1;0;0;1;-29,8076161;-57,09395841;"SPRF-RS";"DEL13-RS";"UOP01-DEL13-RS"
669587;2025-03-25;"terça-feira";"23:30:00";"RJ";116;186;"NOVA IGUACU";"Ausência de reação do condutor";"Colisão com objeto";"Com Vítimas Feridas";"Plena Noite";"Crescente";"Céu Claro";"Dupla";"Curva";"Sim";2;0;2;0;0;0;2;1;-22,741548;-43,453689;"SPRF-RJ";"DEL06-RJ";"UOP01-DEL06-RJ"
669590;2025-03-26;"quarta-feira";"00:30:00";"ES";101;270,4;"SERRA";"Acesso irregular";"Colisão frontal";"Sem Vítimas";"Plena Noite";"Crescente";"Céu Claro";"Múltipla";"Interseção de Vias";"Sim";2;0;0;0;2;0;0;2;-20,04885;-40,3866983;"SPRF-ES";"DEL02-ES";"UOP01-DEL02-ES"
669593;2025-03-25;"terça-feira";"15:00:00";"MA";402;132;"BARREIRINHAS";"Reação tardia ou ineficiente do condutor";"Colisão com objeto";"Sem Vítimas";"Pleno dia";"Crescente";"Céu Claro";"Simples";"Reta";"Não";1;0;0;0;0;1;0;1;-2,84145588;-42,96561337;"SPRF-MA";"DEL01-MA";"UOP01-DEL01-MA"
669594;2025-03-25;"terça-feira";"23:55:00";"SP";116;90,7;"PINDAMONHANGABA";"Objeto estático sobre o leito carroçável";"Colisão com objeto";"Com Vítimas Feridas";"Plena Noite";"Decrescente";"Céu Claro";"Dupla";"Reta";"Não";1;0;1;0;0;0;1;1;-22,94768407;-45,39533615;"SPRF-SP";"DEL08-SP";"UOP01-DEL08-SP"
669595;2025-03-26;"quarta-feira";"00:40:00";"PE";101;69;"RECIFE";"Pedestre cruzava a pista fora da faixa";"Atropelamento de Pedestre";"Com Vítimas Feridas";"Plena Noite";"Decrescente";"Céu Claro";"Dupla";"Interseção de Vias";"Sim";2;0;0;1;0;1;1;2;-8,0606;-34,9456;"SPRF-PE";"DEL01-PE";"UOP01-DEL01-PE"
669596;2025-03-25;"terça-feira";"22:30:00";"RN";110;60;"MOSSORO";"Demais falhas mecânicas ou elétricas";"Incêndio";"Sem Vítimas";"Pleno dia";"Crescente";"Céu Claro";"Simples";"Reta";"Não";1;0;0;0;1;0;0;1;-5,31572;-37,33018;"SPRF-RN";"DEL04-RN";"UOP01-DEL04-RN"
669599;2025-03-26;"quarta-feira";"00:20:00";"PI";343;591;"FLORIANO";"Condutor deixou de manter distância do veículo da frente";"Colisão traseira";"Com Vítimas Feridas";"Plena Noite";"Decrescente";"Céu Claro";"Dupla";"Reta";"Sim";2;0;0;1;1;0;1;2;-6,7930387;-42,9837991;"SPRF-PI";"DEL03-PI";"UOP01-DEL03-PI"
669600;2025-03-25;"terça-feira";"18:45:00";"MT";70;525;"VARZEA GRANDE";"Acessar a via sem observar a presença dos outros veículos";"Colisão transversal";"Com Vítimas Feridas";"Plena Noite";"Decrescente";"Céu Claro";"Simples";"Reta;Interseção de Vias";"Sim";3;0;0;2;1;0;2;2;-15,65232724;-56,20147347;"SPRF-MT";"DEL01-MT";"UOP02-DEL01-MT"
669601;2025-03-25;"terça-feira";"21:20:00";"PR";376;501,3;"PONTA GROSSA";"Reação tardia ou ineficiente do condutor";"Saída de leito carroçável";"Com Vítimas Feridas";"Plena Noite";"Decrescente";"Chuva";"Dupla";"Reta";"Sim";3;0;1;0;2;0;1;1;-25,16374591;-50,1189959;"SPRF-PR";"DEL03-PR";"UOP04-DEL03-PR"
669602;2025-03-26;"quarta-feira";"05:05:00";"PR";376;176,1;"MARINGA";"Ingestão de álcool pelo condutor";"Colisão traseira";"Com Vítimas Feridas";"Plena Noite";"Decrescente";"Céu Claro";"Múltipla";"Reta";"Sim";4;0;0;1;1;2;1;3;-23,41111425;-51,93941116;"SPRF-PR";"DEL09-PR";"UOP01-DEL09-PR"
669603;2025-03-26;"quarta-feira";"06:00:00";"CE";116;159;"RUSSAS";"Ingestão de álcool pelo condutor";"Colisão lateral sentido oposto";"Com Vítimas Feridas";"Amanhecer";"Crescente";"Céu Claro";"Simples";"Retorno Regulamentado";"Não";3;0;2;0;1;0;2;2;-4,91661797;-37,9973799;"SPRF-CE";"DEL03-CE";"UOP01-DEL03-CE"
669604;2025-03-25;"terça-feira";"23:30:00";"MG";381;480;"CONTAGEM";"Ausência de reação do condutor";"Colisão com objeto";"Com Vítimas Feridas";"Plena Noite";"Decrescente";"Chuva";"Dupla";"Reta";"Não";1;0;1;0;0;0;1;1;-19,96113623;-44,05178178;"SPRF-MG";"DEL01-MG";"UOP03-DEL01-MG"
669605;2025-03-26;"quarta-feira";"06:35:00";"SC";101;200,9;"SAO JOSE";"Trafegar com motocicleta (ou similar) entre as faixas";"Colisão traseira";"Com Vítimas Feridas";"Pleno dia";"Crescente";"Sol";"Múltipla";"Reta";"Sim";2;0;1;0;1;0;1;2;-27,54841069;-48,61979127;"SPRF-SC";"DEL01-SC";"UOP01-DEL01-SC"
669606;2025-03-26;"quarta-feira";"05:50:00";"MG";381;500;"BETIM";"Condutor deixou de manter distância do veículo da frente";"Colisão lateral mesmo sentido";"Com Vítimas Feridas";"Amanhecer";"Decrescente";"Céu Claro";"Dupla";"Reta";"Não";2;0;0;1;1;0;1;2;-19,9965409;-44,2090415;"SPRF-MG";"DEL01-MG";"UOP03-DEL01-MG"
669609;2025-03-26;"quarta-feira";"07:00:00";"ES";262;30;"DOMINGOS MARTINS";"Velocidade Incompatível";"Tombamento";"Com Vítimas Feridas";"Pleno dia";"Crescente";"Nublado";"Dupla";"Curva";"Não";1;0;0;1;0;0;1;1;-20,373901;-40,564398;"SPRF-ES";"DEL01-ES";"UOP01-DEL01-ES"
669610;2025-03-25;"terça-feira";"23:00:00";"BA";101;470;"URUCUCA";"Objeto estático sobre o leito carroçável";"Colisão com objeto";"Com Vítimas Feridas";"Plena Noite";"Decrescente";"Nublado";"Simples";"Reta";"Não";1;0;1;0;0;0;1;1;-14,53216;-39,335994;"SPRF-BA";"DEL05-BA";"UOP01-DEL05-BA"
669611;2025-03-26;"quarta-feira";"05:00:00";"MG";381;855,6;"POUSO ALEGRE";"Ausência de reação do condutor";"Colisão traseira";"Com Vítimas Feridas";"Pleno dia";"Crescente";"Sol";"Dupla";"Reta";"Não";3;0;2;0;0;1;2;2;-22,2843574;-45,8961838;"SPRF-MG";"DEL16-MG";"UOP01-DEL16-MG"
669612;2025-03-25;"terça-feira";"20:05:00";"MG";365;406,5;"PATOS DE MINAS";"Reação tardia ou ineficiente do condutor";"Saída de leito carroçável";"Com Vítimas Feridas";"Plena Noite";"Crescente";"Céu Claro";"Simples";"Reta;Declive";"Sim";1;0;1;0;0;0;1;1;-18,634514;-46,480361;"SPRF-MG";"DEL10-MG";"UOP01-DEL10-MG"
669613;2025-03-26;"quarta-feira";"07:05:00";"SC";101;161;"TIJUCAS";"Manobra de mudança de faixa";"Colisão lateral mesmo sentido";"Com Vítimas Feridas";"Pleno dia";"Decrescente";"Nublado";"Dupla";"Reta";"Sim";2;0;1;0;1;0;1;2;-27,213;-48,622;"SPRF-SC";"DEL04-SC";"UOP03-DEL04-SC"
669614;2025-03-26;"quarta-feira";"06:30:00";"DF";70;10;"BRASILIA";"Reação tardia ou ineficiente do condutor";"Colisão lateral mesmo sentido";"Com Vítimas Feridas";"Pleno dia";"Decrescente";"Céu Claro";"Dupla";"Reta";"Não";3;0;1;0;2;0;1;2;-15,788936;-48,145604;"SPRF-DF";"DEL03-DF";"UOP02-DEL03-DF"
669615;2025-03-26;"quarta-feira";"06:50:00";"BA";116;832;"VITORIA DA CONQUISTA";"Desrespeitar a preferência no cruzamento";"Tombamento";"Com Vítimas Feridas";"Pleno dia";"Crescente";"Céu Claro";"Simples";"Reta";"Não";2;0;2;0;0;0;2;2;-14,929152;-40,886272;"SPRF-BA";"DEL08-BA";"UOP01-DEL08-BA"
669617;2025-03-25;"terça-feira";"14:00:00";"GO";153;435,7;"ANAPOLIS";"Avarias e/ou desgaste excessivo no pneu";"Tombamento";"Com Vítimas Feridas";"Pleno dia";"Decrescente";"Nublado";"Dupla";"Reta;Aclive";"Sim";1;0;1;0;0;0;1;1;-16,28982846;-48,93647313;"SPRF-GO";"DEL02-GO";"UOP01-DEL02-GO"
669618;2025-03-26;"quarta-feira";"05:50:00";"PE";408;73,2;"PAUDALHO";"Reação tardia ou ineficiente do condutor";"Colisão traseira";"Sem Vítimas";"Pleno dia";"Crescente";"Sol";"Dupla";"Curva;Viaduto";"Não";2;0;0;0;1;1;0;2;-7,93335;-35,13149;"SPRF-PE";"DEL01-PE";"UOP01-DEL01-PE"