"id";"data_inversa";"dia_semana";"horario";"uf";"br";"km";"municipio";"causa_acidente";"tipo_acidente";"classificacao_acidente";"fase_dia";"sentido_via";"condicao_metereologica";"tipo_pista";"tracado_via";"uso_solo";"pessoas";"mortos";"feridos_leves";"feridos_graves";"ilesos";"ignorados";"feridos";"veiculos";"latitude";"longitude";"regional";"delegacia";"uop"
669977;2025-03-28;"sexta-feira";"00:00:00";"MG";381;482,9;"BETIM";"Reação tardia ou ineficiente do condutor";"Tombamento";"Com Vítimas Feridas";"Plena Noite";"Crescente";"Céu Claro";"Múltipla";"Curva;Declive";"Sim";2;0;1;0;1;0;1;1;-19,95785975;-44,0795517;"SPRF-MG";"DEL01-MG";"UOP03-DEL01-MG"
669981;2025-03-28;"sexta-feira";"01:00:00";"GO";60;163;"GOIANIA";"Velocidade Incompatível";"Colisão com objeto";"Com Vítimas Feridas";"Plena Noite";"Crescente";"Céu Claro";"Dupla";"Reta";"Sim";1;0;0;1;0;0;1;1;-16,70794135;-49,34966326;"SPRF-GO";"DEL01-GO";"UOP02-DEL01-GO"
669982;2025-03-28;"sexta-feira";"00:10:00";"SC";101;88,2;"BARRA VELHA";"Velocidade Incompatível";"Saída de leito carroçável";"Com Vítimas Fatais";"Plena Noite";"Decrescente";"Céu Claro";"Múltipla";"Interseção de Vias;Reta;Viaduto";"Sim";2;1;1;0;0;0;1;1;-26,6508699;-48,6867639;"SPRF-SC";"DEL03-SC";"UOP02-DEL03-SC"
669984;2025-03-28;"sexta-feira";"01:30:00";"RJ";116;190;"NOVA IGUACU";"Ingestão de álcool pelo condutor";"Queda de ocupante de veículo";"Com Vítimas Feridas";"Plena Noite";"Crescente";"Céu Claro";"Dupla";"Reta";"Sim";1;0;0;1;0;0;1;1;-22,74098484;-43,50009615;"SPRF-RJ";"DEL06-RJ";"UOP01-DEL06-RJ"
669987;2025-03-28;"sexta-feira";"02:30:00";"MG";40;493,7;"ESMERALDAS";"Ausência de reação do condutor";"Saída de leito carroçável";"Sem Vítimas";"Plena Noite";"Decrescente";"Céu Claro";"Dupla";"Reta;Declive";"Não";1;0;0;0;1;0;0;1;-19,630364;-44,2089417;"SPRF-MG";"DEL02-MG";"UOP01-DEL02-MG"
669990;2025-03-28;"sexta-feira";"02:30:00";"PI";343;349;"TERESINA";"Ausência de reação do condutor";"Capotamento";"Com Vítimas Feridas";"Plena Noite";"Decrescente";"Céu Claro";"Dupla";"Curva";"Sim";3;0;2;0;0;1;2;1;-5,0566455;-42,6841488;"SPRF-PI";"DEL01-PI";"UOP01-DEL01-PI"
669996;2025-03-28;"sexta-feira";"03:21:00";"GO";60;391;"RIO VERDE";"Ausência de reação do condutor";"Saída de leito carroçável";"Sem Vítimas";"Plena Noite";"Crescente";"Céu Claro";"Dupla";"Reta;Aclive";"Não";1;0;0;0;1;0;0;1;-17,8058657;-50,9328417;"SPRF-GO";"DEL04-GO";"UOP02-DEL04-GO"
669999;2025-03-27;"quinta-feira";"16:35:00";"BA";101;434;"MARAU";"Avarias e/ou desgaste excessivo no pneu";"Colisão traseira";"Com Vítimas Feridas";"Pleno dia";"Decrescente";"Céu Claro";"Simples";"Reta";"Não";3;0;1;0;2;0;1;2;-14,25074042;-39,32144165;"SPRF-BA";"DEL05-BA";"UOP01-DEL05-BA"
670000;2025-03-28;"sexta-feira";"04:40:00";"SC";101;122;"ITAJAI";"Ingestão de álcool pelo condutor";"Saída de leito carroçável";"Sem Vítimas";"Plena Noite";"Decrescente";"Nublado";"Múltipla";"Reta";"Sim";2;0;0;0;2;0;0;1;-26,92833659;-48,70513678;"SPRF-SC";"DEL04-SC";"UOP04-DEL04-SC"
670001;2025-03-28;"sexta-feira";"04:40:00";"BA";324;530;"FEIRA DE SANTANA";"Condutor Dormindo";"Saída de leito carroçável";"Com Vítimas Feridas";"Amanhecer";"Crescente";"Céu Claro";"Dupla";"Retorno Regulamentado";"Não";1;0;1;0;0;0;1;1;-12,339523;-38,84673;"SPRF-BA";"DEL01-BA";"UOP03-DEL01-BA"
670002;2025-03-28;"sexta-feira";"08:00:00";"SP";116;218;"GUARULHOS";"Ausência de reação do condutor";"Capotamento";"Com Vítimas Feridas";"Pleno dia";"Decrescente";"Céu Claro";"Múltipla";"Reta";"Sim";2;0;1;0;1;0;1;2;-23,4602195;-46,48549134;"SPRF-SP";"DEL01-SP";"UOP01-DEL01-SP"
670003;2025-03-28;"sexta-feira";"04:00:00";"RJ";101;497;"ANGRA DOS REIS";"Ausência de reação do condutor";"Colisão com objeto";"Sem Vítimas";"Plena Noite";"Decrescente";"Céu Claro";"Simples";"Reta";"Não";1;0;0;0;1;0;0;1;-22,91371;-44,33612;"SPRF-RJ";"DEL03-RJ";"UOP03-DEL03-RJ"
670008;2025-03-28;"sexta-feira";"07:05:00";"SP";101;46;"UBATUBA";"Condutor deixou de manter distância do veículo da frente";"Colisão traseira";"Com Vítimas Feridas";"Pleno dia";"Decrescente";"Céu Claro";"Simples";"Reta";"Sim";3;0;1;0;0;2;1;3;-23,4342751;-45,0841521;"SPRF-SP";"DEL06-SP";"UOP01-DEL06-SP"
670010;2025-03-28;"sexta-feira";"06:45:00";"PR";376;437;"TIBAGI";"Chuva";"Colisão com objeto";"Com Vítimas Feridas";"Amanhecer";"Decrescente";"Garoa/Chuvisco";"Dupla";"Curva";"Não";1;0;1;0;0;0;1;1;-24,7905689;-50,5017143;"SPRF-PR";"DEL03-PR";"UOP02-DEL03-PR"
670013;2025-03-27;"quinta-feira";"21:30:00";"PR";376;474;"PONTA GROSSA";"Demais falhas mecânicas ou elétricas";"Incêndio";"Sem Vítimas";"Plena Noite";"Crescente";"Céu Claro";"Dupla";"Reta";"Não";1;0;0;0;1;0;0;1;-25,03563091;-50,29908426;"SPRF-PR";"DEL03-PR";"UOP01-DEL03-PR"
670014;2025-03-27;"quinta-feira";"22:36:00";"PR";277;654;"MATELANDIA";"Chuva";"Saída de leito carroçável";"Com Vítimas Fatais";"Plena Noite";"Crescente";"Chuva";"Simples";"Reta";"Não";1;1;0;0;0;0;0;1;-25,21849962;-53,95088768;"SPRF-PR";"DEL05-PR";"UOP02-DEL05-PR"
670016;2025-03-28;"sexta-feira";"06:50:00";"RJ";116;171;"RIO DE JANEIRO";"Trafegar com motocicleta (ou similar) entre as faixas";"Colisão lateral mesmo sentido";"Com Vítimas Feridas";"Pleno dia";"Decrescente";"Céu Claro";"Dupla";"Reta";"Não";2;0;1;0;1;0;1;2;-22,8090555;-43,339129;"SPRF-RJ";"DEL06-RJ";"UOP01-DEL06-RJ"
670017;2025-03-28;"sexta-feira";"07:00:00";"RN";101;124;"SAO JOSE DE MIPIBU";"Reação tardia ou ineficiente do condutor";"Colisão traseira";"Com Vítimas Feridas";"Pleno dia";"Crescente";"Céu Claro";"Dupla";"Interseção de Vias";"Não";2;0;1;0;1;0;1;2;-6,069912;-35,238552;"SPRF-RN";"DEL01-RN";"UOP01-DEL01-RN"
670022;2025-03-28;"sexta-feira";"06:40:00";"BA";101;261;"SANTO ANTONIO DE JESUS";"Transitar na contramão";"Colisão frontal";"Com Vítimas Feridas";"Pleno dia";"Crescente";"Sol";"Simples";"Reta";"Sim";2;0;0;2;0;0;2;2;-12,96328975;-39,27169991;"SPRF-BA";"DEL01-BA";"UOP02-DEL01-BA"
670023;2025-03-27;"quinta-feira";"19:00:00";"RO";364;751;"PORTO VELHO";"Avarias e/ou desgaste excessivo no pneu";"Tombamento";"Com Vítimas Feridas";"Plena Noite";"Crescente";"Nublado";"Simples";"Reta";"Não";2;0;2;0;0;0;2;1;-8,91974557;-63,96865323;"SPRF-RO";"DEL01-RO";"UOP02-DEL01-RO"
670025;2025-03-28;"sexta-feira";"07:00:00";"PR";116;120;"CURITIBA";"Condutor deixou de manter distância do veículo da frente";"Colisão traseira";"Com Vítimas Feridas";"Pleno dia";"Decrescente";"Céu Claro";"Dupla";"Reta";"Sim";3;0;1;0;1;1;1;3;-25,57115847;-49,31079973;"SPRF-PR";"DEL01-PR";"UOP03-DEL01-PR"
670026;2025-03-28;"sexta-feira";"06:30:00";"RJ";116;189;"NOVA IGUACU";"Demais falhas mecânicas ou elétricas";"Incêndio";"Sem Vítimas";"Pleno dia";"Decrescente";"Céu Claro";"Dupla";"Reta";"Sim";1;0;0;0;1;0;0;1;-22,7390803;-43,4945619;"SPRF-RJ";"DEL06-RJ";"UOP01-DEL06-RJ"
670029;2025-03-28;"sexta-feira";"06:55:00";"MG";116;528,1;"CARATINGA";"Ingestão de álcool pelo condutor";"Queda de ocupante de veículo";"Com Vítimas Feridas";"Pleno dia";"Decrescente";"Céu Claro";"Dupla";"Reta;Declive";"Não";2;0;2;0;0;0;2;1;-19,7885952;-42,1429248;"SPRF-MG";"DEL06-MG";"UOP02-DEL06-MG"
670030;2025-03-28;"sexta-feira";"08:00:00";"SP";116;209;"GUARULHOS";"Condutor deixou de manter distância do veículo da frente";"Colisão traseira";"Com Vítimas Feridas";"Pleno dia";"Crescente";"Céu Claro";"Múltipla";"Reta";"Sim";2;0;1;0;1;0;1;2;-23,42567018;-46,40344441;"SPRF-SP";"DEL01-SP";"UOP01-DEL01-SP"
670031;2025-03-28;"sexta-feira";"07:00:00";"RN";101;94;"NATAL";"Reação tardia ou ineficiente do condutor";"Colisão lateral mesmo sentido";"Com Vítimas Feridas";"Pleno dia";"Crescente";"Céu Claro";"Simples";"Curva";"Sim";2;0;1;0;1;0;1;2;-5,82695538;-35,21013732;"SPRF-RN";"DEL01-RN";"UOP01-DEL01-RN"
670032;2025-03-28;"sexta-feira";"06:20:00";"MS";262;361;"CAMPO GRANDE";"Ausência de reação do condutor";"Saída de leito carroçável";"Com Vítimas Feridas";"Pleno dia";"Decrescente";"Nublado";"Simples";"Reta";"Não";1;0;1;0;0;0;1;1;-20,52976112;-54,70586172;"SPRF-MS";"DEL01-MS";"UOP03-DEL01-MS"
670033;2025-03-28;"sexta-feira";"07:45:00";"PR";369;136;"IBIPORA";"Acessar a via sem observar a presença dos outros veículos";"Colisão transversal";"Com Vítimas Feridas";"Pleno dia";"Decrescente";"Céu Claro";"Simples";"Curva";"Não";2;0;0;1;1;0;1;2;-23,26606279;-51,03769356;"SPRF-PR";"DEL07-PR";"UOP01-DEL07-PR"
670034;2025-03-28;"sexta-feira";"08:00:00";"RJ";116;130;"MAGE";"Objeto estático sobre o leito carroçável";"Colisão lateral mesmo sentido";"Com Vítimas Feridas";"Pleno dia";"Decrescente";"Céu Claro";"Dupla";"Reta";"Não";2;0;2;0;0;0;2;2;-22,6506;-43,169708;"SPRF-RJ";"DEL04-RJ";"UOP02-DEL04-RJ"
670035;2025-03-28;"sexta-feira";"07:59:00";"PE";428;188;"PETROLINA";"Condutor deixou de manter distância do veículo da frente";"Colisão traseira";"Com Vítimas Feridas";"Pleno dia";"Crescente";"Céu Claro";"Dupla";"Reta";"Sim";2;0;1;1;0;0;2;1;-9,37216752;-40,48688391;"SPRF-PE";"DEL06-PE";"UOP01-DEL06-PE"
670037;2025-03-28;"sexta-feira";"08:10:00";"TO";153;137;"ARAGUAINA";"Acesso irregular";"Colisão traseira";"Com Vítimas Feridas";"Pleno dia";"Decrescente";"Nublado";"Dupla";"Reta;Retorno Regulamentado";"Sim";2;0;0;1;1;0;1;2;-7,13700433;-48,20084095;"SPRF-TO";"DEL02-TO";"UOP01-DEL02-TO"
670038;2025-03-24;"segunda-feira";"16:10:00";"MS";463;1;"DOURADOS";"Acessar a via sem observar a presença dos outros veículos";"Colisão lateral mesmo sentido";"Sem Vítimas";"Pleno dia";"Decrescente";"Sol";"Simples";"Interseção de Vias;Reta";"Sim";2;0;0;0;2;0;0;2;-22,25912002;-54,81787916;"SPRF-MS";"DEL04-MS";"UOP01-DEL04-MS"
670039;2025-03-28;"sexta-feira";"06:40:00";"ES";262;0,8;"CARIACICA";"Condutor deixou de manter distância do veículo da frente";"Colisão traseira";"Com Vítimas Feridas";"Pleno dia";"Decrescente";"Sol";"Dupla";"Reta;Ponte;Interseção de Vias";"Sim";2;0;1;0;1;0;1;2;-20,3300629;-40,354654;"SPRF-ES";"DEL01-ES";"UOP01-DEL01-ES"
670041;2025-03-28;"sexta-feira";"08:50:00";"SC";101;92,8;"BARRA VELHA";"Reação tardia ou ineficiente do condutor";"Colisão traseira";"Sem Vítimas";"Pleno dia";"Crescente";"Céu Claro";"Dupla";"Reta";"Não";2;0;0;0;2;0;0;2;-26,61000269;-48,72236199;"SPRF-SC";"DEL03-SC";"UOP02-DEL03-SC"
670042;2025-03-28;"sexta-feira";"07:00:00";"RJ";40;102;"DUQUE DE CAXIAS";"Acessar a via sem observar a presença dos outros veículos";"Colisão traseira";"Com Vítimas Feridas";"Pleno dia";"Crescente";"Céu Claro";"Múltipla";"Reta";"Não";2;0;1;0;1;0;1;2;-22,60577053;-43,28544617;"SPRF-RJ";"DEL01-RJ";"UOP02-DEL01-RJ"
670043;2025-03-28;"sexta-feira";"08:05:00";"RJ";116;136;"MAGE";"Ausência de reação do condutor";"Capotamento";"Com Vítimas Feridas";"Pleno dia";"Decrescente";"Céu Claro";"Dupla";"Reta";"Não";1;0;1;0;0;0;1;1;-22,66423459;-43,11404228;"SPRF-RJ";"DEL04-RJ";"UOP02-DEL04-RJ"
670046;2025-03-27;"quinta-feira";"21:30:00";"RJ";40;117;"DUQUE DE CAXIAS";"Demais falhas mecânicas ou elétricas";"Incêndio";"Sem Vítimas";"Plena Noite";"Decrescente";"Céu Claro";"Dupla";"Reta";"Sim";1;0;0;0;1;0;0;1;-22,75318999;-43,28724861;"SPRF-RJ";"DEL01-RJ";"UOP02-DEL01-RJ"
670047;2025-03-28;"sexta-feira";"08:30:00";"PR";116;115;"CURITIBA";"Reação tardia ou ineficiente do condutor";"Colisão traseira";"Com Vítimas Feridas";"Pleno dia";"Decrescente";"Céu Claro";"Dupla";"Reta";"Sim";2;0;1;0;1;0;1;2;-25,55826237;-49,30646712;"SPRF-PR";"DEL01-PR";"UOP03-DEL01-PR"
670049;2025-03-28;"sexta-feira";"08:40:00";"PR";376;171;"MARINGA";"Manobra de mudança de faixa";"Colisão lateral mesmo sentido";"Com Vítimas Feridas";"Pleno dia";"Crescente";"Céu Claro";"Múltipla";"Reta";"Sim";3;0;1;0;2;0;1;3;-23,41562961;-51,98030211;"SPRF-PR";"DEL09-PR";"UOP01-DEL09-PR"
670051;2025-03-28;"sexta-feira";"08:40:00";"ES";101;300;"VIANA";"Acumulo de areia ou detritos sobre o pavimento";"Tombamento";"Com Vítimas Feridas";"Pleno dia";"Decrescente";"Céu Claro";"Múltipla";"Viaduto";"Sim";2;0;1;0;1;0;1;1;-20,36888318;-40,44385845;"SPRF-ES";"DEL01-ES";"UOP01-DEL01-ES"
670052;2025-03-28;"sexta-feira";"09:00:00";"PI";343;33,4;"PARNAIBA";"Acessar a via sem observar a presença dos outros veículos";"Colisão transversal";"Com Vítimas Feridas";"Pleno dia";"Crescente";"Sol";"Simples";"Interseção de Vias";"Não";2;0;1;0;1;0;1;2;-3,10033302;-41,78016543;"SPRF-PI";"DEL05-PI";"UOP01-DEL05-PI"
670054;2025-03-28;"sexta-feira";"05:03:00";"PR";369;151;"LONDRINA";"Mal súbito do condutor";"Colisão com objeto";"Sem Vítimas";"Plena Noite";"Decrescente";"Céu Claro";"Dupla";"Reta";"Sim";1;0;0;0;0;1;0;1;-23,29273146;-51,18039781;"SPRF-PR";"DEL07-PR";"UOP01-DEL07-PR"
670055;2025-03-28;"sexta-feira";"08:48:00";"ES";259;12,5;"JOAO NEIVA";"Ultrapassagem Indevida";"Colisão frontal";"Com Vítimas Feridas";"Pleno dia";"Decrescente";"Sol";"Simples";"Declive;Reta";"Não";5;0;1;4;0;0;5;2;-19,64721;-40,41098833;"SPRF-ES";"DEL02-ES";"UOP01-DEL02-ES"
670056;2025-03-28;"sexta-feira";"09:30:00";"SC";101;331,8;"TUBARAO";"Acessar a via sem observar a presença dos outros veículos";"Colisão transversal";"Com Vítimas Feridas";"Pleno dia";"Crescente";"Céu Claro";"Múltipla";"Interseção de Vias;Rotatória";"Sim";2;0;0;1;1;0;1;2;-28,4659246;-48,99537027;"SPRF-SC";"DEL02-SC";"UOP01-DEL02-SC"
670057;2025-03-28;"sexta-feira";"09:30:00";"RN";304;36;"NATAL";"Avarias e/ou desgaste excessivo no pneu";"Tombamento";"Com Vítimas Feridas";"Pleno dia";"Crescente";"Céu Claro";"Dupla";"Reta";"Não";2;0;2;0;0;0;2;1;-5,8097664;-35,2354304;"SPRF-RN";"DEL04-RN";"UOP02-DEL04-RN"
670060;2025-03-28;"sexta-feira";"08:15:00";"SP";116;108,5;"TAUBATE";"Trafegar com motocicleta (ou similar) entre as faixas";"Colisão traseira";"Com Vítimas Feridas";"Pleno dia";"Crescente";"Sol";"Dupla";"Reta";"Sim";3;0;2;0;0;1;2;2;-23,02665256;-45,54247074;"SPRF-SP";"DEL02-SP";"UOP02-DEL02-SP"
670062;2025-03-28;"sexta-feira";"07:30:00";"SC";153;99,5;"CONCORDIA";"Condutor deixou de manter distância do veículo da frente";"Colisão traseira";"Com Vítimas Feridas";"Pleno dia";"Crescente";"Sol";"Simples";"Reta";"Sim";2;0;1;0;1;0;1;2;-27,24452009;-51,95195666;"SPRF-SC";"DEL07-SC";"UOP04-DEL07-SC"
670063;2025-03-28;"sexta-feira";"10:41:00";"RN";226;110;"SANTA CRUZ";"Conversão proibida";"Colisão transversal";"Com Vítimas Feridas";"Pleno dia";"Crescente";"Céu Claro";"Simples";"Reta";"Sim";3;0;2;0;1;0;2;2;-6,23373594;-36,01387024;"SPRF-RN";"DEL03-RN";"UOP02-DEL03-RN"
670064;2025-03-28;"sexta-feira";"09:20:00";"SP";101;50,3;"UBATUBA";"Acessar a via sem observar a presença dos outros veículos";"Colisão lateral mesmo sentido";"Com Vítimas Feridas";"Pleno dia";"Crescente";"Céu Claro";"Simples";"Reta";"Sim";3;0;1;0;1;1;1;2;-23,45179238;-45,07593416;"SPRF-SP";"DEL06-SP";"UOP01-DEL06-SP"
670065;2025-03-28;"sexta-feira";"08:30:00";"SC";470;68;"INDAIAL";"Condutor usando celular";"Colisão lateral sentido oposto";"Com Vítimas Feridas";"Pleno dia";"Decrescente";"Céu Claro";"Múltipla";"Viaduto";"Sim";2;0;1;0;1;0;1;2;-26,884028;-49,247336;"SPRF-SC";"DEL04-SC";"UOP01-DEL04-SC"
670066;2025-03-28;"sexta-feira";"11:10:00";"RS";290;107;"ELDORADO DO SUL";"Ausência de reação do condutor";"Saída de leito carroçável";"Com Vítimas Feridas";"Pleno dia";"Crescente";"Céu Claro";"Dupla";"Em Obras";"Sim";1;0;1;0;0;0;1;1;-30,003164;-51,309332;"SPRF-RS";"DEL02-RS";"UOP01-DEL02-RS"
670067;2025-03-20;"quinta-feira";"13:50:00";"PR";277;603,2;"SANTA TEREZA DO OESTE";"Manobra de mudança de faixa";"Colisão lateral sentido oposto";"Com Vítimas Feridas";"Pleno dia";"Crescente";"Céu Claro";"Simples";"Reta;Aclive";"Não";3;0;1;0;2;0;1;2;-25,0284;-53,5627;"SPRF-PR";"DEL05-PR";"UOP02-DEL05-PR"
670068;2025-03-28;"sexta-feira";"10:50:00";"RJ";116;196;"RIO DE JANEIRO";"Ultrapassagem Indevida";"Colisão traseira";"Com Vítimas Feridas";"Pleno dia";"Decrescente";"Céu Claro";"Simples";"Reta";"Não";2;0;1;0;1;0;1;2;-22,8044539;-43,345174;"SPRF-RJ";"DEL06-RJ";"UOP01-DEL06-RJ"
670069;2025-03-28;"sexta-feira";"07:30:00";"SC";101;43,8;"JOINVILLE";"Ausência de reação do condutor";"Colisão traseira";"Com Vítimas Feridas";"Pleno dia";"Crescente";"Nublado";"Simples";"Reta;Interseção de Vias;Viaduto";"Sim";4;0;1;0;3;0;1;3;-26,33320552;-48,8610273;"SPRF-SC";"DEL03-SC";"UOP01-DEL03-SC"
670070;2025-03-28;"sexta-feira";"08:55:00";"SC";280;34;"AGUAS MORNAS";"Condutor Dormindo";"Queda de ocupante de veículo";"Com Vítimas Feridas";"Pleno dia";"Crescente";"Céu Claro";"Simples";"Reta";"Sim";1;0;1;0;0;0;1;1;-27,70563629;-48,83814722;"SPRF-SC";"DEL03-SC";"UOP03-DEL03-SC"
670071;2025-03-28;"sexta-feira";"11:07:00";"SP";381;58;"MAIRIPORA";"Reação tardia ou ineficiente do condutor";"Colisão traseira";"Sem Vítimas";"Pleno dia";"Crescente";"Sol";"Dupla";"Reta";"Sim";2;0;0;0;2;0;0;2;-23,280346;-46,586563;"SPRF-SP";"DEL03-SP";"UOP01-DEL03-SP"
670072;2025-03-28;"sexta-feira";"11:15:00";"MG";153;226,6;"FRONTEIRA";"Reação tardia ou ineficiente do condutor";"Tombamento";"Com Vítimas Feridas";"Pleno dia";"Crescente";"Céu Claro";"Simples";"Reta";"Não";3;0;2;0;0;1;2;1;-20,156251;-49,112006;"SPRF-MG";"DEL13-MG";"UOP02-DEL13-MG"
670073;2025-03-28;"sexta-feira";"11:45:00";"SC";101;207;"SAO JOSE";"Condutor deixou de manter distância do veículo da frente";"Colisão traseira";"Com Vítimas Feridas";"Pleno dia";"Crescente";"Céu Claro";"Múltipla";"Reta";"Sim";8;0;2;0;5;1;2;4;-27,602335;-48,62981;"SPRF-SC";"DEL01-SC";"UOP01-DEL01-SC"
670074;2025-03-28;"sexta-feira";"10:30:00";"RO";364;12;"VILHENA";"Acessar a via sem observar a presença dos outros veículos";"Colisão frontal";"Com Vítimas Feridas";"Pleno dia";"Decrescente";"Céu Claro";"Múltipla";"Reta";"Sim";2;0;0;1;1;0;1;2;-12,74494515;-60,11999506;"SPRF-RO";"DEL04-RO";"UOP01-DEL04-RO"
670075;2025-03-28;"sexta-feira";"11:35:00";"MA";10;245,8;"IMPERATRIZ";"Retorno proibido";"Colisão transversal";"Com Vítimas Feridas";"Pleno dia";"Decrescente";"Céu Claro";"Múltipla";"Reta;Declive";"Sim";2;0;0;1;1;0;1;2;-5,57586541;-47,44253445;"SPRF-MA";"DEL04-MA";"UOP01-DEL04-MA"
670077;2025-03-28;"sexta-feira";"11:10:00";"PE";232;190;"SANHARO";"Velocidade Incompatível";"Saída de leito carroçável";"Com Vítimas Feridas";"Pleno dia";"Crescente";"Céu Claro";"Simples";"Reta";"Não";2;0;1;1;0;0;2;1;-8,356563;-36,52031;"SPRF-PE";"DEL03-PE";"UOP02-DEL03-PE"
670079;2025-03-28;"sexta-feira";"09:20:00";"MG";116;178,9;"PADRE PARAISO";"Reação tardia ou ineficiente do condutor";"Colisão lateral mesmo sentido";"Com Vítimas Feridas";"Pleno dia";"Crescente";"Nublado";"Dupla";"Reta";"Sim";2;0;1;0;1;0;1;2;-17,075404;-41,486527;"SPRF-MG";"DEL11-MG";"UOP02-DEL11-MG"
670080;2025-03-28;"sexta-feira";"12:25:00";"RJ";493;0;"SAO GONCALO";"Conversão proibida";"Colisão transversal";"Sem Vítimas";"Pleno dia";"Crescente";"Sol";"Simples";"Reta";"Sim";2;0;0;0;2;0;0;2;-22,7863533;-42,9818147;"SPRF-RJ";"DEL02-RJ";"UOP02-DEL02-RJ"
670082;2025-03-28;"sexta-feira";"12:40:00";"PE";232;4;"RECIFE";"Condutor deixou de manter distância do veículo da frente";"Colisão traseira";"Com Vítimas Feridas";"Pleno dia";"Decrescente";"Sol";"Dupla";"Reta;Viaduto;Declive";"Sim";2;0;1;0;1;0;1;2;-8,06653;-34,941373;"SPRF-PE";"DEL01-PE";"UOP01-DEL01-PE"
670083;2025-03-28;"sexta-feira";"12:00:00";"PI";343;338,6;"TERESINA";"Ingestão de álcool pelo condutor";"Colisão lateral mesmo sentido";"Com Vítimas Fatais";"Pleno dia";"Crescente";"Céu Claro";"Dupla";"Reta";"Sim";3;1;1;0;1;0;1;2;-5,065145;-42,728245;"SPRF-PI";"DEL01-PI";"UOP01-DEL01-PI"
670084;2025-03-28;"sexta-feira";"11:40:00";"PR";369;182;"ARAPONGAS";"Acesso irregular";"Colisão transversal";"Com Vítimas Feridas";"Pleno dia";"Decrescente";"Céu Claro";"Simples";"Reta";"Sim";2;0;1;0;1;0;1;2;-23,38694822;-51,42036525;"SPRF-PR";"DEL07-PR";"UOP03-DEL07-PR"
670086;2025-03-28;"sexta-feira";"13:20:00";"BA";101;262;"SANTO ANTONIO DE JESUS";"Ultrapassagem Indevida";"Colisão transversal";"Com Vítimas Feridas";"Pleno dia";"Decrescente";"Céu Claro";"Simples";"Retorno Regulamentado;Aclive;Em Obras";"Não";4;0;1;2;1;0;3;2;-12,9753856;-39,2756048;"SPRF-BA";"DEL01-BA";"UOP02-DEL01-BA"
670090;2025-03-28;"sexta-feira";"12:05:00";"PI";343;592,2;"FLORIANO";"Acessar a via sem observar a presença dos outros veículos";"Colisão transversal";"Com Vítimas Feridas";"Pleno dia";"Decrescente";"Chuva";"Dupla";"Retorno Regulamentado;Reta;Interseção de Vias";"Sim";2;0;1;0;1;0;1;2;-6,778081;-43,031199;"SPRF-PI";"DEL03-PI";"UOP01-DEL03-PI"
670091;2025-02-14;"sexta-feira";"14:25:00";"MG";267;157,6;"LIMA DUARTE";"Avarias e/ou desgaste excessivo no pneu";"Colisão lateral sentido oposto";"Com Vítimas Feridas";"Pleno dia";"Decrescente";"Sol";"Simples";"Curva;Declive";"Não";4;0;2;0;2;0;2;2;-21,83885727;-43,77999692;"SPRF-MG";"DEL05-MG";"UOP01-DEL05-MG"
670092;2025-03-28;"sexta-feira";"13:10:00";"AP";210;3;"MACAPA";"Desrespeitar a preferência no cruzamento";"Colisão frontal";"Com Vítimas Feridas";"Pleno dia";"Decrescente";"Céu Claro";"Simples";"Reta";"Sim";2;0;1;0;1;0;1;2;0,087621;-51,092157;"SPRF-AP";"DEL01-AP";"UOP01-DEL01-AP"
670094;2025-03-28;"sexta-feira";"12:35:00";"RS";287;342,1;"SAO VICENTE DO SUL";"Transtornos Mentais (exceto suicidio)";"Queda de ocupante de veículo";"Com Vítimas Feridas";"Pleno dia";"Crescente";"Nublado";"Simples";"Curva";"Não";2;0;0;1;1;0;1;1;-29,58372;-54,68393;"SPRF-RS";"DEL12-RS";"UOP02-DEL12-RS"
670095;2025-03-28;"sexta-feira";"11:40:00";"ES";101;295,6;"CARIACICA";"Reação tardia ou ineficiente do condutor";"Queda de ocupante de veículo";"Com Vítimas Feridas";"Pleno dia";"Crescente";"Céu Claro";"Múltipla";"Reta";"Sim";1;0;1;0;0;0;1;1;-20,33628185;-40,40247029;"SPRF-ES";"DEL01-ES";"UOP01-DEL01-ES"
670097;2025-03-28;"sexta-feira";"07:12:00";"SE";235;61;"ITABAIANA";"Ausência de reação do condutor";"Colisão traseira";"Com Vítimas Feridas";"Pleno dia";"Crescente";"Céu Claro";"Simples";"Reta";"Não";3;0;2;0;0;1;2;2;-10,62711945;-37,46320724;"SPRF-SE";"DEL01-SE";"UOP02-DEL01-SE"
670098;2025-03-27;"quinta-feira";"21:00:00";"MT";70;185;"NOVO SAO JOAQUIM";"Animais na Pista";"Atropelamento de Animal";"Com Vítimas Feridas";"Plena Noite";"Crescente";"Nublado";"Simples";"Reta";"Não";1;0;1;0;0;0;1;1;-15;-53;"SPRF-MT";"DEL05-MT";"UOP01-DEL05-MT"
670099;2025-03-28;"sexta-feira";"12:30:00";"SE";101;152,6;"ESTANCIA";"Desrespeitar a preferência no cruzamento";"Colisão transversal";"Sem Vítimas";"Pleno dia";"Decrescente";"Céu Claro";"Simples";"Reta";"Sim";2;0;0;0;2;0;0;2;-11,27403399;-37,44790227;"SPRF-SE";"DEL02-SE";"UOP01-DEL02-SE"
670100;2025-03-28;"sexta-feira";"12:05:00";"PR";163;37,8;"SANTO ANTONIO DO SUDOESTE";"Velocidade Incompatível";"Saída de leito carroçável";"Com Vítimas Feridas";"Pleno dia";"Decrescente";"Céu Claro";"Simples";"Reta";"Sim";1;0;1;0;0;0;1;1;-26,045552;-53,727095;"SPRF-PR";"DEL02-PR";"UOP02-DEL02-PR"