"id";"data_inversa";"dia_semana";"horario";"uf";"br";"km";"municipio";"causa_acidente";"tipo_acidente";"classificacao_acidente";"fase_dia";"sentido_via";"condicao_metereologica";"tipo_pista";"tracado_via";"uso_solo";"pessoas";"mortos";"feridos_leves";"feridos_graves";"ilesos";"ignorados";"feridos";"veiculos";"latitude";"longitude";"regional";"delegacia";"uop"
670101;2025-03-28;"sexta-feira";"13:15:00";"RJ";393;285,5;"VOLTA REDONDA";"Condutor deixou de manter distância do veículo da frente";"Colisão traseira";"Com Vítimas Feridas";"Pleno dia";"Decrescente";"Céu Claro";"Simples";"Curva";"Não";2;0;1;0;1;0;1;2;-22,505805;-44,073033;"SPRF-RJ";"DEL05-RJ";"UOP04-DEL05-RJ"
670102;2025-03-28;"sexta-feira";"14:20:00";"SP";153;63,8;"SAO JOSE DO RIO PRETO";"Manobra de mudança de faixa";"Colisão lateral mesmo sentido";"Com Vítimas Feridas";"Pleno dia";"Crescente";"Céu Claro";"Dupla";"Curva";"Sim";2;0;1;0;1;0;1;2;-20,8549661;-49,4047584;"SPRF-SP";"DEL09-SP";"UOP01-DEL09-SP"
670103;2025-03-28;"sexta-feira";"13:10:00";"MT";70;581;"POCONE";"Avarias e/ou desgaste excessivo no pneu";"Saída de leito carroçável";"Com Vítimas Feridas";"Pleno dia";"Crescente";"Céu Claro";"Simples";"Reta";"Não";3;0;1;0;2;0;1;1;-15,8500619;-56,8050954;"SPRF-MT";"DEL03-MT";"UOP02-DEL03-MT"
670104;2025-02-26;"quarta-feira";"23:16:00";"PR";153;9;"JACAREZINHO";"Ausência de reação do condutor";"Tombamento";"Com Vítimas Feridas";"Plena Noite";"Crescente";"Céu Claro";"Simples";"Reta;Interseção de Vias";"Não";1;0;1;0;0;0;1;1;-23,09224354;-49,93805224;"SPRF-PR";"DEL07-PR";"UOP04-DEL07-PR"
670106;2025-03-28;"sexta-feira";"13:30:00";"ES";101;292,8;"CARIACICA";"Acesso irregular";"Colisão lateral mesmo sentido";"Com Vítimas Feridas";"Pleno dia";"Crescente";"Sol";"Múltipla";"Reta";"Sim";3;0;2;0;1;0;2;2;-20,311744;-40,395167;"SPRF-ES";"DEL01-ES";"UOP01-DEL01-ES"
670107;2025-03-28;"sexta-feira";"12:14:00";"MT";364;200,3;"RONDONOPOLIS";"Ausência de reação do condutor";"Queda de ocupante de veículo";"Com Vítimas Feridas";"Pleno dia";"Decrescente";"Sol";"Dupla";"Curva";"Sim";1;0;1;0;0;0;1;1;-16,49171649;-54,6454848;"SPRF-MT";"DEL02-MT";"UOP01-DEL02-MT"
670108;2025-03-28;"sexta-feira";"15:15:00";"PR";369;60,4;"BANDEIRANTES";"Acostamento em desnível";"Queda de ocupante de veículo";"Com Vítimas Feridas";"Pleno dia";"Crescente";"Céu Claro";"Simples";"Reta";"Não";1;0;1;0;0;0;1;1;-23,1345046;-50,40143788;"SPRF-PR";"DEL07-PR";"UOP05-DEL07-PR"
670109;2025-03-28;"sexta-feira";"15:40:00";"MG";40;632,1;"CONSELHEIRO LAFAIETE";"Desrespeitar a preferência no cruzamento";"Colisão transversal";"Com Vítimas Feridas";"Pleno dia";"Decrescente";"Sol";"Dupla";"Aclive;Reta;Rotatória";"Não";3;0;2;1;0;0;3;2;-20,67788;-43,79428;"SPRF-MG";"DEL05-MG";"UOP02-DEL05-MG"
670110;2025-03-28;"sexta-feira";"15:50:00";"RJ";101;68;"CAMPOS DOS GOYTACAZES";"Retorno proibido";"Colisão transversal";"Com Vítimas Feridas";"Pleno dia";"Decrescente";"Céu Claro";"Simples";"Reta";"Sim";2;0;1;0;1;0;1;2;-21,77194;-41,35689;"SPRF-RJ";"DEL08-RJ";"UOP02-DEL08-RJ"
670111;2025-03-28;"sexta-feira";"15:00:00";"SC";470;147;"LAURENTINO";"Trafegar com motocicleta (ou similar) entre as faixas";"Colisão transversal";"Com Vítimas Feridas";"Pleno dia";"Crescente";"Nublado";"Simples";"Interseção de Vias";"Sim";3;0;1;0;2;0;1;2;-27,24274926;-49,68892515;"SPRF-SC";"DEL04-SC";"UOP02-DEL04-SC"
670114;2025-03-28;"sexta-feira";"15:25:00";"MG";116;528,7;"CARATINGA";"Acessar a via sem observar a presença dos outros veículos";"Colisão transversal";"Com Vítimas Feridas";"Pleno dia";"Decrescente";"Céu Claro";"Simples";"Curva;Rotatória";"Sim";2;0;1;0;1;0;1;2;-19,80687513;-42,13781549;"SPRF-MG";"DEL06-MG";"UOP02-DEL06-MG"
670115;2025-03-28;"sexta-feira";"16:00:00";"SP";381;37;"BRAGANCA PAULISTA";"Ausência de reação do condutor";"Colisão traseira";"Sem Vítimas";"Pleno dia";"Decrescente";"Céu Claro";"Dupla";"Reta";"Não";2;0;0;0;2;0;0;2;-23,0277681;-46,5305541;"SPRF-SP";"DEL03-SP";"UOP01-DEL03-SP"
670116;2025-03-28;"sexta-feira";"16:30:00";"PB";230;12;"CABEDELO";"Ausência de reação do condutor";"Colisão traseira";"Com Vítimas Feridas";"Pleno dia";"Decrescente";"Céu Claro";"Simples";"Reta;Em Obras";"Sim";2;0;1;0;0;1;1;2;-7,07353134;-34,84941121;"SPRF-PB";"DEL01-PB";"UOP01-DEL01-PB"
670118;2025-03-28;"sexta-feira";"14:00:00";"MG";50;17;"ARAGUARI";"Curva acentuada";"Tombamento";"Com Vítimas Feridas";"Pleno dia";"Crescente";"Céu Claro";"Dupla";"Curva";"Não";1;0;1;0;0;0;1;1;-18,565289;-48,056964;"SPRF-MG";"DEL15-MG";"UOP02-DEL15-MG"
670119;2025-03-28;"sexta-feira";"16:30:00";"SE";101;102,7;"SAO CRISTOVAO";"Manobra de mudança de faixa";"Colisão com objeto";"Com Vítimas Feridas";"Pleno dia";"Crescente";"Céu Claro";"Dupla";"Curva;Aclive";"Não";7;0;4;2;1;0;6;1;-10,95103021;-37,21592903;"SPRF-SE";"DEL02-SE";"UOP01-DEL02-SE"
670122;2025-03-28;"sexta-feira";"14:50:00";"PR";277;230;"TEIXEIRA SOARES";"Frear bruscamente";"Colisão traseira";"Sem Vítimas";"Pleno dia";"Crescente";"Céu Claro";"Simples";"Reta";"Não";4;0;0;0;4;0;0;4;-25,468889;-50,474142;"SPRF-PR";"DEL08-PR";"UOP02-DEL08-PR"
670123;2025-03-28;"sexta-feira";"10:45:00";"GO";153;645;"MORRINHOS";"Reação tardia ou ineficiente do condutor";"Saída de leito carroçável";"Com Vítimas Feridas";"Pleno dia";"Crescente";"Sol";"Dupla";"Reta";"Não";2;0;1;1;0;0;2;1;-17,6261383;-49,178014;"SPRF-GO";"DEL03-GO";"UOP01-DEL03-GO"
670126;2025-03-28;"sexta-feira";"17:20:00";"MG";40;551;"NOVA LIMA";"Velocidade Incompatível";"Colisão lateral mesmo sentido";"Com Vítimas Feridas";"Pleno dia";"Decrescente";"Céu Claro";"Dupla";"Reta";"Sim";2;0;1;0;1;0;1;2;-20,09009009;-43,97288568;"SPRF-MG";"DEL01-MG";"UOP02-DEL01-MG"
670127;2025-03-28;"sexta-feira";"17:40:00";"ES";101;283;"CARIACICA";"Reação tardia ou ineficiente do condutor";"Tombamento";"Com Vítimas Feridas";"Anoitecer";"Crescente";"Céu Claro";"Múltipla";"Reta";"Sim";2;0;1;1;0;0;2;1;-20,242584;-40,369826;"SPRF-ES";"DEL01-ES";"UOP01-DEL01-ES"
670128;2025-03-28;"sexta-feira";"17:15:00";"SC";470;60,6;"BLUMENAU";"Demais falhas mecânicas ou elétricas";"Colisão lateral sentido oposto";"Com Vítimas Feridas";"Pleno dia";"Crescente";"Céu Claro";"Simples";"Reta";"Não";2;0;0;1;1;0;1;2;-26,87973;-49,17094;"SPRF-SC";"DEL04-SC";"UOP01-DEL04-SC"
670130;2025-03-28;"sexta-feira";"17:00:00";"SP";116;144;"SAO JOSE DOS CAMPOS";"Manobra de mudança de faixa";"Colisão lateral mesmo sentido";"Com Vítimas Feridas";"Pleno dia";"Decrescente";"Nublado";"Múltipla";"Reta";"Sim";2;0;1;0;1;0;1;2;-23,18150649;-45,84365917;"SPRF-SP";"DEL02-SP";"UOP01-DEL02-SP"
670131;2025-03-28;"sexta-feira";"15:00:00";"MG";262;631,4;"IBIA";"Acessar a via sem observar a presença dos outros veículos";"Colisão transversal";"Com Vítimas Feridas";"Pleno dia";"Decrescente";"Sol";"Simples";"Reta";"Não";3;0;1;0;2;0;1;2;-19,5786473;-46,72559196;"SPRF-MG";"DEL08-MG";"UOP01-DEL08-MG"
670132;2025-03-28;"sexta-feira";"17:35:00";"MG";381;510;"IGARAPE";"Ultrapassagem Indevida";"Colisão lateral mesmo sentido";"Com Vítimas Feridas";"Anoitecer";"Crescente";"Céu Claro";"Simples";"Reta";"Não";2;0;0;1;0;1;1;2;-20,05762896;-44,28823644;"SPRF-MG";"DEL01-MG";"UOP03-DEL01-MG"
670133;2025-03-28;"sexta-feira";"15:45:00";"MS";163;513;"JARAGUARI";"Reação tardia ou ineficiente do condutor";"Saída de leito carroçável";"Sem Vítimas";"Pleno dia";"Crescente";"Céu Claro";"Dupla";"Reta";"Não";1;0;0;0;1;0;0;1;-20,2108575;-54,4702105;"SPRF-MS";"DEL01-MS";"UOP02-DEL01-MS"
670134;2025-03-28;"sexta-feira";"17:30:00";"RJ";101;269;"RIO BONITO";"Manobra de mudança de faixa";"Colisão traseira";"Com Vítimas Feridas";"Anoitecer";"Crescente";"Céu Claro";"Dupla";"Retorno Regulamentado";"Sim";2;0;1;0;1;0;1;2;-22,72077369;-42,69012451;"SPRF-RJ";"DEL02-RJ";"UOP03-DEL02-RJ"
670135;2025-03-28;"sexta-feira";"16:30:00";"RJ";465;21;"NOVA IGUACU";"Trafegar com motocicleta (ou similar) entre as faixas";"Colisão transversal";"Com Vítimas Feridas";"Pleno dia";"Decrescente";"Ignorado";"Simples";"Reta";"Sim";3;0;2;0;1;0;2;2;-22,8538971;-43,60195572;"SPRF-RJ";"DEL06-RJ";"UOP02-DEL06-RJ"
670136;2025-03-28;"sexta-feira";"17:10:00";"RJ";116;180;"NOVA IGUACU";"Ausência de reação do condutor";"Colisão lateral mesmo sentido";"Com Vítimas Feridas";"Pleno dia";"Crescente";"Céu Claro";"Dupla";"Reta";"Não";2;0;0;1;1;0;1;2;-22,76537503;-43,41529325;"SPRF-RJ";"DEL06-RJ";"UOP01-DEL06-RJ"
670137;2025-03-28;"sexta-feira";"17:22:00";"CE";222;1,4;"FORTALEZA";"Condutor deixou de manter distância do veículo da frente";"Colisão traseira";"Sem Vítimas";"Anoitecer";"Crescente";"Céu Claro";"Múltipla";"Reta";"Sim";2;0;0;0;2;0;0;2;-3,738337;-38,58239;"SPRF-CE";"DEL01-CE";"UOP01-DEL01-CE"
670140;2025-03-28;"sexta-feira";"17:00:00";"PR";277;82;"CURITIBA";"Velocidade Incompatível";"Colisão traseira";"Com Vítimas Feridas";"Pleno dia";"Decrescente";"Nublado";"Dupla";"Reta";"Sim";4;0;1;0;3;0;1;2;-25,45815486;-49,22218323;"SPRF-PR";"DEL01-PR";"UOP03-DEL01-PR"
670141;2025-03-28;"sexta-feira";"17:40:00";"SP";116;286,9;"ITAPECERICA DA SERRA";"Transitar no Acostamento";"Atropelamento de Pedestre";"Com Vítimas Feridas";"Anoitecer";"Crescente";"Garoa/Chuvisco";"Dupla";"Reta";"Sim";2;0;1;0;1;0;1;2;-23,7002467;-46,8689224;"SPRF-SP";"DEL04-SP";"UOP01-DEL04-SP"
670142;2025-03-28;"sexta-feira";"18:00:00";"SC";282;2,9;"FLORIANOPOLIS";"Condutor deixou de manter distância do veículo da frente";"Colisão traseira";"Com Vítimas Feridas";"Plena Noite";"Crescente";"Céu Claro";"Múltipla";"Reta";"Sim";2;0;1;0;1;0;1;2;-27,60114;-48,598677;"SPRF-SC";"DEL01-SC";"UOP01-DEL01-SC"
670143;2025-03-28;"sexta-feira";"17:35:00";"RN";304;66,1;"MOSSORO";"Ausência de reação do condutor";"Saída de leito carroçável";"Com Vítimas Feridas";"Anoitecer";"Crescente";"Chuva";"Simples";"Reta";"Não";1;0;0;1;0;0;1;1;-5,3715;-37,24301;"SPRF-RN";"DEL04-RN";"UOP01-DEL04-RN"
670144;2025-03-28;"sexta-feira";"17:10:00";"MT";70;521;"VARZEA GRANDE";"Acesso irregular";"Colisão lateral mesmo sentido";"Com Vítimas Feridas";"Pleno dia";"Decrescente";"Sol";"Simples";"Reta";"Sim";2;0;2;0;0;0;2;2;-15,67794301;-56,17541218;"SPRF-MT";"DEL01-MT";"UOP02-DEL01-MT"
670145;2025-03-28;"sexta-feira";"16:55:00";"BA";116;11,2;"VITORIA DA CONQUISTA";"Desrespeitar a preferência no cruzamento";"Colisão transversal";"Com Vítimas Feridas";"Pleno dia";"Crescente";"Céu Claro";"Simples";"Reta;Interseção de Vias";"Sim";2;0;1;0;1;0;1;2;-14,87304066;-40,87137222;"SPRF-BA";"DEL08-BA";"UOP01-DEL08-BA"
670146;2025-03-28;"sexta-feira";"18:10:00";"BA";101;527;"BUERAREMA";"Ausência de reação do condutor";"Atropelamento de Pedestre";"Com Vítimas Feridas";"Anoitecer";"Crescente";"Céu Claro";"Simples";"Reta";"Não";2;0;1;0;1;0;1;2;-14,962748;-39,311501;"SPRF-BA";"DEL05-BA";"UOP01-DEL05-BA"
670147;2025-03-28;"sexta-feira";"18:15:00";"MG";40;524,5;"CONTAGEM";"Condutor deixou de manter distância do veículo da frente";"Colisão traseira";"Com Vítimas Feridas";"Anoitecer";"Crescente";"Céu Claro";"Dupla";"Curva;Interseção de Vias";"Sim";2;0;1;0;1;0;1;2;-19,87931;-44,051033;"SPRF-MG";"DEL01-MG";"UOP02-DEL01-MG"
670149;2025-03-28;"sexta-feira";"19:05:00";"RN";101;82;"NATAL";"Pedestre cruzava a pista fora da faixa";"Atropelamento de Pedestre";"Com Vítimas Feridas";"Plena Noite";"Crescente";"Céu Claro";"Dupla";"Reta";"Sim";2;0;2;0;0;0;2;2;-5,768391;-35,273346;"SPRF-RN";"DEL02-RN";"UOP01-DEL02-RN"
670151;2025-03-28;"sexta-feira";"18:20:00";"ES";262;104,7;"VENDA NOVA DO IMIGRANTE";"Reação tardia ou ineficiente do condutor";"Colisão traseira";"Com Vítimas Feridas";"Plena Noite";"Crescente";"Céu Claro";"Simples";"Reta";"Sim";2;0;1;0;1;0;1;2;-20,325957;-41,136038;"SPRF-ES";"DEL01-ES";"UOP02-DEL01-ES"
670152;2025-03-28;"sexta-feira";"18:30:00";"DF";60;1,7;"BRASILIA";"Manobra de mudança de faixa";"Colisão lateral mesmo sentido";"Com Vítimas Feridas";"Plena Noite";"Crescente";"Nublado";"Dupla";"Reta";"Sim";4;0;2;0;2;0;2;2;-15,886237;-48,074223;"SPRF-DF";"DEL03-DF";"UOP01-DEL03-DF"
670153;2025-03-28;"sexta-feira";"18:30:00";"SC";280;29,5;"ARAQUARI";"Ausência de reação do condutor";"Colisão transversal";"Com Vítimas Feridas";"Anoitecer";"Crescente";"Céu Claro";"Simples";"Reta";"Sim";4;0;0;2;2;0;2;2;-26,40993623;-48,75157356;"SPRF-SC";"DEL03-SC";"UOP03-DEL03-SC"
670154;2025-03-28;"sexta-feira";"19:35:00";"SP";116;5;"GUARULHOS";"Pedestre cruzava a pista fora da faixa";"Atropelamento de Pedestre";"Com Vítimas Feridas";"Plena Noite";"Decrescente";"Nublado";"Múltipla";"Reta";"Não";2;0;1;0;1;0;1;2;-23,42147589;-46,47856772;"SPRF-SP";"DEL01-SP";"UOP01-DEL01-SP"
670155;2025-03-28;"sexta-feira";"19:47:00";"SP";116;219;"GUARULHOS";"Reação tardia ou ineficiente do condutor";"Colisão traseira";"Com Vítimas Feridas";"Plena Noite";"Crescente";"Céu Claro";"Múltipla";"Reta;Em Obras";"Sim";3;0;0;1;1;1;1;3;-23,4636704;-46,4958005;"SPRF-SP";"DEL01-SP";"UOP01-DEL01-SP"
670157;2025-03-28;"sexta-feira";"18:46:00";"SE";235;4,2;"NOSSA SENHORA DO SOCORRO";"Ingestão de álcool pelo condutor";"Colisão traseira";"Sem Vítimas";"Plena Noite";"Crescente";"Céu Claro";"Dupla";"Reta";"Sim";3;0;0;0;3;0;0;3;-10,90616957;-37,11318785;"SPRF-SE";"DEL01-SE";"UOP01-DEL01-SE"
670159;2025-03-28;"sexta-feira";"18:20:00";"SC";116;5;"MAFRA";"Reação tardia ou ineficiente do condutor";"Colisão traseira";"Com Vítimas Feridas";"Plena Noite";"Crescente";"Nublado";"Simples";"Reta";"Sim";4;0;1;0;2;1;1;3;-26,15766689;-49,8387748;"SPRF-SC";"DEL06-SC";"UOP01-DEL06-SC"
670161;2025-03-28;"sexta-feira";"19:05:00";"CE";222;70;"SAO GONCALO DO AMARANTE";"Transitar na contramão";"Colisão frontal";"Com Vítimas Fatais";"Plena Noite";"Decrescente";"Céu Claro";"Simples";"Reta;Declive";"Não";2;1;0;0;1;0;0;2;-3,670533;-39,175052;"SPRF-CE";"DEL01-CE";"UOP03-DEL01-CE"
670162;2025-03-28;"sexta-feira";"20:00:00";"MG";262;35,5;"MANHUACU";"Acessar a via sem observar a presença dos outros veículos";"Colisão transversal";"Com Vítimas Feridas";"Plena Noite";"Crescente";"Céu Claro";"Simples";"Declive";"Não";2;0;1;0;1;0;1;2;-20,26015268;-42,03596346;"SPRF-MG";"DEL06-MG";"UOP03-DEL06-MG"
670164;2025-03-28;"sexta-feira";"09:30:00";"RS";116;513,9;"PELOTAS";"Manobra de mudança de faixa";"Colisão lateral mesmo sentido";"Com Vítimas Feridas";"Pleno dia";"Crescente";"Céu Claro";"Simples";"Reta";"Não";2;0;1;0;1;0;1;2;-31,65442667;-52,33753497;"SPRF-RS";"DEL07-RS";"UOP01-DEL07-RS"
670166;2025-03-28;"sexta-feira";"19:40:00";"SP";153;61,5;"SAO JOSE DO RIO PRETO";"Trafegar com motocicleta (ou similar) entre as faixas";"Tombamento";"Com Vítimas Feridas";"Pleno dia";"Decrescente";"Céu Claro";"Dupla";"Reta;Declive";"Sim";2;0;2;0;0;0;2;1;-20,809905;-49,356345;"SPRF-SP";"DEL09-SP";"UOP01-DEL09-SP"
670169;2025-03-28;"sexta-feira";"21:30:00";"RS";116;221;"DOIS IRMAOS";"Acessar a via sem observar a presença dos outros veículos";"Colisão transversal";"Com Vítimas Feridas";"Plena Noite";"Decrescente";"Nublado";"Simples";"Reta;Rotatória";"Sim";2;0;1;1;0;0;2;2;-29,57862512;-51,0958039;"SPRF-RS";"DEL01-RS";"UOP02-DEL01-RS"
670170;2025-03-28;"sexta-feira";"17:50:00";"RJ";101;482;"ANGRA DOS REIS";"Acessar a via sem observar a presença dos outros veículos";"Colisão lateral mesmo sentido";"Com Vítimas Feridas";"Plena Noite";"Crescente";"Céu Claro";"Dupla";"Rotatória";"Sim";6;0;1;0;5;0;1;2;-23,00011572;-44,30099487;"SPRF-RJ";"DEL03-RJ";"UOP03-DEL03-RJ"
670172;2025-03-28;"sexta-feira";"19:45:00";"RJ";493;15;"GUAPIMIRIM";"Ausência de reação do condutor";"Colisão lateral sentido oposto";"Com Vítimas Feridas";"Plena Noite";"Decrescente";"Céu Claro";"Simples";"Reta";"Não";2;0;1;0;1;0;1;2;-22,66369919;-42,99574272;"SPRF-RJ";"DEL04-RJ";"UOP02-DEL04-RJ"
670173;2025-03-28;"sexta-feira";"20:27:00";"PE";232;507;"SALGUEIRO";"Acessar a via sem observar a presença dos outros veículos";"Colisão frontal";"Com Vítimas Feridas";"Plena Noite";"Crescente";"Céu Claro";"Simples";"Reta";"Sim";2;0;1;0;1;0;1;2;-8,061002;-39,114799;"SPRF-PE";"DEL05-PE";"UOP01-DEL05-PE"
670174;2025-03-28;"sexta-feira";"20:30:00";"PI";343;340;"TERESINA";"Acessar a via sem observar a presença dos outros veículos";"Colisão transversal";"Com Vítimas Feridas";"Plena Noite";"Crescente";"Céu Claro";"Dupla";"Curva";"Não";2;0;1;0;1;0;1;2;-5,07493669;-42,73758765;"SPRF-PI";"DEL01-PI";"UOP01-DEL01-PI"
670175;2025-03-28;"sexta-feira";"20:10:00";"RS";290;51;"GLORINHA";"Reação tardia ou ineficiente do condutor";"Colisão traseira";"Sem Vítimas";"Plena Noite";"Crescente";"Nublado";"Dupla";"Reta";"Não";3;0;0;0;3;0;0;2;-29,910178;-50,768425;"SPRF-RS";"DEL03-RS";"UOP01-DEL03-RS"
670177;2025-03-28;"sexta-feira";"20:00:00";"PR";376;204;"MANDAGUARI";"Reação tardia ou ineficiente do condutor";"Saída de leito carroçável";"Com Vítimas Feridas";"Plena Noite";"Decrescente";"Céu Claro";"Dupla";"Declive;Reta";"Não";2;0;1;1;0;0;2;1;-23,5339108;-51,7138267;"SPRF-PR";"DEL09-PR";"UOP01-DEL09-PR"
670178;2025-03-28;"sexta-feira";"20:50:00";"BA";324;543;"AMELIA RODRIGUES";"Acesso irregular";"Colisão lateral mesmo sentido";"Com Vítimas Feridas";"Plena Noite";"Decrescente";"Céu Claro";"Dupla";"Reta";"Não";2;0;0;1;1;0;1;2;-12,41504594;-38,75185203;"SPRF-BA";"DEL01-BA";"UOP03-DEL01-BA"
670179;2025-03-28;"sexta-feira";"21:20:00";"ES";101;241;"SERRA";"Transitar na contramão";"Colisão frontal";"Com Vítimas Feridas";"Plena Noite";"Crescente";"Céu Claro";"Simples";"Reta";"Não";2;0;0;1;1;0;1;2;-20,02616333;-40,39835;"SPRF-ES";"DEL02-ES";"UOP01-DEL02-ES"
670180;2025-03-28;"sexta-feira";"21:05:00";"RJ";116;178;"SAO JOAO DE MERITI";"Reação tardia ou ineficiente do condutor";"Colisão lateral mesmo sentido";"Com Vítimas Feridas";"Plena Noite";"Crescente";"Céu Claro";"Dupla";"Reta";"Sim";4;0;1;0;3;0;1;2;-22,77804123;-43,39636087;"SPRF-RJ";"DEL06-RJ";"UOP01-DEL06-RJ"
670181;2025-03-28;"sexta-feira";"20:20:00";"PI";316;3;"TERESINA";"Retorno proibido";"Colisão transversal";"Com Vítimas Feridas";"Plena Noite";"Crescente";"Céu Claro";"Múltipla";"Interseção de Vias;Reta";"Sim";2;0;0;1;1;0;1;2;-5,13574158;-42,78921481;"SPRF-PI";"DEL01-PI";"UOP02-DEL01-PI"
670183;2025-03-28;"sexta-feira";"17:20:00";"RS";116;210;"MORRO REUTER";"Acesso irregular";"Colisão transversal";"Com Vítimas Feridas";"Pleno dia";"Crescente";"Céu Claro";"Simples";"Curva";"Não";2;0;0;1;1;0;1;2;-29,51242666;-51,09973842;"SPRF-RS";"DEL05-RS";"UOP02-DEL05-RS"
670184;2025-03-28;"sexta-feira";"20:30:00";"PR";277;651;"MATELANDIA";"Condutor deixou de manter distância do veículo da frente";"Colisão traseira";"Com Vítimas Feridas";"Plena Noite";"Decrescente";"Céu Claro";"Simples";"Reta";"Sim";3;0;2;0;1;0;2;2;-25,19728091;-53,94331802;"SPRF-PR";"DEL05-PR";"UOP02-DEL05-PR"
670185;2025-03-28;"sexta-feira";"18:30:00";"PA";316;66;"CASTANHAL";"Entrada inopinada do pedestre";"Atropelamento de Pedestre";"Sem Vítimas";"Anoitecer";"Decrescente";"Céu Claro";"Dupla";"Reta";"Sim";3;0;0;0;3;0;0;2;-1,295019;-47,899224;"SPRF-PA";"DEL01-PA";"UOP01-DEL01-PA"
670187;2025-03-28;"sexta-feira";"19:10:00";"MT";174;286;"PONTES E LACERDA";"Frear bruscamente";"Colisão traseira";"Com Vítimas Feridas";"Plena Noite";"Decrescente";"Céu Claro";"Simples";"Reta";"Não";7;0;1;0;6;0;1;2;-15,26856;-59,2973;"SPRF-MT";"DEL04-MT";"UOP01-DEL04-MT"
670188;2025-03-28;"sexta-feira";"20:50:00";"RJ";493;13;"GUAPIMIRIM";"Condutor Dormindo";"Queda de ocupante de veículo";"Com Vítimas Feridas";"Plena Noite";"Decrescente";"Céu Claro";"Simples";"Reta";"Sim";1;0;1;0;0;0;1;1;-22,68015342;-42,96804428;"SPRF-RJ";"DEL04-RJ";"UOP02-DEL04-RJ"
670191;2025-03-28;"sexta-feira";"22:10:00";"SC";282;5;"SAO JOSE";"Pedestre cruzava a pista fora da faixa";"Atropelamento de Pedestre";"Com Vítimas Feridas";"Plena Noite";"Decrescente";"Céu Claro";"Dupla";"Curva;Interseção de Vias";"Sim";2;0;0;1;1;0;1;2;-27,58422425;-48,61663163;"SPRF-SC";"DEL01-SC";"UOP01-DEL01-SC"
670192;2025-03-28;"sexta-feira";"19:55:00";"MS";163;802;"SONORA";"Ultrapassagem Indevida";"Saída de leito carroçável";"Sem Vítimas";"Plena Noite";"Decrescente";"Nublado";"Simples";"Reta;Aclive";"Não";1;0;0;0;1;0;0;1;-17,88787;-54,69156;"SPRF-MS";"DEL06-MS";"UOP01-DEL06-MS"
670193;2025-03-28;"sexta-feira";"22:10:00";"GO";153;408,1;"PIRENOPOLIS";"Avarias e/ou desgaste excessivo no pneu";"Tombamento";"Com Vítimas Feridas";"Plena Noite";"Decrescente";"Chuva";"Simples";"Declive";"Não";2;0;2;0;0;0;2;1;-16,097591;-49,032757;"SPRF-GO";"DEL02-GO";"UOP02-DEL02-GO"
670194;2025-03-28;"sexta-feira";"19:20:00";"MS";163;119,6;"NAVIRAI";"Reação tardia ou ineficiente do condutor";"Saída de leito carroçável";"Com Vítimas Feridas";"Plena Noite";"Decrescente";"Céu Claro";"Simples";"Curva";"Não";2;0;1;0;0;1;1;1;-23,11760525;-54,21595573;"SPRF-MS";"DEL09-MS";"UOP01-DEL09-MS"
670195;2025-03-28;"sexta-feira";"20:13:00";"MT";163;92;"RONDONOPOLIS";"Animais na Pista";"Capotamento";"Com Vítimas Feridas";"Plena Noite";"Decrescente";"Céu Claro";"Dupla";"Reta";"Não";3;0;3;0;0;0;3;1;-16,71906;-54,65006;"SPRF-MT";"DEL02-MT";"UOP03-DEL02-MT"
670196;2025-03-28;"sexta-feira";"20:30:00";"RJ";101;175;"MACAE";"Transitar no Acostamento";"Colisão traseira";"Com Vítimas Feridas";"Plena Noite";"Crescente";"Céu Claro";"Simples";"Curva";"Não";5;0;1;0;4;0;1;2;-22,36675421;-41,93762172;"SPRF-RJ";"DEL08-RJ";"UOP04-DEL08-RJ"
670197;2025-03-28;"sexta-feira";"22:05:00";"SP";116;279;"ITAPECERICA DA SERRA";"Condutor Dormindo";"Queda de ocupante de veículo";"Com Vítimas Feridas";"Plena Noite";"Crescente";"Céu Claro";"Dupla";"Reta";"Não";1;0;1;0;0;0;1;1;-23,7002484;-46,8689288;"SPRF-SP";"DEL04-SP";"UOP01-DEL04-SP"
670198;2025-03-28;"sexta-feira";"20:00:00";"MG";381;159,9;"GOVERNADOR VALADARES";"Ausência de reação do condutor";"Colisão com objeto";"Com Vítimas Feridas";"Plena Noite";"Decrescente";"Céu Claro";"Simples";"Declive;Curva";"Não";1;0;1;0;0;0;1;1;-18,8922388;-42,0048759;"SPRF-MG";"DEL06-MG";"UOP01-DEL06-MG"
670200;2025-03-28;"sexta-feira";"22:40:00";"RS";293;13,1;"CAPAO DO LEAO";"Ausência de reação do condutor";"Colisão transversal";"Com Vítimas Feridas";"Plena Noite";"Crescente";"Céu Claro";"Simples";"Reta;Interseção de Vias";"Sim";2;0;0;1;1;0;1;2;-31,75603946;-52,44322993;"SPRF-RS";"DEL07-RS";"UOP01-DEL07-RS"
670201;2025-03-28;"sexta-feira";"22:15:00";"PB";101;93;"CONDE";"Ausência de reação do condutor";"Colisão com objeto";"Com Vítimas Feridas";"Plena Noite";"Decrescente";"Céu Claro";"Dupla";"Declive";"Sim";1;0;1;0;0;0;1;1;-7,218265;-34,912787;"SPRF-PB";"DEL01-PB";"UOP01-DEL01-PB"