"id";"data_inversa";"dia_semana";"horario";"uf";"br";"km";"municipio";"causa_acidente";"tipo_acidente";"classificacao_acidente";"fase_dia";"sentido_via";"condicao_metereologica";"tipo_pista";"tracado_via";"uso_solo";"pessoas";"mortos";"feridos_leves";"feridos_graves";"ilesos";"ignorados";"feridos";"veiculos";"latitude";"longitude";"regional";"delegacia";"uop"
670304;2025-03-29;"sábado";"13:00:00";"RN";406;162,7;"SAO GONCALO DO AMARANTE";"Acessar a via sem observar a presença dos outros veículos";"Colisão transversal";"Com Vítimas Feridas";"Pleno dia";"Decrescente";"Céu Claro";"Dupla";"Reta";"Não";2;0;0;1;1;0;1;2;-5,73188951;-35,35817677;"SPRF-RN";"DEL02-RN";"UOP01-DEL02-RN"
670307;2025-03-29;"sábado";"12:00:00";"SC";116;246;"LAGES";"Acessar a via sem observar a presença dos outros veículos";"Colisão transversal";"Com Vítimas Feridas";"Pleno dia";"Crescente";"Céu Claro";"Simples";"Rotatória";"Não";2;0;1;0;1;0;1;2;-27,79975263;-50,36385819;"SPRF-SC";"DEL05-SC";"UOP02-DEL05-SC"
670309;2025-03-29;"sábado";"11:00:00";"MA";10;321;"ACAILANDIA";"Condutor deixou de manter distância do veículo da frente";"Colisão traseira";"Com Vítimas Feridas";"Pleno dia";"Crescente";"Céu Claro";"Simples";"Reta";"Sim";2;0;0;1;1;0;1;2;-4,93963173;-47,50299092;"SPRF-MA";"DEL04-MA";"UOP03-DEL04-MA"
670311;2025-03-29;"sábado";"13:20:00";"ES";259;8,5;"JOAO NEIVA";"Reação tardia ou ineficiente do condutor";"Tombamento";"Com Vítimas Feridas";"Pleno dia";"Crescente";"Céu Claro";"Simples";"Reta";"Não";1;0;0;1;0;0;1;1;-19,67734105;-40,39954744;"SPRF-ES";"DEL02-ES";"UOP01-DEL02-ES"
670313;2025-03-29;"sábado";"12:45:00";"RS";285;454,6;"IJUI";"Acessar a via sem observar a presença dos outros veículos";"Colisão transversal";"Com Vítimas Fatais";"Pleno dia";"Crescente";"Sol";"Simples";"Reta;Em Obras;Interseção de Vias";"Sim";5;1;1;2;0;1;3;3;-28,381685;-53,881245;"SPRF-RS";"DEL10-RS";"UOP01-DEL10-RS"
670314;2025-03-29;"sábado";"12:47:00";"DF";70;3;"BRASILIA";"Ausência de reação do condutor";"Colisão traseira";"Com Vítimas Feridas";"Pleno dia";"Crescente";"Céu Claro";"Dupla";"Reta";"Sim";3;0;0;2;1;0;2;2;-15,80191;-48,083918;"SPRF-DF";"DEL03-DF";"UOP02-DEL03-DF"
670316;2025-03-29;"sábado";"12:25:00";"PR";369;247;"BOM SUCESSO";"Acumulo de água sobre o pavimento";"Colisão frontal";"Com Vítimas Fatais";"Pleno dia";"Decrescente";"Chuva";"Simples";"Declive;Curva";"Não";3;1;0;1;1;0;1;2;-23,705216;-51,739742;"SPRF-PR";"DEL09-PR";"UOP01-DEL09-PR"
670317;2025-03-29;"sábado";"12:30:00";"PE";232;142,4;"SAO CAITANO";"Ingestão de álcool pelo condutor";"Saída de leito carroçável";"Com Vítimas Feridas";"Pleno dia";"Crescente";"Céu Claro";"Dupla";"Reta;Aclive";"Não";1;0;0;1;0;0;1;1;-8,322915;-36,099833;"SPRF-PE";"DEL03-PE";"UOP02-DEL03-PE"
670318;2025-03-29;"sábado";"11:50:00";"MA";135;16,2;"SAO LUIS";"Entrada inopinada do pedestre";"Atropelamento de Pedestre";"Com Vítimas Feridas";"Pleno dia";"Crescente";"Céu Claro";"Dupla";"Reta";"Não";3;0;0;1;2;0;1;2;-2,70532166;-44,31258202;"SPRF-MA";"DEL01-MA";"UOP01-DEL01-MA"
670319;2025-03-29;"sábado";"13:48:00";"SC";282;0,1;"FLORIANOPOLIS";"Manobra de mudança de faixa";"Colisão lateral mesmo sentido";"Com Vítimas Feridas";"Pleno dia";"Decrescente";"Nublado";"Múltipla";"Reta";"Não";3;0;2;0;0;1;2;2;-27,598168;-48,571497;"SPRF-SC";"DEL01-SC";"UOP01-DEL01-SC"
670320;2025-03-06;"quinta-feira";"07:00:00";"BA";420;233;"LAJE";"Demais falhas mecânicas ou elétricas";"Saída de leito carroçável";"Com Vítimas Feridas";"Pleno dia";"Crescente";"Céu Claro";"Simples";"Reta";"Não";1;0;1;0;0;0;1;1;-13,1699854;-39,3491173;"SPRF-BA";"DEL01-BA";"UOP02-DEL01-BA"
670321;2025-03-29;"sábado";"14:00:00";"MG";50;176;"UBERABA";"Ingestão de álcool pelo condutor";"Colisão traseira";"Com Vítimas Feridas";"Pleno dia";"Crescente";"Chuva";"Dupla";"Reta";"Não";3;0;2;0;1;0;2;2;-19,779531;-47,965733;"SPRF-MG";"DEL13-MG";"UOP01-DEL13-MG"
670323;2025-03-29;"sábado";"14:30:00";"CE";116;10;"FORTALEZA";"Manobra de mudança de faixa";"Colisão lateral mesmo sentido";"Com Vítimas Feridas";"Pleno dia";"Crescente";"Nublado";"Múltipla";"Reta";"Sim";3;0;2;0;0;1;2;2;-3,8372464;-38,502295;"SPRF-CE";"DEL01-CE";"UOP02-DEL01-CE"
670324;2025-03-29;"sábado";"14:30:00";"RJ";493;24;"MAGE";"Ausência de reação do condutor";"Queda de ocupante de veículo";"Com Vítimas Feridas";"Pleno dia";"Crescente";"Sol";"Simples";"Reta";"Não";1;0;1;0;0;0;1;1;-22,65748239;-43,07314396;"SPRF-RJ";"DEL04-RJ";"UOP02-DEL04-RJ"
670325;2025-03-29;"sábado";"12:20:00";"PR";369;208,8;"APUCARANA";"Reação tardia ou ineficiente do condutor";"Saída de leito carroçável";"Com Vítimas Feridas";"Pleno dia";"Crescente";"Nublado";"Simples";"Reta;Interseção de Vias";"Sim";1;0;1;0;0;0;1;1;-23,565372;-51,504341;"SPRF-PR";"DEL07-PR";"UOP03-DEL07-PR"
670326;2025-03-29;"sábado";"14:05:00";"PR";376;179,8;"MARINGA";"Reação tardia ou ineficiente do condutor";"Colisão traseira";"Com Vítimas Feridas";"Pleno dia";"Decrescente";"Chuva";"Dupla";"Reta";"Sim";2;0;0;1;1;0;1;2;-23,42596952;-51,89741481;"SPRF-PR";"DEL09-PR";"UOP01-DEL09-PR"
670327;2025-03-29;"sábado";"15:05:00";"RS";290;58;"GLORINHA";"Ausência de reação do condutor";"Saída de leito carroçável";"Com Vítimas Fatais";"Pleno dia";"Decrescente";"Nublado";"Dupla";"Reta";"Não";4;1;3;0;0;0;3;1;-29,920962;-50,838635;"SPRF-RS";"DEL03-RS";"UOP01-DEL03-RS"
670328;2025-03-29;"sábado";"12:13:00";"PR";277;61;"SAO JOSE DOS PINHAIS";"Velocidade Incompatível";"Queda de ocupante de veículo";"Com Vítimas Feridas";"Pleno dia";"Crescente";"Céu Claro";"Dupla";"Reta";"Não";2;0;1;0;0;1;1;2;-25,5490089;-49,04382521;"SPRF-PR";"DEL01-PR";"UOP01-DEL01-PR"
670330;2025-03-29;"sábado";"15:30:00";"SC";470;57,4;"BLUMENAU";"Ausência de reação do condutor";"Colisão traseira";"Com Vítimas Feridas";"Pleno dia";"Crescente";"Céu Claro";"Dupla";"Interseção de Vias";"Não";3;0;1;0;2;0;1;2;-26,88263599;-49,14205844;"SPRF-SC";"DEL04-SC";"UOP01-DEL04-SC"
670331;2025-03-29;"sábado";"15:20:00";"DF";70;12,2;"BRASILIA";"Condutor deixou de manter distância do veículo da frente";"Colisão traseira";"Com Vítimas Feridas";"Pleno dia";"Decrescente";"Céu Claro";"Dupla";"Reta";"Sim";3;0;1;0;2;0;1;2;-15,794205;-48,163559;"SPRF-DF";"DEL03-DF";"UOP02-DEL03-DF"
670332;2025-03-29;"sábado";"15:43:00";"ES";101;281,9;"SERRA";"Demais falhas mecânicas ou elétricas";"Tombamento";"Com Vítimas Feridas";"Pleno dia";"Crescente";"Sol";"Dupla";"Reta";"Não";2;0;2;0;0;0;2;1;-20,226233;-40,363418;"SPRF-ES";"DEL02-ES";"UOP01-DEL02-ES"
670334;2025-03-29;"sábado";"13:30:00";"SC";282;79,2;"GUARACIABA";"Conversão proibida";"Colisão traseira";"Com Vítimas Feridas";"Pleno dia";"Crescente";"Céu Claro";"Simples";"Aclive";"Não";2;0;1;0;1;0;1;2;-26,65290527;-53,5179019;"SPRF-SC";"DEL01-SC";"UOP03-DEL01-SC"
670336;2025-03-29;"sábado";"10:20:00";"PE";408;98;"CAMARAGIBE";"Demais falhas mecânicas ou elétricas";"Incêndio";"Sem Vítimas";"Pleno dia";"Decrescente";"Céu Claro";"Dupla";"Curva";"Não";1;0;0;0;0;1;0;1;-8,03359;-35,00353;"SPRF-PE";"DEL01-PE";"UOP01-DEL01-PE"
670337;2025-03-29;"sábado";"15:15:00";"GO";60;167,2;"GOIANIA";"Ultrapassagem Indevida";"Colisão com objeto";"Com Vítimas Fatais";"Pleno dia";"Decrescente";"Céu Claro";"Dupla";"Reta;Aclive";"Sim";2;1;0;0;1;0;0;2;-16,727823;-49,383237;"SPRF-GO";"DEL01-GO";"UOP02-DEL01-GO"
670339;2025-03-29;"sábado";"15:56:00";"PB";101;84;"BAYEUX";"Acessar a via sem observar a presença dos outros veículos";"Colisão com objeto";"Com Vítimas Feridas";"Pleno dia";"Crescente";"Céu Claro";"Dupla";"Reta";"Sim";3;0;1;0;2;0;1;2;-7,144;-34,918;"SPRF-PB";"DEL01-PB";"UOP01-DEL01-PB"
670341;2025-03-29;"sábado";"11:20:00";"PR";277;601,9;"CASCAVEL";"Manobra de mudança de faixa";"Capotamento";"Com Vítimas Feridas";"Pleno dia";"Decrescente";"Céu Claro";"Dupla";"Reta";"Não";1;0;1;0;0;0;1;1;-25,02822813;-53,55838926;"SPRF-PR";"DEL04-PR";"UOP01-DEL04-PR"
670342;2025-03-29;"sábado";"16:00:00";"BA";116;829,8;"VITORIA DA CONQUISTA";"Ingestão de álcool pelo condutor";"Capotamento";"Com Vítimas Feridas";"Pleno dia";"Crescente";"Céu Claro";"Simples";"Reta;Aclive";"Sim";2;0;1;0;1;0;1;1;-14,907702;-40,872903;"SPRF-BA";"DEL08-BA";"UOP01-DEL08-BA"
670343;2025-03-29;"sábado";"15:38:00";"PE";101;129,1;"ESCADA";"Manobra de mudança de faixa";"Colisão traseira";"Com Vítimas Feridas";"Pleno dia";"Crescente";"Céu Claro";"Dupla";"Reta;Retorno Regulamentado";"Não";2;0;1;0;1;0;1;2;-8,387961;-35,252821;"SPRF-PE";"DEL01-PE";"UOP03-DEL01-PE"
670345;2025-03-29;"sábado";"16:00:00";"RS";471;174;"RIO PARDO";"Acessar a via sem observar a presença dos outros veículos";"Colisão transversal";"Com Vítimas Feridas";"Pleno dia";"Crescente";"Céu Claro";"Dupla";"Rotatória";"Sim";3;0;2;0;1;0;2;2;-29,9816509;-52,36971075;"SPRF-RS";"DEL02-RS";"UOP03-DEL02-RS"
670346;2025-03-29;"sábado";"16:10:00";"RS";116;242;"SAPUCAIA DO SUL";"Pedestre andava na pista";"Atropelamento de Pedestre";"Com Vítimas Fatais";"Pleno dia";"Crescente";"Céu Claro";"Dupla";"Reta;Declive";"Sim";6;1;0;0;3;2;0;2;-29,80060778;-51,16569822;"SPRF-RS";"DEL01-RS";"UOP02-DEL01-RS"
670347;2025-03-29;"sábado";"16:39:00";"PI";343;3,4;"TERESINA";"Desrespeitar a preferência no cruzamento";"Colisão transversal";"Com Vítimas Feridas";"Pleno dia";"Crescente";"Céu Claro";"Dupla";"Reta";"Sim";2;0;0;1;1;0;1;2;-5,08091058;-42,78012749;"SPRF-PI";"DEL01-PI";"UOP01-DEL01-PI"
670350;2025-03-29;"sábado";"16:10:00";"MS";262;326;"CAMPO GRANDE";"Ausência de reação do condutor";"Tombamento";"Com Vítimas Feridas";"Pleno dia";"Crescente";"Céu Claro";"Dupla";"Reta";"Sim";1;0;0;1;0;0;1;1;-20,46671919;-54,543605;"SPRF-MS";"DEL01-MS";"UOP01-DEL01-MS"
670351;2025-03-29;"sábado";"15:50:00";"RS";285;289,5;"PASSO FUNDO";"Ultrapassagem Indevida";"Colisão lateral sentido oposto";"Com Vítimas Feridas";"Pleno dia";"Decrescente";"Nublado";"Simples";"Reta";"Não";2;0;0;1;0;1;1;2;-28,23797273;-52,3470211;"SPRF-RS";"DEL08-RS";"UOP03-DEL08-RS"
670355;2025-03-29;"sábado";"17:00:00";"SP";381;36;"ATIBAIA";"Manobra de mudança de faixa";"Colisão lateral mesmo sentido";"Sem Vítimas";"Pleno dia";"Crescente";"Céu Claro";"Dupla";"Reta";"Não";2;0;0;0;2;0;0;2;-23,10384843;-46,5688844;"SPRF-SP";"DEL03-SP";"UOP01-DEL03-SP"
670356;2025-03-29;"sábado";"16:40:00";"AL";101;196,2;"SAO SEBASTIAO";"Ausência de reação do condutor";"Saída de leito carroçável";"Sem Vítimas";"Pleno dia";"Crescente";"Céu Claro";"Dupla";"Reta";"Não";1;0;0;0;0;1;0;1;-9,932719;-36,507447;"SPRF-AL";"DEL02-AL";"UOP02-DEL02-AL"
670359;2025-03-29;"sábado";"13:30:00";"GO";153;321;"RIANAPOLIS";"Acessar a via sem observar a presença dos outros veículos";"Colisão transversal";"Com Vítimas Feridas";"Pleno dia";"Decrescente";"Céu Claro";"Simples";"Reta;Interseção de Vias";"Não";3;0;0;2;1;0;2;2;-15,47436343;-49,49594649;"SPRF-GO";"DEL02-GO";"UOP02-DEL02-GO"
670360;2025-03-29;"sábado";"16:30:00";"SC";470;231;"SAO CRISTOVAO DO SUL";"Acumulo de água sobre o pavimento";"Saída de leito carroçável";"Com Vítimas Feridas";"Anoitecer";"Decrescente";"Chuva";"Simples";"Reta";"Não";1;0;1;0;0;0;1;1;-27,30351;-50,40448;"SPRF-SC";"DEL05-SC";"UOP03-DEL05-SC"
670361;2025-03-29;"sábado";"17:05:00";"PR";277;15;"PARANAGUA";"Demais falhas mecânicas ou elétricas";"Incêndio";"Sem Vítimas";"Anoitecer";"Crescente";"Nublado";"Dupla";"Reta";"Não";2;0;0;0;2;0;0;1;-25,552458;-48,663545;"SPRF-PR";"DEL01-PR";"UOP05-DEL01-PR"
670362;2025-03-29;"sábado";"16:00:00";"MS";158;98,1;"PARANAIBA";"Ingestão de álcool pelo condutor";"Tombamento";"Com Vítimas Feridas";"Pleno dia";"Decrescente";"Céu Claro";"Dupla";"Reta";"Sim";1;0;1;0;0;0;1;1;-19,69580322;-51,17905486;"SPRF-MS";"DEL08-MS";"UOP01-DEL08-MS"
670363;2025-03-29;"sábado";"17:10:00";"RJ";465;8;"SEROPEDICA";"Ausência de reação do condutor";"Queda de ocupante de veículo";"Com Vítimas Feridas";"Anoitecer";"Decrescente";"Céu Claro";"Simples";"Reta";"Sim";1;0;1;0;0;0;1;1;-22,78389353;-43,6579366;"SPRF-RJ";"DEL06-RJ";"UOP02-DEL06-RJ"
670365;2025-03-29;"sábado";"17:00:00";"SP";116;293;"ITAPECERICA DA SERRA";"Ausência de reação do condutor";"Colisão lateral mesmo sentido";"Com Vítimas Feridas";"Pleno dia";"Crescente";"Céu Claro";"Dupla";"Reta";"Não";3;0;2;0;0;1;2;2;-23,74687944;-46,90034878;"SPRF-SP";"DEL04-SP";"UOP01-DEL04-SP"
670366;2025-03-29;"sábado";"15:50:00";"MG";146;474,5;"BANDEIRA DO SUL";"Condutor deixou de manter distância do veículo da frente";"Engavetamento";"Com Vítimas Feridas";"Pleno dia";"Decrescente";"Nublado";"Simples";"Reta;Ponte;Aclive";"Não";6;0;4;0;2;0;4;3;-21,74860824;-46,40546679;"SPRF-MG";"DEL09-MG";"UOP01-DEL09-MG"
670367;2025-03-29;"sábado";"18:40:00";"SP";101;46;"UBATUBA";"Trafegar com motocicleta (ou similar) entre as faixas";"Colisão lateral sentido oposto";"Com Vítimas Feridas";"Plena Noite";"Decrescente";"Céu Claro";"Simples";"Reta";"Sim";3;0;1;0;1;1;1;2;-23,42456464;-45,07563105;"SPRF-SP";"DEL06-SP";"UOP01-DEL06-SP"
670368;2025-03-29;"sábado";"18:40:00";"SE";235;6;"NOSSA SENHORA DO SOCORRO";"Reação tardia ou ineficiente do condutor";"Colisão com objeto";"Com Vítimas Feridas";"Plena Noite";"Decrescente";"Céu Claro";"Múltipla";"Reta;Viaduto";"Sim";1;0;0;1;0;0;1;1;-10,90286155;-37,13241393;"SPRF-SE";"DEL01-SE";"UOP01-DEL01-SE"
670369;2025-03-29;"sábado";"18:30:00";"RS";290;90;"PORTO ALEGRE";"Manobra de mudança de faixa";"Colisão lateral mesmo sentido";"Com Vítimas Feridas";"Anoitecer";"Decrescente";"Nublado";"Múltipla";"Reta";"Sim";5;0;1;0;4;0;1;2;-29,96953696;-51,16958499;"SPRF-RS";"DEL01-RS";"UOP01-DEL01-RS"
670372;2025-03-29;"sábado";"19:05:00";"BA";101;876;"TEIXEIRA DE FREITAS";"Reação tardia ou ineficiente do condutor";"Queda de ocupante de veículo";"Com Vítimas Feridas";"Plena Noite";"Decrescente";"Céu Claro";"Simples";"Reta";"Sim";2;0;2;0;0;0;2;1;-17,53716869;-39,7136879;"SPRF-BA";"DEL09-BA";"UOP02-DEL09-BA"
670375;2025-03-29;"sábado";"18:00:00";"PB";230;470;"SOUSA";"Deixar de acionar o farol da motocicleta (ou similar)";"Colisão frontal";"Com Vítimas Feridas";"Plena Noite";"Crescente";"Céu Claro";"Simples";"Reta";"Não";3;0;0;1;1;1;1;3;-6,79430988;-38,29174161;"SPRF-PB";"DEL03-PB";"UOP03-DEL03-PB"
670376;2025-03-29;"sábado";"18:55:00";"MG";381;452;"SABARA";"Pedestre cruzava a pista fora da faixa";"Atropelamento de Pedestre";"Com Vítimas Feridas";"Plena Noite";"Decrescente";"Céu Claro";"Simples";"Curva";"Não";2;0;1;0;0;1;1;2;-19,834;-43,85915;"SPRF-MG";"DEL01-MG";"UOP01-DEL01-MG"
670377;2025-03-29;"sábado";"18:40:00";"MG";381;799;"SAO GONCALO DO SAPUCAI";"Ausência de reação do condutor";"Saída de leito carroçável";"Com Vítimas Feridas";"Plena Noite";"Crescente";"Céu Claro";"Dupla";"Curva";"Não";1;0;1;0;0;0;1;1;-21,921108;-45,610827;"SPRF-MG";"DEL16-MG";"UOP02-DEL16-MG"
670378;2025-03-29;"sábado";"18:45:00";"PR";376;330,5;"ORTIGUEIRA";"Acessar a via sem observar a presença dos outros veículos";"Colisão transversal";"Com Vítimas Feridas";"Plena Noite";"Crescente";"Céu Claro";"Dupla";"Retorno Regulamentado";"Sim";2;0;0;1;1;0;1;2;-24,09199;-51,04769;"SPRF-PR";"DEL07-PR";"UOP02-DEL07-PR"
670379;2025-03-29;"sábado";"18:50:00";"GO";153;514;"APARECIDA DE GOIANIA";"Desrespeitar a preferência no cruzamento";"Colisão transversal";"Com Vítimas Feridas";"Anoitecer";"Decrescente";"Céu Claro";"Múltipla";"Reta;Aclive";"Sim";4;0;2;0;2;0;2;2;-16,8291891;-49,24278259;"SPRF-GO";"DEL01-GO";"UOP03-DEL01-GO"
670380;2025-03-29;"sábado";"19:35:00";"ES";101;288,9;"CARIACICA";"Reação tardia ou ineficiente do condutor";"Colisão traseira";"Com Vítimas Feridas";"Plena Noite";"Decrescente";"Céu Claro";"Dupla";"Reta";"Sim";3;0;0;2;1;0;2;2;-20,278582;-40,392597;"SPRF-ES";"DEL01-ES";"UOP01-DEL01-ES"
670382;2025-03-29;"sábado";"19:40:00";"CE";116;523;"JATI";"Pista esburacada";"Colisão traseira";"Com Vítimas Feridas";"Plena Noite";"Crescente";"Céu Claro";"Simples";"Reta";"Não";3;0;2;0;0;1;2;2;-7,660847;-39,018127;"SPRF-CE";"DEL05-CE";"UOP03-DEL05-CE"
670384;2025-03-29;"sábado";"19:30:00";"SC";101;122,8;"ITAJAI";"Ingestão de álcool pelo condutor";"Colisão lateral mesmo sentido";"Com Vítimas Feridas";"Anoitecer";"Crescente";"Sol";"Dupla";"Reta";"Não";3;0;1;0;2;0;1;3;-26,93619723;-48,69942069;"SPRF-SC";"DEL04-SC";"UOP04-DEL04-SC"
670387;2025-03-29;"sábado";"17:50:00";"TO";153;146;"ARAGUAINA";"Ausência de reação do condutor";"Colisão traseira";"Com Vítimas Feridas";"Anoitecer";"Crescente";"Nublado";"Dupla";"Reta";"Sim";2;0;1;1;0;0;2;2;-7,21659;-48,246008;"SPRF-TO";"DEL02-TO";"UOP01-DEL02-TO"
670388;2025-03-29;"sábado";"20:20:00";"CE";116;28,7;"AQUIRAZ";"Condutor deixou de manter distância do veículo da frente";"Colisão traseira";"Com Vítimas Feridas";"Plena Noite";"Decrescente";"Céu Claro";"Múltipla";"Reta";"Não";2;0;0;1;1;0;1;2;-3,99366613;-38,51601007;"SPRF-CE";"DEL01-CE";"UOP02-DEL01-CE"
670389;2025-03-29;"sábado";"18:15:00";"RJ";101;294;"ITABORAI";"Ausência de reação do condutor";"Queda de ocupante de veículo";"Com Vítimas Feridas";"Plena Noite";"Crescente";"Céu Claro";"Simples";"Reta";"Não";1;0;1;0;0;0;1;1;-22,766809;-42,907718;"SPRF-RJ";"DEL02-RJ";"UOP02-DEL02-RJ"
670390;2025-03-29;"sábado";"19:45:00";"PE";101;80;"JABOATAO DOS GUARARAPES";"Acessar a via sem observar a presença dos outros veículos";"Colisão lateral mesmo sentido";"Com Vítimas Feridas";"Plena Noite";"Decrescente";"Céu Claro";"Simples";"Interseção de Vias";"Sim";3;0;2;0;1;0;2;2;-8,16803566;-34,93776798;"SPRF-PE";"DEL01-PE";"UOP01-DEL01-PE"
670391;2025-03-29;"sábado";"20:20:00";"SP";116;293;"ITAPECERICA DA SERRA";"Ausência de reação do condutor";"Saída de leito carroçável";"Com Vítimas Feridas";"Plena Noite";"Decrescente";"Céu Claro";"Dupla";"Reta";"Sim";2;0;2;0;0;0;2;1;-23,700243;-46,8689267;"SPRF-SP";"DEL04-SP";"UOP01-DEL04-SP"
670395;2025-03-29;"sábado";"19:00:00";"SC";282;342,9;"CAMPOS NOVOS";"Reação tardia ou ineficiente do condutor";"Colisão transversal";"Com Vítimas Feridas";"Anoitecer";"Decrescente";"Chuva";"Simples";"Reta";"Sim";3;0;2;0;1;0;2;2;-27,390094;-51,224369;"SPRF-SC";"DEL07-SC";"UOP06-DEL07-SC"
670396;2025-03-29;"sábado";"18:23:00";"PE";232;341,3;"CUSTODIA";"Transitar no Acostamento";"Atropelamento de Pedestre";"Com Vítimas Feridas";"Plena Noite";"Decrescente";"Nublado";"Simples";"Reta";"Não";2;0;1;1;0;0;2;2;-8,087967;-37,707643;"SPRF-PE";"DEL04-PE";"UOP02-DEL04-PE"
670398;2025-03-29;"sábado";"18:45:00";"SC";101;86;"BARRA VELHA";"Ingestão de álcool pelo condutor";"Colisão transversal";"Com Vítimas Feridas";"Plena Noite";"Crescente";"Céu Claro";"Simples";"Viaduto;Interseção de Vias";"Sim";2;0;0;1;0;1;1;2;-26,64501731;-48,68809808;"SPRF-SC";"DEL03-SC";"UOP02-DEL03-SC"
670399;2025-03-29;"sábado";"19:45:00";"PR";467;107,8;"CASCAVEL";"Reação tardia ou ineficiente do condutor";"Colisão traseira";"Com Vítimas Feridas";"Plena Noite";"Decrescente";"Nublado";"Dupla";"Reta";"Não";3;0;1;1;0;1;2;2;-24,9210257;-53,4740513;"SPRF-PR";"DEL04-PR";"UOP01-DEL04-PR"
670400;2025-03-29;"sábado";"19:00:00";"PR";369;179;"ROLANDIA";"Pista Escorregadia";"Colisão traseira";"Com Vítimas Feridas";"Anoitecer";"Decrescente";"Chuva";"Múltipla";"Curva;Aclive";"Sim";2;0;0;1;1;0;1;2;-23,35786293;-51,39556462;"SPRF-PR";"DEL07-PR";"UOP03-DEL07-PR"
670401;2025-03-29;"sábado";"20:30:00";"PR";277;30,5;"MORRETES";"Ingestão de álcool pelo condutor";"Colisão lateral mesmo sentido";"Sem Vítimas";"Plena Noite";"Decrescente";"Nublado";"Múltipla";"Reta";"Sim";6;0;0;0;6;0;0;3;-25,5529925;-48,80017519;"SPRF-PR";"DEL01-PR";"UOP05-DEL01-PR"
670402;2025-03-29;"sábado";"21:00:00";"RJ";116;187;"NOVA IGUACU";"Ausência de reação do condutor";"Colisão traseira";"Com Vítimas Feridas";"Plena Noite";"Decrescente";"Céu Claro";"Múltipla";"Reta";"Sim";5;0;3;0;2;0;3;2;-22,741374;-43,522085;"SPRF-RJ";"DEL06-RJ";"UOP01-DEL06-RJ"
670403;2025-03-29;"sábado";"21:20:00";"SE";101;93;"NOSSA SENHORA DO SOCORRO";"Acessar a via sem observar a presença dos outros veículos";"Atropelamento de Pedestre";"Com Vítimas Feridas";"Plena Noite";"Crescente";"Céu Claro";"Dupla";"Reta";"Sim";2;0;0;1;0;1;1;2;-10,904863;-37,148991;"SPRF-SE";"DEL01-SE";"UOP01-DEL01-SE"
670405;2025-03-29;"sábado";"17:30:00";"MT";70;524;"VARZEA GRANDE";"Desrespeitar a preferência no cruzamento";"Colisão transversal";"Com Vítimas Feridas";"Anoitecer";"Crescente";"Céu Claro";"Múltipla";"Rotatória";"Não";2;0;0;1;1;0;1;2;-15,64969282;-56,19626999;"SPRF-MT";"DEL01-MT";"UOP02-DEL01-MT"
670406;2025-03-29;"sábado";"19:21:00";"SC";280;244;"BELA VISTA DO TOLDO";"Acessar a via sem observar a presença dos outros veículos";"Colisão transversal";"Com Vítimas Feridas";"Plena Noite";"Decrescente";"Céu Claro";"Simples";"Reta";"Não";2;0;2;0;0;0;2;2;-26,23537026;-50,4825747;"SPRF-SC";"DEL06-SC";"UOP04-DEL06-SC"
670407;2025-03-29;"sábado";"18:00:00";"PR";369;171,8;"ROLANDIA";"Chuva";"Tombamento";"Sem Vítimas";"Anoitecer";"Decrescente";"Garoa/Chuvisco";"Dupla";"Reta";"Não";1;0;0;0;0;1;0;1;-23,299574;-51,325032;"SPRF-PR";"DEL07-PR";"UOP01-DEL07-PR"
670408;2025-03-29;"sábado";"20:10:00";"RJ";465;21;"SEROPEDICA";"Conversão proibida";"Colisão transversal";"Com Vítimas Feridas";"Plena Noite";"Decrescente";"Céu Claro";"Simples";"Reta";"Não";2;0;1;0;1;0;1;2;-22,77293681;-43,66885185;"SPRF-RJ";"DEL06-RJ";"UOP02-DEL06-RJ"
670409;2025-03-29;"sábado";"19:40:00";"RS";290;33;"SANTO ANTONIO DA PATRULHA";"Ausência de reação do condutor";"Colisão traseira";"Com Vítimas Feridas";"Plena Noite";"Crescente";"Nublado";"Múltipla";"Reta";"Não";2;0;1;0;1;0;1;2;-29,8814434;-50,5396005;"SPRF-RS";"DEL03-RS";"UOP01-DEL03-RS"
670410;2025-03-29;"sábado";"20:40:00";"PB";230;41,6;"SANTA RITA";"Pedestre andava na pista";"Atropelamento de Pedestre";"Com Vítimas Fatais";"Plena Noite";"Crescente";"Céu Claro";"Múltipla";"Reta";"Não";3;1;1;0;1;0;1;2;-7,142739;-34,995026;"SPRF-PB";"DEL01-PB";"UOP02-DEL01-PB"
670411;2025-03-29;"sábado";"19:30:00";"RJ";101;62,1;"CAMPOS DOS GOYTACAZES";"Ingestão de álcool pelo condutor";"Colisão com objeto";"Com Vítimas Feridas";"Plena Noite";"Crescente";"Céu Claro";"Simples";"Declive;Interseção de Vias";"Sim";2;0;2;0;0;0;2;1;-21,735742;-41,325904;"SPRF-RJ";"DEL08-RJ";"UOP01-DEL08-RJ"
670412;2025-03-29;"sábado";"20:40:00";"RR";174;474;"BOA VISTA";"Ingestão de álcool pelo condutor";"Colisão traseira";"Sem Vítimas";"Plena Noite";"Crescente";"Céu Claro";"Simples";"Reta";"Não";4;0;0;0;4;0;0;2;2,59463275;-60,87730408;"SPRF-RR";"DEL01-RR";"UOP01-DEL01-RR"
670413;2025-03-29;"sábado";"21:40:00";"PE";101;51;"PAULISTA";"Entrada inopinada do pedestre";"Atropelamento de Pedestre";"Sem Vítimas";"Plena Noite";"Decrescente";"Céu Claro";"Múltipla";"Reta";"Sim";2;0;0;0;1;1;0;2;-7,921008;-34,893782;"SPRF-PE";"DEL01-PE";"UOP02-DEL01-PE"