"id";"data_inversa";"dia_semana";"horario";"uf";"br";"km";"municipio";"causa_acidente";"tipo_acidente";"classificacao_acidente";"fase_dia";"sentido_via";"condicao_metereologica";"tipo_pista";"tracado_via";"uso_solo";"pessoas";"mortos";"feridos_leves";"feridos_graves";"ilesos";"ignorados";"feridos";"veiculos";"latitude";"longitude";"regional";"delegacia";"uop"
670965;2025-04-01;"terça-feira";"19:00:00";"MG";459;58;"IPUIUNA";"Acessar a via sem observar a presença dos outros veículos";"Colisão transversal";"Com Vítimas Feridas";"Plena Noite";"Decrescente";"Céu Claro";"Simples";"Reta;Interseção de Vias";"Não";4;0;0;1;1;2;1;3;-22,084345;-46,233574;"SPRF-MG";"DEL09-MG";"UOP01-DEL09-MG"
670966;2025-04-01;"terça-feira";"15:40:00";"MG";50;56;"UBERLANDIA";"Velocidade Incompatível";"Saída de leito carroçável";"Com Vítimas Feridas";"Pleno dia";"Crescente";"Sol";"Dupla";"Reta;Aclive";"Não";1;0;1;0;0;0;1;1;-18,79711801;-48,23547363;"SPRF-MG";"DEL15-MG";"UOP02-DEL15-MG"
670969;2025-04-01;"terça-feira";"18:40:00";"MG";381;429,2;"SABARA";"Reação tardia ou ineficiente do condutor";"Capotamento";"Com Vítimas Feridas";"Plena Noite";"Crescente";"Céu Claro";"Simples";"Curva";"Não";1;0;1;0;0;0;1;1;-19,78738018;-43,6899662;"SPRF-MG";"DEL01-MG";"UOP01-DEL01-MG"
670970;2025-04-01;"terça-feira";"18:36:00";"ES";101;292,5;"CARIACICA";"Desrespeitar a preferência no cruzamento";"Colisão transversal";"Com Vítimas Feridas";"Plena Noite";"Crescente";"Nublado";"Dupla";"Reta;Retorno Regulamentado";"Sim";2;0;1;0;1;0;1;2;-20,30610061;-40,39505151;"SPRF-ES";"DEL01-ES";"UOP01-DEL01-ES"
670971;2025-04-01;"terça-feira";"18:20:00";"MG";262;39,1;"MANHUACU";"Conversão proibida";"Colisão transversal";"Com Vítimas Feridas";"Plena Noite";"Crescente";"Céu Claro";"Simples";"Curva";"Sim";2;0;1;0;1;0;1;2;-20,2758479;-42,05409944;"SPRF-MG";"DEL06-MG";"UOP03-DEL06-MG"
670972;2025-04-01;"terça-feira";"19:50:00";"SP";116;450;"REGISTRO";"Manobra de mudança de faixa";"Colisão lateral mesmo sentido";"Com Vítimas Feridas";"Plena Noite";"Crescente";"Céu Claro";"Dupla";"Reta";"Não";2;0;1;0;1;0;1;2;-24,524066;-47,854752;"SPRF-SP";"DEL05-SP";"UOP01-DEL05-SP"
670973;2025-04-01;"terça-feira";"19:35:00";"PB";101;88,8;"JOAO PESSOA";"Velocidade Incompatível";"Tombamento";"Com Vítimas Feridas";"Plena Noite";"Crescente";"Chuva";"Dupla";"Interseção de Vias";"Sim";1;0;1;0;0;0;1;1;-7,16911288;-34,89703417;"SPRF-PB";"DEL01-PB";"UOP01-DEL01-PB"
670976;2025-04-01;"terça-feira";"18:15:00";"PE";101;24,5;"GOIANA";"Acumulo de água sobre o pavimento";"Saída de leito carroçável";"Com Vítimas Feridas";"Anoitecer";"Decrescente";"Chuva";"Dupla";"Aclive";"Não";3;0;3;0;0;0;3;1;-7,65842468;-34,93987083;"SPRF-PE";"DEL01-PE";"UOP02-DEL01-PE"
670981;2025-04-01;"terça-feira";"20:30:00";"MG";262;166,7;"SAO DOMINGOS DO PRATA";"Reação tardia ou ineficiente do condutor";"Queda de ocupante de veículo";"Com Vítimas Feridas";"Plena Noite";"Decrescente";"Nublado";"Simples";"Curva";"Não";1;0;0;1;0;0;1;1;-19,95810283;-42,8930163;"SPRF-MG";"DEL03-MG";"UOP03-DEL03-MG"
670985;2025-04-01;"terça-feira";"18:30:00";"SC";470;105;"APIUNA";"Transitar no Acostamento";"Colisão transversal";"Com Vítimas Feridas";"Anoitecer";"Decrescente";"Nublado";"Simples";"Reta";"Sim";3;0;1;1;1;0;2;2;-27,07317425;-49,42301095;"SPRF-SC";"DEL04-SC";"UOP02-DEL04-SC"
670986;2025-04-01;"terça-feira";"21:48:00";"ES";262;87,9;"DOMINGOS MARTINS";"Ultrapassagem Indevida";"Colisão frontal";"Com Vítimas Fatais";"Plena Noite";"Crescente";"Céu Claro";"Simples";"Reta";"Não";4;1;2;1;0;0;3;2;-20,391672;-41,009276;"SPRF-ES";"DEL01-ES";"UOP02-DEL01-ES"
670990;2025-04-01;"terça-feira";"22:20:00";"MG";381;519;"IGARAPE";"Avarias e/ou desgaste excessivo no pneu";"Queda de ocupante de veículo";"Com Vítimas Feridas";"Plena Noite";"Decrescente";"Céu Claro";"Dupla";"Reta;Declive";"Não";2;0;2;0;0;0;2;1;-20,109417;-44,317202;"SPRF-MG";"DEL01-MG";"UOP03-DEL01-MG"
670991;2025-04-01;"terça-feira";"18:30:00";"PR";369;98;"CORNELIO PROCOPIO";"Velocidade Incompatível";"Saída de leito carroçável";"Sem Vítimas";"Anoitecer";"Decrescente";"Céu Claro";"Dupla";"Reta";"Não";1;0;0;0;1;0;0;1;-23,24331033;-50,70908457;"SPRF-PR";"DEL07-PR";"UOP05-DEL07-PR"
670992;2025-04-01;"terça-feira";"10:40:00";"RS";116;659;"JAGUARAO";"Ultrapassagem Indevida";"Colisão transversal";"Com Vítimas Feridas";"Pleno dia";"Crescente";"Céu Claro";"Simples";"Reta";"Sim";2;0;1;0;1;0;1;2;-32,56238279;-53,38312451;"SPRF-RS";"DEL07-RS";"UOP03-DEL07-RS"
670993;2025-04-01;"terça-feira";"21:45:00";"RJ";356;187;"SAO JOAO DA BARRA";"Ausência de reação do condutor";"Colisão frontal";"Com Vítimas Feridas";"Plena Noite";"Crescente";"Céu Claro";"Simples";"Reta;Interseção de Vias";"Sim";3;0;1;1;1;0;2;2;-21,627543;-41,023301;"SPRF-RJ";"DEL08-RJ";"UOP02-DEL08-RJ"
670994;2025-04-01;"terça-feira";"22:30:00";"PR";277;153;"BALSA NOVA";"Ausência de reação do condutor";"Derramamento de carga";"Com Vítimas Feridas";"Pleno dia";"Crescente";"Nublado";"Dupla";"Curva";"Não";1;0;0;1;0;0;1;1;-25,46427692;-49,75836754;"SPRF-PR";"DEL03-PR";"UOP03-DEL03-PR"
670995;2025-04-01;"terça-feira";"23:00:00";"RJ";116;181;"NOVA IGUACU";"Demais falhas mecânicas ou elétricas";"Queda de ocupante de veículo";"Com Vítimas Feridas";"Plena Noite";"Crescente";"Céu Claro";"Dupla";"Reta";"Não";1;0;1;0;0;0;1;1;-22,7636765;-43,4180123;"SPRF-RJ";"DEL06-RJ";"UOP01-DEL06-RJ"
670996;2025-04-01;"terça-feira";"18:20:00";"MT";364;203;"RONDONOPOLIS";"Condutor deixou de manter distância do veículo da frente";"Engavetamento";"Com Vítimas Feridas";"Plena Noite";"Crescente";"Ignorado";"Dupla";"Aclive";"Sim";5;0;1;0;3;1;1;4;-16,468753;-54,656533;"SPRF-MT";"DEL02-MT";"UOP01-DEL02-MT"
670997;2025-04-01;"terça-feira";"23:15:00";"GO";153;492;"GOIANIA";"Acessar a via sem observar a presença dos outros veículos";"Atropelamento de Pedestre";"Com Vítimas Feridas";"Plena Noite";"Decrescente";"Céu Claro";"Dupla";"Reta";"Sim";2;0;1;0;1;0;1;2;-16,63332284;-49,20509219;"SPRF-GO";"DEL01-GO";"UOP01-DEL01-GO"
670998;2025-04-01;"terça-feira";"22:00:00";"PR";277;65,8;"SAO JOSE DOS PINHAIS";"Reação tardia ou ineficiente do condutor";"Tombamento";"Com Vítimas Feridas";"Plena Noite";"Decrescente";"Nublado";"Dupla";"Reta";"Não";1;0;1;0;0;0;1;1;-25,55401488;-49,03357029;"SPRF-PR";"DEL01-PR";"UOP01-DEL01-PR"
670999;2025-04-01;"terça-feira";"21:51:00";"PB";104;115;"LAGOA SECA";"Condutor deixou de manter distância do veículo da frente";"Colisão traseira";"Com Vítimas Feridas";"Plena Noite";"Decrescente";"Nevoeiro/Neblina";"Simples";"Reta";"Não";3;0;1;0;2;0;1;2;-7,17221898;-35,85988998;"SPRF-PB";"DEL02-PB";"UOP04-DEL02-PB"
671004;2025-04-01;"terça-feira";"23:30:00";"PR";376;176;"MARINGA";"Reação tardia ou ineficiente do condutor";"Colisão traseira";"Com Vítimas Feridas";"Plena Noite";"Decrescente";"Céu Claro";"Múltipla";"Reta";"Sim";2;0;1;0;1;0;1;2;-23,41082;-51,93592;"SPRF-PR";"DEL09-PR";"UOP01-DEL09-PR"
671007;2025-04-01;"terça-feira";"21:35:00";"BA";116;426;"FEIRA DE SANTANA";"Reação tardia ou ineficiente do condutor";"Atropelamento de Pedestre";"Com Vítimas Feridas";"Plena Noite";"Decrescente";"Céu Claro";"Dupla";"Reta";"Sim";3;0;0;3;0;0;3;2;-12,25208411;-38,98873374;"SPRF-BA";"DEL02-BA";"UOP01-DEL02-BA"
671008;2025-04-02;"quarta-feira";"01:40:00";"RS";158;321;"SANTA MARIA";"Reação tardia ou ineficiente do condutor";"Colisão com objeto";"Sem Vítimas";"Plena Noite";"Crescente";"Céu Claro";"Dupla";"Rotatória";"Sim";1;0;0;0;0;1;0;1;-29,6950831;-53,7757248;"SPRF-RS";"DEL09-RS";"UOP01-DEL09-RS"
671010;2025-04-02;"quarta-feira";"01:30:00";"MG";262;448;"NOVA SERRANA";"Demais falhas mecânicas ou elétricas";"Incêndio";"Sem Vítimas";"Plena Noite";"Crescente";"Céu Claro";"Simples";"Reta";"Sim";1;0;0;0;1;0;0;1;-19,85576209;-45,01701593;"SPRF-MG";"DEL08-MG";"UOP03-DEL08-MG"
671014;2025-04-02;"quarta-feira";"03:00:00";"SP";116;198;"ARUJA";"Condutor Dormindo";"Colisão com objeto";"Com Vítimas Feridas";"Plena Noite";"Crescente";"Nublado";"Dupla";"Curva";"Não";3;0;2;0;1;0;2;1;-23,392905;-46,296382;"SPRF-SP";"DEL01-SP";"UOP01-DEL01-SP"
671023;2025-04-02;"quarta-feira";"06:30:00";"SC";280;57;"GUARAMIRIM";"Reação tardia ou ineficiente do condutor";"Capotamento";"Sem Vítimas";"Amanhecer";"Decrescente";"Sol";"Dupla";"Rotatória";"Sim";1;0;0;0;1;0;0;1;-26,47465;-49,02017;"SPRF-SC";"DEL03-SC";"UOP03-DEL03-SC"
671024;2025-04-02;"quarta-feira";"06:49:00";"PB";101;81;"BAYEUX";"Demais falhas na via";"Colisão lateral mesmo sentido";"Com Vítimas Feridas";"Pleno dia";"Crescente";"Sol";"Dupla";"Reta";"Sim";2;0;2;0;0;0;2;2;-7,126406;-34,94264;"SPRF-PB";"DEL01-PB";"UOP01-DEL01-PB"
671025;2025-04-02;"quarta-feira";"02:00:00";"SC";101;124,1;"ITAJAI";"Demais falhas mecânicas ou elétricas";"Queda de ocupante de veículo";"Com Vítimas Feridas";"Anoitecer";"Crescente";"Ignorado";"Múltipla";"Reta";"Não";2;0;2;0;0;0;2;1;-26,93966684;-48,69554758;"SPRF-SC";"DEL04-SC";"UOP04-DEL04-SC"
671026;2025-04-02;"quarta-feira";"07:00:00";"SC";101;213;"PALHOCA";"Ausência de reação do condutor";"Colisão com objeto";"Com Vítimas Feridas";"Pleno dia";"Decrescente";"Céu Claro";"Múltipla";"Reta;Interseção de Vias;Declive";"Sim";2;0;2;0;0;0;2;1;-27,636967;-48,664792;"SPRF-SC";"DEL01-SC";"UOP02-DEL01-SC"
671027;2025-04-02;"quarta-feira";"06:25:00";"ES";101;141,9;"LINHARES";"Reação tardia ou ineficiente do condutor";"Atropelamento de Animal";"Com Vítimas Feridas";"Pleno dia";"Decrescente";"Céu Claro";"Dupla";"Reta";"Não";1;0;1;0;0;0;1;1;-19,33477085;-40,06725485;"SPRF-ES";"DEL04-ES";"UOP01-DEL04-ES"
671028;2025-04-02;"quarta-feira";"06:00:00";"MG";381;700;"LAVRAS";"Acessar a via sem observar a presença dos outros veículos";"Tombamento";"Com Vítimas Feridas";"Pleno dia";"Crescente";"Nublado";"Dupla";"Reta";"Não";1;0;1;0;0;0;1;1;-21,280098;-45,140112;"SPRF-MG";"DEL04-MG";"UOP02-DEL04-MG"
671029;2025-04-02;"quarta-feira";"07:15:00";"GO";40;7,7;"VALPARAISO DE GOIAS";"Condutor deixou de manter distância do veículo da frente";"Colisão lateral mesmo sentido";"Com Vítimas Feridas";"Pleno dia";"Decrescente";"Céu Claro";"Dupla";"Reta";"Sim";2;0;1;0;1;0;1;2;-16,110326;-47,970907;"SPRF-DF";"DEL01-DF";"UOP01-DEL01-DF"
671030;2025-04-02;"quarta-feira";"07:00:00";"PR";116;122;"CURITIBA";"Trafegar com motocicleta (ou similar) entre as faixas";"Colisão lateral mesmo sentido";"Com Vítimas Feridas";"Pleno dia";"Decrescente";"Nublado";"Dupla";"Reta";"Não";2;0;1;0;1;0;1;2;-25,608572;-49,319135;"SPRF-PR";"DEL01-PR";"UOP03-DEL01-PR"
671033;2025-04-02;"quarta-feira";"04:30:00";"PR";116;22;"ANTONINA";"Reação tardia ou ineficiente do condutor";"Saída de leito carroçável";"Com Vítimas Feridas";"Plena Noite";"Crescente";"Garoa/Chuvisco";"Dupla";"Curva";"Não";2;0;0;2;0;0;2;1;-25,1111497;-48,75062205;"SPRF-PR";"DEL01-PR";"UOP02-DEL01-PR"
671034;2025-04-02;"quarta-feira";"07:00:00";"MG";40;617,1;"CONGONHAS";"Acesso irregular";"Colisão transversal";"Com Vítimas Feridas";"Pleno dia";"Decrescente";"Nublado";"Simples";"Reta";"Não";2;0;1;0;1;0;1;2;-20,557494;-43,813938;"SPRF-MG";"DEL05-MG";"UOP02-DEL05-MG"
671035;2025-04-02;"quarta-feira";"07:55:00";"PB";230;168;"PUXINANA";"Acumulo de água sobre o pavimento";"Saída de leito carroçável";"Com Vítimas Feridas";"Pleno dia";"Crescente";"Chuva";"Simples";"Reta";"Sim";3;0;2;0;1;0;2;1;-7,18549;-35,97074;"SPRF-PB";"DEL02-PB";"UOP02-DEL02-PB"
671036;2025-04-02;"quarta-feira";"07:20:00";"RJ";101;312;"SAO GONCALO";"Reação tardia ou ineficiente do condutor";"Colisão traseira";"Com Vítimas Feridas";"Pleno dia";"Crescente";"Céu Claro";"Dupla";"Reta";"Sim";2;0;1;0;1;0;1;2;-22,80410353;-43,05972923;"SPRF-RJ";"DEL02-RJ";"UOP02-DEL02-RJ"
671037;2025-04-02;"quarta-feira";"07:50:00";"SP";116;217;"GUARULHOS";"Trafegar com motocicleta (ou similar) entre as faixas";"Colisão traseira";"Com Vítimas Feridas";"Pleno dia";"Crescente";"Nublado";"Múltipla";"Reta";"Sim";2;0;0;1;1;0;1;2;-23,4445578;-46,5420985;"SPRF-SP";"DEL01-SP";"UOP01-DEL01-SP"
671038;2025-04-02;"quarta-feira";"07:57:00";"RJ";116;189;"QUEIMADOS";"Reação tardia ou ineficiente do condutor";"Colisão traseira";"Com Vítimas Feridas";"Pleno dia";"Decrescente";"Céu Claro";"Dupla";"Reta";"Não";2;0;1;0;1;0;1;2;-22,73772941;-43,5363167;"SPRF-RJ";"DEL06-RJ";"UOP01-DEL06-RJ"
671040;2025-04-02;"quarta-feira";"08:15:00";"RS";392;352;"SANTA MARIA";"Acessar a via sem observar a presença dos outros veículos";"Colisão transversal";"Com Vítimas Feridas";"Pleno dia";"Crescente";"Nublado";"Dupla";"Reta;Interseção de Vias";"Não";2;0;1;0;1;0;1;2;-29,72822035;-53,80324066;"SPRF-RS";"DEL09-RS";"UOP01-DEL09-RS"
671041;2025-04-02;"quarta-feira";"07:58:00";"TO";153;145;"ARAGUAINA";"Reação tardia ou ineficiente do condutor";"Queda de ocupante de veículo";"Com Vítimas Feridas";"Pleno dia";"Crescente";"Chuva";"Dupla";"Reta";"Sim";1;0;1;0;0;0;1;1;-7,20591944;-48,24053764;"SPRF-TO";"DEL02-TO";"UOP01-DEL02-TO"
671042;2025-04-02;"quarta-feira";"07:45:00";"RN";101;108;"PARNAMIRIM";"Acessar a via sem observar a presença dos outros veículos";"Atropelamento de Pedestre";"Com Vítimas Feridas";"Pleno dia";"Decrescente";"Céu Claro";"Dupla";"Reta";"Sim";2;0;1;0;1;0;1;2;-5,927933;-35,26466;"SPRF-RN";"DEL01-RN";"UOP01-DEL01-RN"
671043;2025-04-02;"quarta-feira";"08:00:00";"SC";101;203;"SAO JOSE";"Ausência de reação do condutor";"Colisão traseira";"Com Vítimas Feridas";"Pleno dia";"Crescente";"Céu Claro";"Múltipla";"Reta";"Não";4;0;1;0;3;0;1;2;-27,56727306;-48,61404061;"SPRF-SC";"DEL01-SC";"UOP01-DEL01-SC"
671044;2025-04-02;"quarta-feira";"07:15:00";"GO";60;12;"SANTO ANTONIO DO DESCOBERTO";"Reação tardia ou ineficiente do condutor";"Colisão lateral mesmo sentido";"Com Vítimas Feridas";"Pleno dia";"Decrescente";"Céu Claro";"Dupla";"Reta";"Não";3;0;1;0;2;0;1;3;-16,114528;-48,334647;"SPRF-DF";"DEL03-DF";"UOP01-DEL03-DF"
671045;2025-04-02;"quarta-feira";"07:55:00";"PE";232;10,9;"JABOATAO DOS GUARARAPES";"Velocidade Incompatível";"Saída de leito carroçável";"Sem Vítimas";"Pleno dia";"Crescente";"Céu Claro";"Simples";"Declive;Curva;Retorno Regulamentado";"Não";1;0;0;0;1;0;0;1;-8,07905143;-34,99073625;"SPRF-PE";"DEL01-PE";"UOP01-DEL01-PE"
671050;2025-04-02;"quarta-feira";"08:20:00";"PE";232;140,1;"SAO CAITANO";"Condutor deixou de manter distância do veículo da frente";"Colisão traseira";"Com Vítimas Feridas";"Pleno dia";"Decrescente";"Chuva";"Dupla";"Reta";"Sim";2;0;0;1;1;0;1;2;-8,32970683;-36,1229112;"SPRF-PE";"DEL03-PE";"UOP02-DEL03-PE"
671053;2025-04-02;"quarta-feira";"08:00:00";"PR";277;3,1;"PARANAGUA";"Reação tardia ou ineficiente do condutor";"Queda de ocupante de veículo";"Com Vítimas Feridas";"Pleno dia";"Crescente";"Chuva";"Dupla";"Reta";"Sim";1;0;1;0;0;0;1;1;-25,54239;-48,538485;"SPRF-PR";"DEL01-PR";"UOP05-DEL01-PR"
671054;2025-04-02;"quarta-feira";"08:45:00";"RJ";40;112;"DUQUE DE CAXIAS";"Demais falhas mecânicas ou elétricas";"Eventos atípicos";"Com Vítimas Feridas";"Pleno dia";"Crescente";"Céu Claro";"Dupla";"Reta";"Sim";1;0;1;0;0;0;1;1;-22,70253318;-43,29052506;"SPRF-RJ";"DEL01-RJ";"UOP02-DEL01-RJ"
671056;2025-04-02;"quarta-feira";"09:25:00";"PE";101;67;"RECIFE";"Reação tardia ou ineficiente do condutor";"Colisão lateral mesmo sentido";"Com Vítimas Feridas";"Pleno dia";"Crescente";"Nublado";"Dupla";"Reta";"Sim";3;0;1;1;1;0;2;2;-8,042967;-34,943468;"SPRF-PE";"DEL01-PE";"UOP01-DEL01-PE"
671058;2025-04-02;"quarta-feira";"08:58:00";"SC";470;66;"INDAIAL";"Acessar a via sem observar a presença dos outros veículos";"Colisão traseira";"Com Vítimas Feridas";"Pleno dia";"Decrescente";"Nublado";"Simples";"Em Obras";"Sim";2;0;1;0;1;0;1;2;-26,87041084;-49,2270112;"SPRF-SC";"DEL04-SC";"UOP01-DEL04-SC"
671059;2025-03-06;"quinta-feira";"18:45:00";"PE";232;17,1;"JABOATAO DOS GUARARAPES";"Demais falhas mecânicas ou elétricas";"Tombamento";"Com Vítimas Feridas";"Plena Noite";"Crescente";"Garoa/Chuvisco";"Dupla";"Reta";"Não";2;0;1;0;1;0;1;2;-8,09522;-35,04767;"SPRF-PE";"DEL01-PE";"UOP01-DEL01-PE"
671060;2025-03-02;"domingo";"22:00:00";"DF";70;1;"BRASILIA";"Condutor deixou de manter distância do veículo da frente";"Colisão traseira";"Com Vítimas Feridas";"Plena Noite";"Crescente";"Céu Claro";"Dupla";"Interseção de Vias";"Sim";2;0;1;0;1;0;1;2;-15,7966;-48,06923;"SPRF-DF";"DEL03-DF";"UOP02-DEL03-DF"
671061;2025-03-14;"sexta-feira";"09:00:00";"RJ";493;97,8;"SEROPEDICA";"Objeto estático sobre o leito carroçável";"Colisão com objeto";"Com Vítimas Feridas";"Pleno dia";"Crescente";"Céu Claro";"Dupla";"Reta";"Não";1;0;1;0;0;0;1;1;-22,72291408;-43,71092742;"SPRF-RJ";"DEL01-RJ";"UOP03-DEL01-RJ"
671063;2025-04-02;"quarta-feira";"10:11:00";"PB";230;12;"CABEDELO";"Ausência de reação do condutor";"Engavetamento";"Com Vítimas Feridas";"Pleno dia";"Crescente";"Céu Claro";"Dupla";"Reta";"Sim";4;0;1;0;3;0;1;3;-7,075247;-34,849602;"SPRF-PB";"DEL01-PB";"UOP01-DEL01-PB"
671066;2025-04-02;"quarta-feira";"10:30:00";"SP";381;32;"ATIBAIA";"Acessar a via sem observar a presença dos outros veículos";"Colisão lateral mesmo sentido";"Sem Vítimas";"Pleno dia";"Crescente";"Céu Claro";"Simples";"Interseção de Vias;Retorno Regulamentado";"Sim";2;0;0;0;2;0;0;2;-23,0709713;-46,56722009;"SPRF-SP";"DEL03-SP";"UOP02-DEL03-SP"
671067;2025-03-07;"sexta-feira";"14:20:00";"MG";381;483;"BETIM";"Ausência de reação do condutor";"Engavetamento";"Com Vítimas Feridas";"Pleno dia";"Decrescente";"Céu Claro";"Múltipla";"Curva;Aclive";"Sim";4;0;1;0;3;0;1;3;-19,9583536;-44,0806065;"SPRF-MG";"DEL01-MG";"UOP03-DEL01-MG"
671070;2025-04-02;"quarta-feira";"10:50:00";"ES";101;270;"SERRA";"Acumulo de areia ou detritos sobre o pavimento";"Queda de ocupante de veículo";"Com Vítimas Feridas";"Pleno dia";"Crescente";"Céu Claro";"Dupla";"Curva";"Sim";1;0;1;0;0;0;1;1;-20,0488586;-40,386697;"SPRF-ES";"DEL02-ES";"UOP01-DEL02-ES"
671073;2025-04-02;"quarta-feira";"08:46:00";"RN";427;94,3;"CAICO";"Condutor deixou de manter distância do veículo da frente";"Colisão traseira";"Com Vítimas Feridas";"Pleno dia";"Crescente";"Céu Claro";"Simples";"Rotatória";"Sim";2;0;1;0;1;0;1;2;-6,48199887;-37,0610261;"SPRF-RN";"DEL03-RN";"UOP01-DEL03-RN"
671074;2025-04-02;"quarta-feira";"09:00:00";"RJ";101;476;"ANGRA DOS REIS";"Desrespeitar a preferência no cruzamento";"Colisão transversal";"Com Vítimas Feridas";"Pleno dia";"Decrescente";"Céu Claro";"Simples";"Retorno Regulamentado";"Não";3;0;1;1;1;0;2;2;-22,998903;-44,264484;"SPRF-RJ";"DEL03-RJ";"UOP03-DEL03-RJ"
671075;2025-04-02;"quarta-feira";"10:00:00";"SC";101;72;"ARAQUARI";"Entrada inopinada do pedestre";"Atropelamento de Pedestre";"Com Vítimas Feridas";"Pleno dia";"Crescente";"Céu Claro";"Dupla";"Reta";"Não";2;0;0;1;1;0;1;2;-26,52649347;-48,71578217;"SPRF-SC";"DEL03-SC";"UOP02-DEL03-SC"
671078;2025-04-02;"quarta-feira";"11:30:00";"CE";116;9,1;"FORTALEZA";"Entrada inopinada do pedestre";"Atropelamento de Pedestre";"Com Vítimas Feridas";"Pleno dia";"Decrescente";"Chuva";"Múltipla";"Reta";"Sim";4;0;0;1;1;2;1;4;-3,827958;-38,504737;"SPRF-CE";"DEL01-CE";"UOP02-DEL01-CE"
671079;2025-04-02;"quarta-feira";"09:00:00";"BA";110;344;"ALAGOINHAS";"Demais falhas mecânicas ou elétricas";"Incêndio";"Sem Vítimas";"Pleno dia";"Decrescente";"Céu Claro";"Simples";"Reta";"Não";1;0;0;0;1;0;0;1;-12,1194815;-38,3929303;"SPRF-BA";"DEL01-BA";"UOP04-DEL01-BA"
671080;2025-04-02;"quarta-feira";"11:00:00";"MG";381;929,7;"ITAPEVA";"Velocidade Incompatível";"Queda de ocupante de veículo";"Com Vítimas Feridas";"Pleno dia";"Crescente";"Céu Claro";"Dupla";"Curva";"Não";1;0;0;1;0;0;1;1;-22,77198713;-46,2375927;"SPRF-MG";"DEL16-MG";"UOP03-DEL16-MG"
671081;2025-04-02;"quarta-feira";"12:10:00";"SP";116;98,9;"PINDAMONHANGABA";"Acumulo de areia ou detritos sobre o pavimento";"Tombamento";"Com Vítimas Feridas";"Pleno dia";"Decrescente";"Céu Claro";"Simples";"Curva";"Não";1;0;1;0;0;0;1;1;-22,98179264;-45,46403504;"SPRF-SP";"DEL08-SP";"UOP01-DEL08-SP"
671083;2025-04-02;"quarta-feira";"12:50:00";"ES";101;254;"SERRA";"Ausência de reação do condutor";"Colisão com objeto";"Com Vítimas Feridas";"Pleno dia";"Decrescente";"Céu Claro";"Simples";"Reta";"Sim";1;0;1;0;0;0;1;1;-20,112009;-40,325225;"SPRF-ES";"DEL02-ES";"UOP01-DEL02-ES"
671087;2025-04-02;"quarta-feira";"12:52:00";"RN";101;95;"NATAL";"Condutor deixou de manter distância do veículo da frente";"Colisão traseira";"Com Vítimas Feridas";"Pleno dia";"Decrescente";"Nublado";"Dupla";"Reta";"Sim";2;0;1;0;1;0;1;2;-5,84073997;-35,21024513;"SPRF-RN";"DEL01-RN";"UOP01-DEL01-RN"
671088;2025-04-02;"quarta-feira";"12:50:00";"RS";293;4,6;"PELOTAS";"Acessar a via sem observar a presença dos outros veículos";"Colisão transversal";"Com Vítimas Feridas";"Pleno dia";"Decrescente";"Chuva";"Simples";"Interseção de Vias";"Sim";2;0;0;1;1;0;1;2;-31,730034;-52,379048;"SPRF-RS";"DEL07-RS";"UOP01-DEL07-RS"
671091;2025-04-02;"quarta-feira";"13:11:00";"SC";101;207,7;"SAO JOSE";"Ausência de reação do condutor";"Queda de ocupante de veículo";"Com Vítimas Feridas";"Pleno dia";"Crescente";"Céu Claro";"Múltipla";"Reta";"Não";1;0;1;0;0;0;1;1;-27,602043;-48,629502;"SPRF-SC";"DEL01-SC";"UOP01-DEL01-SC"
671092;2025-04-02;"quarta-feira";"12:40:00";"GO";414;301;"VILA PROPICIO";"Ausência de reação do condutor";"Saída de leito carroçável";"Com Vítimas Feridas";"Pleno dia";"Crescente";"Céu Claro";"Simples";"Reta";"Não";2;0;2;0;0;0;2;1;-15,22081;-48,6965;"SPRF-GO";"DEL02-GO";"UOP01-DEL02-GO"
671093;2025-04-02;"quarta-feira";"13:30:00";"PE";104;60;"CARUARU";"Chuva";"Saída de leito carroçável";"Sem Vítimas";"Pleno dia";"Decrescente";"Chuva";"Dupla";"Reta";"Não";4;0;0;0;4;0;0;1;-8,242428;-35,975215;"SPRF-PE";"DEL02-PE";"UOP01-DEL02-PE"
671094;2025-04-02;"quarta-feira";"11:45:00";"RO";364;12;"VILHENA";"Condutor deixou de manter distância do veículo da frente";"Colisão traseira";"Com Vítimas Feridas";"Pleno dia";"Crescente";"Céu Claro";"Dupla";"Rotatória";"Sim";2;0;1;0;1;0;1;2;-12,74329669;-60,1231277;"SPRF-RO";"DEL04-RO";"UOP01-DEL04-RO"
671095;2025-04-02;"quarta-feira";"13:20:00";"SC";282;505,3;"XANXERE";"Acessar a via sem observar a presença dos outros veículos";"Colisão transversal";"Com Vítimas Feridas";"Pleno dia";"Crescente";"Nublado";"Múltipla";"Interseção de Vias";"Sim";39;0;1;0;38;0;1;2;-26,88549614;-52,41883087;"SPRF-SC";"DEL07-SC";"UOP01-DEL07-SC"
671097;2025-03-17;"segunda-feira";"09:30:00";"RJ";40;24;"TRES RIOS";"Chuva";"Saída de leito carroçável";"Com Vítimas Feridas";"Pleno dia";"Crescente";"Chuva";"Simples";"Reta";"Não";2;0;1;1;0;0;2;1;-22,13907574;-43,15841675;"SPRF-RJ";"DEL05-RJ";"UOP02-DEL05-RJ"