"id";"data_inversa";"dia_semana";"horario";"uf";"br";"km";"municipio";"causa_acidente";"tipo_acidente";"classificacao_acidente";"fase_dia";"sentido_via";"condicao_metereologica";"tipo_pista";"tracado_via";"uso_solo";"pessoas";"mortos";"feridos_leves";"feridos_graves";"ilesos";"ignorados";"feridos";"veiculos";"latitude";"longitude";"regional";"delegacia";"uop"
671204;2025-04-02;"quarta-feira";"21:30:00";"RJ";101;588,5;"PARATY";"Condutor deixou de manter distância do veículo da frente";"Colisão traseira";"Com Vítimas Feridas";"Plena Noite";"Decrescente";"Nublado";"Simples";"Reta";"Não";4;0;2;0;2;0;2;2;-23,29569129;-44,7001002;"SPRF-RJ";"DEL03-RJ";"UOP04-DEL03-RJ"
671205;2025-04-02;"quarta-feira";"23:40:00";"MS";163;266;"DOURADOS";"Reação tardia ou ineficiente do condutor";"Eventos atípicos";"Com Vítimas Feridas";"Plena Noite";"Decrescente";"Chuva";"Dupla";"Reta";"Não";2;0;1;0;0;1;1;2;-22,21935008;-54,72395559;"SPRF-MS";"DEL04-MS";"UOP01-DEL04-MS"
671206;2025-04-03;"quinta-feira";"00:15:00";"PE";232;165,8;"TACAIMBO";"Animais na Pista";"Atropelamento de Animal";"Com Vítimas Feridas";"Plena Noite";"Crescente";"Céu Claro";"Simples";"Declive;Reta";"Não";1;0;0;1;0;0;1;1;-8,337615;-36,306003;"SPRF-PE";"DEL03-PE";"UOP02-DEL03-PE"
671208;2025-04-03;"quinta-feira";"01:30:00";"SP";381;68;"MAIRIPORA";"Velocidade Incompatível";"Saída de leito carroçável";"Com Vítimas Feridas";"Plena Noite";"Crescente";"Nublado";"Dupla";"Curva;Aclive";"Não";2;0;1;0;1;0;1;1;-23,3440085;-46,5732124;"SPRF-SP";"DEL03-SP";"UOP01-DEL03-SP"
671209;2025-04-02;"quarta-feira";"22:50:00";"MG";365;51,2;"CLARO DOS POCOES";"Afundamento ou ondulação no pavimento";"Tombamento";"Com Vítimas Feridas";"Plena Noite";"Crescente";"Céu Claro";"Simples";"Curva";"Não";1;0;0;1;0;0;1;1;-16,934128;-44,237727;"SPRF-MG";"DEL12-MG";"UOP01-DEL12-MG"
671210;2025-04-03;"quinta-feira";"02:20:00";"PR";369;184,1;"ARAPONGAS";"Acessar a via sem observar a presença dos outros veículos";"Colisão traseira";"Com Vítimas Fatais";"Plena Noite";"Crescente";"Nublado";"Dupla";"Reta";"Sim";2;1;0;1;0;0;1;2;-23,39957234;-51,42680558;"SPRF-PR";"DEL07-PR";"UOP03-DEL07-PR"
671212;2025-04-02;"quarta-feira";"19:35:00";"PR";277;612;"SANTA TEREZA DO OESTE";"Acessar a via sem observar a presença dos outros veículos";"Colisão transversal";"Com Vítimas Feridas";"Plena Noite";"Decrescente";"Céu Claro";"Simples";"Reta";"Sim";3;0;1;1;1;0;2;2;-25,05316;-53,635234;"SPRF-PR";"DEL05-PR";"UOP02-DEL05-PR"
671214;2025-04-03;"quinta-feira";"04:10:00";"BA";116;808,5;"VITORIA DA CONQUISTA";"Entrada inopinada do pedestre";"Atropelamento de Pedestre";"Com Vítimas Fatais";"Plena Noite";"Crescente";"Nublado";"Simples";"Reta";"Não";2;1;0;0;1;0;0;2;-14,784398;-40,743672;"SPRF-BA";"DEL08-BA";"UOP01-DEL08-BA"
671215;2025-04-03;"quinta-feira";"03:10:00";"SP";116;158;"JACAREI";"Ingestão de álcool pelo condutor";"Colisão traseira";"Com Vítimas Feridas";"Plena Noite";"Crescente";"Nublado";"Dupla";"Reta";"Não";2;0;2;0;0;0;2;2;-23,26216155;-45,95424776;"SPRF-SP";"DEL02-SP";"UOP01-DEL02-SP"
671217;2025-04-03;"quinta-feira";"05:00:00";"ES";101;140,1;"LINHARES";"Reação tardia ou ineficiente do condutor";"Colisão traseira";"Com Vítimas Feridas";"Amanhecer";"Decrescente";"Céu Claro";"Múltipla";"Reta";"Sim";2;0;1;0;0;1;1;2;-19,31773102;-40,07555485;"SPRF-ES";"DEL04-ES";"UOP01-DEL04-ES"
671219;2025-04-02;"quarta-feira";"15:30:00";"RS";116;324;"ELDORADO DO SUL";"Ausência de reação do condutor";"Saída de leito carroçável";"Com Vítimas Feridas";"Pleno dia";"Decrescente";"Nublado";"Dupla";"Curva";"Sim";2;0;0;2;0;0;2;1;-30,0229357;-51,3162306;"SPRF-RS";"DEL02-RS";"UOP01-DEL02-RS"
671221;2025-04-03;"quinta-feira";"05:35:00";"PE";104;61,4;"CARUARU";"Manobra de mudança de faixa";"Colisão transversal";"Sem Vítimas";"Pleno dia";"Decrescente";"Céu Claro";"Dupla";"Reta";"Sim";2;0;0;0;2;0;0;2;-8,244097;-35,975082;"SPRF-PE";"DEL02-PE";"UOP01-DEL02-PE"
671222;2025-04-03;"quinta-feira";"05:50:00";"SP";116;56,5;"LORENA";"Ausência de reação do condutor";"Tombamento";"Com Vítimas Feridas";"Pleno dia";"Decrescente";"Nublado";"Dupla";"Reta";"Não";1;0;1;0;0;0;1;1;-22,7718729;-45,13419444;"SPRF-SP";"DEL08-SP";"UOP02-DEL08-SP"
671224;2025-04-03;"quinta-feira";"06:40:00";"SP";116;227;"GUARULHOS";"Trafegar com motocicleta (ou similar) entre as faixas";"Colisão lateral sentido oposto";"Com Vítimas Feridas";"Pleno dia";"Crescente";"Garoa/Chuvisco";"Múltipla";"Reta;Em Obras";"Não";2;0;1;0;0;1;1;2;-23,49342669;-46,55305632;"SPRF-SP";"DEL01-SP";"UOP01-DEL01-SP"
671225;2025-04-03;"quinta-feira";"06:40:00";"PR";373;177;"PONTA GROSSA";"Ausência de reação do condutor";"Colisão lateral mesmo sentido";"Sem Vítimas";"Amanhecer";"Crescente";"Céu Claro";"Dupla";"Reta";"Sim";2;0;0;0;2;0;0;2;-25,04809054;-50,235241;"SPRF-PR";"DEL03-PR";"UOP01-DEL03-PR"
671230;2025-04-03;"quinta-feira";"07:00:00";"GO";70;0;"AGUAS LINDAS DE GOIAS";"Ausência de reação do condutor";"Queda de ocupante de veículo";"Com Vítimas Feridas";"Pleno dia";"Decrescente";"Céu Claro";"Dupla";"Reta;Declive";"Sim";1;0;0;1;0;0;1;1;-15,778645;-48,234065;"SPRF-DF";"DEL03-DF";"UOP02-DEL03-DF"
671232;2025-04-03;"quinta-feira";"07:50:00";"RS";116;268;"PORTO ALEGRE";"Condutor deixou de manter distância do veículo da frente";"Colisão transversal";"Com Vítimas Feridas";"Pleno dia";"Decrescente";"Céu Claro";"Múltipla";"Reta";"Sim";3;0;2;0;1;0;2;3;-29,9699876;-51,1711866;"SPRF-RS";"DEL01-RS";"UOP01-DEL01-RS"
671233;2025-04-03;"quinta-feira";"06:30:00";"GO";20;8,5;"FORMOSA";"Acostamento em desnível";"Saída de leito carroçável";"Sem Vítimas";"Amanhecer";"Crescente";"Céu Claro";"Simples";"Reta;Em Obras";"Não";1;0;0;0;0;1;0;1;-15,552952;-47,279437;"SPRF-DF";"DEL02-DF";"UOP02-DEL02-DF"
671235;2025-04-03;"quinta-feira";"06:20:00";"GO";452;1,8;"RIO VERDE";"Ausência de reação do condutor";"Colisão traseira";"Com Vítimas Fatais";"Amanhecer";"Decrescente";"Céu Claro";"Dupla";"Aclive;Reta";"Sim";2;1;0;0;0;1;0;2;-17,795065;-50,88699;"SPRF-GO";"DEL04-GO";"UOP01-DEL04-GO"
671237;2025-04-03;"quinta-feira";"07:42:00";"CE";116;46;"PACAJUS";"Condutor deixou de manter distância do veículo da frente";"Colisão traseira";"Com Vítimas Feridas";"Pleno dia";"Decrescente";"Sol";"Dupla";"Curva";"Não";2;0;1;0;1;0;1;2;-4,1472831;-38,4756775;"SPRF-CE";"DEL01-CE";"UOP02-DEL01-CE"
671239;2025-04-03;"quinta-feira";"08:00:00";"RS";287;247,5;"SANTA MARIA";"Reação tardia ou ineficiente do condutor";"Colisão traseira";"Com Vítimas Feridas";"Pleno dia";"Decrescente";"Nublado";"Dupla";"Reta";"Sim";2;0;1;0;1;0;1;1;-29,697444;-53,846583;"SPRF-RS";"DEL09-RS";"UOP01-DEL09-RS"
671242;2025-04-03;"quinta-feira";"02:00:00";"RJ";116;180;"NOVA IGUACU";"Pedestre andava na pista";"Atropelamento de Pedestre";"Com Vítimas Feridas";"Plena Noite";"Decrescente";"Céu Claro";"Múltipla";"Reta";"Sim";2;0;0;1;0;1;1;2;-22,76255;-43,421249;"SPRF-RJ";"DEL06-RJ";"UOP01-DEL06-RJ"
671243;2025-04-02;"quarta-feira";"19:20:00";"RJ";495;2;"TERESOPOLIS";"Condutor deixou de manter distância do veículo da frente";"Colisão traseira";"Com Vítimas Feridas";"Plena Noite";"Crescente";"Nublado";"Simples";"Reta";"Sim";3;0;2;0;1;0;2;2;-22,39356092;-42,98699141;"SPRF-RJ";"DEL04-RJ";"UOP01-DEL04-RJ"
671244;2025-04-03;"quinta-feira";"07:30:00";"SC";101;199,8;"SAO JOSE";"Condutor usando celular";"Colisão traseira";"Com Vítimas Feridas";"Pleno dia";"Crescente";"Chuva";"Dupla";"Reta";"Sim";2;0;1;0;1;0;1;2;-27,53929269;-48,6237427;"SPRF-SC";"DEL01-SC";"UOP01-DEL01-SC"
671245;2025-04-03;"quinta-feira";"07:30:00";"PR";376;604;"CURITIBA";"Trafegar com motocicleta (ou similar) entre as faixas";"Colisão traseira";"Com Vítimas Feridas";"Pleno dia";"Decrescente";"Céu Claro";"Dupla";"Curva";"Sim";2;0;1;0;1;0;1;2;-25,52881966;-49,32751525;"SPRF-PR";"DEL01-PR";"UOP06-DEL01-PR"
671246;2025-04-03;"quinta-feira";"08:10:00";"MG";381;879;"ESTIVA";"Velocidade Incompatível";"Saída de leito carroçável";"Com Vítimas Feridas";"Pleno dia";"Decrescente";"Garoa/Chuvisco";"Dupla";"Declive;Reta";"Não";2;0;1;0;1;0;1;1;-22,45458381;-46,00507736;"SPRF-MG";"DEL16-MG";"UOP01-DEL16-MG"
671247;2025-04-02;"quarta-feira";"21:00:00";"RJ";465;18;"SEROPEDICA";"Acessar a via sem observar a presença dos outros veículos";"Atropelamento de Pedestre";"Com Vítimas Feridas";"Plena Noite";"Crescente";"Céu Claro";"Simples";"Reta";"Sim";2;0;1;0;0;1;1;2;-22,7147776;-43,7223424;"SPRF-RJ";"DEL06-RJ";"UOP02-DEL06-RJ"
671249;2025-04-03;"quinta-feira";"07:30:00";"RS";392;41,7;"RIO GRANDE";"Acessar a via sem observar a presença dos outros veículos";"Colisão transversal";"Com Vítimas Feridas";"Pleno dia";"Crescente";"Nublado";"Dupla";"Reta";"Sim";2;0;1;0;1;0;1;2;-31,946958;-52,309231;"SPRF-RS";"DEL07-RS";"UOP02-DEL07-RS"
671250;2025-04-03;"quinta-feira";"08:47:00";"PB";230;22,9;"JOAO PESSOA";"Manobra de mudança de faixa";"Colisão lateral mesmo sentido";"Com Vítimas Feridas";"Pleno dia";"Decrescente";"Céu Claro";"Dupla";"Reta";"Sim";2;0;1;0;1;0;1;2;-7,15848687;-34,85840678;"SPRF-PB";"DEL01-PB";"UOP01-DEL01-PB"
671253;2025-03-30;"domingo";"20:00:00";"PR";476;358;"UNIAO DA VITORIA";"Velocidade Incompatível";"Colisão frontal";"Com Vítimas Feridas";"Plena Noite";"Decrescente";"Nublado";"Simples";"Curva;Aclive;Viaduto";"Não";6;0;4;2;0;0;6;2;-26,20118126;-51,06022228;"SPRF-PR";"DEL02-PR";"UOP03-DEL02-PR"
671257;2025-04-03;"quinta-feira";"01:40:00";"BA";101;578;"CAMACAN";"Demais falhas mecânicas ou elétricas";"Incêndio";"Sem Vítimas";"Amanhecer";"Crescente";"Nublado";"Simples";"Reta";"Não";1;0;0;0;1;0;0;1;-15,341874;-39,500362;"SPRF-BA";"DEL05-BA";"UOP02-DEL05-BA"
671258;2025-04-03;"quinta-feira";"06:50:00";"BA";116;806;"VITORIA DA CONQUISTA";"Ausência de reação do condutor";"Tombamento";"Com Vítimas Feridas";"Pleno dia";"Crescente";"Céu Claro";"Simples";"Reta";"Não";1;0;1;0;0;0;1;1;-14,772309;-40,720535;"SPRF-BA";"DEL08-BA";"UOP01-DEL08-BA"
671260;2025-04-03;"quinta-feira";"07:55:00";"PA";316;65;"CASTANHAL";"Acessar a via sem observar a presença dos outros veículos";"Colisão transversal";"Com Vítimas Feridas";"Pleno dia";"Decrescente";"Sol";"Dupla";"Reta";"Sim";3;0;2;1;0;0;3;2;-1,29603;-47,90927;"SPRF-PA";"DEL01-PA";"UOP01-DEL01-PA"
671261;2025-01-29;"quarta-feira";"17:30:00";"BA";420;293;"SANTA INES";"Demais falhas na via";"Queda de ocupante de veículo";"Com Vítimas Feridas";"Pleno dia";"Crescente";"Ignorado";"Simples";"Reta";"Não";1;0;1;0;0;0;1;1;-13,27341512;-39,80758667;"SPRF-BA";"DEL03-BA";"UOP01-DEL03-BA"
671263;2025-04-03;"quinta-feira";"08:50:00";"RJ";40;7;"PETROPOLIS";"Reação tardia ou ineficiente do condutor";"Queda de ocupante de veículo";"Com Vítimas Feridas";"Pleno dia";"Decrescente";"Céu Claro";"Dupla";"Curva";"Sim";1;0;1;0;0;0;1;1;-22,2824918;-43,1192824;"SPRF-RJ";"DEL05-RJ";"UOP02-DEL05-RJ"
671267;2025-04-03;"quinta-feira";"08:20:00";"AC";364;125;"RIO BRANCO";"Ausência de reação do condutor";"Queda de ocupante de veículo";"Com Vítimas Feridas";"Pleno dia";"Crescente";"Céu Claro";"Dupla";"Rotatória";"Não";1;0;1;0;0;0;1;1;-10,01158125;-67,7979457;"SPRF-AC";"DEL01-AC";"UOP01-DEL01-AC"
671269;2025-04-03;"quinta-feira";"08:30:00";"MS";158;331;"BRASILANDIA";"Reação tardia ou ineficiente do condutor";"Saída de leito carroçável";"Com Vítimas Fatais";"Pleno dia";"Crescente";"Céu Claro";"Simples";"Reta";"Não";2;1;0;0;0;1;0;2;-21,19407512;-51,99670315;"SPRF-MS";"DEL07-MS";"UOP01-DEL07-MS"
671270;2025-03-10;"segunda-feira";"15:30:00";"SC";101;430,3;"SOMBRIO";"Manobra de mudança de faixa";"Colisão lateral mesmo sentido";"Com Vítimas Feridas";"Pleno dia";"Crescente";"Nublado";"Múltipla";"Reta";"Sim";3;0;1;1;0;1;2;2;-29,065767;-49,6253;"SPRF-SC";"DEL02-SC";"UOP02-DEL02-SC"
671271;2025-04-03;"quinta-feira";"09:00:00";"PB";230;214;"SOLEDADE";"Condutor deixou de manter distância do veículo da frente";"Colisão traseira";"Sem Vítimas";"Pleno dia";"Crescente";"Sol";"Simples";"Reta";"Sim";2;0;0;0;2;0;0;2;-7,05981646;-36,35607719;"SPRF-PB";"DEL02-PB";"UOP02-DEL02-PB"
671272;2025-03-02;"domingo";"19:10:00";"RJ";116;169;"RIO DE JANEIRO";"Acessar a via sem observar a presença dos outros veículos";"Capotamento";"Com Vítimas Feridas";"Plena Noite";"Decrescente";"Céu Claro";"Dupla";"Reta";"Não";2;0;1;0;1;0;1;2;-22,804406;-43,3450849;"SPRF-RJ";"DEL06-RJ";"UOP01-DEL06-RJ"
671274;2025-04-03;"quinta-feira";"11:00:00";"SE";235;5;"NOSSA SENHORA DO SOCORRO";"Demais falhas mecânicas ou elétricas";"Queda de ocupante de veículo";"Com Vítimas Feridas";"Pleno dia";"Crescente";"Céu Claro";"Dupla";"Reta";"Não";2;0;2;0;0;0;2;1;-10,905113;-37,123157;"SPRF-SE";"DEL01-SE";"UOP01-DEL01-SE"
671276;2025-02-22;"sábado";"18:00:00";"MG";365;623;"UBERLANDIA";"Objeto estático sobre o leito carroçável";"Colisão com objeto";"Com Vítimas Feridas";"Plena Noite";"Crescente";"Céu Claro";"Dupla";"Reta";"Não";2;0;2;0;0;0;2;1;-18,89949508;-48,27329619;"SPRF-MG";"DEL15-MG";"UOP01-DEL15-MG"
671277;2025-04-03;"quinta-feira";"11:30:00";"TO";153;146;"ARAGUAINA";"Avarias e/ou desgaste excessivo no pneu";"Queda de ocupante de veículo";"Com Vítimas Feridas";"Pleno dia";"Crescente";"Céu Claro";"Dupla";"Reta";"Sim";2;0;2;0;0;0;2;1;-7,21738299;-48,2464385;"SPRF-TO";"DEL02-TO";"UOP01-DEL02-TO"
671278;2025-04-03;"quinta-feira";"06:20:00";"MA";316;72,5;"GOVERNADOR NUNES FREIRE";"Manobra de mudança de faixa";"Colisão frontal";"Com Vítimas Fatais";"Amanhecer";"Crescente";"Céu Claro";"Simples";"Reta";"Não";2;1;0;0;1;0;0;2;-2,178192;-45,873805;"SPRF-MA";"DEL02-MA";"UOP02-DEL02-MA"
671279;2025-04-03;"quinta-feira";"11:15:00";"RS";116;269;"CANOAS";"Reação tardia ou ineficiente do condutor";"Colisão traseira";"Com Vítimas Feridas";"Pleno dia";"Decrescente";"Nublado";"Dupla";"Reta";"Não";2;0;1;0;1;0;1;2;-29,96355547;-51,17616713;"SPRF-RS";"DEL01-RS";"UOP01-DEL01-RS"
671281;2025-04-03;"quinta-feira";"11:49:00";"ES";101;148,8;"LINHARES";"Manobra de mudança de faixa";"Colisão lateral mesmo sentido";"Com Vítimas Feridas";"Pleno dia";"Crescente";"Céu Claro";"Múltipla";"Reta";"Não";2;0;1;0;1;0;1;2;-19,39885714;-40,06305957;"SPRF-ES";"DEL04-ES";"UOP01-DEL04-ES"
671283;2025-04-03;"quinta-feira";"10:00:00";"PR";277;563,4;"CASCAVEL";"Acessar a via sem observar a presença dos outros veículos";"Colisão transversal";"Com Vítimas Feridas";"Pleno dia";"Decrescente";"Céu Claro";"Simples";"Reta";"Não";3;0;1;1;1;0;2;2;-25,04679;-53,24072;"SPRF-PR";"DEL04-PR";"UOP04-DEL04-PR"
671285;2025-04-03;"quinta-feira";"12:45:00";"SC";101;151,6;"ITAPEMA";"Acesso irregular";"Colisão lateral mesmo sentido";"Com Vítimas Feridas";"Pleno dia";"Decrescente";"Céu Claro";"Múltipla";"Interseção de Vias";"Sim";2;0;2;0;0;0;2;2;-27,13190989;-48,6095858;"SPRF-SC";"DEL04-SC";"UOP03-DEL04-SC"
671287;2025-04-03;"quinta-feira";"10:00:00";"SC";282;5,1;"SAO JOSE";"Reação tardia ou ineficiente do condutor";"Colisão com objeto";"Com Vítimas Feridas";"Pleno dia";"Decrescente";"Céu Claro";"Múltipla";"Reta";"Sim";2;0;1;0;1;0;1;1;-27,58812;-48,61353;"SPRF-SC";"DEL01-SC";"UOP01-DEL01-SC"
671288;2025-04-03;"quinta-feira";"12:20:00";"ES";262;112;"VENDA NOVA DO IMIGRANTE";"Conversão proibida";"Colisão transversal";"Com Vítimas Feridas";"Pleno dia";"Crescente";"Céu Claro";"Simples";"Reta";"Não";2;0;1;0;1;0;1;2;-20,335994;-41,203531;"SPRF-ES";"DEL01-ES";"UOP02-DEL01-ES"
671291;2025-03-10;"segunda-feira";"05:30:00";"RJ";101;266;"RIO BONITO";"Condutor Dormindo";"Saída de leito carroçável";"Com Vítimas Feridas";"Amanhecer";"Crescente";"Céu Claro";"Dupla";"Reta";"Não";4;0;1;0;3;0;1;1;-22,70620562;-42,65501976;"SPRF-RJ";"DEL02-RJ";"UOP03-DEL02-RJ"
671292;2025-04-03;"quinta-feira";"13:30:00";"SP";101;50,3;"UBATUBA";"Conversão proibida";"Colisão transversal";"Com Vítimas Feridas";"Pleno dia";"Decrescente";"Céu Claro";"Simples";"Reta";"Sim";3;0;2;0;0;1;2;2;-23,45166211;-45,07596016;"SPRF-SP";"DEL06-SP";"UOP01-DEL06-SP"
671293;2025-03-26;"quarta-feira";"07:00:00";"MG";40;515,6;"RIBEIRAO DAS NEVES";"Acessar a via sem observar a presença dos outros veículos";"Colisão lateral mesmo sentido";"Com Vítimas Feridas";"Plena Noite";"Crescente";"Céu Claro";"Dupla";"Declive;Reta";"Sim";2;0;0;1;1;0;1;2;-19,81432651;-44,09186471;"SPRF-MG";"DEL01-MG";"UOP02-DEL01-MG"
671294;2025-04-03;"quinta-feira";"12:00:00";"ES";101;72;"SAO MATEUS";"Ausência de reação do condutor";"Tombamento";"Com Vítimas Feridas";"Pleno dia";"Crescente";"Céu Claro";"Simples";"Curva";"Não";1;0;1;0;0;0;1;1;-18,764004;-39,86383;"SPRF-ES";"DEL04-ES";"UOP02-DEL04-ES"
671295;2025-04-03;"quinta-feira";"08:15:00";"RO";435;87;"COLORADO DO OESTE";"Ultrapassagem Indevida";"Colisão lateral sentido oposto";"Com Vítimas Feridas";"Pleno dia";"Decrescente";"Céu Claro";"Simples";"Reta";"Não";5;0;2;2;1;0;4;3;-13,14947491;-60,54502487;"SPRF-RO";"DEL04-RO";"UOP02-DEL04-RO"
671296;2025-04-03;"quinta-feira";"13:50:00";"PR";153;344;"IRATI";"Conversão proibida";"Colisão lateral sentido oposto";"Com Vítimas Feridas";"Pleno dia";"Crescente";"Nublado";"Simples";"Reta";"Não";6;0;2;0;4;0;2;2;-25,56334902;-50,67922354;"SPRF-PR";"DEL08-PR";"UOP02-DEL08-PR"
671297;2025-04-03;"quinta-feira";"10:15:00";"MA";230;405,1;"BALSAS";"Acessar a via sem observar a presença dos outros veículos";"Colisão transversal";"Com Vítimas Feridas";"Pleno dia";"Crescente";"Céu Claro";"Simples";"Reta;Interseção de Vias";"Sim";3;0;0;1;2;0;1;2;-7,520817;-46,050845;"SPRF-MA";"DEL05-MA";"UOP01-DEL05-MA"
671298;2025-04-03;"quinta-feira";"14:40:00";"MA";10;255;"IMPERATRIZ";"Ausência de reação do condutor";"Colisão traseira";"Com Vítimas Feridas";"Pleno dia";"Decrescente";"Chuva";"Simples";"Reta";"Sim";2;0;0;1;1;0;1;2;-5,503445;-47,471862;"SPRF-MA";"DEL04-MA";"UOP01-DEL04-MA"
671300;2025-04-03;"quinta-feira";"14:25:00";"SC";280;58;"GUARAMIRIM";"Ingestão de álcool pelo condutor";"Colisão com objeto";"Sem Vítimas";"Pleno dia";"Crescente";"Chuva";"Dupla";"Interseção de Vias;Rotatória";"Sim";1;0;0;0;1;0;0;1;-26,47414568;-49,02039528;"SPRF-SC";"DEL03-SC";"UOP03-DEL03-SC"
671303;2025-04-03;"quinta-feira";"15:12:00";"GO";153;111;"SANTA TEREZA DE GOIAS";"Acumulo de água sobre o pavimento";"Colisão com objeto";"Com Vítimas Feridas";"Pleno dia";"Decrescente";"Chuva";"Simples";"Curva";"Não";4;0;3;0;1;0;3;1;-13,74480438;-49,03112411;"SPRF-GO";"DEL07-GO";"UOP01-DEL07-GO"
671305;2025-04-03;"quinta-feira";"15:20:00";"PR";116;92;"SAO JOSE DOS PINHAIS";"Demais falhas mecânicas ou elétricas";"Tombamento";"Com Vítimas Feridas";"Pleno dia";"Crescente";"Céu Claro";"Simples";"Aclive;Curva";"Não";2;0;2;0;0;0;2;1;-25,51054514;-49,12749941;"SPRF-PR";"DEL01-PR";"UOP07-DEL01-PR"
671306;2025-04-03;"quinta-feira";"15:00:00";"ES";101;267,9;"SERRA";"Ausência de reação do condutor";"Colisão traseira";"Com Vítimas Feridas";"Pleno dia";"Decrescente";"Céu Claro";"Dupla";"Reta";"Sim";2;0;1;0;1;0;1;2;-20,2063692;-40,26911728;"SPRF-ES";"DEL02-ES";"UOP01-DEL02-ES"
671307;2025-04-03;"quinta-feira";"10:59:00";"RO";364;346,3;"JI-PARANA";"Acessar a via sem observar a presença dos outros veículos";"Colisão transversal";"Com Vítimas Feridas";"Pleno dia";"Crescente";"Nublado";"Simples";"Reta;Interseção de Vias";"Sim";2;0;0;1;1;0;1;2;-10,864435;-61,970586;"SPRF-RO";"DEL02-RO";"UOP01-DEL02-RO"
671308;2025-03-14;"sexta-feira";"02:45:00";"PE";232;415,7;"SERRA TALHADA";"Animais na Pista";"Atropelamento de Animal";"Com Vítimas Feridas";"Plena Noite";"Decrescente";"Céu Claro";"Simples";"Reta";"Não";32;0;11;1;20;0;12;1;-7,99337;-38,339497;"SPRF-PE";"DEL04-PE";"UOP01-DEL04-PE"
671310;2025-04-03;"quinta-feira";"16:00:00";"MG";381;530,1;"ITATIAIUCU";"Ausência de reação do condutor";"Saída de leito carroçável";"Com Vítimas Feridas";"Pleno dia";"Crescente";"Chuva";"Dupla";"Reta;Aclive";"Não";2;0;1;1;0;0;2;1;-20,2375169;-44,4063644;"SPRF-MG";"DEL04-MG";"UOP03-DEL04-MG"
671311;2025-04-03;"quinta-feira";"15:50:00";"SP";116;154;"SAO JOSE DOS CAMPOS";"Reação tardia ou ineficiente do condutor";"Colisão traseira";"Com Vítimas Feridas";"Pleno dia";"Crescente";"Nublado";"Dupla";"Reta";"Sim";2;0;1;0;1;0;1;2;-23,23906388;-45,92034404;"SPRF-SP";"DEL02-SP";"UOP01-DEL02-SP"
671312;2025-04-03;"quinta-feira";"11:00:00";"RO";364;340;"JI-PARANA";"Acesso irregular";"Colisão transversal";"Com Vítimas Feridas";"Pleno dia";"Crescente";"Céu Claro";"Múltipla";"Reta";"Não";3;0;2;0;1;0;2;2;-10,89342567;-61,93052508;"SPRF-RO";"DEL02-RO";"UOP01-DEL02-RO"
671316;2025-04-03;"quinta-feira";"16:40:00";"SC";101;38,3;"JOINVILLE";"Acessar a via sem observar a presença dos outros veículos";"Tombamento";"Com Vítimas Feridas";"Pleno dia";"Crescente";"Chuva";"Dupla";"Reta;Interseção de Vias;Viaduto;Rotatória";"Sim";3;0;1;0;2;0;1;2;-26,296398;-48,884307;"SPRF-SC";"DEL03-SC";"UOP01-DEL03-SC"
671317;2025-04-03;"quinta-feira";"15:20:00";"BA";324;614;"ENTRE RIOS";"Transitar na contramão";"Colisão frontal";"Com Vítimas Feridas";"Pleno dia";"Decrescente";"Céu Claro";"Simples";"Reta";"Não";2;0;0;1;1;0;1;2;-12;-38;"SPRF-BA";"DEL01-BA";"UOP01-DEL01-BA"
671319;2025-04-03;"quinta-feira";"15:30:00";"PR";369;482,1;"CORBELIA";"Condutor deixou de manter distância do veículo da frente";"Colisão traseira";"Com Vítimas Feridas";"Pleno dia";"Crescente";"Céu Claro";"Simples";"Reta";"Não";5;0;3;0;2;0;3;2;-24,773128;-53,293021;"SPRF-PR";"DEL04-PR";"UOP03-DEL04-PR"
671320;2025-04-03;"quinta-feira";"17:02:00";"GO";70;315;"JUSSARA";"Manobra de mudança de faixa";"Colisão lateral mesmo sentido";"Com Vítimas Feridas";"Pleno dia";"Crescente";"Céu Claro";"Dupla";"Reta";"Não";3;0;1;0;2;0;1;2;-15,87538711;-50,86751215;"SPRF-GO";"DEL04-GO";"UOP02-DEL04-GO"
671322;2025-04-03;"quinta-feira";"15:30:00";"AL";101;107,7;"PILAR";"Acessar a via sem observar a presença dos outros veículos";"Colisão transversal";"Com Vítimas Feridas";"Pleno dia";"Decrescente";"Céu Claro";"Dupla";"Retorno Regulamentado";"Não";2;0;0;1;1;0;1;2;-9,59709452;-36,01079995;"SPRF-AL";"DEL02-AL";"UOP01-DEL02-AL"
671324;2025-04-03;"quinta-feira";"17:00:00";"RJ";101;323;"NITEROI";"Condutor deixou de manter distância do veículo da frente";"Colisão traseira";"Com Vítimas Feridas";"Anoitecer";"Decrescente";"Nublado";"Simples";"Ponte;Reta";"Sim";2;0;1;0;1;0;1;2;-22,87792548;-43,11558915;"SPRF-RJ";"DEL02-RJ";"UOP01-DEL02-RJ"
671325;2025-04-03;"quinta-feira";"17:10:00";"PR";376;240;"APUCARANA";"Afundamento ou ondulação no pavimento";"Tombamento";"Com Vítimas Feridas";"Pleno dia";"Crescente";"Nublado";"Dupla";"Reta;Declive";"Não";1;0;1;0;0;0;1;1;-23,58280307;-51,4452284;"SPRF-PR";"DEL07-PR";"UOP03-DEL07-PR"