"id";"data_inversa";"dia_semana";"horario";"uf";"br";"km";"municipio";"causa_acidente";"tipo_acidente";"classificacao_acidente";"fase_dia";"sentido_via";"condicao_metereologica";"tipo_pista";"tracado_via";"uso_solo";"pessoas";"mortos";"feridos_leves";"feridos_graves";"ilesos";"ignorados";"feridos";"veiculos";"latitude";"longitude";"regional";"delegacia";"uop"
671330;2025-04-03;"quinta-feira";"11:15:00";"MG";116;652,6;"SAO FRANCISCO DO GLORIA";"Avarias e/ou desgaste excessivo no pneu";"Tombamento";"Com Vítimas Feridas";"Pleno dia";"Decrescente";"Céu Claro";"Simples";"Curva";"Não";3;0;2;0;0;1;2;2;-20,7461613;-42,28719234;"SPRF-MG";"DEL07-MG";"UOP02-DEL07-MG"
671331;2025-04-03;"quinta-feira";"18:20:00";"RN";110;47,7;"MOSSORO";"Acessar a via sem observar a presença dos outros veículos";"Colisão transversal";"Com Vítimas Feridas";"Plena Noite";"Crescente";"Céu Claro";"Simples";"Reta";"Sim";3;0;2;0;1;0;2;2;-5,208;-37,331;"SPRF-RN";"DEL04-RN";"UOP01-DEL04-RN"
671333;2025-04-03;"quinta-feira";"18:20:00";"MG";365;620;"UBERLANDIA";"Ausência de reação do condutor";"Colisão traseira";"Com Vítimas Feridas";"Plena Noite";"Crescente";"Nublado";"Dupla";"Reta;Declive";"Sim";3;0;0;2;1;0;2;2;-18,890637;-48,270704;"SPRF-MG";"DEL15-MG";"UOP01-DEL15-MG"
671334;2025-04-03;"quinta-feira";"14:15:00";"MG";262;743;"PERDIZES";"Acessar a via sem observar a presença dos outros veículos";"Colisão transversal";"Com Vítimas Feridas";"Pleno dia";"Crescente";"Céu Claro";"Simples";"Reta";"Não";2;0;1;0;1;0;1;2;-19,61483628;-47,37452745;"SPRF-MG";"DEL08-MG";"UOP01-DEL08-MG"
671335;2025-04-03;"quinta-feira";"16:40:00";"GO";153;197;"URUACU";"Acesso irregular";"Colisão transversal";"Com Vítimas Feridas";"Pleno dia";"Crescente";"Céu Claro";"Simples";"Reta";"Sim";5;0;2;2;1;0;4;2;-14,50788518;-49,1486344;"SPRF-GO";"DEL07-GO";"UOP02-DEL07-GO"
671336;2025-04-03;"quinta-feira";"13:20:00";"MS";163;603;"SAO GABRIEL DO OESTE";"Ausência de reação do condutor";"Colisão traseira";"Sem Vítimas";"Pleno dia";"Decrescente";"Céu Claro";"Múltipla";"Reta";"Não";5;0;0;0;5;0;0;2;-19,473258;-54,497019;"SPRF-MS";"DEL06-MS";"UOP02-DEL06-MS"
671337;2025-04-03;"quinta-feira";"18:00:00";"RN";101;99;"PARNAMIRIM";"Avarias e/ou desgaste excessivo no pneu";"Tombamento";"Com Vítimas Feridas";"Plena Noite";"Decrescente";"Céu Claro";"Dupla";"Reta";"Sim";2;0;1;0;0;1;1;1;-5,87758304;-35,22339106;"SPRF-RN";"DEL01-RN";"UOP01-DEL01-RN"
671338;2025-04-03;"quinta-feira";"18:30:00";"MG";40;568;"NOVA LIMA";"Chuva";"Saída de leito carroçável";"Com Vítimas Feridas";"Anoitecer";"Crescente";"Chuva";"Simples";"Declive;Reta";"Sim";1;0;1;0;0;0;1;1;-20,19724475;-43,97432327;"SPRF-MG";"DEL01-MG";"UOP02-DEL01-MG"
671340;2025-04-03;"quinta-feira";"18:30:00";"ES";101;170,8;"LINHARES";"Reação tardia ou ineficiente do condutor";"Colisão com objeto";"Com Vítimas Feridas";"Plena Noite";"Decrescente";"Céu Claro";"Simples";"Retorno Regulamentado";"Sim";1;0;1;0;0;0;1;1;-19,55645948;-40,17278435;"SPRF-ES";"DEL04-ES";"UOP01-DEL04-ES"
671341;2025-04-03;"quinta-feira";"18:40:00";"PR";476;157;"ARAUCARIA";"Acessar a via sem observar a presença dos outros veículos";"Colisão transversal";"Com Vítimas Feridas";"Anoitecer";"Crescente";"Céu Claro";"Simples";"Interseção de Vias;Aclive;Reta;Rotatória";"Sim";2;0;1;0;1;0;1;2;-25,60629935;-49,42107146;"SPRF-PR";"DEL01-PR";"UOP06-DEL01-PR"
671342;2025-04-03;"quinta-feira";"18:35:00";"ES";101;259,5;"SERRA";"Velocidade Incompatível";"Colisão traseira";"Com Vítimas Feridas";"Anoitecer";"Decrescente";"Ignorado";"Dupla";"Curva";"Não";2;0;1;0;1;0;1;2;-20,14636266;-40,28823607;"SPRF-ES";"DEL02-ES";"UOP01-DEL02-ES"
671343;2025-04-03;"quinta-feira";"17:50:00";"RS";116;36,9;"VACARIA";"Desrespeitar a preferência no cruzamento";"Colisão transversal";"Com Vítimas Feridas";"Anoitecer";"Decrescente";"Garoa/Chuvisco";"Simples";"Interseção de Vias";"Sim";3;0;2;0;1;0;2;2;-28,498686;-50,917681;"SPRF-RS";"DEL01-RS";"UOP01-DEL01-RS"
671347;2025-04-03;"quinta-feira";"18:45:00";"SP";116;219;"GUARULHOS";"Trafegar com motocicleta (ou similar) entre as faixas";"Colisão traseira";"Com Vítimas Feridas";"Plena Noite";"Crescente";"Chuva";"Múltipla";"Reta;Em Obras";"Não";3;0;2;0;0;1;2;2;-23,46348699;-46,49551928;"SPRF-SP";"DEL01-SP";"UOP01-DEL01-SP"
671348;2025-04-03;"quinta-feira";"19:00:00";"SC";101;224,3;"PALHOCA";"Velocidade Incompatível";"Colisão traseira";"Com Vítimas Feridas";"Pleno dia";"Crescente";"Céu Claro";"Múltipla";"Reta";"Não";2;0;0;1;1;0;1;2;-27,727272;-48,642832;"SPRF-SC";"DEL01-SC";"UOP02-DEL01-SC"
671350;2025-04-03;"quinta-feira";"18:50:00";"SP";116;442;"REGISTRO";"Acessar a via sem observar a presença dos outros veículos";"Atropelamento de Pedestre";"Com Vítimas Feridas";"Plena Noite";"Crescente";"Chuva";"Dupla";"Reta";"Sim";2;0;1;0;1;0;1;2;-24,5039104;-47,84128;"SPRF-SP";"DEL05-SP";"UOP01-DEL05-SP"
671352;2025-04-03;"quinta-feira";"19:03:00";"SP";116;224;"GUARULHOS";"Chuva";"Tombamento";"Com Vítimas Feridas";"Plena Noite";"Decrescente";"Chuva";"Múltipla";"Em Obras;Reta";"Sim";2;0;2;0;0;0;2;1;-23,48641961;-46,54157726;"SPRF-SP";"DEL01-SP";"UOP01-DEL01-SP"
671353;2025-04-03;"quinta-feira";"18:05:00";"MS";163;491,1;"CAMPO GRANDE";"Reação tardia ou ineficiente do condutor";"Colisão traseira";"Com Vítimas Feridas";"Anoitecer";"Crescente";"Nublado";"Dupla";"Reta";"Não";2;0;1;0;1;0;1;2;-20,3887519;-54,55031633;"SPRF-MS";"DEL01-MS";"UOP02-DEL01-MS"
671354;2025-04-03;"quinta-feira";"19:35:00";"SP";116;223;"GUARULHOS";"Reação tardia ou ineficiente do condutor";"Queda de ocupante de veículo";"Com Vítimas Feridas";"Plena Noite";"Decrescente";"Garoa/Chuvisco";"Dupla";"Reta";"Não";1;0;1;0;0;0;1;1;-23,479914;-46,5317;"SPRF-SP";"DEL01-SP";"UOP01-DEL01-SP"
671355;2025-04-03;"quinta-feira";"16:45:00";"RJ";116;246;"PIRAI";"Acumulo de água sobre o pavimento";"Colisão com objeto";"Com Vítimas Feridas";"Pleno dia";"Decrescente";"Chuva";"Múltipla";"Reta";"Não";3;0;1;0;2;0;1;2;-22,62295015;-43,92269611;"SPRF-RJ";"DEL07-RJ";"UOP01-DEL07-RJ"
671356;2025-04-03;"quinta-feira";"19:10:00";"MG";40;615;"CONGONHAS";"Reação tardia ou ineficiente do condutor";"Colisão traseira";"Com Vítimas Feridas";"Plena Noite";"Crescente";"Garoa/Chuvisco";"Simples";"Aclive;Reta";"Não";4;0;1;0;3;0;1;2;-20,54221891;-43,82088097;"SPRF-MG";"DEL05-MG";"UOP02-DEL05-MG"
671357;2025-04-03;"quinta-feira";"18:10:00";"BA";324;526;"FEIRA DE SANTANA";"Condutor deixou de manter distância do veículo da frente";"Colisão traseira";"Com Vítimas Feridas";"Plena Noite";"Crescente";"Céu Claro";"Dupla";"Reta";"Sim";3;0;1;1;1;0;2;2;-12,30791191;-38,88859212;"SPRF-BA";"DEL01-BA";"UOP03-DEL01-BA"
671358;2025-04-03;"quinta-feira";"19:00:00";"SP";381;41,2;"ATIBAIA";"Chuva";"Engavetamento";"Com Vítimas Feridas";"Plena Noite";"Decrescente";"Chuva";"Dupla";"Reta;Aclive";"Não";5;0;3;0;2;0;3;3;-23,13930711;-46,57548562;"SPRF-SP";"DEL03-SP";"UOP01-DEL03-SP"
671359;2025-04-03;"quinta-feira";"19:20:00";"PB";101;89;"JOAO PESSOA";"Reação tardia ou ineficiente do condutor";"Tombamento";"Com Vítimas Feridas";"Plena Noite";"Crescente";"Céu Claro";"Dupla";"Reta";"Sim";1;0;1;0;0;0;1;1;-7,1748446;-34,89888668;"SPRF-PB";"DEL01-PB";"UOP01-DEL01-PB"
671360;2025-04-03;"quinta-feira";"19:03:00";"PB";230;10,8;"CABEDELO";"Demais falhas na via";"Queda de ocupante de veículo";"Com Vítimas Feridas";"Plena Noite";"Crescente";"Céu Claro";"Dupla";"Reta";"Sim";1;0;1;0;0;0;1;1;-6,99022652;-34,82874566;"SPRF-PB";"DEL01-PB";"UOP01-DEL01-PB"
671362;2025-04-03;"quinta-feira";"19:54:00";"DF";20;16;"BRASILIA";"Reação tardia ou ineficiente do condutor";"Saída de leito carroçável";"Sem Vítimas";"Plena Noite";"Crescente";"Céu Claro";"Dupla";"Reta;Declive";"Sim";1;0;0;0;1;0;0;1;-15,625527;-47,724303;"SPRF-DF";"DEL02-DF";"UOP01-DEL02-DF"
671364;2025-04-03;"quinta-feira";"19:00:00";"PI";343;278;"CAMPO MAIOR";"Ingestão de álcool pelo condutor";"Tombamento";"Com Vítimas Feridas";"Plena Noite";"Decrescente";"Nublado";"Simples";"Reta";"Não";1;0;1;0;0;0;1;1;-4,906757;-42,248767;"SPRF-PI";"DEL01-PI";"UOP03-DEL01-PI"
671366;2025-04-03;"quinta-feira";"20:00:00";"PR";277;83;"CURITIBA";"Ingestão de álcool pelo condutor";"Saída de leito carroçável";"Sem Vítimas";"Plena Noite";"Crescente";"Céu Claro";"Dupla";"Reta";"Sim";1;0;0;0;1;0;0;1;-25,44827032;-49,22973096;"SPRF-PR";"DEL01-PR";"UOP03-DEL01-PR"
671368;2025-04-03;"quinta-feira";"18:45:00";"SC";280;252,9;"CANOINHAS";"Ultrapassagem Indevida";"Colisão frontal";"Com Vítimas Fatais";"Plena Noite";"Crescente";"Nublado";"Simples";"Curva";"Não";4;1;0;2;0;1;2;3;-26,26569992;-50,56900084;"SPRF-SC";"DEL06-SC";"UOP04-DEL06-SC"
671370;2025-04-03;"quinta-feira";"18:30:00";"SC";282;464,2;"PONTE SERRADA";"Reação tardia ou ineficiente do condutor";"Saída de leito carroçável";"Com Vítimas Feridas";"Anoitecer";"Decrescente";"Nublado";"Simples";"Reta";"Não";1;0;1;0;0;0;1;1;-26,856752;-52,042489;"SPRF-SC";"DEL07-SC";"UOP04-DEL07-SC"
671371;2025-04-03;"quinta-feira";"19:20:00";"SC";101;424,5;"ARARANGUA";"Pedestre andava na pista";"Atropelamento de Pedestre";"Com Vítimas Fatais";"Plena Noite";"Decrescente";"Nublado";"Múltipla";"Reta";"Não";3;1;0;0;1;1;0;3;-29,02092723;-49,59088326;"SPRF-SC";"DEL02-SC";"UOP02-DEL02-SC"
671373;2025-04-03;"quinta-feira";"19:00:00";"CE";116;361;"ICO";"Iluminação deficiente";"Colisão com objeto";"Sem Vítimas";"Plena Noite";"Crescente";"Céu Claro";"Simples";"Ponte";"Não";1;0;0;0;1;0;0;1;-6,461857;-38,8557798;"SPRF-CE";"DEL05-CE";"UOP01-DEL05-CE"
671374;2025-04-03;"quinta-feira";"19:05:00";"PR";476;115,8;"COLOMBO";"Pedestre cruzava a pista fora da faixa";"Atropelamento de Pedestre";"Com Vítimas Fatais";"Plena Noite";"Crescente";"Garoa/Chuvisco";"Dupla";"Reta";"Sim";3;1;1;0;1;0;1;2;-25,349697;-49,164807;"SPRF-PR";"DEL01-PR";"UOP01-DEL01-PR"
671375;2025-04-03;"quinta-feira";"19:34:00";"MS";163;151;"JUTI";"Chuva";"Saída de leito carroçável";"Sem Vítimas";"Plena Noite";"Crescente";"Chuva";"Simples";"Reta";"Não";1;0;0;0;1;0;0;1;-22,93610449;-54,470644;"SPRF-MS";"DEL09-MS";"UOP01-DEL09-MS"
671377;2025-04-03;"quinta-feira";"19:41:00";"AM";230;612;"HUMAITA";"Reação tardia ou ineficiente do condutor";"Atropelamento de Pedestre";"Com Vítimas Feridas";"Pleno dia";"Crescente";"Nublado";"Dupla";"Reta";"Sim";2;0;0;2;0;0;2;2;-7,51233107;-63,02960403;"SPRF-AM";"DEL01-AM";"UOP05-DEL01-AM"
671378;2025-04-03;"quinta-feira";"13:32:00";"SC";116;124;"SANTA CECILIA";"Ausência de reação do condutor";"Tombamento";"Sem Vítimas";"Pleno dia";"Crescente";"Céu Claro";"Simples";"Declive";"Não";4;0;0;0;4;0;0;1;-26,8494687465;-50,4048442841;"SPRF-SC";"DEL06-SC";"UOP02-DEL06-SC"
671379;2025-04-03;"quinta-feira";"18:30:00";"BA";324;527;"FEIRA DE SANTANA";"Demais falhas mecânicas ou elétricas";"Incêndio";"Sem Vítimas";"Plena Noite";"Decrescente";"Céu Claro";"Dupla";"Reta";"Não";1;0;0;0;1;0;0;1;-12,31851218;-38,8735311;"SPRF-BA";"DEL01-BA";"UOP03-DEL01-BA"
671380;2025-04-03;"quinta-feira";"21:20:00";"GO";153;443,9;"ANAPOLIS";"Condutor deixou de manter distância do veículo da frente";"Colisão traseira";"Com Vítimas Feridas";"Plena Noite";"Crescente";"Céu Claro";"Dupla";"Rotatória";"Sim";3;0;1;0;2;0;1;2;-16,353254;-48,929498;"SPRF-GO";"DEL02-GO";"UOP01-DEL02-GO"
671384;2025-04-03;"quinta-feira";"19:00:00";"RJ";465;2,4;"SEROPEDICA";"Iluminação deficiente";"Atropelamento de Pedestre";"Com Vítimas Feridas";"Plena Noite";"Decrescente";"Nublado";"Simples";"Reta";"Não";2;0;1;0;1;0;1;2;-22,7147776;-43,7223424;"SPRF-RJ";"DEL06-RJ";"UOP02-DEL06-RJ"
671385;2025-04-03;"quinta-feira";"20:28:00";"MS";163;309;"RIO BRILHANTE";"Demais falhas mecânicas ou elétricas";"Saída de leito carroçável";"Sem Vítimas";"Plena Noite";"Decrescente";"Céu Claro";"Simples";"Reta";"Não";2;0;0;0;2;0;0;1;-21,86372915;-54,53029633;"SPRF-MS";"DEL02-MS";"UOP02-DEL02-MS"
671386;2025-04-03;"quinta-feira";"20:45:00";"RO";364;690;"CANDEIAS DO JAMARI";"Ausência de reação do condutor";"Saída de leito carroçável";"Com Vítimas Feridas";"Plena Noite";"Decrescente";"Céu Claro";"Dupla";"Curva";"Não";1;0;1;0;0;0;1;1;-8,79600752;-63,68507601;"SPRF-RO";"DEL01-RO";"UOP01-DEL01-RO"
671388;2025-04-03;"quinta-feira";"22:00:00";"PR";376;2;"APUCARANA";"Acessar a via sem observar a presença dos outros veículos";"Colisão lateral mesmo sentido";"Com Vítimas Feridas";"Plena Noite";"Crescente";"Nublado";"Simples";"Interseção de Vias";"Não";3;0;1;0;2;0;1;3;-23,55933371;-51,43701183;"SPRF-PR";"DEL07-PR";"UOP03-DEL07-PR"
671392;2025-04-03;"quinta-feira";"21:10:00";"SC";101;256,5;"PAULO LOPES";"Ingestão de álcool pelo condutor";"Queda de ocupante de veículo";"Com Vítimas Feridas";"Plena Noite";"Crescente";"Garoa/Chuvisco";"Dupla";"Viaduto;Curva";"Sim";1;0;1;0;0;0;1;1;-27,99523508;-48,68917465;"SPRF-SC";"DEL02-SC";"UOP03-DEL02-SC"
671393;2025-04-03;"quinta-feira";"21:40:00";"GO";60;209;"GUAPO";"Ausência de reação do condutor";"Atropelamento de Pedestre";"Com Vítimas Fatais";"Plena Noite";"Decrescente";"Céu Claro";"Dupla";"Reta";"Não";2;1;0;0;1;0;0;2;-16,806054;-49,524694;"SPRF-GO";"DEL01-GO";"UOP02-DEL01-GO"
671394;2025-04-03;"quinta-feira";"22:50:00";"RJ";393;285;"VOLTA REDONDA";"Pedestre - Ingestão de álcool/ substâncias psicoativas";"Atropelamento de Pedestre";"Com Vítimas Feridas";"Plena Noite";"Crescente";"Nublado";"Simples";"Reta";"Sim";3;0;3;0;0;0;3;2;-22,506662;-44,077591;"SPRF-RJ";"DEL05-RJ";"UOP04-DEL05-RJ"
671399;2025-04-03;"quinta-feira";"23:45:00";"PE";408;69;"PAUDALHO";"Animais na Pista";"Atropelamento de Animal";"Com Vítimas Feridas";"Plena Noite";"Crescente";"Chuva";"Dupla";"Reta";"Não";1;0;1;0;0;0;1;1;-7,91618;-35,16761;"SPRF-PE";"DEL01-PE";"UOP01-DEL01-PE"
671400;2025-04-03;"quinta-feira";"21:25:00";"PA";10;162,5;"PARAGOMINAS";"Reação tardia ou ineficiente do condutor";"Colisão traseira";"Com Vítimas Fatais";"Plena Noite";"Decrescente";"Nublado";"Simples";"Reta";"Sim";2;1;0;0;1;0;0;2;-3,013753;-47,462132;"SPRF-PA";"DEL02-PA";"UOP01-DEL02-PA"
671401;2025-04-04;"sexta-feira";"00:50:00";"MG";381;922,7;"CAMANDUCAIA";"Reação tardia ou ineficiente do condutor";"Saída de leito carroçável";"Com Vítimas Feridas";"Plena Noite";"Crescente";"Nublado";"Dupla";"Reta";"Não";1;0;1;0;0;0;1;1;-22,76979393;-46,1812706;"SPRF-MG";"DEL16-MG";"UOP03-DEL16-MG"
671403;2025-04-04;"sexta-feira";"00:30:00";"GO";60;416;"RIO VERDE";"Demais falhas mecânicas ou elétricas";"Incêndio";"Sem Vítimas";"Plena Noite";"Decrescente";"Céu Claro";"Dupla";"Reta";"Não";4;0;0;0;4;0;0;1;-17,820637;-51,22263;"SPRF-GO";"DEL04-GO";"UOP02-DEL04-GO"
671405;2025-04-03;"quinta-feira";"23:30:00";"RJ";493;55;"DUQUE DE CAXIAS";"Reação tardia ou ineficiente do condutor";"Saída de leito carroçável";"Com Vítimas Feridas";"Plena Noite";"Crescente";"Céu Claro";"Dupla";"Reta";"Não";4;0;4;0;0;0;4;1;-22,65961209;-43,35617453;"SPRF-RJ";"DEL01-RJ";"UOP03-DEL01-RJ"
671407;2025-04-04;"sexta-feira";"03:25:00";"RJ";101;324;"NITEROI";"Condutor Dormindo";"Colisão traseira";"Com Vítimas Feridas";"Plena Noite";"Decrescente";"Céu Claro";"Múltipla";"Reta";"Sim";2;0;1;0;1;0;1;2;-22,87427726;-43,12992096;"SPRF-RJ";"DEL02-RJ";"UOP01-DEL02-RJ"
671408;2025-04-04;"sexta-feira";"04:10:00";"SC";101;148,4;"ITAPEMA";"Ausência de reação do condutor";"Colisão traseira";"Sem Vítimas";"Plena Noite";"Crescente";"Céu Claro";"Múltipla";"Reta";"Não";3;0;0;0;2;1;0;3;-27,10335688;-48,61725279;"SPRF-SC";"DEL04-SC";"UOP03-DEL04-SC"
671409;2025-04-04;"sexta-feira";"03:30:00";"GO";60;379;"RIO VERDE";"Demais falhas mecânicas ou elétricas";"Incêndio";"Com Vítimas Feridas";"Plena Noite";"Decrescente";"Nublado";"Múltipla";"Aclive;Reta";"Sim";3;0;1;0;2;0;1;1;-17,779333;-50,893383;"SPRF-GO";"DEL04-GO";"UOP02-DEL04-GO"
671410;2025-04-04;"sexta-feira";"02:00:00";"PR";277;383;"CANDOI";"Ausência de reação do condutor";"Colisão frontal";"Com Vítimas Feridas";"Plena Noite";"Crescente";"Céu Claro";"Simples";"Reta";"Não";45;0;0;2;43;0;2;2;-25,43386;-51,80727;"SPRF-PR";"DEL08-PR";"UOP01-DEL08-PR"
671411;2025-04-04;"sexta-feira";"04:30:00";"RJ";101;157;"MACAE";"Ausência de reação do condutor";"Capotamento";"Com Vítimas Feridas";"Plena Noite";"Decrescente";"Chuva";"Dupla";"Reta";"Não";3;0;1;1;1;0;2;1;-22,2524257;-41,8238992;"SPRF-RJ";"DEL08-RJ";"UOP04-DEL08-RJ"
671414;2025-04-04;"sexta-feira";"05:58:00";"GO";40;2;"VALPARAISO DE GOIAS";"Condutor deixou de manter distância do veículo da frente";"Colisão traseira";"Com Vítimas Feridas";"Amanhecer";"Decrescente";"Céu Claro";"Dupla";"Reta";"Sim";3;0;1;1;1;0;2;2;-16,0673668;-47,984976;"SPRF-DF";"DEL01-DF";"UOP01-DEL01-DF"
671417;2025-04-04;"sexta-feira";"06:00:00";"RS";290;325;"CACAPAVA DO SUL";"Transitar na contramão";"Colisão frontal";"Com Vítimas Feridas";"Amanhecer";"Crescente";"Céu Claro";"Simples";"Reta;Aclive";"Não";5;0;3;0;2;0;3;2;-30,36991535;-53,4342041;"SPRF-RS";"DEL09-RS";"UOP02-DEL09-RS"
671418;2025-04-04;"sexta-feira";"05:15:00";"SC";282;85;"ALFREDO WAGNER";"Demais falhas mecânicas ou elétricas";"Saída de leito carroçável";"Com Vítimas Feridas";"Amanhecer";"Crescente";"Garoa/Chuvisco";"Simples";"Declive;Curva";"Não";3;0;2;0;1;0;2;1;-27,66455269;-49,19620872;"SPRF-SC";"DEL01-SC";"UOP03-DEL01-SC"
671420;2025-04-04;"sexta-feira";"06:30:00";"MG";459;27,1;"CALDAS";"Velocidade Incompatível";"Tombamento";"Com Vítimas Fatais";"Pleno dia";"Decrescente";"Nublado";"Simples";"Curva";"Não";1;1;0;0;0;0;0;1;-21,88948998;-46,38851523;"SPRF-MG";"DEL09-MG";"UOP01-DEL09-MG"
671422;2025-04-04;"sexta-feira";"06:21:00";"PE";408;94;"RECIFE";"Chuva";"Capotamento";"Com Vítimas Feridas";"Pleno dia";"Crescente";"Garoa/Chuvisco";"Dupla";"Reta;Declive";"Não";6;0;0;1;5;0;1;6;-8,05334;-35,00256;"SPRF-PE";"DEL01-PE";"UOP01-DEL01-PE"
671423;2025-04-04;"sexta-feira";"07:10:00";"SP";381;85;"SAO PAULO";"Reação tardia ou ineficiente do condutor";"Engavetamento";"Com Vítimas Feridas";"Pleno dia";"Crescente";"Chuva";"Dupla";"Reta";"Sim";5;0;1;0;4;0;1;4;-23,45600262;-46,57173157;"SPRF-SP";"DEL03-SP";"UOP01-DEL03-SP"
671425;2025-04-03;"quinta-feira";"18:30:00";"MG";381;740,8;"TRES CORACOES";"Demais falhas mecânicas ou elétricas";"Saída de leito carroçável";"Sem Vítimas";"Anoitecer";"Crescente";"Céu Claro";"Dupla";"Curva";"Não";1;0;0;0;1;0;0;1;-21,588092;-45,237759;"SPRF-MG";"DEL16-MG";"UOP02-DEL16-MG"
671426;2025-04-04;"sexta-feira";"03:00:00";"PR";373;249;"GUAMIRANGA";"Ausência de reação do condutor";"Saída de leito carroçável";"Com Vítimas Feridas";"Plena Noite";"Crescente";"Céu Claro";"Simples";"Reta";"Não";1;0;1;0;0;0;1;1;-25,189918;-50,84389;"SPRF-PR";"DEL03-PR";"UOP01-DEL03-PR"
671429;2025-04-04;"sexta-feira";"06:50:00";"RS";158;145,7;"PANAMBI";"Manobra de mudança de faixa";"Colisão lateral mesmo sentido";"Com Vítimas Feridas";"Pleno dia";"Crescente";"Céu Claro";"Dupla";"Reta";"Não";4;0;3;0;1;0;3;2;-28,29712582;-53,48693848;"SPRF-RS";"DEL10-RS";"UOP02-DEL10-RS"
671430;2025-04-04;"sexta-feira";"07:15:00";"RS";116;256;"ESTEIO";"Acumulo de areia ou detritos sobre o pavimento";"Colisão com objeto";"Com Vítimas Feridas";"Pleno dia";"Decrescente";"Céu Claro";"Dupla";"Reta;Em Obras";"Sim";1;0;1;0;0;0;1;1;-29,84669154;-51,17791685;"SPRF-RS";"DEL01-RS";"UOP02-DEL01-RS"
671431;2025-04-04;"sexta-feira";"07:30:00";"DF";251;60,9;"BRASILIA";"Ausência de reação do condutor";"Tombamento";"Com Vítimas Feridas";"Pleno dia";"Crescente";"Céu Claro";"Simples";"Curva";"Sim";1;0;0;1;0;0;1;1;-15,976526;-47,989127;"SPRF-DF";"DEL01-DF";"UOP01-DEL01-DF"
671433;2025-04-04;"sexta-feira";"06:50:00";"RJ";40;117;"DUQUE DE CAXIAS";"Demais falhas mecânicas ou elétricas";"Queda de ocupante de veículo";"Com Vítimas Feridas";"Pleno dia";"Crescente";"Céu Claro";"Múltipla";"Reta";"Sim";2;0;1;0;1;0;1;1;-22,746153;-43,288117;"SPRF-RJ";"DEL01-RJ";"UOP02-DEL01-RJ"
671436;2025-04-04;"sexta-feira";"07:30:00";"GO";153;506,9;"APARECIDA DE GOIANIA";"Ausência de reação do condutor";"Colisão traseira";"Com Vítimas Feridas";"Pleno dia";"Crescente";"Céu Claro";"Simples";"Reta";"Sim";2;0;0;1;1;0;1;2;-16,75968276;-49,24050439;"SPRF-GO";"DEL01-GO";"UOP01-DEL01-GO"
671437;2025-04-04;"sexta-feira";"07:20:00";"MS";163;532;"JARAGUARI";"Manobra de mudança de faixa";"Colisão lateral mesmo sentido";"Com Vítimas Feridas";"Pleno dia";"Crescente";"Céu Claro";"Dupla";"Reta";"Não";2;0;1;0;1;0;1;2;-20,07338275;-54,42720643;"SPRF-MS";"DEL01-MS";"UOP02-DEL01-MS"
671438;2025-04-04;"sexta-feira";"07:15:00";"BA";101;198,2;"CACHOEIRA";"Acessar a via sem observar a presença dos outros veículos";"Atropelamento de Pedestre";"Com Vítimas Feridas";"Pleno dia";"Crescente";"Céu Claro";"Simples";"Curva";"Não";2;0;0;1;0;1;1;2;-12,566961;-38,974485;"SPRF-BA";"DEL01-BA";"UOP03-DEL01-BA"
671439;2025-04-04;"sexta-feira";"08:00:00";"TO";235;163,2;"PEDRO AFONSO";"Reação tardia ou ineficiente do condutor";"Colisão traseira";"Com Vítimas Feridas";"Pleno dia";"Crescente";"Céu Claro";"Simples";"Reta";"Não";3;0;2;1;0;0;3;2;-8,995252;-48,173308;"SPRF-TO";"DEL02-TO";"UOP02-DEL02-TO"
671440;2025-04-04;"sexta-feira";"08:00:00";"PR";376;240;"APUCARANA";"Velocidade Incompatível";"Saída de leito carroçável";"Com Vítimas Feridas";"Pleno dia";"Crescente";"Céu Claro";"Dupla";"Curva;Aclive";"Não";1;0;1;0;0;0;1;1;-23,58235322;-51,45323932;"SPRF-PR";"DEL07-PR";"UOP03-DEL07-PR"
671441;2025-04-04;"sexta-feira";"06:35:00";"RS";386;220,4;"TIO HUGO";"Acessar a via sem observar a presença dos outros veículos";"Colisão transversal";"Com Vítimas Feridas";"Amanhecer";"Crescente";"Nublado";"Simples";"Reta";"Não";2;0;1;0;1;0;1;2;-28,62406239;-52,61321761;"SPRF-RS";"DEL04-RS";"UOP03-DEL04-RS"
671442;2025-04-04;"sexta-feira";"07:20:00";"AL";104;89,5;"RIO LARGO";"Demais falhas mecânicas ou elétricas";"Tombamento";"Com Vítimas Feridas";"Pleno dia";"Crescente";"Céu Claro";"Dupla";"Reta";"Sim";2;0;0;2;0;0;2;1;-9,46648673;-35,82635701;"SPRF-AL";"DEL01-AL";"UOP01-DEL01-AL"
671443;2025-04-04;"sexta-feira";"07:40:00";"SC";101;196;"BIGUACU";"Acessar a via sem observar a presença dos outros veículos";"Tombamento";"Com Vítimas Feridas";"Pleno dia";"Decrescente";"Céu Claro";"Dupla";"Reta";"Sim";2;0;1;0;0;1;1;2;-27,50881;-48,64522;"SPRF-SC";"DEL01-SC";"UOP01-DEL01-SC"
671444;2025-04-04;"sexta-feira";"07:25:00";"MG";262;376;"JUATUBA";"Acessar a via sem observar a presença dos outros veículos";"Colisão transversal";"Com Vítimas Feridas";"Pleno dia";"Decrescente";"Céu Claro";"Dupla";"Interseção de Vias";"Sim";2;0;1;0;1;0;1;2;-19,93007;-44,4011;"SPRF-MG";"DEL01-MG";"UOP03-DEL01-MG"