"id";"data_inversa";"dia_semana";"horario";"uf";"br";"km";"municipio";"causa_acidente";"tipo_acidente";"classificacao_acidente";"fase_dia";"sentido_via";"condicao_metereologica";"tipo_pista";"tracado_via";"uso_solo";"pessoas";"mortos";"feridos_leves";"feridos_graves";"ilesos";"ignorados";"feridos";"veiculos";"latitude";"longitude";"regional";"delegacia";"uop"
671445;2025-04-04;"sexta-feira";"08:10:00";"AL";104;89;"RIO LARGO";"Velocidade Incompatível";"Colisão transversal";"Com Vítimas Feridas";"Pleno dia";"Crescente";"Céu Claro";"Múltipla";"Reta";"Não";4;0;3;0;1;0;3;2;-9,49502932;-35,81357175;"SPRF-AL";"DEL01-AL";"UOP01-DEL01-AL"
671447;2025-04-04;"sexta-feira";"08:10:00";"RJ";116;186;"NOVA IGUACU";"Acessar a via sem observar a presença dos outros veículos";"Colisão traseira";"Com Vítimas Feridas";"Pleno dia";"Decrescente";"Chuva";"Dupla";"Reta";"Sim";2;0;1;0;1;0;1;2;-22,73993599;-43,45958406;"SPRF-RJ";"DEL06-RJ";"UOP01-DEL06-RJ"
671448;2025-04-04;"sexta-feira";"06:40:00";"MG";356;269,2;"MURIAE";"Desrespeitar a preferência no cruzamento";"Colisão transversal";"Com Vítimas Feridas";"Pleno dia";"Crescente";"Céu Claro";"Simples";"Interseção de Vias;Curva";"Sim";2;0;1;0;0;1;1;2;-21,12595111;-42,32938886;"SPRF-MG";"DEL07-MG";"UOP02-DEL07-MG"
671449;2025-03-15;"sábado";"19:45:00";"AL";104;37;"UNIAO DOS PALMARES";"Animais na Pista";"Atropelamento de Animal";"Com Vítimas Feridas";"Plena Noite";"Decrescente";"Céu Claro";"Simples";"Reta";"Não";3;0;1;0;2;0;1;1;-9,1763915;-36,03071451;"SPRF-AL";"DEL01-AL";"UOP02-DEL01-AL"
671450;2025-04-04;"sexta-feira";"08:30:00";"PE";101;92;"CABO DE SANTO AGOSTINHO";"Trafegar com motocicleta (ou similar) entre as faixas";"Colisão traseira";"Com Vítimas Feridas";"Pleno dia";"Decrescente";"Céu Claro";"Dupla";"Reta";"Sim";2;0;1;0;1;0;1;2;-8,23636241;-35,00228835;"SPRF-PE";"DEL01-PE";"UOP01-DEL01-PE"
671451;2025-04-04;"sexta-feira";"09:00:00";"PR";277;82;"CURITIBA";"Ultrapassagem Indevida";"Colisão lateral mesmo sentido";"Com Vítimas Feridas";"Pleno dia";"Crescente";"Céu Claro";"Dupla";"Reta";"Sim";2;0;1;0;1;0;1;2;-25,454228;-49,224952;"SPRF-PR";"DEL01-PR";"UOP03-DEL01-PR"
671452;2025-04-04;"sexta-feira";"08:30:00";"PE";408;93;"JABOATAO DOS GUARARAPES";"Condutor deixou de manter distância do veículo da frente";"Colisão traseira";"Com Vítimas Feridas";"Pleno dia";"Crescente";"Céu Claro";"Dupla";"Reta";"Sim";2;0;2;0;0;0;2;2;-8,06859943;-34,99085641;"SPRF-PE";"DEL01-PE";"UOP01-DEL01-PE"
671453;2025-04-04;"sexta-feira";"09:00:00";"SP";116;68;"APARECIDA";"Ausência de reação do condutor";"Colisão traseira";"Sem Vítimas";"Pleno dia";"Crescente";"Nublado";"Dupla";"Reta";"Sim";2;0;0;0;2;0;0;2;-22,83264267;-45,21636057;"SPRF-SP";"DEL08-SP";"UOP01-DEL08-SP"
671454;2025-04-04;"sexta-feira";"09:00:00";"PE";101;92;"CABO DE SANTO AGOSTINHO";"Ausência de reação do condutor";"Colisão lateral mesmo sentido";"Com Vítimas Feridas";"Pleno dia";"Decrescente";"Nublado";"Dupla";"Reta";"Sim";2;0;2;0;0;0;2;2;-8,23234;-34,99803;"SPRF-PE";"DEL01-PE";"UOP01-DEL01-PE"
671456;2025-04-04;"sexta-feira";"09:10:00";"PA";316;60;"CASTANHAL";"Demais falhas mecânicas ou elétricas";"Incêndio";"Sem Vítimas";"Pleno dia";"Decrescente";"Céu Claro";"Dupla";"Reta";"Sim";3;0;0;0;3;0;0;1;-1,3062657;-48,0070548;"SPRF-PA";"DEL01-PA";"UOP01-DEL01-PA"
671457;2025-02-16;"domingo";"04:12:00";"SE";235;53;"ITABAIANA";"Transitar no Acostamento";"Colisão frontal";"Com Vítimas Feridas";"Plena Noite";"Crescente";"Céu Claro";"Simples";"Reta";"Sim";2;0;0;1;0;1;1;2;-10,6747783;-37,44371295;"SPRF-SE";"DEL01-SE";"UOP02-DEL01-SE"
671460;2025-04-04;"sexta-feira";"08:07:00";"RO";364;12;"VILHENA";"Ultrapassagem Indevida";"Colisão lateral sentido oposto";"Com Vítimas Feridas";"Pleno dia";"Crescente";"Nublado";"Simples";"Reta";"Sim";3;0;1;1;1;0;2;2;-12,74252471;-60,1242578;"SPRF-RO";"DEL04-RO";"UOP01-DEL04-RO"
671461;2025-04-04;"sexta-feira";"07:45:00";"PR";153;336,6;"IRATI";"Acessar a via sem observar a presença dos outros veículos";"Colisão transversal";"Com Vítimas Feridas";"Pleno dia";"Decrescente";"Céu Claro";"Simples";"Reta";"Não";2;0;1;0;1;0;1;2;-25,51106801;-50,65291459;"SPRF-PR";"DEL08-PR";"UOP02-DEL08-PR"
671462;2025-04-04;"sexta-feira";"10:15:00";"SC";282;0,6;"FLORIANOPOLIS";"Ausência de reação do condutor";"Colisão traseira";"Com Vítimas Feridas";"Pleno dia";"Decrescente";"Nublado";"Dupla";"Reta";"Sim";4;0;0;1;3;0;1;4;-27,60089;-48,57723;"SPRF-SC";"DEL01-SC";"UOP01-DEL01-SC"
671463;2025-04-04;"sexta-feira";"09:27:00";"SP";381;88;"ATIBAIA";"Reação tardia ou ineficiente do condutor";"Engavetamento";"Com Vítimas Feridas";"Pleno dia";"Decrescente";"Céu Claro";"Simples";"Reta";"Sim";4;0;1;0;3;0;1;4;-23,1964672;-46,5829888;"SPRF-SP";"DEL03-SP";"UOP01-DEL03-SP"
671465;2025-04-04;"sexta-feira";"08:00:00";"MG";116;265,2;"TEOFILO OTONI";"Condutor deixou de manter distância do veículo da frente";"Colisão lateral mesmo sentido";"Com Vítimas Feridas";"Pleno dia";"Crescente";"Céu Claro";"Simples";"Aclive";"Não";3;0;0;1;2;0;1;2;-17,8720202;-41,5199613;"SPRF-MG";"DEL11-MG";"UOP01-DEL11-MG"
671467;2025-04-04;"sexta-feira";"09:15:00";"MS";163;164,7;"JUTI";"Suicídio (presumido)";"Saída de leito carroçável";"Sem Vítimas";"Pleno dia";"Crescente";"Céu Claro";"Simples";"Declive;Reta";"Não";1;0;0;0;1;0;0;1;-22,901042;-54,553782;"SPRF-MS";"DEL09-MS";"UOP01-DEL09-MS"
671470;2025-03-30;"domingo";"19:45:00";"SC";101;324;"CAPIVARI DE BAIXO";"Acessar a via sem observar a presença dos outros veículos";"Colisão transversal";"Com Vítimas Feridas";"Plena Noite";"Crescente";"Céu Claro";"Dupla";"Reta;Interseção de Vias";"Sim";2;0;1;0;0;1;1;2;-28,4247764;-48,9429889;"SPRF-SC";"DEL02-SC";"UOP01-DEL02-SC"
671471;2025-04-04;"sexta-feira";"06:50:00";"MA";135;21;"SAO LUIS";"Acessar a via sem observar a presença dos outros veículos";"Colisão transversal";"Com Vítimas Feridas";"Pleno dia";"Decrescente";"Céu Claro";"Dupla";"Reta";"Sim";2;0;1;0;1;0;1;2;-2,5561583;-44,311436;"SPRF-MA";"DEL01-MA";"UOP01-DEL01-MA"
671474;2025-04-04;"sexta-feira";"10:54:00";"PE";101;53,4;"PAULISTA";"Manobra de mudança de faixa";"Colisão lateral mesmo sentido";"Com Vítimas Feridas";"Pleno dia";"Crescente";"Céu Claro";"Dupla";"Reta";"Não";2;0;0;1;1;0;1;2;-7,93917343;-34,9036932;"SPRF-PE";"DEL01-PE";"UOP02-DEL01-PE"
671475;2025-03-31;"segunda-feira";"06:20:00";"BA";415;25;"ITABUNA";"Velocidade Incompatível";"Capotamento";"Com Vítimas Feridas";"Pleno dia";"Crescente";"Garoa/Chuvisco";"Dupla";"Curva";"Não";2;0;1;0;1;0;1;1;-14,7911492;-39,2771439;"SPRF-BA";"DEL05-BA";"UOP01-DEL05-BA"
671476;2025-04-04;"sexta-feira";"12:00:00";"SP";116;220;"GUARULHOS";"Velocidade Incompatível";"Colisão traseira";"Com Vítimas Feridas";"Pleno dia";"Decrescente";"Céu Claro";"Múltipla";"Reta";"Não";2;0;1;0;1;0;1;2;-23,46504197;-46,49877364;"SPRF-SP";"DEL01-SP";"UOP01-DEL01-SP"
671479;2025-04-04;"sexta-feira";"11:25:00";"RS";293;16;"CAPAO DO LEAO";"Ausência de reação do condutor";"Colisão traseira";"Com Vítimas Feridas";"Pleno dia";"Decrescente";"Céu Claro";"Simples";"Em Obras;Reta";"Sim";4;0;2;0;2;0;2;2;-31,74703663;-52,48877048;"SPRF-RS";"DEL07-RS";"UOP01-DEL07-RS"
671481;2025-04-04;"sexta-feira";"12:10:00";"RJ";116;185;"NOVA IGUACU";"Manobra de mudança de faixa";"Colisão lateral mesmo sentido";"Com Vítimas Feridas";"Pleno dia";"Decrescente";"Céu Claro";"Dupla";"Reta";"Não";2;0;1;0;0;1;1;2;-22,74103972;-43,45547676;"SPRF-RJ";"DEL06-RJ";"UOP01-DEL06-RJ"
671482;2025-04-04;"sexta-feira";"12:00:00";"SC";101;155;"PORTO BELO";"Reação tardia ou ineficiente do condutor";"Colisão traseira";"Com Vítimas Feridas";"Pleno dia";"Crescente";"Céu Claro";"Dupla";"Reta";"Sim";3;0;1;0;2;0;1;3;-27,16636114;-48,61301064;"SPRF-SC";"DEL04-SC";"UOP03-DEL04-SC"
671483;2025-04-04;"sexta-feira";"11:00:00";"RO";319;62;"PORTO VELHO";"Condutor desrespeitou a iluminação vermelha do semáforo";"Colisão transversal";"Com Vítimas Feridas";"Pleno dia";"Decrescente";"Nublado";"Dupla";"Reta";"Sim";2;0;1;0;1;0;1;2;-8,75830936;-63,88587892;"SPRF-RO";"DEL01-RO";"UOP01-DEL01-RO"
671486;2025-04-04;"sexta-feira";"11:40:00";"RN";101;97,5;"NATAL";"Ausência de sinalização";"Colisão traseira";"Com Vítimas Feridas";"Pleno dia";"Decrescente";"Céu Claro";"Dupla";"Reta";"Sim";2;0;1;0;1;0;1;2;-5,8590317;-35,2134344;"SPRF-RN";"DEL01-RN";"UOP01-DEL01-RN"
671487;2025-04-04;"sexta-feira";"08:47:00";"RJ";393;237;"VASSOURAS";"Condutor deixou de manter distância do veículo da frente";"Colisão traseira";"Com Vítimas Feridas";"Pleno dia";"Crescente";"Nublado";"Simples";"Reta";"Não";2;0;1;0;1;0;1;2;-22,42658195;-43,69303219;"SPRF-RJ";"DEL05-RJ";"UOP03-DEL05-RJ"
671488;2025-03-19;"quarta-feira";"07:29:00";"SC";101;205;"SAO JOSE";"Ausência de reação do condutor";"Tombamento";"Com Vítimas Feridas";"Pleno dia";"Decrescente";"Céu Claro";"Múltipla";"Reta";"Sim";2;0;1;0;1;0;1;2;-27,593;-48,618;"SPRF-SC";"DEL01-SC";"UOP01-DEL01-SC"
671489;2025-04-04;"sexta-feira";"12:00:00";"GO";20;217,3;"POSSE";"Reação tardia ou ineficiente do condutor";"Colisão transversal";"Com Vítimas Fatais";"Pleno dia";"Crescente";"Céu Claro";"Simples";"Reta";"Não";2;1;0;1;0;0;1;2;-14,22309;-46,33762;"SPRF-DF";"DEL02-DF";"UOP03-DEL02-DF"
671490;2025-04-04;"sexta-feira";"12:50:00";"MG";381;509;"SAO JOAQUIM DE BICAS";"Manobra de mudança de faixa";"Colisão lateral mesmo sentido";"Com Vítimas Feridas";"Pleno dia";"Crescente";"Céu Claro";"Múltipla";"Curva";"Sim";2;0;1;0;1;0;1;2;-20,048335;-44,2750441;"SPRF-MG";"DEL01-MG";"UOP03-DEL01-MG"
671496;2025-04-04;"sexta-feira";"07:00:00";"MG";262;810;"UBERABA";"Pedestre cruzava a pista fora da faixa";"Tombamento";"Com Vítimas Feridas";"Amanhecer";"Decrescente";"Céu Claro";"Dupla";"Reta";"Sim";2;0;1;1;0;0;2;1;-19,770789;-47,975375;"SPRF-MG";"DEL13-MG";"UOP01-DEL13-MG"
671497;2025-04-04;"sexta-feira";"11:15:00";"SC";101;4;"ARARANGUA";"Acessar a via sem observar a presença dos outros veículos";"Colisão frontal";"Com Vítimas Feridas";"Pleno dia";"Decrescente";"Céu Claro";"Simples";"Reta";"Sim";2;0;0;1;1;0;1;2;-28,95093995;-49,50753624;"SPRF-SC";"DEL02-SC";"UOP02-DEL02-SC"
671499;2025-04-04;"sexta-feira";"13:05:00";"MG";381;486;"BETIM";"Ausência de reação do condutor";"Colisão com objeto";"Com Vítimas Feridas";"Pleno dia";"Decrescente";"Nublado";"Múltipla";"Reta;Declive";"Sim";1;0;1;0;0;0;1;1;-19,95627647;-44,1058588;"SPRF-MG";"DEL01-MG";"UOP03-DEL01-MG"
671500;2025-04-04;"sexta-feira";"13:00:00";"RJ";40;34;"AREAL";"Velocidade Incompatível";"Saída de leito carroçável";"Com Vítimas Feridas";"Pleno dia";"Decrescente";"Céu Claro";"Dupla";"Curva";"Não";1;0;1;0;0;0;1;1;-22,2670625;-43,1109551;"SPRF-RJ";"DEL05-RJ";"UOP02-DEL05-RJ"
671502;2025-04-04;"sexta-feira";"10:32:00";"MT";364;498,8;"JANGADA";"Deficiência do Sistema de Iluminação/Sinalização";"Incêndio";"Sem Vítimas";"Pleno dia";"Crescente";"Céu Claro";"Simples";"Reta";"Não";4;0;0;0;4;0;0;1;-15,18827124;-56,51659012;"SPRF-MT";"DEL01-MT";"UOP01-DEL01-MT"
671503;2025-04-04;"sexta-feira";"13:20:00";"PR";277;12;"PARANAGUA";"Trafegar com motocicleta (ou similar) entre as faixas";"Colisão transversal";"Com Vítimas Feridas";"Pleno dia";"Decrescente";"Nublado";"Dupla";"Reta";"Não";5;0;1;0;4;0;1;2;-25,56285254;-48,63858635;"SPRF-PR";"DEL01-PR";"UOP05-DEL01-PR"
671504;2025-04-04;"sexta-feira";"13:40:00";"MG";262;424,8;"IGARATINGA";"Ausência de reação do condutor";"Capotamento";"Com Vítimas Feridas";"Pleno dia";"Decrescente";"Sol";"Dupla";"Reta";"Não";2;0;1;0;0;1;1;2;-19,89427424;-44,80344772;"SPRF-MG";"DEL08-MG";"UOP03-DEL08-MG"
671505;2025-04-04;"sexta-feira";"13:29:00";"RN";405;3;"MOSSORO";"Acesso irregular";"Colisão transversal";"Com Vítimas Feridas";"Pleno dia";"Crescente";"Céu Claro";"Simples";"Reta";"Sim";2;0;0;1;1;0;1;2;-5,192917;-37,3758336;"SPRF-RN";"DEL04-RN";"UOP02-DEL04-RN"
671506;2025-04-04;"sexta-feira";"13:20:00";"RN";304;305;"PARNAMIRIM";"Acessar a via sem observar a presença dos outros veículos";"Colisão traseira";"Com Vítimas Feridas";"Pleno dia";"Decrescente";"Céu Claro";"Dupla";"Retorno Regulamentado;Aclive;Curva";"Sim";2;0;1;0;1;0;1;2;-5,88574824;-35,2767121;"SPRF-RN";"DEL01-RN";"UOP02-DEL01-RN"
671507;2025-04-04;"sexta-feira";"13:45:00";"ES";101;267,1;"SERRA";"Ausência de reação do condutor";"Colisão traseira";"Com Vítimas Feridas";"Pleno dia";"Crescente";"Céu Claro";"Múltipla";"Reta";"Sim";2;0;1;0;0;1;1;2;-20,20097028;-40,26926994;"SPRF-ES";"DEL02-ES";"UOP01-DEL02-ES"
671508;2025-04-04;"sexta-feira";"06:35:00";"MG";365;752;"ITUIUTABA";"Animais na Pista";"Atropelamento de Animal";"Com Vítimas Feridas";"Amanhecer";"Crescente";"Nublado";"Simples";"Reta";"Sim";1;0;1;0;0;0;1;1;-18,95822429;-49,47062753;"SPRF-MG";"DEL15-MG";"UOP03-DEL15-MG"
671509;2025-03-22;"sábado";"01:29:00";"PB";230;479;"MARIZOPOLIS";"Animais na Pista";"Atropelamento de Animal";"Sem Vítimas";"Plena Noite";"Decrescente";"Céu Claro";"Simples";"Reta;Interseção de Vias";"Sim";1;0;0;0;0;1;0;1;-6,84389;-38,346152;"SPRF-PB";"DEL03-PB";"UOP03-DEL03-PB"
671511;2025-04-04;"sexta-feira";"13:00:00";"SP";381;84;"SAO PAULO";"Reação tardia ou ineficiente do condutor";"Colisão traseira";"Com Vítimas Feridas";"Pleno dia";"Decrescente";"Garoa/Chuvisco";"Dupla";"Reta";"Não";2;0;0;1;1;0;1;2;-23,44789926;-46,56945169;"SPRF-SP";"DEL03-SP";"UOP01-DEL03-SP"
671513;2025-04-04;"sexta-feira";"08:00:00";"RO";435;128;"CEREJEIRAS";"Acessar a via sem observar a presença dos outros veículos";"Colisão lateral mesmo sentido";"Com Vítimas Feridas";"Pleno dia";"Crescente";"Nublado";"Simples";"Reta";"Não";2;0;1;0;1;0;1;2;-13,18948523;-60,85796356;"SPRF-RO";"DEL04-RO";"UOP02-DEL04-RO"
671514;2025-04-04;"sexta-feira";"14:00:00";"PA";316;56;"CASTANHAL";"Sistema de drenagem ineficiente";"Colisão com objeto";"Com Vítimas Feridas";"Pleno dia";"Decrescente";"Chuva";"Dupla";"Declive;Curva";"Não";5;0;5;0;0;0;5;1;-1,30215401;-47,9878521;"SPRF-PA";"DEL01-PA";"UOP01-DEL01-PA"
671518;2025-03-31;"segunda-feira";"13:30:00";"GO";364;268;"MINEIROS";"Transitar na contramão";"Colisão frontal";"Com Vítimas Feridas";"Pleno dia";"Crescente";"Garoa/Chuvisco";"Simples";"Declive;Curva";"Não";2;0;0;1;1;0;1;2;-17,67058044;-52,29567289;"SPRF-GO";"DEL05-GO";"UOP01-DEL05-GO"
671520;2025-04-04;"sexta-feira";"11:05:00";"PI";343;185;"PIRIPIRI";"Demais falhas na via";"Tombamento";"Com Vítimas Feridas";"Pleno dia";"Decrescente";"Céu Claro";"Simples";"Reta";"Sim";3;0;1;0;0;2;1;3;-4,25142628;-41,69081692;"SPRF-PI";"DEL02-PI";"UOP01-DEL02-PI"
671522;2025-03-08;"sábado";"03:30:00";"RS";293;42;"CERRITO";"Ingestão de álcool pelo condutor";"Colisão frontal";"Com Vítimas Feridas";"Plena Noite";"Crescente";"Céu Claro";"Simples";"Reta";"Não";3;0;0;1;2;0;1;2;-31,741214;-52,749303;"SPRF-RS";"DEL07-RS";"UOP01-DEL07-RS"
671523;2025-04-04;"sexta-feira";"14:55:00";"SP";116;362;"MIRACATU";"Chuva";"Saída de leito carroçável";"Sem Vítimas";"Pleno dia";"Crescente";"Chuva";"Dupla";"Curva;Declive";"Não";2;0;0;0;2;0;0;1;-24,12310064;-47,27134109;"SPRF-SP";"DEL04-SP";"UOP03-DEL04-SP"
671524;2025-04-04;"sexta-feira";"15:00:00";"SC";470;64,1;"INDAIAL";"Objeto estático sobre o leito carroçável";"Tombamento";"Com Vítimas Feridas";"Pleno dia";"Crescente";"Céu Claro";"Dupla";"Curva;Aclive;Em Obras";"Não";1;0;1;0;0;0;1;1;-26,86962606;-49,20284986;"SPRF-SC";"DEL04-SC";"UOP01-DEL04-SC"
671525;2025-04-04;"sexta-feira";"16:00:00";"ES";101;221,4;"IBIRACU";"Reação tardia ou ineficiente do condutor";"Engavetamento";"Com Vítimas Feridas";"Pleno dia";"Decrescente";"Céu Claro";"Simples";"Reta";"Sim";4;0;1;0;3;0;1;3;-19,867988;-40,404121;"SPRF-ES";"DEL02-ES";"UOP01-DEL02-ES"
671526;2025-04-04;"sexta-feira";"15:50:00";"RJ";116;80;"TERESOPOLIS";"Conversão proibida";"Colisão transversal";"Com Vítimas Feridas";"Pleno dia";"Crescente";"Chuva";"Simples";"Curva";"Sim";2;0;1;0;0;1;1;2;-22,382079;-42,954949;"SPRF-RJ";"DEL04-RJ";"UOP01-DEL04-RJ"
671527;2025-04-04;"sexta-feira";"16:00:00";"ES";101;268,5;"SERRA";"Pedestre cruzava a pista fora da faixa";"Atropelamento de Pedestre";"Com Vítimas Feridas";"Pleno dia";"Crescente";"Sol";"Múltipla";"Reta";"Sim";2;0;2;0;0;0;2;2;-20,21476333;-40,26998833;"SPRF-ES";"DEL02-ES";"UOP01-DEL02-ES"
671528;2025-04-04;"sexta-feira";"15:20:00";"MG";40;771,9;"JUIZ DE FORA";"Transitar na contramão";"Colisão lateral sentido oposto";"Com Vítimas Feridas";"Pleno dia";"Decrescente";"Nublado";"Simples";"Curva";"Não";6;0;3;0;3;0;3;2;-21,63189901;-43,44406128;"SPRF-MG";"DEL05-MG";"UOP01-DEL05-MG"
671530;2025-04-04;"sexta-feira";"15:25:00";"SP";153;45,5;"SAO JOSE DO RIO PRETO";"Sinalização mal posicionada";"Colisão traseira";"Com Vítimas Feridas";"Pleno dia";"Crescente";"Chuva";"Simples";"Reta;Em Obras";"Não";6;0;3;0;3;0;3;2;-20,669287;-49,340797;"SPRF-SP";"DEL09-SP";"UOP01-DEL09-SP"
671531;2025-04-04;"sexta-feira";"16:00:00";"SC";101;195,9;"BIGUACU";"Avarias e/ou desgaste excessivo no pneu";"Tombamento";"Com Vítimas Feridas";"Pleno dia";"Crescente";"Céu Claro";"Dupla";"Reta";"Sim";2;0;2;0;0;0;2;1;-27,511;-48,644;"SPRF-SC";"DEL01-SC";"UOP01-DEL01-SC"
671532;2025-04-04;"sexta-feira";"13:40:00";"MT";174;1;"PONTES E LACERDA";"Desrespeitar a preferência no cruzamento";"Colisão frontal";"Com Vítimas Feridas";"Pleno dia";"Crescente";"Chuva";"Simples";"Reta";"Sim";3;0;1;0;2;0;1;2;-15,249055;-59,323757;"SPRF-MT";"DEL03-MT";"UOP01-DEL03-MT"
671533;2025-04-04;"sexta-feira";"15:10:00";"BA";116;9;"VITORIA DA CONQUISTA";"Demais falhas mecânicas ou elétricas";"Incêndio";"Sem Vítimas";"Pleno dia";"Decrescente";"Céu Claro";"Simples";"Reta";"Sim";1;0;0;0;1;0;0;1;-14,8511;-40,8828;"SPRF-BA";"DEL08-BA";"UOP01-DEL08-BA"
671534;2025-04-04;"sexta-feira";"15:30:00";"SC";101;86,7;"BARRA VELHA";"Desrespeitar a preferência no cruzamento";"Colisão transversal";"Com Vítimas Feridas";"Pleno dia";"Decrescente";"Nublado";"Múltipla";"Viaduto;Interseção de Vias";"Sim";2;0;0;1;1;0;1;2;-26,63894313;-48,69333744;"SPRF-SC";"DEL03-SC";"UOP02-DEL03-SC"
671535;2025-04-04;"sexta-feira";"15:23:00";"PE";316;351;"PETROLANDIA";"Ausência de reação do condutor";"Saída de leito carroçável";"Com Vítimas Feridas";"Pleno dia";"Crescente";"Céu Claro";"Simples";"Reta";"Não";1;0;0;1;0;0;1;1;-8,878355;-38,283535;"SPRF-PE";"DEL04-PE";"UOP03-DEL04-PE"
671537;2025-04-04;"sexta-feira";"16:25:00";"MG";262;363,5;"JUATUBA";"Ausência de reação do condutor";"Atropelamento de Pedestre";"Com Vítimas Feridas";"Pleno dia";"Crescente";"Céu Claro";"Dupla";"Reta;Declive";"Não";2;0;0;2;0;0;2;2;-19,970927;-44,295367;"SPRF-MG";"DEL01-MG";"UOP03-DEL01-MG"
671539;2025-04-04;"sexta-feira";"15:30:00";"MG";50;156;"UBERABA";"Acessar a via sem observar a presença dos outros veículos";"Colisão transversal";"Com Vítimas Feridas";"Pleno dia";"Decrescente";"Céu Claro";"Dupla";"Reta;Declive";"Não";4;0;4;0;0;0;4;2;-19,621961;-48,016841;"SPRF-MG";"DEL13-MG";"UOP01-DEL13-MG"
671540;2025-04-04;"sexta-feira";"16:50:00";"MG";262;445;"NOVA SERRANA";"Ausência de reação do condutor";"Colisão traseira";"Com Vítimas Feridas";"Pleno dia";"Crescente";"Céu Claro";"Dupla";"Reta";"Sim";2;0;1;0;1;0;1;2;-19,864264;-44,99782;"SPRF-MG";"DEL08-MG";"UOP03-DEL08-MG"
671541;2025-04-04;"sexta-feira";"16:20:00";"SC";101;214,7;"PALHOCA";"Reação tardia ou ineficiente do condutor";"Colisão lateral mesmo sentido";"Com Vítimas Feridas";"Pleno dia";"Decrescente";"Nublado";"Simples";"Interseção de Vias";"Sim";3;0;1;0;2;0;1;2;-27,64975;-48,6756;"SPRF-SC";"DEL01-SC";"UOP02-DEL01-SC"
671542;2025-04-04;"sexta-feira";"17:15:00";"SC";101;334;"TUBARAO";"Condutor deixou de manter distância do veículo da frente";"Colisão traseira";"Com Vítimas Feridas";"Pleno dia";"Crescente";"Céu Claro";"Simples";"Reta";"Sim";2;0;1;0;1;0;1;2;-28,469406;-49,016834;"SPRF-SC";"DEL02-SC";"UOP01-DEL02-SC"
671546;2025-04-04;"sexta-feira";"16:45:00";"MS";262;356;"CAMPO GRANDE";"Reação tardia ou ineficiente do condutor";"Tombamento";"Com Vítimas Feridas";"Anoitecer";"Decrescente";"Nublado";"Simples";"Reta";"Não";2;0;1;0;1;0;1;1;-20,546345;-54,683882;"SPRF-MS";"DEL01-MS";"UOP03-DEL01-MS"
671548;2025-04-04;"sexta-feira";"17:30:00";"MG";40;530;"CONTAGEM";"Manobra de mudança de faixa";"Colisão lateral mesmo sentido";"Com Vítimas Feridas";"Anoitecer";"Crescente";"Céu Claro";"Dupla";"Curva";"Sim";2;0;0;1;1;0;1;2;-19,919;-44,027;"SPRF-MG";"DEL01-MG";"UOP02-DEL01-MG"
671549;2025-04-04;"sexta-feira";"17:10:00";"RJ";101;570;"PARATY";"Pista Escorregadia";"Colisão frontal";"Com Vítimas Feridas";"Pleno dia";"Crescente";"Chuva";"Simples";"Curva";"Não";4;0;3;0;1;0;3;2;-23,18557648;-44,71860409;"SPRF-RJ";"DEL03-RJ";"UOP04-DEL03-RJ"
671551;2025-04-04;"sexta-feira";"17:30:00";"SP";116;145,2;"SAO JOSE DOS CAMPOS";"Condutor deixou de manter distância do veículo da frente";"Colisão traseira";"Com Vítimas Feridas";"Pleno dia";"Decrescente";"Nublado";"Múltipla";"Reta";"Sim";2;0;1;0;1;0;1;2;-23,19012293;-45,85687459;"SPRF-SP";"DEL02-SP";"UOP01-DEL02-SP"
671552;2025-04-04;"sexta-feira";"17:50:00";"GO";414;436;"ANAPOLIS";"Conversão proibida";"Colisão lateral mesmo sentido";"Com Vítimas Feridas";"Pleno dia";"Decrescente";"Céu Claro";"Simples";"Reta";"Sim";3;0;1;0;2;0;1;2;-16,2553249;-48,9368482;"SPRF-GO";"DEL02-GO";"UOP01-DEL02-GO"
671554;2025-04-04;"sexta-feira";"12:30:00";"RJ";493;1;"ITABORAI";"Acessar a via sem observar a presença dos outros veículos";"Colisão transversal";"Com Vítimas Feridas";"Pleno dia";"Crescente";"Céu Claro";"Simples";"Reta";"Sim";2;0;1;0;1;0;1;2;-22,75730208;-42,93687299;"SPRF-RJ";"DEL02-RJ";"UOP02-DEL02-RJ"
671555;2025-04-04;"sexta-feira";"17:30:00";"MG";381;873;"ESTIVA";"Velocidade Incompatível";"Saída de leito carroçável";"Sem Vítimas";"Pleno dia";"Decrescente";"Chuva";"Dupla";"Curva";"Não";1;0;0;0;1;0;0;1;-22,419752;-45,96462719;"SPRF-MG";"DEL16-MG";"UOP01-DEL16-MG"
671556;2025-04-04;"sexta-feira";"18:00:00";"BA";101;718,4;"EUNAPOLIS";"Ultrapassagem Indevida";"Colisão transversal";"Com Vítimas Feridas";"Anoitecer";"Crescente";"Céu Claro";"Simples";"Reta;Declive";"Sim";3;0;3;0;0;0;3;2;-16,38186;-39,583917;"SPRF-BA";"DEL09-BA";"UOP01-DEL09-BA"
671557;2025-04-04;"sexta-feira";"17:00:00";"RS";153;52,7;"ERECHIM";"Ultrapassagem Indevida";"Colisão traseira";"Com Vítimas Feridas";"Pleno dia";"Decrescente";"Céu Claro";"Simples";"Reta;Aclive";"Não";3;0;2;0;1;0;2;2;-27,6688134;-52,29103442;"SPRF-RS";"DEL08-RS";"UOP04-DEL08-RS"
671558;2025-04-04;"sexta-feira";"17:10:00";"MT";364;201;"RONDONOPOLIS";"Animais na Pista";"Atropelamento de Animal";"Com Vítimas Feridas";"Anoitecer";"Crescente";"Nublado";"Dupla";"Reta";"Sim";1;0;1;0;0;0;1;1;-16,41721523;-54,70614806;"SPRF-MT";"DEL02-MT";"UOP01-DEL02-MT"