"id";"data_inversa";"dia_semana";"horario";"uf";"br";"km";"municipio";"causa_acidente";"tipo_acidente";"classificacao_acidente";"fase_dia";"sentido_via";"condicao_metereologica";"tipo_pista";"tracado_via";"uso_solo";"pessoas";"mortos";"feridos_leves";"feridos_graves";"ilesos";"ignorados";"feridos";"veiculos";"latitude";"longitude";"regional";"delegacia";"uop"
671877;2025-04-06;"domingo";"02:30:00";"PR";116;114;"CURITIBA";"Ingestão de álcool pelo condutor";"Saída de leito carroçável";"Sem Vítimas";"Plena Noite";"Crescente";"Céu Claro";"Dupla";"Reta";"Não";1;0;0;0;1;0;0;1;-25,5472109;-49,29006552;"SPRF-PR";"DEL01-PR";"UOP03-DEL01-PR"
671878;2025-04-06;"domingo";"00:20:00";"PB";230;155,4;"CAMPINA GRANDE";"Desrespeitar a preferência no cruzamento";"Colisão transversal";"Sem Vítimas";"Plena Noite";"Crescente";"Céu Claro";"Simples";"Reta;Em Obras";"Sim";2;0;0;0;1;1;0;2;-7,275145;-35,9048843;"SPRF-PB";"DEL02-PB";"UOP01-DEL02-PB"
671879;2025-04-06;"domingo";"01:00:00";"SC";282;226;"LAGES";"Reação tardia ou ineficiente do condutor";"Saída de leito carroçável";"Com Vítimas Feridas";"Plena Noite";"Crescente";"Céu Claro";"Simples";"Reta;Declive";"Não";2;0;1;0;1;0;1;1;-27,79526957;-50,38494045;"SPRF-SC";"DEL05-SC";"UOP02-DEL05-SC"
671880;2025-04-06;"domingo";"00:10:00";"SC";101;372,7;"ICARA";"Condutor Dormindo";"Colisão com objeto";"Sem Vítimas";"Plena Noite";"Crescente";"Céu Claro";"Dupla";"Curva;Viaduto";"Não";1;0;0;0;1;0;0;1;-28,71588299;-49,22975779;"SPRF-SC";"DEL02-SC";"UOP01-DEL02-SC"
671882;2025-04-06;"domingo";"01:10:00";"SC";101;84,6;"BARRA VELHA";"Pedestre cruzava a pista fora da faixa";"Atropelamento de Pedestre";"Com Vítimas Fatais";"Plena Noite";"Crescente";"Nublado";"Múltipla";"Reta";"Sim";9;2;1;0;3;3;1;3;-26,630042;-48,705923;"SPRF-SC";"DEL03-SC";"UOP02-DEL03-SC"
671883;2025-04-06;"domingo";"02:30:00";"PR";277;82,5;"CURITIBA";"Condutor deixou de manter distância do veículo da frente";"Colisão traseira";"Com Vítimas Feridas";"Plena Noite";"Decrescente";"Nublado";"Dupla";"Reta";"Sim";6;0;1;0;5;0;1;2;-25,454098;-49,225246;"SPRF-PR";"DEL01-PR";"UOP03-DEL01-PR"
671884;2025-04-06;"domingo";"02:10:00";"MS";376;168,6;"NOVA ANDRADINA";"Reação tardia ou ineficiente do condutor";"Saída de leito carroçável";"Com Vítimas Feridas";"Plena Noite";"Decrescente";"Céu Claro";"Simples";"Reta";"Não";2;0;2;0;0;0;2;1;-22,291165;-53,384061;"SPRF-MS";"DEL04-MS";"UOP04-DEL04-MS"
671886;2025-04-06;"domingo";"03:40:00";"MG";116;753;"LEOPOLDINA";"Demais falhas mecânicas ou elétricas";"Incêndio";"Sem Vítimas";"Plena Noite";"Crescente";"Céu Claro";"Simples";"Reta";"Não";3;0;0;0;3;0;0;1;-21,4783306;-42,572936;"SPRF-MG";"DEL07-MG";"UOP01-DEL07-MG"
671887;2025-04-06;"domingo";"01:40:00";"GO";364;114;"APARECIDA DO RIO DOCE";"Ingestão de álcool pelo condutor";"Saída de leito carroçável";"Sem Vítimas";"Plena Noite";"Decrescente";"Céu Claro";"Simples";"Reta";"Não";1;0;0;0;1;0;0;1;-18,2924008;-51,15652314;"SPRF-GO";"DEL05-GO";"UOP02-DEL05-GO"
671889;2025-04-06;"domingo";"04:20:00";"GO";153;435;"ANAPOLIS";"Ingestão de álcool pelo condutor";"Colisão lateral mesmo sentido";"Sem Vítimas";"Plena Noite";"Crescente";"Ignorado";"Dupla";"Declive;Curva";"Sim";2;0;0;0;1;1;0;2;-16,28857;-48,938567;"SPRF-GO";"DEL02-GO";"UOP01-DEL02-GO"
671890;2025-04-06;"domingo";"00:03:00";"PR";277;708;"SANTA TEREZINHA DE ITAIPU";"Ingestão de substâncias psicoativas pelo condutor";"Colisão lateral sentido oposto";"Com Vítimas Feridas";"Plena Noite";"Decrescente";"Céu Claro";"Dupla";"Reta";"Sim";3;0;3;0;0;0;3;2;-25,445393;-54,40112;"SPRF-PR";"DEL05-PR";"UOP01-DEL05-PR"
671891;2025-04-06;"domingo";"04:45:00";"MG";381;491;"BETIM";"Reação tardia ou ineficiente do condutor";"Colisão com objeto";"Com Vítimas Feridas";"Plena Noite";"Decrescente";"Nublado";"Dupla";"Reta";"Sim";1;0;1;0;0;0;1;1;-19,95889;-44,151466;"SPRF-MG";"DEL01-MG";"UOP03-DEL01-MG"
671892;2025-04-06;"domingo";"04:35:00";"RS";116;150,8;"CAXIAS DO SUL";"Ingestão de álcool pelo condutor";"Colisão com objeto";"Sem Vítimas";"Plena Noite";"Decrescente";"Céu Claro";"Dupla";"Reta;Aclive";"Sim";2;0;0;0;0;2;0;2;-29,173899;-51,160939;"SPRF-RS";"DEL05-RS";"UOP01-DEL05-RS"
671893;2025-04-06;"domingo";"04:20:00";"PE";104;82,3;"AGRESTINA";"Ingestão de álcool pelo condutor";"Colisão lateral sentido oposto";"Sem Vítimas";"Amanhecer";"Crescente";"Chuva";"Simples";"Ponte;Declive";"Não";4;0;0;0;4;0;0;2;-8,418448;-35,965151;"SPRF-PE";"DEL02-PE";"UOP01-DEL02-PE"
671894;2025-04-06;"domingo";"04:15:00";"SC";101;9;"GARUVA";"Ingestão de álcool pelo condutor";"Tombamento";"Com Vítimas Feridas";"Plena Noite";"Decrescente";"Garoa/Chuvisco";"Múltipla";"Reta";"Não";2;0;2;0;0;0;2;1;-26,05208365;-48,85943944;"SPRF-SC";"DEL03-SC";"UOP01-DEL03-SC"
671895;2025-04-06;"domingo";"04:30:00";"BA";101;951;"MUCURI";"Ausência de reação do condutor";"Saída de leito carroçável";"Com Vítimas Feridas";"Amanhecer";"Crescente";"Céu Claro";"Simples";"Reta";"Não";2;0;2;0;0;0;2;1;-18,11727552;-39,89120009;"SPRF-BA";"DEL09-BA";"UOP02-DEL09-BA"
671896;2025-04-06;"domingo";"05:15:00";"PB";230;513,5;"CAJAZEIRAS";"Ingestão de álcool pelo condutor";"Tombamento";"Com Vítimas Feridas";"Amanhecer";"Crescente";"Céu Claro";"Simples";"Reta;Declive";"Não";1;0;0;1;0;0;1;1;-6,877752;-38,635307;"SPRF-PB";"DEL03-PB";"UOP03-DEL03-PB"
671898;2025-04-06;"domingo";"04:00:00";"RJ";393;227;"VASSOURAS";"Ausência de reação do condutor";"Colisão traseira";"Com Vítimas Feridas";"Plena Noite";"Crescente";"Nublado";"Simples";"Reta";"Não";4;0;1;1;2;0;2;2;-22,37586694;-43,62934456;"SPRF-RJ";"DEL05-RJ";"UOP03-DEL05-RJ"
671899;2025-04-06;"domingo";"04:47:00";"GO";153;34;"PORANGATU";"Ausência de reação do condutor";"Colisão com objeto";"Sem Vítimas";"Plena Noite";"Crescente";"Céu Claro";"Simples";"Reta";"Não";1;0;0;0;1;0;0;1;-13,4063692;-49,1313425;"SPRF-GO";"DEL07-GO";"UOP01-DEL07-GO"
671900;2025-04-06;"domingo";"05:50:00";"PE";428;187;"PETROLINA";"Ingestão de álcool pelo condutor";"Colisão traseira";"Com Vítimas Feridas";"Amanhecer";"Crescente";"Céu Claro";"Dupla";"Reta";"Sim";3;0;1;0;1;1;1;2;-9,368359;-40,485023;"SPRF-PE";"DEL06-PE";"UOP01-DEL06-PE"
671902;2025-04-06;"domingo";"05:20:00";"MG";40;718,3;"BARBACENA";"Transitar na contramão";"Colisão frontal";"Com Vítimas Feridas";"Amanhecer";"Crescente";"Nublado";"Dupla";"Curva";"Não";3;0;0;2;1;0;2;2;-21,288036;-43,642009;"SPRF-MG";"DEL05-MG";"UOP01-DEL05-MG"
671903;2025-04-06;"domingo";"04:40:00";"SC";101;134;"BALNEARIO CAMBORIU";"Ausência de reação do condutor";"Colisão com objeto";"Sem Vítimas";"Plena Noite";"Decrescente";"Nublado";"Múltipla";"Interseção de Vias";"Sim";2;0;0;0;1;1;0;1;-27,00372555;-48,63027549;"SPRF-SC";"DEL04-SC";"UOP03-DEL04-SC"
671904;2025-04-06;"domingo";"03:30:00";"PE";232;56,4;"POMBOS";"Pedestre andava na pista";"Saída de leito carroçável";"Com Vítimas Feridas";"Plena Noite";"Decrescente";"Chuva";"Dupla";"Reta";"Não";2;0;2;0;0;0;2;1;-8,13767674;-35,37304575;"SPRF-PE";"DEL02-PE";"UOP02-DEL02PE"
671905;2025-04-06;"domingo";"06:33:00";"RJ";116;184;"NOVA IGUACU";"Ausência de reação do condutor";"Colisão traseira";"Com Vítimas Feridas";"Amanhecer";"Decrescente";"Nublado";"Dupla";"Reta";"Não";4;0;2;0;1;1;2;3;-22,7482422;-43,4443263;"SPRF-RJ";"DEL06-RJ";"UOP01-DEL06-RJ"
671906;2025-04-06;"domingo";"06:04:00";"BA";324;536;"CONCEICAO DO JACUIPE";"Velocidade Incompatível";"Saída de leito carroçável";"Com Vítimas Feridas";"Pleno dia";"Decrescente";"Céu Claro";"Dupla";"Reta";"Não";3;0;2;0;1;0;2;1;-12,366155;-38,81767333;"SPRF-BA";"DEL01-BA";"UOP03-DEL01-BA"
671907;2025-04-06;"domingo";"05:55:00";"SP";116;119;"CACAPAVA";"Ausência de reação do condutor";"Colisão traseira";"Com Vítimas Feridas";"Amanhecer";"Decrescente";"Nublado";"Dupla";"Reta";"Não";2;0;1;0;0;1;1;2;-23,07363773;-45,64767569;"SPRF-SP";"DEL02-SP";"UOP02-DEL02-SP"
671908;2025-04-06;"domingo";"06:50:00";"MG";381;523,1;"BRUMADINHO";"Ausência de reação do condutor";"Queda de ocupante de veículo";"Com Vítimas Feridas";"Pleno dia";"Decrescente";"Nublado";"Dupla";"Curva";"Não";1;0;1;0;0;0;1;1;-20,16361027;-44,33940411;"SPRF-MG";"DEL04-MG";"UOP03-DEL04-MG"
671909;2025-04-06;"domingo";"02:16:00";"RO";364;426;"JARU";"Ausência de reação do condutor";"Tombamento";"Com Vítimas Feridas";"Plena Noite";"Decrescente";"Nublado";"Simples";"Reta";"Não";1;0;1;0;0;0;1;1;-10,43465648;-62,47626543;"SPRF-RO";"DEL03-RO";"UOP02-DEL03-RO"
671911;2025-04-06;"domingo";"05:50:00";"PE";232;25,1;"MORENO";"Reação tardia ou ineficiente do condutor";"Saída de leito carroçável";"Com Vítimas Feridas";"Pleno dia";"Crescente";"Chuva";"Dupla";"Curva";"Não";4;0;4;0;0;0;4;1;-8,11576;-35,112;"SPRF-PE";"DEL01-PE";"UOP01-DEL01-PE"
671912;2025-04-06;"domingo";"02:30:00";"MT";70;515;"VARZEA GRANDE";"Reação tardia ou ineficiente do condutor";"Colisão frontal";"Com Vítimas Feridas";"Plena Noite";"Crescente";"Chuva";"Simples";"Reta";"Não";3;0;1;2;0;0;3;2;-15,70633495;-56,13921281;"SPRF-MT";"DEL01-MT";"UOP02-DEL01-MT"
671913;2025-04-06;"domingo";"03:30:00";"MT";364;399;"CUIABA";"Ausência de reação do condutor";"Eventos atípicos";"Sem Vítimas";"Plena Noite";"Crescente";"Chuva";"Dupla";"Reta";"Sim";1;0;0;0;0;1;0;1;-15,68309315;-55,92225552;"SPRF-MT";"DEL01-MT";"UOP02-DEL01-MT"
671914;2025-04-06;"domingo";"07:00:00";"ES";101;267;"SERRA";"Ausência de reação do condutor";"Colisão traseira";"Com Vítimas Feridas";"Pleno dia";"Crescente";"Garoa/Chuvisco";"Múltipla";"Reta";"Sim";3;0;0;2;1;0;2;2;-20,205417;-40,269545;"SPRF-ES";"DEL02-ES";"UOP01-DEL02-ES"
671915;2025-04-06;"domingo";"05:46:00";"AP";210;66;"FERREIRA GOMES";"Ausência de reação do condutor";"Capotamento";"Sem Vítimas";"Amanhecer";"Crescente";"Nublado";"Simples";"Curva";"Não";1;0;0;0;0;1;0;1;0,43277031;-51,0436821;"SPRF-AP";"DEL01-AP";"UOP01-DEL01-AP"
671916;2025-04-06;"domingo";"06:50:00";"PA";316;44,8;"SANTA IZABEL DO PARA";"Ausência de reação do condutor";"Saída de leito carroçável";"Sem Vítimas";"Amanhecer";"Crescente";"Nublado";"Dupla";"Reta";"Não";1;0;0;0;0;1;0;1;-1,306038;-48,007091;"SPRF-PA";"DEL01-PA";"UOP01-DEL01-PA"
671917;2025-04-05;"sábado";"20:30:00";"SP";116;515;"CAJATI";"Demais falhas mecânicas ou elétricas";"Incêndio";"Sem Vítimas";"Pleno dia";"Crescente";"Chuva";"Simples";"Curva;Aclive";"Não";1;0;0;0;1;0;0;1;-24,869376;-48,216164;"SPRF-SP";"DEL05-SP";"UOP02-DEL05-SP"
671918;2025-04-05;"sábado";"21:00:00";"PR";163;244;"TOLEDO";"Ingestão de álcool pelo condutor";"Colisão com objeto";"Sem Vítimas";"Plena Noite";"Decrescente";"Céu Claro";"Múltipla";"Declive;Curva";"Não";1;0;0;0;1;0;0;1;-24,705841;-53,724738;"SPRF-PR";"DEL06-PR";"UOP02-DEL06-PR"
671919;2025-04-06;"domingo";"05:50:00";"PR";153;313,9;"IMBITUVA";"Reação tardia ou ineficiente do condutor";"Saída de leito carroçável";"Sem Vítimas";"Amanhecer";"Crescente";"Garoa/Chuvisco";"Simples";"Reta";"Não";1;0;0;0;0;1;0;1;-25,335336;-50,635728;"SPRF-PR";"DEL08-PR";"UOP02-DEL08-PR"
671920;2025-04-06;"domingo";"07:55:00";"RS";158;323;"SANTA MARIA";"Reação tardia ou ineficiente do condutor";"Colisão com objeto";"Sem Vítimas";"Pleno dia";"Crescente";"Céu Claro";"Dupla";"Reta";"Sim";1;0;0;0;0;1;0;1;-29,696044;-53,786833;"SPRF-RS";"DEL09-RS";"UOP01-DEL09-RS"
671922;2025-04-06;"domingo";"06:30:00";"RR";174;457;"BOA VISTA";"Condutor Dormindo";"Saída de leito carroçável";"Com Vítimas Feridas";"Amanhecer";"Crescente";"Nublado";"Simples";"Reta";"Não";1;0;0;1;0;0;1;1;2,50063745;-60,8831209;"SPRF-RR";"DEL01-RR";"UOP01-DEL01-RR"
671923;2025-04-06;"domingo";"05:40:00";"MT";174;384;"CONQUISTA DOESTE";"Animais na Pista";"Atropelamento de Animal";"Com Vítimas Fatais";"Amanhecer";"Crescente";"Céu Claro";"Simples";"Reta";"Não";2;1;0;0;1;0;0;2;-14,5095913;-59,5660351;"SPRF-MT";"DEL04-MT";"UOP01-DEL04-MT"
671924;2025-04-06;"domingo";"07:09:00";"PI";343;345;"TERESINA";"Desrespeitar a preferência no cruzamento";"Colisão transversal";"Com Vítimas Feridas";"Pleno dia";"Decrescente";"Nublado";"Dupla";"Em Obras;Interseção de Vias";"Sim";2;0;0;1;1;0;1;2;-5,10620433;-42,76805878;"SPRF-PI";"DEL01-PI";"UOP01-DEL01-PI"
671925;2025-04-06;"domingo";"08:00:00";"SP";116;54;"LORENA";"Demais falhas mecânicas ou elétricas";"Tombamento";"Com Vítimas Feridas";"Pleno dia";"Crescente";"Nublado";"Dupla";"Reta";"Sim";1;0;1;0;0;0;1;1;-22,75632055;-45,11242881;"SPRF-SP";"DEL08-SP";"UOP02-DEL08-SP"
671926;2025-04-06;"domingo";"08:20:00";"MA";226;299;"BARRA DO CORDA";"Conversão proibida";"Colisão transversal";"Com Vítimas Feridas";"Pleno dia";"Crescente";"Sol";"Simples";"Reta";"Não";2;0;1;0;1;0;1;2;-5,502;-45,24666;"SPRF-MA";"DEL06-MA";"UOP01-DEL06-MA"
671927;2025-04-06;"domingo";"09:00:00";"PB";104;115;"LAGOA SECA";"Ingestão de álcool pelo condutor";"Colisão traseira";"Sem Vítimas";"Pleno dia";"Decrescente";"Céu Claro";"Simples";"Reta";"Não";2;0;0;0;2;0;0;2;-7,1620632;-35,85705042;"SPRF-PB";"DEL02-PB";"UOP04-DEL02-PB"
671928;2025-04-06;"domingo";"08:13:00";"PE";104;13,6;"TAQUARITINGA DO NORTE";"Ultrapassagem Indevida";"Colisão frontal";"Com Vítimas Feridas";"Pleno dia";"Decrescente";"Céu Claro";"Simples";"Reta";"Não";4;0;1;0;1;2;1;3;-7,902072;-36,114998;"SPRF-PE";"DEL02-PE";"UOP01-DEL02-PE"
671930;2025-04-06;"domingo";"09:45:00";"RS";290;92;"PORTO ALEGRE";"Reação tardia ou ineficiente do condutor";"Colisão lateral mesmo sentido";"Com Vítimas Feridas";"Pleno dia";"Decrescente";"Céu Claro";"Dupla";"Reta";"Não";3;0;2;0;1;0;2;2;-29,97156222;-51,17647994;"SPRF-RS";"DEL01-RS";"UOP01-DEL01-RS"
671931;2025-04-06;"domingo";"10:15:00";"RS";116;231;"IVOTI";"Acessar a via sem observar a presença dos outros veículos";"Colisão transversal";"Com Vítimas Feridas";"Pleno dia";"Crescente";"Sol";"Simples";"Reta;Declive";"Sim";2;0;1;0;1;0;1;2;-29,6215876;-51,1285914;"SPRF-RS";"DEL01-RS";"UOP02-DEL01-RS"
671933;2025-03-01;"sábado";"21:40:00";"SC";280;125;"RIO NEGRINHO";"Acessar a via sem observar a presença dos outros veículos";"Colisão transversal";"Com Vítimas Feridas";"Plena Noite";"Decrescente";"Céu Claro";"Simples";"Retorno Regulamentado;Interseção de Vias";"Sim";2;0;0;1;1;0;1;2;-26,23882968;-49,50090704;"SPRF-SC";"DEL06-SC";"UOP03-DEL06-SC"
671934;2025-04-06;"domingo";"09:00:00";"MG";381;588,8;"CARMOPOLIS DE MINAS";"Ausência de reação do condutor";"Colisão traseira";"Com Vítimas Feridas";"Pleno dia";"Crescente";"Nublado";"Dupla";"Reta";"Não";2;0;1;0;1;0;1;2;-20,53921668;-44,64108825;"SPRF-MG";"DEL04-MG";"UOP01-DEL04-MG"
671936;2025-04-06;"domingo";"09:48:00";"PE";101;85,5;"JABOATAO DOS GUARARAPES";"Manobra de mudança de faixa";"Colisão traseira";"Com Vítimas Feridas";"Pleno dia";"Decrescente";"Sol";"Dupla";"Reta";"Não";3;0;1;0;1;1;1;3;-8,18342;-34,96469;"SPRF-PE";"DEL01-PE";"UOP01-DEL01-PE"
671938;2025-04-06;"domingo";"10:00:00";"DF";20;26,7;"BRASILIA";"Demais falhas mecânicas ou elétricas";"Saída de leito carroçável";"Com Vítimas Feridas";"Pleno dia";"Decrescente";"Céu Claro";"Dupla";"Reta";"Não";2;0;1;0;1;0;1;1;-15,59668954;-47,63713829;"SPRF-DF";"DEL02-DF";"UOP01-DEL02-DF"
671939;2025-04-06;"domingo";"10:26:00";"ES";262;41;"DOMINGOS MARTINS";"Velocidade Incompatível";"Saída de leito carroçável";"Com Vítimas Feridas";"Pleno dia";"Crescente";"Chuva";"Dupla";"Aclive;Curva";"Não";1;0;0;1;0;0;1;1;-20,38480015;-40,64425042;"SPRF-ES";"DEL01-ES";"UOP01-DEL01-ES"
671940;2025-04-06;"domingo";"10:00:00";"ES";101;150,6;"LINHARES";"Condutor deixou de manter distância do veículo da frente";"Colisão traseira";"Com Vítimas Feridas";"Pleno dia";"Decrescente";"Céu Claro";"Múltipla";"Interseção de Vias;Declive;Curva";"Sim";4;0;2;1;1;0;3;2;-19,40711212;-40,06402731;"SPRF-ES";"DEL04-ES";"UOP01-DEL04-ES"
671941;2025-04-06;"domingo";"10:10:00";"PR";277;32;"MORRETES";"Velocidade Incompatível";"Queda de ocupante de veículo";"Com Vítimas Fatais";"Pleno dia";"Decrescente";"Nublado";"Múltipla";"Declive;Curva";"Não";3;1;0;1;0;1;1;3;-25,56071642;-48,81122589;"SPRF-PR";"DEL01-PR";"UOP05-DEL01-PR"
671943;2025-04-06;"domingo";"07:30:00";"PI";407;430;"GEMINIANO";"Reação tardia ou ineficiente do condutor";"Colisão traseira";"Com Vítimas Fatais";"Pleno dia";"Crescente";"Sol";"Simples";"Reta";"Não";2;1;0;0;1;0;0;2;-7,129729;-41,390924;"SPRF-PI";"DEL04-PI";"UOP01-DEL04-PI"
671944;2025-04-06;"domingo";"10:40:00";"PI";343;2;"TERESINA";"Trafegar com motocicleta (ou similar) entre as faixas";"Colisão transversal";"Com Vítimas Feridas";"Pleno dia";"Decrescente";"Céu Claro";"Múltipla";"Retorno Regulamentado";"Não";3;0;2;0;1;0;2;2;-5,08165168;-42,77136862;"SPRF-PI";"DEL01-PI";"UOP01-DEL01-PI"
671945;2025-04-06;"domingo";"10:50:00";"DF";70;9,4;"BRASILIA";"Condutor deixou de manter distância do veículo da frente";"Colisão traseira";"Com Vítimas Feridas";"Pleno dia";"Crescente";"Céu Claro";"Dupla";"Reta";"Não";2;0;1;0;0;1;1;2;-15,785837;-48,136525;"SPRF-DF";"DEL03-DF";"UOP02-DEL03-DF"
671946;2025-04-06;"domingo";"02:30:00";"MT";163;1049;"MATUPA";"Estacionar ou parar em local proibido";"Eventos atípicos";"Sem Vítimas";"Plena Noite";"Crescente";"Céu Claro";"Simples";"Reta";"Não";1;0;0;0;0;1;0;1;-10,0949296;-54,9200203;"SPRF-MT";"DEL06-MT";"UOP03-DEL06-MT"
671947;2025-04-06;"domingo";"11:10:00";"SP";153;51,6;"SAO JOSE DO RIO PRETO";"Ultrapassagem Indevida";"Colisão traseira";"Com Vítimas Feridas";"Pleno dia";"Decrescente";"Céu Claro";"Simples";"Reta";"Sim";3;0;1;0;1;1;1;3;-20,72413185;-49,33850423;"SPRF-SP";"DEL09-SP";"UOP01-DEL09-SP"
671950;2025-04-06;"domingo";"11:20:00";"PA";163;989;"SANTAREM";"Frear bruscamente";"Saída de leito carroçável";"Com Vítimas Feridas";"Pleno dia";"Decrescente";"Céu Claro";"Simples";"Reta";"Sim";2;0;2;0;0;0;2;1;-2,565743;-54,72151;"SPRF-PA";"DEL05-PA";"UOP01-DEL05-PA"
671951;2025-04-06;"domingo";"12:30:00";"RJ";101;66;"CAMPOS DOS GOYTACAZES";"Ausência de reação do condutor";"Colisão traseira";"Com Vítimas Feridas";"Pleno dia";"Decrescente";"Chuva";"Simples";"Rotatória";"Sim";2;0;1;0;1;0;1;2;-21,76691304;-41,34730339;"SPRF-RJ";"DEL08-RJ";"UOP02-DEL08-RJ"
671953;2025-04-06;"domingo";"13:00:00";"RS";290;80;"GRAVATAI";"Ausência de reação do condutor";"Saída de leito carroçável";"Com Vítimas Feridas";"Pleno dia";"Crescente";"Céu Claro";"Dupla";"Curva";"Não";1;0;1;0;0;0;1;1;-29,95304325;-51,0563403;"SPRF-RS";"DEL01-RS";"UOP01-DEL01-RS"
671954;2025-04-06;"domingo";"12:00:00";"PB";104;7,4;"CUITE";"Ingestão de álcool pelo condutor";"Saída de leito carroçável";"Com Vítimas Feridas";"Pleno dia";"Decrescente";"Céu Claro";"Simples";"Reta";"Sim";2;0;1;0;0;1;1;2;-6,479603;-36,16678;"SPRF-PB";"DEL02-PB";"UOP04-DEL02-PB"
671955;2025-04-06;"domingo";"13:30:00";"ES";101;268,2;"SERRA";"Condutor deixou de manter distância do veículo da frente";"Colisão traseira";"Com Vítimas Feridas";"Pleno dia";"Crescente";"Céu Claro";"Múltipla";"Reta";"Sim";3;0;1;0;2;0;1;2;-20,0488865;-40,3867121;"SPRF-ES";"DEL02-ES";"UOP01-DEL02-ES"
671956;2025-04-06;"domingo";"12:54:00";"TO";153;234;"COLINAS DO TOCANTINS";"Transitar na contramão";"Colisão frontal";"Com Vítimas Fatais";"Pleno dia";"Decrescente";"Céu Claro";"Simples";"Reta";"Não";5;1;4;0;0;0;4;2;-8,0223931;-48,4655589;"SPRF-TO";"DEL02-TO";"UOP01-DEL02-TO"
671957;2025-04-06;"domingo";"11:30:00";"MA";10;345;"ACAILANDIA";"Transitar na contramão";"Colisão transversal";"Com Vítimas Feridas";"Pleno dia";"Crescente";"Céu Claro";"Simples";"Aclive";"Não";6;0;4;0;2;0;4;2;-4,9283072;-47,4415104;"SPRF-MA";"DEL04-MA";"UOP03-DEL04-MA"
671958;2025-04-02;"quarta-feira";"05:50:00";"SC";480;129,1;"CHAPECO";"Acessar a via sem observar a presença dos outros veículos";"Colisão frontal";"Com Vítimas Feridas";"Amanhecer";"Crescente";"Céu Claro";"Simples";"Declive";"Sim";2;0;1;0;1;0;1;2;-27,04801776;-52,63567507;"SPRF-SC";"DEL07-SC";"UOP01-DEL07-SC"
671959;2025-04-06;"domingo";"14:20:00";"SC";101;194;"BIGUACU";"Reação tardia ou ineficiente do condutor";"Colisão traseira";"Com Vítimas Feridas";"Pleno dia";"Crescente";"Céu Claro";"Múltipla";"Curva";"Sim";3;0;3;0;0;0;3;2;-27,495079;-48,657131;"SPRF-SC";"DEL01-SC";"UOP01-DEL01-SC"
671960;2025-04-06;"domingo";"13:06:00";"RJ";116;189;"NOVA IGUACU";"Reação tardia ou ineficiente do condutor";"Colisão traseira";"Com Vítimas Feridas";"Pleno dia";"Decrescente";"Garoa/Chuvisco";"Dupla";"Reta";"Não";2;0;1;0;1;0;1;2;-22,75117162;-43,44200134;"SPRF-RJ";"DEL06-RJ";"UOP01-DEL06-RJ"
671961;2025-04-06;"domingo";"13:10:00";"BA";235;349;"JUAZEIRO";"Transitar na contramão";"Colisão frontal";"Com Vítimas Feridas";"Pleno dia";"Crescente";"Céu Claro";"Simples";"Reta";"Sim";2;0;1;0;1;0;1;2;-9,441623;-40,493953;"SPRF-PE";"DEL06-PE";"UOP01-DEL06-PE"
671963;2025-04-06;"domingo";"15:10:00";"PE";101;68,9;"RECIFE";"Manobra de mudança de faixa";"Colisão lateral mesmo sentido";"Com Vítimas Feridas";"Pleno dia";"Crescente";"Chuva";"Dupla";"Reta";"Sim";3;0;2;0;1;0;2;2;-8,059682;-34,945767;"SPRF-PE";"DEL01-PE";"UOP01-DEL01-PE"
671964;2025-04-06;"domingo";"09:10:00";"MG";381;446,5;"SANTANA DO PARAISO";"Transitar na contramão";"Colisão frontal";"Com Vítimas Feridas";"Pleno dia";"Decrescente";"Céu Claro";"Simples";"Reta";"Não";3;0;2;1;0;0;3;2;-19,42834722;-42,50202656;"SPRF-MG";"DEL01-MG";"UOP01-DEL01-MG"
671966;2025-04-06;"domingo";"15:15:00";"MG";40;516;"RIBEIRAO DAS NEVES";"Demais falhas mecânicas ou elétricas";"Tombamento";"Com Vítimas Feridas";"Pleno dia";"Decrescente";"Céu Claro";"Dupla";"Reta";"Sim";2;0;2;0;0;0;2;1;-19,81354519;-44,09431458;"SPRF-MG";"DEL01-MG";"UOP02-DEL01-MG"
671967;2025-04-06;"domingo";"15:00:00";"SC";470;66,3;"INDAIAL";"Condutor deixou de manter distância do veículo da frente";"Colisão traseira";"Com Vítimas Feridas";"Pleno dia";"Decrescente";"Céu Claro";"Simples";"Retorno Regulamentado";"Não";3;0;2;0;1;0;2;2;-26,86998451;-49,22496015;"SPRF-SC";"DEL04-SC";"UOP01-DEL04-SC"
671968;2025-04-06;"domingo";"15:15:00";"MG";381;921,1;"BAEPENDI";"Ausência de reação do condutor";"Queda de ocupante de veículo";"Com Vítimas Feridas";"Pleno dia";"Crescente";"Nublado";"Dupla";"Declive;Curva";"Não";1;0;1;0;0;0;1;1;-22,0004352;-44,9150976;"SPRF-MG";"DEL16-MG";"UOP03-DEL16-MG"
671969;2025-04-06;"domingo";"15:27:00";"PB";230;7,1;"CABEDELO";"Ausência de reação do condutor";"Colisão traseira";"Com Vítimas Feridas";"Pleno dia";"Crescente";"Céu Claro";"Dupla";"Reta";"Sim";3;0;1;0;2;0;1;2;-7,021452;-34,836602;"SPRF-PB";"DEL01-PB";"UOP01-DEL01-PB"
671970;2025-04-06;"domingo";"15:15:00";"SC";101;129;"CAMBORIU";"Trafegar com motocicleta (ou similar) entre as faixas";"Colisão lateral mesmo sentido";"Com Vítimas Feridas";"Pleno dia";"Crescente";"Céu Claro";"Dupla";"Reta";"Não";4;0;1;1;2;0;2;3;-26,98132218;-48,67705777;"SPRF-SC";"DEL04-SC";"UOP03-DEL04-SC"