"id";"data_inversa";"dia_semana";"horario";"uf";"br";"km";"municipio";"causa_acidente";"tipo_acidente";"classificacao_acidente";"fase_dia";"sentido_via";"condicao_metereologica";"tipo_pista";"tracado_via";"uso_solo";"pessoas";"mortos";"feridos_leves";"feridos_graves";"ilesos";"ignorados";"feridos";"veiculos";"latitude";"longitude";"regional";"delegacia";"uop"
672077;2025-04-07;"segunda-feira";"00:40:00";"MT";163;839;"SINOP";"Acessar a via sem observar a presença dos outros veículos";"Queda de ocupante de veículo";"Com Vítimas Feridas";"Plena Noite";"Crescente";"Céu Claro";"Simples";"Reta";"Sim";1;0;0;1;0;0;1;1;-11,80619485;-55,48130035;"SPRF-MT";"DEL06-MT";"UOP02-DEL06-MT"
672078;2025-04-06;"domingo";"00:40:00";"MG";40;430,2;"PARAOPEBA";"Ausência de reação do condutor";"Saída de leito carroçável";"Com Vítimas Feridas";"Plena Noite";"Crescente";"Céu Claro";"Dupla";"Reta;Aclive";"Não";1;0;1;0;0;0;1;1;-19,19519;-44,48288;"SPRF-MG";"DEL02-MG";"UOP01-DEL02-MG"
672080;2025-04-07;"segunda-feira";"01:00:00";"BA";101;436,6;"MARAU";"Condutor Dormindo";"Saída de leito carroçável";"Com Vítimas Fatais";"Plena Noite";"Decrescente";"Céu Claro";"Simples";"Reta";"Não";2;1;0;0;1;0;0;1;-14,24524985;-39,32006836;"SPRF-BA";"DEL05-BA";"UOP01-DEL05-BA"
672083;2025-04-07;"segunda-feira";"01:40:00";"PR";277;124;"CAMPO LARGO";"Reação tardia ou ineficiente do condutor";"Saída de leito carroçável";"Sem Vítimas";"Plena Noite";"Decrescente";"Chuva";"Dupla";"Curva";"Não";1;0;0;0;1;0;0;1;-25,4371;-49,5142;"SPRF-PR";"DEL03-PR";"UOP03-DEL03-PR"
672084;2025-04-07;"segunda-feira";"03:45:00";"RS";116;237;"NOVO HAMBURGO";"Ausência de reação do condutor";"Colisão traseira";"Com Vítimas Feridas";"Plena Noite";"Decrescente";"Céu Claro";"Dupla";"Reta";"Sim";2;0;2;0;0;0;2;2;-29,6817883;-51,1424453;"SPRF-RS";"DEL01-RS";"UOP02-DEL01-RS"
672086;2025-04-07;"segunda-feira";"04:20:00";"PR";476;118;"COLOMBO";"Reação tardia ou ineficiente do condutor";"Colisão traseira";"Sem Vítimas";"Plena Noite";"Crescente";"Céu Claro";"Dupla";"Curva";"Não";3;0;0;0;3;0;0;2;-25,35951431;-49,18169076;"SPRF-PR";"DEL01-PR";"UOP01-DEL01-PR"
672087;2025-04-07;"segunda-feira";"03:40:00";"SC";101;257,4;"PAULO LOPES";"Ingestão de álcool pelo condutor";"Saída de leito carroçável";"Com Vítimas Feridas";"Plena Noite";"Decrescente";"Chuva";"Dupla";"Reta";"Não";1;0;1;0;0;0;1;1;-27,9995824;-48,68919242;"SPRF-SC";"DEL02-SC";"UOP03-DEL02-SC"
672088;2025-04-07;"segunda-feira";"03:30:00";"PR";376;618;"SAO JOSE DOS PINHAIS";"Avarias e/ou desgaste excessivo no pneu";"Saída de leito carroçável";"Com Vítimas Feridas";"Amanhecer";"Crescente";"Garoa/Chuvisco";"Múltipla";"Reta;Declive";"Sim";1;0;1;0;0;0;1;1;-25,6002558;-49,1725283;"SPRF-PR";"DEL01-PR";"UOP04-DEL01-PR"
672089;2025-04-07;"segunda-feira";"03:00:00";"RO";435;30;"VILHENA";"Ausência de reação do condutor";"Queda de ocupante de veículo";"Sem Vítimas";"Pleno dia";"Decrescente";"Nublado";"Simples";"Reta";"Não";1;0;0;0;1;0;0;1;-12,8350462;-60,37395359;"SPRF-RO";"DEL04-RO";"UOP02-DEL04-RO"
672090;2025-04-07;"segunda-feira";"01:40:00";"MS";163;680,4;"RIO VERDE DE MATO GROSSO";"Ausência de reação do condutor";"Tombamento";"Com Vítimas Feridas";"Plena Noite";"Crescente";"Nublado";"Simples";"Reta;Retorno Regulamentado";"Sim";1;0;0;1;0;0;1;1;-18,915728;-54,838534;"SPRF-MS";"DEL06-MS";"UOP02-DEL06-MS"
672091;2025-04-07;"segunda-feira";"02:40:00";"RJ";101;413;"ITAGUAI";"Ausência de reação do condutor";"Colisão traseira";"Com Vítimas Feridas";"Plena Noite";"Crescente";"Nublado";"Dupla";"Reta";"Sim";3;0;2;0;1;0;2;2;-22,9040348;-43,87518882;"SPRF-RJ";"DEL03-RJ";"UOP01-DEL03-RJ"
672092;2025-04-07;"segunda-feira";"05:45:00";"DF";20;10;"BRASILIA";"Manobra de mudança de faixa";"Colisão lateral mesmo sentido";"Sem Vítimas";"Amanhecer";"Decrescente";"Céu Claro";"Dupla";"Em Obras";"Sim";2;0;0;0;2;0;0;2;-15,649148;-47,772018;"SPRF-DF";"DEL02-DF";"UOP01-DEL02-DF"
672093;2025-04-07;"segunda-feira";"06:00:00";"BA";242;823;"BARREIRAS";"Velocidade Incompatível";"Colisão traseira";"Com Vítimas Feridas";"Amanhecer";"Decrescente";"Céu Claro";"Simples";"Reta";"Sim";5;0;0;1;4;0;1;2;-12,126868;-45,024853;"SPRF-BA";"DEL10-BA";"UOP01-DEL10-BA"
672094;2025-04-07;"segunda-feira";"05:40:00";"RJ";493;21;"MAGE";"Ausência de reação do condutor";"Colisão frontal";"Com Vítimas Feridas";"Amanhecer";"Decrescente";"Céu Claro";"Simples";"Reta";"Sim";2;0;1;0;1;0;1;2;-22,65956155;-43,05387497;"SPRF-RJ";"DEL04-RJ";"UOP02-DEL04-RJ"
672099;2025-04-07;"segunda-feira";"06:25:00";"RS";290;22;"SANTO ANTONIO DA PATRULHA";"Demais falhas mecânicas ou elétricas";"Tombamento";"Com Vítimas Feridas";"Amanhecer";"Crescente";"Céu Claro";"Dupla";"Reta";"Não";2;0;2;0;0;0;2;1;-29,8895204;-50,46771526;"SPRF-RS";"DEL03-RS";"UOP01-DEL03-RS"
672100;2025-04-07;"segunda-feira";"04:15:00";"SC";280;69,8;"JARAGUA DO SUL";"Conversão proibida";"Colisão frontal";"Com Vítimas Feridas";"Plena Noite";"Decrescente";"Céu Claro";"Simples";"Reta";"Não";2;0;0;1;1;0;1;2;-26,46474756;-49,12791783;"SPRF-SC";"DEL03-SC";"UOP03-DEL03-SC"
672101;2025-04-07;"segunda-feira";"00:15:00";"SP";116;219,4;"GUARULHOS";"Reação tardia ou ineficiente do condutor";"Colisão com objeto";"Sem Vítimas";"Plena Noite";"Crescente";"Céu Claro";"Múltipla";"Reta";"Sim";1;0;0;0;0;1;0;1;-23,46286841;-46,49383712;"SPRF-SP";"DEL01-SP";"UOP01-DEL01-SP"
672102;2025-04-07;"segunda-feira";"06:50:00";"PB";230;22,2;"JOAO PESSOA";"Reação tardia ou ineficiente do condutor";"Colisão traseira";"Com Vítimas Feridas";"Pleno dia";"Decrescente";"Chuva";"Dupla";"Reta";"Sim";2;0;1;0;0;1;1;2;-7,153205;-34,854585;"SPRF-PB";"DEL01-PB";"UOP01-DEL01-PB"
672103;2025-04-07;"segunda-feira";"06:45:00";"PR";277;4;"PARANAGUA";"Ausência de reação do condutor";"Colisão traseira";"Com Vítimas Feridas";"Pleno dia";"Decrescente";"Céu Claro";"Dupla";"Reta";"Sim";2;0;1;0;1;0;1;2;-25,55132226;-48,55195644;"SPRF-PR";"DEL01-PR";"UOP05-DEL01-PR"
672104;2025-04-07;"segunda-feira";"06:45:00";"ES";101;336;"GUARAPARI";"Chuva";"Saída de leito carroçável";"Com Vítimas Feridas";"Amanhecer";"Decrescente";"Chuva";"Dupla";"Aclive;Reta";"Não";2;0;1;0;1;0;1;1;-20,6635008;-40,6061056;"SPRF-ES";"DEL03-ES";"UOP01-DEL03-ES"
672106;2025-04-07;"segunda-feira";"05:00:00";"MG";262;443;"NOVA SERRANA";"Objeto estático sobre o leito carroçável";"Tombamento";"Com Vítimas Feridas";"Pleno dia";"Decrescente";"Céu Claro";"Dupla";"Aclive";"Sim";1;0;1;0;0;0;1;1;-19,872221;-44,969013;"SPRF-MG";"DEL08-MG";"UOP03-DEL08-MG"
672108;2025-04-06;"domingo";"17:50:00";"PE";407;129;"PETROLINA";"Trafegar com motocicleta (ou similar) entre as faixas";"Colisão lateral mesmo sentido";"Com Vítimas Feridas";"Plena Noite";"Crescente";"Céu Claro";"Múltipla";"Reta;Ponte";"Sim";3;0;1;1;0;1;2;2;-9,40682142;-40,50471425;"SPRF-PE";"DEL06-PE";"UOP01-DEL06-PE"
672110;2025-04-07;"segunda-feira";"06:40:00";"BA";101;18;"ILHEUS";"Acesso irregular";"Colisão transversal";"Com Vítimas Feridas";"Pleno dia";"Crescente";"Céu Claro";"Simples";"Reta";"Não";2;0;1;0;1;0;1;2;-14,80150079;-39,12945986;"SPRF-SE";"DEL02-SE";"UOP03-DEL02-SE"
672112;2025-04-07;"segunda-feira";"06:40:00";"BA";324;619;"SALVADOR";"Ausência de reação do condutor";"Queda de ocupante de veículo";"Com Vítimas Feridas";"Pleno dia";"Decrescente";"Céu Claro";"Dupla";"Reta";"Sim";1;0;1;0;0;0;1;1;-12,90811445;-38,45746994;"SPRF-BA";"DEL01-BA";"UOP01-DEL01-BA"
672113;2025-04-07;"segunda-feira";"06:40:00";"PR";277;7,9;"PARANAGUA";"Velocidade Incompatível";"Atropelamento de Pedestre";"Com Vítimas Fatais";"Amanhecer";"Decrescente";"Nublado";"Múltipla";"Aclive;Reta";"Não";2;1;0;0;0;1;0;2;-25,56365873;-48,59355927;"SPRF-PR";"DEL01-PR";"UOP05-DEL01-PR"
672115;2025-04-07;"segunda-feira";"07:00:00";"PR";376;161;"MARINGA";"Reação tardia ou ineficiente do condutor";"Queda de ocupante de veículo";"Com Vítimas Feridas";"Pleno dia";"Crescente";"Céu Claro";"Dupla";"Reta";"Não";1;0;1;0;0;0;1;1;-23,3688152;-52,06539636;"SPRF-PR";"DEL09-PR";"UOP02-DEL09-PR"
672116;2025-04-07;"segunda-feira";"06:50:00";"GO";153;78;"PORANGATU";"Reação tardia ou ineficiente do condutor";"Colisão lateral mesmo sentido";"Com Vítimas Feridas";"Pleno dia";"Crescente";"Céu Claro";"Simples";"Declive";"Não";2;0;2;0;0;0;2;2;-13,4086656;-49,1323392;"SPRF-GO";"DEL07-GO";"UOP01-DEL07-GO"
672118;2025-04-07;"segunda-feira";"07:00:00";"MS";163;478;"CAMPO GRANDE";"Ausência de reação do condutor";"Colisão transversal";"Com Vítimas Feridas";"Pleno dia";"Crescente";"Sol";"Simples";"Reta";"Sim";2;0;1;0;1;0;1;2;-20,49494498;-54,55914617;"SPRF-MS";"DEL01-MS";"UOP01-DEL01-MS"
672119;2025-04-07;"segunda-feira";"07:10:00";"PB";101;31,6;"RIO TINTO";"Condutor deixou de manter distância do veículo da frente";"Colisão traseira";"Com Vítimas Feridas";"Amanhecer";"Decrescente";"Chuva";"Dupla";"Reta;Em Obras";"Não";3;0;0;1;2;0;1;2;-6,76921337;-35,13323307;"SPRF-PB";"DEL01-PB";"UOP03-DEL01-PB"
672122;2025-04-07;"segunda-feira";"07:30:00";"PR";369;159;"LONDRINA";"Ausência de reação do condutor";"Colisão traseira";"Com Vítimas Feridas";"Pleno dia";"Crescente";"Céu Claro";"Dupla";"Reta";"Não";2;0;0;1;1;0;1;2;-23,2881001;-51,2258932;"SPRF-PR";"DEL07-PR";"UOP01-DEL07-PR"
672123;2025-04-07;"segunda-feira";"07:48:00";"BA";242;825;"BARREIRAS";"Reação tardia ou ineficiente do condutor";"Queda de ocupante de veículo";"Com Vítimas Feridas";"Pleno dia";"Crescente";"Céu Claro";"Simples";"Declive";"Não";2;0;2;0;0;0;2;1;-12,12022922;-45,04016876;"SPRF-BA";"DEL10-BA";"UOP01-DEL10-BA"
672124;2025-04-07;"segunda-feira";"07:20:00";"PR";116;6,5;"CAMPINA GRANDE DO SUL";"Velocidade Incompatível";"Saída de leito carroçável";"Sem Vítimas";"Pleno dia";"Decrescente";"Garoa/Chuvisco";"Dupla";"Declive;Curva";"Não";4;0;0;0;4;0;0;1;-25,08775602;-48,60478163;"SPRF-PR";"DEL01-PR";"UOP02-DEL01-PR"
672125;2025-04-07;"segunda-feira";"07:50:00";"BA";101;851;"ALCOBACA";"Ultrapassagem Indevida";"Saída de leito carroçável";"Com Vítimas Feridas";"Pleno dia";"Decrescente";"Nublado";"Simples";"Reta";"Não";7;0;6;0;0;1;6;2;-17,327795;-39,63118;"SPRF-BA";"DEL09-BA";"UOP02-DEL09-BA"
672126;2025-04-07;"segunda-feira";"08:00:00";"MG";381;0;"BETIM";"Trafegar com motocicleta (ou similar) entre as faixas";"Colisão lateral mesmo sentido";"Com Vítimas Feridas";"Pleno dia";"Crescente";"Nublado";"Dupla";"Aclive";"Não";3;0;1;1;0;1;2;2;-19,96302192;-44,15705287;"SPRF-MG";"DEL01-MG";"UOP03-DEL01-MG"
672128;2025-03-24;"segunda-feira";"19:20:00";"MG";40;749,5;"SANTOS DUMONT";"Chuva";"Colisão lateral sentido oposto";"Com Vítimas Feridas";"Plena Noite";"Crescente";"Chuva";"Simples";"Curva";"Sim";2;0;1;0;1;0;1;2;-21,48540516;-43,53571236;"SPRF-MG";"DEL05-MG";"UOP01-DEL05-MG"
672130;2025-04-07;"segunda-feira";"08:32:00";"SP";116;224;"GUARULHOS";"Acessar a via sem observar a presença dos outros veículos";"Colisão lateral mesmo sentido";"Com Vítimas Feridas";"Pleno dia";"Crescente";"Sol";"Múltipla";"Reta";"Sim";2;0;1;0;1;0;1;2;-23,48435056;-46,53927326;"SPRF-SP";"DEL01-SP";"UOP01-DEL01-SP"
672131;2025-04-07;"segunda-feira";"08:07:00";"RJ";101;326;"NITEROI";"Ausência de reação do condutor";"Colisão traseira";"Com Vítimas Feridas";"Pleno dia";"Crescente";"Céu Claro";"Dupla";"Ponte;Reta";"Sim";3;0;1;0;2;0;1;2;-22,87206298;-43,14949036;"SPRF-RJ";"DEL02-RJ";"UOP01-DEL02-RJ"
672133;2025-04-07;"segunda-feira";"07:50:00";"PR";369;159;"CAMBE";"Condutor deixou de manter distância do veículo da frente";"Engavetamento";"Com Vítimas Feridas";"Pleno dia";"Decrescente";"Nublado";"Dupla";"Reta";"Sim";5;0;1;0;4;0;1;5;-23,28297725;-51,24918222;"SPRF-PR";"DEL07-PR";"UOP01-DEL07-PR"
672135;2025-04-07;"segunda-feira";"07:00:00";"SP";116;231;"SAO PAULO";"Ausência de reação do condutor";"Colisão traseira";"Com Vítimas Feridas";"Pleno dia";"Decrescente";"Céu Claro";"Dupla";"Reta";"Não";2;0;1;0;1;0;1;2;-23,52101384;-46,58411027;"SPRF-SP";"DEL01-SP";"UOP01-DEL01-SP"
672137;2025-04-07;"segunda-feira";"08:30:00";"PR";277;216;"TEIXEIRA SOARES";"Ausência de reação do condutor";"Saída de leito carroçável";"Com Vítimas Feridas";"Pleno dia";"Crescente";"Céu Claro";"Simples";"Curva";"Não";1;0;0;1;0;0;1;1;-25,4656;-50,3507;"SPRF-PR";"DEL08-PR";"UOP02-DEL08-PR"
672138;2025-04-07;"segunda-feira";"08:55:00";"GO";60;70,8;"ABADIANIA";"Condutor Dormindo";"Saída de leito carroçável";"Com Vítimas Feridas";"Pleno dia";"Decrescente";"Céu Claro";"Dupla";"Reta";"Não";1;0;1;0;0;0;1;1;-16,2507305;-48,7607093;"SPRF-GO";"DEL02-GO";"UOP01-DEL02-GO"
672139;2025-04-07;"segunda-feira";"08:40:00";"BA";101;749,6;"ITABELA";"Ausência de reação do condutor";"Saída de leito carroçável";"Com Vítimas Feridas";"Pleno dia";"Decrescente";"Céu Claro";"Simples";"Aclive;Curva";"Não";1;0;1;0;0;0;1;1;-16,610472;-39,546223;"SPRF-BA";"DEL09-BA";"UOP01-DEL09-BA"
672140;2025-04-07;"segunda-feira";"09:00:00";"RN";101;98;"NATAL";"Ausência de reação do condutor";"Tombamento";"Com Vítimas Feridas";"Pleno dia";"Decrescente";"Céu Claro";"Múltipla";"Reta";"Sim";2;0;0;1;0;1;1;1;-5,8634386;-35,2160719;"SPRF-RN";"DEL01-RN";"UOP01-DEL01-RN"
672142;2025-04-07;"segunda-feira";"08:20:00";"ES";101;267,6;"SERRA";"Manobra de mudança de faixa";"Colisão lateral mesmo sentido";"Com Vítimas Feridas";"Pleno dia";"Crescente";"Chuva";"Dupla";"Reta";"Sim";3;0;1;0;2;0;1;2;-20,20282998;-40,26916589;"SPRF-ES";"DEL02-ES";"UOP01-DEL02-ES"
672143;2025-04-07;"segunda-feira";"08:10:00";"PR";153;28;"SANTO ANTONIO DA PLATINA";"Ultrapassagem Indevida";"Saída de leito carroçável";"Com Vítimas Feridas";"Pleno dia";"Decrescente";"Céu Claro";"Simples";"Reta";"Não";2;0;0;2;0;0;2;1;-23,37062;-50,064442;"SPRF-PR";"DEL07-PR";"UOP04-DEL07-PR"
672144;2025-04-07;"segunda-feira";"09:38:00";"TO";153;639,3;"ALIANCA DO TOCANTINS";"Reação tardia ou ineficiente do condutor";"Queda de ocupante de veículo";"Com Vítimas Feridas";"Pleno dia";"Crescente";"Céu Claro";"Simples";"Reta";"Não";1;0;1;0;0;0;1;1;-11,44388;-48,989769;"SPRF-TO";"DEL01-TO";"UOP02-DEL01-TO"
672145;2025-04-07;"segunda-feira";"07:44:00";"RO";364;342,9;"JI-PARANA";"Reação tardia ou ineficiente do condutor";"Colisão traseira";"Com Vítimas Feridas";"Pleno dia";"Crescente";"Céu Claro";"Múltipla";"Reta;Aclive";"Sim";3;0;0;1;0;2;1;3;-10,878828;-61,944715;"SPRF-RO";"DEL02-RO";"UOP01-DEL02-RO"
672146;2025-04-07;"segunda-feira";"08:50:00";"ES";101;335,4;"GUARAPARI";"Chuva";"Saída de leito carroçável";"Com Vítimas Feridas";"Pleno dia";"Decrescente";"Chuva";"Dupla";"Aclive;Curva";"Não";2;0;1;0;1;0;1;1;-20,62941055;-40,53711534;"SPRF-ES";"DEL03-ES";"UOP01-DEL03-ES"
672148;2025-04-07;"segunda-feira";"09:20:00";"SC";101;433,9;"SOMBRIO";"Conversão proibida";"Colisão lateral mesmo sentido";"Com Vítimas Feridas";"Pleno dia";"Crescente";"Nublado";"Simples";"Reta";"Sim";3;0;0;1;1;1;1;3;-29,09670197;-49,63368589;"SPRF-SC";"DEL02-SC";"UOP02-DEL02-SC"
672149;2025-04-07;"segunda-feira";"09:30:00";"RJ";40;115;"DUQUE DE CAXIAS";"Demais falhas mecânicas ou elétricas";"Tombamento";"Com Vítimas Feridas";"Pleno dia";"Decrescente";"Sol";"Múltipla";"Reta";"Sim";2;0;1;0;1;0;1;1;-22,734982;-43,288448;"SPRF-RJ";"DEL01-RJ";"UOP02-DEL01-RJ"
672150;2025-04-07;"segunda-feira";"09:00:00";"PR";116;15;"CAMPINA GRANDE DO SUL";"Velocidade Incompatível";"Capotamento";"Com Vítimas Feridas";"Pleno dia";"Decrescente";"Chuva";"Dupla";"Curva";"Não";1;0;1;0;0;0;1;1;-25,10009557;-48,69277954;"SPRF-PR";"DEL01-PR";"UOP02-DEL01-PR"
672153;2025-04-07;"segunda-feira";"10:50:00";"RS";470;224;"GARIBALDI";"Acesso irregular";"Colisão transversal";"Sem Vítimas";"Pleno dia";"Decrescente";"Nublado";"Simples";"Reta";"Não";2;0;0;0;2;0;0;2;-29,25080599;-51,51377678;"SPRF-RS";"DEL06-RS";"UOP01-DEL06-RS"
672155;2025-04-07;"segunda-feira";"09:20:00";"PE";232;361,7;"FLORES";"Pedestre andava na pista";"Atropelamento de Pedestre";"Com Vítimas Fatais";"Pleno dia";"Crescente";"Céu Claro";"Simples";"Reta";"Não";2;1;1;0;0;0;1;2;-8,044188;-37,895379;"SPRF-PE";"DEL04-PE";"UOP01-DEL04-PE"
672156;2025-04-07;"segunda-feira";"07:10:00";"SC";101;274;"PAULO LOPES";"Condutor deixou de manter distância do veículo da frente";"Colisão traseira";"Com Vítimas Feridas";"Pleno dia";"Crescente";"Chuva";"Dupla";"Reta";"Sim";2;0;1;0;1;0;1;2;-28,0770999;-48,7125413;"SPRF-SC";"DEL02-SC";"UOP03-DEL02-SC"
672157;2025-03-30;"domingo";"17:15:00";"AP";210;3;"MACAPA";"Transitar na contramão";"Colisão frontal";"Com Vítimas Feridas";"Pleno dia";"Crescente";"Céu Claro";"Simples";"Interseção de Vias";"Sim";3;0;1;2;0;0;3;2;0,087598;-51,092073;"SPRF-AP";"DEL01-AP";"UOP01-DEL01-AP"
672158;2025-04-07;"segunda-feira";"11:20:00";"RJ";116;186;"NOVA IGUACU";"Manobra de mudança de faixa";"Colisão lateral sentido oposto";"Com Vítimas Feridas";"Pleno dia";"Decrescente";"Céu Claro";"Múltipla";"Reta";"Sim";2;0;1;0;0;1;1;2;-22,73943382;-43,46851045;"SPRF-RJ";"DEL06-RJ";"UOP01-DEL06-RJ"
672159;2025-04-07;"segunda-feira";"11:00:00";"PE";101;147;"RIBEIRAO";"Demais falhas mecânicas ou elétricas";"Saída de leito carroçável";"Com Vítimas Feridas";"Pleno dia";"Crescente";"Céu Claro";"Dupla";"Reta";"Não";2;0;0;2;0;0;2;1;-8,47615;-35,37167;"SPRF-PE";"DEL01-PE";"UOP03-DEL01-PE"
672160;2025-04-07;"segunda-feira";"11:50:00";"SP";116;227;"SAO PAULO";"Manobra de mudança de faixa";"Colisão traseira";"Com Vítimas Feridas";"Pleno dia";"Crescente";"Nublado";"Múltipla";"Reta;Aclive";"Não";2;0;1;0;1;0;1;2;-23,5048146;-46,5690225;"SPRF-SP";"DEL01-SP";"UOP01-DEL01-SP"
672162;2025-04-07;"segunda-feira";"10:30:00";"PR";369;11,5;"CAMBARA";"Ausência de reação do condutor";"Tombamento";"Com Vítimas Feridas";"Pleno dia";"Decrescente";"Céu Claro";"Simples";"Reta";"Não";2;0;2;0;0;0;2;1;-23,01135318;-50,0099122;"SPRF-PR";"DEL07-PR";"UOP05-DEL07-PR"
672163;2025-04-07;"segunda-feira";"12:00:00";"SP";116;318;"JUQUITIBA";"Demais falhas mecânicas ou elétricas";"Incêndio";"Sem Vítimas";"Pleno dia";"Crescente";"Nublado";"Dupla";"Reta;Aclive";"Não";1;0;0;0;0;1;0;1;-23,929777;-46,996592;"SPRF-SP";"DEL04-SP";"UOP03-DEL04-SP"
672166;2025-01-15;"quarta-feira";"19:30:00";"PR";369;185;"ARAPONGAS";"Manobra de mudança de faixa";"Colisão transversal";"Com Vítimas Feridas";"Anoitecer";"Crescente";"Céu Claro";"Simples";"Reta;Interseção de Vias";"Sim";2;0;1;0;0;1;1;2;-23,41387791;-51,42696792;"SPRF-PR";"DEL07-PR";"UOP03-DEL07-PR"
672167;2025-04-07;"segunda-feira";"11:45:00";"BA";367;62;"PORTO SEGURO";"Pedestre andava na pista";"Atropelamento de Pedestre";"Com Vítimas Feridas";"Pleno dia";"Decrescente";"Chuva";"Simples";"Reta";"Não";2;0;0;1;0;1;1;2;-16,393972;-39,402337;"SPRF-BA";"DEL09-BA";"UOP03-DEL09-BA"
672168;2025-04-07;"segunda-feira";"13:15:00";"SC";282;67,5;"RANCHO QUEIMADO";"Velocidade Incompatível";"Saída de leito carroçável";"Com Vítimas Feridas";"Pleno dia";"Crescente";"Chuva";"Simples";"Declive;Curva";"Não";1;0;0;1;0;0;1;1;-27,691202;-49,072095;"SPRF-SC";"DEL01-SC";"UOP03-DEL01-SC"
672169;2025-03-30;"domingo";"12:03:00";"SP";116;150,3;"SAO JOSE DOS CAMPOS";"Condutor deixou de manter distância do veículo da frente";"Engavetamento";"Com Vítimas Feridas";"Pleno dia";"Crescente";"Céu Claro";"Múltipla";"Reta";"Não";7;0;7;0;0;0;7;3;-23,21721105;-45,89783192;"SPRF-SP";"DEL02-SP";"UOP01-DEL02-SP"
672170;2025-03-14;"sexta-feira";"18:10:00";"RJ";393;281;"VOLTA REDONDA";"Acessar a via sem observar a presença dos outros veículos";"Colisão transversal";"Com Vítimas Feridas";"Anoitecer";"Crescente";"Chuva";"Simples";"Reta;Interseção de Vias";"Sim";2;0;1;0;1;0;1;2;-22,47343274;-44,05969139;"SPRF-RJ";"DEL05-RJ";"UOP04-DEL05-RJ"
672171;2025-04-07;"segunda-feira";"12:25:00";"PB";230;1;"CABEDELO";"Conversão proibida";"Colisão traseira";"Sem Vítimas";"Pleno dia";"Crescente";"Nublado";"Dupla";"Reta";"Sim";2;0;0;0;2;0;0;2;-6,97859028;-34,83083367;"SPRF-PB";"DEL01-PB";"UOP01-DEL01-PB"
672172;2025-04-07;"segunda-feira";"13:30:00";"PR";116;129;"FAZENDA RIO GRANDE";"Reação tardia ou ineficiente do condutor";"Colisão lateral mesmo sentido";"Com Vítimas Feridas";"Pleno dia";"Crescente";"Nublado";"Dupla";"Reta";"Sim";3;0;0;1;2;0;1;3;-25,665403;-49,31414;"SPRF-PR";"DEL01-PR";"UOP03-DEL01-PR"
672173;2025-04-07;"segunda-feira";"11:25:00";"MS";163;680;"RIO VERDE DE MATO GROSSO";"Acessar a via sem observar a presença dos outros veículos";"Colisão transversal";"Com Vítimas Feridas";"Pleno dia";"Crescente";"Céu Claro";"Simples";"Reta";"Sim";2;0;1;0;1;0;1;2;-18,91253371;-54,83931363;"SPRF-MS";"DEL06-MS";"UOP02-DEL06-MS"
672174;2025-04-07;"segunda-feira";"13:00:00";"MG";459;88,6;"CONGONHAL";"Conversão proibida";"Colisão transversal";"Com Vítimas Feridas";"Pleno dia";"Crescente";"Céu Claro";"Simples";"Reta";"Não";2;0;1;0;1;0;1;2;-22,15001686;-46,03030086;"SPRF-MG";"DEL09-MG";"UOP01-DEL09-MG"
672175;2025-04-07;"segunda-feira";"11:25:00";"MG";381;481;"CONTAGEM";"Ausência de reação do condutor";"Colisão lateral mesmo sentido";"Com Vítimas Feridas";"Pleno dia";"Decrescente";"Céu Claro";"Dupla";"Reta";"Não";2;0;1;0;1;0;1;2;-19,95847947;-44,05554593;"SPRF-MG";"DEL01-MG";"UOP03-DEL01-MG"
672178;2025-04-07;"segunda-feira";"13:30:00";"SP";116;219,9;"GUARULHOS";"Reação tardia ou ineficiente do condutor";"Colisão traseira";"Com Vítimas Feridas";"Pleno dia";"Crescente";"Nublado";"Múltipla";"Reta;Em Obras";"Sim";3;0;2;1;0;0;3;2;-23,467714;-46,506483;"SPRF-SP";"DEL01-SP";"UOP01-DEL01-SP"
672179;2025-04-07;"segunda-feira";"11:10:00";"RJ";116;112;"MAGE";"Reação tardia ou ineficiente do condutor";"Colisão lateral mesmo sentido";"Com Vítimas Feridas";"Pleno dia";"Crescente";"Sol";"Dupla";"Reta";"Sim";2;0;2;0;0;0;2;2;-22,6623488;-43,0866432;"SPRF-RJ";"DEL04-RJ";"UOP02-DEL04-RJ"
672182;2025-04-07;"segunda-feira";"13:30:00";"MG";381;450;"SABARA";"Mal súbito do condutor";"Colisão com objeto";"Com Vítimas Feridas";"Pleno dia";"Decrescente";"Sol";"Simples";"Reta";"Sim";1;0;1;0;0;0;1;1;-19,82746683;-43,83790905;"SPRF-MG";"DEL01-MG";"UOP01-DEL01-MG"
672186;2025-03-21;"sexta-feira";"18:00:00";"RJ";40;110;"DUQUE DE CAXIAS";"Manobra de mudança de faixa";"Colisão lateral mesmo sentido";"Com Vítimas Feridas";"Plena Noite";"Decrescente";"Nublado";"Simples";"Reta";"Sim";3;0;2;0;1;0;2;2;-22,70760114;-43,28997374;"SPRF-RJ";"DEL01-RJ";"UOP02-DEL01-RJ"
672187;2025-01-17;"sexta-feira";"13:45:00";"MA";316;476,3;"CODO";"Transitar na contramão";"Colisão lateral sentido oposto";"Com Vítimas Feridas";"Pleno dia";"Crescente";"Ignorado";"Simples";"Reta";"Não";2;0;0;1;1;0;1;2;-4,60423043;-43,94213676;"SPRF-MA";"DEL03-MA";"UOP02-DEL03-MA"