"id";"data_inversa";"dia_semana";"horario";"uf";"br";"km";"municipio";"causa_acidente";"tipo_acidente";"classificacao_acidente";"fase_dia";"sentido_via";"condicao_metereologica";"tipo_pista";"tracado_via";"uso_solo";"pessoas";"mortos";"feridos_leves";"feridos_graves";"ilesos";"ignorados";"feridos";"veiculos";"latitude";"longitude";"regional";"delegacia";"uop"
672190;2025-04-07;"segunda-feira";"14:14:00";"PE";101;55;"PAULISTA";"Demais falhas mecânicas ou elétricas";"Colisão traseira";"Com Vítimas Feridas";"Pleno dia";"Crescente";"Céu Claro";"Simples";"Reta;Interseção de Vias";"Não";2;0;0;1;1;0;1;2;-7,948167;-34,90662;"SPRF-PE";"DEL01-PE";"UOP02-DEL01-PE"
672192;2025-04-07;"segunda-feira";"14:20:00";"PR";277;0,9;"PARANAGUA";"Condutor deixou de manter distância do veículo da frente";"Colisão traseira";"Com Vítimas Feridas";"Pleno dia";"Decrescente";"Nublado";"Simples";"Reta";"Sim";3;0;1;0;2;0;1;2;-25,51526;-48,537827;"SPRF-PR";"DEL01-PR";"UOP05-DEL01-PR"
672193;2025-04-07;"segunda-feira";"12:56:00";"MT";163;688;"LUCAS DO RIO VERDE";"Desrespeitar a preferência no cruzamento";"Colisão transversal";"Com Vítimas Feridas";"Pleno dia";"Crescente";"Céu Claro";"Dupla";"Interseção de Vias;Reta";"Sim";2;0;0;1;1;0;1;2;-13,06954074;-55,92728611;"SPRF-MT";"DEL06-MT";"UOP01-DEL06-MT"
672194;2025-04-07;"segunda-feira";"13:35:00";"RS";116;143,2;"CAXIAS DO SUL";"Reação tardia ou ineficiente do condutor";"Colisão frontal";"Sem Vítimas";"Pleno dia";"Crescente";"Chuva";"Dupla";"Curva";"Sim";4;0;0;0;4;0;0;2;-29,12182;-51,122555;"SPRF-RS";"DEL05-RS";"UOP01-DEL05-RS"
672195;2025-03-12;"quarta-feira";"09:30:00";"PE";423;64,1;"CALCADO";"Acessar a via sem observar a presença dos outros veículos";"Tombamento";"Com Vítimas Feridas";"Pleno dia";"Crescente";"Ignorado";"Simples";"Reta";"Não";1;0;0;1;0;0;1;1;-8,664549;-36,357684;"SPRF-PE";"DEL03-PE";"UOP01-DEL03-PE"
672196;2025-04-07;"segunda-feira";"15:15:00";"CE";116;25;"AQUIRAZ";"Condutor deixou de manter distância do veículo da frente";"Colisão traseira";"Com Vítimas Feridas";"Pleno dia";"Crescente";"Céu Claro";"Dupla";"Declive;Reta";"Não";6;0;4;0;2;0;4;3;-3,966;-38,515;"SPRF-CE";"DEL01-CE";"UOP02-DEL01-CE"
672197;2025-04-07;"segunda-feira";"14:20:00";"RS";470;217,3;"BENTO GONCALVES";"Chuva";"Queda de ocupante de veículo";"Com Vítimas Feridas";"Pleno dia";"Decrescente";"Chuva";"Simples";"Aclive;Curva";"Sim";1;0;1;0;0;0;1;1;-29,17514196;-51,52278531;"SPRF-RS";"DEL06-RS";"UOP01-DEL06-RS"
672198;2025-04-07;"segunda-feira";"14:45:00";"RS";470;218;"BENTO GONCALVES";"Velocidade Incompatível";"Colisão frontal";"Com Vítimas Feridas";"Pleno dia";"Crescente";"Chuva";"Simples";"Curva";"Não";3;0;1;0;2;0;1;2;-29,18696845;-51,5203839;"SPRF-RS";"DEL06-RS";"UOP01-DEL06-RS"
672203;2025-04-07;"segunda-feira";"16:15:00";"GO";40;4;"VALPARAISO DE GOIAS";"Reação tardia ou ineficiente do condutor";"Colisão traseira";"Com Vítimas Feridas";"Pleno dia";"Crescente";"Céu Claro";"Dupla";"Reta";"Sim";4;0;2;0;2;0;2;3;-16,093643;-47,981886;"SPRF-DF";"DEL01-DF";"UOP01-DEL01-DF"
672204;2025-04-07;"segunda-feira";"16:20:00";"PI";343;0,9;"TERESINA";"Acessar a via sem observar a presença dos outros veículos";"Colisão transversal";"Com Vítimas Feridas";"Pleno dia";"Crescente";"Céu Claro";"Dupla";"Reta";"Sim";2;0;1;0;1;0;1;2;-5,080055;-42,757618;"SPRF-PI";"DEL05-PI";"UOP01-DEL05-PI"
672205;2025-04-07;"segunda-feira";"16:45:00";"BA";324;0;"FEIRA DE SANTANA";"Trafegar com motocicleta (ou similar) entre as faixas";"Colisão lateral mesmo sentido";"Com Vítimas Feridas";"Plena Noite";"Crescente";"Sol";"Simples";"Viaduto";"Sim";4;0;2;0;2;0;2;2;-12,2724796;-38,93614735;"SPRF-BA";"DEL02-BA";"UOP01-DEL02-BA"
672206;2025-04-07;"segunda-feira";"16:10:00";"RS";101;10,2;"DOM PEDRO DE ALCANTARA";"Manobra de mudança de faixa";"Colisão traseira";"Sem Vítimas";"Pleno dia";"Decrescente";"Garoa/Chuvisco";"Dupla";"Curva";"Sim";2;0;0;0;2;0;0;2;-29,3745661;-49,8245722;"SPRF-RS";"DEL03-RS";"UOP02-DEL03-RS"
672209;2025-04-07;"segunda-feira";"12:45:00";"PE";423;177;"AGUAS BELAS";"Ingestão de álcool pelo condutor";"Colisão traseira";"Com Vítimas Fatais";"Pleno dia";"Crescente";"Céu Claro";"Simples";"Reta";"Não";2;1;1;0;0;0;1;2;-9,13039;-37,11986;"SPRF-AL";"DEL03-AL";"UOP02-DEL03-AL"
672212;2025-04-07;"segunda-feira";"17:00:00";"SC";280;4;"SAO FRANCISCO DO SUL";"Retorno proibido";"Colisão traseira";"Com Vítimas Feridas";"Pleno dia";"Crescente";"Nublado";"Simples";"Reta";"Sim";2;0;1;0;1;0;1;2;-26,253143;-48,618982;"SPRF-SC";"DEL03-SC";"UOP03-DEL03-SC"
672213;2025-04-07;"segunda-feira";"16:40:00";"PI";316;312,1;"PICOS";"Manobra de mudança de faixa";"Colisão traseira";"Com Vítimas Feridas";"Pleno dia";"Crescente";"Sol";"Simples";"Reta";"Sim";2;0;1;0;1;0;1;2;-7,08117;-41,453964;"SPRF-PI";"DEL04-PI";"UOP01-DEL04-PI"
672214;2025-04-07;"segunda-feira";"17:00:00";"SP";116;219,2;"GUARULHOS";"Trafegar com motocicleta (ou similar) entre as faixas";"Colisão traseira";"Com Vítimas Feridas";"Pleno dia";"Decrescente";"Nublado";"Múltipla";"Em Obras;Reta";"Não";2;0;1;0;1;0;1;2;-23,46397277;-46,49537779;"SPRF-SP";"DEL01-SP";"UOP01-DEL01-SP"
672215;2025-04-07;"segunda-feira";"17:15:00";"MG";381;481;"CONTAGEM";"Condutor deixou de manter distância do veículo da frente";"Colisão traseira";"Sem Vítimas";"Pleno dia";"Crescente";"Nublado";"Múltipla";"Aclive;Reta";"Sim";3;0;0;0;3;0;0;2;-19,95894585;-44,06349742;"SPRF-MG";"DEL01-MG";"UOP03-DEL01-MG"
672216;2025-04-07;"segunda-feira";"14:30:00";"RS";285;104;"VACARIA";"Ingestão de álcool pelo condutor";"Saída de leito carroçável";"Com Vítimas Feridas";"Pleno dia";"Crescente";"Chuva";"Simples";"Reta";"Não";4;0;3;0;0;1;3;2;-28,5453604;-50,7901411;"SPRF-RS";"DEL05-RS";"UOP03-DEL05-RS"
672219;2025-04-07;"segunda-feira";"17:30:00";"SC";101;223,5;"PALHOCA";"Acessar a via sem observar a presença dos outros veículos";"Colisão transversal";"Com Vítimas Feridas";"Anoitecer";"Crescente";"Chuva";"Dupla";"Interseção de Vias";"Não";3;0;2;1;0;0;3;2;-27,719914;-48,646379;"SPRF-SC";"DEL01-SC";"UOP02-DEL01-SC"
672220;2025-04-07;"segunda-feira";"16:40:00";"GO";153;87;"PORANGATU";"Reação tardia ou ineficiente do condutor";"Colisão transversal";"Com Vítimas Feridas";"Pleno dia";"Crescente";"Céu Claro";"Simples";"Reta";"Não";2;0;1;0;1;0;1;2;-13,4086656;-49,1323392;"SPRF-GO";"DEL07-GO";"UOP01-DEL07-GO"
672221;2025-04-07;"segunda-feira";"17:52:00";"RJ";116;181;"NOVA IGUACU";"Avarias e/ou desgaste excessivo no pneu";"Queda de ocupante de veículo";"Com Vítimas Feridas";"Plena Noite";"Decrescente";"Céu Claro";"Múltipla";"Reta";"Sim";2;0;1;1;0;0;2;1;-22,761515;-43,42344934;"SPRF-RJ";"DEL06-RJ";"UOP01-DEL06-RJ"
672222;2025-04-07;"segunda-feira";"12:15:00";"SC";101;339;"TUBARAO";"Acessar a via sem observar a presença dos outros veículos";"Colisão transversal";"Sem Vítimas";"Pleno dia";"Crescente";"Chuva";"Dupla";"Viaduto;Interseção de Vias";"Sim";2;0;0;0;2;0;0;2;-28,50691783;-49,05004241;"SPRF-SC";"DEL02-SC";"UOP01-DEL02-SC"
672226;2025-04-07;"segunda-feira";"18:00:00";"ES";101;144,8;"LINHARES";"Ausência de reação do condutor";"Colisão traseira";"Com Vítimas Feridas";"Anoitecer";"Crescente";"Céu Claro";"Dupla";"Reta";"Sim";2;0;1;0;1;0;1;2;-19,36038489;-40,06439209;"SPRF-ES";"DEL04-ES";"UOP01-DEL04-ES"
672227;2025-04-07;"segunda-feira";"18:10:00";"MG";365;18,7;"MONTES CLAROS";"Transitar na contramão";"Colisão frontal";"Com Vítimas Feridas";"Anoitecer";"Decrescente";"Céu Claro";"Simples";"Declive;Reta";"Não";2;0;0;1;1;0;1;2;-16,8768124;-43,9901758;"SPRF-MG";"DEL12-MG";"UOP01-DEL12-MG"
672228;2025-04-07;"segunda-feira";"18:40:00";"PE";101;49;"VITORIA DE SANTO ANTAO";"Mal súbito do condutor";"Tombamento";"Com Vítimas Feridas";"Anoitecer";"Crescente";"Nublado";"Dupla";"Reta";"Não";1;0;1;0;0;0;1;1;-8,14314;-35,3166;"SPRF-PE";"DEL01-PE";"UOP02-DEL01-PE"
672229;2025-04-07;"segunda-feira";"17:44:00";"RS";116;231;"IVOTI";"Ultrapassagem Indevida";"Colisão lateral mesmo sentido";"Sem Vítimas";"Anoitecer";"Decrescente";"Chuva";"Dupla";"Reta";"Não";2;0;0;0;2;0;0;2;-29,62724983;-51,13821874;"SPRF-RS";"DEL01-RS";"UOP02-DEL01-RS"
672231;2025-04-07;"segunda-feira";"18:30:00";"PE";104;66;"CARUARU";"Ausência de reação do condutor";"Colisão lateral mesmo sentido";"Com Vítimas Feridas";"Plena Noite";"Crescente";"Céu Claro";"Dupla";"Reta";"Sim";2;0;0;1;1;0;1;2;-8,291224;-35,985424;"SPRF-PE";"DEL02-PE";"UOP01-DEL02-PE"
672232;2025-04-07;"segunda-feira";"18:00:00";"PI";343;267;"CAMPO MAIOR";"Acessar a via sem observar a presença dos outros veículos";"Colisão transversal";"Com Vítimas Feridas";"Pleno dia";"Decrescente";"Céu Claro";"Simples";"Reta";"Sim";2;0;0;2;0;0;2;2;-4,8463872;-42,1855232;"SPRF-PI";"DEL01-PI";"UOP03-DEL01-PI"
672235;2025-04-07;"segunda-feira";"18:25:00";"RJ";40;118;"DUQUE DE CAXIAS";"Ausência de reação do condutor";"Colisão traseira";"Com Vítimas Feridas";"Plena Noite";"Crescente";"Céu Claro";"Múltipla";"Reta";"Sim";2;0;0;1;1;0;1;2;-22,76402339;-43,28681946;"SPRF-RJ";"DEL01-RJ";"UOP02-DEL01-RJ"
672236;2025-04-07;"segunda-feira";"18:40:00";"GO";40;8;"VALPARAISO DE GOIAS";"Manobra de mudança de faixa";"Colisão traseira";"Com Vítimas Feridas";"Plena Noite";"Decrescente";"Céu Claro";"Dupla";"Reta";"Sim";3;0;2;0;1;0;2;2;-16,0502666;-47,982198;"SPRF-DF";"DEL01-DF";"UOP01-DEL01-DF"
672239;2025-04-07;"segunda-feira";"18:30:00";"PR";476;149,9;"ARAUCARIA";"Manobra de mudança de faixa";"Colisão lateral mesmo sentido";"Com Vítimas Feridas";"Anoitecer";"Crescente";"Nublado";"Dupla";"Reta";"Sim";3;0;2;0;1;0;2;2;-25,55867327;-49,36895002;"SPRF-PR";"DEL01-PR";"UOP06-DEL01-PR"
672240;2025-04-07;"segunda-feira";"18:40:00";"SP";101;44,3;"UBATUBA";"Acessar a via sem observar a presença dos outros veículos";"Colisão transversal";"Com Vítimas Feridas";"Plena Noite";"Decrescente";"Nublado";"Simples";"Reta";"Sim";2;0;1;0;1;0;1;2;-23,41246217;-45,05720247;"SPRF-SP";"DEL06-SP";"UOP01-DEL06-SP"
672241;2025-04-07;"segunda-feira";"19:00:00";"RJ";393;285,3;"VOLTA REDONDA";"Ausência de reação do condutor";"Tombamento";"Com Vítimas Feridas";"Plena Noite";"Crescente";"Céu Claro";"Simples";"Reta;Aclive";"Sim";1;0;1;0;0;0;1;1;-22,5028445;-44,0727114;"SPRF-RJ";"DEL05-RJ";"UOP04-DEL05-RJ"
672246;2025-04-07;"segunda-feira";"17:15:00";"SC";282;168,5;"BOCAINA DO SUL";"Falta de elemento de contenção que evite a saída do leito carroçável";"Saída de leito carroçável";"Com Vítimas Feridas";"Anoitecer";"Crescente";"Garoa/Chuvisco";"Simples";"Curva";"Não";3;0;2;0;1;0;2;1;-27,74202;-49,82605;"SPRF-SC";"DEL05-SC";"UOP01-DEL05-SC"
672249;2025-04-07;"segunda-feira";"18:00:00";"MT";364;403;"CUIABA";"Condutor deixou de manter distância do veículo da frente";"Colisão lateral mesmo sentido";"Com Vítimas Feridas";"Anoitecer";"Decrescente";"Céu Claro";"Dupla";"Reta";"Sim";2;0;1;0;1;0;1;2;-15,64609808;-56,00963826;"SPRF-MT";"DEL01-MT";"UOP02-DEL01-MT"
672250;2025-04-07;"segunda-feira";"18:20:00";"RS";290;64;"GRAVATAI";"Reação tardia ou ineficiente do condutor";"Saída de leito carroçável";"Sem Vítimas";"Plena Noite";"Crescente";"Chuva";"Dupla";"Reta";"Não";1;0;0;0;1;0;0;1;-29,93976287;-50,89038849;"SPRF-RS";"DEL03-RS";"UOP01-DEL03-RS"
672251;2025-04-07;"segunda-feira";"20:25:00";"TO";153;137;"ARAGUAINA";"Chuva";"Saída de leito carroçável";"Com Vítimas Feridas";"Plena Noite";"Decrescente";"Chuva";"Dupla";"Declive;Reta";"Sim";1;0;1;0;0;0;1;1;-7,15722441;-48,20458531;"SPRF-TO";"DEL02-TO";"UOP01-DEL02-TO"
672252;2025-04-07;"segunda-feira";"20:00:00";"MG";365;20,3;"MONTES CLAROS";"Afundamento ou ondulação no pavimento";"Saída de leito carroçável";"Com Vítimas Feridas";"Plena Noite";"Decrescente";"Céu Claro";"Simples";"Curva;Em Obras";"Não";2;0;2;0;0;0;2;1;-16,8780328;-44,0056501;"SPRF-MG";"DEL12-MG";"UOP01-DEL12-MG"
672253;2025-04-07;"segunda-feira";"19:54:00";"RJ";101;323;"NITEROI";"Ausência de reação do condutor";"Colisão traseira";"Com Vítimas Feridas";"Plena Noite";"Decrescente";"Céu Claro";"Múltipla";"Reta";"Sim";3;0;2;0;0;1;2;2;-22,87396094;-43,12786102;"SPRF-RJ";"DEL02-RJ";"UOP01-DEL02-RJ"
672254;2025-04-07;"segunda-feira";"19:20:00";"RJ";101;476;"ANGRA DOS REIS";"Mal súbito do condutor";"Engavetamento";"Sem Vítimas";"Plena Noite";"Decrescente";"Nublado";"Simples";"Reta";"Sim";11;0;0;0;9;2;0;5;-23,00300254;-44,26241565;"SPRF-RJ";"DEL03-RJ";"UOP03-DEL03-RJ"
672255;2025-04-07;"segunda-feira";"17:00:00";"BA";420;264,3;"MUTUIPE";"Conversão proibida";"Colisão frontal";"Com Vítimas Fatais";"Anoitecer";"Decrescente";"Céu Claro";"Simples";"Reta";"Não";2;1;1;0;0;0;1;2;-13,229222;-39,517577;"SPRF-BA";"DEL01-BA";"UOP02-DEL01-BA"
672256;2025-04-07;"segunda-feira";"18:30:00";"PR";376;591,6;"CURITIBA";"Reação tardia ou ineficiente do condutor";"Colisão traseira";"Com Vítimas Feridas";"Anoitecer";"Crescente";"Nublado";"Dupla";"Interseção de Vias;Aclive;Reta";"Sim";2;0;1;0;1;0;1;2;-25,43014101;-49,36629111;"SPRF-PR";"DEL03-PR";"UOP03-DEL03-PR"
672259;2025-04-07;"segunda-feira";"17:55:00";"SC";163;110,9;"GUARUJA DO SUL";"Acessar a via sem observar a presença dos outros veículos";"Colisão transversal";"Com Vítimas Feridas";"Anoitecer";"Crescente";"Céu Claro";"Simples";"Interseção de Vias;Aclive;Curva";"Não";2;0;1;1;0;0;2;2;-26,39765512;-53,52471471;"SPRF-SC";"DEL07-SC";"UOP03-DEL07-SC"
672260;2025-04-07;"segunda-feira";"19:45:00";"MG";116;407;"GOVERNADOR VALADARES";"Ausência de reação do condutor";"Tombamento";"Com Vítimas Feridas";"Plena Noite";"Decrescente";"Céu Claro";"Simples";"Reta";"Sim";1;0;0;1;0;0;1;1;-18,8612608;-41,9561472;"SPRF-MG";"DEL06-MG";"UOP01-DEL06-MG"
672261;2025-04-07;"segunda-feira";"18:37:00";"AC";317;178;"CAPIXABA";"Animais na Pista";"Atropelamento de Animal";"Sem Vítimas";"Plena Noite";"Crescente";"Nublado";"Simples";"Reta";"Não";2;0;0;0;2;0;0;1;-10,59805656;-67,99522161;"SPRF-AC";"DEL01-AC";"UOP02-DEL01-AC"
672262;2025-04-07;"segunda-feira";"16:40:00";"PA";230;695,7;"BRASIL NOVO";"Manobra de mudança de faixa";"Colisão frontal";"Com Vítimas Fatais";"Pleno dia";"Decrescente";"Céu Claro";"Simples";"Reta;Aclive";"Não";2;1;0;0;1;0;0;2;-3,30808824;-52,52413273;"SPRF-PA";"DEL04-PA";"UOP01-DEL04-PA"
672263;2025-04-07;"segunda-feira";"18:30:00";"PB";104;116,5;"LAGOA SECA";"Ausência de reação do condutor";"Tombamento";"Com Vítimas Feridas";"Plena Noite";"Crescente";"Céu Claro";"Simples";"Reta";"Não";1;0;0;1;0;0;1;1;-7,17866;-35,863948;"SPRF-PB";"DEL02-PB";"UOP04-DEL02-PB"
672264;2025-04-07;"segunda-feira";"15:15:00";"SC";101;324;"CAPIVARI DE BAIXO";"Demais falhas mecânicas ou elétricas";"Incêndio";"Sem Vítimas";"Pleno dia";"Crescente";"Nublado";"Dupla";"Curva";"Não";1;0;0;0;1;0;0;1;-28,42448661;-48,93861298;"SPRF-SC";"DEL02-SC";"UOP01-DEL02-SC"
672265;2025-04-07;"segunda-feira";"16:00:00";"PI";407;427;"PICOS";"Ausência de reação do condutor";"Saída de leito carroçável";"Com Vítimas Fatais";"Plena Noite";"Decrescente";"Céu Claro";"Simples";"Reta";"Não";1;1;0;0;0;0;0;1;-7,114928;-41,409115;"SPRF-PI";"DEL04-PI";"UOP01-DEL04-PI"
672267;2025-04-07;"segunda-feira";"20:10:00";"RJ";493;105;"SEROPEDICA";"Reação tardia ou ineficiente do condutor";"Colisão traseira";"Com Vítimas Feridas";"Plena Noite";"Crescente";"Céu Claro";"Dupla";"Reta";"Não";10;0;1;0;9;0;1;3;-22,778825;-43,748727;"SPRF-RJ";"DEL01-RJ";"UOP03-DEL01-RJ"
672268;2025-04-07;"segunda-feira";"22:00:00";"RS";287;248;"SANTA MARIA";"Pedestre cruzava a pista fora da faixa";"Atropelamento de Pedestre";"Com Vítimas Feridas";"Plena Noite";"Decrescente";"Chuva";"Dupla";"Reta";"Sim";3;0;0;2;0;1;2;2;-29,696331;-53,849524;"SPRF-RS";"DEL09-RS";"UOP01-DEL09-RS"
672269;2025-04-06;"domingo";"21:50:00";"PA";316;110;"SANTA MARIA DO PARA";"Acessar a via sem observar a presença dos outros veículos";"Colisão transversal";"Com Vítimas Feridas";"Plena Noite";"Crescente";"Nublado";"Simples";"Curva";"Não";3;0;1;1;0;1;2;2;-1,316564;-47,510822;"SPRF-PA";"DEL01-PA";"UOP02-DEL01-PA"
672271;2025-04-07;"segunda-feira";"17:42:00";"CE";116;3,5;"FORTALEZA";"Trafegar com motocicleta (ou similar) entre as faixas";"Colisão lateral mesmo sentido";"Com Vítimas Feridas";"Anoitecer";"Crescente";"Céu Claro";"Múltipla";"Reta";"Sim";4;0;1;1;1;1;2;3;-3,78500477;-38,51225859;"SPRF-CE";"DEL01-CE";"UOP02-DEL01-CE"
672272;2025-04-07;"segunda-feira";"21:40:00";"SP";116;475;"JACUPIRANGA";"Condutor desrespeitou a iluminação vermelha do semáforo";"Colisão frontal";"Com Vítimas Feridas";"Plena Noite";"Decrescente";"Nublado";"Simples";"Interseção de Vias;Viaduto";"Sim";2;0;2;0;0;0;2;2;-24,69804543;-48,00189614;"SPRF-SP";"DEL05-SP";"UOP01-DEL05-SP"
672274;2025-04-07;"segunda-feira";"19:00:00";"RR";401;74;"BONFIM";"Ausência de reação do condutor";"Atropelamento de Animal";"Com Vítimas Feridas";"Plena Noite";"Decrescente";"Ignorado";"Simples";"Reta";"Não";2;0;1;0;1;0;1;2;3,187007;-60,195883;"SPRF-RR";"DEL01-RR";"UOP01-DEL01-RR"
672278;2025-04-07;"segunda-feira";"21:30:00";"SC";470;155,5;"TROMBUDO CENTRAL";"Velocidade Incompatível";"Saída de leito carroçável";"Sem Vítimas";"Plena Noite";"Crescente";"Garoa/Chuvisco";"Simples";"Curva";"Não";1;0;0;0;0;1;0;1;-27,279;-49,757;"SPRF-SC";"DEL04-SC";"UOP02-DEL04-SC"
672279;2025-04-07;"segunda-feira";"22:55:00";"MG";116;519;"CARATINGA";"Animais na Pista";"Atropelamento de Animal";"Com Vítimas Feridas";"Plena Noite";"Crescente";"Nublado";"Simples";"Reta";"Não";2;0;2;0;0;0;2;1;-19,71798497;-42,12830605;"SPRF-MG";"DEL06-MG";"UOP02-DEL06-MG"
672281;2025-04-07;"segunda-feira";"23:00:00";"MG";459;99,7;"POUSO ALEGRE";"Velocidade Incompatível";"Saída de leito carroçável";"Com Vítimas Feridas";"Plena Noite";"Decrescente";"Chuva";"Simples";"Curva";"Não";1;0;1;0;0;0;1;1;-22,202833;-45,959169;"SPRF-MG";"DEL09-MG";"UOP01-DEL09-MG"
672283;2025-04-07;"segunda-feira";"23:00:00";"MG";262;767,9;"UBERABA";"Condutor Dormindo";"Saída de leito carroçável";"Com Vítimas Feridas";"Plena Noite";"Crescente";"Céu Claro";"Simples";"Retorno Regulamentado;Reta";"Não";2;0;2;0;0;0;2;1;-19,67164545;-47,62484193;"SPRF-MG";"DEL13-MG";"UOP01-DEL13-MG"
672285;2025-04-08;"terça-feira";"00:30:00";"RN";101;83,6;"NATAL";"Condutor deixou de manter distância do veículo da frente";"Colisão lateral mesmo sentido";"Com Vítimas Feridas";"Plena Noite";"Decrescente";"Céu Claro";"Dupla";"Reta";"Sim";3;0;3;0;0;0;3;2;-5,77299631;-35,26106534;"SPRF-RN";"DEL02-RN";"UOP01-DEL02-RN"
672286;2025-04-08;"terça-feira";"01:00:00";"SC";101;163;"TIJUCAS";"Animais na Pista";"Atropelamento de Animal";"Com Vítimas Feridas";"Plena Noite";"Crescente";"Garoa/Chuvisco";"Dupla";"Reta";"Sim";2;0;1;1;0;0;2;1;-27,23385644;-48,6302917;"SPRF-SC";"DEL04-SC";"UOP03-DEL04-SC"
672287;2025-04-08;"terça-feira";"00:10:00";"RO";319;63;"PORTO VELHO";"Ausência de reação do condutor";"Atropelamento de Pedestre";"Com Vítimas Feridas";"Plena Noite";"Crescente";"Céu Claro";"Múltipla";"Reta";"Sim";2;0;0;1;1;0;1;2;-8,75938033;-63,88600046;"SPRF-RO";"DEL01-RO";"UOP01-DEL01-RO"
672289;2025-04-07;"segunda-feira";"23:20:00";"RO";429;200;"SAO FRANCISCO DO GUAPORE";"Animais na Pista";"Atropelamento de Animal";"Sem Vítimas";"Plena Noite";"Decrescente";"Nublado";"Simples";"Reta";"Não";1;0;0;0;1;0;0;1;-12,04559521;-63,36257816;"SPRF-RO";"DEL02-RO";"UOP03-DEL02-RO"
672290;2025-04-08;"terça-feira";"03:05:00";"RS";472;492;"ITAQUI";"Animais na Pista";"Atropelamento de Animal";"Com Vítimas Feridas";"Plena Noite";"Crescente";"Céu Claro";"Simples";"Reta";"Não";3;0;1;0;2;0;1;1;-29,23777858;-56,57442358;"SPRF-RS";"DEL13-RS";"UOP01-DEL13-RS"
672291;2025-04-08;"terça-feira";"02:10:00";"MG";381;542,5;"ITATIAIUCU";"Condutor Dormindo";"Saída de leito carroçável";"Sem Vítimas";"Plena Noite";"Decrescente";"Céu Claro";"Dupla";"Reta";"Não";1;0;0;0;1;0;0;1;-20,24671887;-44,4120276;"SPRF-MG";"DEL04-MG";"UOP03-DEL04-MG"
672293;2025-04-07;"segunda-feira";"18:40:00";"BA";324;564;"SAO SEBASTIAO DO PASSE";"Reação tardia ou ineficiente do condutor";"Queda de ocupante de veículo";"Com Vítimas Feridas";"Plena Noite";"Crescente";"Nublado";"Dupla";"Reta";"Não";1;0;1;0;0;0;1;1;-12,51623204;-38,62200737;"SPRF-BA";"DEL01-BA";"UOP01-DEL01-BA"
672294;2025-04-08;"terça-feira";"03:40:00";"CE";116;11,4;"FORTALEZA";"Avarias e/ou desgaste excessivo no pneu";"Queda de ocupante de veículo";"Sem Vítimas";"Plena Noite";"Crescente";"Nublado";"Dupla";"Reta";"Sim";1;0;0;0;0;1;0;1;-3,847484;-38,497247;"SPRF-CE";"DEL01-CE";"UOP02-DEL01-CE"
672295;2025-04-08;"terça-feira";"03:44:00";"RS";116;238,9;"NOVO HAMBURGO";"Ausência de reação do condutor";"Colisão traseira";"Com Vítimas Feridas";"Plena Noite";"Crescente";"Nublado";"Múltipla";"Reta";"Sim";2;0;0;1;1;0;1;2;-29,69184479;-51,14339211;"SPRF-RS";"DEL01-RS";"UOP02-DEL01-RS"
672298;2025-04-08;"terça-feira";"05:20:00";"GO";60;84,2;"ANAPOLIS";"Condutor Dormindo";"Saída de leito carroçável";"Com Vítimas Feridas";"Amanhecer";"Crescente";"Céu Claro";"Dupla";"Declive;Reta";"Não";3;0;1;1;1;0;2;1;-16,31620614;-48,85733843;"SPRF-GO";"DEL02-GO";"UOP01-DEL02-GO"
672300;2025-04-07;"segunda-feira";"22:00:00";"MA";226;301;"BARRA DO CORDA";"Animais na Pista";"Atropelamento de Animal";"Com Vítimas Feridas";"Plena Noite";"Decrescente";"Céu Claro";"Simples";"Declive;Reta";"Sim";1;0;1;0;0;0;1;1;-5,498337;-45,255967;"SPRF-MA";"DEL06-MA";"UOP01-DEL06-MA"
672303;2025-04-08;"terça-feira";"06:30:00";"BA";324;7;"FEIRA DE SANTANA";"Acessar a via sem observar a presença dos outros veículos";"Colisão lateral mesmo sentido";"Com Vítimas Feridas";"Pleno dia";"Decrescente";"Sol";"Dupla";"Reta";"Sim";3;0;1;0;2;0;1;2;-12,27085368;-38,98704495;"SPRF-BA";"DEL02-BA";"UOP01-DEL02-BA"
672304;2025-04-08;"terça-feira";"05:14:00";"PR";376;3;"SAO JOSE DOS PINHAIS";"Reação tardia ou ineficiente do condutor";"Colisão traseira";"Com Vítimas Feridas";"Amanhecer";"Crescente";"Céu Claro";"Dupla";"Reta";"Sim";2;0;1;0;1;0;1;2;-25,541594;-49,190794;"SPRF-PR";"DEL01-PR";"UOP04-DEL01-PR"
672305;2025-04-08;"terça-feira";"05:50:00";"SC";282;588,9;"SAUDADES";"Ausência de reação do condutor";"Saída de leito carroçável";"Com Vítimas Feridas";"Amanhecer";"Crescente";"Garoa/Chuvisco";"Simples";"Reta";"Não";3;0;1;2;0;0;3;1;-26,82583873;-53,06280613;"SPRF-SC";"DEL07-SC";"UOP02-DEL07-SC"
672306;2025-04-08;"terça-feira";"07:00:00";"PE";101;79,3;"JABOATAO DOS GUARARAPES";"Acesso irregular";"Colisão transversal";"Com Vítimas Feridas";"Pleno dia";"Crescente";"Céu Claro";"Múltipla";"Reta;Declive";"Sim";2;0;1;0;1;0;1;2;-8,146107;-34,946487;"SPRF-PE";"DEL01-PE";"UOP01-DEL01-PE"