"id";"data_inversa";"dia_semana";"horario";"uf";"br";"km";"municipio";"causa_acidente";"tipo_acidente";"classificacao_acidente";"fase_dia";"sentido_via";"condicao_metereologica";"tipo_pista";"tracado_via";"uso_solo";"pessoas";"mortos";"feridos_leves";"feridos_graves";"ilesos";"ignorados";"feridos";"veiculos";"latitude";"longitude";"regional";"delegacia";"uop"
672430;2025-04-08;"terça-feira";"18:05:00";"MG";40;669,9;"CARANDAI";"Conversão proibida";"Colisão transversal";"Com Vítimas Fatais";"Plena Noite";"Decrescente";"Céu Claro";"Simples";"Reta";"Sim";4;1;0;1;1;1;1;3;-20,97154;-43,78458;"SPRF-MG";"DEL05-MG";"UOP02-DEL05-MG"
672431;2025-04-08;"terça-feira";"19:25:00";"PR";467;108,8;"CASCAVEL";"Desrespeitar a preferência no cruzamento";"Colisão transversal";"Com Vítimas Feridas";"Plena Noite";"Decrescente";"Garoa/Chuvisco";"Dupla";"Declive;Retorno Regulamentado;Reta";"Sim";2;0;1;0;1;0;1;2;-24,92473801;-53,46588414;"SPRF-PR";"DEL04-PR";"UOP01-DEL04-PR"
672436;2025-04-08;"terça-feira";"17:30:00";"PI";316;311;"PICOS";"Ausência de reação do condutor";"Atropelamento de Pedestre";"Com Vítimas Feridas";"Anoitecer";"Crescente";"Céu Claro";"Simples";"Reta";"Sim";2;0;1;0;1;0;1;2;-7,076331;-41,46596;"SPRF-PI";"DEL04-PI";"UOP01-DEL04-PI"
672437;2025-04-08;"terça-feira";"20:30:00";"PB";230;23,6;"JOAO PESSOA";"Reação tardia ou ineficiente do condutor";"Tombamento";"Com Vítimas Feridas";"Plena Noite";"Decrescente";"Céu Claro";"Dupla";"Reta";"Sim";3;0;2;0;0;1;2;2;-7,16255797;-34,86095902;"SPRF-PB";"DEL01-PB";"UOP01-DEL01-PB"
672438;2025-04-08;"terça-feira";"19:00:00";"PR";369;7,1;"JACAREZINHO";"Pista esburacada";"Queda de ocupante de veículo";"Com Vítimas Feridas";"Plena Noite";"Crescente";"Céu Claro";"Simples";"Reta;Declive";"Não";2;0;2;0;0;0;2;1;-23,00145143;-49,96590614;"SPRF-PR";"DEL07-PR";"UOP05-DEL07-PR"
672439;2025-04-08;"terça-feira";"17:40:00";"MG";153;243,1;"FRONTEIRA";"Transitar na contramão";"Colisão lateral sentido oposto";"Com Vítimas Feridas";"Pleno dia";"Decrescente";"Céu Claro";"Simples";"Reta";"Sim";5;0;1;0;4;0;1;3;-20,277583;-49,1904;"SPRF-MG";"DEL13-MG";"UOP02-DEL13-MG"
672440;2025-04-08;"terça-feira";"16:00:00";"MG";364;22,8;"FRUTAL";"Reação tardia ou ineficiente do condutor";"Colisão com objeto";"Com Vítimas Feridas";"Pleno dia";"Crescente";"Céu Claro";"Simples";"Reta;Ponte";"Não";3;0;1;0;2;0;1;2;-20,04308101;-48,85145903;"SPRF-MG";"DEL13-MG";"UOP02-DEL13-MG"
672445;2025-04-08;"terça-feira";"21:30:00";"MT";364;239;"JUSCIMEIRA";"Ausência de reação do condutor";"Queda de ocupante de veículo";"Com Vítimas Feridas";"Plena Noite";"Decrescente";"Céu Claro";"Dupla";"Reta";"Não";1;0;1;0;0;0;1;1;-16,07778484;-54,87636566;"SPRF-MT";"DEL02-MT";"UOP01-DEL02-MT"
672447;2025-04-08;"terça-feira";"22:05:00";"RS";386;368,6;"FAZENDA VILANOVA";"Ingestão de álcool pelo condutor";"Saída de leito carroçável";"Sem Vítimas";"Plena Noite";"Crescente";"Nublado";"Dupla";"Reta";"Não";1;0;0;0;1;0;0;1;-29,58713382;-51,83244467;"SPRF-RS";"DEL04-RS";"UOP01-DEL04-RS"
672448;2025-04-08;"terça-feira";"19:15:00";"RJ";101;409;"ITAGUAI";"Área urbana sem a presença de local apropriado para a travessia de pedestres";"Atropelamento de Pedestre";"Com Vítimas Fatais";"Plena Noite";"Crescente";"Céu Claro";"Dupla";"Reta";"Sim";2;1;0;0;1;0;0;2;-22,890425;-43,840851;"SPRF-RJ";"DEL03-RJ";"UOP01-DEL03-RJ"
672450;2025-04-08;"terça-feira";"22:00:00";"DF";20;1,4;"BRASILIA";"Ingestão de álcool pelo condutor";"Tombamento";"Sem Vítimas";"Plena Noite";"Decrescente";"Céu Claro";"Dupla";"Reta";"Não";1;0;0;0;1;0;0;1;-15,68440205;-47,84625315;"SPRF-DF";"DEL02-DF";"UOP01-DEL02-DF"
672451;2025-04-08;"terça-feira";"21:54:00";"RS";285;575;"SAO LUIZ GONZAGA";"Ingestão de álcool pelo condutor";"Saída de leito carroçável";"Sem Vítimas";"Plena Noite";"Decrescente";"Céu Claro";"Simples";"Reta";"Não";4;0;0;0;4;0;0;1;-28,4191833;-55,03742695;"SPRF-RS";"DEL12-RS";"UOP01-DEL12-RS"
672452;2025-04-08;"terça-feira";"23:20:00";"CE";222;4;"CAUCAIA";"Ausência de reação do condutor";"Atropelamento de Pedestre";"Com Vítimas Feridas";"Plena Noite";"Decrescente";"Céu Claro";"Simples";"Reta";"Sim";3;0;2;1;0;0;3;2;-3,74249847;-38,60893428;"SPRF-CE";"DEL01-CE";"UOP01-DEL01-CE"
672453;2025-04-08;"terça-feira";"23:25:00";"RJ";101;387;"RIO DE JANEIRO";"Condutor deixou de manter distância do veículo da frente";"Colisão traseira";"Com Vítimas Feridas";"Plena Noite";"Crescente";"Céu Claro";"Múltipla";"Reta";"Sim";2;0;0;1;1;0;1;2;-22,88501208;-43,64852071;"SPRF-RJ";"DEL03-RJ";"UOP01-DEL03-RJ"
672456;2025-04-08;"terça-feira";"22:24:00";"MG";381;946,5;"EXTREMA";"Velocidade Incompatível";"Saída de leito carroçável";"Com Vítimas Feridas";"Plena Noite";"Crescente";"Nublado";"Dupla";"Interseção de Vias";"Sim";1;0;1;0;0;0;1;1;-22,86130786;-46,34431954;"SPRF-MG";"DEL16-MG";"UOP03-DEL16-MG"
672457;2025-04-09;"quarta-feira";"00:50:00";"SP";153;68,2;"SAO JOSE DO RIO PRETO";"Ausência de reação do condutor";"Saída de leito carroçável";"Com Vítimas Feridas";"Plena Noite";"Crescente";"Céu Claro";"Dupla";"Reta";"Sim";2;0;2;0;0;0;2;1;-20,8506607;-49,39424157;"SPRF-SP";"DEL09-SP";"UOP01-DEL09-SP"
672459;2025-04-08;"terça-feira";"22:00:00";"MT";364;154;"PEDRA PRETA";"Ingestão de álcool pelo condutor";"Saída de leito carroçável";"Sem Vítimas";"Plena Noite";"Crescente";"Nublado";"Simples";"Reta";"Não";1;0;0;0;1;0;0;1;-16,69199546;-54,28700858;"SPRF-MT";"DEL02-MT";"UOP01-DEL02-MT"
672460;2025-04-09;"quarta-feira";"01:50:00";"PR";163;278,8;"MARECHAL CANDIDO RONDON";"Reação tardia ou ineficiente do condutor";"Colisão com objeto";"Com Vítimas Feridas";"Plena Noite";"Crescente";"Ignorado";"Dupla";"Reta";"Sim";4;0;0;1;0;3;1;2;-24,56845932;-54,02000958;"SPRF-PR";"DEL06-PR";"UOP02-DEL06-PR"
672461;2025-04-08;"terça-feira";"21:50:00";"RO";435;90;"COLORADO DO OESTE";"Demais falhas na via";"Queda de ocupante de veículo";"Com Vítimas Feridas";"Plena Noite";"Decrescente";"Nublado";"Simples";"Reta";"Não";1;0;1;0;0;0;1;1;-13,18746764;-60,54485152;"SPRF-RO";"DEL04-RO";"UOP02-DEL04-RO"
672463;2025-04-09;"quarta-feira";"02:10:00";"PR";376;183,5;"SARANDI";"Ausência de reação do condutor";"Colisão com objeto";"Com Vítimas Feridas";"Plena Noite";"Decrescente";"Céu Claro";"Dupla";"Reta;Em Obras";"Sim";2;0;1;0;0;1;1;1;-23,434;-51,883;"SPRF-PR";"DEL09-PR";"UOP01-DEL09-PR"
672466;2025-04-09;"quarta-feira";"04:10:00";"MG";381;744,9;"TRES CORACOES";"Reação tardia ou ineficiente do condutor";"Saída de leito carroçável";"Com Vítimas Feridas";"Plena Noite";"Crescente";"Ignorado";"Dupla";"Reta";"Sim";2;0;1;0;0;1;1;2;-21,61889;-45,25181;"SPRF-MG";"DEL16-MG";"UOP02-DEL16-MG"
672467;2025-04-09;"quarta-feira";"05:35:00";"SC";280;26,7;"ARAQUARI";"Reação tardia ou ineficiente do condutor";"Atropelamento de Pedestre";"Com Vítimas Fatais";"Amanhecer";"Crescente";"Nublado";"Simples";"Reta;Em Obras";"Sim";2;1;0;1;0;0;1;2;-26,394703;-48,738756;"SPRF-SC";"DEL03-SC";"UOP03-DEL03-SC"
672468;2025-04-09;"quarta-feira";"04:55:00";"PR";376;156,6;"MANDAGUACU";"Animais na Pista";"Colisão com objeto";"Com Vítimas Feridas";"Plena Noite";"Crescente";"Nevoeiro/Neblina";"Dupla";"Curva;Declive";"Não";1;0;1;0;0;0;1;1;-23,3473301;-52,090162;"SPRF-PR";"DEL09-PR";"UOP02-DEL09-PR"
672469;2025-04-09;"quarta-feira";"06:30:00";"SP";116;202;"ARUJA";"Ausência de reação do condutor";"Colisão transversal";"Com Vítimas Feridas";"Pleno dia";"Decrescente";"Céu Claro";"Múltipla";"Curva";"Não";2;0;1;0;1;0;1;2;-23,40951268;-46,34198237;"SPRF-SP";"DEL01-SP";"UOP01-DEL01-SP"
672472;2025-04-09;"quarta-feira";"06:30:00";"ES";259;63,2;"COLATINA";"Reação tardia ou ineficiente do condutor";"Colisão transversal";"Com Vítimas Feridas";"Pleno dia";"Crescente";"Céu Claro";"Simples";"Reta";"Sim";3;0;1;1;1;0;2;2;-19,522715;-40,707203;"SPRF-ES";"DEL02-ES";"UOP01-DEL02-ES"
672474;2025-04-09;"quarta-feira";"04:40:00";"MS";60;436;"SIDROLANDIA";"Animais na Pista";"Atropelamento de Animal";"Com Vítimas Feridas";"Amanhecer";"Crescente";"Céu Claro";"Simples";"Reta";"Não";3;0;1;0;2;0;1;1;-20,983283;-55,00962;"SPRF-MS";"DEL01-MS";"UOP04-DEL01-MS"
672475;2025-04-09;"quarta-feira";"07:00:00";"DF";20;7;"BRASILIA";"Velocidade Incompatível";"Engavetamento";"Com Vítimas Feridas";"Amanhecer";"Decrescente";"Céu Claro";"Dupla";"Reta";"Sim";3;0;1;0;2;0;1;2;-15,660349;-47,796515;"SPRF-DF";"DEL02-DF";"UOP01-DEL02-DF"
672477;2025-04-09;"quarta-feira";"06:30:00";"SP";116;281;"EMBU DAS ARTES";"Trafegar com motocicleta (ou similar) entre as faixas";"Colisão lateral mesmo sentido";"Com Vítimas Feridas";"Pleno dia";"Decrescente";"Céu Claro";"Dupla";"Reta;Declive";"Sim";2;0;1;0;1;0;1;2;-23,67125408;-46,85668945;"SPRF-SP";"DEL04-SP";"UOP01-DEL04-SP"
672479;2025-04-08;"terça-feira";"20:25:00";"RJ";40;123;"DUQUE DE CAXIAS";"Retorno proibido";"Colisão traseira";"Com Vítimas Feridas";"Plena Noite";"Crescente";"Céu Claro";"Dupla";"Reta";"Sim";3;0;1;0;2;0;1;2;-22,8051864;-43,2897681;"SPRF-RJ";"DEL01-RJ";"UOP02-DEL01-RJ"
672480;2025-04-08;"terça-feira";"23:30:00";"SC";158;124;"PALMITOS";"Demais falhas mecânicas ou elétricas";"Incêndio";"Sem Vítimas";"Plena Noite";"Crescente";"Nublado";"Simples";"Reta";"Não";1;0;0;0;0;1;0;1;-27,1272935;-53,2120194;"SPRF-SC";"DEL07-SC";"UOP02-DEL07-SC"
672481;2025-04-09;"quarta-feira";"07:12:00";"PE";101;37;"ITAPISSUMA";"Condutor deixou de manter distância do veículo da frente";"Colisão traseira";"Com Vítimas Feridas";"Pleno dia";"Crescente";"Céu Claro";"Dupla";"Reta";"Não";2;0;0;1;1;0;1;2;-7,799;-34,92;"SPRF-PE";"DEL01-PE";"UOP02-DEL01-PE"
672482;2025-04-09;"quarta-feira";"07:30:00";"RS";116;224;"DOIS IRMAOS";"Acessar a via sem observar a presença dos outros veículos";"Colisão transversal";"Com Vítimas Feridas";"Pleno dia";"Decrescente";"Nublado";"Dupla";"Reta";"Sim";2;0;1;0;1;0;1;2;-29,58924067;-51,10686986;"SPRF-RS";"DEL01-RS";"UOP02-DEL01-RS"
672483;2025-04-09;"quarta-feira";"07:00:00";"DF";70;0;"BRASILIA";"Reação tardia ou ineficiente do condutor";"Colisão traseira";"Com Vítimas Feridas";"Pleno dia";"Crescente";"Céu Claro";"Dupla";"Reta";"Sim";2;0;1;0;1;0;1;2;-15,79277894;-48,05656719;"SPRF-DF";"DEL03-DF";"UOP02-DEL03-DF"
672484;2025-04-09;"quarta-feira";"07:20:00";"RN";101;84,5;"SAO GONCALO DO AMARANTE";"Ingestão de álcool pelo condutor";"Colisão transversal";"Com Vítimas Feridas";"Pleno dia";"Crescente";"Céu Claro";"Dupla";"Interseção de Vias;Retorno Regulamentado;Reta;Viaduto";"Sim";4;0;0;1;3;0;1;2;-5,775817;-35,253697;"SPRF-RN";"DEL02-RN";"UOP01-DEL02-RN"
672485;2025-04-09;"quarta-feira";"07:30:00";"RS";386;259,5;"FONTOURA XAVIER";"Acessar a via sem observar a presença dos outros veículos";"Colisão transversal";"Com Vítimas Feridas";"Pleno dia";"Decrescente";"Céu Claro";"Simples";"Declive;Em Obras;Curva";"Não";2;0;2;0;0;0;2;2;-28,8907217;-52,41303563;"SPRF-RS";"DEL04-RS";"UOP03-DEL04-RS"
672488;2025-04-09;"quarta-feira";"07:30:00";"RN";226;83;"TANGARA";"Acessar a via sem observar a presença dos outros veículos";"Colisão transversal";"Com Vítimas Feridas";"Pleno dia";"Crescente";"Céu Claro";"Simples";"Aclive";"Sim";3;0;2;0;1;0;2;2;-6,194455;-35,794733;"SPRF-RN";"DEL01-RN";"UOP02-DEL01-RN"
672489;2025-04-09;"quarta-feira";"07:40:00";"SC";101;143;"ITAPEMA";"Carga excessiva e/ou mal acondicionada";"Derramamento de carga";"Com Vítimas Feridas";"Pleno dia";"Crescente";"Nublado";"Dupla";"Reta";"Não";2;0;1;0;1;0;1;2;-27,06703299;-48,59560445;"SPRF-SC";"DEL04-SC";"UOP03-DEL04-SC"
672490;2025-04-09;"quarta-feira";"06:50:00";"RJ";101;420;"MANGARATIBA";"Acessar a via sem observar a presença dos outros veículos";"Colisão transversal";"Com Vítimas Feridas";"Pleno dia";"Decrescente";"Céu Claro";"Dupla";"Interseção de Vias";"Não";2;0;1;0;1;0;1;2;-22,91607;-43,93297;"SPRF-RJ";"DEL03-RJ";"UOP02-DEL03-RJ"
672494;2025-04-09;"quarta-feira";"08:40:00";"BA";324;621;"SALVADOR";"Reação tardia ou ineficiente do condutor";"Queda de ocupante de veículo";"Com Vítimas Feridas";"Pleno dia";"Crescente";"Garoa/Chuvisco";"Múltipla";"Curva;Declive";"Sim";1;0;1;0;0;0;1;1;-12,9296272;-38,4685286;"SPRF-BA";"DEL01-BA";"UOP01-DEL01-BA"
672495;2025-04-09;"quarta-feira";"07:10:00";"SC";282;389;"JOACABA";"Manobra de mudança de faixa";"Colisão lateral mesmo sentido";"Com Vítimas Feridas";"Pleno dia";"Crescente";"Nevoeiro/Neblina";"Simples";"Reta";"Não";6;0;0;2;3;1;2;5;-27,179787;-51,535016;"SPRF-SC";"DEL07-SC";"UOP05-DEL07-SC"
672496;2025-04-09;"quarta-feira";"08:16:00";"PE";232;5,7;"RECIFE";"Ausência de reação do condutor";"Colisão traseira";"Com Vítimas Feridas";"Pleno dia";"Crescente";"Céu Claro";"Múltipla";"Reta";"Sim";2;0;1;0;1;0;1;2;-8,0698689;-34,9521525;"SPRF-PE";"DEL01-PE";"UOP01-DEL01-PE"
672497;2025-04-09;"quarta-feira";"07:50:00";"PR";476;146;"ARAUCARIA";"Trafegar com motocicleta (ou similar) entre as faixas";"Colisão traseira";"Com Vítimas Feridas";"Pleno dia";"Decrescente";"Nublado";"Dupla";"Reta";"Sim";2;0;1;0;1;0;1;2;-25,55602663;-49,34357643;"SPRF-PR";"DEL01-PR";"UOP06-DEL01-PR"
672500;2025-04-09;"quarta-feira";"08:30:00";"RJ";493;68;"DUQUE DE CAXIAS";"Condutor Dormindo";"Saída de leito carroçável";"Com Vítimas Feridas";"Pleno dia";"Crescente";"Céu Claro";"Dupla";"Reta";"Não";1;0;1;0;0;0;1;1;-22,6689024;-43,2799744;"SPRF-RJ";"DEL01-RJ";"UOP03-DEL01-RJ"
672501;2025-04-09;"quarta-feira";"08:30:00";"SP";381;73;"SAO PAULO";"Ausência de reação do condutor";"Colisão lateral mesmo sentido";"Com Vítimas Feridas";"Pleno dia";"Decrescente";"Céu Claro";"Múltipla";"Curva;Aclive";"Não";2;0;1;0;1;0;1;1;-23,36342983;-46,55214608;"SPRF-SP";"DEL03-SP";"UOP01-DEL03-SP"
672502;2025-04-09;"quarta-feira";"07:30:00";"PR";277;108;"CURITIBA";"Condutor deixou de manter distância do veículo da frente";"Colisão traseira";"Com Vítimas Feridas";"Pleno dia";"Decrescente";"Nublado";"Dupla";"Reta";"Sim";3;0;2;0;1;0;2;2;-25,43002422;-49,37832642;"SPRF-PR";"DEL03-PR";"UOP03-DEL03-PR"
672503;2025-04-09;"quarta-feira";"07:25:00";"PI";343;308,5;"ALTOS";"Acessar a via sem observar a presença dos outros veículos";"Colisão lateral mesmo sentido";"Com Vítimas Feridas";"Pleno dia";"Decrescente";"Nublado";"Simples";"Reta";"Sim";3;0;3;0;0;0;3;2;-5,03610312;-42,44523034;"SPRF-PI";"DEL01-PI";"UOP01-DEL01-PI"
672504;2025-04-09;"quarta-feira";"07:40:00";"PE";101;57,8;"PAULISTA";"Condutor deixou de manter distância do veículo da frente";"Colisão traseira";"Com Vítimas Feridas";"Pleno dia";"Decrescente";"Céu Claro";"Dupla";"Reta";"Sim";4;0;1;0;3;0;1;4;-7,969167;-34,9;"SPRF-PE";"DEL01-PE";"UOP02-DEL01-PE"
672505;2025-04-09;"quarta-feira";"09:25:00";"RN";304;21;"MOSSORO";"Ultrapassagem Indevida";"Colisão traseira";"Com Vítimas Fatais";"Pleno dia";"Decrescente";"Céu Claro";"Simples";"Reta";"Não";3;1;0;1;0;1;1;3;-5,042325;-37,3464;"SPRF-RN";"DEL04-RN";"UOP02-DEL04-RN"
672508;2025-04-09;"quarta-feira";"09:00:00";"MG";116;508,8;"UBAPORANGA";"Ultrapassagem Indevida";"Colisão lateral mesmo sentido";"Sem Vítimas";"Pleno dia";"Crescente";"Céu Claro";"Simples";"Reta;Declive";"Sim";2;0;0;0;1;1;0;2;-19,63768338;-42,11577421;"SPRF-MG";"DEL06-MG";"UOP02-DEL06-MG"
672509;2025-04-09;"quarta-feira";"09:45:00";"RS";116;530,1;"CAPAO DO LEAO";"Acessar a via sem observar a presença dos outros veículos";"Colisão transversal";"Com Vítimas Feridas";"Pleno dia";"Decrescente";"Chuva";"Simples";"Interseção de Vias";"Não";2;0;1;0;1;0;1;2;-31,76024322;-52,43815854;"SPRF-RS";"DEL07-RS";"UOP01-DEL07-RS"
672510;2025-04-09;"quarta-feira";"07:40:00";"SC";116;5,7;"MAFRA";"Ausência de reação do condutor";"Colisão transversal";"Com Vítimas Feridas";"Pleno dia";"Decrescente";"Garoa/Chuvisco";"Simples";"Reta";"Sim";2;0;1;0;1;0;1;2;-26,145519;-49,821786;"SPRF-SC";"DEL06-SC";"UOP01-DEL06-SC"
672511;2025-04-09;"quarta-feira";"07:30:00";"ES";262;70;"MARECHAL FLORIANO";"Reação tardia ou ineficiente do condutor";"Colisão traseira";"Com Vítimas Feridas";"Pleno dia";"Crescente";"Céu Claro";"Simples";"Curva;Aclive";"Não";2;0;1;0;1;0;1;2;-20,415415;-40,867134;"SPRF-ES";"DEL01-ES";"UOP02-DEL01-ES"
672512;2025-04-09;"quarta-feira";"10:00:00";"PB";230;13;"CABEDELO";"Condutor deixou de manter distância do veículo da frente";"Colisão lateral mesmo sentido";"Com Vítimas Feridas";"Pleno dia";"Decrescente";"Céu Claro";"Dupla";"Reta";"Sim";2;0;1;0;1;0;1;2;-7,08924328;-34,84837116;"SPRF-PB";"DEL01-PB";"UOP01-DEL01-PB"
672513;2025-04-09;"quarta-feira";"09:05:00";"AL";101;137;"SAO MIGUEL DOS CAMPOS";"Condutor deixou de manter distância do veículo da frente";"Colisão traseira";"Com Vítimas Feridas";"Pleno dia";"Crescente";"Céu Claro";"Dupla";"Reta;Aclive";"Não";3;0;1;0;2;0;1;2;-9,7871561;-36,10560179;"SPRF-AL";"DEL02-AL";"UOP01-DEL02-AL"
672514;2025-04-09;"quarta-feira";"07:50:00";"RO";319;64;"PORTO VELHO";"Condutor deixou de manter distância do veículo da frente";"Colisão traseira";"Com Vítimas Feridas";"Pleno dia";"Decrescente";"Céu Claro";"Dupla";"Reta";"Sim";2;0;1;0;1;0;1;2;-8,767869;-63,88383508;"SPRF-RO";"DEL01-RO";"UOP01-DEL01-RO"
672515;2025-04-09;"quarta-feira";"08:30:00";"RS";392;8,9;"RIO GRANDE";"Pista Escorregadia";"Tombamento";"Com Vítimas Feridas";"Pleno dia";"Crescente";"Nublado";"Simples";"Curva";"Não";1;0;1;0;0;0;1;1;-32,11059323;-52,11198449;"SPRF-RS";"DEL07-RS";"UOP02-DEL07-RS"
672517;2025-04-09;"quarta-feira";"10:00:00";"RJ";116;186;"NOVA IGUACU";"Ausência de reação do condutor";"Queda de ocupante de veículo";"Com Vítimas Feridas";"Pleno dia";"Decrescente";"Céu Claro";"Dupla";"Reta";"Sim";2;0;2;0;0;0;2;1;-22,73944665;-43,46680641;"SPRF-RJ";"DEL06-RJ";"UOP01-DEL06-RJ"
672518;2025-04-09;"quarta-feira";"07:55:00";"PE";232;176;"BELO JARDIM";"Ausência de reação do condutor";"Tombamento";"Com Vítimas Feridas";"Pleno dia";"Crescente";"Céu Claro";"Simples";"Reta";"Sim";1;0;1;0;0;0;1;1;-8,34602;-36,395728;"SPRF-PE";"DEL03-PE";"UOP02-DEL03-PE"
672522;2025-04-09;"quarta-feira";"09:50:00";"BA";324;620,1;"SALVADOR";"Ausência de reação do condutor";"Colisão transversal";"Com Vítimas Feridas";"Pleno dia";"Crescente";"Nublado";"Múltipla";"Reta";"Sim";2;0;1;0;1;0;1;2;-12,9174089;-38,4635998;"SPRF-BA";"DEL01-BA";"UOP01-DEL01-BA"
672523;2025-04-09;"quarta-feira";"09:30:00";"DF";20;31;"BRASILIA";"Avarias e/ou desgaste excessivo no pneu";"Capotamento";"Com Vítimas Feridas";"Pleno dia";"Decrescente";"Céu Claro";"Dupla";"Reta";"Não";2;0;1;0;1;0;1;1;-15,58799477;-47,57731408;"SPRF-DF";"DEL02-DF";"UOP01-DEL02-DF"
672524;2025-04-09;"quarta-feira";"09:45:00";"SE";235;3,9;"NOSSA SENHORA DO SOCORRO";"Condutor deixou de manter distância do veículo da frente";"Colisão traseira";"Com Vítimas Feridas";"Pleno dia";"Crescente";"Céu Claro";"Dupla";"Reta";"Sim";2;0;1;0;1;0;1;2;-10,90565385;-37,10972777;"SPRF-SE";"DEL01-SE";"UOP01-DEL01-SE"
672525;2025-04-09;"quarta-feira";"09:50:00";"PE";101;63;"RECIFE";"Reação tardia ou ineficiente do condutor";"Colisão traseira";"Com Vítimas Feridas";"Pleno dia";"Crescente";"Céu Claro";"Múltipla";"Interseção de Vias";"Sim";2;0;1;0;1;0;1;2;-8,01113376;-34,93796879;"SPRF-PE";"DEL01-PE";"UOP01-DEL01-PE"
672526;2025-04-09;"quarta-feira";"09:20:00";"ES";0;0;"VITORIA";"Condutor deixou de manter distância do veículo da frente";"Colisão traseira";"Sem Vítimas";"Pleno dia";"Não Informado";"Céu Claro";"Dupla";"Reta";"Sim";2;0;0;0;2;0;0;2;-20,28727685;-40,30412793;"SPRF-ES";"DEL02-ES";"UOP01-DEL02-ES"
672527;2025-04-09;"quarta-feira";"10:40:00";"RS";116;412;"CAMAQUA";"Ausência de reação do condutor";"Saída de leito carroçável";"Com Vítimas Feridas";"Pleno dia";"Decrescente";"Nublado";"Dupla";"Reta";"Não";2;0;1;0;1;0;1;1;-30,89116327;-51,83916092;"SPRF-RS";"DEL02-RS";"UOP02-DEL02-RS"
672530;2025-02-16;"domingo";"20:15:00";"PI";343;307,5;"ALTOS";"Acessar a via sem observar a presença dos outros veículos";"Colisão transversal";"Com Vítimas Feridas";"Plena Noite";"Crescente";"Céu Claro";"Simples";"Reta;Interseção de Vias";"Sim";3;0;0;1;2;0;1;2;-5,038918;-42,464937;"SPRF-PI";"DEL01-PI";"UOP01-DEL01-PI"
672531;2025-04-09;"quarta-feira";"11:19:00";"SP";116;282,9;"ITAPECERICA DA SERRA";"Trafegar com motocicleta (ou similar) entre as faixas";"Colisão lateral mesmo sentido";"Com Vítimas Feridas";"Pleno dia";"Decrescente";"Céu Claro";"Dupla";"Reta";"Sim";4;0;2;0;2;0;2;2;-23,6978176;-46,874624;"SPRF-SP";"DEL04-SP";"UOP01-DEL04-SP"
672533;2025-04-02;"quarta-feira";"06:15:00";"ES";101;36;"CONCEICAO DA BARRA";"Desrespeitar a preferência no cruzamento";"Tombamento";"Com Vítimas Feridas";"Pleno dia";"Decrescente";"Céu Claro";"Simples";"Reta";"Não";2;0;1;0;1;0;1;2;-18,45953599;-39,92997939;"SPRF-ES";"DEL04-ES";"UOP02-DEL04-ES"
672534;2025-03-23;"domingo";"00:10:00";"MA";222;370,3;"PINDARE-MIRIM";"Animais na Pista";"Atropelamento de Animal";"Com Vítimas Fatais";"Plena Noite";"Decrescente";"Céu Claro";"Simples";"Reta";"Não";2;1;1;0;0;0;1;1;-3,730103;-45,428562;"SPRF-MA";"DEL02-MA";"UOP01-DEL02-MA"
672536;2025-04-09;"quarta-feira";"12:30:00";"RJ";101;66;"CAMPOS DOS GOYTACAZES";"Condutor deixou de manter distância do veículo da frente";"Colisão traseira";"Com Vítimas Feridas";"Pleno dia";"Decrescente";"Céu Claro";"Simples";"Interseção de Vias;Rotatória";"Sim";3;0;1;0;2;0;1;2;-21,765465;-41,346672;"SPRF-RJ";"DEL08-RJ";"UOP02-DEL08-RJ"
672537;2025-04-09;"quarta-feira";"09:00:00";"MG";262;405;"PARA DE MINAS";"Ausência de reação do condutor";"Saída de leito carroçável";"Com Vítimas Feridas";"Pleno dia";"Crescente";"Céu Claro";"Dupla";"Reta;Declive";"Não";1;0;1;0;0;0;1;1;-19,88921326;-44,58977508;"SPRF-MG";"DEL01-MG";"UOP03-DEL01-MG"
672538;2025-04-09;"quarta-feira";"12:20:00";"SC";282;5,8;"SAO JOSE";"Manobra de mudança de faixa";"Colisão lateral mesmo sentido";"Com Vítimas Feridas";"Pleno dia";"Crescente";"Nublado";"Dupla";"Declive;Curva";"Sim";2;0;1;0;0;1;1;2;-27,58544337;-48,61777425;"SPRF-SC";"DEL01-SC";"UOP01-DEL01-SC"
672539;2025-04-09;"quarta-feira";"12:00:00";"RN";101;125;"SAO JOSE DE MIPIBU";"Acumulo de areia ou detritos sobre o pavimento";"Tombamento";"Com Vítimas Feridas";"Pleno dia";"Decrescente";"Céu Claro";"Dupla";"Reta";"Sim";1;0;1;0;0;0;1;1;-6,068658;-35,238822;"SPRF-RN";"DEL01-RN";"UOP01-DEL01-RN"
672540;2025-04-09;"quarta-feira";"10:30:00";"GO";153;434;"ANAPOLIS";"Acessar a via sem observar a presença dos outros veículos";"Colisão lateral mesmo sentido";"Com Vítimas Feridas";"Pleno dia";"Crescente";"Céu Claro";"Simples";"Reta;Interseção de Vias";"Sim";2;0;1;0;0;1;1;2;-16,28556579;-48,94657016;"SPRF-GO";"DEL02-GO";"UOP01-DEL02-GO"