"id";"data_inversa";"dia_semana";"horario";"uf";"br";"km";"municipio";"causa_acidente";"tipo_acidente";"classificacao_acidente";"fase_dia";"sentido_via";"condicao_metereologica";"tipo_pista";"tracado_via";"uso_solo";"pessoas";"mortos";"feridos_leves";"feridos_graves";"ilesos";"ignorados";"feridos";"veiculos";"latitude";"longitude";"regional";"delegacia";"uop"
672773;2025-04-10;"quinta-feira";"16:40:00";"ES";101;159,9;"LINHARES";"Acessar a via sem observar a presença dos outros veículos";"Colisão lateral mesmo sentido";"Com Vítimas Feridas";"Pleno dia";"Decrescente";"Nublado";"Simples";"Reta";"Sim";3;0;2;0;1;0;2;2;-19,47847375;-40,11491778;"SPRF-ES";"DEL04-ES";"UOP01-DEL04-ES"
672775;2025-04-10;"quinta-feira";"16:55:00";"PR";116;122;"CURITIBA";"Reação tardia ou ineficiente do condutor";"Colisão traseira";"Com Vítimas Feridas";"Pleno dia";"Crescente";"Céu Claro";"Dupla";"Reta;Declive";"Não";2;0;1;0;1;0;1;2;-25,60718;-49,318975;"SPRF-PR";"DEL01-PR";"UOP03-DEL01-PR"
672777;2025-04-10;"quinta-feira";"17:15:00";"RJ";101;69;"CAMPOS DOS GOYTACAZES";"Ausência de reação do condutor";"Queda de ocupante de veículo";"Com Vítimas Feridas";"Pleno dia";"Crescente";"Chuva";"Simples";"Reta";"Não";1;0;1;0;0;0;1;1;-21,77367337;-41,35820389;"SPRF-RJ";"DEL08-RJ";"UOP02-DEL08-RJ"
672778;2025-04-02;"quarta-feira";"12:20:00";"MS";262;324;"CAMPO GRANDE";"Reação tardia ou ineficiente do condutor";"Tombamento";"Com Vítimas Feridas";"Pleno dia";"Crescente";"Ignorado";"Simples";"Reta";"Sim";1;0;1;0;0;0;1;1;-20,46858437;-54,51527596;"SPRF-MS";"DEL01-MS";"UOP01-DEL01-MS"
672779;2025-04-10;"quinta-feira";"17:15:00";"MG";40;735;"JUIZ DE FORA";"Ausência de reação do condutor";"Colisão transversal";"Com Vítimas Feridas";"Anoitecer";"Crescente";"Chuva";"Simples";"Curva";"Não";2;0;0;1;1;0;1;2;-21,59946929;-43,45786608;"SPRF-MG";"DEL05-MG";"UOP01-DEL05-MG"
672780;2025-04-10;"quinta-feira";"16:45:00";"DF";20;52;"BRASILIA";"Ausência de reação do condutor";"Saída de leito carroçável";"Com Vítimas Feridas";"Pleno dia";"Crescente";"Chuva";"Dupla";"Declive;Reta";"Não";1;0;1;0;0;0;1;1;-15,5815558;-47,4335678;"SPRF-DF";"DEL02-DF";"UOP01-DEL02-DF"
672781;2025-04-10;"quinta-feira";"17:10:00";"RN";101;95;"NATAL";"Condutor deixou de manter distância do veículo da frente";"Colisão traseira";"Com Vítimas Feridas";"Plena Noite";"Decrescente";"Céu Claro";"Dupla";"Reta";"Sim";3;0;1;0;2;0;1;3;-5,836036;-35,211708;"SPRF-RN";"DEL01-RN";"UOP01-DEL01-RN"
672786;2025-04-10;"quinta-feira";"17:10:00";"MA";316;271;"MONCAO";"Acessar a via sem observar a presença dos outros veículos";"Colisão lateral mesmo sentido";"Sem Vítimas";"Pleno dia";"Crescente";"Chuva";"Simples";"Reta";"Não";2;0;0;0;2;0;0;2;-3,706161;-45,307219;"SPRF-MA";"DEL02-MA";"UOP01-DEL02-MA"
672789;2025-04-10;"quinta-feira";"18:10:00";"RS";472;577;"URUGUAIANA";"Reação tardia ou ineficiente do condutor";"Colisão traseira";"Com Vítimas Feridas";"Pleno dia";"Decrescente";"Céu Claro";"Dupla";"Curva;Rotatória";"Não";6;0;1;0;5;0;1;2;-29,77985851;-57,06361485;"SPRF-RS";"DEL13-RS";"UOP01-DEL13-RS"
672790;2025-04-10;"quinta-feira";"17:25:00";"SP";459;27;"LORENA";"Pista Escorregadia";"Queda de ocupante de veículo";"Com Vítimas Feridas";"Anoitecer";"Crescente";"Nublado";"Simples";"Ponte;Reta";"Sim";2;0;1;0;1;0;1;2;-22,701083;-45,118483;"SPRF-SP";"DEL08-SP";"UOP02-DEL08-SP"
672791;2025-04-10;"quinta-feira";"18:05:00";"RS";158;321,5;"SANTA MARIA";"Desrespeitar a preferência no cruzamento";"Colisão lateral mesmo sentido";"Com Vítimas Feridas";"Pleno dia";"Decrescente";"Céu Claro";"Dupla";"Declive;Interseção de Vias;Rotatória";"Sim";2;0;1;0;1;0;1;2;-29,695268;-53,774949;"SPRF-RS";"DEL09-RS";"UOP01-DEL09-RS"
672793;2025-04-10;"quinta-feira";"17:30:00";"PR";476;145;"CURITIBA";"Manobra de mudança de faixa";"Colisão lateral mesmo sentido";"Com Vítimas Feridas";"Anoitecer";"Decrescente";"Nublado";"Dupla";"Reta";"Não";2;0;2;0;0;0;2;2;-25,54802685;-49,32160735;"SPRF-PR";"DEL01-PR";"UOP06-DEL01-PR"
672794;2025-04-10;"quinta-feira";"17:20:00";"BA";101;168;"FEIRA DE SANTANA";"Transitar no Acostamento";"Atropelamento de Pedestre";"Com Vítimas Feridas";"Pleno dia";"Crescente";"Céu Claro";"Simples";"Reta";"Não";3;0;3;0;0;0;3;2;-12,35642918;-38,84635496;"SPRF-BA";"DEL01-BA";"UOP03-DEL01-BA"
672799;2025-04-10;"quinta-feira";"12:20:00";"SC";280;128;"RIO NEGRINHO";"Conversão proibida";"Colisão traseira";"Com Vítimas Feridas";"Pleno dia";"Decrescente";"Nublado";"Simples";"Reta";"Sim";2;0;1;0;1;0;1;2;-26,23998513;-49,50770011;"SPRF-SC";"DEL06-SC";"UOP03-DEL06-SC"
672801;2025-04-10;"quinta-feira";"17:40:00";"RS";158;324;"SANTA MARIA";"Acessar a via sem observar a presença dos outros veículos";"Colisão transversal";"Com Vítimas Feridas";"Anoitecer";"Crescente";"Céu Claro";"Dupla";"Interseção de Vias;Viaduto";"Sim";2;0;1;0;1;0;1;2;-29,709234;-53,802375;"SPRF-RS";"DEL09-RS";"UOP01-DEL09-RS"
672803;2025-04-10;"quinta-feira";"19:00:00";"RJ";116;303;"RESENDE";"Ausência de reação do condutor";"Colisão traseira";"Com Vítimas Feridas";"Plena Noite";"Crescente";"Nublado";"Dupla";"Reta";"Sim";4;0;1;0;3;0;1;3;-22,45862924;-44,41497803;"SPRF-RJ";"DEL07-RJ";"UOP02-DEL07-RJ"
672804;2025-04-10;"quinta-feira";"18:50:00";"SC";101;178;"GOVERNADOR CELSO RAMOS";"Ausência de reação do condutor";"Colisão traseira";"Com Vítimas Feridas";"Plena Noite";"Decrescente";"Chuva";"Múltipla";"Reta";"Não";2;0;1;0;1;0;1;2;-27,36277283;-48,63355637;"SPRF-SC";"DEL01-SC";"UOP01-DEL01-SC"
672805;2025-03-10;"segunda-feira";"18:45:00";"PB";230;340;"PATOS";"Animais na Pista";"Atropelamento de Animal";"Com Vítimas Feridas";"Plena Noite";"Crescente";"Nublado";"Simples";"Reta";"Não";5;0;1;0;4;0;1;2;-7,00208216;-37,30613708;"SPRF-PB";"DEL03-PB";"UOP01-DEL03-PB"
672807;2025-04-10;"quinta-feira";"18:20:00";"MG";381;486;"BETIM";"Ausência de reação do condutor";"Colisão lateral mesmo sentido";"Com Vítimas Feridas";"Anoitecer";"Crescente";"Céu Claro";"Dupla";"Reta";"Não";2;0;1;0;1;0;1;2;-19,95882786;-44,10736084;"SPRF-MG";"DEL01-MG";"UOP03-DEL01-MG"
672808;2025-04-10;"quinta-feira";"06:23:00";"MS";262;615,8;"MIRANDA";"Avarias e/ou desgaste excessivo no pneu";"Capotamento";"Sem Vítimas";"Pleno dia";"Decrescente";"Céu Claro";"Simples";"Reta";"Não";1;0;0;0;0;1;0;1;-19,99163815;-56,8239365;"SPRF-MS";"DEL03-MS";"UOP02-DEL03-MS"
672809;2025-04-10;"quinta-feira";"18:20:00";"CE";116;483,1;"MILAGRES";"Pedestre andava na pista";"Atropelamento de Pedestre";"Com Vítimas Feridas";"Plena Noite";"Crescente";"Céu Claro";"Simples";"Reta";"Não";2;0;2;0;0;0;2;2;-7,31963;-38,94283;"SPRF-CE";"DEL05-CE";"UOP03-DEL05-CE"
672810;2025-04-10;"quinta-feira";"19:30:00";"PR";476;172;"CONTENDA";"Pedestre cruzava a pista fora da faixa";"Atropelamento de Pedestre";"Com Vítimas Feridas";"Plena Noite";"Decrescente";"Céu Claro";"Dupla";"Reta";"Sim";2;0;1;0;0;1;1;2;-25,68480603;-49,53332305;"SPRF-PR";"DEL01-PR";"UOP06-DEL01-PR"
672811;2025-04-10;"quinta-feira";"19:30:00";"PB";230;10;"CABEDELO";"Acostamento em desnível";"Tombamento";"Com Vítimas Feridas";"Plena Noite";"Crescente";"Céu Claro";"Dupla";"Reta";"Sim";2;0;1;0;1;0;1;1;-7,053415;-34,850503;"SPRF-PB";"DEL01-PB";"UOP01-DEL01-PB"
672813;2025-04-10;"quinta-feira";"19:45:00";"SC";101;144,7;"ITAPEMA";"Condutor deixou de manter distância do veículo da frente";"Colisão traseira";"Com Vítimas Feridas";"Plena Noite";"Crescente";"Chuva";"Dupla";"Aclive;Reta";"Não";4;0;2;0;2;0;2;3;-27,07807;-48,5996;"SPRF-SC";"DEL04-SC";"UOP03-DEL04-SC"
672815;2025-04-10;"quinta-feira";"15:45:00";"AL";101;179,8;"TEOTONIO VILELA";"Acesso irregular";"Colisão transversal";"Com Vítimas Fatais";"Pleno dia";"Crescente";"Céu Claro";"Dupla";"Reta";"Não";3;1;0;1;0;1;1;2;-9,888146;-36,398264;"SPRF-AL";"DEL02-AL";"UOP02-DEL02-AL"
672816;2025-04-10;"quinta-feira";"19:30:00";"ES";259;68,4;"COLATINA";"Transitar na contramão";"Colisão lateral sentido oposto";"Com Vítimas Feridas";"Plena Noite";"Crescente";"Nublado";"Simples";"Reta";"Não";2;0;2;0;0;0;2;2;-19,501626;-40,74465;"SPRF-ES";"DEL02-ES";"UOP01-DEL02-ES"
672817;2025-04-10;"quinta-feira";"17:00:00";"SC";280;7,5;"SAO FRANCISCO DO SUL";"Conversão proibida";"Colisão frontal";"Com Vítimas Feridas";"Anoitecer";"Crescente";"Céu Claro";"Simples";"Reta";"Não";2;0;0;1;1;0;1;2;-26,28017878;-48,64694595;"SPRF-SC";"DEL03-SC";"UOP03-DEL03-SC"
672818;2025-04-10;"quinta-feira";"20:00:00";"SP";381;83;"SAO PAULO";"Pedestre andava na pista";"Atropelamento de Pedestre";"Com Vítimas Feridas";"Plena Noite";"Decrescente";"Céu Claro";"Simples";"Reta;Aclive";"Sim";3;0;0;1;2;0;1;2;-23,43742673;-46,56789701;"SPRF-SP";"DEL03-SP";"UOP01-DEL03-SP"
672821;2025-04-10;"quinta-feira";"19:50:00";"BA";101;877;"TEIXEIRA DE FREITAS";"Acessar a via sem observar a presença dos outros veículos";"Colisão transversal";"Com Vítimas Feridas";"Plena Noite";"Crescente";"Céu Claro";"Simples";"Reta";"Sim";2;0;1;0;1;0;1;2;-17,54224279;-39,71694946;"SPRF-BA";"DEL09-BA";"UOP02-DEL09-BA"
672822;2025-04-10;"quinta-feira";"15:40:00";"MA";316;383;"BACABAL";"Chuva";"Colisão frontal";"Com Vítimas Feridas";"Pleno dia";"Crescente";"Chuva";"Simples";"Reta";"Não";3;0;1;0;2;0;1;3;-4,20377;-44,589397;"SPRF-MA";"DEL03-MA";"UOP01-DEL03-MA"
672824;2025-04-10;"quinta-feira";"21:10:00";"PB";230;17,2;"JOAO PESSOA";"Velocidade Incompatível";"Saída de leito carroçável";"Com Vítimas Feridas";"Plena Noite";"Crescente";"Céu Claro";"Dupla";"Curva";"Sim";1;0;0;1;0;0;1;1;-7,119483;-34,845273;"SPRF-PB";"DEL01-PB";"UOP01-DEL01-PB"
672827;2025-04-10;"quinta-feira";"21:00:00";"SC";282;4;"FLORIANOPOLIS";"Pista Escorregadia";"Saída de leito carroçável";"Sem Vítimas";"Plena Noite";"Decrescente";"Chuva";"Múltipla";"Curva";"Sim";1;0;0;0;1;0;0;1;-27,595939;-48,601539;"SPRF-SC";"DEL01-SC";"UOP01-DEL01-SC"
672828;2025-04-10;"quinta-feira";"20:30:00";"MT";70;1,5;"BARRA DO GARCAS";"Desrespeitar a preferência no cruzamento";"Colisão transversal";"Com Vítimas Feridas";"Plena Noite";"Decrescente";"Céu Claro";"Simples";"Interseção de Vias";"Sim";3;0;2;0;1;0;2;2;-15,89244903;-52,26200581;"SPRF-MT";"DEL07-MT";"UOP01-DEL07-MT"
672829;2025-04-10;"quinta-feira";"16:30:00";"MG";381;240,4;"SANTANA DO PARAISO";"Ultrapassagem Indevida";"Colisão lateral mesmo sentido";"Com Vítimas Feridas";"Pleno dia";"Crescente";"Nublado";"Simples";"Reta";"Não";2;0;2;0;0;0;2;2;-19,39066752;-42,47915268;"SPRF-MG";"DEL06-MG";"UOP01-DEL06-MG"
672830;2025-04-10;"quinta-feira";"19:05:00";"RO";364;343;"JI-PARANA";"Condutor desrespeitou a iluminação vermelha do semáforo";"Colisão transversal";"Com Vítimas Feridas";"Plena Noite";"Crescente";"Chuva";"Dupla";"Reta;Interseção de Vias";"Não";3;0;2;0;0;1;2;3;-10,877367;-61,94707;"SPRF-RO";"DEL02-RO";"UOP01-DEL02-RO"
672831;2025-04-10;"quinta-feira";"18:50:00";"MS";262;348;"CAMPO GRANDE";"Ausência de reação do condutor";"Tombamento";"Com Vítimas Feridas";"Plena Noite";"Decrescente";"Céu Claro";"Simples";"Reta";"Não";3;0;0;1;2;0;1;2;-20,56509512;-54,62157726;"SPRF-MS";"DEL01-MS";"UOP03-DEL01-MS"
672832;2025-04-10;"quinta-feira";"20:15:00";"PR";373;432,8;"CHOPINZINHO";"Condutor Dormindo";"Colisão com objeto";"Com Vítimas Fatais";"Plena Noite";"Crescente";"Céu Claro";"Simples";"Reta";"Não";4;1;0;3;0;0;3;1;-25,76449;-52,255294;"SPRF-PR";"DEL02-PR";"UOP01-DEL02-PR"
672833;2025-04-10;"quinta-feira";"18:00:00";"RO";174;15;"VILHENA";"Acessar a via sem observar a presença dos outros veículos";"Colisão transversal";"Com Vítimas Feridas";"Plena Noite";"Crescente";"Garoa/Chuvisco";"Simples";"Interseção de Vias";"Sim";2;0;1;0;1;0;1;2;-12,812288;-60,0702976;"SPRF-RO";"DEL04-RO";"UOP01-DEL04-RO"
672834;2025-04-10;"quinta-feira";"17:30:00";"SC";280;28;"ARAQUARI";"Transitar no Acostamento";"Colisão transversal";"Com Vítimas Feridas";"Anoitecer";"Crescente";"Céu Claro";"Simples";"Reta";"Sim";2;0;0;1;1;0;1;2;-26,40727882;-48,74875003;"SPRF-SC";"DEL03-SC";"UOP03-DEL03-SC"
672835;2025-04-10;"quinta-feira";"17:00:00";"MG";116;277;"TEOFILO OTONI";"Ausência de reação do condutor";"Atropelamento de Pedestre";"Com Vítimas Feridas";"Anoitecer";"Crescente";"Céu Claro";"Simples";"Reta";"Sim";2;0;1;0;0;1;1;2;-17,86638165;-41,5164113;"SPRF-MG";"DEL11-MG";"UOP01-DEL11-MG"
672836;2025-04-10;"quinta-feira";"20:30:00";"MS";262;298,4;"CAMPO GRANDE";"Animais na Pista";"Atropelamento de Animal";"Com Vítimas Feridas";"Plena Noite";"Crescente";"Céu Claro";"Simples";"Reta;Declive";"Não";1;0;1;0;0;0;1;1;-20,505636;-54,282668;"SPRF-MS";"DEL01-MS";"UOP05-DEL01-MS"
672839;2025-04-10;"quinta-feira";"22:00:00";"MG";262;426;"SAO GONCALO DO PARA";"Velocidade Incompatível";"Tombamento";"Com Vítimas Feridas";"Plena Noite";"Decrescente";"Chuva";"Dupla";"Reta";"Não";2;0;0;2;0;0;2;1;-19,8964585;-44,85064862;"SPRF-MG";"DEL08-MG";"UOP03-DEL08-MG"
672841;2025-04-10;"quinta-feira";"22:00:00";"SP";381;47,5;"ATIBAIA";"Condutor Dormindo";"Colisão traseira";"Sem Vítimas";"Plena Noite";"Decrescente";"Garoa/Chuvisco";"Dupla";"Reta";"Sim";2;0;0;0;2;0;0;2;-23,19244048;-46,58443451;"SPRF-SP";"DEL03-SP";"UOP01-DEL03-SP"
672843;2025-04-10;"quinta-feira";"19:40:00";"MG";381;705;"LAVRAS";"Ausência de reação do condutor";"Saída de leito carroçável";"Com Vítimas Feridas";"Plena Noite";"Decrescente";"Chuva";"Dupla";"Declive;Curva";"Não";4;0;1;0;3;0;1;1;-21,319184;-45,166537;"SPRF-MG";"DEL04-MG";"UOP02-DEL04-MG"
672844;2025-04-10;"quinta-feira";"22:45:00";"SC";101;212,8;"PALHOCA";"Reação tardia ou ineficiente do condutor";"Colisão traseira";"Com Vítimas Feridas";"Plena Noite";"Decrescente";"Chuva";"Múltipla";"Reta";"Sim";3;0;1;0;2;0;1;2;-27,65960751;-48,67764384;"SPRF-SC";"DEL01-SC";"UOP02-DEL01-SC"
672845;2025-04-11;"sexta-feira";"00:01:00";"ES";101;145;"LINHARES";"Velocidade Incompatível";"Saída de leito carroçável";"Com Vítimas Feridas";"Plena Noite";"Decrescente";"Chuva";"Múltipla";"Reta";"Sim";1;0;1;0;0;0;1;1;-19,4222704;-40,0779271;"SPRF-ES";"DEL04-ES";"UOP01-DEL04-ES"
672848;2025-02-05;"quarta-feira";"10:00:00";"RJ";356;153;"CAMPOS DOS GOYTACAZES";"Ultrapassagem Indevida";"Colisão frontal";"Com Vítimas Feridas";"Pleno dia";"Crescente";"Céu Claro";"Simples";"Curva";"Não";2;0;2;0;0;0;2;2;-21,75725266;-41,24154911;"SPRF-RJ";"DEL08-RJ";"UOP02-DEL08-RJ"
672849;2025-04-11;"sexta-feira";"01:05:00";"SP";116;221;"GUARULHOS";"Ausência de reação do condutor";"Colisão traseira";"Com Vítimas Feridas";"Plena Noite";"Crescente";"Nublado";"Múltipla";"Em Obras;Reta";"Sim";3;0;2;0;1;0;2;2;-23,46881479;-46,50988318;"SPRF-SP";"DEL01-SP";"UOP01-DEL01-SP"
672850;2025-04-10;"quinta-feira";"23:48:00";"GO";251;22;"SANTO ANTONIO DO DESCOBERTO";"Condutor Dormindo";"Saída de leito carroçável";"Com Vítimas Feridas";"Plena Noite";"Crescente";"Céu Claro";"Simples";"Reta";"Sim";1;0;1;0;0;0;1;1;-15,9393523;-48,2705973;"SPRF-DF";"DEL01-DF";"UOP01-DEL01-DF"
672852;2025-04-11;"sexta-feira";"00:20:00";"SC";101;0;"ARARANGUA";"Falta de elemento de contenção que evite a saída do leito carroçável";"Saída de leito carroçável";"Sem Vítimas";"Plena Noite";"Crescente";"Chuva";"Simples";"Reta";"Não";1;0;0;0;0;1;0;1;-28,9290911;-49,4826755;"SPRF-SC";"DEL02-SC";"UOP02-DEL02-SC"
672853;2025-04-11;"sexta-feira";"01:55:00";"PR";277;4,4;"PARANAGUA";"Ingestão de álcool pelo condutor";"Tombamento";"Com Vítimas Feridas";"Plena Noite";"Decrescente";"Nublado";"Dupla";"Reta";"Sim";1;0;1;0;0;0;1;1;-25,534865;-48,53048;"SPRF-PR";"DEL01-PR";"UOP05-DEL01-PR"
672855;2025-04-11;"sexta-feira";"03:20:00";"SC";101;130,5;"BALNEARIO CAMBORIU";"Ausência de reação do condutor";"Colisão com objeto";"Com Vítimas Fatais";"Plena Noite";"Decrescente";"Chuva";"Múltipla";"Reta";"Sim";1;1;0;0;0;0;0;1;-26,98732;-48,66558;"SPRF-SC";"DEL04-SC";"UOP03-DEL04-SC"
672856;2025-04-11;"sexta-feira";"02:40:00";"PR";277;2,5;"CURITIBA";"Reação tardia ou ineficiente do condutor";"Colisão traseira";"Com Vítimas Fatais";"Plena Noite";"Decrescente";"Nublado";"Dupla";"Reta";"Sim";4;1;0;1;0;2;1;3;-25,43030573;-49,3405419;"SPRF-PR";"DEL01-PR";"UOP06-DEL01-PR"
672858;2025-04-11;"sexta-feira";"04:20:00";"ES";262;20;"VIANA";"Reação tardia ou ineficiente do condutor";"Colisão com objeto";"Sem Vítimas";"Plena Noite";"Crescente";"Nublado";"Simples";"Reta;Ponte";"Não";2;0;0;0;2;0;0;1;-20,381129;-40,504147;"SPRF-ES";"DEL01-ES";"UOP01-DEL01-ES"
672859;2025-04-11;"sexta-feira";"03:50:00";"MG";40;420,4;"CURVELO";"Transitar na contramão";"Colisão frontal";"Com Vítimas Fatais";"Plena Noite";"Crescente";"Nevoeiro/Neblina";"Simples";"Reta;Declive";"Não";5;3;0;1;1;0;1;2;-19,155432;-44,561397;"SPRF-MG";"DEL02-MG";"UOP01-DEL02-MG"
672860;2025-04-11;"sexta-feira";"04:30:00";"PI";135;271;"ALVORADA DO GURGUEIA";"Transitar na contramão";"Colisão frontal";"Com Vítimas Fatais";"Plena Noite";"Crescente";"Nublado";"Simples";"Aclive;Reta";"Não";45;1;0;4;40;0;4;2;-8,539576;-43,939158;"SPRF-PI";"DEL03-PI";"UOP02-DEL03-PI"
672862;2025-04-11;"sexta-feira";"04:30:00";"MS";163;488,2;"CAMPO GRANDE";"Pedestre andava na pista";"Atropelamento de Pedestre";"Com Vítimas Fatais";"Plena Noite";"Crescente";"Céu Claro";"Simples";"Reta";"Sim";2;1;0;0;1;0;0;2;-20,41376;-54,549046;"SPRF-MS";"DEL01-MS";"UOP02-DEL01-MS"
672863;2025-04-11;"sexta-feira";"05:05:00";"RS";386;432,6;"NOVA SANTA RITA";"Animais na Pista";"Atropelamento de Animal";"Com Vítimas Feridas";"Plena Noite";"Decrescente";"Céu Claro";"Simples";"Declive";"Sim";3;0;2;1;0;0;3;1;-29,83959839;-51,29808962;"SPRF-RS";"DEL04-RS";"UOP02-DEL04-RS"
672864;2025-04-11;"sexta-feira";"05:45:00";"RS";116;297;"GUAIBA";"Ingestão de álcool pelo condutor";"Colisão traseira";"Sem Vítimas";"Amanhecer";"Crescente";"Céu Claro";"Dupla";"Reta";"Não";2;0;0;0;2;0;0;2;-30,1082;-51,344;"SPRF-RS";"DEL02-RS";"UOP01-DEL02-RS"
672865;2025-04-11;"sexta-feira";"04:45:00";"MG";40;409,9;"CURVELO";"Ultrapassagem Indevida";"Colisão frontal";"Com Vítimas Fatais";"Amanhecer";"Crescente";"Nevoeiro/Neblina";"Simples";"Reta";"Não";7;1;2;1;3;0;3;3;-19,11881;-44,64545;"SPRF-MG";"DEL02-MG";"UOP01-DEL02-MG"
672867;2025-04-11;"sexta-feira";"06:30:00";"RS";116;432,9;"CRISTAL";"Condutor Dormindo";"Saída de leito carroçável";"Com Vítimas Fatais";"Amanhecer";"Decrescente";"Chuva";"Dupla";"Reta";"Não";4;2;0;2;0;0;2;1;-31,04670238;-52,04003152;"SPRF-RS";"DEL02-RS";"UOP02-DEL02-RS"
672868;2025-04-11;"sexta-feira";"06:50:00";"PB";230;23,5;"JOAO PESSOA";"Trafegar com motocicleta (ou similar) entre as faixas";"Colisão lateral mesmo sentido";"Com Vítimas Feridas";"Pleno dia";"Decrescente";"Sol";"Dupla";"Em Obras;Reta;Desvio Temporário";"Sim";3;0;2;0;1;0;2;2;-7,16784645;-34,86400671;"SPRF-PB";"DEL01-PB";"UOP01-DEL01-PB"
672870;2025-04-11;"sexta-feira";"05:45:00";"SC";101;257,5;"PAULO LOPES";"Ausência de reação do condutor";"Colisão com objeto";"Com Vítimas Feridas";"Amanhecer";"Decrescente";"Chuva";"Dupla";"Reta";"Não";5;0;5;0;0;0;5;1;-28,0771265;-48,7124993;"SPRF-SC";"DEL02-SC";"UOP03-DEL02-SC"
672874;2025-04-11;"sexta-feira";"06:40:00";"CE";116;16,3;"EUSEBIO";"Reação tardia ou ineficiente do condutor";"Colisão traseira";"Com Vítimas Feridas";"Pleno dia";"Crescente";"Nublado";"Dupla";"Reta";"Sim";2;0;1;0;1;0;1;2;-3,89005678;-38,50199277;"SPRF-CE";"DEL01-CE";"UOP02-DEL01-CE"
672875;2025-04-11;"sexta-feira";"06:25:00";"DF";80;15;"BRASILIA";"Conversão proibida";"Colisão transversal";"Com Vítimas Fatais";"Pleno dia";"Decrescente";"Sol";"Simples";"Aclive;Interseção de Vias;Reta";"Não";2;1;0;1;0;0;1;2;-15,7136408;-48,1982343;"SPRF-DF";"DEL03-DF";"UOP02-DEL03-DF"
672876;2025-04-11;"sexta-feira";"07:14:00";"PE";101;69;"RECIFE";"Acessar a via sem observar a presença dos outros veículos";"Colisão transversal";"Com Vítimas Feridas";"Pleno dia";"Crescente";"Céu Claro";"Múltipla";"Reta";"Não";2;0;0;1;1;0;1;2;-8,0639674;-34,94440913;"SPRF-PE";"DEL01-PE";"UOP01-DEL01-PE"
672878;2025-04-11;"sexta-feira";"06:25:00";"PR";376;174,3;"MARINGA";"Condutor desrespeitou a iluminação vermelha do semáforo";"Colisão transversal";"Com Vítimas Feridas";"Pleno dia";"Decrescente";"Céu Claro";"Dupla";"Reta";"Sim";2;0;1;0;1;0;1;2;-23,41654353;-51,95656473;"SPRF-PR";"DEL09-PR";"UOP01-DEL09-PR"
672880;2025-04-11;"sexta-feira";"07:10:00";"PR";153;41,9;"SANTO ANTONIO DA PLATINA";"Reação tardia ou ineficiente do condutor";"Colisão transversal";"Com Vítimas Feridas";"Pleno dia";"Crescente";"Céu Claro";"Simples";"Reta";"Sim";2;0;1;0;1;0;1;2;-23,29728581;-50,0683843;"SPRF-PR";"DEL07-PR";"UOP04-DEL07-PR"
672881;2025-04-11;"sexta-feira";"07:20:00";"PR";163;267;"TOLEDO";"Ultrapassagem Indevida";"Colisão transversal";"Com Vítimas Feridas";"Pleno dia";"Decrescente";"Céu Claro";"Simples";"Reta";"Não";3;0;0;1;2;0;1;2;-24,65488094;-53,82926881;"SPRF-PR";"DEL06-PR";"UOP02-DEL06-PR"
672882;2025-04-11;"sexta-feira";"07:03:00";"RN";304;32;"MOSSORO";"Acessar a via sem observar a presença dos outros veículos";"Colisão transversal";"Com Vítimas Feridas";"Pleno dia";"Crescente";"Céu Claro";"Simples";"Reta";"Sim";3;0;2;1;0;0;3;2;-5,13621064;-37,34526515;"SPRF-RN";"DEL04-RN";"UOP02-DEL04-RN"
672883;2025-04-11;"sexta-feira";"07:40:00";"PR";376;3;"SAO JOSE DOS PINHAIS";"Condutor deixou de manter distância do veículo da frente";"Colisão lateral mesmo sentido";"Com Vítimas Feridas";"Pleno dia";"Crescente";"Céu Claro";"Dupla";"Reta";"Sim";2;0;1;0;1;0;1;2;-25,54047571;-49,19168568;"SPRF-PR";"DEL01-PR";"UOP04-DEL01-PR"
672886;2025-04-11;"sexta-feira";"07:35:00";"PR";369;158,7;"CAMBE";"Condutor deixou de manter distância do veículo da frente";"Colisão traseira";"Sem Vítimas";"Pleno dia";"Crescente";"Sol";"Dupla";"Aclive;Reta";"Sim";3;0;0;0;2;1;0;3;-23,284431;-51,242069;"SPRF-PR";"DEL07-PR";"UOP01-DEL07-PR"
672887;2025-04-11;"sexta-feira";"07:40:00";"BA";324;524;"SALVADOR";"Ausência de reação do condutor";"Colisão traseira";"Com Vítimas Feridas";"Pleno dia";"Crescente";"Céu Claro";"Dupla";"Reta";"Sim";5;0;2;0;3;0;2;2;-12,957005;-38,471938;"SPRF-BA";"DEL01-BA";"UOP03-DEL01-BA"
672888;2025-04-11;"sexta-feira";"04:00:00";"MS";267;80,5;"BATAGUASSU";"Condutor Dormindo";"Saída de leito carroçável";"Sem Vítimas";"Plena Noite";"Decrescente";"Céu Claro";"Simples";"Reta";"Não";1;0;0;0;0;1;0;1;-21,878748;-52,86482;"SPRF-MS";"DEL02-MS";"UOP04-DEL02-MS"
672889;2025-04-11;"sexta-feira";"07:45:00";"DF";40;5;"BRASILIA";"Ausência de reação do condutor";"Colisão traseira";"Com Vítimas Feridas";"Pleno dia";"Crescente";"Céu Claro";"Dupla";"Reta";"Sim";2;0;1;0;1;0;1;2;-16,024109;-47,97967549;"SPRF-DF";"DEL01-DF";"UOP01-DEL01-DF"