"id";"data_inversa";"dia_semana";"horario";"uf";"br";"km";"municipio";"causa_acidente";"tipo_acidente";"classificacao_acidente";"fase_dia";"sentido_via";"condicao_metereologica";"tipo_pista";"tracado_via";"uso_solo";"pessoas";"mortos";"feridos_leves";"feridos_graves";"ilesos";"ignorados";"feridos";"veiculos";"latitude";"longitude";"regional";"delegacia";"uop"
673003;2025-04-11;"sexta-feira";"18:50:00";"RS";116;530,1;"CAPAO DO LEAO";"Desrespeitar a preferência no cruzamento";"Colisão transversal";"Com Vítimas Feridas";"Plena Noite";"Decrescente";"Céu Claro";"Simples";"Rotatória";"Sim";5;0;1;0;4;0;1;2;-31,760068;-52,438137;"SPRF-RS";"DEL07-RS";"UOP01-DEL07-RS"
673005;2025-04-11;"sexta-feira";"18:45:00";"PR";277;721;"FOZ DO IGUACU";"Acessar a via sem observar a presença dos outros veículos";"Colisão transversal";"Com Vítimas Feridas";"Pleno dia";"Crescente";"Céu Claro";"Dupla";"Reta;Retorno Regulamentado";"Sim";2;0;1;0;1;0;1;2;-25,49379796;-54,51828003;"SPRF-PR";"DEL05-PR";"UOP03-DEL05-PR"
673006;2025-04-11;"sexta-feira";"18:10:00";"MG";116;524,7;"CARATINGA";"Pedestre cruzava a pista fora da faixa";"Atropelamento de Pedestre";"Com Vítimas Feridas";"Plena Noite";"Decrescente";"Nublado";"Simples";"Reta";"Sim";2;0;1;0;1;0;1;2;-19,769736;-42,13195;"SPRF-MG";"DEL06-MG";"UOP02-DEL06-MG"
673007;2025-04-11;"sexta-feira";"17:30:00";"PB";230;140,8;"CAMPINA GRANDE";"Carga excessiva e/ou mal acondicionada";"Colisão com objeto";"Com Vítimas Feridas";"Plena Noite";"Decrescente";"Nublado";"Dupla";"Curva;Retorno Regulamentado";"Não";1;0;1;0;0;0;1;1;-7,260378;-35,808137;"SPRF-PB";"DEL02-PB";"UOP01-DEL02-PB"
673008;2025-04-11;"sexta-feira";"19:00:00";"PE";101;86,5;"JABOATAO DOS GUARARAPES";"Manobra de mudança de faixa";"Colisão lateral mesmo sentido";"Com Vítimas Feridas";"Plena Noite";"Crescente";"Céu Claro";"Dupla";"Interseção de Vias";"Não";3;0;1;0;1;1;1;2;-8,186825;-34,972184;"SPRF-PE";"DEL01-PE";"UOP01-DEL01-PE"
673009;2025-04-11;"sexta-feira";"14:00:00";"PA";222;113;"RONDON DO PARA";"Transitar na contramão";"Colisão frontal";"Com Vítimas Feridas";"Pleno dia";"Crescente";"Céu Claro";"Simples";"Reta;Aclive";"Não";4;0;0;2;2;0;2;2;-4,806363;-48,135643;"SPRF-PA";"DEL02-PA";"UOP02-DEL02-PA"
673011;2025-04-11;"sexta-feira";"17:20:00";"RR";174;524;"BOA VISTA";"Condutor Dormindo";"Saída de leito carroçável";"Com Vítimas Feridas";"Anoitecer";"Decrescente";"Céu Claro";"Simples";"Reta";"Não";1;0;1;0;0;0;1;1;2,98385;-60,751358;"SPRF-RR";"DEL01-RR";"UOP01-DEL01-RR"
673012;2025-04-11;"sexta-feira";"19:40:00";"SP";381;37,3;"ATIBAIA";"Reação tardia ou ineficiente do condutor";"Colisão traseira";"Com Vítimas Feridas";"Plena Noite";"Decrescente";"Nublado";"Dupla";"Reta";"Sim";3;0;1;0;2;0;1;2;-23,10762183;-46,56943456;"SPRF-SP";"DEL03-SP";"UOP01-DEL03-SP"
673013;2025-04-11;"sexta-feira";"19:45:00";"RJ";40;114;"DUQUE DE CAXIAS";"Reação tardia ou ineficiente do condutor";"Colisão traseira";"Com Vítimas Feridas";"Plena Noite";"Decrescente";"Céu Claro";"Múltipla";"Reta";"Não";2;0;1;0;1;0;1;2;-22,72057662;-43,28947742;"SPRF-RJ";"DEL01-RJ";"UOP02-DEL01-RJ"
673015;2025-04-11;"sexta-feira";"20:30:00";"RJ";101;321;"NITEROI";"Pedestre andava na pista";"Atropelamento de Pedestre";"Com Vítimas Feridas";"Plena Noite";"Decrescente";"Céu Claro";"Dupla";"Reta";"Sim";2;0;1;0;1;0;1;2;-22,87409392;-43,11004579;"SPRF-RJ";"DEL02-RJ";"UOP01-DEL02-RJ"
673016;2025-04-11;"sexta-feira";"19:15:00";"SC";116;220;"CORREIA PINTO";"Acessar a via sem observar a presença dos outros veículos";"Colisão transversal";"Com Vítimas Feridas";"Plena Noite";"Decrescente";"Céu Claro";"Simples";"Reta";"Sim";3;0;3;0;0;0;3;2;-27,586336;-50,364808;"SPRF-SC";"DEL05-SC";"UOP03-DEL05-SC"
673019;2025-04-11;"sexta-feira";"19:00:00";"PA";10;16,5;"DOM ELISEU";"Acessar a via sem observar a presença dos outros veículos";"Colisão lateral sentido oposto";"Com Vítimas Feridas";"Plena Noite";"Decrescente";"Nublado";"Simples";"Reta";"Sim";3;0;0;2;0;1;2;2;-4,302702;-47,5557;"SPRF-PA";"DEL02-PA";"UOP02-DEL02-PA"
673020;2025-04-11;"sexta-feira";"20:10:00";"RS";290;152;"ARROIO DOS RATOS";"Reação tardia ou ineficiente do condutor";"Colisão transversal";"Com Vítimas Feridas";"Plena Noite";"Crescente";"Nublado";"Simples";"Reta";"Não";2;0;1;1;0;0;2;2;-30,103862;-51,732205;"SPRF-RS";"DEL02-RS";"UOP01-DEL02-RS"
673023;2025-04-11;"sexta-feira";"20:20:00";"MG";50;18,9;"UBERLANDIA";"Ausência de reação do condutor";"Colisão com objeto";"Com Vítimas Feridas";"Plena Noite";"Decrescente";"Céu Claro";"Dupla";"Reta";"Sim";1;0;1;0;0;0;1;1;-18,931601;-48,196842;"SPRF-MG";"DEL15-MG";"UOP01-DEL15-MG"
673024;2025-04-11;"sexta-feira";"19:20:00";"SP";153;298,9;"CAMPOS NOVOS PAULISTA";"Frear bruscamente";"Tombamento";"Com Vítimas Feridas";"Plena Noite";"Decrescente";"Céu Claro";"Simples";"Reta";"Não";3;0;1;0;0;2;1;2;-22,57625899;-49,88956419;"SPRF-SP";"DEL07-SP";"UOP03-DEL07-SP"
673027;2025-04-11;"sexta-feira";"20:00:00";"DF";20;8;"BRASILIA";"Manobra de mudança de faixa";"Colisão lateral mesmo sentido";"Com Vítimas Feridas";"Plena Noite";"Crescente";"Nublado";"Múltipla";"Reta";"Sim";3;0;1;0;2;0;1;2;-15,65676025;-47,78798338;"SPRF-DF";"DEL02-DF";"UOP01-DEL02-DF"
673028;2025-04-11;"sexta-feira";"20:30:00";"PB";230;17;"JOAO PESSOA";"Ingestão de álcool pelo condutor";"Colisão lateral mesmo sentido";"Com Vítimas Feridas";"Plena Noite";"Decrescente";"Céu Claro";"Dupla";"Reta";"Sim";2;0;0;1;1;0;1;2;-7,11342;-34,842206;"SPRF-PB";"DEL01-PB";"UOP01-DEL01-PB"
673029;2025-04-11;"sexta-feira";"19:40:00";"SC";163;71,4;"SAO MIGUEL DO OESTE";"Acessar a via sem observar a presença dos outros veículos";"Colisão transversal";"Com Vítimas Feridas";"Plena Noite";"Decrescente";"Céu Claro";"Dupla";"Reta;Interseção de Vias";"Sim";3;0;1;0;2;0;1;2;-26,72548851;-53,51333141;"SPRF-SC";"DEL07-SC";"UOP03-DEL07-SC"
673030;2025-04-11;"sexta-feira";"20:30:00";"ES";393;1;"CACHOEIRO DE ITAPEMIRIM";"Reação tardia ou ineficiente do condutor";"Colisão transversal";"Com Vítimas Feridas";"Plena Noite";"Crescente";"Céu Claro";"Simples";"Reta";"Sim";2;0;1;0;1;0;1;2;-20,83681886;-41,15815938;"SPRF-ES";"DEL03-ES";"UOP02-DEL03-ES"
673031;2025-04-11;"sexta-feira";"20:30:00";"RJ";116;233,6;"PIRAI";"Objeto estático sobre o leito carroçável";"Tombamento";"Com Vítimas Feridas";"Plena Noite";"Crescente";"Nublado";"Dupla";"Curva";"Não";1;0;1;0;0;0;1;1;-22,6301521;-43,9108903;"SPRF-RJ";"DEL07-RJ";"UOP01-DEL07-RJ"
673032;2025-04-11;"sexta-feira";"19:05:00";"RJ";493;53;"DUQUE DE CAXIAS";"Demais falhas mecânicas ou elétricas";"Incêndio";"Sem Vítimas";"Plena Noite";"Decrescente";"Céu Claro";"Dupla";"Reta";"Não";1;0;0;0;1;0;0;1;-22,665656;-43,335331;"SPRF-RJ";"DEL01-RJ";"UOP03-DEL01-RJ"
673033;2025-04-11;"sexta-feira";"17:30:00";"MG";365;773,3;"ITUIUTABA";"Animais na Pista";"Atropelamento de Animal";"Com Vítimas Feridas";"Anoitecer";"Crescente";"Céu Claro";"Simples";"Aclive;Reta";"Não";5;0;5;0;0;0;5;1;-18,95920742;-49,66697395;"SPRF-MG";"DEL15-MG";"UOP03-DEL15-MG"
673034;2025-04-11;"sexta-feira";"20:58:00";"ES";101;143;"LINHARES";"Velocidade Incompatível";"Colisão transversal";"Com Vítimas Fatais";"Plena Noite";"Decrescente";"Céu Claro";"Múltipla";"Reta";"Não";2;1;0;0;0;1;0;2;-19,34286302;-40,06369686;"SPRF-ES";"DEL04-ES";"UOP01-DEL04-ES"
673035;2025-04-11;"sexta-feira";"21:00:00";"RJ";101;328;"RIO DE JANEIRO";"Manobra de mudança de faixa";"Colisão lateral mesmo sentido";"Com Vítimas Feridas";"Plena Noite";"Decrescente";"Céu Claro";"Simples";"Ponte;Reta";"Sim";3;0;2;0;0;1;2;2;-22,87079766;-43,16082001;"SPRF-RJ";"DEL02-RJ";"UOP01-DEL02-RJ"
673037;2025-04-11;"sexta-feira";"21:00:00";"PE";408;76,9;"PAUDALHO";"Velocidade Incompatível";"Colisão com objeto";"Com Vítimas Fatais";"Plena Noite";"Crescente";"Nublado";"Dupla";"Declive;Curva";"Não";2;1;0;0;0;1;0;1;-7,95324201;-35,10387182;"SPRF-PE";"DEL01-PE";"UOP01-DEL01-PE"
673038;2025-04-11;"sexta-feira";"21:45:00";"BA";101;506;"ITABUNA";"Velocidade Incompatível";"Saída de leito carroçável";"Sem Vítimas";"Plena Noite";"Crescente";"Céu Claro";"Simples";"Reta";"Não";1;0;0;0;0;1;0;1;-14,802678;-39,293112;"SPRF-BA";"DEL05-BA";"UOP01-DEL05-BA"
673039;2025-04-11;"sexta-feira";"21:50:00";"MG";459;97,8;"POUSO ALEGRE";"Pedestre andava na pista";"Atropelamento de Pedestre";"Com Vítimas Fatais";"Plena Noite";"Crescente";"Céu Claro";"Simples";"Declive;Reta";"Não";3;1;0;0;1;1;0;3;-22,197184;-45,97557;"SPRF-MG";"DEL09-MG";"UOP01-DEL09-MG"
673040;2025-04-11;"sexta-feira";"20:30:00";"RJ";493;113;"SEROPEDICA";"Chuva";"Saída de leito carroçável";"Com Vítimas Feridas";"Plena Noite";"Crescente";"Chuva";"Dupla";"Reta";"Sim";4;0;4;0;0;0;4;1;-22,80846598;-43,79631042;"SPRF-RJ";"DEL03-RJ";"UOP01-DEL03-RJ"
673041;2025-04-11;"sexta-feira";"21:10:00";"SP";101;51;"UBATUBA";"Ingestão de álcool pelo condutor";"Queda de ocupante de veículo";"Com Vítimas Feridas";"Plena Noite";"Decrescente";"Céu Claro";"Simples";"Reta";"Sim";4;0;1;0;0;3;1;2;-23,45740467;-45,06998956;"SPRF-SP";"DEL06-SP";"UOP01-DEL06-SP"
673046;2025-04-11;"sexta-feira";"21:18:00";"MT";163;838;"SINOP";"Demais falhas na via";"Queda de ocupante de veículo";"Com Vítimas Feridas";"Plena Noite";"Crescente";"Céu Claro";"Simples";"Reta";"Não";2;0;2;0;0;0;2;1;-11,83771965;-55,48908949;"SPRF-MT";"DEL06-MT";"UOP02-DEL06-MT"
673048;2025-04-11;"sexta-feira";"20:00:00";"RJ";101;458;"ANGRA DOS REIS";"Acessar a via sem observar a presença dos outros veículos";"Colisão lateral mesmo sentido";"Com Vítimas Feridas";"Plena Noite";"Crescente";"Céu Claro";"Simples";"Curva";"Não";2;0;1;0;1;0;1;2;-22,9895673;-44,2417473;"SPRF-RJ";"DEL03-RJ";"UOP03-DEL03-RJ"
673050;2025-02-02;"domingo";"21:00:00";"RS";290;91,6;"PORTO ALEGRE";"Ingestão de álcool pelo condutor";"Colisão com objeto";"Com Vítimas Feridas";"Anoitecer";"Crescente";"Céu Claro";"Múltipla";"Reta";"Sim";2;0;1;0;1;0;1;1;-29,969055;-51,167439;"SPRF-RS";"DEL01-RS";"UOP01-DEL01-RS"
673051;2025-04-11;"sexta-feira";"21:30:00";"SC";280;58,6;"GUARAMIRIM";"Acessar a via sem observar a presença dos outros veículos";"Colisão lateral mesmo sentido";"Com Vítimas Feridas";"Plena Noite";"Crescente";"Céu Claro";"Dupla";"Reta";"Não";2;0;1;0;1;0;1;2;-26,47582;-49,03155;"SPRF-SC";"DEL03-SC";"UOP03-DEL03-SC"
673052;2025-04-11;"sexta-feira";"22:40:00";"SP";116;57;"GUARATINGUETA";"Ausência de reação do condutor";"Colisão traseira";"Com Vítimas Feridas";"Plena Noite";"Decrescente";"Céu Claro";"Dupla";"Reta";"Não";3;0;2;0;1;0;2;2;-22,7751951;-45,1379179;"SPRF-SP";"DEL08-SP";"UOP01-DEL08-SP"
673053;2025-04-11;"sexta-feira";"21:55:00";"PR";376;474;"PONTA GROSSA";"Ingestão de álcool pelo condutor";"Saída de leito carroçável";"Sem Vítimas";"Plena Noite";"Decrescente";"Céu Claro";"Dupla";"Aclive;Reta";"Não";1;0;0;0;1;0;0;1;-25,036846;-50,297112;"SPRF-PR";"DEL03-PR";"UOP01-DEL03-PR"
673054;2025-04-11;"sexta-feira";"21:40:00";"PR";277;603,2;"SANTA TEREZA DO OESTE";"Reação tardia ou ineficiente do condutor";"Saída de leito carroçável";"Com Vítimas Feridas";"Plena Noite";"Crescente";"Céu Claro";"Simples";"Aclive;Reta";"Não";1;0;1;0;0;0;1;1;-25,02837276;-53,56452942;"SPRF-PR";"DEL05-PR";"UOP02-DEL05-PR"
673055;2025-04-11;"sexta-feira";"21:10:00";"RJ";116;197;"SEROPEDICA";"Velocidade Incompatível";"Colisão traseira";"Sem Vítimas";"Plena Noite";"Decrescente";"Céu Claro";"Múltipla";"Reta";"Sim";2;0;0;0;2;0;0;2;-22,7268301;-43,7190298;"SPRF-RJ";"DEL06-RJ";"UOP02-DEL06-RJ"
673058;2025-04-11;"sexta-feira";"21:45:00";"RS";153;41,9;"ERECHIM";"Velocidade Incompatível";"Tombamento";"Com Vítimas Feridas";"Plena Noite";"Crescente";"Céu Claro";"Simples";"Desvio Temporário;Aclive;Curva;Em Obras";"Não";2;0;1;0;1;0;1;1;-27,60440633;-52,23643899;"SPRF-RS";"DEL08-RS";"UOP04-DEL08-RS"
673059;2025-04-11;"sexta-feira";"21:50:00";"GO";70;7;"AGUAS LINDAS DE GOIAS";"Pedestre cruzava a pista fora da faixa";"Atropelamento de Pedestre";"Com Vítimas Feridas";"Plena Noite";"Crescente";"Chuva";"Dupla";"Reta";"Sim";2;0;1;0;1;0;1;2;-15,74046004;-48,27100631;"SPRF-DF";"DEL03-DF";"UOP02-DEL03-DF"
673062;2025-04-11;"sexta-feira";"22:30:00";"PR";277;123,3;"CAMPO LARGO";"Ausência de reação do condutor";"Colisão traseira";"Com Vítimas Fatais";"Plena Noite";"Crescente";"Céu Claro";"Dupla";"Reta";"Não";4;1;0;1;1;1;1;3;-25,43847;-49,512583;"SPRF-PR";"DEL03-PR";"UOP03-DEL03-PR"
673063;2025-04-11;"sexta-feira";"23:00:00";"RS";392;644;"GUARANI DAS MISSOES";"Condutor deixou de manter distância do veículo da frente";"Colisão traseira";"Com Vítimas Feridas";"Plena Noite";"Crescente";"Céu Claro";"Simples";"Reta";"Não";2;0;1;0;1;0;1;2;-28,149279;-54,568928;"SPRF-RS";"DEL10-RS";"UOP01-DEL10-RS"
673064;2025-04-11;"sexta-feira";"22:45:00";"PB";101;85;"BAYEUX";"Ausência de reação do condutor";"Tombamento";"Com Vítimas Feridas";"Plena Noite";"Crescente";"Céu Claro";"Dupla";"Reta";"Sim";1;0;1;0;0;0;1;1;-7,14289248;-34,91971012;"SPRF-PB";"DEL01-PB";"UOP01-DEL01-PB"
673066;2025-04-11;"sexta-feira";"21:40:00";"RO";364;425;"JARU";"Ingestão de álcool pelo condutor";"Colisão com objeto";"Com Vítimas Feridas";"Plena Noite";"Decrescente";"Chuva";"Dupla";"Retorno Regulamentado;Reta;Declive";"Sim";4;0;1;0;3;0;1;1;-10,4334556;-62,47851849;"SPRF-RO";"DEL03-RO";"UOP02-DEL03-RO"
673068;2025-04-11;"sexta-feira";"22:30:00";"SC";163;69,4;"SAO MIGUEL DO OESTE";"Acessar a via sem observar a presença dos outros veículos";"Colisão transversal";"Com Vítimas Feridas";"Plena Noite";"Decrescente";"Céu Claro";"Dupla";"Reta;Declive;Interseção de Vias";"Sim";2;0;1;0;1;0;1;2;-26,73676678;-53,50354671;"SPRF-SC";"DEL07-SC";"UOP03-DEL07-SC"
673069;2025-04-11;"sexta-feira";"20:15:00";"PR";158;354,9;"MARQUINHO";"Velocidade Incompatível";"Saída de leito carroçável";"Com Vítimas Feridas";"Plena Noite";"Crescente";"Céu Claro";"Simples";"Curva";"Não";1;0;1;0;0;0;1;1;-25,0150343;-52,27702618;"SPRF-PR";"DEL04-PR";"UOP02-DEL04-PR"
673071;2025-04-12;"sábado";"00:30:00";"RJ";116;173;"RIO DE JANEIRO";"Ausência de reação do condutor";"Engavetamento";"Com Vítimas Feridas";"Plena Noite";"Crescente";"Céu Claro";"Múltipla";"Reta";"Não";4;0;2;0;2;0;2;4;-22,806528;-43,3455104;"SPRF-RJ";"DEL06-RJ";"UOP01-DEL06-RJ"
673072;2025-04-12;"sábado";"00:45:00";"ES";101;395;"RIO NOVO DO SUL";"Pedestre andava na pista";"Atropelamento de Pedestre";"Com Vítimas Feridas";"Plena Noite";"Crescente";"Nublado";"Simples";"Curva";"Não";2;0;1;0;0;1;1;2;-20,865157;-40,917123;"SPRF-ES";"DEL03-ES";"UOP02-DEL03-ES"
673073;2025-04-11;"sexta-feira";"21:30:00";"SC";101;117,5;"ITAJAI";"Reação tardia ou ineficiente do condutor";"Colisão lateral mesmo sentido";"Sem Vítimas";"Plena Noite";"Decrescente";"Nublado";"Múltipla";"Reta";"Sim";1;0;0;0;1;0;0;1;-26,891829;-48,72053;"SPRF-SC";"DEL04-SC";"UOP04-DEL04-SC"
673074;2025-04-12;"sábado";"01:07:00";"MA";230;407,4;"BALSAS";"Ingestão de álcool pelo condutor";"Colisão frontal";"Com Vítimas Feridas";"Plena Noite";"Decrescente";"Céu Claro";"Simples";"Reta";"Não";3;0;1;0;1;1;1;3;-7,5190807;-46,0691182;"SPRF-MA";"DEL05-MA";"UOP01-DEL05-MA"
673075;2025-04-12;"sábado";"01:03:00";"SC";101;197,4;"BIGUACU";"Ingestão de álcool pelo condutor";"Colisão transversal";"Com Vítimas Feridas";"Plena Noite";"Decrescente";"Céu Claro";"Dupla";"Reta";"Sim";2;0;1;0;1;0;1;2;-27,522269;-48,636947;"SPRF-SC";"DEL01-SC";"UOP01-DEL01-SC"
673077;2025-04-11;"sexta-feira";"22:55:00";"SC";280;18,6;"BALNEARIO BARRA DO SUL";"Ingestão de álcool pelo condutor";"Saída de leito carroçável";"Com Vítimas Feridas";"Plena Noite";"Decrescente";"Garoa/Chuvisco";"Simples";"Em Obras;Reta";"Não";1;0;1;0;0;0;1;1;-26,368242;-48,668407;"SPRF-SC";"DEL03-SC";"UOP03-DEL03-SC"
673078;2025-04-12;"sábado";"01:00:00";"SC";101;114,9;"ITAJAI";"Condutor deixou de manter distância do veículo da frente";"Colisão traseira";"Com Vítimas Feridas";"Plena Noite";"Decrescente";"Nevoeiro/Neblina";"Múltipla";"Reta;Interseção de Vias";"Sim";2;0;0;1;0;1;1;2;-26,87068261;-48,72941386;"SPRF-SC";"DEL04-SC";"UOP04-DEL04-SC"
673079;2025-04-12;"sábado";"00:03:00";"PI";343;310,3;"ALTOS";"Animais na Pista";"Atropelamento de Animal";"Sem Vítimas";"Plena Noite";"Decrescente";"Garoa/Chuvisco";"Simples";"Reta";"Não";2;0;0;0;2;0;0;1;-5,040228;-42,487153;"SPRF-PI";"DEL01-PI";"UOP01-DEL01-PI"
673081;2025-04-12;"sábado";"02:15:00";"RS";290;86;"PORTO ALEGRE";"Ingestão de álcool pelo condutor";"Colisão com objeto";"Com Vítimas Feridas";"Plena Noite";"Crescente";"Céu Claro";"Dupla";"Reta";"Sim";3;0;1;0;2;0;1;1;-29,96794762;-51,12067223;"SPRF-RS";"DEL01-RS";"UOP01-DEL01-RS"
673082;2025-04-11;"sexta-feira";"23:53:00";"PA";163;640;"TRAIRAO";"Animais na Pista";"Atropelamento de Animal";"Com Vítimas Feridas";"Plena Noite";"Crescente";"Céu Claro";"Simples";"Ponte;Reta";"Não";3;0;1;0;2;0;1;1;-4,586595;-55,931927;"SPRF-PA";"DEL06-PA";"UOP01-DEL06-PA"
673083;2025-04-12;"sábado";"03:20:00";"PE";101;129,9;"ESCADA";"Reação tardia ou ineficiente do condutor";"Colisão traseira";"Com Vítimas Feridas";"Plena Noite";"Decrescente";"Céu Claro";"Dupla";"Reta";"Não";2;0;2;0;0;0;2;2;-8,3916344;-35,2553836;"SPRF-PE";"DEL01-PE";"UOP03-DEL01-PE"
673084;2025-04-12;"sábado";"01:50:00";"SP";116;523;"BARRA DO TURVO";"Demais falhas mecânicas ou elétricas";"Incêndio";"Sem Vítimas";"Plena Noite";"Crescente";"Nublado";"Dupla";"Reta";"Não";71;0;0;0;71;0;0;1;-24,92069047;-48,25950623;"SPRF-SP";"DEL05-SP";"UOP02-DEL05-SP"
673085;2025-04-12;"sábado";"02:00:00";"PR";369;184,8;"ARAPONGAS";"Ausência de reação do condutor";"Saída de leito carroçável";"Com Vítimas Fatais";"Plena Noite";"Decrescente";"Nublado";"Simples";"Reta;Interseção de Vias";"Sim";2;1;0;1;0;0;1;1;-23,407353;-51,428102;"SPRF-PR";"DEL07-PR";"UOP03-DEL07-PR"
673086;2025-04-12;"sábado";"02:35:00";"PI";316;2,4;"TERESINA";"Ingestão de álcool pelo condutor";"Colisão traseira";"Sem Vítimas";"Plena Noite";"Crescente";"Chuva";"Dupla";"Interseção de Vias;Rotatória";"Sim";2;0;0;0;2;0;0;2;-5,12333774;-42,79516745;"SPRF-PI";"DEL01-PI";"UOP02-DEL01-PI"
673087;2025-04-12;"sábado";"01:00:00";"MT";163;820;"SINOP";"Ingestão de álcool pelo condutor";"Queda de ocupante de veículo";"Com Vítimas Feridas";"Plena Noite";"Decrescente";"Céu Claro";"Simples";"Reta";"Sim";1;0;1;0;0;0;1;1;-11,99365179;-55,51747799;"SPRF-MT";"DEL06-MT";"UOP02-DEL06-MT"
673088;2025-04-12;"sábado";"03:20:00";"SC";470;122,7;"IBIRAMA";"Velocidade Incompatível";"Saída de leito carroçável";"Com Vítimas Feridas";"Plena Noite";"Decrescente";"Céu Claro";"Simples";"Curva";"Não";1;0;1;0;0;0;1;1;-27,106;-49,523;"SPRF-SC";"DEL04-SC";"UOP02-DEL04-SC"
673089;2025-04-12;"sábado";"04:10:00";"RN";304;51,8;"MOSSORO";"Ausência de reação do condutor";"Tombamento";"Com Vítimas Feridas";"Plena Noite";"Decrescente";"Nublado";"Simples";"Reta";"Não";1;0;0;1;0;0;1;1;-5,2577181;-37,30578465;"SPRF-RN";"DEL04-RN";"UOP01-DEL04-RN"
673094;2025-04-12;"sábado";"03:30:00";"SP";116;278,7;"EMBU DAS ARTES";"Ausência de reação do condutor";"Colisão com objeto";"Com Vítimas Fatais";"Plena Noite";"Decrescente";"Céu Claro";"Dupla";"Reta";"Sim";1;1;0;0;0;0;0;1;-23,63688323;-46,83298738;"SPRF-SP";"DEL04-SP";"UOP01-DEL04-SP"
673095;2025-04-11;"sexta-feira";"19:50:00";"RN";110;35,5;"MOSSORO";"Avarias e/ou desgaste excessivo no pneu";"Tombamento";"Com Vítimas Feridas";"Plena Noite";"Decrescente";"Nublado";"Simples";"Reta";"Não";2;0;2;0;0;0;2;1;-5,168779;-37,23185;"SPRF-RN";"DEL04-RN";"UOP01-DEL04-RN"
673096;2025-04-12;"sábado";"04:15:00";"SC";470;57,5;"BLUMENAU";"Ausência de reação do condutor";"Colisão com objeto";"Com Vítimas Feridas";"Plena Noite";"Decrescente";"Nublado";"Simples";"Rotatória";"Sim";1;0;1;0;0;0;1;1;-26,88297351;-49,14171696;"SPRF-SC";"DEL04-SC";"UOP01-DEL04-SC"
673097;2025-04-12;"sábado";"02:55:00";"SC";470;72;"INDAIAL";"Deficiência do Sistema de Iluminação/Sinalização";"Saída de leito carroçável";"Com Vítimas Feridas";"Pleno dia";"Crescente";"Garoa/Chuvisco";"Dupla";"Reta";"Sim";4;0;2;0;2;0;2;1;-26,9013156;-49,26799536;"SPRF-SC";"DEL04-SC";"UOP01-DEL04-SC"
673098;2025-04-12;"sábado";"02:50:00";"MS";262;239;"RIBAS DO RIO PARDO";"Ausência de reação do condutor";"Colisão traseira";"Sem Vítimas";"Plena Noite";"Decrescente";"Céu Claro";"Simples";"Reta";"Não";4;0;0;0;4;0;0;2;-20,45573398;-53,7417661;"SPRF-MS";"DEL01-MS";"UOP05-DEL01-MS"
673099;2025-04-12;"sábado";"03:30:00";"PR";369;202;"APUCARANA";"Acessar a via sem observar a presença dos outros veículos";"Colisão transversal";"Com Vítimas Feridas";"Plena Noite";"Crescente";"Céu Claro";"Simples";"Interseção de Vias";"Não";3;0;2;0;0;1;2;2;-23,5444069;-51,4538483;"SPRF-PR";"DEL07-PR";"UOP03-DEL07-PR"
673100;2025-04-11;"sexta-feira";"09:15:00";"RJ";101;297;"ITABORAI";"Condutor deixou de manter distância do veículo da frente";"Colisão traseira";"Com Vítimas Feridas";"Pleno dia";"Crescente";"Céu Claro";"Dupla";"Retorno Regulamentado";"Sim";2;0;1;0;1;0;1;2;-22,77145107;-42,92400576;"SPRF-RJ";"DEL02-RJ";"UOP02-DEL02-RJ"
673101;2025-04-11;"sexta-feira";"23:00:00";"PI";230;194;"OEIRAS";"Ausência de reação do condutor";"Colisão frontal";"Sem Vítimas";"Plena Noite";"Crescente";"Céu Claro";"Simples";"Reta";"Não";2;0;0;0;2;0;0;2;-6,996295;-42,107865;"SPRF-PI";"DEL04-PI";"UOP01-DEL04-PI"
673102;2025-04-12;"sábado";"05:30:00";"GO";40;96;"CRISTALINA";"Objeto estático sobre o leito carroçável";"Colisão traseira";"Sem Vítimas";"Amanhecer";"Crescente";"Céu Claro";"Múltipla";"Aclive;Reta";"Não";2;0;0;0;1;1;0;2;-16,763;-47,597;"SPRF-DF";"DEL01-DF";"UOP02-DEL01-DF"
673103;2025-04-12;"sábado";"05:40:00";"RS";116;143,1;"CAXIAS DO SUL";"Conversão proibida";"Colisão lateral mesmo sentido";"Com Vítimas Feridas";"Amanhecer";"Crescente";"Céu Claro";"Dupla";"Interseção de Vias;Reta";"Sim";3;0;0;1;0;2;1;3;-29,12135225;-51,12240179;"SPRF-RS";"DEL05-RS";"UOP01-DEL05-RS"
673105;2025-04-12;"sábado";"06:20:00";"PR";467;108,8;"CASCAVEL";"Desrespeitar a preferência no cruzamento";"Colisão transversal";"Com Vítimas Feridas";"Pleno dia";"Crescente";"Céu Claro";"Dupla";"Reta";"Sim";3;0;2;0;1;0;2;2;-24,925083;-53,465722;"SPRF-PR";"DEL04-PR";"UOP01-DEL04-PR"
673106;2025-04-12;"sábado";"07:05:00";"SC";101;216,2;"PALHOCA";"Ausência de reação do condutor";"Saída de leito carroçável";"Com Vítimas Feridas";"Amanhecer";"Crescente";"Nublado";"Múltipla";"Reta";"Sim";1;0;0;1;0;0;1;1;-27,66096;-48,67605;"SPRF-SC";"DEL01-SC";"UOP02-DEL01-SC"