"id";"data_inversa";"dia_semana";"horario";"uf";"br";"km";"municipio";"causa_acidente";"tipo_acidente";"classificacao_acidente";"fase_dia";"sentido_via";"condicao_metereologica";"tipo_pista";"tracado_via";"uso_solo";"pessoas";"mortos";"feridos_leves";"feridos_graves";"ilesos";"ignorados";"feridos";"veiculos";"latitude";"longitude";"regional";"delegacia";"uop"
673220;2025-04-12;"sábado";"17:45:00";"DF";70;18;"BRASILIA";"Animais na Pista";"Atropelamento de Animal";"Com Vítimas Feridas";"Anoitecer";"Crescente";"Céu Claro";"Múltipla";"Reta";"Não";2;0;1;1;0;0;2;1;-15,79094071;-48,2139203;"SPRF-DF";"DEL03-DF";"UOP02-DEL03-DF"
673221;2025-04-12;"sábado";"17:30:00";"SC";101;134;"ITAPEMA";"Demais falhas mecânicas ou elétricas";"Tombamento";"Com Vítimas Feridas";"Pleno dia";"Crescente";"Céu Claro";"Dupla";"Reta";"Sim";2;0;1;1;0;0;2;1;-27,0660264;-48,5956032;"SPRF-SC";"DEL04-SC";"UOP03-DEL04-SC"
673224;2025-04-12;"sábado";"16:00:00";"MT";70;580;"POCONE";"Avarias e/ou desgaste excessivo no pneu";"Saída de leito carroçável";"Com Vítimas Feridas";"Pleno dia";"Decrescente";"Céu Claro";"Simples";"Reta";"Não";1;0;0;1;0;0;1;1;-15,785946;-56,636574;"SPRF-MT";"DEL03-MT";"UOP02-DEL03-MT"
673227;2025-04-12;"sábado";"17:45:00";"MG";40;472,5;"SETE LAGOAS";"Demais falhas mecânicas ou elétricas";"Tombamento";"Com Vítimas Feridas";"Anoitecer";"Crescente";"Céu Claro";"Dupla";"Curva";"Não";1;0;0;1;0;0;1;1;-19,4815202;-44,2834509;"SPRF-MG";"DEL02-MG";"UOP01-DEL02-MG"
673229;2025-04-12;"sábado";"17:50:00";"SP";116;279;"EMBU DAS ARTES";"Manobra de mudança de faixa";"Colisão traseira";"Com Vítimas Feridas";"Anoitecer";"Crescente";"Céu Claro";"Dupla";"Reta";"Sim";2;0;1;0;1;0;1;2;-23,64497049;-46,84065841;"SPRF-SP";"DEL04-SP";"UOP01-DEL04-SP"
673230;2025-04-12;"sábado";"18:30:00";"RN";101;83,6;"SAO GONCALO DO AMARANTE";"Ingestão de álcool pelo condutor";"Colisão lateral mesmo sentido";"Com Vítimas Feridas";"Plena Noite";"Crescente";"Céu Claro";"Dupla";"Declive;Viaduto";"Sim";2;0;0;2;0;0;2;2;-5,77084887;-35,26715088;"SPRF-RN";"DEL02-RN";"UOP01-DEL02-RN"
673231;2025-04-12;"sábado";"18:55:00";"SP";381;79;"SAO PAULO";"Reação tardia ou ineficiente do condutor";"Colisão traseira";"Com Vítimas Feridas";"Plena Noite";"Decrescente";"Céu Claro";"Múltipla";"Aclive;Reta";"Não";2;0;1;0;1;0;1;2;-23,40755355;-46,58040864;"SPRF-SP";"DEL03-SP";"UOP01-DEL03-SP"
673232;2025-04-12;"sábado";"18:25:00";"PI";343;2;"TERESINA";"Ingestão de álcool pelo condutor";"Colisão traseira";"Sem Vítimas";"Plena Noite";"Decrescente";"Céu Claro";"Simples";"Reta";"Sim";2;0;0;0;2;0;0;2;-5,056647;-42,6841512;"SPRF-PI";"DEL05-PI";"UOP01-DEL05-PI"
673233;2025-04-12;"sábado";"18:55:00";"SE";235;2,9;"ARACAJU";"Velocidade Incompatível";"Queda de ocupante de veículo";"Com Vítimas Feridas";"Plena Noite";"Crescente";"Nublado";"Simples";"Declive;Reta";"Sim";1;0;0;1;0;0;1;1;-10,90609583;-37,10207278;"SPRF-SE";"DEL01-SE";"UOP01-DEL01-SE"
673235;2025-04-12;"sábado";"17:30:00";"SC";163;83;"GUARACIABA";"Ingestão de álcool pelo condutor";"Saída de leito carroçável";"Com Vítimas Feridas";"Pleno dia";"Crescente";"Céu Claro";"Simples";"Declive";"Não";3;0;1;0;1;1;1;2;-26,61818856;-53,51873875;"SPRF-SC";"DEL07-SC";"UOP03-DEL07-SC"
673236;2025-04-12;"sábado";"18:45:00";"RS";116;243;"SAO LEOPOLDO";"Velocidade Incompatível";"Colisão com objeto";"Com Vítimas Feridas";"Plena Noite";"Crescente";"Nublado";"Múltipla";"Aclive;Reta;Viaduto";"Sim";5;0;1;0;4;0;1;2;-29,729932;-51,149431;"SPRF-RS";"DEL01-RS";"UOP02-DEL01-RS"
673237;2025-04-12;"sábado";"18:25:00";"RN";110;47,2;"MOSSORO";"Ausência de reação do condutor";"Atropelamento de Pedestre";"Com Vítimas Feridas";"Plena Noite";"Crescente";"Céu Claro";"Simples";"Interseção de Vias;Reta";"Sim";3;0;2;1;0;0;3;2;-5,20516;-37,328245;"SPRF-RN";"DEL04-RN";"UOP01-DEL04-RN"
673239;2025-04-12;"sábado";"18:40:00";"RS";116;444;"PORTO ALEGRE";"Acesso irregular";"Colisão transversal";"Com Vítimas Feridas";"Anoitecer";"Decrescente";"Ignorado";"Dupla";"Reta";"Não";3;0;2;0;1;0;2;3;-29,969984;-51,1711873;"SPRF-RS";"DEL02-RS";"UOP02-DEL02-RS"
673242;2025-04-12;"sábado";"17:15:00";"BA";415;50;"ITABUNA";"Ultrapassagem Indevida";"Colisão traseira";"Com Vítimas Feridas";"Anoitecer";"Crescente";"Céu Claro";"Simples";"Reta";"Sim";3;0;3;0;0;0;3;2;-14,83461953;-39,32263836;"SPRF-BA";"DEL05-BA";"UOP01-DEL05-BA"
673243;2025-04-12;"sábado";"19:20:00";"RS";392;278;"SAO SEPE";"Ultrapassagem Indevida";"Colisão frontal";"Com Vítimas Feridas";"Plena Noite";"Decrescente";"Céu Claro";"Simples";"Declive;Curva";"Não";5;0;1;3;1;0;4;2;-30,32805036;-53,52945149;"SPRF-RS";"DEL09-RS";"UOP02-DEL09-RS"
673244;2025-04-12;"sábado";"19:35:00";"PR";277;590;"CASCAVEL";"Acessar a via sem observar a presença dos outros veículos";"Colisão transversal";"Sem Vítimas";"Plena Noite";"Decrescente";"Chuva";"Múltipla";"Reta";"Não";2;0;0;0;2;0;0;2;-24,9812484;-53,4559385;"SPRF-PR";"DEL04-PR";"UOP01-DEL04-PR"
673245;2025-04-12;"sábado";"18:55:00";"SC";101;214,7;"PALHOCA";"Ultrapassagem Indevida";"Colisão lateral mesmo sentido";"Com Vítimas Feridas";"Anoitecer";"Crescente";"Garoa/Chuvisco";"Múltipla";"Reta";"Sim";2;0;0;1;1;0;1;2;-27,6497;-48,67462;"SPRF-SC";"DEL01-SC";"UOP02-DEL01-SC"
673246;2025-04-12;"sábado";"19:00:00";"DF";20;5,7;"BRASILIA";"Acessar a via sem observar a presença dos outros veículos";"Colisão lateral mesmo sentido";"Sem Vítimas";"Plena Noite";"Crescente";"Nublado";"Dupla";"Ponte;Reta;Declive";"Não";2;0;0;0;1;1;0;2;-15,6664983;-47,8095417;"SPRF-DF";"DEL02-DF";"UOP01-DEL02-DF"
673249;2025-04-12;"sábado";"17:20:00";"RJ";40;52;"PETROPOLIS";"Velocidade Incompatível";"Colisão com objeto";"Com Vítimas Feridas";"Pleno dia";"Decrescente";"Nublado";"Dupla";"Curva;Declive";"Não";1;0;1;0;0;0;1;1;-22,34105563;-43,13383698;"SPRF-RJ";"DEL05-RJ";"UOP02-DEL05-RJ"
673251;2025-04-12;"sábado";"19:25:00";"MG";40;612;"CONGONHAS";"Ingestão de álcool pelo condutor";"Colisão com objeto";"Com Vítimas Feridas";"Plena Noite";"Decrescente";"Céu Claro";"Simples";"Viaduto";"Sim";1;0;1;0;0;0;1;1;-20,51956382;-43,83284211;"SPRF-MG";"DEL05-MG";"UOP02-DEL05-MG"
673252;2025-04-12;"sábado";"19:20:00";"PE";232;198;"SANHARO";"Ingestão de álcool pelo condutor";"Colisão traseira";"Sem Vítimas";"Plena Noite";"Crescente";"Nublado";"Simples";"Reta";"Não";2;0;0;0;1;1;0;2;-8,369538;-36,590511;"SPRF-PE";"DEL03-PE";"UOP02-DEL03-PE"
673254;2025-04-12;"sábado";"19:30:00";"RS";285;506,7;"ENTRE-IJUIS";"Ingestão de álcool pelo condutor";"Saída de leito carroçável";"Com Vítimas Feridas";"Anoitecer";"Decrescente";"Chuva";"Simples";"Curva";"Não";1;0;1;0;0;0;1;1;-28,395324;-54,342876;"SPRF-RS";"DEL10-RS";"UOP01-DEL10-RS"
673255;2025-04-12;"sábado";"19:45:00";"RS";293;14;"PELOTAS";"Acessar a via sem observar a presença dos outros veículos";"Colisão transversal";"Com Vítimas Feridas";"Plena Noite";"Crescente";"Céu Claro";"Simples";"Reta";"Sim";2;0;1;0;1;0;1;2;-31,75055827;-52,47040272;"SPRF-RS";"DEL07-RS";"UOP01-DEL07-RS"
673257;2025-04-12;"sábado";"19:00:00";"MG";262;660,6;"IBIA";"Mal súbito do condutor";"Colisão frontal";"Com Vítimas Feridas";"Plena Noite";"Crescente";"Céu Claro";"Simples";"Curva";"Não";2;0;1;0;1;0;1;2;-19,57145;-46,74165;"SPRF-MG";"DEL08-MG";"UOP01-DEL08-MG"
673258;2025-04-12;"sábado";"20:15:00";"SC";101;330,4;"TUBARAO";"Ingestão de álcool pelo condutor";"Tombamento";"Com Vítimas Feridas";"Plena Noite";"Decrescente";"Céu Claro";"Simples";"Reta;Aclive";"Sim";1;0;1;0;0;0;1;1;-28,46469655;-48,99357134;"SPRF-SC";"DEL02-SC";"UOP01-DEL02-SC"
673259;2025-04-12;"sábado";"20:00:00";"RS";470;222,8;"GARIBALDI";"Ingestão de álcool pelo condutor";"Saída de leito carroçável";"Com Vítimas Feridas";"Plena Noite";"Decrescente";"Céu Claro";"Dupla";"Reta";"Não";1;0;1;0;0;0;1;1;-29,22043768;-51,51656524;"SPRF-RS";"DEL06-RS";"UOP01-DEL06-RS"
673261;2025-04-12;"sábado";"17:40:00";"SC";101;104,4;"BALNEARIO PICARRAS";"Ingestão de álcool pelo condutor";"Colisão lateral mesmo sentido";"Com Vítimas Feridas";"Anoitecer";"Decrescente";"Céu Claro";"Dupla";"Aclive;Reta;Viaduto";"Não";4;0;1;1;2;0;2;2;-26,79758317;-48,67946841;"SPRF-SC";"DEL03-SC";"UOP02-DEL03-SC"
673262;2025-04-12;"sábado";"20:20:00";"PR";277;704;"SAO MIGUEL DO IGUACU";"Ausência de reação do condutor";"Saída de leito carroçável";"Sem Vítimas";"Pleno dia";"Decrescente";"Céu Claro";"Dupla";"Reta;Aclive";"Não";2;0;0;0;2;0;0;1;-25,42832909;-54,36649734;"SPRF-PR";"DEL05-PR";"UOP01-DEL05-PR"
673263;2025-03-19;"quarta-feira";"15:30:00";"CE";116;8;"FORTALEZA";"Condutor deixou de manter distância do veículo da frente";"Colisão traseira";"Com Vítimas Feridas";"Pleno dia";"Decrescente";"Sol";"Dupla";"Reta";"Sim";2;0;1;0;0;1;1;2;-3,82370522;-38,50352883;"SPRF-CE";"DEL01-CE";"UOP02-DEL01-CE"
673264;2025-04-12;"sábado";"20:00:00";"BA";116;359,7;"SERRINHA";"Desrespeitar a preferência no cruzamento";"Colisão transversal";"Com Vítimas Feridas";"Plena Noite";"Crescente";"Céu Claro";"Dupla";"Interseção de Vias;Rotatória";"Sim";3;0;2;0;1;0;2;2;-11,6672711;-39,00104992;"SPRF-BA";"DEL02-BA";"UOP01-DEL02-BA"
673265;2025-04-12;"sábado";"20:55:00";"RS";293;3;"PELOTAS";"Transitar na contramão";"Colisão frontal";"Sem Vítimas";"Plena Noite";"Decrescente";"Nublado";"Dupla";"Rotatória";"Sim";2;0;0;0;2;0;0;2;-31,7414254;-52,3646283;"SPRF-RS";"DEL07-RS";"UOP01-DEL07-RS"
673266;2025-04-12;"sábado";"20:30:00";"SC";101;133,7;"BALNEARIO CAMBORIU";"Desrespeitar a preferência no cruzamento";"Colisão transversal";"Com Vítimas Feridas";"Plena Noite";"Crescente";"Nublado";"Múltipla";"Interseção de Vias";"Sim";2;0;1;0;1;0;1;2;-27,00227641;-48,63799626;"SPRF-SC";"DEL04-SC";"UOP03-DEL04-SC"
673267;2025-04-12;"sábado";"17:40:00";"RO";364;2;"JI-PARANA";"Reação tardia ou ineficiente do condutor";"Colisão traseira";"Com Vítimas Feridas";"Pleno dia";"Crescente";"Céu Claro";"Simples";"Reta";"Não";3;0;0;1;2;0;1;3;-10,829824;-62,01344;"SPRF-RO";"DEL04-RO";"UOP01-DEL04-RO"
673268;2025-04-12;"sábado";"21:00:00";"MG";40;506;"RIBEIRAO DAS NEVES";"Reação tardia ou ineficiente do condutor";"Queda de ocupante de veículo";"Com Vítimas Feridas";"Plena Noite";"Decrescente";"Céu Claro";"Dupla";"Reta";"Sim";2;0;1;1;0;0;2;1;-19,75063895;-44,14470792;"SPRF-MG";"DEL02-MG";"UOP01-DEL02-MG"
673269;2025-04-12;"sábado";"19:20:00";"PR";116;207;"RIO NEGRO";"Transitar na contramão";"Colisão traseira";"Com Vítimas Feridas";"Plena Noite";"Crescente";"Nublado";"Simples";"Reta";"Não";3;0;1;0;1;1;1;3;-26,078656;-49,767904;"SPRF-SC";"DEL06-SC";"UOP01-DEL06-SC"
673271;2025-04-12;"sábado";"20:55:00";"RS";392;24,3;"RIO GRANDE";"Ingestão de álcool pelo condutor";"Colisão transversal";"Sem Vítimas";"Plena Noite";"Decrescente";"Chuva";"Dupla";"Reta;Retorno Regulamentado";"Não";3;0;0;0;1;2;0;3;-32,0841793;-52,2413592;"SPRF-RS";"DEL07-RS";"UOP02-DEL07-RS"
673272;2025-04-12;"sábado";"18:20:00";"MT";364;404;"CUIABA";"Condutor deixou de manter distância do veículo da frente";"Colisão traseira";"Com Vítimas Feridas";"Anoitecer";"Crescente";"Céu Claro";"Múltipla";"Reta";"Sim";7;0;1;0;6;0;1;2;-15,642723;-56,01743;"SPRF-MT";"DEL01-MT";"UOP02-DEL01-MT"
673273;2025-04-12;"sábado";"18:40:00";"SC";282;465,7;"PONTE SERRADA";"Ultrapassagem Indevida";"Colisão frontal";"Com Vítimas Feridas";"Plena Noite";"Crescente";"Nublado";"Simples";"Reta";"Não";4;0;1;3;0;0;4;3;-26,8566303;-52,0542345;"SPRF-SC";"DEL07-SC";"UOP04-DEL07-SC"
673274;2025-04-12;"sábado";"18:00:00";"GO";20;102;"VILA BOA";"Chuva";"Saída de leito carroçável";"Com Vítimas Feridas";"Plena Noite";"Decrescente";"Chuva";"Simples";"Reta";"Não";3;0;3;0;0;0;3;1;-14,936893;-46,981903;"SPRF-DF";"DEL02-DF";"UOP02-DEL02-DF"
673275;2025-04-12;"sábado";"18:50:00";"SP";116;99,4;"PINDAMONHANGABA";"Ausência de reação do condutor";"Colisão com objeto";"Com Vítimas Feridas";"Plena Noite";"Decrescente";"Céu Claro";"Dupla";"Reta";"Não";1;0;1;0;0;0;1;1;-22,983943;-45,467265;"SPRF-SP";"DEL08-SP";"UOP01-DEL08-SP"
673277;2025-04-12;"sábado";"17:40:00";"MG";40;131,1;"JOAO PINHEIRO";"Reação tardia ou ineficiente do condutor";"Colisão traseira";"Com Vítimas Feridas";"Pleno dia";"Decrescente";"Chuva";"Simples";"Reta";"Não";2;0;1;0;1;0;1;2;-17,70879046;-46,27750397;"SPRF-MG";"DEL14-MG";"UOP01-DEL14-MG"
673278;2025-04-12;"sábado";"19:50:00";"RJ";101;295;"ITABORAI";"Ausência de reação do condutor";"Colisão traseira";"Com Vítimas Feridas";"Plena Noite";"Crescente";"Céu Claro";"Dupla";"Reta";"Sim";2;0;1;0;1;0;1;2;-22,76572051;-42,90561416;"SPRF-RJ";"DEL02-RJ";"UOP02-DEL02-RJ"
673279;2025-04-12;"sábado";"19:00:00";"PB";230;69;"SOBRADO";"Animais na Pista";"Atropelamento de Animal";"Sem Vítimas";"Plena Noite";"Crescente";"Céu Claro";"Dupla";"Declive;Reta";"Não";2;0;0;0;1;1;0;2;-7,188602;-35,214555;"SPRF-PB";"DEL01-PB";"UOP02-DEL01-PB"
673282;2025-04-12;"sábado";"21:30:00";"MG";116;815;"ALEM PARAIBA";"Manobra de mudança de faixa";"Colisão lateral mesmo sentido";"Com Vítimas Feridas";"Plena Noite";"Decrescente";"Nublado";"Simples";"Declive;Curva";"Não";2;0;1;0;0;1;1;2;-21,86335312;-42,67010116;"SPRF-MG";"DEL07-MG";"UOP01-DEL07-MG"
673284;2025-04-12;"sábado";"22:10:00";"BA";116;19,1;"VITORIA DA CONQUISTA";"Acessar a via sem observar a presença dos outros veículos";"Queda de ocupante de veículo";"Com Vítimas Feridas";"Plena Noite";"Crescente";"Nublado";"Simples";"Reta";"Não";2;0;0;1;0;1;1;2;-14,896183;-40,824213;"SPRF-BA";"DEL08-BA";"UOP01-DEL08-BA"
673285;2025-04-12;"sábado";"19:00:00";"MT";70;390;"CAMPO VERDE";"Reação tardia ou ineficiente do condutor";"Saída de leito carroçável";"Com Vítimas Feridas";"Plena Noite";"Crescente";"Céu Claro";"Simples";"Retorno Regulamentado;Reta";"Não";2;0;0;2;0;0;2;1;-15,606572;-55,190028;"SPRF-MT";"DEL05-MT";"UOP02-DEL05-MT"
673289;2025-04-12;"sábado";"22:40:00";"MG";381;0,5;"BETIM";"Reação tardia ou ineficiente do condutor";"Colisão transversal";"Com Vítimas Feridas";"Plena Noite";"Decrescente";"Céu Claro";"Dupla";"Aclive;Reta";"Sim";2;0;0;1;1;0;1;2;-19,97173542;-44,16057587;"SPRF-MG";"DEL01-MG";"UOP03-DEL01-MG"
673290;2025-04-12;"sábado";"22:30:00";"DF";80;12,8;"BRASILIA";"Retorno proibido";"Colisão transversal";"Sem Vítimas";"Plena Noite";"Decrescente";"Nublado";"Simples";"Declive;Curva";"Sim";2;0;0;0;2;0;0;2;-15,73048;-48,190798;"SPRF-DF";"DEL03-DF";"UOP02-DEL03-DF"
673291;2025-04-12;"sábado";"22:45:00";"RS";392;716,8;"PORTO XAVIER";"Ingestão de álcool pelo condutor";"Colisão lateral sentido oposto";"Sem Vítimas";"Plena Noite";"Crescente";"Nublado";"Simples";"Curva";"Não";2;0;0;0;2;0;0;2;-27,936723;-55,137547;"SPRF-RS";"DEL10-RS";"UOP01-DEL10-RS"
673293;2025-04-12;"sábado";"22:50:00";"BA";116;14,1;"VITORIA DA CONQUISTA";"Velocidade Incompatível";"Queda de ocupante de veículo";"Com Vítimas Feridas";"Plena Noite";"Decrescente";"Céu Claro";"Simples";"Reta";"Sim";1;0;1;0;0;0;1;1;-14,893696;-40,864837;"SPRF-BA";"DEL08-BA";"UOP01-DEL08-BA"
673294;2025-04-12;"sábado";"18:35:00";"RJ";465;21;"NOVA IGUACU";"Conversão proibida";"Colisão transversal";"Com Vítimas Feridas";"Plena Noite";"Crescente";"Céu Claro";"Simples";"Reta";"Sim";4;0;3;0;1;0;3;3;-22,74578914;-43,47564697;"SPRF-RJ";"DEL06-RJ";"UOP02-DEL06-RJ"
673297;2025-04-12;"sábado";"21:02:00";"MS";262;327;"CAMPO GRANDE";"Ausência de reação do condutor";"Saída de leito carroçável";"Sem Vítimas";"Plena Noite";"Crescente";"Céu Claro";"Dupla";"Curva";"Sim";1;0;0;0;1;0;0;1;-20,465;-54,549;"SPRF-MS";"DEL01-MS";"UOP01-DEL01-MS"
673298;2025-04-12;"sábado";"22:25:00";"SP";116;145,9;"SAO JOSE DOS CAMPOS";"Ausência de reação do condutor";"Capotamento";"Com Vítimas Fatais";"Plena Noite";"Decrescente";"Céu Claro";"Dupla";"Aclive";"Sim";3;1;1;1;0;0;2;1;-23,18941068;-45,85954059;"SPRF-SP";"DEL02-SP";"UOP01-DEL02-SP"
673299;2025-04-12;"sábado";"22:45:00";"MG";40;522;"CONTAGEM";"Ingestão de álcool pelo condutor";"Queda de ocupante de veículo";"Com Vítimas Feridas";"Plena Noite";"Decrescente";"Céu Claro";"Dupla";"Curva";"Sim";1;0;1;0;0;0;1;1;-19,86210864;-44,06959534;"SPRF-MG";"DEL01-MG";"UOP02-DEL01-MG"
673300;2025-04-12;"sábado";"18:00:00";"MS";163;444;"CAMPO GRANDE";"Acumulo de água sobre o pavimento";"Saída de leito carroçável";"Com Vítimas Feridas";"Plena Noite";"Decrescente";"Chuva";"Simples";"Reta";"Não";1;0;1;0;0;0;1;1;-20,787;-54,523;"SPRF-MS";"DEL01-MS";"UOP01-DEL01-MS"
673302;2025-04-12;"sábado";"22:50:00";"SC";282;0,5;"FLORIANOPOLIS";"Reação tardia ou ineficiente do condutor";"Saída de leito carroçável";"Sem Vítimas";"Plena Noite";"Decrescente";"Garoa/Chuvisco";"Dupla";"Curva";"Sim";1;0;0;0;1;0;0;1;-27,59815969;-48,57120037;"SPRF-SC";"DEL01-SC";"UOP01-DEL01-SC"
673303;2025-04-12;"sábado";"20:40:00";"GO";70;474;"ARAGARCAS";"Ausência de reação do condutor";"Colisão traseira";"Com Vítimas Feridas";"Plena Noite";"Crescente";"Céu Claro";"Dupla";"Reta";"Sim";3;0;1;1;0;1;2;3;-15,895974;-52,249593;"SPRF-GO";"DEL04-GO";"UOP02-DEL04-GO"
673304;2025-04-12;"sábado";"21:20:00";"PB";104;84,1;"REMIGIO";"Reação tardia ou ineficiente do condutor";"Colisão frontal";"Com Vítimas Feridas";"Plena Noite";"Crescente";"Céu Claro";"Simples";"Reta";"Não";4;0;2;1;1;0;3;2;-6,949021;-35,818206;"SPRF-PB";"DEL02-PB";"UOP04-DEL02-PB"
673305;2025-04-12;"sábado";"23:30:00";"MG";116;675;"MURIAE";"Ausência de reação do condutor";"Atropelamento de Animal";"Com Vítimas Feridas";"Plena Noite";"Crescente";"Céu Claro";"Simples";"Reta";"Não";1;0;1;0;0;0;1;1;-21,02665288;-42,36345291;"SPRF-MG";"DEL07-MG";"UOP02-DEL07-MG"
673306;2025-04-12;"sábado";"22:50:00";"MG";116;192;"CARAI";"Ausência de reação do condutor";"Saída de leito carroçável";"Com Vítimas Feridas";"Plena Noite";"Decrescente";"Céu Claro";"Simples";"Curva";"Não";2;0;0;2;0;0;2;1;-17,182074;-41,48803;"SPRF-MG";"DEL11-MG";"UOP01-DEL11-MG"
673307;2025-04-13;"domingo";"00:15:00";"RS";116;252;"SAPUCAIA DO SUL";"Velocidade Incompatível";"Colisão traseira";"Com Vítimas Feridas";"Plena Noite";"Crescente";"Céu Claro";"Dupla";"Reta";"Sim";6;0;0;1;5;0;1;2;-29,810104;-51,168045;"SPRF-RS";"DEL01-RS";"UOP02-DEL01-RS"
673308;2025-04-13;"domingo";"00:30:00";"MG";381;500,8;"BETIM";"Ingestão de álcool pelo condutor";"Colisão traseira";"Com Vítimas Feridas";"Plena Noite";"Crescente";"Céu Claro";"Dupla";"Reta";"Sim";2;0;1;0;1;0;1;2;-20,0082256;-44,2166068;"SPRF-MG";"DEL01-MG";"UOP03-DEL01-MG"
673309;2025-04-12;"sábado";"23:15:00";"RJ";101;521;"ANGRA DOS REIS";"Reação tardia ou ineficiente do condutor";"Tombamento";"Com Vítimas Feridas";"Plena Noite";"Crescente";"Céu Claro";"Simples";"Reta";"Não";1;0;1;0;0;0;1;1;-23,01370828;-44,486063;"SPRF-RJ";"DEL03-RJ";"UOP03-DEL03-RJ"
673310;2025-04-13;"domingo";"00:10:00";"MG";262;36;"MANHUACU";"Ingestão de álcool pelo condutor";"Colisão traseira";"Sem Vítimas";"Plena Noite";"Decrescente";"Nublado";"Simples";"Reta";"Sim";2;0;0;0;2;0;0;2;-20,267556;-42,037445;"SPRF-MG";"DEL06-MG";"UOP03-DEL06-MG"
673312;2025-04-12;"sábado";"23:10:00";"PI";343;592;"FLORIANO";"Ultrapassagem Indevida";"Colisão lateral sentido oposto";"Com Vítimas Feridas";"Plena Noite";"Decrescente";"Céu Claro";"Simples";"Reta;Interseção de Vias";"Sim";3;0;0;3;0;0;3;2;-6,778727;-43,034705;"SPRF-PI";"DEL03-PI";"UOP01-DEL03-PI"
673313;2025-04-12;"sábado";"23:20:00";"PA";230;113;"MARABA";"Manobra de mudança de faixa";"Colisão traseira";"Com Vítimas Feridas";"Plena Noite";"Decrescente";"Garoa/Chuvisco";"Simples";"Reta";"Sim";2;0;1;0;1;0;1;2;-5,36245147;-49,0755415;"SPRF-PA";"DEL03-PA";"UOP01-DEL03-PA"
673314;2025-04-13;"domingo";"01:25:00";"SC";101;191;"BIGUACU";"Acumulo de água sobre o pavimento";"Saída de leito carroçável";"Com Vítimas Feridas";"Plena Noite";"Crescente";"Chuva";"Múltipla";"Curva";"Não";4;0;1;0;3;0;1;1;-27,47774915;-48,6419142;"SPRF-SC";"DEL01-SC";"UOP01-DEL01-SC"
673316;2025-04-12;"sábado";"22:30:00";"RJ";116;95;"GUAPIMIRIM";"Ingestão de substâncias psicoativas pelo condutor";"Tombamento";"Sem Vítimas";"Plena Noite";"Decrescente";"Nublado";"Simples";"Reta;Aclive";"Não";1;0;0;0;1;0;0;1;-22,46536143;-42,99394369;"SPRF-RJ";"DEL04-RJ";"UOP01-DEL04-RJ"
673318;2025-04-13;"domingo";"01:30:00";"PR";277;586,4;"CASCAVEL";"Ingestão de álcool pelo condutor";"Colisão transversal";"Com Vítimas Feridas";"Plena Noite";"Crescente";"Céu Claro";"Simples";"Interseção de Vias;Reta";"Não";3;0;1;1;1;0;2;2;-24,9669607;-53,4247747;"SPRF-PR";"DEL04-PR";"UOP01-DEL04-PR"
673319;2025-04-13;"domingo";"01:40:00";"PB";230;38;"SANTA RITA";"Ausência de reação do condutor";"Atropelamento de Pedestre";"Com Vítimas Feridas";"Plena Noite";"Crescente";"Céu Claro";"Dupla";"Reta";"Sim";2;0;1;0;0;1;1;2;-7,138114;-34,970745;"SPRF-PB";"DEL01-PB";"UOP02-DEL01-PB"
673320;2025-04-13;"domingo";"02:00:00";"GO";60;101,5;"ANAPOLIS";"Ingestão de álcool pelo condutor";"Saída de leito carroçável";"Com Vítimas Feridas";"Plena Noite";"Crescente";"Céu Claro";"Dupla";"Interseção de Vias";"Sim";1;0;1;0;0;0;1;1;-16,40347525;-48,97848598;"SPRF-GO";"DEL02-GO";"UOP01-DEL02-GO"
673322;2025-04-13;"domingo";"02:05:00";"PE";232;4,5;"RECIFE";"Ausência de reação do condutor";"Tombamento";"Sem Vítimas";"Plena Noite";"Decrescente";"Céu Claro";"Dupla";"Declive;Viaduto";"Sim";1;0;0;0;0;1;0;1;-8,06665;-34,941708;"SPRF-PE";"DEL01-PE";"UOP01-DEL01-PE"
673323;2025-04-13;"domingo";"01:00:00";"PA";316;121;"SANTA MARIA DO PARA";"Ausência de reação do condutor";"Colisão traseira";"Sem Vítimas";"Plena Noite";"Crescente";"Céu Claro";"Simples";"Reta";"Não";2;0;0;0;1;1;0;2;-1,3467648;-47,5758592;"SPRF-PA";"DEL01-PA";"UOP02-DEL01-PA"
673325;2025-03-23;"domingo";"12:20:00";"PB";230;53;"CRUZ DO ESPIRITO SANTO";"Condutor Dormindo";"Saída de leito carroçável";"Com Vítimas Feridas";"Pleno dia";"Crescente";"Céu Claro";"Dupla";"Reta";"Não";2;0;1;0;1;0;1;1;-7,1956844;-35,0698906;"SPRF-PB";"DEL01-PB";"UOP02-DEL01-PB"
673326;2025-04-13;"domingo";"00:30:00";"MT";174;280;"PONTES E LACERDA";"Condutor Dormindo";"Saída de leito carroçável";"Sem Vítimas";"Plena Noite";"Decrescente";"Céu Claro";"Simples";"Reta";"Não";1;0;0;0;0;1;0;1;-15,3023772;-59,2596276;"SPRF-MT";"DEL04-MT";"UOP01-DEL04-MT"
673328;2025-04-13;"domingo";"00:10:00";"MS";163;231;"CAARAPO";"Manobra de mudança de faixa";"Saída de leito carroçável";"Com Vítimas Feridas";"Plena Noite";"Decrescente";"Nevoeiro/Neblina";"Dupla";"Reta";"Não";1;0;0;1;0;0;1;1;-22,44871377;-54,83362198;"SPRF-MS";"DEL04-MS";"UOP02-DEL04-MS"