"id";"data_inversa";"dia_semana";"horario";"uf";"br";"km";"municipio";"causa_acidente";"tipo_acidente";"classificacao_acidente";"fase_dia";"sentido_via";"condicao_metereologica";"tipo_pista";"tracado_via";"uso_solo";"pessoas";"mortos";"feridos_leves";"feridos_graves";"ilesos";"ignorados";"feridos";"veiculos";"latitude";"longitude";"regional";"delegacia";"uop"
673620;2025-03-26;"quarta-feira";"07:30:00";"BA";110;361;"CATU";"Reação tardia ou ineficiente do condutor";"Saída de leito carroçável";"Com Vítimas Feridas";"Pleno dia";"Crescente";"Sol";"Simples";"Reta";"Não";1;0;1;0;0;0;1;1;-12,309712;-38,373656;"SPRF-BA";"DEL01-BA";"UOP04-DEL01-BA"
673621;2025-04-14;"segunda-feira";"09:00:00";"PR";376;180,4;"MARINGA";"Ausência de reação do condutor";"Colisão traseira";"Com Vítimas Feridas";"Pleno dia";"Decrescente";"Sol";"Dupla";"Declive;Reta";"Sim";2;0;0;1;1;0;1;2;-23,424438;-51,899943;"SPRF-PR";"DEL09-PR";"UOP01-DEL09-PR"
673622;2025-04-14;"segunda-feira";"07:30:00";"SC";282;604;"XANXERE";"Acessar a via sem observar a presença dos outros veículos";"Colisão frontal";"Com Vítimas Feridas";"Pleno dia";"Crescente";"Céu Claro";"Simples";"Interseção de Vias";"Não";6;0;6;0;0;0;6;2;-26,88407139;-52,3901921;"SPRF-SC";"DEL07-SC";"UOP02-DEL07-SC"
673624;2025-04-14;"segunda-feira";"08:40:00";"MG";116;306,9;"ITAMBACURI";"Reação tardia ou ineficiente do condutor";"Saída de leito carroçável";"Com Vítimas Feridas";"Pleno dia";"Decrescente";"Céu Claro";"Simples";"Reta";"Não";1;0;1;0;0;0;1;1;-18,04693;-41,66263;"SPRF-MG";"DEL11-MG";"UOP01-DEL11-MG"
673625;2025-03-18;"terça-feira";"21:30:00";"BA";101;116;"ALAGOINHAS";"Demais falhas mecânicas ou elétricas";"Incêndio";"Sem Vítimas";"Plena Noite";"Crescente";"Céu Claro";"Simples";"Reta";"Não";1;0;0;0;1;0;0;1;-12,165012;-38,476559;"SPRF-BA";"DEL01-BA";"UOP04-DEL01-BA"
673626;2025-04-14;"segunda-feira";"08:00:00";"RJ";40;31,5;"AREAL";"Velocidade Incompatível";"Colisão com objeto";"Com Vítimas Feridas";"Pleno dia";"Decrescente";"Chuva";"Dupla";"Curva";"Não";1;0;1;0;0;0;1;1;-22,201;-43,149;"SPRF-RJ";"DEL05-RJ";"UOP02-DEL05-RJ"
673627;2025-04-14;"segunda-feira";"10:05:00";"PB";230;16,5;"JOAO PESSOA";"Reação tardia ou ineficiente do condutor";"Engavetamento";"Com Vítimas Feridas";"Pleno dia";"Decrescente";"Céu Claro";"Dupla";"Reta";"Sim";3;0;1;0;2;0;1;3;-7,11260854;-34,84238327;"SPRF-PB";"DEL01-PB";"UOP01-DEL01-PB"
673628;2025-04-14;"segunda-feira";"08:40:00";"SP";116;208;"GUARULHOS";"Trafegar com motocicleta (ou similar) entre as faixas";"Colisão traseira";"Com Vítimas Feridas";"Pleno dia";"Crescente";"Céu Claro";"Múltipla";"Reta";"Sim";4;0;1;0;1;2;1;3;-23,45894608;-46,48392892;"SPRF-SP";"DEL01-SP";"UOP01-DEL01-SP"
673630;2025-04-14;"segunda-feira";"10:00:00";"MG";365;620;"UBERLANDIA";"Reação tardia ou ineficiente do condutor";"Colisão lateral mesmo sentido";"Com Vítimas Feridas";"Pleno dia";"Crescente";"Céu Claro";"Dupla";"Reta";"Sim";2;0;0;1;1;0;1;2;-18,88752822;-48,26808929;"SPRF-MG";"DEL15-MG";"UOP01-DEL15-MG"
673631;2025-04-14;"segunda-feira";"10:30:00";"RJ";116;171;"RIO DE JANEIRO";"Ultrapassagem Indevida";"Colisão lateral mesmo sentido";"Com Vítimas Feridas";"Pleno dia";"Decrescente";"Nublado";"Dupla";"Interseção de Vias;Reta";"Sim";3;0;1;0;2;0;1;2;-22,81084849;-43,33481658;"SPRF-RJ";"DEL06-RJ";"UOP01-DEL06-RJ"
673632;2025-02-23;"domingo";"00:40:00";"GO";153;428,6;"ANAPOLIS";"Ausência de reação do condutor";"Colisão com objeto";"Com Vítimas Feridas";"Plena Noite";"Crescente";"Céu Claro";"Dupla";"Declive;Reta";"Sim";1;0;0;1;0;0;1;1;-16,259095;-48,98762;"SPRF-GO";"DEL02-GO";"UOP01-DEL02-GO"
673633;2025-04-14;"segunda-feira";"08:45:00";"RO";364;534;"ALTO PARAISO";"Condutor deixou de manter distância do veículo da frente";"Colisão traseira";"Sem Vítimas";"Pleno dia";"Decrescente";"Céu Claro";"Simples";"Aclive";"Não";5;0;0;0;5;0;0;2;-9,763296;-63,094637;"SPRF-RO";"DEL03-RO";"UOP01-DEL03-RO"
673635;2025-03-30;"domingo";"18:45:00";"GO";60;101,4;"ANAPOLIS";"Acessar a via sem observar a presença dos outros veículos";"Colisão transversal";"Com Vítimas Fatais";"Plena Noite";"Decrescente";"Céu Claro";"Dupla";"Reta;Retorno Regulamentado;Interseção de Vias";"Sim";3;1;0;0;2;0;0;2;-16,40361621;-48,97802711;"SPRF-GO";"DEL02-GO";"UOP01-DEL02-GO"
673636;2025-04-14;"segunda-feira";"10:50:00";"MG";40;452,1;"CAETANOPOLIS";"Objeto estático sobre o leito carroçável";"Colisão traseira";"Com Vítimas Feridas";"Pleno dia";"Crescente";"Nublado";"Dupla";"Declive;Reta";"Sim";9;0;2;1;5;1;3;5;-19,334335;-44,360845;"SPRF-MG";"DEL02-MG";"UOP01-DEL02-MG"
673637;2025-03-26;"quarta-feira";"14:40:00";"GO";60;101,4;"ANAPOLIS";"Velocidade Incompatível";"Colisão traseira";"Com Vítimas Feridas";"Pleno dia";"Crescente";"Céu Claro";"Dupla";"Reta";"Sim";3;0;2;0;1;0;2;2;-16,40385293;-48,97934675;"SPRF-GO";"DEL02-GO";"UOP01-DEL02-GO"
673638;2025-03-14;"sexta-feira";"01:15:00";"GO";60;94,6;"ANAPOLIS";"Condutor Dormindo";"Saída de leito carroçável";"Com Vítimas Feridas";"Plena Noite";"Decrescente";"Céu Claro";"Dupla";"Reta;Aclive";"Sim";1;0;1;0;0;0;1;1;-16,361846;-48,933241;"SPRF-GO";"DEL02-GO";"UOP01-DEL02-GO"
673640;2025-04-14;"segunda-feira";"10:20:00";"BA";116;495;"RAFAEL JAMBEIRO";"Acesso irregular";"Colisão transversal";"Com Vítimas Feridas";"Pleno dia";"Decrescente";"Céu Claro";"Simples";"Interseção de Vias;Reta";"Sim";2;0;1;0;1;0;1;2;-12,584495;-39,521722;"SPRF-BA";"DEL02-BA";"UOP01-DEL02-BA"
673642;2025-04-14;"segunda-feira";"10:50:00";"PE";101;32,9;"ITAPISSUMA";"Transitar no Acostamento";"Colisão traseira";"Com Vítimas Feridas";"Pleno dia";"Crescente";"Céu Claro";"Dupla";"Reta";"Não";2;0;0;1;0;1;1;2;-7,76008229;-34,93602681;"SPRF-PE";"DEL01-PE";"UOP02-DEL01-PE"
673643;2025-04-14;"segunda-feira";"08:00:00";"PI";343;10;"PARNAIBA";"Acessar a via sem observar a presença dos outros veículos";"Colisão transversal";"Com Vítimas Feridas";"Pleno dia";"Decrescente";"Céu Claro";"Simples";"Reta";"Sim";2;0;1;0;1;0;1;2;-2,90189799;-41,74007893;"SPRF-PI";"DEL05-PI";"UOP01-DEL05-PI"
673645;2025-04-14;"segunda-feira";"11:20:00";"ES";101;145;"LINHARES";"Ausência de reação do condutor";"Tombamento";"Com Vítimas Feridas";"Pleno dia";"Decrescente";"Céu Claro";"Múltipla";"Reta;Aclive";"Sim";2;0;1;0;1;0;1;2;-19,36091731;-40,06446409;"SPRF-ES";"DEL04-ES";"UOP01-DEL04-ES"
673646;2025-04-14;"segunda-feira";"11:10:00";"BA";101;447;"AURELINO LEAL";"Velocidade Incompatível";"Saída de leito carroçável";"Com Vítimas Feridas";"Pleno dia";"Decrescente";"Céu Claro";"Simples";"Declive;Curva";"Não";1;0;1;0;0;0;1;1;-14,3353003;-39,31715012;"SPRF-BA";"DEL05-BA";"UOP01-DEL05-BA"
673649;2025-04-14;"segunda-feira";"10:20:00";"PB";230;43;"SANTA RITA";"Ausência de reação do condutor";"Saída de leito carroçável";"Com Vítimas Feridas";"Pleno dia";"Decrescente";"Céu Claro";"Dupla";"Reta";"Não";1;0;1;0;0;0;1;1;-7,1512316;-35,00721389;"SPRF-PB";"DEL01-PB";"UOP02-DEL01-PB"
673650;2025-04-14;"segunda-feira";"12:05:00";"PI";343;7;"PARNAIBA";"Pedestre andava na pista";"Atropelamento de Pedestre";"Com Vítimas Feridas";"Plena Noite";"Crescente";"Sol";"Simples";"Reta;Interseção de Vias";"Sim";2;0;2;0;0;0;2;2;-2,898204;-41,715778;"SPRF-PI";"DEL05-PI";"UOP01-DEL05-PI"
673651;2025-04-14;"segunda-feira";"07:40:00";"AL";101;66,8;"MESSIAS";"Pedestre andava na pista";"Atropelamento de Pedestre";"Com Vítimas Feridas";"Pleno dia";"Decrescente";"Sol";"Dupla";"Curva";"Não";2;0;0;2;0;0;2;2;-9,341042;-35,830997;"SPRF-AL";"DEL01-AL";"UOP02-DEL01-AL"
673653;2025-04-14;"segunda-feira";"11:50:00";"PR";369;158;"CAMBE";"Condutor deixou de manter distância do veículo da frente";"Colisão traseira";"Com Vítimas Feridas";"Pleno dia";"Decrescente";"Céu Claro";"Dupla";"Interseção de Vias;Reta;Declive";"Sim";2;0;1;1;0;0;2;2;-23,285012;-51,240099;"SPRF-PR";"DEL07-PR";"UOP01-DEL07-PR"
673655;2025-03-01;"sábado";"11:10:00";"PA";163;248;"NOVO PROGRESSO";"Reação tardia ou ineficiente do condutor";"Tombamento";"Com Vítimas Feridas";"Pleno dia";"Crescente";"Céu Claro";"Simples";"Reta;Aclive";"Não";1;0;1;0;0;0;1;1;-7,4855412;-55,2720866;"SPRF-PA";"DEL06-PA";"UOP02-DEL06-PA"
673657;2025-04-14;"segunda-feira";"11:50:00";"MG";381;727,2;"CARMO DA CACHOEIRA";"Ausência de reação do condutor";"Colisão com objeto";"Com Vítimas Feridas";"Pleno dia";"Decrescente";"Nublado";"Dupla";"Reta";"Não";1;0;1;0;0;0;1;1;-21,48198981;-45,20287505;"SPRF-MG";"DEL04-MG";"UOP02-DEL04-MG"
673658;2025-04-14;"segunda-feira";"11:00:00";"MG";40;618,5;"CONGONHAS";"Condutor deixou de manter distância do veículo da frente";"Colisão traseira";"Sem Vítimas";"Pleno dia";"Decrescente";"Chuva";"Simples";"Reta";"Não";2;0;0;0;2;0;0;2;-20,572486;-43,812311;"SPRF-MG";"DEL05-MG";"UOP02-DEL05-MG"
673659;2025-04-14;"segunda-feira";"12:00:00";"MG";40;697;"BARBACENA";"Reação tardia ou ineficiente do condutor";"Saída de leito carroçável";"Com Vítimas Feridas";"Pleno dia";"Crescente";"Nublado";"Dupla";"Curva";"Não";2;0;2;0;0;0;2;1;-21,17988047;-43,7563097;"SPRF-MG";"DEL05-MG";"UOP02-DEL05-MG"
673661;2025-04-14;"segunda-feira";"11:55:00";"RS";158;333;"SANTA MARIA";"Reação tardia ou ineficiente do condutor";"Colisão traseira";"Com Vítimas Feridas";"Pleno dia";"Crescente";"Céu Claro";"Simples";"Interseção de Vias;Rotatória";"Sim";2;0;1;0;1;0;1;2;-29,706916;-53,852343;"SPRF-RS";"DEL09-RS";"UOP01-DEL09-RS"
673662;2025-04-14;"segunda-feira";"13:15:00";"PE";428;187;"PETROLINA";"Condutor deixou de manter distância do veículo da frente";"Colisão traseira";"Com Vítimas Feridas";"Pleno dia";"Crescente";"Céu Claro";"Múltipla";"Interseção de Vias;Rotatória";"Sim";2;0;1;0;1;0;1;2;-9,37435;-40,488363;"SPRF-PE";"DEL06-PE";"UOP01-DEL06-PE"
673663;2025-04-14;"segunda-feira";"11:15:00";"MG";116;526,2;"CARATINGA";"Condutor deixou de manter distância do veículo da frente";"Colisão traseira";"Com Vítimas Feridas";"Pleno dia";"Crescente";"Nublado";"Simples";"Reta";"Sim";2;0;1;0;0;1;1;2;-19,78284;-42,133643;"SPRF-MG";"DEL06-MG";"UOP02-DEL06-MG"
673665;2025-04-10;"quinta-feira";"05:00:00";"RS";386;193,4;"SANTO ANTONIO DO PLANALTO";"Ausência de reação do condutor";"Saída de leito carroçável";"Com Vítimas Feridas";"Amanhecer";"Decrescente";"Céu Claro";"Simples";"Reta";"Não";1;0;1;0;0;0;1;1;-28,407308;-52,684844;"SPRF-RS";"DEL08-RS";"UOP01-DEL08-RS"
673666;2025-04-14;"segunda-feira";"12:00:00";"SE";235;5;"NOSSA SENHORA DO SOCORRO";"Ingestão de álcool pelo condutor";"Colisão com objeto";"Sem Vítimas";"Pleno dia";"Crescente";"Céu Claro";"Simples";"Reta";"Não";1;0;0;0;1;0;0;1;-10,854413;-37,189228;"SPRF-SE";"DEL01-SE";"UOP01-DEL01-SE"
673668;2025-04-14;"segunda-feira";"11:53:00";"AC";364;131;"RIO BRANCO";"Condutor deixou de manter distância do veículo da frente";"Colisão traseira";"Com Vítimas Feridas";"Pleno dia";"Decrescente";"Céu Claro";"Simples";"Reta";"Sim";2;0;0;1;1;0;1;2;-10,0151101;-67,84099337;"SPRF-AC";"DEL01-AC";"UOP01-DEL01-AC"
673671;2025-04-14;"segunda-feira";"08:00:00";"PI";135;311,7;"CRISTINO CASTRO";"Demais falhas na via";"Saída de leito carroçável";"Com Vítimas Fatais";"Pleno dia";"Crescente";"Céu Claro";"Simples";"Declive;Reta";"Não";2;2;0;0;0;0;0;1;-8,78026;-44,192978;"SPRF-PI";"DEL03-PI";"UOP02-DEL03-PI"
673673;2025-04-14;"segunda-feira";"13:30:00";"PB";104;133;"QUEIMADAS";"Condutor deixou de manter distância do veículo da frente";"Colisão traseira";"Com Vítimas Feridas";"Pleno dia";"Decrescente";"Céu Claro";"Simples";"Reta";"Não";2;0;1;0;1;0;1;2;-7,308345;-35,893533;"SPRF-PB";"DEL02-PB";"UOP03-DEL02-PB"
673675;2025-04-14;"segunda-feira";"12:15:00";"RS";285;513,2;"VITORIA DAS MISSOES";"Ausência de reação do condutor";"Colisão traseira";"Com Vítimas Feridas";"Pleno dia";"Crescente";"Céu Claro";"Simples";"Em Obras;Reta";"Não";9;0;1;0;8;0;1;4;-28,403308;-54,405514;"SPRF-RS";"DEL10-RS";"UOP01-DEL10-RS"
673676;2025-04-14;"segunda-feira";"14:40:00";"ES";101;300,8;"VIANA";"Acumulo de areia ou detritos sobre o pavimento";"Tombamento";"Com Vítimas Feridas";"Pleno dia";"Decrescente";"Nublado";"Dupla";"Curva";"Sim";1;0;1;0;0;0;1;1;-20,36291413;-40,4376483;"SPRF-ES";"DEL01-ES";"UOP01-DEL01-ES"
673678;2025-04-14;"segunda-feira";"15:10:00";"ES";101;264;"SERRA";"Semáforo com defeito";"Colisão transversal";"Com Vítimas Feridas";"Pleno dia";"Crescente";"Nublado";"Múltipla";"Interseção de Vias";"Sim";2;0;0;1;1;0;1;2;-20,17698542;-40,2658784;"SPRF-ES";"DEL02-ES";"UOP01-DEL02-ES"
673682;2025-04-14;"segunda-feira";"13:30:00";"RJ";101;479;"ANGRA DOS REIS";"Pista esburacada";"Tombamento";"Com Vítimas Feridas";"Pleno dia";"Decrescente";"Nublado";"Simples";"Reta";"Não";2;0;2;0;0;0;2;1;-23,01050481;-44,27835703;"SPRF-RJ";"DEL03-RJ";"UOP03-DEL03-RJ"
673683;2025-04-14;"segunda-feira";"14:11:00";"PE";101;41,5;"IGARASSU";"Reação tardia ou ineficiente do condutor";"Colisão traseira";"Com Vítimas Feridas";"Pleno dia";"Crescente";"Céu Claro";"Dupla";"Interseção de Vias;Reta";"Sim";2;0;1;0;1;0;1;2;-7,83415383;-34,91330179;"SPRF-PE";"DEL01-PE";"UOP02-DEL01-PE"
673684;2025-04-14;"segunda-feira";"14:40:00";"SP";381;87;"SAO PAULO";"Ausência de reação do condutor";"Capotamento";"Com Vítimas Feridas";"Pleno dia";"Decrescente";"Nublado";"Múltipla";"Curva";"Sim";1;0;1;0;0;0;1;1;-23,47261598;-46,56289637;"SPRF-SP";"DEL03-SP";"UOP01-DEL03-SP"
673686;2025-04-14;"segunda-feira";"13:13:00";"AC";364;124;"RIO BRANCO";"Reação tardia ou ineficiente do condutor";"Colisão traseira";"Com Vítimas Feridas";"Pleno dia";"Decrescente";"Céu Claro";"Dupla";"Reta";"Não";2;0;1;0;1;0;1;2;-10,0117492;-67,7854836;"SPRF-AC";"DEL01-AC";"UOP01-DEL01-AC"
673690;2025-04-14;"segunda-feira";"16:00:00";"SC";101;118,9;"ITAJAI";"Acumulo de areia ou detritos sobre o pavimento";"Tombamento";"Com Vítimas Feridas";"Pleno dia";"Decrescente";"Nublado";"Dupla";"Reta";"Sim";1;0;1;0;0;0;1;1;-26,9111862;-48,7119537;"SPRF-SC";"DEL04-SC";"UOP04-DEL04-SC"
673691;2025-04-14;"segunda-feira";"14:10:00";"RO";364;409;"JARU";"Objeto estático sobre o leito carroçável";"Colisão com objeto";"Com Vítimas Feridas";"Pleno dia";"Crescente";"Céu Claro";"Simples";"Reta";"Não";1;0;1;0;0;0;1;1;-10,52909398;-62,39633929;"SPRF-RO";"DEL03-RO";"UOP02-DEL03-RO"
673692;2025-04-14;"segunda-feira";"15:30:00";"RJ";116;308;"RESENDE";"Reação tardia ou ineficiente do condutor";"Capotamento";"Com Vítimas Feridas";"Pleno dia";"Decrescente";"Céu Claro";"Dupla";"Reta";"Não";1;0;1;0;0;0;1;1;-22,45668214;-44,40243199;"SPRF-RJ";"DEL07-RJ";"UOP02-DEL07-RJ"
673693;2025-04-14;"segunda-feira";"16:00:00";"MG";381;791;"CAMPANHA";"Velocidade Incompatível";"Colisão com objeto";"Com Vítimas Feridas";"Pleno dia";"Decrescente";"Céu Claro";"Dupla";"Curva";"Não";1;0;1;0;0;0;1;1;-21,75041192;-45,38949966;"SPRF-MG";"DEL16-MG";"UOP02-DEL16-MG"
673694;2025-04-14;"segunda-feira";"15:49:00";"PB";230;20;"JOAO PESSOA";"Trafegar com motocicleta (ou similar) entre as faixas";"Colisão lateral mesmo sentido";"Com Vítimas Feridas";"Pleno dia";"Decrescente";"Céu Claro";"Dupla";"Reta";"Sim";2;0;1;0;1;0;1;2;-7,14157598;-34,85149618;"SPRF-PB";"DEL01-PB";"UOP01-DEL01-PB"
673697;2025-04-14;"segunda-feira";"16:15:00";"ES";101;254;"SERRA";"Ausência de reação do condutor";"Colisão traseira";"Com Vítimas Feridas";"Pleno dia";"Decrescente";"Céu Claro";"Simples";"Em Obras;Reta";"Sim";2;0;1;0;1;0;1;2;-20,11139198;-40,327034;"SPRF-ES";"DEL02-ES";"UOP01-DEL02-ES"
673698;2025-04-14;"segunda-feira";"15:45:00";"PR";369;172;"ROLANDIA";"Acessar a via sem observar a presença dos outros veículos";"Colisão transversal";"Com Vítimas Feridas";"Pleno dia";"Crescente";"Sol";"Simples";"Interseção de Vias";"Sim";2;0;1;0;1;0;1;2;-23,30859071;-51,36771072;"SPRF-PR";"DEL07-PR";"UOP01-DEL07-PR"
673699;2025-04-14;"segunda-feira";"13:20:00";"PI";343;466;"ANGICAL DO PIAUI";"Ausência de reação do condutor";"Colisão traseira";"Com Vítimas Feridas";"Pleno dia";"Crescente";"Sol";"Simples";"Reta";"Não";2;0;0;1;0;1;1;2;-6,041342;-42,735873;"SPRF-PI";"DEL01-PI";"UOP02-DEL01-PI"
673701;2025-04-14;"segunda-feira";"13:00:00";"AP";156;426;"TARTARUGALZINHO";"Ausência de reação do condutor";"Saída de leito carroçável";"Com Vítimas Feridas";"Pleno dia";"Crescente";"Chuva";"Simples";"Curva";"Não";1;0;1;0;0;0;1;1;1,520393;-50,91764017;"SPRF-AP";"DEL01-AP";"UOP02-DEL01-AP"
673703;2025-04-14;"segunda-feira";"16:40:00";"SC";101;118,9;"ITAJAI";"Acumulo de areia ou detritos sobre o pavimento";"Tombamento";"Com Vítimas Feridas";"Pleno dia";"Decrescente";"Nublado";"Dupla";"Reta";"Não";1;0;1;0;0;0;1;1;-26,89717623;-48,71835709;"SPRF-SC";"DEL04-SC";"UOP04-DEL04-SC"
673705;2025-04-14;"segunda-feira";"16:40:00";"SC";101;118,9;"ITAJAI";"Acumulo de areia ou detritos sobre o pavimento";"Tombamento";"Com Vítimas Feridas";"Pleno dia";"Decrescente";"Nublado";"Dupla";"Reta";"Sim";1;0;1;0;0;0;1;1;-26,9111862;-48,7119537;"SPRF-SC";"DEL04-SC";"UOP04-DEL04-SC"
673708;2025-04-14;"segunda-feira";"16:40:00";"CE";116;10,9;"FORTALEZA";"Ausência de reação do condutor";"Engavetamento";"Com Vítimas Feridas";"Pleno dia";"Crescente";"Céu Claro";"Múltipla";"Reta";"Sim";4;0;1;0;3;0;1;4;-3,843446;-38,499081;"SPRF-CE";"DEL01-CE";"UOP02-DEL01-CE"
673711;2025-04-14;"segunda-feira";"17:40:00";"RN";110;46;"MOSSORO";"Condutor deixou de manter distância do veículo da frente";"Colisão lateral mesmo sentido";"Com Vítimas Feridas";"Plena Noite";"Crescente";"Céu Claro";"Simples";"Reta";"Sim";2;0;1;0;1;0;1;2;-5,3028719;-37,2810466;"SPRF-RN";"DEL04-RN";"UOP01-DEL04-RN"
673715;2025-04-14;"segunda-feira";"17:45:00";"CE";116;7,6;"FORTALEZA";"Condutor deixou de manter distância do veículo da frente";"Colisão traseira";"Com Vítimas Feridas";"Anoitecer";"Crescente";"Céu Claro";"Múltipla";"Reta";"Sim";3;0;1;0;2;0;1;2;-3,815823;-38,501749;"SPRF-CE";"DEL01-CE";"UOP02-DEL01-CE"
673717;2025-04-14;"segunda-feira";"17:45:00";"PE";408;93;"SAO LOURENCO DA MATA";"Manobra de mudança de faixa";"Colisão lateral mesmo sentido";"Com Vítimas Feridas";"Plena Noite";"Crescente";"Céu Claro";"Dupla";"Reta;Interseção de Vias";"Não";3;0;2;0;1;0;2;2;-8,043935;-35,014768;"SPRF-PE";"DEL01-PE";"UOP01-DEL01-PE"
673718;2025-04-14;"segunda-feira";"18:17:00";"PB";230;20;"JOAO PESSOA";"Manobra de mudança de faixa";"Colisão lateral mesmo sentido";"Com Vítimas Feridas";"Plena Noite";"Crescente";"Céu Claro";"Dupla";"Reta";"Sim";2;0;1;0;1;0;1;2;-7,13894;-34,85266;"SPRF-PB";"DEL01-PB";"UOP01-DEL01-PB"
673719;2025-04-14;"segunda-feira";"17:50:00";"BA";110;174;"RIBEIRA DO POMBAL";"Ingestão de álcool pelo condutor";"Colisão traseira";"Com Vítimas Feridas";"Plena Noite";"Crescente";"Céu Claro";"Simples";"Reta";"Sim";3;0;1;0;2;0;1;2;-10,83157781;-38,53201389;"SPRF-BA";"DEL07-BA";"UOP02-DEL07-BA"
673724;2025-04-14;"segunda-feira";"19:00:00";"RS";116;264;"CANOAS";"Condutor deixou de manter distância do veículo da frente";"Colisão traseira";"Com Vítimas Feridas";"Plena Noite";"Decrescente";"Nublado";"Múltipla";"Reta";"Não";2;0;1;0;1;0;1;2;-29,91785654;-51,17783546;"SPRF-RS";"DEL01-RS";"UOP01-DEL01-RS"
673726;2025-04-14;"segunda-feira";"11:00:00";"PE";316;240;"BELEM DE SAO FRANCISCO";"Acessar a via sem observar a presença dos outros veículos";"Colisão transversal";"Com Vítimas Feridas";"Pleno dia";"Crescente";"Céu Claro";"Simples";"Reta";"Não";3;0;0;2;1;0;2;2;-8,63817;-39,048777;"SPRF-PE";"DEL05-PE";"UOP03-DEL05-PE"
673727;2025-04-14;"segunda-feira";"18:30:00";"MS";163;835;"SONORA";"Animais na Pista";"Atropelamento de Animal";"Com Vítimas Feridas";"Plena Noite";"Crescente";"Céu Claro";"Simples";"Reta";"Não";1;0;1;0;0;0;1;1;-17,95235386;-54,68098551;"SPRF-MS";"DEL06-MS";"UOP01-DEL06-MS"
673728;2025-04-14;"segunda-feira";"18:11:00";"BA";101;106;"ALAGOINHAS";"Conversão proibida";"Colisão transversal";"Com Vítimas Feridas";"Plena Noite";"Crescente";"Céu Claro";"Simples";"Reta";"Sim";2;0;0;1;1;0;1;2;-12,05476559;-38,31035614;"SPRF-BA";"DEL01-BA";"UOP04-DEL01-BA"
673729;2025-04-14;"segunda-feira";"17:30:00";"PR";369;158,6;"CAMBE";"Transitar no Acostamento";"Colisão traseira";"Com Vítimas Feridas";"Pleno dia";"Crescente";"Céu Claro";"Dupla";"Em Obras;Reta";"Sim";2;0;1;0;1;0;1;2;-23,284443;-51,242056;"SPRF-PR";"DEL07-PR";"UOP01-DEL07-PR"
673732;2025-04-14;"segunda-feira";"19:00:00";"SE";235;0,6;"ARACAJU";"Pedestre cruzava a pista fora da faixa";"Atropelamento de Pedestre";"Com Vítimas Feridas";"Plena Noite";"Crescente";"Nublado";"Múltipla";"Reta";"Sim";2;0;0;1;1;0;1;2;-10,90917;-37,08145;"SPRF-SE";"DEL01-SE";"UOP01-DEL01-SE"
673735;2025-04-14;"segunda-feira";"19:30:00";"PR";277;723;"FOZ DO IGUACU";"Ausência de reação do condutor";"Colisão traseira";"Com Vítimas Feridas";"Plena Noite";"Decrescente";"Céu Claro";"Dupla";"Reta";"Sim";4;0;1;1;2;0;2;4;-25,49924474;-54,53088457;"SPRF-PR";"DEL05-PR";"UOP03-DEL05-PR"
673736;2025-04-14;"segunda-feira";"19:50:00";"SC";282;1;"FLORIANOPOLIS";"Manobra de mudança de faixa";"Colisão lateral mesmo sentido";"Com Vítimas Feridas";"Plena Noite";"Crescente";"Céu Claro";"Dupla";"Reta";"Sim";2;0;1;0;1;0;1;2;-27,603339;-48,586627;"SPRF-SC";"DEL01-SC";"UOP01-DEL01-SC"
673738;2025-04-14;"segunda-feira";"19:45:00";"SP";116;219;"GUARULHOS";"Reação tardia ou ineficiente do condutor";"Colisão traseira";"Com Vítimas Feridas";"Plena Noite";"Decrescente";"Vento";"Múltipla";"Reta";"Sim";2;0;1;0;1;0;1;2;-23,42347276;-46,48765945;"SPRF-SP";"DEL01-SP";"UOP01-DEL01-SP"
673739;2025-04-14;"segunda-feira";"17:10:00";"RJ";40;82;"PETROPOLIS";"Acumulo de óleo sobre o pavimento";"Tombamento";"Com Vítimas Feridas";"Plena Noite";"Decrescente";"Nublado";"Dupla";"Aclive;Interseção de Vias;Curva";"Sim";2;0;1;0;1;0;1;1;-22,53377981;-43,21962291;"SPRF-RJ";"DEL01-RJ";"UOP01-DEL01-RJ"
673741;2025-04-14;"segunda-feira";"20:00:00";"SP";381;59;"MAIRIPORA";"Objeto estático sobre o leito carroçável";"Queda de ocupante de veículo";"Com Vítimas Feridas";"Plena Noite";"Decrescente";"Céu Claro";"Múltipla";"Curva";"Sim";1;0;1;0;0;0;1;1;-23,29537036;-46,57250977;"SPRF-SP";"DEL03-SP";"UOP01-DEL03-SP"
673742;2025-04-14;"segunda-feira";"19:00:00";"RJ";101;486;"ANGRA DOS REIS";"Pedestre - Ingestão de álcool/ substâncias psicoativas";"Atropelamento de Pedestre";"Com Vítimas Feridas";"Plena Noite";"Decrescente";"Céu Claro";"Simples";"Reta";"Sim";2;0;1;0;1;0;1;2;-22,9900288;-44,2433536;"SPRF-RJ";"DEL03-RJ";"UOP03-DEL03-RJ"
673743;2025-04-14;"segunda-feira";"19:45:00";"MS";163;835;"SONORA";"Objeto estático sobre o leito carroçável";"Saída de leito carroçável";"Com Vítimas Feridas";"Plena Noite";"Crescente";"Céu Claro";"Simples";"Reta";"Não";1;0;1;0;0;0;1;1;-17,66895951;-54,74759012;"SPRF-MS";"DEL06-MS";"UOP01-DEL06-MS"