"id";"data_inversa";"dia_semana";"horario";"uf";"br";"km";"municipio";"causa_acidente";"tipo_acidente";"classificacao_acidente";"fase_dia";"sentido_via";"condicao_metereologica";"tipo_pista";"tracado_via";"uso_solo";"pessoas";"mortos";"feridos_leves";"feridos_graves";"ilesos";"ignorados";"feridos";"veiculos";"latitude";"longitude";"regional";"delegacia";"uop"
673746;2025-04-14;"segunda-feira";"18:35:00";"PR";116;125;"FAZENDA RIO GRANDE";"Trafegar com motocicleta (ou similar) entre as faixas";"Queda de ocupante de veículo";"Com Vítimas Feridas";"Plena Noite";"Crescente";"Nublado";"Dupla";"Reta";"Sim";2;0;2;0;0;0;2;1;-25,63879877;-49,31309938;"SPRF-PR";"DEL01-PR";"UOP03-DEL01-PR"
673747;2025-04-14;"segunda-feira";"19:00:00";"RO";364;517;"ARIQUEMES";"Pista esburacada";"Queda de ocupante de veículo";"Com Vítimas Feridas";"Plena Noite";"Crescente";"Nublado";"Simples";"Reta";"Sim";1;0;1;0;0;0;1;1;-9,90639933;-63,05577094;"SPRF-RO";"DEL03-RO";"UOP01-DEL03-RO"
673748;2025-04-14;"segunda-feira";"20:25:00";"RS";158;566,4;"SANTANA DO LIVRAMENTO";"Reação tardia ou ineficiente do condutor";"Saída de leito carroçável";"Com Vítimas Feridas";"Plena Noite";"Crescente";"Céu Claro";"Simples";"Rotatória;Reta";"Sim";2;0;0;2;0;0;2;1;-30,88196975;-55,50907731;"SPRF-RS";"DEL11-RS";"UOP01-DEL11-RS"
673749;2025-04-14;"segunda-feira";"21:55:00";"PI";343;8;"PARNAIBA";"Acessar a via sem observar a presença dos outros veículos";"Colisão transversal";"Com Vítimas Feridas";"Plena Noite";"Crescente";"Céu Claro";"Simples";"Reta";"Sim";2;0;1;0;1;0;1;2;-2,89941098;-41,72358155;"SPRF-PI";"DEL05-PI";"UOP01-DEL05-PI"
673750;2025-04-14;"segunda-feira";"20:00:00";"PI";343;266,1;"CAMPO MAIOR";"Acessar a via sem observar a presença dos outros veículos";"Colisão transversal";"Com Vítimas Feridas";"Plena Noite";"Decrescente";"Céu Claro";"Simples";"Reta";"Sim";3;0;0;2;1;0;2;2;-4,84039477;-42,17432376;"SPRF-PI";"DEL01-PI";"UOP03-DEL01-PI"
673753;2025-04-14;"segunda-feira";"21:30:00";"SC";101;166;"TIJUCAS";"Reação tardia ou ineficiente do condutor";"Colisão traseira";"Com Vítimas Feridas";"Plena Noite";"Decrescente";"Céu Claro";"Dupla";"Reta";"Sim";2;0;1;0;1;0;1;2;-27,26135257;-48,63157857;"SPRF-SC";"DEL04-SC";"UOP03-DEL04-SC"
673763;2025-04-15;"terça-feira";"00:30:00";"RJ";493;18;"GUAPIMIRIM";"Acessar a via sem observar a presença dos outros veículos";"Tombamento";"Com Vítimas Feridas";"Plena Noite";"Decrescente";"Nublado";"Simples";"Em Obras;Reta";"Sim";3;0;0;2;0;1;2;2;-22,66777887;-43,0251646;"SPRF-RJ";"DEL04-RJ";"UOP02-DEL04-RJ"
673767;2025-04-15;"terça-feira";"05:30:00";"PI";343;328;"TERESINA";"Transitar na contramão";"Colisão frontal";"Com Vítimas Fatais";"Amanhecer";"Decrescente";"Ignorado";"Simples";"Reta";"Não";3;2;0;1;0;0;1;2;-5,064849;-42,641753;"SPRF-PI";"DEL01-PI";"UOP01-DEL01-PI"
673768;2025-04-14;"segunda-feira";"21:00:00";"MG";40;669,6;"CARANDAI";"Chuva";"Saída de leito carroçável";"Com Vítimas Feridas";"Plena Noite";"Decrescente";"Chuva";"Simples";"Reta";"Não";1;0;1;0;0;0;1;1;-20,968106;-43,785863;"SPRF-MG";"DEL05-MG";"UOP02-DEL05-MG"
673769;2025-04-15;"terça-feira";"05:15:00";"GO";50;272;"CATALAO";"Animais na Pista";"Atropelamento de Animal";"Com Vítimas Feridas";"Pleno dia";"Crescente";"Céu Claro";"Dupla";"Reta";"Sim";2;0;1;0;1;0;1;1;-18,124577;-47,900672;"SPRF-GO";"DEL06-GO";"UOP01-DEL06-GO"
673770;2025-04-15;"terça-feira";"05:20:00";"SP";116;215;"GUARULHOS";"Ausência de reação do condutor";"Tombamento";"Com Vítimas Feridas";"Pleno dia";"Crescente";"Nublado";"Múltipla";"Reta";"Sim";1;0;1;0;0;0;1;1;-23,44928254;-46,46017103;"SPRF-SP";"DEL01-SP";"UOP01-DEL01-SP"
673771;2025-04-14;"segunda-feira";"19:55:00";"PE";407;118;"PETROLINA";"Ausência de reação do condutor";"Colisão traseira";"Sem Vítimas";"Plena Noite";"Crescente";"Céu Claro";"Simples";"Interseção de Vias";"Não";2;0;0;0;2;0;0;2;-9,33014;-40,564498;"SPRF-PE";"DEL06-PE";"UOP01-DEL06-PE"
673772;2025-04-15;"terça-feira";"06:45:00";"PB";101;116,8;"CAAPORA";"Acumulo de areia ou detritos sobre o pavimento";"Tombamento";"Com Vítimas Feridas";"Pleno dia";"Crescente";"Céu Claro";"Dupla";"Declive;Retorno Regulamentado";"Não";1;0;0;1;0;0;1;1;-7,4121233;-34,95634;"SPRF-PB";"DEL01-PB";"UOP01-DEL01-PB"
673773;2025-04-15;"terça-feira";"06:45:00";"SP";116;218;"GUARULHOS";"Manobra de mudança de faixa";"Colisão lateral mesmo sentido";"Com Vítimas Feridas";"Pleno dia";"Crescente";"Nublado";"Múltipla";"Reta;Em Obras";"Sim";3;0;1;0;2;0;1;2;-23,46236784;-46,493011;"SPRF-SP";"DEL01-SP";"UOP01-DEL01-SP"
673774;2025-04-15;"terça-feira";"06:47:00";"PR";277;5,1;"PARANAGUA";"Acessar a via sem observar a presença dos outros veículos";"Colisão lateral mesmo sentido";"Com Vítimas Feridas";"Amanhecer";"Decrescente";"Sol";"Dupla";"Aclive;Viaduto";"Sim";2;0;1;0;0;1;1;2;-25,55728478;-48,56669242;"SPRF-PR";"DEL01-PR";"UOP05-DEL01-PR"
673776;2025-04-15;"terça-feira";"07:15:00";"RN";101;75;"NATAL";"Acessar a via sem observar a presença dos outros veículos";"Colisão transversal";"Com Vítimas Feridas";"Pleno dia";"Decrescente";"Céu Claro";"Simples";"Curva";"Não";3;0;1;0;2;0;1;2;-5,722442;-35,277303;"SPRF-RN";"DEL02-RN";"UOP01-DEL02-RN"
673777;2025-04-15;"terça-feira";"07:45:00";"ES";101;142,9;"LINHARES";"Acessar a via sem observar a presença dos outros veículos";"Colisão transversal";"Com Vítimas Feridas";"Pleno dia";"Decrescente";"Céu Claro";"Dupla";"Reta";"Sim";2;0;2;0;0;0;2;2;-19,34291313;-40,06376982;"SPRF-ES";"DEL04-ES";"UOP01-DEL04-ES"
673778;2025-04-11;"sexta-feira";"20:00:00";"BA";110;57;"JEREMOABO";"Chuva";"Saída de leito carroçável";"Com Vítimas Feridas";"Plena Noite";"Decrescente";"Chuva";"Simples";"Curva";"Não";1;0;1;0;0;0;1;1;-9,98913833;-38,31207275;"SPRF-BA";"DEL07-BA";"UOP01-DEL07-BA"
673779;2025-04-15;"terça-feira";"06:30:00";"MG";262;34,1;"MANHUACU";"Desrespeitar a preferência no cruzamento";"Colisão transversal";"Com Vítimas Feridas";"Pleno dia";"Crescente";"Céu Claro";"Simples";"Reta";"Sim";2;0;1;0;1;0;1;2;-20,257869;-42,025542;"SPRF-MG";"DEL06-MG";"UOP03-DEL06-MG"
673783;2025-04-14;"segunda-feira";"19:50:00";"GO";20;182;"SIMOLANDIA";"Ausência de reação do condutor";"Saída de leito carroçável";"Sem Vítimas";"Plena Noite";"Decrescente";"Garoa/Chuvisco";"Dupla";"Reta";"Sim";1;0;0;0;1;0;0;1;-14,464;-46,481;"SPRF-DF";"DEL02-DF";"UOP03-DEL02-DF"
673784;2025-04-15;"terça-feira";"07:40:00";"MG";381;494;"BETIM";"Ausência de reação do condutor";"Colisão traseira";"Com Vítimas Feridas";"Pleno dia";"Decrescente";"Céu Claro";"Dupla";"Reta";"Não";2;0;1;0;1;0;1;2;-19,97478521;-44,18682396;"SPRF-MG";"DEL01-MG";"UOP03-DEL01-MG"
673785;2025-04-15;"terça-feira";"07:40:00";"DF";40;3;"BRASILIA";"Trafegar com motocicleta (ou similar) entre as faixas";"Colisão lateral mesmo sentido";"Com Vítimas Feridas";"Pleno dia";"Crescente";"Céu Claro";"Dupla";"Reta";"Sim";2;0;2;0;0;0;2;2;-16,007627;-47,983077;"SPRF-DF";"DEL01-DF";"UOP01-DEL01-DF"
673786;2025-04-15;"terça-feira";"08:00:00";"RJ";101;82;"CAMPOS DOS GOYTACAZES";"Animais na Pista";"Atropelamento de Animal";"Com Vítimas Feridas";"Pleno dia";"Crescente";"Céu Claro";"Simples";"Curva";"Sim";1;0;1;0;0;0;1;1;-21,83696187;-41,42669678;"SPRF-RJ";"DEL08-RJ";"UOP02-DEL08-RJ"
673787;2025-04-15;"terça-feira";"07:48:00";"RN";101;96;"NATAL";"Manobra de mudança de faixa";"Colisão lateral mesmo sentido";"Com Vítimas Feridas";"Pleno dia";"Crescente";"Céu Claro";"Dupla";"Reta";"Sim";3;0;2;0;1;0;2;2;-5,85267;-35,21067;"SPRF-RN";"DEL01-RN";"UOP01-DEL01-RN"
673788;2025-04-15;"terça-feira";"08:10:00";"RS";290;2;"PORTO ALEGRE";"Reação tardia ou ineficiente do condutor";"Colisão com objeto";"Com Vítimas Feridas";"Pleno dia";"Crescente";"Céu Claro";"Dupla";"Reta;Declive";"Não";1;0;1;0;0;0;1;1;-29,99054914;-51,22641563;"SPRF-RS";"DEL01-RS";"UOP01-DEL01-RS"
673789;2025-04-15;"terça-feira";"07:05:00";"GO";60;174;"ABADIA DE GOIAS";"Reação tardia ou ineficiente do condutor";"Saída de leito carroçável";"Com Vítimas Feridas";"Pleno dia";"Decrescente";"Nublado";"Dupla";"Declive;Reta";"Não";2;0;0;2;0;0;2;1;-16,74537276;-49,42028046;"SPRF-GO";"DEL01-GO";"UOP02-DEL01-GO"
673791;2025-04-15;"terça-feira";"07:05:00";"MS";463;2;"DOURADOS";"Acessar a via sem observar a presença dos outros veículos";"Colisão transversal";"Com Vítimas Feridas";"Pleno dia";"Decrescente";"Céu Claro";"Simples";"Reta";"Sim";2;0;1;0;1;0;1;2;-22,25915728;-54,81790239;"SPRF-MS";"DEL04-MS";"UOP01-DEL04-MS"
673792;2025-04-15;"terça-feira";"08:20:00";"SC";101;205;"SAO JOSE";"Reação tardia ou ineficiente do condutor";"Tombamento";"Com Vítimas Feridas";"Pleno dia";"Crescente";"Céu Claro";"Simples";"Curva";"Sim";1;0;1;0;0;0;1;1;-27,58708;-48,61702;"SPRF-SC";"DEL01-SC";"UOP01-DEL01-SC"
673793;2025-03-26;"quarta-feira";"20:15:00";"SC";101;134;"BALNEARIO CAMBORIU";"Acessar a via sem observar a presença dos outros veículos";"Colisão transversal";"Com Vítimas Feridas";"Plena Noite";"Crescente";"Ignorado";"Dupla";"Reta";"Sim";2;0;0;1;1;0;1;2;-27,00372508;-48,63217235;"SPRF-SC";"DEL04-SC";"UOP03-DEL04-SC"
673797;2025-04-15;"terça-feira";"08:50:00";"ES";101;296;"CARIACICA";"Conversão proibida";"Colisão lateral mesmo sentido";"Com Vítimas Feridas";"Pleno dia";"Crescente";"Céu Claro";"Dupla";"Curva";"Não";3;0;2;0;1;0;2;2;-20,34352039;-40,40486097;"SPRF-ES";"DEL01-ES";"UOP01-DEL01-ES"
673799;2025-04-15;"terça-feira";"08:00:00";"DF";20;6;"BRASILIA";"Manobra de mudança de faixa";"Colisão traseira";"Com Vítimas Feridas";"Pleno dia";"Decrescente";"Chuva";"Dupla";"Declive;Reta";"Sim";2;0;1;0;1;0;1;2;-15,66343273;-47,80363798;"SPRF-DF";"DEL02-DF";"UOP01-DEL02-DF"
673802;2025-04-15;"terça-feira";"07:47:00";"CE";304;50;"ARACATI";"Ausência de reação do condutor";"Colisão transversal";"Com Vítimas Feridas";"Pleno dia";"Crescente";"Céu Claro";"Simples";"Curva";"Sim";2;0;1;0;1;0;1;2;-4,57462235;-37,76472683;"SPRF-CE";"DEL03-CE";"UOP03-DEL03-CE"
673806;2025-04-15;"terça-feira";"09:40:00";"RS";386;349;"LAJEADO";"Acumulo de areia ou detritos sobre o pavimento";"Tombamento";"Com Vítimas Feridas";"Pleno dia";"Crescente";"Céu Claro";"Dupla";"Viaduto;Interseção de Vias;Ponte;Reta;Em Obras";"Não";1;0;1;0;0;0;1;1;-29,4670959;-51,95477301;"SPRF-RS";"DEL04-RS";"UOP01-DEL04-RS"
673807;2025-04-15;"terça-feira";"09:25:00";"MG";116;586,2;"MANHUACU";"Transitar na contramão";"Colisão lateral mesmo sentido";"Com Vítimas Feridas";"Pleno dia";"Decrescente";"Céu Claro";"Simples";"Reta";"Não";2;0;0;1;1;0;1;2;-20,2504843;-42,1473807;"SPRF-MG";"DEL06-MG";"UOP03-DEL06-MG"
673808;2025-04-15;"terça-feira";"09:49:00";"TO";153;506;"PARAISO DO TOCANTINS";"Demais falhas mecânicas ou elétricas";"Incêndio";"Sem Vítimas";"Pleno dia";"Crescente";"Céu Claro";"Simples";"Reta";"Não";3;0;0;0;3;0;0;1;-10,254206;-48,879;"SPRF-TO";"DEL01-TO";"UOP01-DEL01-TO"
673809;2025-04-15;"terça-feira";"09:20:00";"RJ";116;186;"NOVA IGUACU";"Manobra de mudança de faixa";"Colisão lateral mesmo sentido";"Com Vítimas Feridas";"Pleno dia";"Decrescente";"Céu Claro";"Dupla";"Reta";"Sim";2;0;1;0;0;1;1;2;-22,74052148;-43,4621568;"SPRF-RJ";"DEL06-RJ";"UOP01-DEL06-RJ"
673811;2025-04-15;"terça-feira";"10:20:00";"BA";324;619;"SIMOES FILHO";"Manobra de mudança de faixa";"Colisão traseira";"Com Vítimas Feridas";"Pleno dia";"Crescente";"Céu Claro";"Múltipla";"Reta";"Não";3;0;1;0;2;0;1;2;-12,7930941;-38,4045224;"SPRF-BA";"DEL01-BA";"UOP01-DEL01-BA"
673813;2025-04-15;"terça-feira";"06:50:00";"RJ";116;147;"DUQUE DE CAXIAS";"Frear bruscamente";"Engavetamento";"Com Vítimas Feridas";"Pleno dia";"Crescente";"Céu Claro";"Dupla";"Reta";"Sim";15;0;4;0;9;2;4;12;-22,66891114;-43,27041479;"SPRF-RJ";"DEL01-RJ";"UOP02-DEL01-RJ"
673814;2025-04-15;"terça-feira";"10:20:00";"SP";116;78,6;"ROSEIRA";"Reação tardia ou ineficiente do condutor";"Colisão traseira";"Com Vítimas Feridas";"Pleno dia";"Decrescente";"Sol";"Dupla";"Reta";"Não";4;0;1;0;3;0;1;4;-22,89185635;-45,29129678;"SPRF-SP";"DEL08-SP";"UOP01-DEL08-SP"
673816;2025-04-15;"terça-feira";"00:00:00";"PA";308;174;"TRACUATEUA";"Ausência de reação do condutor";"Eventos atípicos";"Com Vítimas Fatais";"Plena Noite";"Crescente";"Ignorado";"Simples";"Reta;Aclive";"Não";2;1;0;0;0;1;0;2;-1,158736;-46,983585;"SPRF-PA";"DEL01-PA";"UOP03-DEL01-PA"
673817;2025-04-15;"terça-feira";"09:45:00";"SE";101;59;"ROSARIO DO CATETE";"Acessar a via sem observar a presença dos outros veículos";"Colisão transversal";"Sem Vítimas";"Pleno dia";"Decrescente";"Céu Claro";"Simples";"Interseção de Vias";"Não";5;0;0;0;5;0;0;2;-10,65965902;-37,02864647;"SPRF-SE";"DEL02-SE";"UOP02-DEL02-SE"
673818;2025-04-15;"terça-feira";"10:35:00";"GO";153;505,1;"APARECIDA DE GOIANIA";"Condutor deixou de manter distância do veículo da frente";"Colisão traseira";"Com Vítimas Feridas";"Pleno dia";"Decrescente";"Céu Claro";"Múltipla";"Reta";"Sim";2;0;1;0;1;0;1;2;-16,748777;-49,240947;"SPRF-GO";"DEL01-GO";"UOP01-DEL01-GO"
673819;2025-04-15;"terça-feira";"08:45:00";"PB";230;71,3;"SOBRADO";"Reação tardia ou ineficiente do condutor";"Queda de ocupante de veículo";"Com Vítimas Feridas";"Pleno dia";"Decrescente";"Céu Claro";"Dupla";"Reta";"Não";1;0;1;0;0;0;1;1;-7,190635;-35,245586;"SPRF-PB";"DEL01-PB";"UOP02-DEL01-PB"
673820;2025-04-15;"terça-feira";"07:44:00";"AC";364;127;"RIO BRANCO";"Retorno proibido";"Colisão transversal";"Com Vítimas Feridas";"Pleno dia";"Crescente";"Céu Claro";"Simples";"Reta";"Sim";3;0;1;0;1;1;1;2;-10,022832;-67,817122;"SPRF-AC";"DEL01-AC";"UOP01-DEL01-AC"
673822;2025-04-15;"terça-feira";"10:45:00";"RJ";101;302;"SAO GONCALO";"Reação tardia ou ineficiente do condutor";"Colisão com objeto";"Com Vítimas Feridas";"Pleno dia";"Decrescente";"Nublado";"Simples";"Curva";"Sim";1;0;1;0;0;0;1;1;-22,78339389;-42,97627988;"SPRF-RJ";"DEL02-RJ";"UOP02-DEL02-RJ"
673823;2025-04-15;"terça-feira";"09:30:00";"BA";324;0,3;"SALVADOR";"Ausência de reação do condutor";"Colisão traseira";"Com Vítimas Feridas";"Pleno dia";"Crescente";"Céu Claro";"Dupla";"Reta";"Sim";5;0;2;0;3;0;2;2;-12,967073;-38,490085;"SPRF-BA";"DEL01-BA";"UOP01-DEL01-BA"
673824;2025-04-15;"terça-feira";"10:30:00";"SP";116;284;"EMBU DAS ARTES";"Trafegar com motocicleta (ou similar) entre as faixas";"Colisão lateral mesmo sentido";"Com Vítimas Feridas";"Pleno dia";"Decrescente";"Céu Claro";"Dupla";"Reta";"Sim";4;0;1;1;2;0;2;4;-23,67366453;-46,85636759;"SPRF-SP";"DEL04-SP";"UOP01-DEL04-SP"
673825;2025-04-15;"terça-feira";"10:50:00";"SC";101;211,4;"PALHOCA";"Acessar a via sem observar a presença dos outros veículos";"Colisão lateral mesmo sentido";"Com Vítimas Feridas";"Pleno dia";"Crescente";"Sol";"Múltipla";"Reta";"Sim";2;0;1;0;1;0;1;2;-27,6249165;-48,65420753;"SPRF-SC";"DEL01-SC";"UOP02-DEL01-SC"
673826;2025-04-11;"sexta-feira";"13:00:00";"MG";262;567;"CORREGO DANTA";"Reação tardia ou ineficiente do condutor";"Colisão transversal";"Com Vítimas Feridas";"Pleno dia";"Crescente";"Céu Claro";"Simples";"Interseção de Vias";"Não";6;0;0;1;5;0;1;2;-19,736638;-46,014481;"SPRF-MG";"DEL08-MG";"UOP02-DEL08-MG"
673828;2025-04-15;"terça-feira";"11:00:00";"SC";101;155;"PORTO BELO";"Demais falhas mecânicas ou elétricas";"Incêndio";"Sem Vítimas";"Pleno dia";"Crescente";"Nublado";"Dupla";"Reta";"Sim";1;0;0;0;1;0;0;1;-27,16799963;-48,61162478;"SPRF-SC";"DEL04-SC";"UOP03-DEL04-SC"
673830;2025-04-15;"terça-feira";"09:09:00";"RO";364;343,2;"JI-PARANA";"Frear bruscamente";"Colisão traseira";"Sem Vítimas";"Pleno dia";"Decrescente";"Céu Claro";"Dupla";"Reta";"Sim";4;0;0;0;2;2;0;3;-10,877759;-61,946862;"SPRF-RO";"DEL02-RO";"UOP01-DEL02-RO"
673831;2025-04-15;"terça-feira";"11:40:00";"PR";0;0;"GUAIRA";"Reação tardia ou ineficiente do condutor";"Colisão traseira";"Sem Vítimas";"Pleno dia";"Não Informado";"Garoa/Chuvisco";"Simples";"Reta;Aclive";"Sim";2;0;0;0;2;0;0;2;-24,08284228;-54,24425298;"SPRF-PR";"DEL06-PR";"UOP01-DEL06-PR"
673832;2025-04-15;"terça-feira";"11:40:00";"ES";101;141;"LINHARES";"Animais na Pista";"Atropelamento de Animal";"Com Vítimas Feridas";"Pleno dia";"Decrescente";"Céu Claro";"Múltipla";"Reta";"Sim";1;0;1;0;0;0;1;1;-19,326444;-40,071735;"SPRF-ES";"DEL04-ES";"UOP01-DEL04-ES"
673835;2025-04-15;"terça-feira";"12:40:00";"BA";324;557;"SAO SEBASTIAO DO PASSE";"Demais falhas mecânicas ou elétricas";"Incêndio";"Sem Vítimas";"Pleno dia";"Decrescente";"Céu Claro";"Dupla";"Reta";"Não";3;0;0;0;3;0;0;1;-12,4746919;-38,6773923;"SPRF-BA";"DEL01-BA";"UOP03-DEL01-BA"
673836;2025-04-12;"sábado";"01:30:00";"SC";282;500,2;"XANXERE";"Acessar a via sem observar a presença dos outros veículos";"Colisão transversal";"Com Vítimas Feridas";"Plena Noite";"Crescente";"Ignorado";"Dupla";"Reta;Aclive";"Não";2;0;0;1;1;0;1;2;-26,881212;-52,371966;"SPRF-SC";"DEL07-SC";"UOP01-DEL07-SC"
673837;2025-02-26;"quarta-feira";"07:00:00";"PR";116;116,7;"CURITIBA";"Manobra de mudança de faixa";"Colisão traseira";"Com Vítimas Feridas";"Pleno dia";"Decrescente";"Céu Claro";"Dupla";"Reta";"Sim";2;0;1;0;1;0;1;2;-25,55764304;-49,3063693;"SPRF-PR";"DEL01-PR";"UOP03-DEL01-PR"
673838;2025-04-15;"terça-feira";"12:30:00";"PE";428;185,6;"PETROLINA";"Manobra de mudança de faixa";"Colisão lateral mesmo sentido";"Com Vítimas Feridas";"Pleno dia";"Decrescente";"Sol";"Dupla";"Retorno Regulamentado;Reta";"Sim";2;0;0;2;0;0;2;2;-9,35685869;-40,47878265;"SPRF-PE";"DEL06-PE";"UOP01-DEL06-PE"
673839;2025-03-29;"sábado";"12:30:00";"PR";376;254;"CALIFORNIA";"Ausência de reação do condutor";"Colisão traseira";"Com Vítimas Feridas";"Pleno dia";"Crescente";"Céu Claro";"Dupla";"Reta";"Não";3;0;2;0;1;0;2;2;-23,62509647;-51,38112176;"SPRF-PR";"DEL07-PR";"UOP03-DEL07-PR"
673840;2025-04-15;"terça-feira";"13:35:00";"PR";116;142;"MANDIRITUBA";"Reação tardia ou ineficiente do condutor";"Colisão lateral mesmo sentido";"Com Vítimas Feridas";"Pleno dia";"Crescente";"Nublado";"Dupla";"Rotatória;Interseção de Vias";"Sim";2;0;1;0;1;0;1;2;-25,77695095;-49,32436097;"SPRF-PR";"DEL01-PR";"UOP03-DEL01-PR"
673841;2025-04-15;"terça-feira";"13:50:00";"SC";101;148;"ITAPEMA";"Manobra de mudança de faixa";"Colisão lateral mesmo sentido";"Com Vítimas Feridas";"Pleno dia";"Crescente";"Nublado";"Dupla";"Reta";"Sim";2;0;1;0;1;0;1;2;-27,10793308;-48,61373836;"SPRF-SC";"DEL04-SC";"UOP03-DEL04-SC"
673842;2025-04-15;"terça-feira";"13:15:00";"AL";316;189,4;"TANQUE DARCA";"Manobra de mudança de faixa";"Colisão frontal";"Com Vítimas Feridas";"Pleno dia";"Crescente";"Céu Claro";"Simples";"Reta";"Não";3;0;0;1;2;0;1;3;-9,57954982;-36,41357303;"SPRF-AL";"DEL03-AL";"UOP01-DEL03-AL"
673843;2025-04-15;"terça-feira";"13:10:00";"AL";101;82,7;"RIO LARGO";"Condutor Dormindo";"Capotamento";"Com Vítimas Feridas";"Pleno dia";"Decrescente";"Céu Claro";"Dupla";"Declive";"Não";1;0;1;0;0;0;1;1;-9,45123999;-35,87038279;"SPRF-AL";"DEL01-AL";"UOP01-DEL01-AL"
673846;2025-04-15;"terça-feira";"13:00:00";"MG";267;42,8;"MARIPA DE MINAS";"Velocidade Incompatível";"Engavetamento";"Com Vítimas Feridas";"Pleno dia";"Crescente";"Céu Claro";"Simples";"Reta;Em Obras";"Não";4;0;2;0;2;0;2;3;-21,68417213;-42,920254;"SPRF-MG";"DEL07-MG";"UOP01-DEL07-MG"
673849;2025-04-15;"terça-feira";"14:00:00";"RJ";101;331;"RIO DE JANEIRO";"Ausência de reação do condutor";"Colisão traseira";"Com Vítimas Feridas";"Pleno dia";"Crescente";"Céu Claro";"Múltipla";"Reta";"Sim";2;0;1;0;1;0;1;2;-22,86921599;-43,19000244;"SPRF-RJ";"DEL02-RJ";"UOP01-DEL02-RJ"
673851;2025-03-08;"sábado";"19:25:00";"PE";424;63;"CAETES";"Acessar a via sem observar a presença dos outros veículos";"Colisão frontal";"Com Vítimas Feridas";"Plena Noite";"Decrescente";"Céu Claro";"Simples";"Reta;Interseção de Vias";"Não";2;0;1;1;0;0;2;2;-8,750557;-36,674987;"SPRF-PE";"DEL03-PE";"UOP01-DEL03-PE"
673853;2025-04-15;"terça-feira";"14:00:00";"PE";232;34,3;"MORENO";"Condutor deixou de manter distância do veículo da frente";"Colisão traseira";"Com Vítimas Feridas";"Pleno dia";"Crescente";"Sol";"Dupla";"Aclive";"Sim";2;0;1;0;1;0;1;2;-8,107953;-35,187;"SPRF-PE";"DEL01-PE";"UOP01-DEL01-PE"
673856;2025-04-15;"terça-feira";"15:00:00";"PR";376;175,8;"MARINGA";"Velocidade Incompatível";"Tombamento";"Com Vítimas Feridas";"Pleno dia";"Decrescente";"Chuva";"Múltipla";"Reta";"Sim";2;0;2;0;0;0;2;1;-23,41173898;-51,94194853;"SPRF-PR";"DEL09-PR";"UOP01-DEL09-PR"
673857;2025-04-15;"terça-feira";"13:25:00";"SC";282;501,3;"XANXERE";"Acessar a via sem observar a presença dos outros veículos";"Colisão transversal";"Com Vítimas Feridas";"Pleno dia";"Crescente";"Céu Claro";"Simples";"Interseção de Vias;Rotatória";"Sim";2;0;0;1;1;0;1;2;-26,88251158;-52,38144809;"SPRF-SC";"DEL07-SC";"UOP01-DEL07-SC"
673858;2025-04-15;"terça-feira";"14:10:00";"BA";116;826,8;"VITORIA DA CONQUISTA";"Acessar a via sem observar a presença dos outros veículos";"Colisão transversal";"Com Vítimas Feridas";"Pleno dia";"Crescente";"Nublado";"Dupla";"Reta";"Sim";3;0;2;0;1;0;2;2;-14,8826472;-40,8575052;"SPRF-BA";"DEL08-BA";"UOP01-DEL08-BA"
673859;2025-04-15;"terça-feira";"13:20:00";"MS";163;615,7;"SAO GABRIEL DO OESTE";"Desrespeitar a preferência no cruzamento";"Colisão transversal";"Com Vítimas Feridas";"Pleno dia";"Decrescente";"Céu Claro";"Simples";"Interseção de Vias;Reta";"Sim";2;0;1;0;1;0;1;2;-19,38923503;-54,57158625;"SPRF-MS";"DEL06-MS";"UOP02-DEL06-MS"
673860;2025-04-15;"terça-feira";"15:10:00";"RJ";116;173;"SAO JOAO DE MERITI";"Manobra de mudança de faixa";"Colisão traseira";"Com Vítimas Feridas";"Pleno dia";"Crescente";"Nublado";"Múltipla";"Reta";"Sim";3;0;0;2;1;0;2;2;-22,79609763;-43,36047107;"SPRF-RJ";"DEL06-RJ";"UOP01-DEL06-RJ"
673861;2025-04-15;"terça-feira";"15:20:00";"RJ";116;172;"SAO JOAO DE MERITI";"Condutor deixou de manter distância do veículo da frente";"Engavetamento";"Com Vítimas Feridas";"Pleno dia";"Decrescente";"Céu Claro";"Múltipla";"Reta";"Sim";3;0;1;0;1;1;1;3;-22,7995198;-43,35544998;"SPRF-RJ";"DEL06-RJ";"UOP01-DEL06-RJ"
673864;2025-04-15;"terça-feira";"15:10:00";"AL";316;269;"SATUBA";"Acessar a via sem observar a presença dos outros veículos";"Colisão frontal";"Com Vítimas Feridas";"Pleno dia";"Crescente";"Céu Claro";"Simples";"Reta";"Sim";5;0;1;2;1;1;3;3;-9,57598202;-35,83188462;"SPRF-AL";"DEL02-AL";"UOP01-DEL02-AL"
673865;2025-04-15;"terça-feira";"15:00:00";"BA";367;84;"EUNAPOLIS";"Acessar a via sem observar a presença dos outros veículos";"Colisão lateral mesmo sentido";"Com Vítimas Feridas";"Pleno dia";"Decrescente";"Céu Claro";"Dupla";"Reta";"Sim";2;0;1;0;1;0;1;2;-16,37470204;-39,57954876;"SPRF-BA";"DEL09-BA";"UOP03-DEL09-BA"