"id";"data_inversa";"dia_semana";"horario";"uf";"br";"km";"municipio";"causa_acidente";"tipo_acidente";"classificacao_acidente";"fase_dia";"sentido_via";"condicao_metereologica";"tipo_pista";"tracado_via";"uso_solo";"pessoas";"mortos";"feridos_leves";"feridos_graves";"ilesos";"ignorados";"feridos";"veiculos";"latitude";"longitude";"regional";"delegacia";"uop"
673867;2025-04-15;"terça-feira";"16:05:00";"PB";230;147,2;"CAMPINA GRANDE";"Frear bruscamente";"Tombamento";"Com Vítimas Feridas";"Pleno dia";"Decrescente";"Céu Claro";"Dupla";"Reta;Declive";"Sim";2;0;2;0;0;0;2;1;-7,24096909;-35,86012602;"SPRF-PB";"DEL02-PB";"UOP01-DEL02-PB"
673874;2025-04-15;"terça-feira";"16:30:00";"TO";153;678;"GURUPI";"Demais falhas na via";"Queda de ocupante de veículo";"Com Vítimas Feridas";"Pleno dia";"Crescente";"Garoa/Chuvisco";"Simples";"Reta";"Não";1;0;1;0;0;0;1;1;-11,76977414;-49,10345547;"SPRF-TO";"DEL01-TO";"UOP02-DEL01-TO"
673875;2025-04-15;"terça-feira";"16:10:00";"PE";101;72,6;"RECIFE";"Reação tardia ou ineficiente do condutor";"Colisão traseira";"Com Vítimas Feridas";"Pleno dia";"Decrescente";"Céu Claro";"Dupla";"Interseção de Vias;Reta";"Sim";3;0;2;0;1;0;2;2;-8,09043;-34,94652;"SPRF-PE";"DEL01-PE";"UOP01-DEL01-PE"
673876;2025-04-15;"terça-feira";"08:00:00";"RJ";101;389;"RIO DE JANEIRO";"Manobra de mudança de faixa";"Colisão lateral mesmo sentido";"Com Vítimas Feridas";"Pleno dia";"Crescente";"Céu Claro";"Dupla";"Reta";"Sim";2;0;0;1;0;1;1;2;-22,89375403;-43,67604906;"SPRF-RJ";"DEL03-RJ";"UOP01-DEL03-RJ"
673877;2025-04-15;"terça-feira";"16:20:00";"SE";235;38,6;"AREIA BRANCA";"Ausência de reação do condutor";"Colisão traseira";"Com Vítimas Feridas";"Pleno dia";"Crescente";"Céu Claro";"Simples";"Reta";"Não";2;0;1;0;1;0;1;2;-10,77008887;-37,35302746;"SPRF-SE";"DEL01-SE";"UOP02-DEL01-SE"
673878;2025-04-15;"terça-feira";"16:30:00";"BA";324;607;"SIMOES FILHO";"Ausência de reação do condutor";"Engavetamento";"Com Vítimas Feridas";"Pleno dia";"Decrescente";"Céu Claro";"Dupla";"Reta";"Sim";3;0;1;0;2;0;1;3;-12,793132;-38,404819;"SPRF-BA";"DEL01-BA";"UOP01-DEL01-BA"
673879;2025-04-15;"terça-feira";"16:45:00";"RS";448;18;"CANOAS";"Demais falhas mecânicas ou elétricas";"Queda de ocupante de veículo";"Com Vítimas Feridas";"Pleno dia";"Crescente";"Céu Claro";"Múltipla";"Curva";"Não";2;0;2;0;0;0;2;1;-29,9337844;-51,2090409;"SPRF-RS";"DEL01-RS";"UOP01-DEL01-RS"
673880;2025-04-15;"terça-feira";"16:40:00";"PA";230;117;"MARABA";"Condutor deixou de manter distância do veículo da frente";"Colisão traseira";"Com Vítimas Feridas";"Pleno dia";"Crescente";"Céu Claro";"Dupla";"Reta";"Sim";2;0;1;0;1;0;1;2;-5,35282702;-49,09603357;"SPRF-PA";"DEL03-PA";"UOP01-DEL03-PA"
673881;2025-04-15;"terça-feira";"17:18:00";"RN";101;81,5;"SAO GONCALO DO AMARANTE";"Condutor deixou de manter distância do veículo da frente";"Colisão traseira";"Com Vítimas Feridas";"Pleno dia";"Crescente";"Céu Claro";"Dupla";"Reta";"Sim";2;0;2;0;0;0;2;2;-5,766275;-35,27922;"SPRF-RN";"DEL02-RN";"UOP01-DEL02-RN"
673884;2025-04-15;"terça-feira";"17:00:00";"PR";116;153;"MANDIRITUBA";"Acessar a via sem observar a presença dos outros veículos";"Queda de ocupante de veículo";"Com Vítimas Feridas";"Pleno dia";"Crescente";"Nublado";"Simples";"Reta";"Sim";2;0;1;0;0;1;1;2;-25,86221461;-49,36177947;"SPRF-PR";"DEL01-PR";"UOP03-DEL01-PR"
673885;2025-04-15;"terça-feira";"17:20:00";"PR";116;167;"MANDIRITUBA";"Acessar a via sem observar a presença dos outros veículos";"Colisão transversal";"Com Vítimas Feridas";"Pleno dia";"Crescente";"Céu Claro";"Dupla";"Reta";"Não";2;0;0;1;1;0;1;2;-25,81675345;-49,33122374;"SPRF-PR";"DEL01-PR";"UOP03-DEL01-PR"
673887;2025-04-15;"terça-feira";"17:08:00";"RS";116;231,2;"IVOTI";"Acessar a via sem observar a presença dos outros veículos";"Colisão transversal";"Com Vítimas Feridas";"Pleno dia";"Decrescente";"Céu Claro";"Dupla";"Retorno Regulamentado;Reta";"Sim";5;0;0;1;4;0;1;2;-29,62624048;-51,13723246;"SPRF-RS";"DEL01-RS";"UOP02-DEL01-RS"
673888;2025-04-14;"segunda-feira";"15:00:00";"RS";116;383;"CAMAQUA";"Condutor Dormindo";"Saída de leito carroçável";"Sem Vítimas";"Pleno dia";"Decrescente";"Céu Claro";"Dupla";"Reta";"Não";1;0;0;0;0;1;0;1;-30,7864918;-51,6662681;"SPRF-RS";"DEL02-RS";"UOP02-DEL02-RS"
673893;2025-04-15;"terça-feira";"17:40:00";"RJ";101;333;"RIO DE JANEIRO";"Manobra de mudança de faixa";"Colisão traseira";"Com Vítimas Feridas";"Anoitecer";"Crescente";"Céu Claro";"Simples";"Reta;Ponte";"Sim";2;0;1;0;1;0;1;2;-22,86953232;-43,20150375;"SPRF-RJ";"DEL02-RJ";"UOP01-DEL02-RJ"
673894;2025-04-15;"terça-feira";"18:00:00";"PR";116;108;"CURITIBA";"Trafegar com motocicleta (ou similar) entre as faixas";"Colisão traseira";"Com Vítimas Feridas";"Plena Noite";"Crescente";"Garoa/Chuvisco";"Dupla";"Reta";"Não";3;0;1;0;2;0;1;3;-25,56495384;-49,2471955;"SPRF-PR";"DEL01-PR";"UOP03-DEL01-PR"
673895;2025-04-15;"terça-feira";"18:15:00";"SP";153;62;"SAO JOSE DO RIO PRETO";"Ausência de reação do condutor";"Colisão traseira";"Com Vítimas Feridas";"Plena Noite";"Decrescente";"Céu Claro";"Dupla";"Declive;Reta";"Sim";2;0;1;0;0;1;1;2;-20,81325404;-49,35675563;"SPRF-SP";"DEL09-SP";"UOP01-DEL09-SP"
673896;2025-04-15;"terça-feira";"17:00:00";"SP";116;282;"EMBU DAS ARTES";"Reação tardia ou ineficiente do condutor";"Saída de leito carroçável";"Com Vítimas Feridas";"Pleno dia";"Crescente";"Céu Claro";"Dupla";"Reta";"Sim";1;0;1;0;0;0;1;1;-23,66353929;-46,85370674;"SPRF-SP";"DEL04-SP";"UOP01-DEL04-SP"
673898;2025-04-15;"terça-feira";"18:50:00";"SC";101;180,4;"GOVERNADOR CELSO RAMOS";"Pedestre andava na pista";"Atropelamento de Pedestre";"Com Vítimas Feridas";"Plena Noite";"Crescente";"Nublado";"Dupla";"Reta";"Sim";3;0;1;1;0;1;2;3;-27,38430038;-48,63115255;"SPRF-SC";"DEL01-SC";"UOP01-DEL01-SC"
673900;2025-04-15;"terça-feira";"18:30:00";"PR";153;42,3;"SANTO ANTONIO DA PLATINA";"Acessar a via sem observar a presença dos outros veículos";"Colisão transversal";"Com Vítimas Feridas";"Plena Noite";"Decrescente";"Nublado";"Simples";"Interseção de Vias;Reta";"Sim";2;0;1;0;1;0;1;2;-23,30151124;-50,07027984;"SPRF-PR";"DEL07-PR";"UOP04-DEL07-PR"
673901;2025-04-15;"terça-feira";"19:05:00";"SC";101;197,5;"BIGUACU";"Reação tardia ou ineficiente do condutor";"Colisão traseira";"Com Vítimas Feridas";"Plena Noite";"Decrescente";"Céu Claro";"Dupla";"Reta";"Sim";2;0;1;0;1;0;1;2;-27,523504;-48,636603;"SPRF-SC";"DEL01-SC";"UOP01-DEL01-SC"
673902;2025-04-15;"terça-feira";"18:30:00";"PR";277;83;"CURITIBA";"Trafegar com motocicleta (ou similar) entre as faixas";"Colisão lateral mesmo sentido";"Com Vítimas Feridas";"Plena Noite";"Crescente";"Garoa/Chuvisco";"Dupla";"Reta";"Sim";2;0;1;0;1;0;1;2;-25,44970215;-49,2286616;"SPRF-PR";"DEL01-PR";"UOP07-DEL01-PR"
673903;2025-02-18;"terça-feira";"15:00:00";"MG";50;70;"UBERLANDIA";"Reação tardia ou ineficiente do condutor";"Colisão traseira";"Com Vítimas Feridas";"Pleno dia";"Decrescente";"Céu Claro";"Dupla";"Reta";"Sim";3;0;1;0;0;2;1;3;-18,8911;-48,2554;"SPRF-MG";"DEL15-MG";"UOP01-DEL15-MG"
673904;2025-04-15;"terça-feira";"19:15:00";"DF";60;2,5;"BRASILIA";"Acessar a via sem observar a presença dos outros veículos";"Colisão lateral mesmo sentido";"Com Vítimas Feridas";"Plena Noite";"Crescente";"Nublado";"Dupla";"Retorno Regulamentado;Reta";"Não";2;0;1;0;1;0;1;2;-15,888167;-48,081058;"SPRF-DF";"DEL03-DF";"UOP01-DEL03-DF"
673905;2025-04-15;"terça-feira";"14:40:00";"MA";135;23;"SAO LUIS";"Trafegar com motocicleta (ou similar) entre as faixas";"Colisão traseira";"Com Vítimas Feridas";"Pleno dia";"Decrescente";"Céu Claro";"Dupla";"Reta";"Sim";2;0;1;0;1;0;1;2;-2,55041;-44,306242;"SPRF-MA";"DEL01-MA";"UOP01-DEL01-MA"
673907;2025-04-15;"terça-feira";"16:00:00";"PI";135;210,4;"ELISEU MARTINS";"Acessar a via sem observar a presença dos outros veículos";"Colisão transversal";"Com Vítimas Fatais";"Pleno dia";"Crescente";"Céu Claro";"Simples";"Aclive;Reta";"Não";6;1;0;0;5;0;0;2;-8,100258;-43,670178;"SPRF-PI";"DEL03-PI";"UOP02-DEL03-PI"
673908;2025-04-15;"terça-feira";"15:44:00";"RO";364;711;"PORTO VELHO";"Manobra de mudança de faixa";"Colisão lateral mesmo sentido";"Com Vítimas Feridas";"Pleno dia";"Decrescente";"Céu Claro";"Dupla";"Reta";"Sim";3;0;3;0;0;0;3;2;-8,78308465;-63,86367559;"SPRF-RO";"DEL01-RO";"UOP01-DEL01-RO"
673909;2025-04-15;"terça-feira";"19:00:00";"ES";101;66,7;"SAO MATEUS";"Acessar a via sem observar a presença dos outros veículos";"Colisão transversal";"Com Vítimas Feridas";"Anoitecer";"Decrescente";"Nublado";"Dupla";"Reta";"Sim";2;0;2;0;0;0;2;2;-18,70935945;-39,8658931;"SPRF-ES";"DEL04-ES";"UOP02-DEL04-ES"
673911;2025-04-15;"terça-feira";"19:00:00";"RO";364;236,5;"CACOAL";"Ingestão de álcool pelo condutor";"Colisão traseira";"Com Vítimas Feridas";"Plena Noite";"Decrescente";"Nublado";"Simples";"Aclive;Reta;Interseção de Vias";"Sim";2;0;1;0;1;0;1;2;-11,443848;-61,443802;"SPRF-RO";"DEL02-RO";"UOP02-DEL02-RO"
673912;2025-04-15;"terça-feira";"19:15:00";"GO";70;2;"AGUAS LINDAS DE GOIAS";"Iluminação deficiente";"Atropelamento de Pedestre";"Com Vítimas Feridas";"Plena Noite";"Crescente";"Céu Claro";"Dupla";"Aclive;Curva";"Sim";2;0;0;1;1;0;1;2;-15,7626;-48,23381;"SPRF-DF";"DEL03-DF";"UOP02-DEL03-DF"
673916;2025-04-15;"terça-feira";"19:30:00";"MS";163;486;"CAMPO GRANDE";"Acessar a via sem observar a presença dos outros veículos";"Colisão transversal";"Com Vítimas Fatais";"Plena Noite";"Crescente";"Nublado";"Simples";"Reta;Declive";"Não";2;1;0;0;1;0;0;2;-20,4279685;-54,5448638;"SPRF-MS";"DEL01-MS";"UOP02-DEL01-MS"
673917;2025-04-15;"terça-feira";"20:15:00";"BA";324;517;"FEIRA DE SANTANA";"Manobra de mudança de faixa";"Colisão lateral mesmo sentido";"Com Vítimas Feridas";"Plena Noite";"Crescente";"Céu Claro";"Simples";"Reta";"Sim";3;0;1;0;1;1;1;2;-12,25302294;-38,93259352;"SPRF-BA";"DEL02-BA";"UOP01-DEL02-BA"
673918;2025-04-15;"terça-feira";"19:15:00";"SP";116;296;"ITAPECERICA DA SERRA";"Reação tardia ou ineficiente do condutor";"Colisão traseira";"Com Vítimas Feridas";"Plena Noite";"Crescente";"Nublado";"Dupla";"Reta";"Sim";1;0;1;0;0;0;1;1;-23,76457901;-46,90709352;"SPRF-SP";"DEL04-SP";"UOP01-DEL04-SP"
673923;2025-04-15;"terça-feira";"13:10:00";"GO";60;451;"JATAI";"Ausência de reação do condutor";"Saída de leito carroçável";"Sem Vítimas";"Pleno dia";"Crescente";"Nublado";"Dupla";"Curva";"Não";1;0;0;0;0;1;0;1;-17,86484483;-51,56681031;"SPRF-GO";"DEL05-GO";"UOP01-DEL05-GO"
673926;2025-04-15;"terça-feira";"19:20:00";"SP";116;217,5;"GUARULHOS";"Ausência de reação do condutor";"Colisão com objeto";"Sem Vítimas";"Plena Noite";"Decrescente";"Nublado";"Múltipla";"Aclive;Reta";"Sim";1;0;0;0;0;1;0;1;-23,4571994;-46,4787981;"SPRF-SP";"DEL01-SP";"UOP01-DEL01-SP"
673927;2025-04-15;"terça-feira";"19:45:00";"RJ";493;96;"SEROPEDICA";"Reação tardia ou ineficiente do condutor";"Saída de leito carroçável";"Com Vítimas Feridas";"Plena Noite";"Crescente";"Nublado";"Dupla";"Reta";"Não";1;0;1;0;0;0;1;1;-22,714951;-43,705129;"SPRF-RJ";"DEL01-RJ";"UOP03-DEL01-RJ"
673928;2025-04-15;"terça-feira";"21:10:00";"SC";101;148;"ITAPEMA";"Acumulo de óleo sobre o pavimento";"Tombamento";"Com Vítimas Feridas";"Plena Noite";"Decrescente";"Nublado";"Múltipla";"Retorno Regulamentado";"Sim";1;0;1;0;0;0;1;1;-27,10626699;-48,61450195;"SPRF-SC";"DEL04-SC";"UOP03-DEL04-SC"
673929;2025-04-15;"terça-feira";"18:10:00";"RJ";493;104;"SEROPEDICA";"Demais falhas na via";"Tombamento";"Com Vítimas Feridas";"Plena Noite";"Crescente";"Nublado";"Dupla";"Em Obras;Reta";"Não";2;0;2;0;0;0;2;1;-22,779966;-43,750344;"SPRF-RJ";"DEL01-RJ";"UOP03-DEL01-RJ"
673930;2025-04-15;"terça-feira";"18:17:00";"AL";316;248,5;"ATALAIA";"Reação tardia ou ineficiente do condutor";"Colisão frontal";"Com Vítimas Feridas";"Plena Noite";"Crescente";"Céu Claro";"Simples";"Reta";"Sim";3;0;2;0;0;1;2;2;-9,544902;-35,983052;"SPRF-AL";"DEL01-AL";"UOP01-DEL01-AL"
673931;2025-04-15;"terça-feira";"21:30:00";"SC";280;30,7;"ARAQUARI";"Condutor deixou de manter distância do veículo da frente";"Colisão traseira";"Com Vítimas Feridas";"Plena Noite";"Crescente";"Nublado";"Simples";"Reta";"Não";2;0;1;0;1;0;1;2;-26,415892;-48,769388;"SPRF-SC";"DEL03-SC";"UOP03-DEL03-SC"
673932;2025-04-15;"terça-feira";"21:10:00";"PB";104;112,9;"LAGOA SECA";"Conversão proibida";"Colisão transversal";"Sem Vítimas";"Plena Noite";"Decrescente";"Nublado";"Simples";"Reta";"Sim";2;0;0;0;1;1;0;2;-7,150793;-35,853336;"SPRF-PB";"DEL02-PB";"UOP04-DEL02-PB"
673933;2025-04-15;"terça-feira";"20:00:00";"RJ";101;386;"ITAGUAI";"Condutor deixou de manter distância do veículo da frente";"Colisão lateral mesmo sentido";"Com Vítimas Feridas";"Plena Noite";"Decrescente";"Céu Claro";"Simples";"Reta";"Sim";1;0;1;0;0;0;1;1;-22,85568;-43,761664;"SPRF-RJ";"DEL03-RJ";"UOP01-DEL03-RJ"
673935;2025-04-15;"terça-feira";"20:25:00";"MT";364;404,8;"CUIABA";"Estacionar ou parar em local proibido";"Colisão traseira";"Com Vítimas Feridas";"Plena Noite";"Crescente";"Nublado";"Múltipla";"Reta";"Sim";4;0;1;0;3;0;1;2;-15,6408667;-56,02160003;"SPRF-MT";"DEL01-MT";"UOP02-DEL01-MT"
673937;2025-04-15;"terça-feira";"18:15:00";"RJ";40;116;"DUQUE DE CAXIAS";"Ausência de reação do condutor";"Colisão lateral mesmo sentido";"Com Vítimas Feridas";"Plena Noite";"Decrescente";"Céu Claro";"Dupla";"Reta";"Sim";3;0;2;0;1;0;2;2;-22,74125609;-43,28810382;"SPRF-RJ";"DEL01-RJ";"UOP02-DEL01-RJ"
673939;2025-02-03;"segunda-feira";"06:20:00";"ES";101;143,2;"LINHARES";"Manobra de mudança de faixa";"Colisão lateral mesmo sentido";"Com Vítimas Feridas";"Pleno dia";"Crescente";"Céu Claro";"Dupla";"Reta";"Sim";2;0;0;1;1;0;1;2;-19,34286596;-40,0638568;"SPRF-ES";"DEL04-ES";"UOP01-DEL04-ES"
673940;2025-04-15;"terça-feira";"21:50:00";"PR";369;375,1;"MAMBORE";"Ultrapassagem Indevida";"Colisão frontal";"Com Vítimas Fatais";"Plena Noite";"Decrescente";"Céu Claro";"Simples";"Reta;Declive";"Não";9;4;1;4;0;0;5;2;-24,28533901;-52,55401958;"SPRF-PR";"DEL04-PR";"UOP03-DEL04-PR"
673943;2025-04-15;"terça-feira";"17:28:00";"TO";235;163;"PEDRO AFONSO";"Ausência de reação do condutor";"Colisão traseira";"Com Vítimas Feridas";"Anoitecer";"Crescente";"Nublado";"Simples";"Reta";"Sim";2;0;0;1;1;0;1;2;-8,99434401;-48,17581147;"SPRF-TO";"DEL02-TO";"UOP02-DEL02-TO"
673945;2025-04-15;"terça-feira";"19:20:00";"MA";226;71,6;"MATOES";"Demais falhas mecânicas ou elétricas";"Incêndio";"Sem Vítimas";"Plena Noite";"Decrescente";"Céu Claro";"Simples";"Reta";"Não";3;0;0;0;3;0;0;1;-5,21484893;-43,41974303;"SPRF-MA";"DEL03-MA";"UOP02-DEL03-MA"
673946;2025-04-15;"terça-feira";"20:30:00";"SC";280;99,3;"CORUPA";"Pista Escorregadia";"Colisão traseira";"Com Vítimas Feridas";"Plena Noite";"Crescente";"Nublado";"Simples";"Aclive;Reta";"Não";2;0;1;0;1;0;1;2;-26,39063951;-49,30355072;"SPRF-SC";"DEL06-SC";"UOP03-DEL06-SC"
673947;2025-04-15;"terça-feira";"22:00:00";"RJ";101;410;"ITAGUAI";"Ausência de reação do condutor";"Colisão com objeto";"Com Vítimas Fatais";"Plena Noite";"Decrescente";"Céu Claro";"Dupla";"Reta";"Não";1;1;0;0;0;0;0;1;-22,87490991;-43,81261826;"SPRF-RJ";"DEL03-RJ";"UOP01-DEL03-RJ"
673948;2025-04-15;"terça-feira";"21:05:00";"RJ";40;108;"DUQUE DE CAXIAS";"Demais falhas mecânicas ou elétricas";"Colisão traseira";"Com Vítimas Feridas";"Plena Noite";"Decrescente";"Nublado";"Múltipla";"Reta";"Sim";4;0;1;0;3;0;1;3;-22,67076867;-43,28574657;"SPRF-RJ";"DEL01-RJ";"UOP02-DEL01-RJ"
673949;2025-04-15;"terça-feira";"23:00:00";"BA";324;543;"AMELIA RODRIGUES";"Ausência de reação do condutor";"Colisão com objeto";"Com Vítimas Feridas";"Plena Noite";"Decrescente";"Céu Claro";"Dupla";"Curva";"Sim";2;0;1;0;1;0;1;1;-12,4019616;-38,7561216;"SPRF-BA";"DEL01-BA";"UOP03-DEL01-BA"
673950;2025-04-15;"terça-feira";"20:30:00";"RJ";101;586,7;"ANGRA DOS REIS";"Conversão proibida";"Colisão lateral mesmo sentido";"Com Vítimas Feridas";"Plena Noite";"Decrescente";"Nublado";"Simples";"Reta";"Sim";5;0;2;0;3;0;2;2;-22,97313375;-44,29733885;"SPRF-RJ";"DEL03-RJ";"UOP04-DEL03-RJ"
673953;2025-04-15;"terça-feira";"23:20:00";"RS";386;435;"NOVA SANTA RITA";"Ingestão de álcool pelo condutor";"Colisão com objeto";"Sem Vítimas";"Plena Noite";"Crescente";"Céu Claro";"Dupla";"Reta";"Sim";1;0;0;0;1;0;0;1;-29,84651515;-51,27610087;"SPRF-RS";"DEL04-RS";"UOP02-DEL04-RS"
673954;2025-04-15;"terça-feira";"23:50:00";"MG";381;921;"CAMANDUCAIA";"Acumulo de óleo sobre o pavimento";"Saída de leito carroçável";"Com Vítimas Feridas";"Plena Noite";"Crescente";"Chuva";"Dupla";"Declive;Curva";"Não";1;0;1;0;0;0;1;1;-22,7630396;-46,1704496;"SPRF-MG";"DEL16-MG";"UOP03-DEL16-MG"
673955;2025-04-15;"terça-feira";"22:10:00";"PR";277;527,7;"CAMPO BONITO";"Velocidade Incompatível";"Saída de leito carroçável";"Com Vítimas Feridas";"Plena Noite";"Decrescente";"Nublado";"Simples";"Reta";"Não";1;0;1;0;0;0;1;1;-25,09749;-52,94041;"SPRF-PR";"DEL04-PR";"UOP04-DEL04-PR"
673957;2025-04-16;"quarta-feira";"00:21:00";"PE";101;41;"IGARASSU";"Condutor Dormindo";"Capotamento";"Sem Vítimas";"Plena Noite";"Crescente";"Céu Claro";"Simples";"Reta";"Sim";1;0;0;0;0;1;0;1;-7,833979;-34,9133506;"SPRF-PE";"DEL01-PE";"UOP02-DEL01-PE"
673958;2025-04-15;"terça-feira";"23:40:00";"PR";277;507,6;"GUARANIACU";"Condutor Dormindo";"Saída de leito carroçável";"Sem Vítimas";"Plena Noite";"Crescente";"Céu Claro";"Simples";"Reta";"Não";1;0;0;0;0;1;0;1;-25,109161;-52,851528;"SPRF-PR";"DEL04-PR";"UOP04-DEL04-PR"
673962;2025-04-16;"quarta-feira";"01:15:00";"PR";487;177;"CAMPO MOURAO";"Ingestão de álcool pelo condutor";"Colisão lateral sentido oposto";"Com Vítimas Feridas";"Plena Noite";"Decrescente";"Garoa/Chuvisco";"Simples";"Aclive;Reta";"Não";2;0;1;0;1;0;1;2;-24,03854382;-52,41032124;"SPRF-PR";"DEL09-PR";"UOP03-DEL09-PR"
673963;2025-04-16;"quarta-feira";"03:00:00";"MG";40;615,2;"CONGONHAS";"Ausência de reação do condutor";"Queda de ocupante de veículo";"Com Vítimas Feridas";"Plena Noite";"Crescente";"Céu Claro";"Simples";"Reta;Declive";"Não";1;0;1;0;0;0;1;1;-20,4768258;-43,8424391;"SPRF-MG";"DEL05-MG";"UOP02-DEL05-MG"
673966;2025-04-16;"quarta-feira";"04:45:00";"BA";324;530;"FEIRA DE SANTANA";"Manobra de mudança de faixa";"Saída de leito carroçável";"Com Vítimas Feridas";"Amanhecer";"Crescente";"Céu Claro";"Dupla";"Curva";"Sim";2;0;1;0;1;0;1;1;-12,3393782;-38,846011;"SPRF-BA";"DEL01-BA";"UOP03-DEL01-BA"
673969;2025-04-16;"quarta-feira";"04:30:00";"AL";416;2,1;"COLONIA LEOPOLDINA";"Animais na Pista";"Atropelamento de Animal";"Com Vítimas Feridas";"Plena Noite";"Decrescente";"Céu Claro";"Simples";"Aclive;Reta";"Não";1;0;1;0;0;0;1;1;-8,901184;-35,656575;"SPRF-AL";"DEL01-AL";"UOP02-DEL01-AL"
673970;2025-04-15;"terça-feira";"08:30:00";"MG";116;429;"ALPERCATA";"Demais falhas mecânicas ou elétricas";"Tombamento";"Com Vítimas Feridas";"Pleno dia";"Crescente";"Céu Claro";"Simples";"Reta";"Não";1;0;1;0;0;0;1;1;-18,9888514;-41,98595858;"SPRF-MG";"DEL06-MG";"UOP01-DEL06-MG"
673971;2025-04-15;"terça-feira";"15:25:00";"MG";262;49,9;"MANHUACU";"Ausência de reação do condutor";"Colisão traseira";"Com Vítimas Feridas";"Pleno dia";"Decrescente";"Céu Claro";"Simples";"Reta";"Não";5;0;2;0;3;0;2;2;-20,24285217;-42,13535061;"SPRF-MG";"DEL06-MG";"UOP03-DEL06-MG"
673972;2025-04-16;"quarta-feira";"07:10:00";"SC";0;0;"FLORIANOPOLIS";"Condutor deixou de manter distância do veículo da frente";"Colisão traseira";"Sem Vítimas";"Pleno dia";"Não Informado";"Céu Claro";"Dupla";"Reta";"Sim";2;0;0;0;2;0;0;2;-27,44732;-48,42581;"SPRF-SC";"DEL01-SC";"N/A"
673973;2025-04-16;"quarta-feira";"06:50:00";"MG";381;517;"IGARAPE";"Ausência de reação do condutor";"Queda de ocupante de veículo";"Com Vítimas Feridas";"Amanhecer";"Crescente";"Garoa/Chuvisco";"Dupla";"Reta";"Não";1;0;1;0;0;0;1;1;-20,09695339;-44,31621909;"SPRF-MG";"DEL01-MG";"UOP03-DEL01-MG"
673974;2025-04-16;"quarta-feira";"07:15:00";"PB";101;81;"JOAO PESSOA";"Ausência de reação do condutor";"Colisão traseira";"Com Vítimas Feridas";"Pleno dia";"Crescente";"Céu Claro";"Dupla";"Reta";"Sim";1;0;0;1;0;0;1;1;-7,1628761;-34,8929648;"SPRF-PB";"DEL01-PB";"UOP01-DEL01-PB"
673976;2025-04-16;"quarta-feira";"06:30:00";"BA";116;630;"JAGUAQUARA";"Reação tardia ou ineficiente do condutor";"Colisão frontal";"Com Vítimas Feridas";"Pleno dia";"Crescente";"Céu Claro";"Simples";"Reta";"Não";2;0;0;1;1;0;1;2;-13,5046665;-40,0527646;"SPRF-BA";"DEL03-BA";"UOP01-DEL03-BA"
673977;2025-04-16;"quarta-feira";"06:30:00";"MG";381;311;"ANTONIO DIAS";"Velocidade Incompatível";"Colisão com objeto";"Com Vítimas Feridas";"Pleno dia";"Decrescente";"Nublado";"Simples";"Curva;Declive";"Não";2;0;0;1;1;0;1;1;-19,64791252;-42,93490291;"SPRF-MG";"DEL03-MG";"UOP02-DEL03-MG"
673978;2025-04-09;"quarta-feira";"10:25:00";"RN";226;323;"MESSIAS TARGINO";"Acessar a via sem observar a presença dos outros veículos";"Colisão transversal";"Com Vítimas Feridas";"Pleno dia";"Crescente";"Céu Claro";"Simples";"Reta";"Não";2;0;0;1;1;0;1;2;-6,066586;-37,499585;"SPRF-RN";"DEL04-RN";"UOP01-DEL04-RN"
673979;2025-04-16;"quarta-feira";"07:30:00";"SC";280;127,9;"RIO NEGRINHO";"Acesso irregular";"Atropelamento de Pedestre";"Com Vítimas Feridas";"Pleno dia";"Crescente";"Céu Claro";"Simples";"Reta;Interseção de Vias";"Sim";2;0;1;0;1;0;1;2;-26,242859;-49,512417;"SPRF-SC";"DEL06-SC";"UOP03-DEL06-SC"
673980;2025-04-16;"quarta-feira";"07:30:00";"PR";277;241;"TEIXEIRA SOARES";"Condutor Dormindo";"Colisão com objeto";"Com Vítimas Feridas";"Pleno dia";"Decrescente";"Céu Claro";"Simples";"Reta";"Não";1;0;1;0;0;0;1;1;-25,468;-50,479;"SPRF-PR";"DEL08-PR";"UOP02-DEL08-PR"
673981;2025-04-16;"quarta-feira";"07:35:00";"GO";60;391;"RIO VERDE";"Manobra de mudança de faixa";"Colisão transversal";"Com Vítimas Feridas";"Pleno dia";"Crescente";"Nublado";"Dupla";"Declive;Reta";"Sim";2;0;0;1;1;0;1;2;-17,826387;-50,976378;"SPRF-GO";"DEL04-GO";"UOP02-DEL04-GO"
673982;2025-04-16;"quarta-feira";"05:35:00";"RJ";493;105;"SEROPEDICA";"Animais na Pista";"Atropelamento de Animal";"Com Vítimas Feridas";"Plena Noite";"Crescente";"Nublado";"Dupla";"Em Obras;Reta";"Não";1;0;1;0;0;0;1;1;-22,80104835;-43,79030228;"SPRF-RJ";"DEL01-RJ";"UOP03-DEL01-RJ"
673984;2025-04-16;"quarta-feira";"07:35:00";"RN";101;84;"NATAL";"Condutor deixou de manter distância do veículo da frente";"Colisão transversal";"Com Vítimas Feridas";"Pleno dia";"Crescente";"Céu Claro";"Dupla";"Reta";"Não";3;0;2;0;0;1;2;2;-5,77529109;-35,25503039;"SPRF-RN";"DEL02-RN";"UOP01-DEL02-RN"