"id";"data_inversa";"dia_semana";"horario";"uf";"br";"km";"municipio";"causa_acidente";"tipo_acidente";"classificacao_acidente";"fase_dia";"sentido_via";"condicao_metereologica";"tipo_pista";"tracado_via";"uso_solo";"pessoas";"mortos";"feridos_leves";"feridos_graves";"ilesos";"ignorados";"feridos";"veiculos";"latitude";"longitude";"regional";"delegacia";"uop"
673987;2025-04-16;"quarta-feira";"08:00:00";"RS";116;253;"SAPUCAIA DO SUL";"Ausência de reação do condutor";"Colisão traseira";"Com Vítimas Feridas";"Pleno dia";"Crescente";"Céu Claro";"Dupla";"Reta;Viaduto";"Sim";7;0;1;0;6;0;1;3;-29,81660245;-51,16973011;"SPRF-RS";"DEL01-RS";"UOP02-DEL01-RS"
673988;2025-04-16;"quarta-feira";"07:30:00";"BA";324;620;"SALVADOR";"Condutor deixou de manter distância do veículo da frente";"Queda de ocupante de veículo";"Com Vítimas Feridas";"Pleno dia";"Crescente";"Céu Claro";"Dupla";"Reta";"Sim";2;0;2;0;0;0;2;1;-12,9037991;-38,4532817;"SPRF-BA";"DEL01-BA";"UOP01-DEL01-BA"
673991;2025-04-16;"quarta-feira";"08:10:00";"RS";392;352;"SANTA MARIA";"Acessar a via sem observar a presença dos outros veículos";"Colisão transversal";"Com Vítimas Feridas";"Pleno dia";"Decrescente";"Nevoeiro/Neblina";"Dupla";"Interseção de Vias";"Sim";3;0;1;0;1;1;1;3;-29,71653642;-53,80966723;"SPRF-RS";"DEL09-RS";"UOP01-DEL09-RS"
673992;2025-04-16;"quarta-feira";"08:00:00";"PR";277;593,5;"CASCAVEL";"Condutor deixou de manter distância do veículo da frente";"Engavetamento";"Com Vítimas Feridas";"Pleno dia";"Crescente";"Céu Claro";"Simples";"Reta;Aclive";"Sim";8;0;4;0;4;0;4;4;-24,97965036;-53,48955497;"SPRF-PR";"DEL04-PR";"UOP01-DEL04-PR"
673993;2025-02-15;"sábado";"17:29:00";"RJ";101;241;"SILVA JARDIM";"Avarias e/ou desgaste excessivo no pneu";"Saída de leito carroçável";"Com Vítimas Feridas";"Pleno dia";"Decrescente";"Céu Claro";"Dupla";"Reta";"Não";3;0;0;3;0;0;3;1;-22,63298511;-42,44557897;"SPRF-RJ";"DEL02-RJ";"UOP03-DEL02-RJ"
673998;2025-04-16;"quarta-feira";"08:30:00";"PB";230;26;"JOAO PESSOA";"Avarias e/ou desgaste excessivo no pneu";"Tombamento";"Com Vítimas Feridas";"Pleno dia";"Decrescente";"Céu Claro";"Dupla";"Reta";"Sim";2;0;1;0;1;0;1;1;-7,169108;-34,880497;"SPRF-PB";"DEL01-PB";"UOP01-DEL01-PB"
673999;2025-04-16;"quarta-feira";"07:20:00";"SC";280;128,3;"RIO NEGRINHO";"Acessar a via sem observar a presença dos outros veículos";"Colisão transversal";"Com Vítimas Feridas";"Pleno dia";"Decrescente";"Céu Claro";"Simples";"Reta;Interseção de Vias";"Sim";2;0;1;0;1;0;1;2;-26,24396819;-49,51543266;"SPRF-SC";"DEL06-SC";"UOP03-DEL06-SC"
674001;2025-04-16;"quarta-feira";"08:30:00";"PR";0;0;"SANTA TEREZINHA DE ITAIPU";"Avarias e/ou desgaste excessivo no pneu";"Tombamento";"Com Vítimas Feridas";"Pleno dia";"Não Informado";"Céu Claro";"Simples";"Reta";"Sim";1;0;0;1;0;0;1;1;-25,46090065;-54,43927104;"SPRF-PR";"DEL05-PR";"UOP01-DEL05-PR"
674003;2025-04-16;"quarta-feira";"08:43:00";"PE";101;65;"RECIFE";"Ausência de reação do condutor";"Colisão traseira";"Com Vítimas Feridas";"Pleno dia";"Crescente";"Céu Claro";"Dupla";"Reta";"Sim";3;0;0;2;1;0;2;2;-8,025708;-34,943003;"SPRF-PE";"DEL01-PE";"UOP01-DEL01-PE"
674004;2025-04-08;"terça-feira";"17:00:00";"PR";277;5;"CURITIBA";"Manobra de mudança de faixa";"Colisão lateral mesmo sentido";"Com Vítimas Feridas";"Pleno dia";"Crescente";"Nublado";"Dupla";"Curva;Declive";"Sim";2;0;1;0;1;0;1;2;-25,43011436;-49,3202644;"SPRF-PR";"DEL01-PR";"UOP05-DEL01-PR"
674005;2025-04-16;"quarta-feira";"08:50:00";"PE";101;41,8;"IGARASSU";"Reação tardia ou ineficiente do condutor";"Colisão transversal";"Com Vítimas Feridas";"Pleno dia";"Crescente";"Céu Claro";"Múltipla";"Reta;Aclive";"Sim";2;0;1;0;0;1;1;2;-7,83652;-34,912753;"SPRF-PE";"DEL01-PE";"UOP02-DEL01-PE"
674006;2025-04-16;"quarta-feira";"07:57:00";"PE";101;60;"RECIFE";"Reação tardia ou ineficiente do condutor";"Colisão lateral mesmo sentido";"Com Vítimas Feridas";"Pleno dia";"Crescente";"Céu Claro";"Dupla";"Reta;Retorno Regulamentado";"Sim";2;0;2;0;0;0;2;2;-7,98635;-34,93302;"SPRF-PE";"DEL01-PE";"UOP02-DEL01-PE"
674007;2025-04-16;"quarta-feira";"08:50:00";"SP";381;89,4;"GUARULHOS";"Manobra de mudança de faixa";"Colisão lateral mesmo sentido";"Com Vítimas Feridas";"Pleno dia";"Crescente";"Céu Claro";"Múltipla";"Reta";"Sim";2;0;1;0;1;0;1;2;-23,490891;-46,559397;"SPRF-SP";"DEL03-SP";"UOP01-DEL03-SP"
674008;2025-04-16;"quarta-feira";"08:45:00";"MG";262;123;"RIO CASCA";"Transitar na contramão";"Colisão frontal";"Com Vítimas Feridas";"Pleno dia";"Decrescente";"Chuva";"Simples";"Declive;Curva";"Não";4;0;1;0;3;0;1;2;-20,208653;-42,669597;"SPRF-MG";"DEL03-MG";"UOP03-DEL03-MG"
674009;2025-04-16;"quarta-feira";"07:40:00";"SC";280;67;"JARAGUA DO SUL";"Transitar na contramão";"Colisão transversal";"Com Vítimas Feridas";"Pleno dia";"Crescente";"Céu Claro";"Simples";"Reta";"Não";2;0;1;0;1;0;1;2;-26,47541;-49,106947;"SPRF-SC";"DEL03-SC";"UOP03-DEL03-SC"
674010;2025-04-16;"quarta-feira";"08:30:00";"MG";381;483,7;"BETIM";"Reação tardia ou ineficiente do condutor";"Tombamento";"Com Vítimas Feridas";"Pleno dia";"Crescente";"Chuva";"Múltipla";"Curva";"Sim";1;0;1;0;0;0;1;1;-19,9595605;-44,0856319;"SPRF-MG";"DEL01-MG";"UOP03-DEL01-MG"
674011;2025-03-12;"quarta-feira";"23:00:00";"RJ";101;192,5;"CASIMIRO DE ABREU";"Condutor deixou de manter distância do veículo da frente";"Engavetamento";"Com Vítimas Feridas";"Plena Noite";"Crescente";"Céu Claro";"Dupla";"Curva";"Não";5;0;2;0;3;0;2;3;-22,47326712;-42,08531601;"SPRF-RJ";"DEL08-RJ";"UOP04-DEL08-RJ"
674012;2025-04-16;"quarta-feira";"08:18:00";"PR";277;584;"CASCAVEL";"Acessar a via sem observar a presença dos outros veículos";"Colisão traseira";"Com Vítimas Feridas";"Pleno dia";"Crescente";"Nublado";"Simples";"Interseção de Vias";"Sim";2;0;1;0;1;0;1;2;-24,965027;-53,4048971;"SPRF-PR";"DEL04-PR";"UOP01-DEL04-PR"
674013;2025-04-16;"quarta-feira";"09:20:00";"RN";304;91,9;"ACU";"Acessar a via sem observar a presença dos outros veículos";"Colisão transversal";"Com Vítimas Feridas";"Pleno dia";"Decrescente";"Sol";"Simples";"Reta;Aclive";"Não";3;0;0;1;2;0;1;2;-5,53948;-37,08628;"SPRF-RN";"DEL04-RN";"UOP01-DEL04-RN"
674016;2025-04-16;"quarta-feira";"09:15:00";"SE";101;76,5;"MARUIM";"Entrada inopinada do pedestre";"Atropelamento de Pedestre";"Com Vítimas Fatais";"Pleno dia";"Decrescente";"Sol";"Simples";"Reta";"Não";3;1;0;0;1;1;0;2;-10,775452;-37,13103;"SPRF-SE";"DEL01-SE";"UOP01-DEL01-SE"
674019;2025-04-16;"quarta-feira";"08:20:00";"MG";40;464,4;"SETE LAGOAS";"Reação tardia ou ineficiente do condutor";"Saída de leito carroçável";"Sem Vítimas";"Pleno dia";"Crescente";"Chuva";"Dupla";"Aclive;Curva";"Não";1;0;0;0;1;0;0;1;-19,4407099;-44,3301059;"SPRF-MG";"DEL02-MG";"UOP01-DEL02-MG"
675129;2025-04-16;"quarta-feira";"10:25:00";"SC";101;118,1;"ITAJAI";"Reação tardia ou ineficiente do condutor";"Colisão traseira";"Com Vítimas Feridas";"Pleno dia";"Crescente";"Céu Claro";"Dupla";"Reta";"Sim";6;0;1;0;5;0;1;5;-26,89880281;-48,71827126;"SPRF-SC";"DEL04-SC";"UOP04-DEL04-SC"
675130;2025-04-16;"quarta-feira";"13:40:00";"RS";158;95,6;"PALMEIRA DAS MISSOES";"Transitar na contramão";"Colisão frontal";"Sem Vítimas";"Pleno dia";"Decrescente";"Sol";"Simples";"Declive;Reta";"Não";2;0;0;0;2;0;0;2;-27,8621;-53,32925;"SPRF-RS";"DEL08-RS";"UOP02-DEL08-RS"
675132;2025-04-16;"quarta-feira";"11:20:00";"BA";101;795;"ITAMARAJU";"Ausência de reação do condutor";"Colisão traseira";"Com Vítimas Feridas";"Pleno dia";"Decrescente";"Céu Claro";"Simples";"Reta";"Não";2;0;0;1;1;0;1;2;-16,921187;-39,53838;"SPRF-BA";"DEL09-BA";"UOP01-DEL09-BA"
675926;2025-04-16;"quarta-feira";"05:35:00";"RJ";101;300;"SAO GONCALO";"Ausência de reação do condutor";"Colisão lateral mesmo sentido";"Com Vítimas Feridas";"Amanhecer";"Crescente";"Nublado";"Dupla";"Reta";"Não";2;0;1;0;1;0;1;2;-22,77599355;-42,94759512;"SPRF-RJ";"DEL02-RJ";"UOP02-DEL02-RJ"
675928;2025-04-16;"quarta-feira";"15:50:00";"RS";116;235;"NOVO HAMBURGO";"Reação tardia ou ineficiente do condutor";"Colisão traseira";"Sem Vítimas";"Pleno dia";"Decrescente";"Céu Claro";"Dupla";"Reta";"Sim";2;0;0;0;2;0;0;2;-29,6601272;-51,1439139;"SPRF-RS";"DEL01-RS";"UOP02-DEL01-RS"
675930;2025-04-16;"quarta-feira";"11:15:00";"MS";163;124,4;"NAVIRAI";"Ausência de reação do condutor";"Colisão com objeto";"Com Vítimas Feridas";"Pleno dia";"Decrescente";"Nublado";"Simples";"Rotatória";"Não";1;0;1;0;0;0;1;1;-23,078092;-54,228517;"SPRF-MS";"DEL09-MS";"UOP01-DEL09-MS"
675931;2025-04-16;"quarta-feira";"13:40:00";"PR";116;186;"CAMPO DO TENENTE";"Velocidade Incompatível";"Tombamento";"Com Vítimas Feridas";"Pleno dia";"Crescente";"Céu Claro";"Simples";"Reta;Declive";"Não";1;0;1;0;0;0;1;1;-25,953818;-49,648546;"SPRF-PR";"DEL01-PR";"UOP03-DEL01-PR"
675933;2025-04-16;"quarta-feira";"15:30:00";"BA";324;534;"CONCEICAO DO JACUIPE";"Ausência de reação do condutor";"Engavetamento";"Sem Vítimas";"Pleno dia";"Decrescente";"Céu Claro";"Dupla";"Reta";"Não";3;0;0;0;3;0;0;3;-12,3615214;-38,8206543;"SPRF-BA";"DEL01-BA";"UOP03-DEL01-BA"
675934;2025-04-16;"quarta-feira";"11:00:00";"SC";280;55,6;"GUARAMIRIM";"Acessar a via sem observar a presença dos outros veículos";"Colisão transversal";"Com Vítimas Feridas";"Pleno dia";"Crescente";"Céu Claro";"Múltipla";"Viaduto;Rotatória";"Sim";2;0;1;0;1;0;1;2;-26,47896487;-49,0008916;"SPRF-SC";"DEL03-SC";"UOP03-DEL03-SC"
675935;2025-04-16;"quarta-feira";"12:45:00";"SC";101;86,2;"BARRA VELHA";"Acessar a via sem observar a presença dos outros veículos";"Colisão lateral mesmo sentido";"Com Vítimas Feridas";"Pleno dia";"Crescente";"Sol";"Múltipla";"Rotatória";"Sim";2;0;1;0;1;0;1;2;-26,63959959;-48,6939582;"SPRF-SC";"DEL03-SC";"UOP02-DEL03-SC"
676290;2025-04-16;"quarta-feira";"15:10:00";"SP";101;47;"UBATUBA";"Acessar a via sem observar a presença dos outros veículos";"Colisão transversal";"Com Vítimas Feridas";"Pleno dia";"Crescente";"Nublado";"Simples";"Reta";"Sim";3;0;1;0;0;2;1;3;-23,42963701;-45,08212421;"SPRF-SP";"DEL06-SP";"UOP01-DEL06-SP"
676292;2025-04-16;"quarta-feira";"14:35:00";"MG";262;37,9;"MANHUACU";"Acessar a via sem observar a presença dos outros veículos";"Colisão transversal";"Com Vítimas Feridas";"Pleno dia";"Decrescente";"Chuva";"Simples";"Declive;Reta";"Sim";3;0;2;0;1;0;2;2;-20,27294841;-42,04015948;"SPRF-MG";"DEL06-MG";"UOP03-DEL06-MG"
676293;2025-04-16;"quarta-feira";"16:00:00";"SP";116;228;"SAO PAULO";"Manobra de mudança de faixa";"Colisão lateral mesmo sentido";"Com Vítimas Feridas";"Pleno dia";"Decrescente";"Céu Claro";"Múltipla";"Reta";"Sim";2;0;1;0;1;0;1;2;-23,50393015;-46,56717181;"SPRF-SP";"DEL01-SP";"UOP01-DEL01-SP"
678339;2025-04-16;"quarta-feira";"18:10:00";"SE";235;5;"NOSSA SENHORA DO SOCORRO";"Ausência de reação do condutor";"Colisão traseira";"Com Vítimas Feridas";"Plena Noite";"Crescente";"Céu Claro";"Dupla";"Declive";"Sim";3;0;2;0;1;0;2;2;-10,90643772;-37,11900104;"SPRF-SE";"DEL01-SE";"UOP01-DEL01-SE"
678439;2025-04-16;"quarta-feira";"12:10:00";"SC";101;126;"ITAJAI";"Ausência de reação do condutor";"Queda de ocupante de veículo";"Com Vítimas Feridas";"Pleno dia";"Crescente";"Céu Claro";"Dupla";"Reta";"Não";1;0;1;0;0;0;1;1;-26,9623933;-48,68262269;"SPRF-SC";"DEL04-SC";"UOP04-DEL04-SC"
678444;2025-04-16;"quarta-feira";"11:50:00";"MG";381;635,4;"SANTO ANTONIO DO AMPARO";"Velocidade Incompatível";"Capotamento";"Com Vítimas Feridas";"Pleno dia";"Crescente";"Chuva";"Dupla";"Curva";"Não";4;0;4;0;0;0;4;1;-20,86715742;-44,84172486;"SPRF-MG";"DEL04-MG";"UOP01-DEL04-MG"
678445;2025-04-16;"quarta-feira";"17:00:00";"RS";386;257,2;"SOLEDADE";"Condutor deixou de manter distância do veículo da frente";"Colisão traseira";"Sem Vítimas";"Pleno dia";"Crescente";"Céu Claro";"Simples";"Reta";"Não";2;0;0;0;2;0;0;2;-28,85242563;-52,44688142;"SPRF-RS";"DEL04-RS";"UOP03-DEL04-RS"
680491;2025-04-16;"quarta-feira";"19:30:00";"SC";101;201;"SAO JOSE";"Ausência de reação do condutor";"Colisão com objeto";"Com Vítimas Feridas";"Plena Noite";"Decrescente";"Céu Claro";"Múltipla";"Reta";"Sim";1;0;1;0;0;0;1;1;-27,55363;-48,61969;"SPRF-SC";"DEL01-SC";"UOP01-DEL01-SC"
681978;2025-04-16;"quarta-feira";"18:00:00";"RS";386;347,5;"LAJEADO";"Reação tardia ou ineficiente do condutor";"Colisão transversal";"Com Vítimas Feridas";"Anoitecer";"Crescente";"Céu Claro";"Dupla";"Reta;Em Obras;Declive";"Sim";2;0;1;0;1;0;1;2;-29,45420036;-51,96069717;"SPRF-RS";"DEL04-RS";"UOP01-DEL04-RS"
681979;2025-04-16;"quarta-feira";"20:10:00";"SC";101;214,3;"PALHOCA";"Reação tardia ou ineficiente do condutor";"Tombamento";"Com Vítimas Feridas";"Plena Noite";"Decrescente";"Céu Claro";"Dupla";"Viaduto;Retorno Regulamentado;Curva";"Sim";1;0;1;0;0;0;1;1;-27,64698;-48,67258;"SPRF-SC";"DEL01-SC";"UOP02-DEL01-SC"
681982;2025-04-16;"quarta-feira";"18:40:00";"SC";282;216,9;"LAGES";"Reação tardia ou ineficiente do condutor";"Colisão traseira";"Com Vítimas Feridas";"Plena Noite";"Decrescente";"Nublado";"Dupla";"Reta";"Sim";3;0;2;0;1;0;2;2;-27,797046;-50,289636;"SPRF-SC";"DEL05-SC";"UOP01-DEL05-SC"
681984;2025-04-16;"quarta-feira";"19:45:00";"MG";116;412;"GOVERNADOR VALADARES";"Condutor deixou de manter distância do veículo da frente";"Colisão traseira";"Com Vítimas Feridas";"Plena Noite";"Crescente";"Chuva";"Simples";"Reta;Declive";"Sim";5;0;0;2;3;0;2;2;-18,879206;-41,961164;"SPRF-MG";"DEL06-MG";"UOP01-DEL06-MG"
685186;2025-03-12;"quarta-feira";"12:10:00";"SC";470;246;"CURITIBANOS";"Ausência de reação do condutor";"Capotamento";"Com Vítimas Feridas";"Pleno dia";"Crescente";"Céu Claro";"Simples";"Reta";"Não";1;0;1;0;0;0;1;1;-27,31341319;-50,56640983;"SPRF-SC";"DEL05-SC";"UOP03-DEL05-SC"
685312;2025-04-17;"quinta-feira";"10:45:00";"CE";304;64,2;"ARACATI";"Acessar a via sem observar a presença dos outros veículos";"Colisão transversal";"Com Vítimas Feridas";"Pleno dia";"Decrescente";"Céu Claro";"Simples";"Reta;Interseção de Vias";"Não";2;0;1;0;1;0;1;2;-4,57343043;-37,73765087;"SPRF-CE";"DEL03-CE";"UOP03-DEL03-CE"
685313;2025-04-12;"sábado";"08:05:00";"PR";277;700;"SAO MIGUEL DO IGUACU";"Ausência de reação do condutor";"Saída de leito carroçável";"Com Vítimas Feridas";"Pleno dia";"Decrescente";"Céu Claro";"Dupla";"Reta";"Não";1;0;1;0;0;0;1;1;-25,3902382;-54,30075992;"SPRF-PR";"DEL05-PR";"UOP01-DEL05-PR"
685316;2025-04-17;"quinta-feira";"10:00:00";"PR";277;241,7;"FERNANDES PINHEIRO";"Conversão proibida";"Colisão transversal";"Com Vítimas Feridas";"Pleno dia";"Decrescente";"Nublado";"Simples";"Curva";"Não";3;0;2;0;1;0;2;2;-25,46524028;-50,58385307;"SPRF-PR";"DEL08-PR";"UOP02-DEL08-PR"
685319;2025-04-17;"quinta-feira";"09:00:00";"SP";116;115;"TAUBATE";"Reação tardia ou ineficiente do condutor";"Colisão lateral mesmo sentido";"Com Vítimas Feridas";"Pleno dia";"Crescente";"Céu Claro";"Dupla";"Reta";"Sim";3;0;1;0;2;0;1;2;-23,05015959;-45,60155706;"SPRF-SP";"DEL02-SP";"UOP02-DEL02-SP"
685321;2025-04-17;"quinta-feira";"07:00:00";"RS";153;547;"CACAPAVA DO SUL";"Condutor Dormindo";"Saída de leito carroçável";"Com Vítimas Feridas";"Pleno dia";"Crescente";"Céu Claro";"Simples";"Curva";"Não";1;0;1;0;0;0;1;1;-30,820223;-53,586571;"SPRF-RS";"DEL09-RS";"UOP02-DEL09-RS"
685323;2025-04-17;"quinta-feira";"11:10:00";"MG";116;730,4;"LARANJAL";"Ingestão de álcool pelo condutor";"Colisão traseira";"Com Vítimas Feridas";"Pleno dia";"Decrescente";"Céu Claro";"Simples";"Reta";"Não";2;0;1;0;1;0;1;2;-21,3215797;-42,4481693;"SPRF-MG";"DEL07-MG";"UOP02-DEL07-MG"
685324;2025-04-17;"quinta-feira";"11:00:00";"PB";101;85,9;"JOAO PESSOA";"Ausência de reação do condutor";"Colisão lateral mesmo sentido";"Com Vítimas Feridas";"Pleno dia";"Decrescente";"Céu Claro";"Dupla";"Reta";"Sim";2;0;0;1;1;0;1;2;-7,1497995;-34,9084468;"SPRF-PB";"DEL01-PB";"UOP01-DEL01-PB"
685325;2025-04-16;"quarta-feira";"14:25:00";"PB";230;7,9;"CABEDELO";"Manobra de mudança de faixa";"Colisão traseira";"Com Vítimas Feridas";"Pleno dia";"Crescente";"Céu Claro";"Dupla";"Reta";"Sim";2;0;0;1;1;0;1;2;-7,03573;-34,843365;"SPRF-PB";"DEL01-PB";"UOP01-DEL01-PB"
685326;2025-04-17;"quinta-feira";"10:34:00";"GO";40;5;"VALPARAISO DE GOIAS";"Reação tardia ou ineficiente do condutor";"Colisão traseira";"Com Vítimas Feridas";"Pleno dia";"Decrescente";"Céu Claro";"Dupla";"Reta";"Não";2;0;1;0;1;0;1;2;-16,09212656;-47,98259251;"SPRF-DF";"DEL01-DF";"UOP01-DEL01-DF"
685327;2025-03-18;"terça-feira";"19:19:00";"MT";70;1,6;"BARRA DO GARCAS";"Conversão proibida";"Colisão transversal";"Com Vítimas Feridas";"Plena Noite";"Decrescente";"Céu Claro";"Simples";"Reta";"Sim";2;0;1;0;0;1;1;2;-15,889148;-52,265652;"SPRF-MT";"DEL07-MT";"UOP01-DEL07-MT"
685328;2025-04-16;"quarta-feira";"19:30:00";"PB";101;92,7;"JOAO PESSOA";"Ausência de reação do condutor";"Colisão traseira";"Com Vítimas Feridas";"Plena Noite";"Crescente";"Céu Claro";"Dupla";"Reta;Declive";"Não";4;0;2;0;2;0;2;2;-7,20584422;-34,908033;"SPRF-PB";"DEL01-PB";"UOP01-DEL01-PB"
685329;2025-04-16;"quarta-feira";"16:15:00";"PB";230;3;"CABEDELO";"Manobra de mudança de faixa";"Colisão lateral mesmo sentido";"Com Vítimas Feridas";"Pleno dia";"Crescente";"Céu Claro";"Dupla";"Reta";"Sim";2;0;0;1;1;0;1;2;-6,994932;-34,828338;"SPRF-PB";"DEL01-PB";"UOP01-DEL01-PB"
685330;2025-04-16;"quarta-feira";"18:10:00";"PB";101;91;"JOAO PESSOA";"Reação tardia ou ineficiente do condutor";"Colisão traseira";"Com Vítimas Feridas";"Anoitecer";"Crescente";"Céu Claro";"Dupla";"Reta";"Sim";2;0;1;0;1;0;1;2;-7,20072154;-34,90629137;"SPRF-PB";"DEL01-PB";"UOP01-DEL01-PB"
685334;2025-04-16;"quarta-feira";"17:34:00";"SC";101;204,1;"SAO JOSE";"Manobra de mudança de faixa";"Colisão traseira";"Com Vítimas Feridas";"Pleno dia";"Decrescente";"Céu Claro";"Múltipla";"Ponte";"Sim";2;0;1;0;1;0;1;2;-27,57324997;-48,61337358;"SPRF-SC";"DEL01-SC";"UOP01-DEL01-SC"
685335;2025-04-17;"quinta-feira";"10:25:00";"SC";101;205;"SAO JOSE";"Demais falhas mecânicas ou elétricas";"Tombamento";"Com Vítimas Feridas";"Pleno dia";"Decrescente";"Céu Claro";"Múltipla";"Reta";"Sim";2;0;1;1;0;0;2;1;-27,58505156;-48,61550862;"SPRF-SC";"DEL01-SC";"UOP01-DEL01-SC"
685336;2025-04-17;"quinta-feira";"07:30:00";"CE";116;2;"FORTALEZA";"Manobra de mudança de faixa";"Colisão lateral mesmo sentido";"Com Vítimas Feridas";"Pleno dia";"Decrescente";"Céu Claro";"Múltipla";"Reta";"Sim";2;0;1;0;1;0;1;2;-3,768487;-38,517235;"SPRF-CE";"DEL01-CE";"UOP02-DEL01-CE"
685342;2025-04-17;"quinta-feira";"09:47:00";"MT";364;435;"VARZEA GRANDE";"Acesso irregular";"Colisão transversal";"Com Vítimas Feridas";"Pleno dia";"Decrescente";"Céu Claro";"Dupla";"Reta";"Não";2;0;1;0;1;0;1;2;-15,64559036;-56,19894147;"SPRF-MT";"DEL01-MT";"UOP02-DEL01-MT"
685343;2025-04-17;"quinta-feira";"09:05:00";"MG";50;139,3;"UBERABA";"Condutor Dormindo";"Saída de leito carroçável";"Com Vítimas Feridas";"Pleno dia";"Decrescente";"Céu Claro";"Dupla";"Reta";"Não";1;0;1;0;0;0;1;1;-19,46985;-48,05541;"SPRF-MG";"DEL13-MG";"UOP01-DEL13-MG"
685345;2025-04-16;"quarta-feira";"12:15:00";"AL";101;135;"SAO MIGUEL DOS CAMPOS";"Acessar a via sem observar a presença dos outros veículos";"Colisão transversal";"Com Vítimas Feridas";"Pleno dia";"Decrescente";"Céu Claro";"Simples";"Reta";"Não";3;0;0;1;2;0;1;2;-9,79161775;-36,10656738;"SPRF-AL";"DEL02-AL";"UOP01-DEL02-AL"
685347;2025-04-17;"quinta-feira";"11:50:00";"PB";101;86;"JOAO PESSOA";"Manobra de mudança de faixa";"Saída de leito carroçável";"Sem Vítimas";"Pleno dia";"Decrescente";"Céu Claro";"Dupla";"Reta";"Sim";1;0;0;0;1;0;0;1;-7,1531595;-34,90830326;"SPRF-PB";"DEL01-PB";"UOP01-DEL01-PB"
685348;2025-04-16;"quarta-feira";"18:10:00";"AL";104;88,1;"RIO LARGO";"Ingestão de álcool pelo condutor";"Colisão traseira";"Com Vítimas Feridas";"Anoitecer";"Crescente";"Céu Claro";"Dupla";"Reta";"Sim";2;0;1;0;1;0;1;2;-9,48032291;-35,82001495;"SPRF-AL";"DEL01-AL";"UOP01-DEL01-AL"
685349;2025-04-16;"quarta-feira";"20:05:00";"AL";423;44;"CANAPI";"Manobra de mudança de faixa";"Colisão frontal";"Com Vítimas Fatais";"Plena Noite";"Decrescente";"Céu Claro";"Simples";"Reta;Aclive";"Não";3;1;0;0;2;0;0;2;-9,16536;-37,53928;"SPRF-AL";"DEL03-AL";"UOP02-DEL03-AL"
685350;2025-04-17;"quinta-feira";"01:30:00";"GO";20;209,6;"POSSE";"Ultrapassagem Indevida";"Colisão frontal";"Com Vítimas Feridas";"Plena Noite";"Decrescente";"Nublado";"Simples";"Reta;Aclive";"Não";6;0;4;0;2;0;4;2;-14,2;-46,3;"SPRF-DF";"DEL02-DF";"UOP03-DEL02-DF"
685351;2025-04-17;"quinta-feira";"05:00:00";"PE";424;33,3;"VENTUROSA";"Transitar na contramão";"Colisão frontal";"Com Vítimas Fatais";"Amanhecer";"Crescente";"Céu Claro";"Simples";"Reta;Aclive";"Não";2;1;0;0;1;0;0;2;-8,602902;-36,856978;"SPRF-PE";"DEL04-PE";"UOP02-DEL04-PE"
685353;2025-04-17;"quinta-feira";"10:58:00";"SP";116;507;"BARRA DO TURVO";"Velocidade Incompatível";"Queda de ocupante de veículo";"Com Vítimas Feridas";"Pleno dia";"Crescente";"Nublado";"Simples";"Declive;Curva";"Não";1;0;0;1;0;0;1;1;-24,9288298;-48,2715861;"SPRF-SP";"DEL05-SP";"UOP02-DEL05-SP"
685355;2025-04-17;"quinta-feira";"10:00:00";"PR";369;188;"ARAPONGAS";"Transitar no Acostamento";"Colisão traseira";"Com Vítimas Feridas";"Pleno dia";"Crescente";"Céu Claro";"Simples";"Reta;Interseção de Vias";"Sim";2;0;1;0;1;0;1;2;-23,42598029;-51,42337561;"SPRF-PR";"DEL07-PR";"UOP03-DEL07-PR"
685356;2025-04-17;"quinta-feira";"10:30:00";"SP";381;58;"MAIRIPORA";"Manobra de mudança de faixa";"Colisão lateral mesmo sentido";"Sem Vítimas";"Pleno dia";"Crescente";"Céu Claro";"Dupla";"Reta";"Não";2;0;0;0;2;0;0;2;-23,2755819;-46,58564825;"SPRF-SP";"DEL03-SP";"UOP01-DEL03-SP"
685357;2025-04-07;"segunda-feira";"14:20:00";"PR";369;160;"CAMBE";"Ausência de reação do condutor";"Saída de leito carroçável";"Com Vítimas Feridas";"Pleno dia";"Crescente";"Céu Claro";"Dupla";"Reta";"Não";1;0;1;0;0;0;1;1;-23,28228493;-51,25181783;"SPRF-PR";"DEL07-PR";"UOP01-DEL07-PR"
685358;2025-04-16;"quarta-feira";"13:00:00";"GO";153;500;"GOIANIA";"Acessar a via sem observar a presença dos outros veículos";"Colisão lateral mesmo sentido";"Com Vítimas Feridas";"Pleno dia";"Crescente";"Céu Claro";"Múltipla";"Reta";"Sim";2;0;1;0;1;0;1;2;-16,702898;-49,231184;"SPRF-GO";"DEL01-GO";"UOP01-DEL01-GO"
685359;2025-04-17;"quinta-feira";"08:30:00";"SC";101;111,5;"ITAJAI";"Reação tardia ou ineficiente do condutor";"Tombamento";"Com Vítimas Feridas";"Pleno dia";"Decrescente";"Sol";"Dupla";"Ponte;Reta";"Não";1;0;1;0;0;0;1;1;-26,8449027;-48,71964455;"SPRF-SC";"DEL04-SC";"UOP04-DEL04-SC"