"id";"data_inversa";"dia_semana";"horario";"uf";"br";"km";"municipio";"causa_acidente";"tipo_acidente";"classificacao_acidente";"fase_dia";"sentido_via";"condicao_metereologica";"tipo_pista";"tracado_via";"uso_solo";"pessoas";"mortos";"feridos_leves";"feridos_graves";"ilesos";"ignorados";"feridos";"veiculos";"latitude";"longitude";"regional";"delegacia";"uop"
685360;2025-04-17;"quinta-feira";"10:00:00";"MG";381;190,9;"PERIQUITO";"Velocidade Incompatível";"Saída de leito carroçável";"Com Vítimas Feridas";"Pleno dia";"Crescente";"Chuva";"Simples";"Curva";"Não";1;0;0;1;0;0;1;1;-19,08226686;-42,18362019;"SPRF-MG";"DEL06-MG";"UOP01-DEL06-MG"
685361;2025-04-17;"quinta-feira";"11:00:00";"AL";104;93,1;"MACEIO";"Transitar na contramão";"Colisão frontal";"Com Vítimas Feridas";"Pleno dia";"Decrescente";"Sol";"Dupla";"Reta";"Sim";2;0;0;1;1;0;1;2;-9,5363949;-35,7935707;"SPRF-AL";"DEL01-AL";"UOP01-DEL01-AL"
685362;2025-04-17;"quinta-feira";"08:45:00";"PR";153;82,7;"CONSELHEIRO MAIRINCK";"Desrespeitar a preferência no cruzamento";"Colisão transversal";"Com Vítimas Feridas";"Pleno dia";"Decrescente";"Céu Claro";"Simples";"Reta";"Não";2;0;1;0;1;0;1;2;-23,62788406;-50,14767408;"SPRF-PR";"DEL07-PR";"UOP04-DEL07-PR"
685366;2025-04-17;"quinta-feira";"08:40:00";"RJ";101;59;"CAMPOS DOS GOYTACAZES";"Mal súbito do condutor";"Colisão frontal";"Com Vítimas Feridas";"Pleno dia";"Decrescente";"Céu Claro";"Simples";"Curva";"Sim";2;0;2;0;0;0;2;2;-21,715153;-41,309223;"SPRF-RJ";"DEL08-RJ";"UOP01-DEL08-RJ"
685367;2025-04-17;"quinta-feira";"07:30:00";"SC";101;117;"ITAJAI";"Trafegar com motocicleta (ou similar) entre as faixas";"Colisão lateral mesmo sentido";"Sem Vítimas";"Pleno dia";"Crescente";"Céu Claro";"Dupla";"Reta";"Não";2;0;0;0;2;0;0;2;-26,88525364;-48,72350693;"SPRF-SC";"DEL04-SC";"UOP04-DEL04-SC"
685368;2025-04-17;"quinta-feira";"11:15:00";"SC";101;215;"PALHOCA";"Condutor deixou de manter distância do veículo da frente";"Colisão traseira";"Com Vítimas Feridas";"Pleno dia";"Decrescente";"Céu Claro";"Dupla";"Reta";"Sim";3;0;0;2;1;0;2;2;-27,6469209;-48,671339;"SPRF-SC";"DEL01-SC";"UOP02-DEL01-SC"
685369;2025-04-16;"quarta-feira";"12:15:00";"RS";116;216;"MORRO REUTER";"Acessar a via sem observar a presença dos outros veículos";"Colisão lateral mesmo sentido";"Com Vítimas Feridas";"Pleno dia";"Crescente";"Céu Claro";"Simples";"Interseção de Vias";"Sim";3;0;0;1;2;0;1;2;-29,5384821;-51,07818092;"SPRF-RS";"DEL05-RS";"UOP02-DEL05-RS"
685370;2025-04-17;"quinta-feira";"12:50:00";"PR";369;157;"LONDRINA";"Condutor deixou de manter distância do veículo da frente";"Colisão traseira";"Sem Vítimas";"Pleno dia";"Decrescente";"Nublado";"Dupla";"Reta";"Sim";3;0;0;0;3;0;0;2;-23,28574594;-51,23098152;"SPRF-PR";"DEL07-PR";"UOP01-DEL07-PR"
685371;2025-04-16;"quarta-feira";"10:00:00";"TO";10;465;"PALMAS";"Condutor deixou de manter distância do veículo da frente";"Colisão traseira";"Sem Vítimas";"Pleno dia";"Crescente";"Sol";"Dupla";"Retorno Regulamentado";"Não";2;0;0;0;2;0;0;2;-10,23411666;-48,30546665;"SPRF-TO";"DEL01-TO";"UOP03-DEL01-TO"
685372;2025-04-17;"quinta-feira";"12:08:00";"RS";116;38,8;"VACARIA";"Acessar a via sem observar a presença dos outros veículos";"Colisão transversal";"Com Vítimas Feridas";"Pleno dia";"Crescente";"Céu Claro";"Simples";"Reta";"Sim";2;0;1;0;1;0;1;2;-28,51087416;-50,93113476;"SPRF-RS";"DEL05-RS";"UOP03-DEL05-RS"
685373;2025-04-16;"quarta-feira";"19:00:00";"RN";304;219;"CAICARA DO RIO DO VENTO";"Iluminação deficiente";"Atropelamento de Pedestre";"Com Vítimas Feridas";"Plena Noite";"Crescente";"Céu Claro";"Simples";"Reta";"Não";9;0;1;1;5;2;2;2;-5,757073;-35,997462;"SPRF-RN";"DEL01-RN";"UOP03-DEL01-RN"
685374;2025-04-17;"quinta-feira";"11:45:00";"PR";376;500;"PONTA GROSSA";"Desrespeitar a preferência no cruzamento";"Colisão transversal";"Com Vítimas Feridas";"Pleno dia";"Crescente";"Céu Claro";"Simples";"Interseção de Vias";"Sim";2;0;1;0;1;0;1;2;-25,15714251;-50,12929076;"SPRF-PR";"DEL03-PR";"UOP04-DEL03-PR"
685375;2025-04-17;"quinta-feira";"06:45:00";"RN";101;53;"CEARA-MIRIM";"Ausência de reação do condutor";"Colisão traseira";"Com Vítimas Feridas";"Pleno dia";"Crescente";"Céu Claro";"Simples";"Reta";"Não";4;0;2;0;2;0;2;2;-5,55758;-35,30337;"SPRF-RN";"DEL02-RN";"UOP01-DEL02-RN"
685376;2025-04-17;"quinta-feira";"12:25:00";"RS";116;256;"ESTEIO";"Trafegar com motocicleta (ou similar) entre as faixas";"Colisão lateral mesmo sentido";"Com Vítimas Feridas";"Pleno dia";"Crescente";"Céu Claro";"Dupla";"Reta";"Sim";3;0;1;0;1;1;1;3;-29,8451983;-51,17757869;"SPRF-RS";"DEL01-RS";"UOP02-DEL01-RS"
685378;2025-04-17;"quinta-feira";"12:40:00";"SC";101;212,2;"PALHOCA";"Demais falhas mecânicas ou elétricas";"Queda de ocupante de veículo";"Com Vítimas Feridas";"Pleno dia";"Crescente";"Céu Claro";"Múltipla";"Reta";"Não";2;0;2;0;0;0;2;1;-27,62805767;-48,65713466;"SPRF-SC";"DEL01-SC";"UOP02-DEL01-SC"
685379;2025-04-17;"quinta-feira";"12:20:00";"MG";381;512;"IGARAPE";"Ultrapassagem Indevida";"Colisão lateral mesmo sentido";"Com Vítimas Feridas";"Pleno dia";"Decrescente";"Céu Claro";"Simples";"Reta";"Sim";2;0;1;0;1;0;1;2;-20,065568;-44,295031;"SPRF-MG";"DEL01-MG";"UOP03-DEL01-MG"
685380;2025-04-17;"quinta-feira";"11:50:00";"RO";364;579;"ALTO PARAISO";"Demais falhas na via";"Colisão com objeto";"Sem Vítimas";"Pleno dia";"Crescente";"Céu Claro";"Simples";"Reta";"Não";2;0;0;0;2;0;0;1;-9,6116589;-63,07213694;"SPRF-RO";"DEL01-RO";"UOP04-DEL01-RO"
685381;2025-04-17;"quinta-feira";"06:50:00";"SP";153;59,6;"SAO JOSE DO RIO PRETO";"Reação tardia ou ineficiente do condutor";"Colisão lateral mesmo sentido";"Com Vítimas Feridas";"Pleno dia";"Crescente";"Céu Claro";"Dupla";"Reta";"Sim";3;0;2;0;1;0;2;2;-20,794781;-49,354871;"SPRF-SP";"DEL09-SP";"UOP01-DEL09-SP"
685382;2025-04-10;"quinta-feira";"07:00:00";"GO";40;6,8;"VALPARAISO DE GOIAS";"Reação tardia ou ineficiente do condutor";"Colisão traseira";"Com Vítimas Feridas";"Pleno dia";"Decrescente";"Céu Claro";"Dupla";"Reta";"Sim";2;0;1;0;1;0;1;2;-16,109598;-47,971397;"SPRF-DF";"DEL01-DF";"UOP01-DEL01-DF"
685383;2025-04-17;"quinta-feira";"11:40:00";"MG";381;361;"JOAO MONLEVADE";"Acessar a via sem observar a presença dos outros veículos";"Colisão transversal";"Com Vítimas Feridas";"Pleno dia";"Decrescente";"Nublado";"Dupla";"Reta;Declive;Retorno Regulamentado";"Sim";4;0;1;1;2;0;2;2;-19,84090735;-43,1988823;"SPRF-MG";"DEL03-MG";"UOP01-DEL03-MG"
685384;2025-04-16;"quarta-feira";"18:45:00";"PR";369;187;"ARAPONGAS";"Ausência de reação do condutor";"Colisão lateral mesmo sentido";"Com Vítimas Feridas";"Plena Noite";"Crescente";"Garoa/Chuvisco";"Simples";"Reta;Interseção de Vias";"Sim";3;0;2;0;0;1;2;2;-23,42595132;-51,42331123;"SPRF-PR";"DEL07-PR";"UOP03-DEL07-PR"
685385;2025-04-17;"quinta-feira";"07:30:00";"RJ";40;17;"TRES RIOS";"Manobra de mudança de faixa";"Colisão lateral mesmo sentido";"Com Vítimas Feridas";"Pleno dia";"Crescente";"Céu Claro";"Dupla";"Curva";"Não";9;0;2;0;7;0;2;2;-22,09783273;-43,17194849;"SPRF-RJ";"DEL05-RJ";"UOP02-DEL05-RJ"
685387;2025-04-17;"quinta-feira";"10:50:00";"ES";101;122,4;"LINHARES";"Ausência de reação do condutor";"Saída de leito carroçável";"Com Vítimas Feridas";"Pleno dia";"Decrescente";"Nublado";"Simples";"Reta;Declive";"Não";4;0;3;0;1;0;3;1;-19,16405956;-40,08504326;"SPRF-ES";"DEL04-ES";"UOP01-DEL04-ES"
685390;2025-04-17;"quinta-feira";"12:30:00";"GO";60;445;"JATAI";"Acumulo de água sobre o pavimento";"Colisão frontal";"Com Vítimas Feridas";"Pleno dia";"Decrescente";"Chuva";"Dupla";"Reta";"Não";2;0;1;0;1;0;1;2;-17,845893;-51,476541;"SPRF-GO";"DEL05-GO";"UOP01-DEL05-GO"
685391;2025-04-17;"quinta-feira";"08:30:00";"CE";222;5;"CAUCAIA";"Reação tardia ou ineficiente do condutor";"Colisão lateral mesmo sentido";"Com Vítimas Feridas";"Pleno dia";"Decrescente";"Sol";"Dupla";"Reta";"Sim";2;0;1;0;1;0;1;2;-3,74340848;-38,61567551;"SPRF-CE";"DEL01-CE";"UOP01-DEL01-CE"
685393;2025-04-17;"quinta-feira";"13:30:00";"DF";70;16;"BRASILIA";"Demais falhas mecânicas ou elétricas";"Queda de ocupante de veículo";"Com Vítimas Feridas";"Pleno dia";"Decrescente";"Céu Claro";"Dupla";"Reta";"Sim";1;0;1;0;0;0;1;1;-15,79527;-48,199073;"SPRF-DF";"DEL03-DF";"UOP02-DEL03-DF"
685395;2025-04-16;"quarta-feira";"12:55:00";"PR";369;156;"LONDRINA";"Condutor desrespeitou a iluminação vermelha do semáforo";"Colisão traseira";"Sem Vítimas";"Pleno dia";"Decrescente";"Céu Claro";"Dupla";"Reta";"Sim";2;0;0;0;2;0;0;2;-23,29132;-51,2179533;"SPRF-PR";"DEL07-PR";"UOP01-DEL07-PR"
685396;2025-04-17;"quinta-feira";"13:00:00";"PR";277;594,8;"CASCAVEL";"Desrespeitar a preferência no cruzamento";"Colisão transversal";"Com Vítimas Feridas";"Pleno dia";"Decrescente";"Céu Claro";"Simples";"Rotatória";"Sim";2;0;1;0;1;0;1;2;-24,98154445;-53,5005831;"SPRF-PR";"DEL04-PR";"UOP01-DEL04-PR"
685398;2025-04-17;"quinta-feira";"07:25:00";"RJ";101;324;"NITEROI";"Avarias e/ou desgaste excessivo no pneu";"Queda de ocupante de veículo";"Com Vítimas Feridas";"Pleno dia";"Decrescente";"Céu Claro";"Múltipla";"Reta";"Sim";2;0;2;0;0;0;2;1;-22,8851712;-43,1095808;"SPRF-RJ";"DEL02-RJ";"UOP01-DEL02-RJ"
685399;2025-04-17;"quinta-feira";"13:40:00";"SC";101;200;"SAO JOSE";"Ausência de reação do condutor";"Colisão com objeto";"Com Vítimas Feridas";"Pleno dia";"Decrescente";"Céu Claro";"Dupla";"Reta";"Sim";1;0;1;0;0;0;1;1;-27,542921;-48,62104654;"SPRF-SC";"DEL01-SC";"UOP01-DEL01-SC"
685400;2025-04-16;"quarta-feira";"17:00:00";"MA";135;12;"SAO LUIS";"Reação tardia ou ineficiente do condutor";"Colisão traseira";"Sem Vítimas";"Anoitecer";"Decrescente";"Garoa/Chuvisco";"Dupla";"Reta";"Sim";2;0;0;0;2;0;0;2;-2,6732701;-44,29224795;"SPRF-MA";"DEL01-MA";"UOP01-DEL01-MA"
685401;2025-04-17;"quinta-feira";"12:00:00";"MA";10;255;"IMPERATRIZ";"Desrespeitar a preferência no cruzamento";"Colisão transversal";"Com Vítimas Feridas";"Pleno dia";"Crescente";"Sol";"Dupla";"Reta";"Sim";2;0;1;0;1;0;1;2;-5,50548297;-47,47174971;"SPRF-MA";"DEL04-MA";"UOP01-DEL04-MA"
685402;2025-04-17;"quinta-feira";"13:20:00";"SC";280;28,4;"ARAQUARI";"Transitar no Acostamento";"Colisão transversal";"Com Vítimas Feridas";"Pleno dia";"Crescente";"Nublado";"Simples";"Reta";"Não";2;0;0;1;1;0;1;2;-26,4069833;-48,7484554;"SPRF-SC";"DEL03-SC";"UOP03-DEL03-SC"
685403;2025-04-17;"quinta-feira";"07:30:00";"PR";277;530,8;"GUARANIACU";"Acessar a via sem observar a presença dos outros veículos";"Colisão transversal";"Com Vítimas Feridas";"Pleno dia";"Decrescente";"Céu Claro";"Simples";"Reta;Interseção de Vias";"Não";2;0;1;0;1;0;1;2;-25,09679;-52,96687;"SPRF-PR";"DEL04-PR";"UOP04-DEL04-PR"
685405;2025-04-15;"terça-feira";"17:00:00";"PB";230;20;"JOAO PESSOA";"Condutor deixou de manter distância do veículo da frente";"Colisão traseira";"Com Vítimas Feridas";"Pleno dia";"Crescente";"Céu Claro";"Dupla";"Reta";"Sim";2;0;1;0;1;0;1;2;-7,13796355;-34,8534381;"SPRF-PB";"DEL01-PB";"UOP01-DEL01-PB"
685408;2025-04-17;"quinta-feira";"14:10:00";"BA";324;613;"SALVADOR";"Avarias e/ou desgaste excessivo no pneu";"Queda de ocupante de veículo";"Com Vítimas Feridas";"Pleno dia";"Crescente";"Céu Claro";"Dupla";"Reta";"Não";1;0;1;0;0;0;1;1;-12,8664067;-38,424625;"SPRF-BA";"DEL01-BA";"UOP01-DEL01-BA"
685410;2025-04-16;"quarta-feira";"09:30:00";"MG";262;369;"JUATUBA";"Acumulo de água sobre o pavimento";"Colisão com objeto";"Com Vítimas Feridas";"Pleno dia";"Decrescente";"Chuva";"Dupla";"Curva";"Sim";5;0;5;0;0;0;5;1;-19,95929678;-44,34144795;"SPRF-MG";"DEL01-MG";"UOP03-DEL01-MG"
685411;2025-04-16;"quarta-feira";"11:20:00";"MT";163;790;"VERA";"Avarias e/ou desgaste excessivo no pneu";"Saída de leito carroçável";"Com Vítimas Feridas";"Pleno dia";"Crescente";"Chuva";"Simples";"Reta;Declive";"Não";2;0;2;0;0;0;2;1;-12,26685548;-55,55562973;"SPRF-MT";"DEL06-MT";"UOP02-DEL06-MT"
685412;2025-04-16;"quarta-feira";"18:45:00";"MT";163;768;"SORRISO";"Condutor deixou de manter distância do veículo da frente";"Colisão traseira";"Com Vítimas Feridas";"Plena Noite";"Decrescente";"Nublado";"Simples";"Reta";"Sim";4;0;1;0;3;0;1;3;-12,42714595;-55,64301287;"SPRF-MT";"DEL06-MT";"UOP01-DEL06-MT"
685414;2025-04-17;"quinta-feira";"10:30:00";"SC";282;49,6;"AGUAS MORNAS";"Ultrapassagem Indevida";"Colisão lateral sentido oposto";"Com Vítimas Feridas";"Pleno dia";"Decrescente";"Céu Claro";"Simples";"Declive;Curva";"Não";8;0;2;0;6;0;2;4;-27,68499593;-48,97272974;"SPRF-SC";"DEL01-SC";"UOP03-DEL01-SC"
685416;2025-04-17;"quinta-feira";"08:00:00";"SP";381;74;"SAO PAULO";"Reação tardia ou ineficiente do condutor";"Colisão traseira";"Com Vítimas Feridas";"Pleno dia";"Decrescente";"Céu Claro";"Dupla";"Curva";"Não";2;0;1;0;1;0;1;2;-23,37565064;-46,56077348;"SPRF-SP";"DEL03-SP";"UOP01-DEL03-SP"
685417;2025-01-09;"quinta-feira";"00:30:00";"RJ";101;272,9;"TANGUA";"Objeto estático sobre o leito carroçável";"Colisão com objeto";"Com Vítimas Feridas";"Plena Noite";"Crescente";"Garoa/Chuvisco";"Dupla";"Reta;Em Obras";"Não";1;0;0;1;0;0;1;1;-22,72935968;-42,70112512;"SPRF-RJ";"DEL02-RJ";"UOP03-DEL02-RJ"
685419;2025-04-16;"quarta-feira";"18:20:00";"SC";101;445;"SANTA ROSA DO SUL";"Objeto estático sobre o leito carroçável";"Colisão com objeto";"Com Vítimas Feridas";"Plena Noite";"Crescente";"Nublado";"Múltipla";"Reta";"Sim";1;0;1;0;0;0;1;1;-29,14199454;-49,72028017;"SPRF-SC";"DEL02-SC";"UOP02-DEL02-SC"
685420;2025-04-17;"quinta-feira";"15:13:00";"PE";232;4,6;"RECIFE";"Condutor deixou de manter distância do veículo da frente";"Colisão traseira";"Sem Vítimas";"Pleno dia";"Decrescente";"Céu Claro";"Simples";"Curva";"Sim";2;0;0;0;0;2;0;2;-8,067768;-34,940687;"SPRF-PE";"DEL01-PE";"UOP01-DEL01-PE"
685421;2025-04-17;"quinta-feira";"13:43:00";"MT";163;733;"SORRISO";"Demais falhas mecânicas ou elétricas";"Tombamento";"Com Vítimas Feridas";"Pleno dia";"Crescente";"Céu Claro";"Simples";"Reta";"Não";1;0;1;0;0;0;1;1;-12,699251;-55,81244465;"SPRF-MT";"DEL06-MT";"UOP01-DEL06-MT"
685422;2025-04-16;"quarta-feira";"11:20:00";"SC";101;321,9;"PESCARIA BRAVA";"Reação tardia ou ineficiente do condutor";"Colisão traseira";"Sem Vítimas";"Pleno dia";"Decrescente";"Céu Claro";"Múltipla";"Reta;Em Obras;Declive";"Não";4;0;0;0;4;0;0;2;-28,428638;-48,9147866;"SPRF-SC";"DEL02-SC";"UOP01-DEL02-SC"
685424;2025-04-16;"quarta-feira";"12:30:00";"PA";230;121;"MARABA";"Ausência de reação do condutor";"Colisão traseira";"Com Vítimas Feridas";"Pleno dia";"Crescente";"Céu Claro";"Dupla";"Reta";"Sim";3;0;1;0;2;0;1;3;-5,36931588;-49,13000107;"SPRF-PA";"DEL03-PA";"UOP01-DEL03-PA"
685425;2025-04-17;"quinta-feira";"15:20:00";"PE";101;88,5;"JABOATAO DOS GUARARAPES";"Condutor deixou de manter distância do veículo da frente";"Colisão traseira";"Com Vítimas Feridas";"Pleno dia";"Crescente";"Céu Claro";"Dupla";"Reta";"Sim";4;0;1;0;3;0;1;4;-8,20175;-34,97925;"SPRF-PE";"DEL01-PE";"UOP01-DEL01-PE"
685427;2025-02-11;"terça-feira";"16:00:00";"SC";101;334;"TUBARAO";"Ausência de sinalização";"Colisão traseira";"Com Vítimas Feridas";"Pleno dia";"Decrescente";"Céu Claro";"Múltipla";"Reta";"Sim";2;0;1;0;1;0;1;2;-28,46730446;-49,00604302;"SPRF-SC";"DEL02-SC";"UOP01-DEL02-SC"
685429;2025-04-17;"quinta-feira";"13:51:00";"MS";463;0,7;"DOURADOS";"Acessar a via sem observar a presença dos outros veículos";"Colisão transversal";"Com Vítimas Feridas";"Pleno dia";"Crescente";"Nublado";"Simples";"Reta;Interseção de Vias";"Sim";2;0;1;0;1;0;1;2;-22,25903;-54,81133;"SPRF-MS";"DEL04-MS";"UOP01-DEL04-MS"
685430;2025-04-17;"quinta-feira";"14:30:00";"PB";101;83;"BAYEUX";"Ausência de reação do condutor";"Engavetamento";"Com Vítimas Feridas";"Pleno dia";"Crescente";"Sol";"Dupla";"Reta";"Sim";6;0;2;0;4;0;2;4;-7,14432606;-34,9178648;"SPRF-PB";"DEL01-PB";"UOP01-DEL01-PB"
685431;2025-04-17;"quinta-feira";"15:15:00";"BA";418;87;"NOVA VICOSA";"Desrespeitar a preferência no cruzamento";"Colisão transversal";"Com Vítimas Feridas";"Pleno dia";"Decrescente";"Chuva";"Simples";"Interseção de Vias";"Sim";2;0;1;0;1;0;1;2;-17,884471;-39,845248;"SPRF-BA";"DEL09-BA";"UOP02-DEL09-BA"
685433;2025-04-17;"quinta-feira";"15:30:00";"SP";116;218;"GUARULHOS";"Manobra de mudança de faixa";"Colisão traseira";"Com Vítimas Feridas";"Pleno dia";"Crescente";"Céu Claro";"Múltipla";"Reta";"Sim";2;0;0;1;1;0;1;2;-23,45756215;-46,47965133;"SPRF-SP";"DEL01-SP";"UOP01-DEL01-SP"
685435;2025-04-17;"quinta-feira";"13:30:00";"MT";70;307;"POXOREO";"Ultrapassagem Indevida";"Saída de leito carroçável";"Com Vítimas Feridas";"Pleno dia";"Crescente";"Sol";"Simples";"Reta";"Não";5;0;1;0;3;1;1;2;-15,57241;-54,539517;"SPRF-MT";"DEL05-MT";"UOP01-DEL05-MT"
685437;2025-04-17;"quinta-feira";"14:30:00";"PR";277;45,6;"MORRETES";"Objeto estático sobre o leito carroçável";"Colisão com objeto";"Com Vítimas Fatais";"Pleno dia";"Decrescente";"Nublado";"Dupla";"Declive;Curva";"Não";12;1;2;1;3;5;3;3;-25,59712929;-48,9037388;"SPRF-PR";"DEL01-PR";"UOP05-DEL01-PR"
685438;2025-04-17;"quinta-feira";"15:20:00";"SC";282;2,1;"FLORIANOPOLIS";"Condutor deixou de manter distância do veículo da frente";"Colisão traseira";"Com Vítimas Feridas";"Pleno dia";"Decrescente";"Céu Claro";"Múltipla";"Reta";"Sim";2;0;1;0;1;0;1;2;-27,60305922;-48,59188557;"SPRF-SC";"DEL01-SC";"UOP01-DEL01-SC"
685439;2025-04-17;"quinta-feira";"15:35:00";"DF";40;1;"BRASILIA";"Condutor deixou de manter distância do veículo da frente";"Colisão traseira";"Com Vítimas Feridas";"Pleno dia";"Crescente";"Nublado";"Dupla";"Reta";"Sim";3;0;1;0;2;0;1;2;-15,98232975;-47,98845291;"SPRF-DF";"DEL01-DF";"UOP01-DEL01-DF"
685441;2025-04-16;"quarta-feira";"11:40:00";"MS";163;495,6;"CAMPO GRANDE";"Ausência de reação do condutor";"Saída de leito carroçável";"Com Vítimas Feridas";"Pleno dia";"Decrescente";"Nublado";"Simples";"Rotatória";"Não";2;0;2;0;0;0;2;1;-20,36395119;-54,52857021;"SPRF-MS";"DEL01-MS";"UOP02-DEL01-MS"
685442;2025-04-17;"quinta-feira";"14:50:00";"RJ";101;303;"SAO GONCALO";"Trafegar com motocicleta (ou similar) entre as faixas";"Colisão traseira";"Com Vítimas Feridas";"Pleno dia";"Decrescente";"Céu Claro";"Dupla";"Reta";"Sim";5;0;1;0;4;0;1;4;-22,78299985;-42,97767774;"SPRF-RJ";"DEL02-RJ";"UOP02-DEL02-RJ"
685443;2025-04-17;"quinta-feira";"16:00:00";"SP";116;230;"SAO PAULO";"Reação tardia ou ineficiente do condutor";"Colisão traseira";"Com Vítimas Feridas";"Pleno dia";"Crescente";"Céu Claro";"Múltipla";"Reta";"Sim";3;0;2;0;1;0;2;2;-23,5174404;-46,5817252;"SPRF-SP";"DEL01-SP";"UOP01-DEL01-SP"
685446;2025-04-17;"quinta-feira";"15:30:00";"MG";381;847;"POUSO ALEGRE";"Ausência de reação do condutor";"Saída de leito carroçável";"Com Vítimas Feridas";"Pleno dia";"Decrescente";"Céu Claro";"Dupla";"Reta";"Não";5;0;0;1;4;0;1;2;-22,22177833;-45,87316932;"SPRF-MG";"DEL16-MG";"UOP01-DEL16-MG"
685447;2025-04-17;"quinta-feira";"14:50:00";"SC";101;109,7;"PENHA";"Reação tardia ou ineficiente do condutor";"Colisão traseira";"Sem Vítimas";"Pleno dia";"Decrescente";"Céu Claro";"Dupla";"Reta";"Não";2;0;0;0;2;0;0;2;-26,82790047;-48,69166374;"SPRF-SC";"DEL03-SC";"UOP02-DEL03-SC"
685448;2025-04-17;"quinta-feira";"15:40:00";"BA";116;470;"SANTO ESTEVAO";"Condutor Dormindo";"Colisão traseira";"Sem Vítimas";"Pleno dia";"Decrescente";"Céu Claro";"Dupla";"Reta";"Não";3;0;0;0;3;0;0;2;-12,48591;-39,32164;"SPRF-BA";"DEL02-BA";"UOP01-DEL02-BA"
685449;2025-04-17;"quinta-feira";"15:15:00";"RN";226;1;"NATAL";"Acessar a via sem observar a presença dos outros veículos";"Colisão transversal";"Com Vítimas Feridas";"Pleno dia";"Crescente";"Céu Claro";"Simples";"Reta";"Sim";2;0;0;1;1;0;1;2;-5,802417;-35,237618;"SPRF-RN";"DEL01-RN";"UOP02-DEL01-RN"
685451;2025-04-17;"quinta-feira";"16:11:00";"TO";153;139;"ARAGUAINA";"Acessar a via sem observar a presença dos outros veículos";"Colisão transversal";"Com Vítimas Feridas";"Pleno dia";"Decrescente";"Céu Claro";"Múltipla";"Reta";"Sim";2;0;1;0;1;0;1;2;-7,16220292;-48,20555672;"SPRF-TO";"DEL02-TO";"UOP01-DEL02-TO"
685452;2025-04-17;"quinta-feira";"16:30:00";"RS";386;416;"MONTENEGRO";"Acessar a via sem observar a presença dos outros veículos";"Atropelamento de Pedestre";"Com Vítimas Feridas";"Pleno dia";"Decrescente";"Céu Claro";"Dupla";"Reta";"Não";2;0;2;0;0;0;2;2;-29,8090496;-51,3769472;"SPRF-RS";"DEL04-RS";"UOP02-DEL04-RS"
685453;2025-04-17;"quinta-feira";"15:50:00";"BA";101;207,7;"GOVERNADOR MANGABEIRA";"Acessar a via sem observar a presença dos outros veículos";"Colisão transversal";"Com Vítimas Feridas";"Pleno dia";"Decrescente";"Céu Claro";"Simples";"Curva";"Sim";5;0;2;0;3;0;2;2;-12,601312;-39,050147;"SPRF-BA";"DEL01-BA";"UOP02-DEL01-BA"
685454;2025-04-17;"quinta-feira";"15:30:00";"PI";343;18;"PARNAIBA";"Acessar a via sem observar a presença dos outros veículos";"Colisão transversal";"Com Vítimas Feridas";"Pleno dia";"Crescente";"Céu Claro";"Simples";"Reta";"Sim";3;0;2;0;0;1;2;2;-2,96773799;-41,76017046;"SPRF-PI";"DEL05-PI";"UOP01-DEL05-PI"
685456;2025-04-17;"quinta-feira";"16:52:00";"SE";235;2;"NOSSA SENHORA DO SOCORRO";"Pedestre andava na pista";"Atropelamento de Pedestre";"Com Vítimas Feridas";"Pleno dia";"Crescente";"Céu Claro";"Simples";"Declive";"Sim";3;0;1;0;1;1;1;2;-10,9050534;-37,1230298;"SPRF-SE";"DEL01-SE";"UOP01-DEL01-SE"
685457;2025-04-17;"quinta-feira";"16:40:00";"PE";101;61;"PAULISTA";"Transitar no Acostamento";"Colisão lateral mesmo sentido";"Com Vítimas Feridas";"Anoitecer";"Decrescente";"Céu Claro";"Dupla";"Reta";"Sim";2;0;1;0;1;0;1;2;-7,92774567;-34,88780263;"SPRF-PE";"DEL01-PE";"UOP02-DEL01-PE"
685459;2025-04-16;"quarta-feira";"16:30:00";"RJ";101;387;"RIO DE JANEIRO";"Ausência de reação do condutor";"Colisão traseira";"Com Vítimas Feridas";"Pleno dia";"Crescente";"Céu Claro";"Dupla";"Reta";"Não";2;0;1;0;1;0;1;2;-22,9600664;-43,5874581;"SPRF-RJ";"DEL03-RJ";"UOP01-DEL03-RJ"
685460;2025-04-17;"quinta-feira";"14:10:00";"MT";163;576;"NOVA MUTUM";"Velocidade Incompatível";"Colisão traseira";"Com Vítimas Feridas";"Pleno dia";"Decrescente";"Céu Claro";"Dupla";"Reta";"Não";10;0;5;0;5;0;5;2;-14,01801802;-56,10320841;"SPRF-MT";"DEL01-MT";"UOP01-DEL01-MT"
685461;2025-03-05;"quarta-feira";"19:00:00";"PA";230;115;"MARABA";"Acessar a via sem observar a presença dos outros veículos";"Colisão lateral mesmo sentido";"Com Vítimas Feridas";"Plena Noite";"Crescente";"Nublado";"Dupla";"Reta";"Sim";7;0;2;3;0;2;5;4;-5,5448241;-49,0752932;"SPRF-PA";"DEL03-PA";"UOP01-DEL03-PA"
685464;2025-04-17;"quinta-feira";"15:40:00";"MG";365;428;"PATOS DE MINAS";"Mal súbito do condutor";"Colisão transversal";"Com Vítimas Feridas";"Pleno dia";"Decrescente";"Chuva";"Simples";"Reta;Declive";"Não";4;0;1;2;1;0;3;3;-18,7518;-46,6451;"SPRF-MG";"DEL10-MG";"UOP01-DEL10-MG"