"id";"data_inversa";"dia_semana";"horario";"uf";"br";"km";"municipio";"causa_acidente";"tipo_acidente";"classificacao_acidente";"fase_dia";"sentido_via";"condicao_metereologica";"tipo_pista";"tracado_via";"uso_solo";"pessoas";"mortos";"feridos_leves";"feridos_graves";"ilesos";"ignorados";"feridos";"veiculos";"latitude";"longitude";"regional";"delegacia";"uop"
685465;2025-04-17;"quinta-feira";"07:50:00";"SC";101;134,8;"BALNEARIO CAMBORIU";"Manobra de mudança de faixa";"Colisão lateral mesmo sentido";"Com Vítimas Feridas";"Pleno dia";"Decrescente";"Céu Claro";"Múltipla";"Reta";"Sim";2;0;0;1;1;0;1;2;-27,00427998;-48,62806535;"SPRF-SC";"DEL04-SC";"UOP03-DEL04-SC"
685466;2025-04-17;"quinta-feira";"14:45:00";"MS";267;481,2;"JARDIM";"Acessar a via sem observar a presença dos outros veículos";"Colisão transversal";"Com Vítimas Feridas";"Pleno dia";"Crescente";"Céu Claro";"Simples";"Reta";"Sim";2;0;1;0;1;0;1;2;-21,48186;-56,14179;"SPRF-MS";"DEL05-MS";"UOP01-DEL05-MS"
685467;2025-04-17;"quinta-feira";"17:20:00";"PR";277;723;"FOZ DO IGUACU";"Entrada inopinada do pedestre";"Engavetamento";"Com Vítimas Feridas";"Pleno dia";"Decrescente";"Céu Claro";"Dupla";"Reta";"Sim";4;0;1;0;2;1;1;4;-25,49912853;-54,53035885;"SPRF-PR";"DEL05-PR";"UOP03-DEL05-PR"
685470;2025-04-06;"domingo";"14:30:00";"SC";101;153;"PORTO BELO";"Desrespeitar a preferência no cruzamento";"Colisão traseira";"Com Vítimas Feridas";"Pleno dia";"Decrescente";"Céu Claro";"Dupla";"Reta;Retorno Regulamentado";"Não";3;0;1;0;2;0;1;2;-27,14411;-48,610279;"SPRF-SC";"DEL04-SC";"UOP03-DEL04-SC"
685471;2025-04-17;"quinta-feira";"17:30:00";"PB";230;27;"JOAO PESSOA";"Condutor deixou de manter distância do veículo da frente";"Colisão traseira";"Com Vítimas Feridas";"Plena Noite";"Crescente";"Céu Claro";"Dupla";"Reta";"Não";2;0;0;1;1;0;1;2;-7,16498483;-34,89175782;"SPRF-PB";"DEL01-PB";"UOP01-DEL01-PB"
685473;2025-04-17;"quinta-feira";"18:00:00";"DF";70;7;"BRASILIA";"Acessar a via sem observar a presença dos outros veículos";"Colisão lateral mesmo sentido";"Com Vítimas Feridas";"Anoitecer";"Crescente";"Nublado";"Dupla";"Reta;Retorno Regulamentado";"Sim";5;0;0;1;4;0;1;2;-15,78710092;-48,11601508;"SPRF-DF";"DEL03-DF";"UOP02-DEL03-DF"
685474;2025-04-17;"quinta-feira";"17:06:00";"RO";364;709;"PORTO VELHO";"Ausência de reação do condutor";"Tombamento";"Com Vítimas Feridas";"Pleno dia";"Crescente";"Sol";"Simples";"Reta";"Sim";1;0;1;0;0;0;1;1;-8,78993413;-63,85046841;"SPRF-RO";"DEL01-RO";"UOP01-DEL01-RO"
685475;2025-04-17;"quinta-feira";"17:45:00";"SP";381;49;"ATIBAIA";"Ausência de reação do condutor";"Colisão lateral mesmo sentido";"Com Vítimas Feridas";"Pleno dia";"Decrescente";"Garoa/Chuvisco";"Dupla";"Reta;Aclive";"Sim";2;0;1;0;1;0;1;2;-23,1931904;-46,5829888;"SPRF-SP";"DEL03-SP";"UOP01-DEL03-SP"
685476;2025-04-17;"quinta-feira";"17:45:00";"RN";101;83;"NATAL";"Reação tardia ou ineficiente do condutor";"Colisão traseira";"Com Vítimas Feridas";"Anoitecer";"Decrescente";"Céu Claro";"Dupla";"Reta";"Sim";3;0;1;0;1;1;1;2;-5,8053;-35,208;"SPRF-RN";"DEL02-RN";"UOP01-DEL02-RN"
685477;2025-04-16;"quarta-feira";"22:15:00";"SC";101;228,9;"PALHOCA";"Carga excessiva e/ou mal acondicionada";"Colisão com objeto";"Com Vítimas Feridas";"Plena Noite";"Decrescente";"Céu Claro";"Dupla";"Curva";"Não";2;0;0;1;0;1;1;2;-27,7668;-48,63096;"SPRF-SC";"DEL01-SC";"UOP02-DEL01-SC"
685478;2025-04-17;"quinta-feira";"16:30:00";"MG";262;481;"BOM DESPACHO";"Ausência de reação do condutor";"Tombamento";"Com Vítimas Feridas";"Pleno dia";"Crescente";"Céu Claro";"Simples";"Reta;Aclive";"Não";1;0;1;0;0;0;1;1;-19,78446596;-45,35213471;"SPRF-MG";"DEL08-MG";"UOP03-DEL08-MG"
685479;2025-04-17;"quinta-feira";"17:25:00";"GO";153;500,7;"GOIANIA";"Acessar a via sem observar a presença dos outros veículos";"Colisão lateral mesmo sentido";"Com Vítimas Feridas";"Pleno dia";"Crescente";"Céu Claro";"Dupla";"Viaduto";"Sim";4;0;1;0;2;1;1;3;-16,70981155;-49,23122764;"SPRF-GO";"DEL01-GO";"UOP01-DEL01-GO"
685480;2025-04-17;"quinta-feira";"14:30:00";"SC";116;62,3;"PAPANDUVA";"Reação tardia ou ineficiente do condutor";"Colisão com objeto";"Com Vítimas Feridas";"Pleno dia";"Decrescente";"Céu Claro";"Simples";"Reta";"Não";1;0;1;0;0;0;1;1;-26,399407;-50,225809;"SPRF-SC";"DEL06-SC";"UOP02-DEL06-SC"
685482;2025-04-16;"quarta-feira";"19:20:00";"SP";116;202;"ARUJA";"Ausência de reação do condutor";"Colisão traseira";"Com Vítimas Feridas";"Plena Noite";"Decrescente";"Nublado";"Múltipla";"Reta";"Não";3;0;1;0;2;0;1;3;-23,40935484;-46,34182529;"SPRF-SP";"DEL01-SP";"UOP01-DEL01-SP"
685484;2025-04-17;"quinta-feira";"18:10:00";"DF";60;3,1;"BRASILIA";"Ausência de reação do condutor";"Colisão traseira";"Com Vítimas Feridas";"Pleno dia";"Crescente";"Céu Claro";"Dupla";"Reta";"Sim";4;0;1;0;3;0;1;2;-15,889785;-48,085508;"SPRF-DF";"DEL03-DF";"UOP01-DEL03-DF"
685486;2025-04-16;"quarta-feira";"10:30:00";"PI";343;347,6;"TERESINA";"Reação tardia ou ineficiente do condutor";"Colisão lateral mesmo sentido";"Com Vítimas Feridas";"Pleno dia";"Decrescente";"Céu Claro";"Dupla";"Reta";"Sim";2;0;1;0;1;0;1;2;-5,117633;-42,784065;"SPRF-PI";"DEL01-PI";"UOP01-DEL01-PI"
685487;2025-04-17;"quinta-feira";"14:30:00";"MT";70;211;"GENERAL CARNEIRO";"Acumulo de areia ou detritos sobre o pavimento";"Eventos atípicos";"Sem Vítimas";"Pleno dia";"Decrescente";"Chuva";"Simples";"Reta";"Não";4;0;0;0;4;0;0;1;-15,742358;-53,791904;"SPRF-MT";"DEL05-MT";"UOP01-DEL05-MT"
685489;2025-04-17;"quinta-feira";"18:23:00";"PB";101;89,9;"JOAO PESSOA";"Reação tardia ou ineficiente do condutor";"Colisão lateral mesmo sentido";"Com Vítimas Feridas";"Plena Noite";"Crescente";"Céu Claro";"Dupla";"Retorno Regulamentado";"Sim";2;0;1;1;0;0;2;1;-7,1811743;-34,9191121;"SPRF-PB";"DEL01-PB";"UOP01-DEL01-PB"
685490;2025-04-17;"quinta-feira";"17:15:00";"SC";101;207;"SAO JOSE";"Manobra de mudança de faixa";"Colisão traseira";"Com Vítimas Feridas";"Plena Noite";"Crescente";"Nublado";"Múltipla";"Reta;Aclive";"Sim";3;0;2;0;1;0;2;3;-27,60212739;-48,62869344;"SPRF-SC";"DEL01-SC";"UOP01-DEL01-SC"
685491;2025-04-17;"quinta-feira";"07:55:00";"SC";470;195;"PONTE ALTA";"Velocidade Incompatível";"Saída de leito carroçável";"Com Vítimas Feridas";"Pleno dia";"Decrescente";"Nublado";"Simples";"Curva";"Não";1;0;1;0;0;0;1;1;-27,30265981;-50,08256078;"SPRF-SC";"DEL04-SC";"UOP02-DEL04-SC"
685493;2025-04-17;"quinta-feira";"18:53:00";"TO";10;457;"PALMAS";"Reação tardia ou ineficiente do condutor";"Engavetamento";"Sem Vítimas";"Plena Noite";"Decrescente";"Chuva";"Dupla";"Curva;Declive";"Sim";3;0;0;0;3;0;0;3;-10,28254095;-48,2977956;"SPRF-TO";"DEL01-TO";"UOP03-DEL01-TO"
685495;2025-04-16;"quarta-feira";"17:55:00";"RJ";101;324;"NITEROI";"Ausência de reação do condutor";"Colisão traseira";"Com Vítimas Feridas";"Anoitecer";"Crescente";"Nublado";"Dupla";"Reta";"Não";8;0;1;0;7;0;1;4;-22,873518;-43,129008;"SPRF-RJ";"DEL02-RJ";"UOP01-DEL02-RJ"
685498;2025-04-17;"quinta-feira";"17:35:00";"BA";101;509;"ITABUNA";"Ultrapassagem Indevida";"Colisão frontal";"Com Vítimas Fatais";"Plena Noite";"Crescente";"Céu Claro";"Simples";"Reta";"Não";4;1;2;0;1;0;2;2;-14,825611;-39,291727;"SPRF-BA";"DEL05-BA";"UOP01-DEL05-BA"
685499;2025-04-06;"domingo";"16:40:00";"MA";135;83,6;"ITAPECURU MIRIM";"Transitar na contramão";"Colisão traseira";"Com Vítimas Feridas";"Pleno dia";"Crescente";"Nublado";"Simples";"Reta";"Não";3;0;1;1;1;0;2;2;-3,30779235;-44,42184448;"SPRF-MA";"DEL01-MA";"UOP02-DEL01-MA"
685500;2025-04-16;"quarta-feira";"16:20:00";"MG";40;606,6;"CONGONHAS";"Acessar a via sem observar a presença dos outros veículos";"Colisão transversal";"Com Vítimas Feridas";"Pleno dia";"Decrescente";"Garoa/Chuvisco";"Simples";"Declive;Reta";"Não";3;0;1;0;2;0;1;3;-20,47445759;-43,84331696;"SPRF-MG";"DEL05-MG";"UOP02-DEL05-MG"
685501;2025-04-17;"quinta-feira";"19:15:00";"RN";101;78;"SAO GONCALO DO AMARANTE";"Manobra de mudança de faixa";"Colisão lateral mesmo sentido";"Com Vítimas Feridas";"Plena Noite";"Crescente";"Céu Claro";"Múltipla";"Reta;Retorno Regulamentado";"Não";3;0;1;0;2;0;1;2;-5,74516719;-35,28990984;"SPRF-RN";"DEL02-RN";"UOP01-DEL02-RN"
685503;2025-04-17;"quinta-feira";"18:07:00";"CE";20;204;"BOA VIAGEM";"Área urbana sem a presença de local apropriado para a travessia de pedestres";"Atropelamento de Pedestre";"Com Vítimas Feridas";"Plena Noite";"Crescente";"Céu Claro";"Simples";"Interseção de Vias";"Sim";3;0;0;1;2;0;1;2;-5,1189861;-39,7290975;"SPRF-CE";"DEL02-CE";"UOP02-DEL02-CE"
685505;2025-04-17;"quinta-feira";"18:40:00";"MG";365;625,5;"UBERLANDIA";"Condutor deixou de manter distância do veículo da frente";"Colisão traseira";"Com Vítimas Feridas";"Plena Noite";"Crescente";"Céu Claro";"Dupla";"Reta";"Sim";2;0;1;0;1;0;1;2;-18,91012776;-48,30609972;"SPRF-MG";"DEL15-MG";"UOP01-DEL15-MG"
685506;2025-04-17;"quinta-feira";"18:30:00";"RJ";116;147;"DUQUE DE CAXIAS";"Reação tardia ou ineficiente do condutor";"Colisão traseira";"Com Vítimas Feridas";"Plena Noite";"Decrescente";"Céu Claro";"Dupla";"Reta";"Sim";3;0;1;0;2;0;1;2;-22,6716845;-43,2837254;"SPRF-RJ";"DEL01-RJ";"UOP02-DEL01-RJ"
685507;2025-04-16;"quarta-feira";"23:10:00";"MG";40;617,8;"CONGONHAS";"Ingestão de álcool pelo condutor";"Tombamento";"Com Vítimas Feridas";"Plena Noite";"Crescente";"Nublado";"Simples";"Reta";"Sim";2;0;0;2;0;0;2;1;-20,5640906;-43,81171703;"SPRF-MG";"DEL05-MG";"UOP02-DEL05-MG"
685508;2025-04-17;"quinta-feira";"18:50:00";"BA";415;49;"ITABUNA";"Animais na Pista";"Queda de ocupante de veículo";"Com Vítimas Feridas";"Plena Noite";"Crescente";"Céu Claro";"Simples";"Curva;Declive";"Sim";1;0;1;0;0;0;1;1;-14,82186848;-39,30936098;"SPRF-BA";"DEL05-BA";"UOP01-DEL05-BA"
685509;2025-04-17;"quinta-feira";"16:40:00";"MS";163;227;"CAARAPO";"Reação tardia ou ineficiente do condutor";"Saída de leito carroçável";"Com Vítimas Feridas";"Anoitecer";"Crescente";"Chuva";"Simples";"Curva";"Não";1;0;1;0;0;0;1;1;-22,481434;-54,865935;"SPRF-MS";"DEL04-MS";"UOP02-DEL04-MS"
685511;2025-04-17;"quinta-feira";"18:47:00";"ES";101;233;"SERRA";"Velocidade Incompatível";"Colisão traseira";"Com Vítimas Feridas";"Plena Noite";"Decrescente";"Garoa/Chuvisco";"Dupla";"Reta";"Não";4;0;1;0;3;0;1;2;-20,0409088;-40,38656;"SPRF-ES";"DEL02-ES";"UOP01-DEL02-ES"
685512;2025-04-17;"quinta-feira";"18:30:00";"SC";280;119,3;"SAO BENTO DO SUL";"Acessar a via sem observar a presença dos outros veículos";"Colisão lateral mesmo sentido";"Com Vítimas Feridas";"Plena Noite";"Decrescente";"Céu Claro";"Simples";"Reta";"Não";4;0;1;1;2;0;2;2;-26,264013;-49,43715;"SPRF-SC";"DEL06-SC";"UOP03-DEL06-SC"
685513;2025-04-17;"quinta-feira";"18:02:00";"SP";153;347;"OURINHOS";"Ingestão de álcool pelo condutor";"Colisão traseira";"Sem Vítimas";"Anoitecer";"Crescente";"Céu Claro";"Dupla";"Reta;Ponte";"Não";3;0;0;0;3;0;0;2;-22,99719689;-49,90528638;"SPRF-SP";"DEL07-SP";"UOP03-DEL07-SP"
685514;2025-04-17;"quinta-feira";"18:20:00";"PB";230;346,1;"PATOS";"Animais na Pista";"Atropelamento de Animal";"Com Vítimas Feridas";"Plena Noite";"Crescente";"Céu Claro";"Simples";"Reta";"Não";2;0;1;0;1;0;1;1;-6,957552;-37,370952;"SPRF-PB";"DEL03-PB";"UOP01-DEL03-PB"
685515;2025-04-17;"quinta-feira";"18:55:00";"RN";101;163;"CANGUARETAMA";"Retorno proibido";"Colisão transversal";"Com Vítimas Feridas";"Plena Noite";"Decrescente";"Céu Claro";"Dupla";"Reta";"Sim";2;0;0;1;1;0;1;2;-6,39349;-35,139873;"SPRF-RN";"DEL01-RN";"UOP01-DEL01-RN"
685516;2025-04-17;"quinta-feira";"17:30:00";"RS";285;569;"SAO LUIZ GONZAGA";"Acessar a via sem observar a presença dos outros veículos";"Colisão transversal";"Com Vítimas Feridas";"Pleno dia";"Decrescente";"Céu Claro";"Simples";"Reta";"Sim";2;0;0;1;1;0;1;2;-28,41270791;-54,98275872;"SPRF-RS";"DEL12-RS";"UOP01-DEL12-RS"
685517;2025-04-17;"quinta-feira";"18:30:00";"BA";110;184;"RIBEIRA DO POMBAL";"Ultrapassagem Indevida";"Atropelamento de Pedestre";"Com Vítimas Fatais";"Plena Noite";"Crescente";"Céu Claro";"Simples";"Reta;Declive";"Não";2;1;0;0;0;1;0;2;-10,920107;-38,520179;"SPRF-BA";"DEL07-BA";"UOP02-DEL07-BA"
685518;2025-04-17;"quinta-feira";"18:15:00";"RS";392;56,8;"RIO GRANDE";"Demais falhas mecânicas ou elétricas";"Saída de leito carroçável";"Sem Vítimas";"Plena Noite";"Crescente";"Céu Claro";"Dupla";"Curva";"Não";2;0;0;0;2;0;0;1;-32,00189634;-52,28708746;"SPRF-RS";"DEL07-RS";"UOP02-DEL07-RS"
685519;2025-04-17;"quinta-feira";"19:45:00";"SC";470;139,8;"RIO DO SUL";"Desrespeitar a preferência no cruzamento";"Colisão transversal";"Com Vítimas Feridas";"Plena Noite";"Decrescente";"Nublado";"Simples";"Rotatória";"Sim";2;0;1;0;1;0;1;2;-27,20238875;-49,63371992;"SPRF-SC";"DEL04-SC";"UOP02-DEL04-SC"
685520;2025-04-17;"quinta-feira";"19:00:00";"PB";230;86;"GURINHEM";"Entrada inopinada do pedestre";"Atropelamento de Pedestre";"Com Vítimas Fatais";"Plena Noite";"Decrescente";"Céu Claro";"Dupla";"Reta;Retorno Regulamentado";"Não";4;1;0;0;2;1;0;2;-7,169085;-35,37372;"SPRF-PB";"DEL01-PB";"UOP02-DEL01-PB"
685521;2025-04-17;"quinta-feira";"18:22:00";"RJ";116;145;"DUQUE DE CAXIAS";"Reação tardia ou ineficiente do condutor";"Engavetamento";"Sem Vítimas";"Plena Noite";"Decrescente";"Céu Claro";"Dupla";"Reta";"Sim";4;0;0;0;4;0;0;3;-22,6721792;-43,2799744;"SPRF-RJ";"DEL01-RJ";"UOP02-DEL01-RJ"
685524;2025-04-17;"quinta-feira";"19:25:00";"SC";101;334,3;"TUBARAO";"Condutor deixou de manter distância do veículo da frente";"Colisão traseira";"Com Vítimas Feridas";"Plena Noite";"Decrescente";"Céu Claro";"Múltipla";"Reta;Aclive";"Não";4;0;2;0;2;0;2;2;-28,471815;-49,021654;"SPRF-SC";"DEL02-SC";"UOP01-DEL02-SC"
685525;2025-04-17;"quinta-feira";"16:27:00";"AC";364;131;"RIO BRANCO";"Conversão proibida";"Colisão transversal";"Com Vítimas Feridas";"Pleno dia";"Crescente";"Nublado";"Simples";"Ponte;Reta";"Sim";2;0;0;1;1;0;1;2;-10,01172493;-67,84349978;"SPRF-AC";"DEL01-AC";"UOP01-DEL01-AC"
685526;2025-04-17;"quinta-feira";"15:50:00";"MT";364;435;"VARZEA GRANDE";"Acesso irregular";"Colisão transversal";"Com Vítimas Feridas";"Pleno dia";"Decrescente";"Céu Claro";"Dupla";"Reta";"Sim";2;0;1;0;1;0;1;2;-15,64296;-56,20055;"SPRF-MT";"DEL01-MT";"UOP02-DEL01-MT"
685527;2025-04-16;"quarta-feira";"23:20:00";"MG";381;429;"SABARA";"Pista Escorregadia";"Saída de leito carroçável";"Com Vítimas Feridas";"Plena Noite";"Crescente";"Nublado";"Simples";"Curva";"Sim";2;0;1;0;1;0;1;1;-19,790434;-43,68902206;"SPRF-MG";"DEL01-MG";"UOP01-DEL01-MG"
685528;2025-04-17;"quinta-feira";"20:00:00";"RS";468;91;"TRES PASSOS";"Acessar a via sem observar a presença dos outros veículos";"Colisão transversal";"Com Vítimas Feridas";"Plena Noite";"Crescente";"Nublado";"Simples";"Reta";"Não";4;0;2;0;2;0;2;2;-27,4709933;-53,918396;"SPRF-RS";"DEL08-RS";"UOP02-DEL08-RS"
685529;2025-04-17;"quinta-feira";"19:05:00";"RS";386;389;"TRIUNFO";"Acessar a via sem observar a presença dos outros veículos";"Colisão transversal";"Com Vítimas Feridas";"Plena Noite";"Crescente";"Céu Claro";"Dupla";"Reta;Retorno Regulamentado";"Sim";5;0;3;0;2;0;3;2;-29,70201216;-51,67314291;"SPRF-RS";"DEL04-RS";"UOP02-DEL04-RS"
685530;2025-04-17;"quinta-feira";"19:30:00";"RJ";493;107;"SEROPEDICA";"Reação tardia ou ineficiente do condutor";"Atropelamento de Animal";"Com Vítimas Feridas";"Plena Noite";"Decrescente";"Céu Claro";"Dupla";"Reta";"Não";1;0;1;0;0;0;1;1;-22,80069723;-43,78904164;"SPRF-RJ";"DEL01-RJ";"UOP03-DEL01-RJ"
685531;2025-04-17;"quinta-feira";"20:00:00";"SC";101;110;"PENHA";"Reação tardia ou ineficiente do condutor";"Colisão transversal";"Com Vítimas Feridas";"Plena Noite";"Crescente";"Céu Claro";"Dupla";"Reta";"Sim";3;0;1;0;2;0;1;3;-26,83472132;-48,70294897;"SPRF-SC";"DEL03-SC";"UOP02-DEL03-SC"
685532;2025-04-17;"quinta-feira";"20:15:00";"SP";116;224;"GUARULHOS";"Ausência de reação do condutor";"Colisão traseira";"Com Vítimas Feridas";"Plena Noite";"Decrescente";"Nublado";"Múltipla";"Reta";"Sim";3;0;1;0;2;0;1;2;-23,482757;-46,536171;"SPRF-SP";"DEL01-SP";"UOP01-DEL01-SP"
685534;2025-04-17;"quinta-feira";"19:45:00";"BA";116;8;"VITORIA DA CONQUISTA";"Deficiência do Sistema de Iluminação/Sinalização";"Colisão transversal";"Com Vítimas Feridas";"Plena Noite";"Crescente";"Céu Claro";"Simples";"Interseção de Vias";"Não";3;0;2;0;1;0;2;2;-14,85094686;-40,88298261;"SPRF-BA";"DEL08-BA";"UOP01-DEL08-BA"
685535;2025-04-17;"quinta-feira";"11:30:00";"RJ";101;295;"SAO GONCALO";"Ausência de reação do condutor";"Colisão traseira";"Com Vítimas Feridas";"Pleno dia";"Decrescente";"Sol";"Dupla";"Reta";"Sim";2;0;1;0;0;1;1;2;-22,7928849;-43,0248143;"SPRF-RJ";"DEL02-RJ";"UOP02-DEL02-RJ"
685536;2025-04-17;"quinta-feira";"18:30:00";"MA";135;8;"SAO LUIS";"Acessar a via sem observar a presença dos outros veículos";"Colisão transversal";"Com Vítimas Feridas";"Plena Noite";"Decrescente";"Céu Claro";"Dupla";"Reta";"Sim";3;0;1;2;0;0;3;2;-2,644995;-44,274685;"SPRF-MA";"DEL01-MA";"UOP01-DEL01-MA"
685538;2025-04-17;"quinta-feira";"19:55:00";"RS";290;580;"ALEGRETE";"Acessar a via sem observar a presença dos outros veículos";"Colisão transversal";"Com Vítimas Feridas";"Plena Noite";"Decrescente";"Céu Claro";"Simples";"Interseção de Vias;Curva";"Não";2;0;0;1;1;0;1;2;-29,81063579;-55,82149029;"SPRF-RS";"DEL13-RS";"UOP02-DEL13-RS"
685539;2025-04-17;"quinta-feira";"19:17:00";"PR";277;77;"CURITIBA";"Reação tardia ou ineficiente do condutor";"Tombamento";"Com Vítimas Feridas";"Plena Noite";"Crescente";"Nublado";"Dupla";"Reta";"Sim";1;0;1;0;0;0;1;1;-25,482297;-49,193305;"SPRF-PR";"DEL01-PR";"UOP07-DEL01-PR"
685540;2025-04-17;"quinta-feira";"20:25:00";"RS";386;397;"TRIUNFO";"Acessar a via sem observar a presença dos outros veículos";"Atropelamento de Pedestre";"Com Vítimas Feridas";"Plena Noite";"Decrescente";"Céu Claro";"Dupla";"Rotatória";"Não";3;0;0;1;2;0;1;2;-29,8090496;-51,3769472;"SPRF-RS";"DEL04-RS";"UOP02-DEL04-RS"
685541;2025-04-17;"quinta-feira";"20:25:00";"RS";285;120,6;"VACARIA";"Condutor deixou de manter distância do veículo da frente";"Engavetamento";"Com Vítimas Feridas";"Plena Noite";"Decrescente";"Céu Claro";"Simples";"Reta";"Sim";5;0;1;0;4;0;1;3;-28,51040793;-50,93478441;"SPRF-RS";"DEL05-RS";"UOP03-DEL05-RS"
685542;2025-04-17;"quinta-feira";"19:00:00";"PR";376;149;"PRESIDENTE CASTELO BRANCO";"Reação tardia ou ineficiente do condutor";"Saída de leito carroçável";"Com Vítimas Feridas";"Plena Noite";"Decrescente";"Céu Claro";"Dupla";"Reta";"Não";4;0;2;2;0;0;4;1;-23,294785;-52,120734;"SPRF-PR";"DEL09-PR";"UOP02-DEL09-PR"
685543;2025-04-16;"quarta-feira";"07:15:00";"MG";381;924,5;"CAMANDUCAIA";"Velocidade Incompatível";"Colisão com objeto";"Com Vítimas Feridas";"Pleno dia";"Decrescente";"Chuva";"Dupla";"Curva";"Não";3;0;2;0;1;0;2;1;-22,77033951;-46,193397;"SPRF-MG";"DEL16-MG";"UOP03-DEL16-MG"
685545;2025-04-17;"quinta-feira";"20:30:00";"RS";158;565,8;"SANTANA DO LIVRAMENTO";"Acessar a via sem observar a presença dos outros veículos";"Colisão transversal";"Com Vítimas Feridas";"Plena Noite";"Crescente";"Céu Claro";"Simples";"Reta;Interseção de Vias";"Sim";3;0;0;2;1;0;2;2;-30,876664;-55,510685;"SPRF-RS";"DEL11-RS";"UOP01-DEL11-RS"
685547;2025-04-17;"quinta-feira";"18:40:00";"MG";40;525;"CONTAGEM";"Pedestre andava na pista";"Atropelamento de Pedestre";"Com Vítimas Feridas";"Anoitecer";"Crescente";"Nublado";"Dupla";"Reta";"Sim";2;0;0;1;0;1;1;2;-19,88519;-44,05045;"SPRF-MG";"DEL01-MG";"UOP02-DEL01-MG"
685548;2025-04-17;"quinta-feira";"14:20:00";"BA";367;74;"EUNAPOLIS";"Condutor deixou de manter distância do veículo da frente";"Colisão traseira";"Sem Vítimas";"Pleno dia";"Crescente";"Nublado";"Simples";"Reta";"Não";5;0;0;0;5;0;0;2;-16,38368;-39,49449;"SPRF-BA";"DEL09-BA";"UOP03-DEL09-BA"
685549;2025-04-17;"quinta-feira";"19:44:00";"MT";163;839;"SINOP";"Acessar a via sem observar a presença dos outros veículos";"Colisão transversal";"Com Vítimas Feridas";"Plena Noite";"Crescente";"Céu Claro";"Simples";"Reta;Interseção de Vias";"Sim";2;0;0;1;1;0;1;2;-11,82104885;-55,4847532;"SPRF-MT";"DEL06-MT";"UOP02-DEL06-MT"
685550;2025-04-17;"quinta-feira";"21:10:00";"SC";101;200,2;"SAO JOSE";"Mal súbito do condutor";"Colisão com objeto";"Com Vítimas Feridas";"Plena Noite";"Crescente";"Céu Claro";"Múltipla";"Reta;Aclive";"Não";2;0;1;1;0;0;2;1;-27,54110061;-48,62233216;"SPRF-SC";"DEL01-SC";"UOP01-DEL01-SC"
685551;2025-04-17;"quinta-feira";"18:40:00";"MT";163;840;"SINOP";"Ultrapassagem Indevida";"Colisão com objeto";"Com Vítimas Feridas";"Plena Noite";"Decrescente";"Céu Claro";"Simples";"Reta";"Não";1;0;1;0;0;0;1;1;-11,819817;-55,484461;"SPRF-MT";"DEL06-MT";"UOP02-DEL06-MT"
685552;2025-04-17;"quinta-feira";"20:30:00";"PR";153;226,8;"TIBAGI";"Ultrapassagem Indevida";"Colisão frontal";"Com Vítimas Feridas";"Plena Noite";"Crescente";"Céu Claro";"Simples";"Reta";"Não";4;0;4;0;0;0;4;2;-24,67538466;-50,45039523;"SPRF-PR";"DEL03-PR";"UOP02-DEL03-PR"
685553;2025-04-17;"quinta-feira";"16:36:00";"PI";230;28,5;"FRONTEIRAS";"Pista esburacada";"Colisão com objeto";"Com Vítimas Fatais";"Pleno dia";"Crescente";"Céu Claro";"Simples";"Reta";"Não";6;3;1;2;0;0;3;1;-7,104587;-40,710892;"SPRF-PI";"DEL04-PI";"UOP03-DEL04-PI"
685554;2025-04-17;"quinta-feira";"18:00:00";"MG";262;461;"ARAUJOS";"Ultrapassagem Indevida";"Saída de leito carroçável";"Com Vítimas Feridas";"Plena Noite";"Decrescente";"Céu Claro";"Simples";"Reta";"Não";2;0;1;0;1;0;1;1;-19,80912409;-45,11737347;"SPRF-MG";"DEL08-MG";"UOP03-DEL08-MG"
685555;2025-03-23;"domingo";"02:00:00";"AP";210;1,9;"MACAPA";"Reação tardia ou ineficiente do condutor";"Capotamento";"Sem Vítimas";"Plena Noite";"Crescente";"Nublado";"Dupla";"Reta";"Sim";2;0;0;0;2;0;0;1;0,08489825;-51,08085047;"SPRF-AP";"DEL01-AP";"UOP01-DEL01-AP"
685556;2025-04-17;"quinta-feira";"21:20:00";"SC";101;208;"SAO JOSE";"Manobra de mudança de faixa";"Colisão lateral mesmo sentido";"Com Vítimas Feridas";"Plena Noite";"Decrescente";"Céu Claro";"Múltipla";"Reta";"Sim";2;0;0;1;1;0;1;2;-27,604724;-48,63293578;"SPRF-SC";"DEL01-SC";"UOP01-DEL01-SC"
685558;2025-04-17;"quinta-feira";"20:00:00";"SC";101;10,2;"GARUVA";"Pedestre andava na pista";"Atropelamento de Pedestre";"Com Vítimas Fatais";"Plena Noite";"Decrescente";"Nublado";"Múltipla";"Reta";"Não";3;1;0;0;0;2;0;2;-26,06485427;-48,86007244;"SPRF-SC";"DEL03-SC";"UOP01-DEL03-SC"