"id";"data_inversa";"dia_semana";"horario";"uf";"br";"km";"municipio";"causa_acidente";"tipo_acidente";"classificacao_acidente";"fase_dia";"sentido_via";"condicao_metereologica";"tipo_pista";"tracado_via";"uso_solo";"pessoas";"mortos";"feridos_leves";"feridos_graves";"ilesos";"ignorados";"feridos";"veiculos";"latitude";"longitude";"regional";"delegacia";"uop"
685659;2025-04-16;"quarta-feira";"16:55:00";"GO";50;279,9;"CATALAO";"Condutor deixou de manter distância do veículo da frente";"Colisão traseira";"Com Vítimas Feridas";"Pleno dia";"Decrescente";"Céu Claro";"Simples";"Reta";"Sim";2;0;1;0;1;0;1;2;-18,178285;-47,936389;"SPRF-GO";"DEL06-GO";"UOP01-DEL06-GO"
685660;2025-04-12;"sábado";"15:45:00";"RS";116;212,2;"MORRO REUTER";"Condutor Dormindo";"Saída de leito carroçável";"Com Vítimas Feridas";"Pleno dia";"Decrescente";"Céu Claro";"Simples";"Curva";"Não";2;0;0;1;1;0;1;1;-29,52157627;-51,08579094;"SPRF-RS";"DEL05-RS";"UOP02-DEL05-RS"
685662;2025-04-16;"quarta-feira";"13:00:00";"MG";40;632,7;"CONSELHEIRO LAFAIETE";"Conversão proibida";"Colisão transversal";"Com Vítimas Feridas";"Pleno dia";"Decrescente";"Chuva";"Simples";"Reta;Declive";"Não";3;0;0;1;2;0;1;2;-20,68157407;-43,79423976;"SPRF-MG";"DEL05-MG";"UOP02-DEL05-MG"
685663;2025-04-18;"sexta-feira";"07:28:00";"SC";101;19;"JOINVILLE";"Reação tardia ou ineficiente do condutor";"Colisão traseira";"Com Vítimas Feridas";"Pleno dia";"Crescente";"Céu Claro";"Dupla";"Reta;Aclive";"Não";3;0;1;0;2;0;1;2;-26,1342774;-48,8970721;"SPRF-SC";"DEL03-SC";"UOP01-DEL03-SC"
685664;2025-04-18;"sexta-feira";"07:38:00";"SP";116;282;"EMBU DAS ARTES";"Pedestre cruzava a pista fora da faixa";"Atropelamento de Pedestre";"Com Vítimas Feridas";"Pleno dia";"Crescente";"Céu Claro";"Dupla";"Reta";"Sim";2;0;1;0;1;0;1;2;-23,66041;-46,85193121;"SPRF-SP";"DEL04-SP";"UOP01-DEL04-SP"
685666;2025-04-18;"sexta-feira";"07:30:00";"MG";381;399,2;"BOM JESUS DO AMPARO";"Pista esburacada";"Saída de leito carroçável";"Com Vítimas Feridas";"Pleno dia";"Decrescente";"Sol";"Dupla";"Curva";"Não";1;0;0;1;0;0;1;1;-19,74931278;-43,52781237;"SPRF-MG";"DEL01-MG";"UOP01-DEL01-MG"
685668;2025-04-18;"sexta-feira";"04:40:00";"MG";381;287;"JAGUARACU";"Ultrapassagem Indevida";"Colisão frontal";"Com Vítimas Feridas";"Plena Noite";"Decrescente";"Céu Claro";"Simples";"Reta";"Não";2;0;1;0;1;0;1;2;-19,6128641;-42,7690442;"SPRF-MG";"DEL03-MG";"UOP02-DEL03-MG"
685669;2025-04-18;"sexta-feira";"07:30:00";"SP";116;222;"GUARULHOS";"Reação tardia ou ineficiente do condutor";"Colisão com objeto";"Sem Vítimas";"Pleno dia";"Crescente";"Nublado";"Múltipla";"Reta";"Não";1;0;0;0;1;0;0;1;-23,47654184;-46,52674556;"SPRF-SP";"DEL01-SP";"UOP01-DEL01-SP"
685670;2025-04-18;"sexta-feira";"04:30:00";"MT";163;911;"ITAUBA";"Reação tardia ou ineficiente do condutor";"Saída de leito carroçável";"Com Vítimas Feridas";"Amanhecer";"Crescente";"Nublado";"Simples";"Reta;Aclive";"Não";2;0;1;1;0;0;2;1;-11,209393;-55,305008;"SPRF-MT";"DEL06-MT";"UOP02-DEL06-MT"
685673;2025-04-16;"quarta-feira";"10:30:00";"PI";343;56;"BURITI DOS LOPES";"Demais falhas mecânicas ou elétricas";"Eventos atípicos";"Sem Vítimas";"Pleno dia";"Crescente";"Céu Claro";"Simples";"Reta";"Não";2;0;0;0;2;0;0;1;-3,21593093;-41,82495117;"SPRF-PI";"DEL05-PI";"UOP01-DEL05-PI"
685674;2025-04-18;"sexta-feira";"07:35:00";"SC";470;87;"ASCURRA";"Acesso irregular";"Colisão transversal";"Com Vítimas Feridas";"Pleno dia";"Decrescente";"Céu Claro";"Simples";"Reta";"Sim";2;0;0;1;1;0;1;2;-26,94984639;-49,36839581;"SPRF-SC";"DEL04-SC";"UOP01-DEL04-SC"
685675;2025-04-16;"quarta-feira";"18:50:00";"RJ";101;60;"CAMPOS DOS GOYTACAZES";"Retorno proibido";"Colisão transversal";"Com Vítimas Feridas";"Anoitecer";"Decrescente";"Nublado";"Simples";"Reta";"Sim";3;0;1;0;2;0;1;2;-21,72288591;-41,31779458;"SPRF-RJ";"DEL08-RJ";"UOP01-DEL08-RJ"
685678;2025-04-18;"sexta-feira";"07:15:00";"PA";163;104;"NOVO PROGRESSO";"Ausência de reação do condutor";"Tombamento";"Com Vítimas Feridas";"Pleno dia";"Decrescente";"Céu Claro";"Simples";"Reta";"Não";1;0;1;0;0;0;1;1;-9,50561415;-54,85851288;"SPRF-MT";"DEL06-MT";"UOP03-DEL06-MT"
685680;2025-04-18;"sexta-feira";"07:30:00";"PR";163;147;"CAPITAO LEONIDAS MARQUES";"Reação tardia ou ineficiente do condutor";"Saída de leito carroçável";"Com Vítimas Feridas";"Plena Noite";"Crescente";"Céu Claro";"Dupla";"Curva";"Não";1;0;1;0;0;0;1;1;-25,44227677;-53,57721057;"SPRF-PR";"DEL05-PR";"UOP05-DEL05-PR"
685681;2025-04-18;"sexta-feira";"09:15:00";"SP";116;139;"SAO JOSE DOS CAMPOS";"Reação tardia ou ineficiente do condutor";"Colisão traseira";"Sem Vítimas";"Pleno dia";"Decrescente";"Céu Claro";"Dupla";"Reta";"Não";3;0;0;0;3;0;0;2;-23,15931857;-45,79897642;"SPRF-SP";"DEL02-SP";"UOP01-DEL02-SP"
685682;2025-04-18;"sexta-feira";"09:30:00";"MG";262;860,5;"CAMPO FLORIDO";"Acumulo de água sobre o pavimento";"Saída de leito carroçável";"Sem Vítimas";"Pleno dia";"Crescente";"Chuva";"Dupla";"Reta";"Não";2;0;0;0;2;0;0;1;-19,7752931;-48,493357;"SPRF-MG";"DEL13-MG";"UOP01-DEL13-MG"
685683;2025-04-18;"sexta-feira";"09:16:00";"PI";343;340;"TERESINA";"Manobra de mudança de faixa";"Queda de ocupante de veículo";"Com Vítimas Feridas";"Pleno dia";"Decrescente";"Céu Claro";"Múltipla";"Reta";"Não";2;0;2;0;0;0;2;1;-5,074964;-42,737226;"SPRF-PI";"DEL01-PI";"UOP01-DEL01-PI"
685685;2025-04-18;"sexta-feira";"08:00:00";"SC";280;147,8;"MAFRA";"Condutor Dormindo";"Colisão lateral sentido oposto";"Com Vítimas Feridas";"Pleno dia";"Decrescente";"Céu Claro";"Simples";"Reta";"Não";10;0;3;0;7;0;3;3;-26,24952;-49,6753;"SPRF-SC";"DEL06-SC";"UOP03-DEL06-SC"
685687;2025-04-18;"sexta-feira";"09:40:00";"RS";158;101,8;"PALMEIRA DAS MISSOES";"Acessar a via sem observar a presença dos outros veículos";"Colisão transversal";"Com Vítimas Feridas";"Pleno dia";"Crescente";"Nublado";"Simples";"Reta";"Não";3;0;1;0;2;0;1;2;-27,911766;-53,338051;"SPRF-RS";"DEL08-RS";"UOP01-DEL08-RS"
685689;2025-04-18;"sexta-feira";"09:10:00";"ES";101;214;"IBIRACU";"Ausência de reação do condutor";"Colisão traseira";"Sem Vítimas";"Pleno dia";"Crescente";"Nublado";"Simples";"Reta";"Sim";2;0;0;0;2;0;0;2;-19,830006;-40,372636;"SPRF-ES";"DEL02-ES";"UOP01-DEL02-ES"
685691;2025-04-18;"sexta-feira";"09:50:00";"SC";101;123,2;"ITAJAI";"Manobra de mudança de faixa";"Colisão lateral mesmo sentido";"Com Vítimas Feridas";"Pleno dia";"Decrescente";"Nublado";"Dupla";"Reta";"Não";3;0;0;2;1;0;2;2;-26,93428424;-48,70094419;"SPRF-SC";"DEL04-SC";"UOP04-DEL04-SC"
685693;2025-04-18;"sexta-feira";"09:00:00";"RS";116;430;"CRISTAL";"Reação tardia ou ineficiente do condutor";"Colisão traseira";"Sem Vítimas";"Pleno dia";"Crescente";"Céu Claro";"Simples";"Reta";"Não";2;0;0;0;1;1;0;2;-31,02635;-52,04951;"SPRF-RS";"DEL02-RS";"UOP02-DEL02-RS"
685694;2025-04-18;"sexta-feira";"09:00:00";"MS";163;261,8;"DOURADOS";"Reação tardia ou ineficiente do condutor";"Tombamento";"Com Vítimas Feridas";"Pleno dia";"Decrescente";"Chuva";"Dupla";"Reta";"Sim";2;0;1;0;1;0;1;2;-22,23580472;-54,75831505;"SPRF-MS";"DEL04-MS";"UOP01-DEL04-MS"
685695;2025-04-18;"sexta-feira";"10:15:00";"RS";116;527,9;"CAPAO DO LEAO";"Ausência de reação do condutor";"Colisão traseira";"Com Vítimas Feridas";"Pleno dia";"Crescente";"Céu Claro";"Simples";"Reta";"Não";2;0;1;0;1;0;1;2;-31,7499329;-52,41670305;"SPRF-RS";"DEL07-RS";"UOP01-DEL07-RS"
685696;2025-04-18;"sexta-feira";"09:30:00";"SP";116;82;"ROSEIRA";"Ausência de reação do condutor";"Colisão lateral mesmo sentido";"Com Vítimas Feridas";"Pleno dia";"Decrescente";"Nublado";"Dupla";"Reta";"Não";2;0;1;0;1;0;1;2;-22,90986336;-45,32045726;"SPRF-SP";"DEL08-SP";"UOP01-DEL08-SP"
685698;2025-04-18;"sexta-feira";"10:00:00";"SC";101;457;"SAO JOAO DO SUL";"Ausência de reação do condutor";"Colisão lateral mesmo sentido";"Com Vítimas Feridas";"Pleno dia";"Decrescente";"Céu Claro";"Dupla";"Reta";"Não";3;0;2;0;0;1;2;2;-29,23918;-49,7567426;"SPRF-SC";"DEL02-SC";"UOP02-DEL02-SC"
685699;2025-04-18;"sexta-feira";"10:15:00";"PR";116;83;"PIRAQUARA";"Ingestão de álcool pelo condutor";"Saída de leito carroçável";"Com Vítimas Feridas";"Pleno dia";"Crescente";"Céu Claro";"Dupla";"Reta";"Não";2;0;2;0;0;0;2;2;-25,42857572;-49,08053745;"SPRF-PR";"DEL01-PR";"UOP02-DEL01-PR"
685701;2025-04-18;"sexta-feira";"10:20:00";"RJ";101;330;"RIO DE JANEIRO";"Condutor deixou de manter distância do veículo da frente";"Engavetamento";"Com Vítimas Feridas";"Pleno dia";"Decrescente";"Céu Claro";"Dupla";"Reta";"Não";4;0;1;0;3;0;1;3;-22,86946719;-43,17633826;"SPRF-RJ";"DEL02-RJ";"UOP01-DEL02-RJ"
685702;2025-04-18;"sexta-feira";"10:15:00";"PR";116;149;"MANDIRITUBA";"Condutor deixou de manter distância do veículo da frente";"Colisão traseira";"Sem Vítimas";"Pleno dia";"Crescente";"Céu Claro";"Simples";"Reta";"Não";3;0;0;0;3;0;0;3;-25,840285;-49,3451;"SPRF-PR";"DEL01-PR";"UOP03-DEL01-PR"
685703;2025-04-18;"sexta-feira";"11:10:00";"DF";70;18,4;"BRASILIA";"Avarias e/ou desgaste excessivo no pneu";"Queda de ocupante de veículo";"Com Vítimas Feridas";"Pleno dia";"Decrescente";"Céu Claro";"Múltipla";"Reta";"Não";2;0;2;0;0;0;2;1;-15,789625;-48,214654;"SPRF-DF";"DEL03-DF";"UOP02-DEL03-DF"
685704;2025-04-18;"sexta-feira";"11:00:00";"SP";116;144,1;"SAO JOSE DOS CAMPOS";"Manobra de mudança de faixa";"Colisão lateral mesmo sentido";"Com Vítimas Feridas";"Pleno dia";"Decrescente";"Céu Claro";"Dupla";"Reta";"Não";3;0;1;0;1;1;1;3;-23,18084248;-45,8425355;"SPRF-SP";"DEL02-SP";"UOP01-DEL02-SP"
685705;2025-04-18;"sexta-feira";"08:30:00";"BA";116;528;"ITATIM";"Velocidade Incompatível";"Saída de leito carroçável";"Com Vítimas Feridas";"Pleno dia";"Crescente";"Céu Claro";"Simples";"Reta;Declive";"Não";2;0;1;0;1;0;1;1;-12,73336802;-39,78003502;"SPRF-BA";"DEL03-BA";"UOP02-DEL03-BA"
685706;2025-04-18;"sexta-feira";"11:15:00";"RS";392;346;"SANTA MARIA";"Ingestão de álcool pelo condutor";"Colisão traseira";"Sem Vítimas";"Pleno dia";"Crescente";"Sol";"Simples";"Reta";"Sim";3;0;0;0;3;0;0;2;-29,75262489;-53,7897803;"SPRF-RS";"DEL09-RS";"UOP01-DEL09-RS"
685707;2025-04-18;"sexta-feira";"10:00:00";"RJ";101;312;"SAO GONCALO";"Manobra de mudança de faixa";"Colisão transversal";"Com Vítimas Feridas";"Pleno dia";"Decrescente";"Céu Claro";"Dupla";"Reta";"Sim";3;0;1;0;1;1;1;2;-22,80580016;-43,06202;"SPRF-RJ";"DEL02-RJ";"UOP02-DEL02-RJ"
685708;2025-04-18;"sexta-feira";"11:20:00";"SE";101;70;"MARUIM";"Condutor Dormindo";"Colisão lateral sentido oposto";"Com Vítimas Feridas";"Pleno dia";"Decrescente";"Céu Claro";"Simples";"Em Obras;Declive;Curva";"Não";6;0;1;0;5;0;1;3;-10,74644031;-37,09627368;"SPRF-SE";"DEL01-SE";"UOP01-DEL01-SE"
685710;2025-04-17;"quinta-feira";"16:30:00";"MA";316;244;"BOM JARDIM";"Ausência de reação do condutor";"Capotamento";"Com Vítimas Fatais";"Pleno dia";"Crescente";"Nublado";"Simples";"Reta";"Não";2;1;0;0;1;0;0;1;-3,62214848;-45,51444769;"SPRF-MA";"DEL02-MA";"UOP01-DEL02-MA"
685711;2025-04-18;"sexta-feira";"10:30:00";"RS";158;542,4;"SANTANA DO LIVRAMENTO";"Ultrapassagem Indevida";"Capotamento";"Com Vítimas Feridas";"Pleno dia";"Crescente";"Céu Claro";"Simples";"Reta;Declive";"Não";6;0;2;0;4;0;2;2;-30,8115;-55,291;"SPRF-RS";"DEL11-RS";"UOP01-DEL11-RS"
685714;2025-04-18;"sexta-feira";"08:10:00";"RS";285;265,9;"MATO CASTELHANO";"Ultrapassagem Indevida";"Colisão frontal";"Com Vítimas Feridas";"Pleno dia";"Decrescente";"Céu Claro";"Simples";"Reta";"Não";4;0;1;1;2;0;2;2;-28,30257321;-52,12795788;"SPRF-RS";"DEL08-RS";"UOP03-DEL08-RS"
685715;2025-04-16;"quarta-feira";"21:40:00";"SP";459;32;"LORENA";"Ausência de reação do condutor";"Queda de ocupante de veículo";"Com Vítimas Feridas";"Plena Noite";"Decrescente";"Nublado";"Simples";"Reta";"Sim";5;0;5;0;0;0;5;3;-22,739923;-45,094269;"SPRF-SP";"DEL08-SP";"UOP02-DEL08-SP"
685716;2025-04-18;"sexta-feira";"10:15:00";"MG";381;856,9;"POUSO ALEGRE";"Velocidade Incompatível";"Saída de leito carroçável";"Com Vítimas Feridas";"Pleno dia";"Crescente";"Sol";"Dupla";"Reta";"Não";2;0;1;0;1;0;1;2;-22,29555888;-45,89901209;"SPRF-MG";"DEL16-MG";"UOP01-DEL16-MG"
685717;2025-04-18;"sexta-feira";"11:25:00";"SP";381;42;"ATIBAIA";"Área urbana sem a presença de local apropriado para a travessia de pedestres";"Atropelamento de Pedestre";"Com Vítimas Feridas";"Pleno dia";"Decrescente";"Céu Claro";"Dupla";"Reta;Aclive";"Sim";5;0;3;1;1;0;4;2;-23,14519;-46,574981;"SPRF-SP";"DEL03-SP";"UOP01-DEL03-SP"
685718;2025-04-18;"sexta-feira";"11:00:00";"RS";392;317,8;"SAO SEPE";"Acessar a via sem observar a presença dos outros veículos";"Colisão transversal";"Com Vítimas Feridas";"Pleno dia";"Crescente";"Céu Claro";"Simples";"Reta;Interseção de Vias";"Não";3;0;2;0;0;1;2;3;-30,009743;-53,683691;"SPRF-RS";"DEL09-RS";"UOP01-DEL09-RS"
685720;2025-04-18;"sexta-feira";"11:00:00";"BA";116;1;"VITORIA DA CONQUISTA";"Ausência de reação do condutor";"Saída de leito carroçável";"Com Vítimas Feridas";"Pleno dia";"Crescente";"Céu Claro";"Simples";"Reta";"Não";1;0;1;0;0;0;1;1;-14,825372;-40,84807;"SPRF-BA";"DEL08-BA";"UOP01-DEL08-BA"
685722;2025-04-18;"sexta-feira";"11:00:00";"RO";364;702;"PORTO VELHO";"Demais falhas mecânicas ou elétricas";"Tombamento";"Com Vítimas Feridas";"Pleno dia";"Decrescente";"Céu Claro";"Dupla";"Reta";"Não";2;0;2;0;0;0;2;1;-8,80062644;-63,78392631;"SPRF-RO";"DEL01-RO";"UOP01-DEL01-RO"
685723;2025-04-18;"sexta-feira";"10:30:00";"MT";70;423,7;"CAMPO VERDE";"Avarias e/ou desgaste excessivo no pneu";"Saída de leito carroçável";"Com Vítimas Feridas";"Pleno dia";"Crescente";"Sol";"Simples";"Reta";"Não";1;0;0;1;0;0;1;1;-15,79305235;-55,39185973;"SPRF-MT";"DEL05-MT";"UOP02-DEL05-MT"
685724;2025-04-18;"sexta-feira";"11:35:00";"ES";101;151;"LINHARES";"Transitar na contramão";"Colisão frontal";"Sem Vítimas";"Pleno dia";"Decrescente";"Nublado";"Simples";"Curva";"Sim";2;0;0;0;2;0;0;2;-19,4044895;-40,0609856;"SPRF-ES";"DEL04-ES";"UOP01-DEL04-ES"
685726;2025-04-16;"quarta-feira";"19:45:00";"PA";316;85;"SAO FRANCISCO DO PARA";"Conversão proibida";"Colisão frontal";"Com Vítimas Feridas";"Plena Noite";"Decrescente";"Garoa/Chuvisco";"Simples";"Reta;Declive";"Não";2;0;0;1;1;0;1;2;-1,312627;-47,730242;"SPRF-PA";"DEL01-PA";"UOP02-DEL01-PA"
685727;2025-04-18;"sexta-feira";"09:10:00";"PR";277;651,3;"MATELANDIA";"Transitar na contramão";"Colisão transversal";"Com Vítimas Feridas";"Pleno dia";"Crescente";"Céu Claro";"Simples";"Reta";"Sim";5;0;2;0;3;0;2;2;-25,197742;-53,943837;"SPRF-PR";"DEL05-PR";"UOP02-DEL05-PR"
685728;2025-04-18;"sexta-feira";"11:30:00";"MS";267;578,2;"CARACOL";"Chuva";"Saída de leito carroçável";"Com Vítimas Feridas";"Pleno dia";"Crescente";"Chuva";"Simples";"Aclive;Curva";"Não";2;0;0;1;1;0;1;1;-21,75663;-56,942216;"SPRF-MS";"DEL05-MS";"UOP01-DEL05-MS"
685731;2025-04-18;"sexta-feira";"09:35:00";"MG";262;56,1;"MANHUACU";"Transitar na contramão";"Colisão transversal";"Com Vítimas Feridas";"Pleno dia";"Crescente";"Céu Claro";"Simples";"Reta";"Não";2;0;1;0;1;0;1;2;-20,266529;-42,182263;"SPRF-MG";"DEL06-MG";"UOP03-DEL06-MG"
685732;2025-04-18;"sexta-feira";"12:43:00";"MG";381;726,7;"CARMO DA CACHOEIRA";"Ausência de reação do condutor";"Saída de leito carroçável";"Com Vítimas Feridas";"Pleno dia";"Decrescente";"Nublado";"Dupla";"Declive;Curva";"Não";5;0;0;2;3;0;2;2;-21,47532465;-45,20322561;"SPRF-MG";"DEL04-MG";"UOP02-DEL04-MG"
685733;2025-04-18;"sexta-feira";"12:20:00";"SC";101;48,5;"JOINVILLE";"Ausência de reação do condutor";"Colisão traseira";"Com Vítimas Feridas";"Pleno dia";"Crescente";"Céu Claro";"Dupla";"Reta";"Não";1;0;1;0;0;0;1;1;-26,37785368;-48,85245496;"SPRF-SC";"DEL03-SC";"UOP01-DEL03-SC"
685734;2025-04-18;"sexta-feira";"13:05:00";"PR";376;659;"TIJUCAS DO SUL";"Condutor deixou de manter distância do veículo da frente";"Colisão traseira";"Com Vítimas Feridas";"Pleno dia";"Crescente";"Céu Claro";"Simples";"Reta;Declive";"Não";3;0;2;0;1;0;2;2;-25,85497548;-48,99772525;"SPRF-PR";"DEL01-PR";"UOP04-DEL01-PR"
685735;2025-04-18;"sexta-feira";"09:50:00";"SC";101;334,3;"TUBARAO";"Reação tardia ou ineficiente do condutor";"Colisão traseira";"Com Vítimas Feridas";"Pleno dia";"Decrescente";"Céu Claro";"Múltipla";"Reta";"Não";5;0;1;2;2;0;3;3;-28,47225118;-49,02256066;"SPRF-SC";"DEL02-SC";"UOP01-DEL02-SC"
685736;2025-04-18;"sexta-feira";"11:00:00";"PR";376;664;"GUARATUBA";"Demais falhas mecânicas ou elétricas";"Incêndio";"Sem Vítimas";"Pleno dia";"Decrescente";"Céu Claro";"Dupla";"Curva;Aclive";"Não";1;0;0;0;1;0;0;1;-25,85383748;-48,95171357;"SPRF-PR";"DEL01-PR";"UOP04-DEL01-PR"
685737;2025-04-16;"quarta-feira";"10:10:00";"RO";421;9;"ARIQUEMES";"Reação tardia ou ineficiente do condutor";"Capotamento";"Com Vítimas Feridas";"Pleno dia";"Crescente";"Céu Claro";"Simples";"Reta;Declive";"Não";4;0;0;3;0;1;3;2;-9,97223198;-63,12744141;"SPRF-RO";"DEL03-RO";"UOP01-DEL03-RO"
685738;2025-04-18;"sexta-feira";"12:05:00";"PR";277;313,8;"GUARAPUAVA";"Acessar a via sem observar a presença dos outros veículos";"Colisão transversal";"Com Vítimas Feridas";"Pleno dia";"Crescente";"Céu Claro";"Simples";"Reta";"Não";3;0;0;1;2;0;1;2;-25,35824207;-51,2385953;"SPRF-PR";"DEL08-PR";"UOP01-DEL08-PR"
685739;2025-04-18;"sexta-feira";"13:00:00";"RS";386;418,5;"MONTENEGRO";"Ausência de reação do condutor";"Colisão frontal";"Com Vítimas Feridas";"Pleno dia";"Decrescente";"Céu Claro";"Simples";"Declive;Curva";"Não";5;0;2;1;2;0;3;2;-29,81835654;-51,43834233;"SPRF-RS";"DEL04-RS";"UOP02-DEL04-RS"
685740;2025-04-18;"sexta-feira";"12:00:00";"MG";262;164,3;"SAO DOMINGOS DO PRATA";"Conversão proibida";"Colisão transversal";"Com Vítimas Feridas";"Pleno dia";"Decrescente";"Céu Claro";"Simples";"Reta";"Não";6;0;1;0;5;0;1;2;-19,95415701;-42,87525147;"SPRF-MG";"DEL03-MG";"UOP03-DEL03-MG"
685741;2025-04-18;"sexta-feira";"10:30:00";"MT";158;631;"NOVA NAZARE";"Ingestão de álcool pelo condutor";"Saída de leito carroçável";"Sem Vítimas";"Pleno dia";"Crescente";"Céu Claro";"Simples";"Reta";"Não";1;0;0;0;1;0;0;1;-14,538758;-52,324897;"SPRF-MT";"DEL07-MT";"UOP02-DEL07-MT"
685742;2025-04-18;"sexta-feira";"12:29:00";"DF";20;9;"BRASILIA";"Condutor desrespeitou a iluminação vermelha do semáforo";"Colisão transversal";"Com Vítimas Feridas";"Pleno dia";"Decrescente";"Chuva";"Simples";"Interseção de Vias";"Sim";2;0;1;0;0;1;1;2;-15,653586;-47,782807;"SPRF-DF";"DEL02-DF";"UOP01-DEL02-DF"
685743;2025-04-18;"sexta-feira";"13:20:00";"RS";470;200;"BENTO GONCALVES";"Reação tardia ou ineficiente do condutor";"Saída de leito carroçável";"Com Vítimas Feridas";"Pleno dia";"Crescente";"Céu Claro";"Simples";"Curva;Aclive";"Não";1;0;0;1;0;0;1;1;-29,0746486;-51,5858433;"SPRF-RS";"DEL06-RS";"UOP02-DEL06-RS"
685745;2025-04-18;"sexta-feira";"13:43:00";"MG";40;552;"NOVA LIMA";"Ausência de reação do condutor";"Engavetamento";"Com Vítimas Feridas";"Pleno dia";"Crescente";"Céu Claro";"Dupla";"Reta;Declive";"Sim";7;0;1;0;6;0;1;4;-20,0819156;-43,9793694;"SPRF-MG";"DEL01-MG";"UOP02-DEL01-MG"
685747;2025-04-18;"sexta-feira";"14:00:00";"SC";101;65;"ARAQUARI";"Condutor deixou de manter distância do veículo da frente";"Colisão traseira";"Com Vítimas Feridas";"Pleno dia";"Crescente";"Sol";"Múltipla";"Reta";"Não";4;0;1;0;3;0;1;3;-26,46834486;-48,74711037;"SPRF-SC";"DEL03-SC";"UOP02-DEL03-SC"
685748;2025-04-18;"sexta-feira";"13:20:00";"PR";376;417;"TIBAGI";"Reação tardia ou ineficiente do condutor";"Colisão com objeto";"Com Vítimas Feridas";"Pleno dia";"Decrescente";"Sol";"Dupla";"Reta";"Não";3;0;1;0;2;0;1;2;-24,66753237;-50,6037569;"SPRF-PR";"DEL03-PR";"UOP02-DEL03-PR"
685749;2025-04-18;"sexta-feira";"10:30:00";"RS";290;216,7;"PANTANO GRANDE";"Manobra de mudança de faixa";"Colisão com objeto";"Com Vítimas Feridas";"Pleno dia";"Crescente";"Sol";"Dupla";"Reta;Em Obras";"Não";7;0;3;0;3;1;3;3;-30,19309116;-52,38839149;"SPRF-RS";"DEL02-RS";"UOP03-DEL02-RS"
685751;2025-04-18;"sexta-feira";"13:30:00";"SC";101;221;"PALHOCA";"Desrespeitar a preferência no cruzamento";"Colisão transversal";"Com Vítimas Feridas";"Pleno dia";"Decrescente";"Céu Claro";"Múltipla";"Reta";"Sim";2;0;1;0;1;0;1;2;-27,70616065;-48,65717942;"SPRF-SC";"DEL01-SC";"UOP02-DEL01-SC"
685752;2025-04-18;"sexta-feira";"13:50:00";"SC";101;222;"PALHOCA";"Condutor deixou de manter distância do veículo da frente";"Colisão traseira";"Com Vítimas Feridas";"Pleno dia";"Crescente";"Céu Claro";"Dupla";"Reta";"Não";3;0;1;0;2;0;1;2;-27,71113786;-48,65265185;"SPRF-SC";"DEL01-SC";"UOP02-DEL01-SC"
685753;2025-04-18;"sexta-feira";"14:00:00";"MG";262;363;"JUATUBA";"Reação tardia ou ineficiente do condutor";"Colisão com objeto";"Com Vítimas Feridas";"Pleno dia";"Decrescente";"Nublado";"Dupla";"Reta";"Sim";2;0;1;0;1;0;1;1;-19,97101948;-44,28973657;"SPRF-MG";"DEL01-MG";"UOP03-DEL01-MG"
685754;2025-04-18;"sexta-feira";"10:00:00";"PE";407;92,8;"PETROLINA";"Condutor deixou de manter distância do veículo da frente";"Colisão traseira";"Com Vítimas Feridas";"Pleno dia";"Decrescente";"Céu Claro";"Simples";"Reta;Declive";"Não";2;0;1;0;1;0;1;2;-9,118198;-40,64189;"SPRF-PE";"DEL06-PE";"UOP02-DEL06-PE"
685755;2025-04-18;"sexta-feira";"11:20:00";"MS";267;233,3;"NOVA ALVORADA DO SUL";"Ultrapassagem Indevida";"Colisão frontal";"Com Vítimas Feridas";"Pleno dia";"Crescente";"Chuva";"Simples";"Reta";"Não";4;0;3;1;0;0;4;2;-21,51303;-54,242938;"SPRF-MS";"DEL02-MS";"UOP01-DEL02-MS"
685756;2025-04-18;"sexta-feira";"12:15:00";"PE";101;89,5;"JABOATAO DOS GUARARAPES";"Ausência de reação do condutor";"Colisão traseira";"Com Vítimas Feridas";"Pleno dia";"Crescente";"Céu Claro";"Dupla";"Reta;Aclive";"Não";3;0;0;2;0;1;2;2;-8,212187;-34,986235;"SPRF-PE";"DEL01-PE";"UOP01-DEL01-PE"
685758;2025-04-18;"sexta-feira";"12:55:00";"SC";116;0;"MAFRA";"Ausência de reação do condutor";"Colisão traseira";"Com Vítimas Feridas";"Pleno dia";"Crescente";"Céu Claro";"Simples";"Reta";"Sim";3;0;1;0;2;0;1;2;-26,10928084;-49,78446007;"SPRF-SC";"DEL06-SC";"UOP01-DEL06-SC"
685762;2025-04-18;"sexta-feira";"11:30:00";"BA";110;384;"SAO SEBASTIAO DO PASSE";"Condutor Dormindo";"Colisão lateral sentido oposto";"Com Vítimas Feridas";"Pleno dia";"Crescente";"Céu Claro";"Simples";"Reta";"Sim";2;0;1;0;1;0;1;2;-12,51334124;-38,49643707;"SPRF-BA";"DEL01-BA";"UOP01-DEL01-BA"
685763;2025-04-18;"sexta-feira";"12:20:00";"SC";282;239,8;"SAO JOSE DO CERRITO";"Reação tardia ou ineficiente do condutor";"Colisão com objeto";"Com Vítimas Feridas";"Pleno dia";"Decrescente";"Céu Claro";"Simples";"Reta";"Não";1;0;0;1;0;0;1;1;-27,77710759;-50,49784184;"SPRF-SC";"DEL05-SC";"UOP02-DEL05-SC"