"id";"data_inversa";"dia_semana";"horario";"uf";"br";"km";"municipio";"causa_acidente";"tipo_acidente";"classificacao_acidente";"fase_dia";"sentido_via";"condicao_metereologica";"tipo_pista";"tracado_via";"uso_solo";"pessoas";"mortos";"feridos_leves";"feridos_graves";"ilesos";"ignorados";"feridos";"veiculos";"latitude";"longitude";"regional";"delegacia";"uop"
685869;2025-04-19;"sábado";"06:00:00";"ES";101;439;"MIMOSO DO SUL";"Ultrapassagem Indevida";"Colisão frontal";"Com Vítimas Feridas";"Amanhecer";"Decrescente";"Céu Claro";"Simples";"Reta";"Sim";3;0;0;3;0;0;3;2;-21,08045577;-41,23653889;"SPRF-ES";"DEL03-ES";"UOP02-DEL03-ES"
685870;2025-04-19;"sábado";"06:00:00";"PE";101;46;"IGARASSU";"Manobra de mudança de faixa";"Colisão lateral mesmo sentido";"Com Vítimas Feridas";"Pleno dia";"Crescente";"Céu Claro";"Dupla";"Reta";"Sim";3;0;2;0;1;0;2;2;-7,8767824;-34,9057689;"SPRF-PE";"DEL01-PE";"UOP02-DEL01-PE"
685872;2025-04-19;"sábado";"03:20:00";"MG";381;495;"BETIM";"Velocidade Incompatível";"Tombamento";"Com Vítimas Feridas";"Plena Noite";"Crescente";"Céu Claro";"Dupla";"Reta";"Sim";1;0;1;0;0;0;1;1;-19,96868509;-44,18106303;"SPRF-MG";"DEL01-MG";"UOP03-DEL01-MG"
685873;2025-04-19;"sábado";"05:47:00";"SC";101;215;"PALHOCA";"Desrespeitar a preferência no cruzamento";"Colisão transversal";"Com Vítimas Feridas";"Amanhecer";"Crescente";"Céu Claro";"Múltipla";"Reta";"Não";2;0;1;0;0;1;1;2;-27,65266983;-48,67689902;"SPRF-SC";"DEL01-SC";"UOP02-DEL01-SC"
685874;2025-04-19;"sábado";"04:40:00";"CE";20;329,8;"CARIDADE";"Transitar na contramão";"Colisão transversal";"Com Vítimas Feridas";"Amanhecer";"Decrescente";"Nublado";"Simples";"Reta";"Não";4;0;2;0;2;0;2;2;-4,200526;-39,182426;"SPRF-CE";"DEL02-CE";"UOP01-DEL02-CE"
685875;2025-04-19;"sábado";"02:40:00";"RJ";116;202;"QUEIMADOS";"Ausência de reação do condutor";"Colisão com objeto";"Com Vítimas Fatais";"Plena Noite";"Crescente";"Nublado";"Dupla";"Curva";"Não";1;1;0;0;0;0;0;1;-22,73563521;-43,5534022;"SPRF-RJ";"DEL06-RJ";"UOP02-DEL06-RJ"
685876;2025-04-19;"sábado";"06:30:00";"MG";40;526,6;"CONTAGEM";"Acumulo de areia ou detritos sobre o pavimento";"Tombamento";"Com Vítimas Feridas";"Amanhecer";"Crescente";"Céu Claro";"Dupla";"Reta";"Sim";2;0;2;0;0;0;2;1;-19,90388685;-44,05001193;"SPRF-MG";"DEL01-MG";"UOP02-DEL01-MG"
685877;2025-04-16;"quarta-feira";"22:00:00";"SC";101;140;"ITAPEMA";"Acessar a via sem observar a presença dos outros veículos";"Atropelamento de Pedestre";"Com Vítimas Feridas";"Pleno dia";"Decrescente";"Garoa/Chuvisco";"Dupla";"Reta";"Sim";2;0;1;0;1;0;1;2;-27,0659636;-48,5955525;"SPRF-SC";"DEL04-SC";"UOP03-DEL04-SC"
685878;2025-04-19;"sábado";"06:30:00";"GO";414;422,4;"ABADIANIA";"Ultrapassagem Indevida";"Colisão frontal";"Com Vítimas Fatais";"Pleno dia";"Crescente";"Céu Claro";"Simples";"Curva";"Não";8;1;5;2;0;0;7;2;-16,15761967;-48,88825583;"SPRF-GO";"DEL02-GO";"UOP01-DEL02-GO"
685879;2025-04-19;"sábado";"00:20:00";"BA";242;605;"IBOTIRAMA";"Acessar a via sem observar a presença dos outros veículos";"Colisão transversal";"Sem Vítimas";"Plena Noite";"Crescente";"Céu Claro";"Simples";"Reta";"Sim";2;0;0;0;1;1;0;2;-12,17904623;-43,22234266;"SPRF-BA";"DEL06-BA";"UOP03-DEL06-BA"
685880;2025-04-19;"sábado";"02:21:00";"RR";432;93,8;"CANTA";"Ingestão de álcool pelo condutor";"Colisão frontal";"Com Vítimas Fatais";"Plena Noite";"Decrescente";"Chuva";"Simples";"Reta";"Não";5;2;2;0;1;0;2;2;1,941029;-60,62637;"SPRF-RR";"DEL01-RR";"UOP01-DEL01-RR"
685883;2025-04-19;"sábado";"00:10:00";"SP";101;48,9;"UBATUBA";"Retorno proibido";"Colisão transversal";"Com Vítimas Feridas";"Plena Noite";"Decrescente";"Céu Claro";"Simples";"Reta";"Sim";2;0;1;0;0;1;1;2;-23,44354864;-45,08430569;"SPRF-SP";"DEL06-SP";"UOP01-DEL06-SP"
685884;2025-04-19;"sábado";"05:00:00";"SC";101;194,7;"BIGUACU";"Condutor deixou de manter distância do veículo da frente";"Colisão com objeto";"Com Vítimas Feridas";"Plena Noite";"Decrescente";"Nublado";"Múltipla";"Reta";"Sim";3;0;1;1;0;1;2;2;-27,5035098;-48,65156606;"SPRF-SC";"DEL01-SC";"UOP01-DEL01-SC"
685886;2025-04-19;"sábado";"07:50:00";"SE";101;150,2;"ESTANCIA";"Retorno proibido";"Colisão lateral mesmo sentido";"Com Vítimas Feridas";"Pleno dia";"Crescente";"Céu Claro";"Simples";"Reta;Declive";"Sim";2;0;1;0;1;0;1;2;-11,27715434;-37,44277954;"SPRF-SE";"DEL02-SE";"UOP01-DEL02-SE"
685887;2025-04-19;"sábado";"07:00:00";"MA";226;300,3;"BARRA DO CORDA";"Reação tardia ou ineficiente do condutor";"Atropelamento de Pedestre";"Com Vítimas Feridas";"Pleno dia";"Crescente";"Céu Claro";"Simples";"Reta";"Sim";2;0;0;1;1;0;1;2;-5,4985917;-45,231414;"SPRF-MA";"DEL06-MA";"UOP01-DEL06-MA"
685888;2025-04-19;"sábado";"07:30:00";"BA";101;708;"EUNAPOLIS";"Manobra de mudança de faixa";"Colisão lateral mesmo sentido";"Com Vítimas Feridas";"Pleno dia";"Decrescente";"Céu Claro";"Simples";"Reta";"Não";7;0;2;0;5;0;2;2;-16,28724184;-39,58485603;"SPRF-BA";"DEL09-BA";"UOP01-DEL09-BA"
685889;2025-04-19;"sábado";"07:40:00";"GO";70;3;"AGUAS LINDAS DE GOIAS";"Manobra de mudança de faixa";"Colisão transversal";"Com Vítimas Feridas";"Pleno dia";"Crescente";"Céu Claro";"Dupla";"Reta;Aclive";"Sim";3;0;2;0;1;0;2;2;-15,76103747;-48,23959826;"SPRF-DF";"DEL03-DF";"UOP02-DEL03-DF"
685890;2025-03-23;"domingo";"11:00:00";"PR";277;133,1;"CAMPO LARGO";"Reação tardia ou ineficiente do condutor";"Colisão lateral mesmo sentido";"Com Vítimas Feridas";"Pleno dia";"Crescente";"Sol";"Dupla";"Declive;Curva";"Não";3;0;0;1;1;1;1;3;-25,4473;-49,6028;"SPRF-PR";"DEL03-PR";"UOP03-DEL03-PR"
685891;2025-04-19;"sábado";"07:45:00";"PA";316;114;"SANTA MARIA DO PARA";"Ausência de reação do condutor";"Saída de leito carroçável";"Com Vítimas Feridas";"Pleno dia";"Decrescente";"Céu Claro";"Simples";"Reta;Declive";"Não";6;0;3;1;2;0;4;1;-1,31684868;-47,48797417;"SPRF-PA";"DEL01-PA";"UOP02-DEL01-PA"
685893;2025-04-19;"sábado";"08:20:00";"MG";116;522;"CARATINGA";"Desrespeitar a preferência no cruzamento";"Colisão transversal";"Com Vítimas Feridas";"Pleno dia";"Crescente";"Nublado";"Simples";"Interseção de Vias";"Sim";2;0;0;1;1;0;1;2;-19,7464999;-42,13269588;"SPRF-MG";"DEL06-MG";"UOP02-DEL06-MG"
685894;2025-04-19;"sábado";"08:30:00";"SC";280;4;"SAO FRANCISCO DO SUL";"Ausência de reação do condutor";"Colisão traseira";"Sem Vítimas";"Pleno dia";"Decrescente";"Ignorado";"Simples";"Reta";"Sim";2;0;0;0;2;0;0;2;-26,253143;-48,618982;"SPRF-SC";"DEL03-SC";"UOP03-DEL03-SC"
685895;2025-04-19;"sábado";"09:10:00";"PE";101;70,6;"RECIFE";"Acesso irregular";"Colisão lateral mesmo sentido";"Com Vítimas Feridas";"Pleno dia";"Crescente";"Sol";"Dupla";"Reta";"Sim";2;0;1;0;1;0;1;2;-8,072022;-34,942678;"SPRF-PE";"DEL01-PE";"UOP01-DEL01-PE"
685896;2025-04-19;"sábado";"09:10:00";"CE";116;12;"FORTALEZA";"Acessar a via sem observar a presença dos outros veículos";"Colisão lateral mesmo sentido";"Com Vítimas Feridas";"Pleno dia";"Crescente";"Céu Claro";"Múltipla";"Interseção de Vias";"Sim";3;0;1;0;2;0;1;2;-3,850966;-38,495689;"SPRF-CE";"DEL01-CE";"UOP02-DEL01-CE"
685897;2025-04-19;"sábado";"09:00:00";"MA";402;141;"SANTO AMARO DO MARANHAO";"Velocidade Incompatível";"Saída de leito carroçável";"Com Vítimas Feridas";"Pleno dia";"Decrescente";"Sol";"Simples";"Reta";"Não";1;0;1;0;0;0;1;1;-2,8300351;-43,1894155;"SPRF-MA";"DEL01-MA";"UOP01-DEL01-MA"
685898;2025-04-11;"sexta-feira";"17:43:00";"BA";324;550,7;"AMELIA RODRIGUES";"Condutor deixou de manter distância do veículo da frente";"Colisão traseira";"Sem Vítimas";"Anoitecer";"Crescente";"Céu Claro";"Dupla";"Reta";"Não";2;0;0;0;2;0;0;2;-12,43650222;-38,72713533;"SPRF-BA";"DEL01-BA";"UOP03-DEL01-BA"
685901;2025-04-19;"sábado";"09:00:00";"PE";232;7,6;"RECIFE";"Manobra de mudança de faixa";"Colisão traseira";"Com Vítimas Feridas";"Pleno dia";"Decrescente";"Céu Claro";"Dupla";"Reta";"Sim";2;0;1;0;1;0;1;2;-8,07466;-34,96668;"SPRF-PE";"DEL01-PE";"UOP01-DEL01-PE"
685902;2025-04-19;"sábado";"09:00:00";"RJ";101;62;"CAMPOS DOS GOYTACAZES";"Ausência de reação do condutor";"Colisão traseira";"Com Vítimas Feridas";"Pleno dia";"Crescente";"Céu Claro";"Simples";"Reta";"Sim";2;0;1;0;1;0;1;2;-21,737121;-41,326361;"SPRF-RJ";"DEL08-RJ";"UOP01-DEL08-RJ"
685903;2025-04-19;"sábado";"09:00:00";"PE";232;7;"RECIFE";"Condutor deixou de manter distância do veículo da frente";"Colisão traseira";"Com Vítimas Feridas";"Pleno dia";"Decrescente";"Céu Claro";"Dupla";"Reta";"Sim";2;0;1;0;1;0;1;2;-8,07466;-34,96668;"SPRF-PE";"DEL01-PE";"UOP01-DEL01-PE"
685905;2025-04-15;"terça-feira";"16:38:00";"MT";163;532;"DIAMANTINO";"Objeto estático sobre o leito carroçável";"Colisão com objeto";"Com Vítimas Feridas";"Anoitecer";"Decrescente";"Nublado";"Simples";"Aclive;Em Obras;Desvio Temporário";"Não";4;0;0;1;3;0;1;1;-14,39002925;-56,1181444;"SPRF-MT";"DEL01-MT";"UOP01-DEL01-MT"
685906;2025-04-19;"sábado";"09:35:00";"SP";153;57;"SAO JOSE DO RIO PRETO";"Demais falhas mecânicas ou elétricas";"Tombamento";"Com Vítimas Feridas";"Pleno dia";"Crescente";"Céu Claro";"Dupla";"Reta";"Sim";2;0;2;0;0;0;2;1;-20,77478221;-49,35197344;"SPRF-SP";"DEL09-SP";"UOP01-DEL09-SP"
685907;2025-04-16;"quarta-feira";"06:40:00";"RJ";40;36;"AREAL";"Acumulo de óleo sobre o pavimento";"Saída de leito carroçável";"Com Vítimas Feridas";"Pleno dia";"Crescente";"Nublado";"Dupla";"Reta;Declive";"Não";5;0;3;0;2;0;3;2;-22,2235882;-43,1263017;"SPRF-RJ";"DEL05-RJ";"UOP02-DEL05-RJ"
685908;2025-04-19;"sábado";"06:50:00";"MG";381;887,4;"CAMBUI";"Velocidade Incompatível";"Saída de leito carroçável";"Com Vítimas Feridas";"Pleno dia";"Decrescente";"Chuva";"Dupla";"Curva";"Não";1;0;1;0;0;0;1;1;-22,52012894;-46,02211475;"SPRF-MG";"DEL16-MG";"UOP01-DEL16-MG"
685909;2025-04-16;"quarta-feira";"09:10:00";"BA";116;775,6;"PLANALTO";"Acessar a via sem observar a presença dos outros veículos";"Colisão frontal";"Com Vítimas Fatais";"Pleno dia";"Crescente";"Céu Claro";"Simples";"Reta;Declive";"Não";4;1;0;0;2;1;0;3;-14,66004;-40,46111;"SPRF-BA";"DEL08-BA";"UOP02-DEL08-BA"
685910;2025-04-19;"sábado";"09:50:00";"MG";381;850,4;"POUSO ALEGRE";"Velocidade Incompatível";"Tombamento";"Com Vítimas Feridas";"Pleno dia";"Crescente";"Nublado";"Dupla";"Reta";"Sim";1;0;1;0;0;0;1;1;-22,2424817;-45,88277755;"SPRF-MG";"DEL16-MG";"UOP01-DEL16-MG"
685911;2025-04-19;"sábado";"10:00:00";"RN";101;119;"SAO JOSE DE MIPIBU";"Animais na Pista";"Atropelamento de Animal";"Com Vítimas Feridas";"Pleno dia";"Decrescente";"Céu Claro";"Dupla";"Reta";"Não";1;0;1;0;0;0;1;1;-6,021782;-35,251702;"SPRF-RN";"DEL01-RN";"UOP01-DEL01-RN"
685913;2025-04-19;"sábado";"10:20:00";"PB";230;22,5;"JOAO PESSOA";"Ausência de reação do condutor";"Engavetamento";"Com Vítimas Feridas";"Pleno dia";"Decrescente";"Sol";"Dupla";"Reta";"Sim";5;0;2;0;3;0;2;3;-7,15332776;-34,85481024;"SPRF-PB";"DEL01-PB";"UOP01-DEL01-PB"
685915;2025-04-19;"sábado";"08:50:00";"SP";116;126;"CACAPAVA";"Reação tardia ou ineficiente do condutor";"Engavetamento";"Sem Vítimas";"Pleno dia";"Decrescente";"Céu Claro";"Dupla";"Reta";"Não";11;0;0;0;11;0;0;4;-23,10173338;-45,69041482;"SPRF-SP";"DEL02-SP";"UOP02-DEL02-SP"
685916;2025-04-19;"sábado";"08:50:00";"ES";101;137,1;"LINHARES";"Acessar a via sem observar a presença dos outros veículos";"Colisão transversal";"Com Vítimas Feridas";"Pleno dia";"Decrescente";"Céu Claro";"Simples";"Interseção de Vias";"Não";6;0;3;0;3;0;3;2;-19,29402534;-40,08581573;"SPRF-ES";"DEL04-ES";"UOP01-DEL04-ES"
685918;2025-04-19;"sábado";"05:40:00";"PI";230;18,3;"FRONTEIRAS";"Condutor deixou de manter distância do veículo da frente";"Colisão traseira";"Com Vítimas Feridas";"Amanhecer";"Decrescente";"Sol";"Simples";"Reta";"Sim";3;0;0;2;1;0;2;2;-7,09680438;-40,64872742;"SPRF-PI";"DEL04-PI";"UOP03-DEL04-PI"
685922;2025-04-19;"sábado";"09:50:00";"RJ";101;68;"CAMPOS DOS GOYTACAZES";"Ausência de reação do condutor";"Colisão traseira";"Com Vítimas Feridas";"Pleno dia";"Decrescente";"Céu Claro";"Simples";"Reta";"Sim";3;0;2;0;0;1;2;2;-21,77875866;-41,36944402;"SPRF-RJ";"DEL08-RJ";"UOP02-DEL08-RJ"
685923;2025-04-19;"sábado";"10:25:00";"MG";381;846;"SAO SEBASTIAO DA BELA VISTA";"Animais na Pista";"Queda de ocupante de veículo";"Com Vítimas Feridas";"Pleno dia";"Crescente";"Nublado";"Dupla";"Reta";"Não";1;0;1;0;0;0;1;1;-22,21083067;-45,86637368;"SPRF-MG";"DEL16-MG";"UOP01-DEL16-MG"
685924;2025-01-01;"quarta-feira";"15:31:00";"PA";163;309;"NOVO PROGRESSO";"Conversão proibida";"Colisão transversal";"Com Vítimas Feridas";"Pleno dia";"Crescente";"Céu Claro";"Simples";"Reta";"Sim";4;0;2;1;1;0;3;2;-7,05205438;-55,4103291;"SPRF-PA";"DEL06-PA";"UOP02-DEL06-PA"
685925;2025-04-19;"sábado";"11:05:00";"PI";343;48;"BURITI DOS LOPES";"Acessar a via sem observar a presença dos outros veículos";"Colisão transversal";"Com Vítimas Feridas";"Pleno dia";"Crescente";"Céu Claro";"Simples";"Curva";"Não";2;0;1;0;1;0;1;2;-3,17565508;-41,86937305;"SPRF-PI";"DEL05-PI";"UOP01-DEL05-PI"
685926;2025-04-19;"sábado";"10:40:00";"PR";280;257,5;"MARMELEIRO";"Transitar na contramão";"Colisão frontal";"Com Vítimas Feridas";"Pleno dia";"Decrescente";"Céu Claro";"Simples";"Reta;Declive";"Não";3;0;1;2;0;0;3;2;-26,162822;-53,044608;"SPRF-PR";"DEL02-PR";"UOP01-DEL02-PR"
685927;2025-04-17;"quinta-feira";"06:40:00";"SC";282;215;"LAGES";"Reação tardia ou ineficiente do condutor";"Colisão traseira";"Com Vítimas Feridas";"Pleno dia";"Crescente";"Céu Claro";"Simples";"Rotatória";"Sim";4;0;1;0;3;0;1;2;-27,79462052;-50,28455114;"SPRF-SC";"DEL05-SC";"UOP01-DEL05-SC"
685928;2025-04-19;"sábado";"11:20:00";"PR";369;148;"LONDRINA";"Afundamento ou ondulação no pavimento";"Queda de ocupante de veículo";"Com Vítimas Feridas";"Pleno dia";"Decrescente";"Céu Claro";"Dupla";"Reta";"Sim";1;0;1;0;0;0;1;1;-23,2931739;-51,1492404;"SPRF-PR";"DEL07-PR";"UOP01-DEL07-PR"
685929;2025-04-19;"sábado";"11:20:00";"MG";365;575,2;"INDIANOPOLIS";"Conversão proibida";"Colisão transversal";"Com Vítimas Fatais";"Pleno dia";"Crescente";"Sol";"Simples";"Reta";"Não";4;2;2;0;0;0;2;2;-18,90604749;-47,90274912;"SPRF-MG";"DEL15-MG";"UOP02-DEL15-MG"
685931;2025-04-19;"sábado";"11:30:00";"DF";20;21;"BRASILIA";"Condutor deixou de manter distância do veículo da frente";"Colisão traseira";"Com Vítimas Feridas";"Pleno dia";"Decrescente";"Sol";"Dupla";"Reta";"Sim";2;0;1;0;1;0;1;2;-15,60014573;-47,67307163;"SPRF-DF";"DEL02-DF";"UOP01-DEL02-DF"
685935;2025-04-19;"sábado";"10:55:00";"MG";381;493,2;"BETIM";"Avarias e/ou desgaste excessivo no pneu";"Tombamento";"Com Vítimas Feridas";"Pleno dia";"Crescente";"Céu Claro";"Dupla";"Reta";"Sim";2;0;2;0;0;0;2;1;-19,96419269;-44,17164803;"SPRF-MG";"DEL01-MG";"UOP03-DEL01-MG"
685936;2025-04-19;"sábado";"11:25:00";"PE";232;30,8;"MORENO";"Condutor Dormindo";"Saída de leito carroçável";"Com Vítimas Feridas";"Pleno dia";"Crescente";"Céu Claro";"Dupla";"Reta";"Não";7;0;2;0;5;0;2;3;-8,10786;-35,157996;"SPRF-PE";"DEL01-PE";"UOP01-DEL01-PE"
685937;2025-04-16;"quarta-feira";"19:40:00";"SP";116;335,5;"JUQUITIBA";"Pedestre cruzava a pista fora da faixa";"Atropelamento de Pedestre";"Com Vítimas Feridas";"Plena Noite";"Crescente";"Nublado";"Dupla";"Reta";"Não";2;0;1;0;1;0;1;2;-23,97195;-47,136844;"SPRF-SP";"DEL04-SP";"UOP03-DEL04-SP"
685938;2025-04-19;"sábado";"12:08:00";"SC";282;5,2;"SAO JOSE";"Acessar a via sem observar a presença dos outros veículos";"Colisão lateral mesmo sentido";"Com Vítimas Feridas";"Pleno dia";"Decrescente";"Nublado";"Dupla";"Reta;Declive";"Sim";2;0;1;0;1;0;1;2;-27,5881;-48,6133;"SPRF-SC";"DEL01-SC";"UOP01-DEL01-SC"
685940;2025-04-19;"sábado";"11:35:00";"RJ";356;32;"ITAPERUNA";"Área urbana sem a presença de local apropriado para a travessia de pedestres";"Atropelamento de Pedestre";"Com Vítimas Feridas";"Pleno dia";"Decrescente";"Nublado";"Dupla";"Reta";"Sim";2;0;1;0;1;0;1;2;-21,2005;-41,901734;"SPRF-RJ";"DEL08-RJ";"UOP03-DEL08-RJ"
685942;2025-04-19;"sábado";"12:05:00";"RS";472;156,3;"SANTA ROSA";"Acessar a via sem observar a presença dos outros veículos";"Colisão transversal";"Com Vítimas Feridas";"Pleno dia";"Crescente";"Céu Claro";"Simples";"Rotatória";"Sim";2;0;1;0;1;0;1;2;-27,84148579;-54,43467021;"SPRF-RS";"DEL10-RS";"UOP01-DEL10-RS"
685944;2025-04-19;"sábado";"12:30:00";"DF";20;18,2;"BRASILIA";"Reação tardia ou ineficiente do condutor";"Queda de ocupante de veículo";"Com Vítimas Feridas";"Pleno dia";"Decrescente";"Nublado";"Dupla";"Reta";"Sim";3;0;1;1;1;0;2;2;-15,61532975;-47,70645496;"SPRF-DF";"DEL02-DF";"UOP01-DEL02-DF"
685945;2025-04-19;"sábado";"12:50:00";"SC";101;219,4;"PALHOCA";"Reação tardia ou ineficiente do condutor";"Colisão traseira";"Com Vítimas Feridas";"Pleno dia";"Crescente";"Nublado";"Dupla";"Reta";"Sim";2;0;1;0;1;0;1;2;-27,68661056;-48,66621343;"SPRF-SC";"DEL01-SC";"UOP02-DEL01-SC"
685946;2025-04-19;"sábado";"13:20:00";"SC";101;231,5;"PALHOCA";"Velocidade Incompatível";"Saída de leito carroçável";"Com Vítimas Feridas";"Pleno dia";"Crescente";"Nublado";"Dupla";"Reta";"Não";1;0;0;1;0;0;1;1;-27,78654275;-48,63510132;"SPRF-SC";"DEL01-SC";"UOP02-DEL01-SC"
685947;2025-04-19;"sábado";"11:40:00";"MS";163;394,2;"NOVA ALVORADA DO SUL";"Ingestão de álcool pelo condutor";"Saída de leito carroçável";"Sem Vítimas";"Pleno dia";"Crescente";"Chuva";"Simples";"Reta";"Não";1;0;0;0;1;0;0;1;-21,217007;-54,459073;"SPRF-MS";"DEL02-MS";"UOP01-DEL02-MS"
685948;2025-04-19;"sábado";"09:10:00";"RJ";393;106;"SAPUCAIA";"Acessar a via sem observar a presença dos outros veículos";"Colisão transversal";"Com Vítimas Feridas";"Pleno dia";"Crescente";"Céu Claro";"Simples";"Reta;Interseção de Vias";"Sim";3;0;2;0;1;0;2;2;-21,88764232;-42,69779898;"SPRF-RJ";"DEL05-RJ";"UOP01-DEL05-RJ"
685949;2025-04-19;"sábado";"12:25:00";"PR";376;678;"GUARATUBA";"Reação tardia ou ineficiente do condutor";"Saída de leito carroçável";"Com Vítimas Feridas";"Pleno dia";"Crescente";"Chuva";"Dupla";"Reta";"Não";2;0;1;0;1;0;1;1;-25,949178;-48,9047;"SPRF-PR";"DEL01-PR";"UOP04-DEL01-PR"
685950;2025-04-19;"sábado";"13:20:00";"SC";101;213,3;"PALHOCA";"Desrespeitar a preferência no cruzamento";"Colisão transversal";"Com Vítimas Feridas";"Pleno dia";"Decrescente";"Céu Claro";"Múltipla";"Viaduto;Interseção de Vias";"Sim";4;0;2;0;1;1;2;3;-27,63957167;-48,666645;"SPRF-SC";"DEL01-SC";"UOP02-DEL01-SC"
685951;2025-04-19;"sábado";"09:30:00";"SC";282;343;"CAMPOS NOVOS";"Chuva";"Atropelamento de Pedestre";"Com Vítimas Feridas";"Pleno dia";"Decrescente";"Chuva";"Simples";"Rotatória";"Sim";3;0;1;0;2;0;1;2;-27,38635;-51,235013;"SPRF-SC";"DEL07-SC";"UOP06-DEL07-SC"
685952;2025-04-19;"sábado";"12:15:00";"BA";110;293;"INHAMBUPE";"Mal súbito do condutor";"Colisão transversal";"Com Vítimas Feridas";"Pleno dia";"Decrescente";"Céu Claro";"Simples";"Reta;Declive";"Não";2;0;1;0;1;0;1;2;-11,804374;-38,351127;"SPRF-BA";"DEL01-BA";"UOP04-DEL01-BA"
685954;2025-04-19;"sábado";"13:15:00";"RS";285;526,3;"SAO MIGUEL DAS MISSOES";"Velocidade Incompatível";"Saída de leito carroçável";"Com Vítimas Feridas";"Pleno dia";"Decrescente";"Céu Claro";"Simples";"Ponte;Curva";"Não";2;0;1;1;0;0;2;1;-28,40382054;-54,53780651;"SPRF-RS";"DEL10-RS";"UOP01-DEL10-RS"
685955;2025-04-19;"sábado";"11:40:00";"PB";361;80;"PIANCO";"Condutor Dormindo";"Saída de leito carroçável";"Com Vítimas Feridas";"Pleno dia";"Decrescente";"Céu Claro";"Simples";"Reta";"Não";1;0;0;1;0;0;1;1;-7,190262;-37,902075;"SPRF-PB";"DEL03-PB";"UOP01-DEL03-PB"
685956;2025-02-15;"sábado";"06:20:00";"PE";407;129;"PETROLINA";"Condutor deixou de manter distância do veículo da frente";"Tombamento";"Com Vítimas Feridas";"Amanhecer";"Crescente";"Céu Claro";"Dupla";"Ponte";"Não";2;0;1;0;0;1;1;2;-9,40475346;-40,50448895;"SPRF-PE";"DEL06-PE";"UOP01-DEL06-PE"
685957;2025-04-19;"sábado";"11:50:00";"MT";163;215,6;"RONDONOPOLIS";"Ausência de reação do condutor";"Colisão com objeto";"Com Vítimas Feridas";"Pleno dia";"Decrescente";"Céu Claro";"Dupla";"Retorno Regulamentado";"Não";1;0;0;1;0;0;1;1;-16,38108543;-54,71363068;"SPRF-MT";"DEL05-MT";"UOP02-DEL05-MT"
685959;2025-04-19;"sábado";"12:40:00";"PE";232;243;"ARCOVERDE";"Manobra de mudança de faixa";"Colisão frontal";"Com Vítimas Fatais";"Pleno dia";"Decrescente";"Céu Claro";"Simples";"Reta";"Não";7;1;3;2;0;1;5;3;-8,418235;-36,9933;"SPRF-PE";"DEL04-PE";"UOP02-DEL04-PE"
685960;2025-04-19;"sábado";"14:40:00";"SP";381;60;"MAIRIPORA";"Velocidade Incompatível";"Capotamento";"Com Vítimas Feridas";"Pleno dia";"Decrescente";"Chuva";"Dupla";"Curva";"Não";2;0;1;0;1;0;1;1;-23,33500371;-46,57509845;"SPRF-SP";"DEL03-SP";"UOP01-DEL03-SP"
685961;2025-04-19;"sábado";"15:00:00";"SC";101;121;"ITAJAI";"Condutor deixou de manter distância do veículo da frente";"Colisão traseira";"Com Vítimas Feridas";"Pleno dia";"Decrescente";"Nublado";"Múltipla";"Reta";"Sim";2;0;1;0;1;0;1;2;-26,92116;-48,70838;"SPRF-SC";"DEL04-SC";"UOP04-DEL04-SC"
685962;2025-04-19;"sábado";"14:00:00";"GO";452;20;"RIO VERDE";"Reação tardia ou ineficiente do condutor";"Saída de leito carroçável";"Com Vítimas Feridas";"Pleno dia";"Crescente";"Nublado";"Dupla";"Reta;Declive;Retorno Regulamentado";"Não";1;0;1;0;0;0;1;1;-17,873273;-50,727165;"SPRF-GO";"DEL04-GO";"UOP01-DEL04-GO"
685963;2025-04-19;"sábado";"15:00:00";"DF";40;5;"BRASILIA";"Manobra de mudança de faixa";"Colisão lateral mesmo sentido";"Com Vítimas Feridas";"Pleno dia";"Crescente";"Céu Claro";"Dupla";"Reta";"Sim";2;0;1;0;0;1;1;2;-16,020609;-47,980503;"SPRF-DF";"DEL01-DF";"UOP01-DEL01-DF"
685964;2025-04-19;"sábado";"15:00:00";"SC";101;318;"PESCARIA BRAVA";"Demais falhas mecânicas ou elétricas";"Tombamento";"Com Vítimas Feridas";"Pleno dia";"Crescente";"Garoa/Chuvisco";"Dupla";"Reta";"Sim";2;0;1;1;0;0;2;1;-28,42864325;-48,87669917;"SPRF-SC";"DEL02-SC";"UOP01-DEL02-SC"
685965;2025-04-19;"sábado";"15:38:00";"RN";101;83;"SAO GONCALO DO AMARANTE";"Condutor deixou de manter distância do veículo da frente";"Colisão transversal";"Com Vítimas Feridas";"Pleno dia";"Crescente";"Céu Claro";"Dupla";"Interseção de Vias;Rotatória;Curva";"Sim";3;0;1;1;1;0;2;2;-5,77102616;-35,26777441;"SPRF-RN";"DEL02-RN";"UOP01-DEL02-RN"
685966;2025-04-19;"sábado";"14:50:00";"RS";116;397;"CAMAQUA";"Acessar a via sem observar a presença dos outros veículos";"Colisão transversal";"Com Vítimas Feridas";"Pleno dia";"Crescente";"Céu Claro";"Dupla";"Em Obras;Interseção de Vias";"Sim";3;0;1;0;2;0;1;2;-30,858943;-51,788448;"SPRF-RS";"DEL02-RS";"UOP02-DEL02-RS"
685968;2025-04-19;"sábado";"15:35:00";"ES";262;57,1;"MARECHAL FLORIANO";"Ausência de reação do condutor";"Engavetamento";"Sem Vítimas";"Pleno dia";"Crescente";"Nublado";"Simples";"Reta";"Não";3;0;0;0;3;0;0;3;-20,41728006;-40,76425552;"SPRF-ES";"DEL01-ES";"UOP01-DEL01-ES"