"id";"data_inversa";"dia_semana";"horario";"uf";"br";"km";"municipio";"causa_acidente";"tipo_acidente";"classificacao_acidente";"fase_dia";"sentido_via";"condicao_metereologica";"tipo_pista";"tracado_via";"uso_solo";"pessoas";"mortos";"feridos_leves";"feridos_graves";"ilesos";"ignorados";"feridos";"veiculos";"latitude";"longitude";"regional";"delegacia";"uop"
685969;2025-04-19;"sábado";"13:20:00";"MG";365;683;"MONTE ALEGRE DE MINAS";"Demais falhas mecânicas ou elétricas";"Saída de leito carroçável";"Com Vítimas Feridas";"Pleno dia";"Decrescente";"Chuva";"Dupla";"Reta";"Não";4;0;3;0;1;0;3;1;-18,85052965;-48,83539406;"SPRF-MG";"DEL15-MG";"UOP01-DEL15-MG"
685970;2025-04-19;"sábado";"15:00:00";"PR";277;669,5;"MEDIANEIRA";"Ausência de reação do condutor";"Colisão traseira";"Com Vítimas Feridas";"Pleno dia";"Decrescente";"Céu Claro";"Dupla";"Reta;Aclive";"Sim";2;0;0;1;1;0;1;2;-25,27450352;-54,06857014;"SPRF-PR";"DEL05-PR";"UOP02-DEL05-PR"
685972;2025-04-19;"sábado";"14:10:00";"MG";262;790;"UBERABA";"Reação tardia ou ineficiente do condutor";"Saída de leito carroçável";"Com Vítimas Feridas";"Pleno dia";"Decrescente";"Nublado";"Simples";"Reta";"Não";4;0;2;0;1;1;2;2;-19,7456327;-47,9385299;"SPRF-MG";"DEL13-MG";"UOP01-DEL13-MG"
685973;2025-04-19;"sábado";"15:00:00";"RJ";116;230;"PIRAI";"Reação tardia ou ineficiente do condutor";"Queda de ocupante de veículo";"Com Vítimas Feridas";"Pleno dia";"Crescente";"Nublado";"Dupla";"Curva";"Não";1;0;1;0;0;0;1;1;-22,65989954;-43,88873424;"SPRF-RJ";"DEL07-RJ";"UOP01-DEL07-RJ"
685975;2025-04-19;"sábado";"13:00:00";"RO";364;20;"VILHENA";"Transitar na contramão";"Colisão frontal";"Com Vítimas Feridas";"Pleno dia";"Crescente";"Chuva";"Simples";"Reta";"Não";8;0;3;4;1;0;7;3;-12,72561914;-60,20039974;"SPRF-RO";"DEL04-RO";"UOP01-DEL04-RO"
685976;2025-04-19;"sábado";"15:34:00";"DF";70;0,4;"BRASILIA";"Ingestão de álcool pelo condutor";"Saída de leito carroçável";"Com Vítimas Feridas";"Pleno dia";"Crescente";"Céu Claro";"Múltipla";"Aclive";"Não";1;0;1;0;0;0;1;1;-15,7952673;-48,1990934;"SPRF-DF";"DEL03-DF";"UOP02-DEL03-DF"
685977;2025-04-19;"sábado";"16:15:00";"ES";101;352,6;"ANCHIETA";"Velocidade Incompatível";"Tombamento";"Com Vítimas Fatais";"Pleno dia";"Decrescente";"Nublado";"Simples";"Curva";"Não";3;1;0;1;0;1;1;3;-20,672678;-40,664446;"SPRF-ES";"DEL03-ES";"UOP01-DEL03-ES"
685978;2025-04-19;"sábado";"14:28:00";"MS";158;90,8;"PARANAIBA";"Trafegar com motocicleta (ou similar) entre as faixas";"Tombamento";"Com Vítimas Feridas";"Pleno dia";"Decrescente";"Nublado";"Simples";"Reta";"Não";1;0;1;0;0;0;1;1;-19,68514663;-51,20846093;"SPRF-MS";"DEL08-MS";"UOP01-DEL08-MS"
685979;2025-04-19;"sábado";"15:41:00";"PR";277;25;"MORRETES";"Manobra de mudança de faixa";"Saída de leito carroçável";"Com Vítimas Feridas";"Pleno dia";"Crescente";"Chuva";"Dupla";"Reta;Aclive";"Não";1;0;1;0;0;0;1;1;-25,5479826;-48,7867897;"SPRF-PR";"DEL01-PR";"UOP05-DEL01-PR"
685981;2025-04-19;"sábado";"16:05:00";"MG";354;747,7;"POUSO ALTO";"Acumulo de areia ou detritos sobre o pavimento";"Queda de ocupante de veículo";"Com Vítimas Feridas";"Pleno dia";"Decrescente";"Chuva";"Simples";"Reta";"Não";2;0;1;1;0;0;2;1;-22,26285141;-44,91400838;"SPRF-MG";"DEL17-MG";"UOP01-DEL17-MG"
685982;2025-04-19;"sábado";"14:30:00";"MG";381;428,7;"SABARA";"Pista Escorregadia";"Colisão transversal";"Com Vítimas Fatais";"Pleno dia";"Decrescente";"Chuva";"Simples";"Curva";"Não";4;1;1;2;0;0;3;2;-19,78699001;-43,68943437;"SPRF-MG";"DEL01-MG";"UOP01-DEL01-MG"
685983;2025-04-19;"sábado";"16:20:00";"SP";381;60;"MAIRIPORA";"Chuva";"Saída de leito carroçável";"Com Vítimas Feridas";"Pleno dia";"Crescente";"Chuva";"Dupla";"Declive;Curva";"Não";2;0;1;0;1;0;1;1;-23,28909067;-46,58295393;"SPRF-SP";"DEL03-SP";"UOP01-DEL03-SP"
685984;2025-04-19;"sábado";"16:10:00";"SC";101;148;"ITAPEMA";"Reação tardia ou ineficiente do condutor";"Tombamento";"Com Vítimas Feridas";"Pleno dia";"Decrescente";"Céu Claro";"Dupla";"Reta";"Sim";1;0;1;0;0;0;1;1;-27,11078424;-48,61175537;"SPRF-SC";"DEL04-SC";"UOP03-DEL04-SC"
685985;2025-04-19;"sábado";"11:10:00";"MA";222;544;"BOM JESUS DAS SELVAS";"Curva acentuada";"Saída de leito carroçável";"Com Vítimas Feridas";"Pleno dia";"Decrescente";"Céu Claro";"Simples";"Curva";"Não";1;0;0;1;0;0;1;1;-4,32039;-46,59292;"SPRF-MA";"DEL04-MA";"UOP03-DEL04-MA"
685986;2025-04-19;"sábado";"17:00:00";"RS";158;150,9;"PANAMBI";"Ultrapassagem Indevida";"Colisão frontal";"Com Vítimas Feridas";"Pleno dia";"Decrescente";"Sol";"Simples";"Reta;Aclive";"Não";5;0;2;0;2;1;2;3;-28,28878;-53,485403;"SPRF-RS";"DEL10-RS";"UOP02-DEL10-RS"
685987;2025-04-19;"sábado";"15:30:00";"SP";116;564;"BARRA DO TURVO";"Ausência de reação do condutor";"Colisão com objeto";"Com Vítimas Feridas";"Pleno dia";"Decrescente";"Garoa/Chuvisco";"Dupla";"Reta";"Não";4;0;1;0;3;0;1;1;-25,04123955;-48,53809789;"SPRF-SP";"DEL05-SP";"UOP02-DEL05-SP"
685988;2025-04-19;"sábado";"16:20:00";"RJ";116;226,5;"PARACAMBI";"Reação tardia ou ineficiente do condutor";"Tombamento";"Com Vítimas Feridas";"Pleno dia";"Decrescente";"Nublado";"Dupla";"Curva";"Não";1;0;1;0;0;0;1;1;-22,6900609;-43,8003194;"SPRF-RJ";"DEL07-RJ";"UOP01-DEL07-RJ"
685989;2025-04-19;"sábado";"15:30:00";"SC";280;95;"CORUPA";"Ausência de reação do condutor";"Colisão frontal";"Com Vítimas Feridas";"Pleno dia";"Crescente";"Céu Claro";"Simples";"Curva;Declive";"Não";2;0;1;0;1;0;1;2;-26,38015809;-49,31870872;"SPRF-SC";"DEL06-SC";"UOP03-DEL06-SC"
685990;2025-04-19;"sábado";"17:30:00";"SP";116;117;"TAUBATE";"Manobra de mudança de faixa";"Saída de leito carroçável";"Com Vítimas Feridas";"Anoitecer";"Crescente";"Garoa/Chuvisco";"Dupla";"Reta";"Não";8;0;5;0;0;3;5;3;-23,05987612;-45,62147671;"SPRF-SP";"DEL02-SP";"UOP02-DEL02-SP"
685991;2025-04-19;"sábado";"17:20:00";"MG";381;611,4;"OLIVEIRA";"Chuva";"Saída de leito carroçável";"Com Vítimas Feridas";"Pleno dia";"Decrescente";"Chuva";"Dupla";"Reta;Retorno Regulamentado";"Não";1;0;1;0;0;0;1;1;-20,69015417;-44,74352807;"SPRF-MG";"DEL04-MG";"UOP01-DEL04-MG"
685992;2025-04-19;"sábado";"16:20:00";"PE";407;127;"PETROLINA";"Ingestão de álcool pelo condutor";"Colisão traseira";"Sem Vítimas";"Pleno dia";"Crescente";"Céu Claro";"Simples";"Reta";"Sim";2;0;0;0;2;0;0;2;-9,39283893;-40,5144453;"SPRF-PE";"DEL06-PE";"UOP01-DEL06-PE"
685994;2025-04-19;"sábado";"17:50:00";"MG";116;772;"LEOPOLDINA";"Ausência de reação do condutor";"Colisão transversal";"Com Vítimas Feridas";"Anoitecer";"Decrescente";"Céu Claro";"Simples";"Rotatória";"Não";3;0;1;0;2;0;1;2;-21,56393225;-42,67830927;"SPRF-MG";"DEL07-MG";"UOP01-DEL07-MG"
685997;2025-04-19;"sábado";"17:52:00";"RJ";116;170;"RIO DE JANEIRO";"Ausência de reação do condutor";"Queda de ocupante de veículo";"Com Vítimas Feridas";"Anoitecer";"Crescente";"Céu Claro";"Múltipla";"Reta;Em Obras";"Sim";2;0;0;1;1;0;1;1;-22,81148144;-43,33350766;"SPRF-RJ";"DEL06-RJ";"UOP01-DEL06-RJ"
685999;2025-04-19;"sábado";"17:25:00";"BA";116;813,7;"VITORIA DA CONQUISTA";"Acessar a via sem observar a presença dos outros veículos";"Colisão transversal";"Com Vítimas Feridas";"Pleno dia";"Decrescente";"Nublado";"Simples";"Reta";"Sim";4;0;1;0;3;0;1;3;-14,805381;-40,783765;"SPRF-BA";"DEL08-BA";"UOP01-DEL08-BA"
686000;2025-04-19;"sábado";"18:25:00";"SE";101;93;"NOSSA SENHORA DO SOCORRO";"Acessar a via sem observar a presença dos outros veículos";"Colisão traseira";"Com Vítimas Feridas";"Plena Noite";"Crescente";"Céu Claro";"Dupla";"Reta";"Sim";2;0;0;1;1;0;1;2;-10,90222944;-37,14536363;"SPRF-SE";"DEL01-SE";"UOP01-DEL01-SE"
686002;2025-04-19;"sábado";"18:25:00";"RS";116;265;"CANOAS";"Condutor deixou de manter distância do veículo da frente";"Engavetamento";"Com Vítimas Feridas";"Plena Noite";"Decrescente";"Céu Claro";"Dupla";"Viaduto";"Não";6;0;1;0;5;0;1;4;-29,92625243;-51,17770303;"SPRF-RS";"DEL01-RS";"UOP01-DEL01-RS"
686003;2025-04-19;"sábado";"11:30:00";"PE";101;69;"RECIFE";"Manobra de mudança de faixa";"Colisão lateral mesmo sentido";"Com Vítimas Feridas";"Pleno dia";"Decrescente";"Céu Claro";"Dupla";"Reta";"Não";2;0;1;0;1;0;1;2;-8,060088;-34,945679;"SPRF-PE";"DEL01-PE";"UOP01-DEL01-PE"
686005;2025-04-19;"sábado";"18:50:00";"RJ";101;157,4;"CONCEICAO DE MACABU";"Transitar na contramão";"Colisão frontal";"Com Vítimas Fatais";"Plena Noite";"Crescente";"Nublado";"Simples";"Reta;Ponte";"Não";7;1;4;1;1;0;5;3;-22,267007;-41,859547;"SPRF-RJ";"DEL08-RJ";"UOP04-DEL08-RJ"
686006;2025-04-19;"sábado";"16:30:00";"SC";101;21,1;"JOINVILLE";"Ausência de reação do condutor";"Capotamento";"Com Vítimas Feridas";"Pleno dia";"Crescente";"Nublado";"Dupla";"Curva";"Não";2;0;2;0;0;0;2;1;-26,1903049;-48,91215;"SPRF-SC";"DEL03-SC";"UOP01-DEL03-SC"
686009;2025-03-08;"sábado";"05:38:00";"GO";153;427,9;"ANAPOLIS";"Ausência de reação do condutor";"Colisão traseira";"Com Vítimas Feridas";"Amanhecer";"Decrescente";"Céu Claro";"Dupla";"Reta";"Sim";7;0;0;2;5;0;2;2;-16,253782;-48,993178;"SPRF-GO";"DEL02-GO";"UOP01-DEL02-GO"
686010;2025-04-19;"sábado";"18:50:00";"RS";392;352;"SANTA MARIA";"Acessar a via sem observar a presença dos outros veículos";"Colisão transversal";"Com Vítimas Feridas";"Plena Noite";"Crescente";"Céu Claro";"Dupla";"Em Obras;Interseção de Vias;Desvio Temporário";"Sim";2;0;1;1;0;0;2;2;-29,71783669;-53,80859971;"SPRF-RS";"DEL09-RS";"UOP01-DEL09-RS"
686011;2025-04-19;"sábado";"18:00:00";"PB";230;462;"SOUSA";"Acessar a via sem observar a presença dos outros veículos";"Colisão transversal";"Com Vítimas Feridas";"Plena Noite";"Crescente";"Céu Claro";"Simples";"Reta;Interseção de Vias";"Sim";2;0;1;0;1;0;1;2;-6,778587;-38,23427;"SPRF-PB";"DEL03-PB";"UOP03-DEL03-PB"
686012;2025-04-19;"sábado";"17:00:00";"RJ";116;209;"SEROPEDICA";"Condutor Dormindo";"Colisão traseira";"Com Vítimas Feridas";"Pleno dia";"Decrescente";"Nublado";"Dupla";"Reta";"Não";3;0;2;0;1;0;2;2;-22,70683905;-43,73931885;"SPRF-RJ";"DEL06-RJ";"UOP02-DEL06-RJ"
686013;2025-04-19;"sábado";"19:19:00";"SC";116;0,8;"MAFRA";"Condutor deixou de manter distância do veículo da frente";"Colisão traseira";"Com Vítimas Feridas";"Plena Noite";"Crescente";"Nublado";"Simples";"Reta;Aclive";"Não";6;0;1;0;5;0;1;2;-26,11475283;-49,78628397;"SPRF-SC";"DEL06-SC";"UOP01-DEL06-SC"
686014;2025-04-16;"quarta-feira";"18:00:00";"BA";324;512,6;"FEIRA DE SANTANA";"Reação tardia ou ineficiente do condutor";"Colisão lateral mesmo sentido";"Com Vítimas Feridas";"Plena Noite";"Decrescente";"Céu Claro";"Dupla";"Rotatória;Interseção de Vias";"Sim";2;0;0;1;1;0;1;2;-12,230713;-38,963645;"SPRF-BA";"DEL02-BA";"UOP01-DEL02-BA"
686015;2025-04-19;"sábado";"19:20:00";"TO";153;678;"CARIRI DO TOCANTINS";"Reação tardia ou ineficiente do condutor";"Colisão traseira";"Com Vítimas Feridas";"Plena Noite";"Crescente";"Céu Claro";"Simples";"Reta";"Não";4;0;1;0;3;0;1;2;-11,78336044;-49,11434192;"SPRF-TO";"DEL01-TO";"UOP02-DEL01-TO"
686016;2025-04-19;"sábado";"19:30:00";"BA";324;513;"FEIRA DE SANTANA";"Acessar a via sem observar a presença dos outros veículos";"Colisão transversal";"Com Vítimas Feridas";"Plena Noite";"Crescente";"Nublado";"Simples";"Reta";"Sim";2;0;1;0;1;0;1;2;-12,23271304;-38,94889321;"SPRF-BA";"DEL02-BA";"UOP01-DEL02-BA"
686018;2025-04-19;"sábado";"18:10:00";"PB";230;356,1;"PATOS";"Ingestão de álcool pelo condutor";"Colisão transversal";"Com Vítimas Feridas";"Plena Noite";"Decrescente";"Céu Claro";"Simples";"Reta;Aclive";"Não";3;0;0;1;2;0;1;2;-6,926075;-37,427863;"SPRF-PB";"DEL03-PB";"UOP02-DEL03-PB"
686021;2025-04-19;"sábado";"18:50:00";"BA";110;168;"RIBEIRA DO POMBAL";"Transitar na contramão";"Colisão lateral sentido oposto";"Com Vítimas Feridas";"Plena Noite";"Decrescente";"Céu Claro";"Simples";"Reta";"Não";1;0;0;1;0;0;1;1;-10,804803;-38,525865;"SPRF-BA";"DEL07-BA";"UOP02-DEL07-BA"
686022;2025-04-19;"sábado";"19:30:00";"SC";101;154;"PORTO BELO";"Ingestão de álcool pelo condutor";"Saída de leito carroçável";"Sem Vítimas";"Plena Noite";"Decrescente";"Garoa/Chuvisco";"Dupla";"Reta";"Sim";1;0;0;0;1;0;0;1;-27,160836;-48,610934;"SPRF-SC";"DEL04-SC";"UOP03-DEL04-SC"
686023;2025-04-19;"sábado";"18:50:00";"RS";290;167;"BUTIA";"Ultrapassagem Indevida";"Colisão frontal";"Com Vítimas Feridas";"Anoitecer";"Crescente";"Céu Claro";"Simples";"Reta";"Não";5;0;0;4;1;0;4;2;-30,12508875;-51,90753901;"SPRF-RS";"DEL02-RS";"UOP03-DEL02-RS"
686024;2025-04-19;"sábado";"19:30:00";"BA";110;168;"RIBEIRA DO POMBAL";"Ingestão de álcool pelo condutor";"Colisão traseira";"Com Vítimas Feridas";"Plena Noite";"Decrescente";"Céu Claro";"Simples";"Reta;Declive";"Não";5;0;2;0;3;0;2;2;-10,80605131;-38,52562521;"SPRF-BA";"DEL07-BA";"UOP02-DEL07-BA"
686025;2025-04-19;"sábado";"19:00:00";"DF";70;14;"BRASILIA";"Acessar a via sem observar a presença dos outros veículos";"Colisão traseira";"Sem Vítimas";"Plena Noite";"Decrescente";"Nublado";"Dupla";"Reta";"Sim";4;0;0;0;4;0;0;2;-15,79923605;-48,18136688;"SPRF-DF";"DEL03-DF";"UOP02-DEL03-DF"
686027;2025-04-19;"sábado";"20:11:00";"CE";116;12;"FORTALEZA";"Iluminação deficiente";"Capotamento";"Sem Vítimas";"Plena Noite";"Decrescente";"Céu Claro";"Múltipla";"Reta";"Sim";1;0;0;0;0;1;0;1;-3,85515;-38,49668;"SPRF-CE";"DEL01-CE";"UOP02-DEL01-CE"
686028;2025-04-17;"quinta-feira";"04:45:00";"ES";101;283;"CARIACICA";"Acumulo de água sobre o pavimento";"Saída de leito carroçável";"Com Vítimas Feridas";"Plena Noite";"Decrescente";"Chuva";"Dupla";"Reta";"Não";1;0;1;0;0;0;1;1;-20,25235585;-40,37246794;"SPRF-ES";"DEL01-ES";"UOP01-DEL01-ES"
686029;2025-04-19;"sábado";"18:09:00";"MT";163;856;"SINOP";"Ausência de reação do condutor";"Queda de ocupante de veículo";"Com Vítimas Feridas";"Plena Noite";"Decrescente";"Nublado";"Simples";"Reta";"Não";2;0;1;0;0;1;1;2;-11,68787634;-55,45108795;"SPRF-MT";"DEL06-MT";"UOP02-DEL06-MT"
686030;2025-04-19;"sábado";"18:15:00";"SC";470;138,6;"RIO DO SUL";"Acessar a via sem observar a presença dos outros veículos";"Colisão transversal";"Com Vítimas Feridas";"Plena Noite";"Crescente";"Nublado";"Simples";"Reta";"Sim";2;0;1;0;1;0;1;2;-27,19705501;-49,62787418;"SPRF-SC";"DEL04-SC";"UOP02-DEL04-SC"
686032;2025-04-16;"quarta-feira";"10:50:00";"BA";367;83;"EUNAPOLIS";"Transitar na contramão";"Colisão transversal";"Com Vítimas Feridas";"Pleno dia";"Crescente";"Nublado";"Simples";"Reta";"Sim";3;0;0;2;0;1;2;2;-16,373737;-39,575917;"SPRF-BA";"DEL09-BA";"UOP03-DEL09-BA"
686033;2025-04-19;"sábado";"20:15:00";"PR";277;0;"PARANAGUA";"Acessar a via sem observar a presença dos outros veículos";"Colisão frontal";"Com Vítimas Feridas";"Plena Noite";"Crescente";"Garoa/Chuvisco";"Simples";"Reta";"Sim";2;0;1;0;1;0;1;2;-25,55145951;-48,55191663;"SPRF-PR";"DEL01-PR";"UOP05-DEL01-PR"
686034;2025-04-19;"sábado";"14:30:00";"SP";101;51;"UBATUBA";"Conversão proibida";"Colisão transversal";"Com Vítimas Feridas";"Pleno dia";"Decrescente";"Céu Claro";"Simples";"Reta";"Sim";2;0;0;1;1;0;1;2;-23,45692241;-45,07046163;"SPRF-SP";"DEL06-SP";"UOP01-DEL06-SP"
686035;2025-04-19;"sábado";"15:00:00";"RJ";101;61;"CAMPOS DOS GOYTACAZES";"Transitar no Acostamento";"Colisão lateral mesmo sentido";"Com Vítimas Feridas";"Pleno dia";"Crescente";"Nublado";"Simples";"Reta";"Sim";2;0;1;0;1;0;1;2;-21,731546;-41,323745;"SPRF-RJ";"DEL08-RJ";"UOP01-DEL08-RJ"
686036;2025-04-19;"sábado";"19:25:00";"PR";272;560;"GUAIRA";"Ingestão de álcool pelo condutor";"Colisão lateral sentido oposto";"Sem Vítimas";"Plena Noite";"Crescente";"Céu Claro";"Simples";"Reta";"Não";11;0;0;0;11;0;0;4;-24,08408572;-54,17171288;"SPRF-PR";"DEL06-PR";"UOP01-DEL06-PR"
686037;2025-04-19;"sábado";"20:20:00";"ES";101;91;"SAO MATEUS";"Ausência de reação do condutor";"Colisão lateral sentido oposto";"Com Vítimas Feridas";"Plena Noite";"Crescente";"Nublado";"Dupla";"Reta";"Sim";2;0;0;1;0;1;1;2;-18,6489133;-39,8735389;"SPRF-ES";"DEL04-ES";"UOP02-DEL04-ES"
686039;2025-04-19;"sábado";"17:35:00";"GO";452;0;"RIO VERDE";"Acumulo de água sobre o pavimento";"Tombamento";"Com Vítimas Feridas";"Pleno dia";"Decrescente";"Nublado";"Dupla";"Retorno Regulamentado";"Sim";1;0;1;0;0;0;1;1;-17,787542;-50,900232;"SPRF-GO";"DEL04-GO";"UOP01-DEL04-GO"
686040;2025-04-19;"sábado";"17:47:00";"MS";158;108;"PARANAIBA";"Manobra de mudança de faixa";"Capotamento";"Com Vítimas Feridas";"Plena Noite";"Crescente";"Céu Claro";"Simples";"Reta";"Não";3;0;2;0;1;0;2;1;-19,765111;-51,122168;"SPRF-MS";"DEL08-MS";"UOP01-DEL08-MS"
686043;2025-04-19;"sábado";"20:15:00";"RJ";101;423;"MANGARATIBA";"Ingestão de álcool pelo condutor";"Colisão com objeto";"Sem Vítimas";"Plena Noite";"Decrescente";"Chuva";"Simples";"Curva;Aclive";"Não";2;0;0;0;2;0;0;1;-22,924197;-43,959016;"SPRF-RJ";"DEL03-RJ";"UOP02-DEL03-RJ"
686045;2025-04-19;"sábado";"19:30:00";"GO";60;138;"GOIANIA";"Velocidade Incompatível";"Atropelamento de Pedestre";"Com Vítimas Feridas";"Plena Noite";"Crescente";"Céu Claro";"Múltipla";"Retorno Regulamentado;Aclive;Reta";"Sim";2;0;0;2;0;0;2;2;-16,60459283;-49,20393061;"SPRF-GO";"DEL01-GO";"UOP01-DEL01-GO"
686046;2025-04-19;"sábado";"19:20:00";"BA";20;80,1;"SAO DESIDERIO";"Ultrapassagem Indevida";"Colisão frontal";"Com Vítimas Fatais";"Plena Noite";"Decrescente";"Ignorado";"Simples";"Reta";"Não";4;2;1;1;0;0;2;2;-13,14735536;-46,02687836;"SPRF-BA";"DEL10-BA";"UOP01-DEL10-BA"
686047;2025-04-19;"sábado";"21:00:00";"RJ";116;232;"PIRAI";"Reação tardia ou ineficiente do condutor";"Tombamento";"Com Vítimas Feridas";"Plena Noite";"Decrescente";"Chuva";"Dupla";"Curva";"Não";2;0;1;0;1;0;1;1;-22,66356137;-43,82236004;"SPRF-RJ";"DEL07-RJ";"UOP01-DEL07-RJ"
686048;2025-04-19;"sábado";"19:30:00";"SC";101;277,6;"IMBITUBA";"Velocidade Incompatível";"Colisão traseira";"Sem Vítimas";"Plena Noite";"Decrescente";"Garoa/Chuvisco";"Múltipla";"Reta;Desvio Temporário";"Sim";3;0;0;0;3;0;0;2;-28,1723;-48,6946;"SPRF-SC";"DEL02-SC";"UOP03-DEL02-SC"
686049;2025-04-19;"sábado";"21:40:00";"MG";459;58,9;"IPUIUNA";"Animais na Pista";"Saída de leito carroçável";"Com Vítimas Feridas";"Plena Noite";"Crescente";"Garoa/Chuvisco";"Simples";"Reta";"Não";2;0;1;0;1;0;1;1;-22,08743918;-46,22781056;"SPRF-MG";"DEL09-MG";"UOP01-DEL09-MG"
686050;2025-04-19;"sábado";"20:20:00";"PR";476;115,5;"COLOMBO";"Ausência de reação do condutor";"Colisão traseira";"Com Vítimas Feridas";"Plena Noite";"Crescente";"Céu Claro";"Dupla";"Reta";"Sim";2;0;1;0;1;0;1;2;-25,34933945;-49,1642797;"SPRF-PR";"DEL01-PR";"UOP01-DEL01-PR"
686051;2025-04-19;"sábado";"21:00:00";"AL";104;83,8;"RIO LARGO";"Condutor Dormindo";"Saída de leito carroçável";"Com Vítimas Feridas";"Plena Noite";"Crescente";"Céu Claro";"Dupla";"Reta";"Não";1;0;1;0;0;0;1;1;-9,443897;-35,834385;"SPRF-AL";"DEL01-AL";"UOP01-DEL01-AL"
686052;2025-04-19;"sábado";"20:45:00";"MG";116;588;"MANHUACU";"Transitar na contramão";"Colisão frontal";"Com Vítimas Feridas";"Plena Noite";"Crescente";"Nublado";"Simples";"Reta";"Não";4;0;0;2;2;0;2;3;-20,250624;-42,1429248;"SPRF-MG";"DEL06-MG";"UOP03-DEL06-MG"
686053;2025-04-19;"sábado";"20:50:00";"GO";70;305;"ITAPIRAPUA";"Animais na Pista";"Saída de leito carroçável";"Com Vítimas Feridas";"Plena Noite";"Crescente";"Nublado";"Simples";"Curva;Declive";"Não";2;0;2;0;0;0;2;1;-15,854858;-50,750609;"SPRF-GO";"DEL04-GO";"UOP02-DEL04-GO"
686054;2025-04-19;"sábado";"21:40:00";"RS";287;402;"SANTIAGO";"Desrespeitar a preferência no cruzamento";"Colisão transversal";"Com Vítimas Feridas";"Plena Noite";"Decrescente";"Céu Claro";"Simples";"Interseção de Vias";"Não";3;0;1;0;2;0;1;2;-29,1483706;-54,8878099;"SPRF-RS";"DEL12-RS";"UOP02-DEL12-RS"
686055;2025-04-19;"sábado";"21:50:00";"PR";476;117,5;"COLOMBO";"Ingestão de álcool pelo condutor";"Colisão transversal";"Sem Vítimas";"Plena Noite";"Decrescente";"Nublado";"Dupla";"Retorno Regulamentado;Interseção de Vias";"Sim";2;0;0;0;2;0;0;2;-25,350367;-49,177545;"SPRF-PR";"DEL01-PR";"UOP01-DEL01-PR"
686056;2025-04-19;"sábado";"20:00:00";"RJ";116;311,2;"RESENDE";"Transitar na contramão";"Colisão frontal";"Com Vítimas Fatais";"Plena Noite";"Decrescente";"Chuva";"Simples";"Curva";"Sim";2;1;1;0;0;0;1;2;-22,46093603;-44,44309831;"SPRF-RJ";"DEL07-RJ";"UOP02-DEL07-RJ"
686057;2025-04-19;"sábado";"22:35:00";"MT";158;796;"BARRA DO GARCAS";"Manobra de mudança de faixa";"Colisão frontal";"Com Vítimas Feridas";"Plena Noite";"Decrescente";"Céu Claro";"Simples";"Reta";"Sim";4;0;2;0;2;0;2;2;-15,87653032;-52,31477372;"SPRF-MT";"DEL07-MT";"UOP01-DEL07-MT"
686058;2025-04-19;"sábado";"22:05:00";"PE";232;7,7;"RECIFE";"Ausência de reação do condutor";"Colisão com objeto";"Com Vítimas Feridas";"Plena Noite";"Crescente";"Céu Claro";"Dupla";"Reta";"Sim";1;0;0;1;0;0;1;1;-8,074954;-34,96745;"SPRF-PE";"DEL01-PE";"UOP01-DEL01-PE"
686059;2025-04-19;"sábado";"19:35:00";"PR";277;426;"CANTAGALO";"Transitar na contramão";"Colisão frontal";"Com Vítimas Feridas";"Plena Noite";"Crescente";"Céu Claro";"Simples";"Reta";"Não";2;0;1;0;1;0;1;2;-25,38589588;-52,16692317;"SPRF-PR";"DEL04-PR";"UOP02-DEL04-PR"
686060;2025-04-19;"sábado";"22:30:00";"SC";280;43;"ARAQUARI";"Ausência de reação do condutor";"Saída de leito carroçável";"Com Vítimas Feridas";"Plena Noite";"Crescente";"Nublado";"Dupla";"Em Obras;Curva;Desvio Temporário";"Sim";3;0;2;1;0;0;3;1;-26,45077;-48,874648;"SPRF-SC";"DEL03-SC";"UOP03-DEL03-SC"
686061;2025-04-19;"sábado";"21:45:00";"RJ";101;503;"ANGRA DOS REIS";"Acessar a via sem observar a presença dos outros veículos";"Colisão transversal";"Com Vítimas Feridas";"Plena Noite";"Crescente";"Chuva";"Simples";"Reta";"Sim";2;0;1;0;1;0;1;2;-22,93697447;-44,39864016;"SPRF-RJ";"DEL03-RJ";"UOP03-DEL03-RJ"
686062;2025-04-19;"sábado";"18:52:00";"SC";101;277,6;"IMBITUBA";"Entrada inopinada do pedestre";"Atropelamento de Pedestre";"Com Vítimas Fatais";"Plena Noite";"Decrescente";"Garoa/Chuvisco";"Múltipla";"Reta";"Sim";3;1;0;0;2;0;0;2;-28,1727111;-48,6946669;"SPRF-SC";"DEL02-SC";"UOP03-DEL02-SC"
686063;2025-04-19;"sábado";"21:45:00";"PB";361;7,2;"PATOS";"Ingestão de álcool pelo condutor";"Colisão frontal";"Com Vítimas Feridas";"Pleno dia";"Crescente";"Céu Claro";"Simples";"Curva";"Não";3;0;1;2;0;0;3;2;-7,037865;-37,321512;"SPRF-PB";"DEL03-PB";"UOP01-DEL03-PB"
686065;2025-04-19;"sábado";"23:15:00";"PR";277;723;"FOZ DO IGUACU";"Condutor deixou de manter distância do veículo da frente";"Colisão traseira";"Com Vítimas Feridas";"Plena Noite";"Crescente";"Ignorado";"Dupla";"Reta;Retorno Regulamentado";"Não";2;0;0;1;0;1;1;2;-25,49686781;-54,52497482;"SPRF-PR";"DEL05-PR";"UOP03-DEL05-PR"