"id";"data_inversa";"dia_semana";"horario";"uf";"br";"km";"municipio";"causa_acidente";"tipo_acidente";"classificacao_acidente";"fase_dia";"sentido_via";"condicao_metereologica";"tipo_pista";"tracado_via";"uso_solo";"pessoas";"mortos";"feridos_leves";"feridos_graves";"ilesos";"ignorados";"feridos";"veiculos";"latitude";"longitude";"regional";"delegacia";"uop"
686163;2025-04-16;"quarta-feira";"12:00:00";"RJ";493;89;"JAPERI";"Reação tardia ou ineficiente do condutor";"Saída de leito carroçável";"Com Vítimas Feridas";"Pleno dia";"Decrescente";"Céu Claro";"Dupla";"Reta";"Não";1;0;0;1;0;0;1;1;-22,6656256;-43,6338688;"SPRF-RJ";"DEL01-RJ";"UOP03-DEL01-RJ"
686164;2025-04-17;"quinta-feira";"04:54:00";"RJ";101;257,3;"RIO BONITO";"Animais na Pista";"Atropelamento de Animal";"Com Vítimas Feridas";"Plena Noite";"Decrescente";"Céu Claro";"Dupla";"Reta";"Não";5;0;1;1;3;0;2;4;-22,699041;-42,581682;"SPRF-RJ";"DEL02-RJ";"UOP03-DEL02-RJ"
686166;2025-04-20;"domingo";"08:00:00";"RJ";101;515;"ANGRA DOS REIS";"Reação tardia ou ineficiente do condutor";"Colisão com objeto";"Com Vítimas Feridas";"Pleno dia";"Decrescente";"Nublado";"Simples";"Reta";"Não";4;0;3;0;1;0;3;1;-23,0101851;-44,45075467;"SPRF-RJ";"DEL03-RJ";"UOP03-DEL03-RJ"
686168;2025-04-20;"domingo";"09:00:00";"BA";101;220;"CRUZ DAS ALMAS";"Acessar a via sem observar a presença dos outros veículos";"Colisão transversal";"Com Vítimas Feridas";"Pleno dia";"Decrescente";"Céu Claro";"Simples";"Rotatória";"Sim";3;0;1;0;2;0;1;2;-12,6576228;-39,1247594;"SPRF-BA";"DEL01-BA";"UOP02-DEL01-BA"
686169;2025-04-20;"domingo";"10:10:00";"SC";101;208,1;"SAO JOSE";"Ausência de reação do condutor";"Colisão traseira";"Com Vítimas Feridas";"Pleno dia";"Decrescente";"Céu Claro";"Múltipla";"Reta";"Sim";4;0;2;0;2;0;2;2;-27,6041;-48,6327;"SPRF-SC";"DEL01-SC";"UOP01-DEL01-SC"
686170;2025-04-20;"domingo";"07:20:00";"MS";163;117;"NAVIRAI";"Velocidade Incompatível";"Saída de leito carroçável";"Com Vítimas Feridas";"Amanhecer";"Crescente";"Nevoeiro/Neblina";"Dupla";"Retorno Regulamentado";"Não";1;0;1;0;0;0;1;1;-23,131429;-54,198829;"SPRF-MS";"DEL09-MS";"UOP01-DEL09-MS"
686171;2025-04-20;"domingo";"07:00:00";"GO";60;42;"ALEXANIA";"Reação tardia ou ineficiente do condutor";"Saída de leito carroçável";"Sem Vítimas";"Pleno dia";"Crescente";"Céu Claro";"Dupla";"Curva";"Não";3;0;0;0;3;0;0;1;-16,110032;-48,584341;"SPRF-DF";"DEL03-DF";"UOP01-DEL03-DF"
686172;2025-04-20;"domingo";"10:00:00";"PB";101;94,5;"CONDE";"Acumulo de água sobre o pavimento";"Colisão traseira";"Com Vítimas Feridas";"Pleno dia";"Decrescente";"Chuva";"Dupla";"Curva;Declive";"Não";5;0;1;1;3;0;2;3;-7,224012;-34,914718;"SPRF-PB";"DEL01-PB";"UOP01-DEL01-PB"
686173;2025-04-20;"domingo";"10:00:00";"GO";414;439,5;"ANAPOLIS";"Conversão proibida";"Colisão transversal";"Com Vítimas Feridas";"Pleno dia";"Crescente";"Sol";"Simples";"Reta";"Sim";2;0;1;0;1;0;1;2;-16,277693;-48,941616;"SPRF-GO";"DEL02-GO";"UOP01-DEL02-GO"
686174;2025-04-16;"quarta-feira";"17:20:00";"MG";116;15,3;"PEDRA AZUL";"Transitar na contramão";"Colisão frontal";"Com Vítimas Feridas";"Anoitecer";"Crescente";"Céu Claro";"Simples";"Reta";"Sim";3;0;0;3;0;0;3;2;-15,80942;-41,37549;"SPRF-BA";"DEL08-BA";"UOP03-DEL08-BA"
686176;2025-04-20;"domingo";"09:50:00";"BA";324;534;"CONCEICAO DO JACUIPE";"Demais falhas mecânicas ou elétricas";"Saída de leito carroçável";"Com Vítimas Feridas";"Pleno dia";"Decrescente";"Céu Claro";"Dupla";"Reta";"Não";1;0;1;0;0;0;1;1;-12,364955;-38,818858;"SPRF-BA";"DEL01-BA";"UOP03-DEL01-BA"
686177;2025-04-16;"quarta-feira";"14:00:00";"PE";101;66;"RECIFE";"Condutor deixou de manter distância do veículo da frente";"Colisão traseira";"Com Vítimas Feridas";"Pleno dia";"Decrescente";"Sol";"Dupla";"Reta";"Sim";3;0;0;1;2;0;1;3;-8,03691;-34,94141;"SPRF-PE";"DEL01-PE";"UOP01-DEL01-PE"
686178;2025-04-20;"domingo";"11:20:00";"CE";116;20;"EUSEBIO";"Acumulo de água sobre o pavimento";"Colisão lateral mesmo sentido";"Com Vítimas Feridas";"Pleno dia";"Crescente";"Chuva";"Múltipla";"Aclive";"Sim";3;0;2;0;1;0;2;2;-3,92474811;-38,50781852;"SPRF-CE";"DEL01-CE";"UOP02-DEL01-CE"
686179;2025-04-16;"quarta-feira";"15:30:00";"RJ";493;18,6;"MAGE";"Reação tardia ou ineficiente do condutor";"Colisão traseira";"Com Vítimas Feridas";"Pleno dia";"Crescente";"Céu Claro";"Simples";"Reta";"Sim";2;0;0;1;1;0;1;2;-22,66240351;-43,04368968;"SPRF-RJ";"DEL04-RJ";"UOP02-DEL04-RJ"
686180;2025-04-20;"domingo";"10:50:00";"SC";101;119;"ITAJAI";"Reação tardia ou ineficiente do condutor";"Colisão traseira";"Sem Vítimas";"Pleno dia";"Decrescente";"Céu Claro";"Múltipla";"Reta";"Sim";2;0;0;0;2;0;0;2;-26,90493054;-48,7151044;"SPRF-SC";"DEL04-SC";"UOP04-DEL04-SC"
686182;2025-04-20;"domingo";"09:00:00";"RO";364;33;"VILHENA";"Manobra de mudança de faixa";"Colisão lateral mesmo sentido";"Com Vítimas Feridas";"Pleno dia";"Crescente";"Sol";"Simples";"Reta";"Não";5;0;2;0;3;0;2;2;-12,6783961;-60,29415563;"SPRF-RO";"DEL04-RO";"UOP01-DEL04-RO"
686183;2025-04-20;"domingo";"09:14:00";"MT";163;984;"TERRA NOVA DO NORTE";"Ausência de reação do condutor";"Saída de leito carroçável";"Com Vítimas Feridas";"Pleno dia";"Crescente";"Céu Claro";"Simples";"Reta";"Não";2;0;1;1;0;0;2;1;-10,623;-55,123;"SPRF-MT";"DEL06-MT";"UOP03-DEL06-MT"
686184;2025-04-20;"domingo";"09:45:00";"MS";163;523,6;"JARAGUARI";"Reação tardia ou ineficiente do condutor";"Tombamento";"Com Vítimas Feridas";"Pleno dia";"Crescente";"Nublado";"Dupla";"Reta";"Não";1;0;0;1;0;0;1;1;-20,1280483;-54,442167;"SPRF-MS";"DEL01-MS";"UOP02-DEL01-MS"
686186;2025-04-20;"domingo";"10:30:00";"TO";153;206,4;"NOVA OLINDA";"Manobra de mudança de faixa";"Saída de leito carroçável";"Com Vítimas Feridas";"Pleno dia";"Crescente";"Céu Claro";"Simples";"Reta";"Não";4;0;1;0;3;0;1;1;-7,704434;-48,437898;"SPRF-TO";"DEL02-TO";"UOP01-DEL02-TO"
686189;2025-04-20;"domingo";"11:40:00";"MG";381;4;"BETIM";"Ausência de reação do condutor";"Colisão traseira";"Com Vítimas Feridas";"Pleno dia";"Decrescente";"Céu Claro";"Dupla";"Curva";"Sim";3;0;2;0;0;1;2;2;-19,98662727;-44,17052854;"SPRF-MG";"DEL01-MG";"UOP03-DEL01-MG"
686190;2025-04-20;"domingo";"11:20:00";"SC";470;59,4;"BLUMENAU";"Ultrapassagem Indevida";"Colisão lateral sentido oposto";"Com Vítimas Feridas";"Pleno dia";"Decrescente";"Céu Claro";"Simples";"Reta;Em Obras";"Sim";2;0;1;0;1;0;1;2;-26,8824594;-49,15802479;"SPRF-SC";"DEL04-SC";"UOP01-DEL04-SC"
686192;2025-04-20;"domingo";"08:00:00";"RS";116;134,1;"CAXIAS DO SUL";"Condutor Dormindo";"Saída de leito carroçável";"Sem Vítimas";"Pleno dia";"Decrescente";"Céu Claro";"Simples";"Curva";"Não";2;0;0;0;2;0;0;1;-29,06498516;-51,0982275;"SPRF-RS";"DEL05-RS";"UOP01-DEL05-RS"
686193;2025-04-17;"quinta-feira";"07:30:00";"SP";116;116,9;"TAUBATE";"Condutor deixou de manter distância do veículo da frente";"Engavetamento";"Com Vítimas Feridas";"Pleno dia";"Decrescente";"Sol";"Dupla";"Reta";"Sim";3;0;1;0;2;0;1;3;-23,05525258;-45,61045809;"SPRF-SP";"DEL02-SP";"UOP02-DEL02-SP"
686194;2025-04-16;"quarta-feira";"14:15:00";"DF";70;13;"BRASILIA";"Avarias e/ou desgaste excessivo no pneu";"Saída de leito carroçável";"Com Vítimas Feridas";"Pleno dia";"Crescente";"Céu Claro";"Dupla";"Reta";"Não";1;0;1;0;0;0;1;1;-15,79395394;-48,16459006;"SPRF-DF";"DEL03-DF";"UOP02-DEL03-DF"
686195;2025-04-15;"terça-feira";"16:30:00";"MA";316;220,5;"GOVERNADOR NEWTON BELLO";"Demais falhas na via";"Colisão frontal";"Com Vítimas Fatais";"Pleno dia";"Decrescente";"Céu Claro";"Simples";"Reta";"Não";2;1;0;1;0;0;1;2;-3,481606;-45,674383;"SPRF-MA";"DEL02-MA";"UOP01-DEL02-MA"
686196;2025-04-20;"domingo";"13:00:00";"SP";381;49,8;"ATIBAIA";"Reação tardia ou ineficiente do condutor";"Queda de ocupante de veículo";"Com Vítimas Feridas";"Pleno dia";"Crescente";"Céu Claro";"Múltipla";"Reta;Declive";"Não";2;0;0;1;0;1;1;2;-23,20856973;-46,59228802;"SPRF-SP";"DEL03-SP";"UOP01-DEL03-SP"
686197;2025-04-20;"domingo";"07:54:00";"PA";163;70;"ALTAMIRA";"Ingestão de álcool pelo condutor";"Queda de ocupante de veículo";"Com Vítimas Feridas";"Amanhecer";"Crescente";"Ignorado";"Simples";"Reta";"Não";1;0;1;0;0;0;1;1;-8,95195;-54,98304;"SPRF-MT";"DEL06-MT";"UOP03-DEL06-MT"
686198;2025-04-16;"quarta-feira";"20:30:00";"ES";259;53;"COLATINA";"Reação tardia ou ineficiente do condutor";"Tombamento";"Com Vítimas Feridas";"Plena Noite";"Crescente";"Nublado";"Múltipla";"Reta;Aclive";"Não";1;0;0;1;0;0;1;1;-19,4998405;-40,6293236;"SPRF-ES";"DEL02-ES";"UOP01-DEL02-ES"
686199;2025-04-20;"domingo";"12:30:00";"MG";381;500;"BETIM";"Manobra de mudança de faixa";"Colisão lateral mesmo sentido";"Com Vítimas Feridas";"Pleno dia";"Decrescente";"Céu Claro";"Dupla";"Reta";"Sim";3;0;2;0;1;0;2;2;-20,00279;-44,21214;"SPRF-MG";"DEL01-MG";"UOP03-DEL01-MG"
686200;2025-04-20;"domingo";"13:00:00";"ES";101;266,1;"SERRA";"Reação tardia ou ineficiente do condutor";"Queda de ocupante de veículo";"Com Vítimas Feridas";"Pleno dia";"Crescente";"Céu Claro";"Múltipla";"Reta";"Sim";1;0;1;0;0;0;1;1;-20,19214333;-40,26803;"SPRF-ES";"DEL02-ES";"UOP01-DEL02-ES"
686202;2025-04-20;"domingo";"12:30:00";"SP";101;36;"UBATUBA";"Acessar a via sem observar a presença dos outros veículos";"Colisão transversal";"Com Vítimas Feridas";"Pleno dia";"Crescente";"Chuva";"Simples";"Reta";"Não";2;0;1;0;1;0;1;2;-23,39552234;-45,01477176;"SPRF-SP";"DEL06-SP";"UOP01-DEL06-SP"
686203;2025-04-16;"quarta-feira";"22:40:00";"ES";101;266;"SERRA";"Trafegar com motocicleta (ou similar) entre as faixas";"Colisão lateral mesmo sentido";"Sem Vítimas";"Plena Noite";"Crescente";"Garoa/Chuvisco";"Dupla";"Interseção de Vias;Curva";"Sim";2;0;0;0;2;0;0;2;-20,18744168;-40,26826713;"SPRF-ES";"DEL02-ES";"UOP01-DEL02-ES"
686204;2025-04-16;"quarta-feira";"18:30:00";"MS";163;542,7;"BANDEIRANTES";"Ausência de reação do condutor";"Saída de leito carroçável";"Sem Vítimas";"Plena Noite";"Crescente";"Céu Claro";"Simples";"Reta";"Não";1;0;0;0;1;0;0;1;-19,9654986;-54,3807602;"SPRF-MS";"DEL01-MS";"UOP02-DEL01-MS"
686205;2025-04-16;"quarta-feira";"20:42:00";"PA";230;1118;"ITAITUBA";"Reação tardia ou ineficiente do condutor";"Capotamento";"Com Vítimas Feridas";"Plena Noite";"Crescente";"Ignorado";"Simples";"Declive;Curva";"Não";3;0;0;1;2;0;1;1;-4,39018029;-55,95907504;"SPRF-PA";"DEL06-PA";"UOP01-DEL06-PA"
686206;2025-04-20;"domingo";"13:50:00";"RJ";116;179;"MESQUITA";"Avarias e/ou desgaste excessivo no pneu";"Queda de ocupante de veículo";"Com Vítimas Feridas";"Pleno dia";"Decrescente";"Céu Claro";"Dupla";"Reta";"Sim";2;0;1;0;0;1;1;1;-22,76736429;-43,41192657;"SPRF-RJ";"DEL06-RJ";"UOP01-DEL06-RJ"
686207;2025-04-20;"domingo";"13:25:00";"PR";116;23,8;"ANTONINA";"Pista Escorregadia";"Queda de ocupante de veículo";"Com Vítimas Feridas";"Pleno dia";"Decrescente";"Garoa/Chuvisco";"Dupla";"Curva";"Não";1;0;1;0;0;0;1;1;-25,1111152;-48,7539505;"SPRF-PR";"DEL01-PR";"UOP02-DEL01-PR"
686208;2025-04-20;"domingo";"14:00:00";"ES";101;270;"SERRA";"Ausência de reação do condutor";"Colisão traseira";"Com Vítimas Feridas";"Pleno dia";"Crescente";"Céu Claro";"Dupla";"Reta";"Sim";2;0;0;1;1;0;1;2;-20,227855;-40,271222;"SPRF-ES";"DEL02-ES";"UOP01-DEL02-ES"
686210;2025-04-16;"quarta-feira";"18:58:00";"MG";365;813;"SANTA VITORIA";"Ausência de reação do condutor";"Colisão traseira";"Com Vítimas Feridas";"Plena Noite";"Crescente";"Céu Claro";"Simples";"Reta";"Não";3;0;1;0;2;0;1;2;-18,885582;-50,035648;"SPRF-MG";"DEL15-MG";"UOP03-DEL15-MG"
686211;2025-04-20;"domingo";"14:12:00";"SC";101;42;"PALHOCA";"Ausência de reação do condutor";"Saída de leito carroçável";"Com Vítimas Feridas";"Pleno dia";"Crescente";"Céu Claro";"Dupla";"Reta";"Não";2;0;0;2;0;0;2;1;-27,66395924;-48,71597344;"SPRF-SC";"DEL01-SC";"UOP02-DEL01-SC"
686212;2025-04-20;"domingo";"11:00:00";"MG";50;78;"UBERLANDIA";"Problema com o freio";"Incêndio";"Sem Vítimas";"Pleno dia";"Decrescente";"Céu Claro";"Dupla";"Reta";"Sim";1;0;0;0;1;0;0;1;-18,9123;-48,2625;"SPRF-MG";"DEL15-MG";"UOP01-DEL15-MG"
686214;2025-04-20;"domingo";"12:01:00";"SC";101;131;"CAMBORIU";"Condutor deixou de manter distância do veículo da frente";"Colisão lateral mesmo sentido";"Com Vítimas Feridas";"Pleno dia";"Crescente";"Céu Claro";"Múltipla";"Reta";"Sim";1;0;1;0;0;0;1;1;-26,98670514;-48,66625458;"SPRF-SC";"DEL04-SC";"UOP03-DEL04-SC"
686215;2025-04-20;"domingo";"13:45:00";"MG";40;459;"CAETANOPOLIS";"Velocidade Incompatível";"Engavetamento";"Com Vítimas Feridas";"Pleno dia";"Crescente";"Céu Claro";"Dupla";"Reta";"Não";11;0;6;0;4;1;6;3;-19,390276;-44,335457;"SPRF-MG";"DEL02-MG";"UOP01-DEL02-MG"
686216;2025-04-20;"domingo";"14:00:00";"PR";376;8,1;"MANDAGUARI";"Ausência de reação do condutor";"Colisão com objeto";"Com Vítimas Feridas";"Pleno dia";"Decrescente";"Céu Claro";"Simples";"Reta;Rotatória";"Não";2;0;1;1;0;0;2;1;-23,54950767;-51,6675961;"SPRF-PR";"DEL09-PR";"UOP01-DEL09-PR"
686218;2025-04-16;"quarta-feira";"18:30:00";"MG";381;5,1;"BETIM";"Animais na Pista";"Atropelamento de Animal";"Com Vítimas Feridas";"Plena Noite";"Decrescente";"Céu Claro";"Dupla";"Reta";"Sim";1;0;0;1;0;0;1;1;-19,97883412;-44,1897583;"SPRF-MG";"DEL01-MG";"UOP03-DEL01-MG"
686219;2025-04-20;"domingo";"14:55:00";"GO";70;472;"ARAGARCAS";"Pedestre cruzava a pista fora da faixa";"Atropelamento de Pedestre";"Com Vítimas Feridas";"Pleno dia";"Crescente";"Céu Claro";"Dupla";"Reta";"Sim";6;0;2;0;4;0;2;2;-15,8965749;-52,2430443;"SPRF-GO";"DEL04-GO";"UOP02-DEL04-GO"
686220;2025-04-20;"domingo";"15:00:00";"SP";381;75;"MAIRIPORA";"Ausência de reação do condutor";"Colisão com objeto";"Com Vítimas Feridas";"Pleno dia";"Crescente";"Garoa/Chuvisco";"Dupla";"Curva";"Sim";2;0;1;0;1;0;1;1;-23,349706;-46,5562195;"SPRF-SP";"DEL03-SP";"UOP01-DEL03-SP"
686221;2025-04-20;"domingo";"15:00:00";"RJ";116;189;"NOVA IGUACU";"Condutor deixou de manter distância do veículo da frente";"Colisão traseira";"Com Vítimas Feridas";"Pleno dia";"Crescente";"Sol";"Dupla";"Reta";"Não";2;0;1;0;1;0;1;2;-22,7374979;-43,4897023;"SPRF-RJ";"DEL06-RJ";"UOP01-DEL06-RJ"
686222;2025-04-20;"domingo";"13:45:00";"SP";116;509;"CAJATI";"Reação tardia ou ineficiente do condutor";"Tombamento";"Com Vítimas Feridas";"Pleno dia";"Decrescente";"Nublado";"Simples";"Aclive;Curva";"Não";2;0;2;0;0;0;2;1;-24,832425;-48,21468;"SPRF-SP";"DEL05-SP";"UOP02-DEL05-SP"
686223;2025-04-20;"domingo";"14:45:00";"PE";428;188,4;"PETROLINA";"Reação tardia ou ineficiente do condutor";"Colisão traseira";"Com Vítimas Feridas";"Pleno dia";"Decrescente";"Céu Claro";"Simples";"Interseção de Vias";"Sim";4;0;1;0;2;1;1;2;-9,376063;-40,492752;"SPRF-PE";"DEL06-PE";"UOP01-DEL06-PE"
686224;2025-04-16;"quarta-feira";"10:00:00";"RJ";101;404;"ITAGUAI";"Ausência de reação do condutor";"Colisão traseira";"Com Vítimas Feridas";"Pleno dia";"Crescente";"Céu Claro";"Dupla";"Reta";"Sim";2;0;0;1;1;0;1;2;-22,86061194;-43,79258567;"SPRF-RJ";"DEL03-RJ";"UOP01-DEL03-RJ"
686226;2025-04-20;"domingo";"14:00:00";"RJ";40;64;"PETROPOLIS";"Chuva";"Queda de ocupante de veículo";"Com Vítimas Feridas";"Plena Noite";"Decrescente";"Chuva";"Dupla";"Reta";"Não";2;0;1;1;0;0;2;1;-22,4272146;-43,15876007;"SPRF-RJ";"DEL05-RJ";"UOP02-DEL05-RJ"
686227;2025-04-20;"domingo";"15:35:00";"MG";381;503,3;"BETIM";"Ausência de reação do condutor";"Colisão com objeto";"Sem Vítimas";"Pleno dia";"Decrescente";"Céu Claro";"Dupla";"Curva;Declive";"Sim";1;0;0;0;0;1;0;1;-19,9817905;-44,2021242;"SPRF-MG";"DEL01-MG";"UOP03-DEL01-MG"
686228;2025-04-20;"domingo";"15:35:00";"PR";163;258;"TOLEDO";"Ingestão de álcool pelo condutor";"Saída de leito carroçável";"Com Vítimas Feridas";"Pleno dia";"Crescente";"Céu Claro";"Dupla";"Reta;Declive";"Não";1;0;0;1;0;0;1;1;-24,63888867;-53,86104042;"SPRF-PR";"DEL06-PR";"UOP02-DEL06-PR"
686230;2025-04-20;"domingo";"15:50:00";"ES";101;146,5;"LINHARES";"Ausência de reação do condutor";"Colisão traseira";"Com Vítimas Feridas";"Pleno dia";"Crescente";"Céu Claro";"Dupla";"Reta";"Sim";3;0;2;0;1;0;2;2;-19,3754976;-40,06621834;"SPRF-ES";"DEL04-ES";"UOP01-DEL04-ES"
686231;2025-04-16;"quarta-feira";"19:15:00";"RS";116;267,3;"CANOAS";"Condutor deixou de manter distância do veículo da frente";"Colisão traseira";"Com Vítimas Feridas";"Plena Noite";"Decrescente";"Céu Claro";"Múltipla";"Reta";"Sim";4;0;1;0;2;1;1;3;-29,93930732;-51,17708445;"SPRF-RS";"DEL01-RS";"UOP01-DEL01-RS"
686232;2025-04-20;"domingo";"14:00:00";"MT";70;627,6;"POCONE";"Acumulo de água sobre o pavimento";"Saída de leito carroçável";"Com Vítimas Feridas";"Pleno dia";"Crescente";"Chuva";"Simples";"Reta";"Não";4;0;4;0;0;0;4;1;-15,935222;-57,010018;"SPRF-MT";"DEL03-MT";"UOP02-DEL03-MT"
686233;2025-04-20;"domingo";"15:50:00";"PE";232;112,3;"BEZERROS";"Acumulo de água sobre o pavimento";"Saída de leito carroçável";"Sem Vítimas";"Pleno dia";"Crescente";"Chuva";"Dupla";"Declive;Retorno Regulamentado";"Sim";4;0;0;0;4;0;0;1;-8,298151;-35,836942;"SPRF-PE";"DEL02-PE";"UOP02-DEL02PE"
686234;2025-04-20;"domingo";"14:22:00";"MG";262;449,8;"NOVA SERRANA";"Ingestão de álcool pelo condutor";"Colisão lateral sentido oposto";"Sem Vítimas";"Pleno dia";"Decrescente";"Céu Claro";"Simples";"Reta";"Não";3;0;0;0;3;0;0;2;-19,864264;-44,99782;"SPRF-MG";"DEL08-MG";"UOP03-DEL08-MG"
686235;2025-04-20;"domingo";"15:40:00";"GO";414;411,2;"ABADIANIA";"Transtornos Mentais (exceto suicidio)";"Queda de ocupante de veículo";"Com Vítimas Feridas";"Pleno dia";"Crescente";"Céu Claro";"Simples";"Reta";"Não";3;0;1;0;2;0;1;1;-16,060836;-48,854159;"SPRF-GO";"DEL02-GO";"UOP01-DEL02-GO"
686236;2025-04-20;"domingo";"16:00:00";"ES";101;127,6;"SOORETAMA";"Reação tardia ou ineficiente do condutor";"Colisão com objeto";"Com Vítimas Feridas";"Pleno dia";"Decrescente";"Céu Claro";"Dupla";"Reta";"Sim";1;0;1;0;0;0;1;1;-19,20921366;-40,09409985;"SPRF-ES";"DEL04-ES";"UOP01-DEL04-ES"
686237;2025-04-20;"domingo";"16:00:00";"SC";470;2;"NAVEGANTES";"Desrespeitar a preferência no cruzamento";"Colisão transversal";"Com Vítimas Feridas";"Pleno dia";"Decrescente";"Céu Claro";"Simples";"Viaduto";"Sim";3;0;2;0;1;0;2;2;-26,8690136;-48,6750031;"SPRF-SC";"DEL04-SC";"UOP04-DEL04-SC"
686238;2025-04-20;"domingo";"14:30:00";"PR";116;188;"CAMPO DO TENENTE";"Desrespeitar a preferência no cruzamento";"Colisão transversal";"Com Vítimas Feridas";"Pleno dia";"Crescente";"Céu Claro";"Simples";"Reta;Interseção de Vias";"Não";7;0;2;0;5;0;2;2;-25,973059;-49,660773;"SPRF-PR";"DEL01-PR";"UOP03-DEL01-PR"
686240;2025-04-20;"domingo";"14:10:00";"ES";101;372,5;"ICONHA";"Acessar a via sem observar a presença dos outros veículos";"Colisão transversal";"Com Vítimas Feridas";"Pleno dia";"Decrescente";"Nublado";"Simples";"Reta";"Não";4;0;1;0;3;0;1;2;-20,77557896;-40,77835827;"SPRF-ES";"DEL03-ES";"UOP01-DEL03-ES"
686241;2025-04-20;"domingo";"15:50:00";"MG";116;509,1;"UBAPORANGA";"Ingestão de álcool pelo condutor";"Colisão transversal";"Com Vítimas Feridas";"Pleno dia";"Decrescente";"Nublado";"Simples";"Interseção de Vias";"Não";2;0;1;0;1;0;1;2;-19,7639766;-42,1320732;"SPRF-MG";"DEL06-MG";"UOP02-DEL06-MG"
686242;2025-04-20;"domingo";"14:20:00";"CE";222;161;"SOBRAL";"Demais falhas mecânicas ou elétricas";"Capotamento";"Com Vítimas Feridas";"Pleno dia";"Crescente";"Céu Claro";"Simples";"Reta";"Não";4;0;2;1;1;0;3;1;-3,7189412;-40,332331;"SPRF-CE";"DEL04-CE";"UOP03-DEL04-CE"
686245;2025-04-20;"domingo";"16:30:00";"SC";101;194,6;"BIGUACU";"Entrada inopinada do pedestre";"Atropelamento de Pedestre";"Com Vítimas Feridas";"Pleno dia";"Crescente";"Céu Claro";"Múltipla";"Reta";"Sim";3;0;0;1;1;1;1;2;-27,502182;-48,652819;"SPRF-SC";"DEL01-SC";"UOP01-DEL01-SC"
686246;2025-04-16;"quarta-feira";"08:40:00";"SP";116;132,2;"CACAPAVA";"Ausência de reação do condutor";"Colisão traseira";"Com Vítimas Feridas";"Pleno dia";"Decrescente";"Nublado";"Dupla";"Reta";"Não";2;0;0;1;1;0;1;2;-23,12750443;-45,73685646;"SPRF-SP";"DEL02-SP";"UOP02-DEL02-SP"
686248;2025-04-16;"quarta-feira";"13:40:00";"SP";116;139,2;"SAO JOSE DOS CAMPOS";"Condutor deixou de manter distância do veículo da frente";"Colisão traseira";"Com Vítimas Feridas";"Pleno dia";"Decrescente";"Nublado";"Dupla";"Reta";"Não";2;0;1;0;1;0;1;2;-23,16153216;-45,80400592;"SPRF-SP";"DEL02-SP";"UOP01-DEL02-SP"
686250;2025-04-20;"domingo";"16:30:00";"SP";116;209;"GUARULHOS";"Ausência de reação do condutor";"Colisão traseira";"Com Vítimas Feridas";"Pleno dia";"Decrescente";"Nublado";"Múltipla";"Aclive;Interseção de Vias";"Sim";3;0;1;0;2;0;1;2;-23,42624051;-46,40435278;"SPRF-SP";"DEL01-SP";"UOP01-DEL01-SP"
686251;2025-04-20;"domingo";"15:18:00";"MT";163;838;"SINOP";"Manobra de mudança de faixa";"Colisão lateral mesmo sentido";"Sem Vítimas";"Pleno dia";"Crescente";"Céu Claro";"Simples";"Reta";"Sim";4;0;0;0;4;0;0;2;-11,83458;-55,488303;"SPRF-MT";"DEL06-MT";"UOP02-DEL06-MT"
686252;2025-04-20;"domingo";"16:27:00";"RS";290;479;"ROSARIO DO SUL";"Frear bruscamente";"Engavetamento";"Com Vítimas Feridas";"Pleno dia";"Crescente";"Céu Claro";"Simples";"Ponte;Reta";"Sim";4;0;1;0;2;1;1;3;-30,2421868;-54,9177528;"SPRF-RS";"DEL11-RS";"UOP02-DEL11-RS"
686253;2025-04-20;"domingo";"14:55:00";"ES";101;213,6;"IBIRACU";"Manobra de mudança de faixa";"Colisão lateral mesmo sentido";"Sem Vítimas";"Pleno dia";"Crescente";"Nublado";"Múltipla";"Retorno Regulamentado;Curva";"Sim";2;0;0;0;1;1;0;2;-19,82874;-40,36889;"SPRF-ES";"DEL02-ES";"UOP01-DEL02-ES"
686254;2025-04-20;"domingo";"17:25:00";"PR";153;19,1;"JACAREZINHO";"Reação tardia ou ineficiente do condutor";"Tombamento";"Com Vítimas Feridas";"Pleno dia";"Decrescente";"Céu Claro";"Simples";"Reta;Declive";"Não";1;0;1;0;0;0;1;1;-23,1540824;-49,95690465;"SPRF-PR";"DEL07-PR";"UOP04-DEL07-PR"
686256;2025-04-20;"domingo";"17:05:00";"PI";316;2,4;"TERESINA";"Manobra de mudança de faixa";"Colisão lateral mesmo sentido";"Com Vítimas Feridas";"Pleno dia";"Decrescente";"Sol";"Dupla";"Rotatória;Viaduto;Interseção de Vias";"Sim";2;0;1;0;1;0;1;2;-5,123142;-42,794937;"SPRF-PI";"DEL01-PI";"UOP02-DEL01-PI"
686257;2025-04-16;"quarta-feira";"16:48:00";"MT";70;5;"BARRA DO GARCAS";"Mal súbito do condutor";"Tombamento";"Com Vítimas Feridas";"Pleno dia";"Crescente";"Céu Claro";"Dupla";"Rotatória";"Sim";1;0;1;0;0;0;1;1;-15,87791325;-52,29934216;"SPRF-MT";"DEL07-MT";"UOP01-DEL07-MT"
686258;2025-04-20;"domingo";"17:30:00";"PR";369;88;"CORNELIO PROCOPIO";"Reação tardia ou ineficiente do condutor";"Saída de leito carroçável";"Com Vítimas Feridas";"Pleno dia";"Crescente";"Céu Claro";"Dupla";"Curva";"Sim";1;0;1;0;0;0;1;1;-23,18268587;-50,63729156;"SPRF-PR";"DEL07-PR";"UOP05-DEL07-PR"