"id";"data_inversa";"dia_semana";"horario";"uf";"br";"km";"municipio";"causa_acidente";"tipo_acidente";"classificacao_acidente";"fase_dia";"sentido_via";"condicao_metereologica";"tipo_pista";"tracado_via";"uso_solo";"pessoas";"mortos";"feridos_leves";"feridos_graves";"ilesos";"ignorados";"feridos";"veiculos";"latitude";"longitude";"regional";"delegacia";"uop"
686259;2025-04-20;"domingo";"18:00:00";"TO";153;145;"ARAGUAINA";"Condutor usando celular";"Saída de leito carroçável";"Com Vítimas Feridas";"Pleno dia";"Decrescente";"Céu Claro";"Dupla";"Reta";"Sim";3;0;3;0;0;0;3;1;-7,211574;-48,243208;"SPRF-TO";"DEL02-TO";"UOP01-DEL02-TO"
686260;2025-04-20;"domingo";"17:50:00";"SC";470;62,2;"INDAIAL";"Acessar a via sem observar a presença dos outros veículos";"Colisão transversal";"Com Vítimas Feridas";"Anoitecer";"Crescente";"Ignorado";"Simples";"Reta;Declive;Interseção de Vias";"Não";5;0;0;1;4;0;1;3;-26,87443;-49,18574;"SPRF-SC";"DEL04-SC";"UOP01-DEL04-SC"
686261;2025-04-20;"domingo";"14:57:00";"RS";158;282;"JULIO DE CASTILHOS";"Acessar a via sem observar a presença dos outros veículos";"Colisão lateral mesmo sentido";"Com Vítimas Feridas";"Pleno dia";"Crescente";"Céu Claro";"Simples";"Reta";"Não";7;0;5;0;2;0;5;2;-29,394024;-53,669133;"SPRF-RS";"DEL09-RS";"UOP01-DEL09-RS"
686262;2025-04-20;"domingo";"18:00:00";"PE";101;60;"RECIFE";"Ausência de reação do condutor";"Tombamento";"Com Vítimas Feridas";"Plena Noite";"Crescente";"Chuva";"Dupla";"Reta";"Sim";2;0;1;0;1;0;1;1;-7,9868092;-34,9323697;"SPRF-PE";"DEL01-PE";"UOP02-DEL01-PE"
686263;2025-04-20;"domingo";"17:30:00";"SP";116;288;"ITAPECERICA DA SERRA";"Reação tardia ou ineficiente do condutor";"Queda de ocupante de veículo";"Com Vítimas Feridas";"Plena Noite";"Decrescente";"Céu Claro";"Dupla";"Retorno Regulamentado";"Não";2;0;0;2;0;0;2;1;-23,70797575;-46,87472207;"SPRF-SP";"DEL04-SP";"UOP01-DEL04-SP"
686265;2025-04-20;"domingo";"17:10:00";"RS";392;285;"SAO SEPE";"Velocidade Incompatível";"Saída de leito carroçável";"Com Vítimas Feridas";"Pleno dia";"Crescente";"Céu Claro";"Simples";"Reta;Declive";"Não";3;0;3;0;0;0;3;1;-30,26116;-53,544498;"SPRF-RS";"DEL09-RS";"UOP02-DEL09-RS"
686267;2025-04-20;"domingo";"18:07:00";"RN";226;7,3;"NATAL";"Deficiência do Sistema de Iluminação/Sinalização";"Colisão traseira";"Com Vítimas Feridas";"Plena Noite";"Decrescente";"Céu Claro";"Simples";"Curva";"Sim";4;0;1;0;3;0;1;2;-5,83138;-35,278713;"SPRF-RN";"DEL01-RN";"UOP02-DEL01-RN"
686269;2025-04-20;"domingo";"18:02:00";"GO";153;686,2;"ITUMBIARA";"Ingestão de álcool pelo condutor";"Colisão traseira";"Sem Vítimas";"Anoitecer";"Crescente";"Céu Claro";"Múltipla";"Reta";"Sim";4;0;0;0;4;0;0;2;-18,29108491;-49,23860066;"SPRF-GO";"DEL03-GO";"UOP02-DEL03-GO"
686270;2025-04-20;"domingo";"18:40:00";"PB";230;11;"CABEDELO";"Condutor deixou de manter distância do veículo da frente";"Colisão traseira";"Com Vítimas Feridas";"Plena Noite";"Crescente";"Céu Claro";"Dupla";"Em Obras;Reta";"Sim";2;0;1;0;1;0;1;2;-7,06375735;-34,85043899;"SPRF-PB";"DEL01-PB";"UOP01-DEL01-PB"
686271;2025-04-20;"domingo";"18:13:00";"SC";101;282;"IMBITUBA";"Ingestão de álcool pelo condutor";"Saída de leito carroçável";"Sem Vítimas";"Plena Noite";"Crescente";"Céu Claro";"Múltipla";"Reta";"Sim";1;0;0;0;1;0;0;1;-28,21381497;-48,6999625;"SPRF-SC";"DEL02-SC";"UOP03-DEL02-SC"
686272;2025-04-20;"domingo";"18:54:00";"MG";381;451;"SABARA";"Suicídio (presumido)";"Atropelamento de Pedestre";"Com Vítimas Feridas";"Plena Noite";"Decrescente";"Nublado";"Simples";"Curva";"Sim";4;0;0;1;1;2;1;2;-19,8328028;-43,84600639;"SPRF-MG";"DEL01-MG";"UOP01-DEL01-MG"
686274;2025-04-16;"quarta-feira";"10:20:00";"RS";153;51,9;"ERECHIM";"Acessar a via sem observar a presença dos outros veículos";"Colisão transversal";"Com Vítimas Feridas";"Pleno dia";"Crescente";"Céu Claro";"Simples";"Interseção de Vias;Rotatória";"Não";3;0;1;0;2;0;1;2;-27,66328457;-52,28740985;"SPRF-RS";"DEL08-RS";"UOP04-DEL08-RS"
686275;2025-04-20;"domingo";"19:00:00";"PE";101;71;"RECIFE";"Ausência de reação do condutor";"Tombamento";"Com Vítimas Feridas";"Plena Noite";"Crescente";"Nublado";"Dupla";"Reta";"Sim";3;0;1;1;1;0;2;2;-8,0797351;-34,94296376;"SPRF-PE";"DEL01-PE";"UOP01-DEL01-PE"
686276;2025-04-20;"domingo";"06:30:00";"CE";222;203;"SOBRAL";"Reação tardia ou ineficiente do condutor";"Saída de leito carroçável";"Sem Vítimas";"Amanhecer";"Crescente";"Céu Claro";"Simples";"Curva";"Não";1;0;0;0;0;1;0;1;-3,7189389;-40,3323312;"SPRF-CE";"DEL04-CE";"UOP01-DEL04-CE"
686277;2025-04-20;"domingo";"18:40:00";"RS";158;327;"SANTA MARIA";"Acessar a via sem observar a presença dos outros veículos";"Colisão lateral mesmo sentido";"Sem Vítimas";"Plena Noite";"Decrescente";"Céu Claro";"Múltipla";"Interseção de Vias";"Sim";2;0;0;0;2;0;0;2;-29,710171;-53,821406;"SPRF-RS";"DEL09-RS";"UOP01-DEL09-RS"
686278;2025-04-20;"domingo";"18:20:00";"PR";116;122;"CURITIBA";"Condutor deixou de manter distância do veículo da frente";"Engavetamento";"Com Vítimas Feridas";"Plena Noite";"Decrescente";"Nublado";"Dupla";"Reta";"Sim";11;0;1;1;9;0;2;4;-25,60814715;-49,31905204;"SPRF-PR";"DEL01-PR";"UOP03-DEL01-PR"
686279;2025-04-20;"domingo";"19:15:00";"SC";101;215;"PALHOCA";"Demais falhas na via";"Queda de ocupante de veículo";"Com Vítimas Feridas";"Plena Noite";"Decrescente";"Céu Claro";"Múltipla";"Curva";"Sim";1;0;1;0;0;0;1;1;-27,66314204;-48,67561156;"SPRF-SC";"DEL01-SC";"UOP02-DEL01-SC"
686280;2025-04-20;"domingo";"19:00:00";"PE";408;93,1;"SAO LOURENCO DA MATA";"Reação tardia ou ineficiente do condutor";"Colisão lateral mesmo sentido";"Com Vítimas Feridas";"Plena Noite";"Decrescente";"Céu Claro";"Dupla";"Reta;Declive";"Não";3;0;1;1;0;1;2;2;-8,04735513;-35,00854477;"SPRF-PE";"DEL01-PE";"UOP01-DEL01-PE"
686281;2025-04-20;"domingo";"19:20:00";"PE";101;36,9;"ITAPISSUMA";"Ausência de reação do condutor";"Tombamento";"Com Vítimas Feridas";"Plena Noite";"Decrescente";"Chuva";"Dupla";"Reta";"Não";1;0;1;0;0;0;1;1;-7,797;-34,927;"SPRF-PE";"DEL01-PE";"UOP02-DEL01-PE"
686282;2025-04-16;"quarta-feira";"11:00:00";"RJ";101;469;"ANGRA DOS REIS";"Ausência de reação do condutor";"Colisão traseira";"Com Vítimas Feridas";"Pleno dia";"Crescente";"Céu Claro";"Simples";"Reta";"Não";3;0;2;0;1;0;2;2;-23,00585799;-44,21757281;"SPRF-RJ";"DEL03-RJ";"UOP03-DEL03-RJ"
686283;2025-04-20;"domingo";"19:05:00";"MG";116;277,9;"TEOFILO OTONI";"Acessar a via sem observar a presença dos outros veículos";"Colisão transversal";"Com Vítimas Feridas";"Plena Noite";"Crescente";"Céu Claro";"Simples";"Reta";"Sim";2;0;1;0;1;0;1;2;-17,8720255;-41,5199574;"SPRF-MG";"DEL11-MG";"UOP01-DEL11-MG"
686284;2025-04-20;"domingo";"18:00:00";"MT";158;653;"NOVA XAVANTINA";"Reação tardia ou ineficiente do condutor";"Queda de ocupante de veículo";"Com Vítimas Feridas";"Plena Noite";"Crescente";"Céu Claro";"Simples";"Ponte;Reta";"Sim";1;0;1;0;0;0;1;1;-14,67217555;-52,35927343;"SPRF-MT";"DEL07-MT";"UOP01-DEL07-MT"
686285;2025-04-20;"domingo";"20:00:00";"PB";230;11,1;"CABEDELO";"Velocidade Incompatível";"Colisão traseira";"Com Vítimas Feridas";"Plena Noite";"Crescente";"Céu Claro";"Dupla";"Reta;Em Obras";"Sim";2;0;0;1;1;0;1;2;-7,063945;-34,850273;"SPRF-PB";"DEL01-PB";"UOP01-DEL01-PB"
686286;2025-04-20;"domingo";"19:40:00";"PR";116;127;"FAZENDA RIO GRANDE";"Transitar no Acostamento";"Colisão lateral mesmo sentido";"Com Vítimas Feridas";"Plena Noite";"Crescente";"Céu Claro";"Dupla";"Reta";"Sim";4;0;1;0;3;0;1;3;-25,645838;-49,312583;"SPRF-PR";"DEL01-PR";"UOP03-DEL01-PR"
686288;2025-04-20;"domingo";"19:30:00";"SC";470;2;"NAVEGANTES";"Acessar a via sem observar a presença dos outros veículos";"Colisão transversal";"Com Vítimas Feridas";"Plena Noite";"Crescente";"Céu Claro";"Dupla";"Reta";"Sim";3;0;0;1;2;0;1;3;-26,86935719;-48,67395747;"SPRF-SC";"DEL04-SC";"UOP04-DEL04-SC"
686289;2025-04-20;"domingo";"19:30:00";"PE";101;82;"JABOATAO DOS GUARARAPES";"Acessar a via sem observar a presença dos outros veículos";"Colisão traseira";"Com Vítimas Feridas";"Plena Noite";"Crescente";"Chuva";"Dupla";"Reta";"Sim";2;0;0;1;1;0;1;2;-8,166275;-34,938534;"SPRF-PE";"DEL01-PE";"UOP01-DEL01-PE"
686290;2025-04-20;"domingo";"18:00:00";"MT";163;962;"NOVA SANTA HELENA";"Afundamento ou ondulação no pavimento";"Queda de ocupante de veículo";"Com Vítimas Feridas";"Plena Noite";"Crescente";"Ignorado";"Simples";"Declive";"Não";1;0;0;1;0;0;1;1;-10,79;-55,162;"SPRF-MT";"DEL06-MT";"UOP02-DEL06-MT"
686291;2025-04-20;"domingo";"19:20:00";"RN";226;110,5;"SANTA CRUZ";"Velocidade Incompatível";"Colisão transversal";"Com Vítimas Feridas";"Plena Noite";"Decrescente";"Céu Claro";"Simples";"Reta;Aclive";"Sim";3;0;0;1;2;0;1;3;-6,23237;-36,015107;"SPRF-RN";"DEL03-RN";"UOP02-DEL03-RN"
686292;2025-04-20;"domingo";"19:40:00";"ES";101;48;"CONCEICAO DA BARRA";"Transitar na contramão";"Colisão frontal";"Com Vítimas Feridas";"Plena Noite";"Crescente";"Nublado";"Simples";"Reta;Declive";"Não";3;0;1;0;2;0;1;2;-18,56955634;-39,89731528;"SPRF-ES";"DEL04-ES";"UOP02-DEL04-ES"
686293;2025-04-20;"domingo";"19:00:00";"PR";277;389;"CANDOI";"Acessar a via sem observar a presença dos outros veículos";"Colisão transversal";"Com Vítimas Feridas";"Plena Noite";"Crescente";"Céu Claro";"Simples";"Reta";"Não";4;0;1;0;3;0;1;2;-25,44444931;-51,86578404;"SPRF-PR";"DEL08-PR";"UOP01-DEL08-PR"
686294;2025-04-20;"domingo";"18:20:00";"RJ";40;96;"RIO DE JANEIRO";"Pista Escorregadia";"Colisão com objeto";"Com Vítimas Feridas";"Anoitecer";"Crescente";"Chuva";"Dupla";"Reta";"Não";2;0;2;0;0;0;2;1;-22,904832;-43,2898048;"SPRF-RJ";"DEL01-RJ";"UOP01-DEL01-RJ"
686295;2025-04-20;"domingo";"18:30:00";"PI";222;64,5;"PIRIPIRI";"Reação tardia ou ineficiente do condutor";"Saída de leito carroçável";"Com Vítimas Feridas";"Plena Noite";"Crescente";"Nublado";"Simples";"Reta";"Não";2;0;1;0;0;1;1;1;-4,2869311;-41,7705886;"SPRF-PI";"DEL02-PI";"UOP01-DEL02-PI"
686296;2025-04-20;"domingo";"20:50:00";"DF";40;4;"BRASILIA";"Transtornos Mentais (exceto suicidio)";"Queda de ocupante de veículo";"Com Vítimas Feridas";"Plena Noite";"Decrescente";"Céu Claro";"Dupla";"Reta";"Sim";1;0;0;1;0;0;1;1;-16,00971018;-47,98235178;"SPRF-DF";"DEL01-DF";"UOP01-DEL01-DF"
686297;2025-04-20;"domingo";"19:00:00";"PB";361;4,5;"SAO MAMEDE";"Ultrapassagem Indevida";"Colisão lateral sentido oposto";"Com Vítimas Feridas";"Plena Noite";"Crescente";"Garoa/Chuvisco";"Simples";"Reta";"Sim";3;0;1;1;1;0;2;2;-6,92698172;-37,06953933;"SPRF-PB";"DEL03-PB";"UOP01-DEL03-PB"
686298;2025-04-20;"domingo";"18:00:00";"MS";262;361;"CAMPO GRANDE";"Ultrapassagem Indevida";"Colisão frontal";"Com Vítimas Feridas";"Plena Noite";"Decrescente";"Céu Claro";"Simples";"Reta";"Não";3;0;2;0;1;0;2;2;-20,5208707;-54,7142291;"SPRF-MS";"DEL01-MS";"UOP03-DEL01-MS"
686299;2025-04-20;"domingo";"18:10:00";"BA";101;286;"LAJE";"Ingestão de álcool pelo condutor";"Colisão traseira";"Com Vítimas Feridas";"Plena Noite";"Decrescente";"Céu Claro";"Simples";"Reta";"Não";2;0;1;0;1;0;1;2;-13,161457;-39,304367;"SPRF-BA";"DEL01-BA";"UOP02-DEL01-BA"
686300;2025-04-20;"domingo";"03:30:00";"SC";280;237,9;"CANOINHAS";"Acessar a via sem observar a presença dos outros veículos";"Colisão transversal";"Sem Vítimas";"Plena Noite";"Decrescente";"Nublado";"Simples";"Reta";"Não";3;0;0;0;3;0;0;3;-26,20534507;-50,43866694;"SPRF-SC";"DEL06-SC";"UOP04-DEL06-SC"
686301;2025-04-20;"domingo";"20:40:00";"RS";101;80,7;"OSORIO";"Acessar a via sem observar a presença dos outros veículos";"Colisão lateral mesmo sentido";"Com Vítimas Feridas";"Plena Noite";"Crescente";"Céu Claro";"Dupla";"Reta";"Não";4;0;1;0;3;0;1;2;-29,835329;-50,24653;"SPRF-RS";"DEL03-RS";"UOP01-DEL03-RS"
686302;2025-04-20;"domingo";"21:00:00";"TO";153;334;"GUARAI";"Ingestão de álcool pelo condutor";"Colisão com objeto";"Sem Vítimas";"Plena Noite";"Crescente";"Céu Claro";"Simples";"Interseção de Vias";"Sim";2;0;0;0;1;1;0;2;-8,82695847;-48,51247665;"SPRF-TO";"DEL02-TO";"UOP02-DEL02-TO"
686304;2025-04-20;"domingo";"19:50:00";"RJ";101;311;"SAO GONCALO";"Trafegar com motocicleta (ou similar) entre as faixas";"Colisão traseira";"Com Vítimas Feridas";"Plena Noite";"Decrescente";"Garoa/Chuvisco";"Dupla";"Reta";"Sim";4;0;2;0;2;0;2;2;-22,8046682;-43,06022644;"SPRF-RJ";"DEL02-RJ";"UOP02-DEL02-RJ"
686305;2025-04-16;"quarta-feira";"16:15:00";"PR";469;14,5;"FOZ DO IGUACU";"Condutor deixou de manter distância do veículo da frente";"Colisão lateral mesmo sentido";"Com Vítimas Feridas";"Pleno dia";"Decrescente";"Céu Claro";"Simples";"Reta;Em Obras";"Sim";2;0;1;0;1;0;1;2;-25,5811304;-54,5321504;"SPRF-PR";"DEL05-PR";"UOP04-DEL05-PR"
686306;2025-04-20;"domingo";"20:30:00";"SC";282;486,7;"FAXINAL DOS GUEDES";"Reação tardia ou ineficiente do condutor";"Saída de leito carroçável";"Com Vítimas Feridas";"Plena Noite";"Crescente";"Céu Claro";"Simples";"Reta";"Não";4;0;4;0;0;0;4;1;-26,856223;-52,24712;"SPRF-SC";"DEL07-SC";"UOP01-DEL07-SC"
686307;2025-04-20;"domingo";"21:20:00";"SP";116;89,9;"PINDAMONHANGABA";"Entrada inopinada do pedestre";"Colisão transversal";"Com Vítimas Feridas";"Plena Noite";"Crescente";"Nublado";"Dupla";"Reta";"Sim";2;0;1;1;0;0;2;2;-22,942782;-45,385938;"SPRF-SP";"DEL08-SP";"UOP01-DEL08-SP"
686308;2025-04-20;"domingo";"16:50:00";"SP";116;124,5;"CACAPAVA";"Ingestão de álcool pelo condutor";"Saída de leito carroçável";"Com Vítimas Feridas";"Pleno dia";"Crescente";"Céu Claro";"Dupla";"Curva;Interseção de Vias;Aclive";"Não";2;0;1;0;0;1;1;2;-23,09532562;-45,68186045;"SPRF-SP";"DEL02-SP";"UOP02-DEL02-SP"
686311;2025-04-20;"domingo";"18:45:00";"SC";470;319,8;"CAMPOS NOVOS";"Ausência de reação do condutor";"Colisão traseira";"Com Vítimas Feridas";"Anoitecer";"Decrescente";"Céu Claro";"Simples";"Reta;Aclive";"Não";4;0;1;0;3;0;1;3;-27,41304167;-51,23286366;"SPRF-SC";"DEL07-SC";"UOP06-DEL07-SC"
686312;2025-04-16;"quarta-feira";"17:40:00";"RJ";101;321;"NITEROI";"Condutor deixou de manter distância do veículo da frente";"Colisão lateral mesmo sentido";"Com Vítimas Feridas";"Anoitecer";"Decrescente";"Céu Claro";"Dupla";"Reta;Aclive";"Sim";3;0;2;0;1;0;2;2;-22,87343363;-43,10994923;"SPRF-RJ";"DEL02-RJ";"UOP01-DEL02-RJ"
686313;2025-04-20;"domingo";"21:25:00";"PR";376;221,8;"CAMBIRA";"Ausência de reação do condutor";"Saída de leito carroçável";"Com Vítimas Feridas";"Plena Noite";"Crescente";"Céu Claro";"Dupla";"Retorno Regulamentado";"Não";2;0;1;0;1;0;1;1;-23,602;-51,597;"SPRF-PR";"DEL09-PR";"UOP01-DEL09-PR"
686314;2025-04-20;"domingo";"22:00:00";"PR";277;729;"FOZ DO IGUACU";"Condutor deixou de manter distância do veículo da frente";"Colisão traseira";"Sem Vítimas";"Plena Noite";"Crescente";"Céu Claro";"Simples";"Declive;Reta";"Não";2;0;0;0;2;0;0;2;-25,50813164;-54,59212285;"SPRF-PR";"DEL05-PR";"UOP03-DEL05-PR"
686316;2025-04-20;"domingo";"22:10:00";"PR";277;340;"GUARAPUAVA";"Reação tardia ou ineficiente do condutor";"Capotamento";"Sem Vítimas";"Plena Noite";"Crescente";"Céu Claro";"Simples";"Reta";"Não";2;0;0;0;1;1;0;1;-25,34476294;-51,44283772;"SPRF-PR";"DEL08-PR";"UOP01-DEL08-PR"
686317;2025-04-20;"domingo";"21:02:00";"PE";316;59;"TRINDADE";"Transitar na contramão";"Colisão frontal";"Com Vítimas Feridas";"Plena Noite";"Crescente";"Céu Claro";"Simples";"Reta";"Sim";5;0;4;1;0;0;5;2;-7,7698961;-40,25846529;"SPRF-PE";"DEL05-PE";"UOP02-DEL05-PE"
686318;2025-04-20;"domingo";"22:30:00";"RS";285;120,6;"VACARIA";"Desrespeitar a preferência no cruzamento";"Colisão transversal";"Com Vítimas Feridas";"Plena Noite";"Crescente";"Céu Claro";"Simples";"Reta";"Sim";4;0;1;0;3;0;1;2;-28,50961599;-50,93144774;"SPRF-RS";"DEL05-RS";"UOP03-DEL05-RS"
686319;2025-04-20;"domingo";"22:40:00";"RS";116;264;"CANOAS";"Estacionar ou parar em local proibido";"Colisão traseira";"Com Vítimas Feridas";"Plena Noite";"Crescente";"Céu Claro";"Dupla";"Reta";"Sim";4;0;1;0;3;0;1;2;-29,91777198;-51,17808927;"SPRF-RS";"DEL01-RS";"UOP01-DEL01-RS"
686320;2025-04-16;"quarta-feira";"17:35:00";"RJ";101;323;"NITEROI";"Condutor deixou de manter distância do veículo da frente";"Colisão lateral mesmo sentido";"Com Vítimas Feridas";"Anoitecer";"Decrescente";"Céu Claro";"Dupla";"Reta";"Não";2;0;1;0;1;0;1;2;-22,87414335;-43,12332809;"SPRF-RJ";"DEL02-RJ";"UOP01-DEL02-RJ"
686321;2025-04-20;"domingo";"19:00:00";"RJ";465;13;"SEROPEDICA";"Velocidade Incompatível";"Colisão transversal";"Com Vítimas Feridas";"Plena Noite";"Crescente";"Nublado";"Simples";"Reta";"Sim";3;0;1;0;0;2;1;2;-22,800021;-43,644364;"SPRF-RJ";"DEL06-RJ";"UOP02-DEL06-RJ"
686322;2025-04-20;"domingo";"22:40:00";"SC";101;149;"ITAPEMA";"Trafegar com motocicleta (ou similar) entre as faixas";"Colisão traseira";"Com Vítimas Feridas";"Plena Noite";"Decrescente";"Garoa/Chuvisco";"Dupla";"Reta";"Sim";2;0;2;0;0;0;2;2;-27,0659589;-48,5955563;"SPRF-SC";"DEL04-SC";"UOP03-DEL04-SC"
686323;2025-04-20;"domingo";"21:30:00";"SC";282;259,1;"SAO JOSE DO CERRITO";"Ingestão de álcool pelo condutor";"Colisão lateral sentido oposto";"Sem Vítimas";"Plena Noite";"Decrescente";"Céu Claro";"Simples";"Curva";"Não";2;0;0;0;2;0;0;2;-27,64685882;-50,59301734;"SPRF-SC";"DEL05-SC";"UOP02-DEL05-SC"
686324;2025-04-20;"domingo";"22:20:00";"SC";163;89,9;"GUARACIABA";"Deficiência do Sistema de Iluminação/Sinalização";"Tombamento";"Com Vítimas Feridas";"Plena Noite";"Crescente";"Céu Claro";"Simples";"Curva;Aclive;Rotatória";"Não";1;0;1;0;0;0;1;1;-26,563234;-53,508583;"SPRF-SC";"DEL07-SC";"UOP03-DEL07-SC"
686325;2025-04-20;"domingo";"17:00:00";"RO";435;75,5;"COLORADO DO OESTE";"Ultrapassagem Indevida";"Colisão traseira";"Com Vítimas Feridas";"Pleno dia";"Crescente";"Nublado";"Simples";"Reta;Declive";"Não";9;0;8;0;1;0;8;2;-13,10918834;-60,46309467;"SPRF-RO";"DEL04-RO";"UOP02-DEL04-RO"
686326;2025-04-20;"domingo";"19:50:00";"MG";354;751,9;"POUSO ALTO";"Ingestão de álcool pelo condutor";"Colisão frontal";"Com Vítimas Feridas";"Plena Noite";"Crescente";"Céu Claro";"Simples";"Curva";"Sim";4;0;2;0;1;1;2;3;-22,100115;-44,955958;"SPRF-MG";"DEL17-MG";"UOP01-DEL17-MG"
686328;2025-04-20;"domingo";"21:00:00";"MT";163;115;"RONDONOPOLIS";"Transitar na contramão";"Colisão frontal";"Com Vítimas Feridas";"Plena Noite";"Decrescente";"Céu Claro";"Dupla";"Reta;Declive";"Não";2;0;0;1;0;1;1;2;-16,60273956;-54,69780054;"SPRF-MT";"DEL02-MT";"UOP01-DEL02-MT"
686329;2025-04-20;"domingo";"22:33:00";"RJ";393;178;"PARAIBA DO SUL";"Ultrapassagem Indevida";"Colisão lateral mesmo sentido";"Sem Vítimas";"Plena Noite";"Crescente";"Céu Claro";"Simples";"Reta";"Não";2;0;0;0;2;0;0;2;-22,139232;-43,254678;"SPRF-RJ";"DEL05-RJ";"UOP03-DEL05-RJ"
686330;2025-04-20;"domingo";"23:50:00";"ES";101;210,4;"IBIRACU";"Condutor Dormindo";"Saída de leito carroçável";"Com Vítimas Fatais";"Plena Noite";"Crescente";"Céu Claro";"Simples";"Curva;Declive";"Não";4;1;1;2;0;0;3;1;-19,801326;-40,368169;"SPRF-ES";"DEL02-ES";"UOP01-DEL02-ES"
686332;2025-04-20;"domingo";"23:55:00";"SC";470;142,9;"RIO DO SUL";"Reação tardia ou ineficiente do condutor";"Saída de leito carroçável";"Com Vítimas Feridas";"Plena Noite";"Decrescente";"Céu Claro";"Simples";"Reta";"Não";2;0;1;0;1;0;1;1;-27,2179725;-49,6533836;"SPRF-SC";"DEL04-SC";"UOP02-DEL04-SC"
686334;2025-04-20;"domingo";"21:00:00";"PB";405;8;"UIRAUNA";"Mal súbito do condutor";"Colisão com objeto";"Com Vítimas Feridas";"Plena Noite";"Crescente";"Céu Claro";"Simples";"Reta";"Não";1;0;0;1;0;0;1;1;-6,498023;-38,396017;"SPRF-PB";"DEL03-PB";"UOP03-DEL03-PB"
686335;2025-04-20;"domingo";"20:54:00";"GO";70;473;"ARAGARCAS";"Acessar a via sem observar a presença dos outros veículos";"Colisão lateral sentido oposto";"Com Vítimas Feridas";"Plena Noite";"Crescente";"Céu Claro";"Dupla";"Reta;Retorno Regulamentado";"Sim";2;0;2;0;0;0;2;2;-15,89628112;-52,2454834;"SPRF-GO";"DEL04-GO";"UOP02-DEL04-GO"
686336;2025-04-20;"domingo";"23:00:00";"MG";40;214;"JOAO PINHEIRO";"Velocidade Incompatível";"Colisão com objeto";"Com Vítimas Feridas";"Plena Noite";"Crescente";"Céu Claro";"Simples";"Curva;Aclive";"Não";1;0;0;1;0;0;1;1;-17,96422608;-45,64948274;"SPRF-MG";"DEL14-MG";"UOP02-DEL14-MG"
686337;2025-04-21;"segunda-feira";"00:40:00";"MG";40;524;"CONTAGEM";"Ausência de sinalização";"Colisão com objeto";"Sem Vítimas";"Plena Noite";"Crescente";"Céu Claro";"Dupla";"Curva";"Sim";1;0;0;0;1;0;0;1;-19,879878;-44,05089;"SPRF-MG";"DEL01-MG";"UOP02-DEL01-MG"
686338;2025-04-21;"segunda-feira";"00:55:00";"SC";101;434,3;"SOMBRIO";"Suicídio (presumido)";"Atropelamento de Pedestre";"Com Vítimas Feridas";"Plena Noite";"Crescente";"Céu Claro";"Dupla";"Reta";"Não";4;0;0;1;3;0;1;2;-29,0998176;-49,63494301;"SPRF-SC";"DEL02-SC";"UOP02-DEL02-SC"
686340;2025-04-21;"segunda-feira";"02:10:00";"RJ";40;50;"PETROPOLIS";"Animais na Pista";"Atropelamento de Animal";"Com Vítimas Feridas";"Plena Noite";"Decrescente";"Céu Claro";"Dupla";"Reta";"Não";2;0;2;0;0;0;2;1;-22,3299056;-43,1321047;"SPRF-RJ";"DEL05-RJ";"UOP02-DEL05-RJ"
686341;2025-04-21;"segunda-feira";"02:30:00";"SE";235;4,5;"BARRA DOS COQUEIROS";"Ausência de reação do condutor";"Tombamento";"Com Vítimas Feridas";"Plena Noite";"Decrescente";"Céu Claro";"Dupla";"Reta";"Não";1;0;1;0;0;0;1;1;-10,85133005;-36,97511494;"SPRF-SE";"DEL01-SE";"UOP01-DEL01-SE"
686343;2025-04-21;"segunda-feira";"01:40:00";"PE";101;92;"CABO DE SANTO AGOSTINHO";"Condutor Dormindo";"Capotamento";"Sem Vítimas";"Plena Noite";"Decrescente";"Céu Claro";"Dupla";"Reta";"Não";2;0;0;0;1;1;0;1;-8,232532;-34,999137;"SPRF-PE";"DEL01-PE";"UOP01-DEL01-PE"
686345;2025-04-21;"segunda-feira";"00:50:00";"SP";116;106,4;"TAUBATE";"Ingestão de álcool pelo condutor";"Colisão com objeto";"Com Vítimas Fatais";"Plena Noite";"Crescente";"Nublado";"Dupla";"Reta";"Sim";3;2;1;0;0;0;1;1;-23,0152323;-45,5266675;"SPRF-SP";"DEL02-SP";"UOP02-DEL02-SP"
686347;2025-04-21;"segunda-feira";"01:45:00";"RS";116;422;"CRISTAL";"Ausência de reação do condutor";"Saída de leito carroçável";"Sem Vítimas";"Plena Noite";"Crescente";"Céu Claro";"Dupla";"Reta";"Não";1;0;0;0;0;1;0;1;-30,96928866;-51,99520216;"SPRF-RS";"DEL02-RS";"UOP02-DEL02-RS"
686349;2025-04-21;"segunda-feira";"03:30:00";"PR";277;20;"MORRETES";"Demais falhas mecânicas ou elétricas";"Saída de leito carroçável";"Sem Vítimas";"Plena Noite";"Crescente";"Céu Claro";"Dupla";"Reta";"Não";2;0;0;0;2;0;0;1;-25,53583405;-48,70201522;"SPRF-PR";"DEL01-PR";"UOP05-DEL01-PR"