"id";"data_inversa";"dia_semana";"horario";"uf";"br";"km";"municipio";"causa_acidente";"tipo_acidente";"classificacao_acidente";"fase_dia";"sentido_via";"condicao_metereologica";"tipo_pista";"tracado_via";"uso_solo";"pessoas";"mortos";"feridos_leves";"feridos_graves";"ilesos";"ignorados";"feridos";"veiculos";"latitude";"longitude";"regional";"delegacia";"uop"
686350;2025-04-21;"segunda-feira";"03:50:00";"SC";282;517,9;"XAXIM";"Condutor deixou de manter distância do veículo da frente";"Colisão traseira";"Sem Vítimas";"Plena Noite";"Decrescente";"Céu Claro";"Simples";"Reta";"Sim";2;0;0;0;2;0;0;2;-26,942842;-52,505912;"SPRF-SC";"DEL07-SC";"UOP01-DEL07-SC"
686351;2025-04-21;"segunda-feira";"03:40:00";"RS";116;298;"GUAIBA";"Ingestão de álcool pelo condutor";"Saída de leito carroçável";"Com Vítimas Feridas";"Plena Noite";"Crescente";"Céu Claro";"Múltipla";"Reta";"Não";2;0;2;0;0;0;2;1;-30,098405;-51,343009;"SPRF-RS";"DEL02-RS";"UOP01-DEL02-RS"
686352;2025-04-21;"segunda-feira";"04:00:00";"MG";381;923;"CAMANDUCAIA";"Condutor Dormindo";"Colisão com objeto";"Com Vítimas Feridas";"Plena Noite";"Crescente";"Nevoeiro/Neblina";"Dupla";"Curva";"Não";2;0;1;0;1;0;1;1;-22,770945;-46,182964;"SPRF-MG";"DEL16-MG";"UOP03-DEL16-MG"
686353;2025-04-21;"segunda-feira";"02:15:00";"AL";423;29;"CANAPI";"Condutor Dormindo";"Colisão com objeto";"Sem Vítimas";"Plena Noite";"Crescente";"Céu Claro";"Simples";"Declive";"Não";1;0;0;0;1;0;0;1;-9,1936627;-37,5146344;"SPRF-AL";"DEL03-AL";"UOP02-DEL03-AL"
686354;2025-04-21;"segunda-feira";"03:00:00";"MT";163;1062;"GUARANTA DO NORTE";"Condutor deixou de manter distância do veículo da frente";"Colisão traseira";"Com Vítimas Feridas";"Plena Noite";"Crescente";"Céu Claro";"Simples";"Reta";"Sim";3;0;2;0;1;0;2;2;-9,975953;-54,90576;"SPRF-MT";"DEL06-MT";"UOP03-DEL06-MT"
686355;2025-04-21;"segunda-feira";"04:20:00";"RS";386;46;"SEBERI";"Ausência de reação do condutor";"Queda de ocupante de veículo";"Sem Vítimas";"Plena Noite";"Crescente";"Céu Claro";"Simples";"Reta";"Não";1;0;0;0;1;0;0;1;-27,45748678;-53,40955031;"SPRF-RS";"DEL08-RS";"UOP02-DEL08-RS"
686356;2025-04-21;"segunda-feira";"04:51:00";"PE";101;68;"RECIFE";"Animais na Pista";"Atropelamento de Animal";"Com Vítimas Feridas";"Amanhecer";"Crescente";"Céu Claro";"Dupla";"Reta;Viaduto";"Não";1;0;1;0;0;0;1;1;-8,05192102;-34,94617939;"SPRF-PE";"DEL01-PE";"UOP01-DEL01-PE"
686357;2025-04-21;"segunda-feira";"05:45:00";"SP";116;212,4;"GUARULHOS";"Velocidade Incompatível";"Colisão com objeto";"Com Vítimas Fatais";"Amanhecer";"Crescente";"Nublado";"Dupla";"Reta";"Sim";2;1;1;0;0;0;1;2;-23,43782716;-46,43269474;"SPRF-SP";"DEL01-SP";"UOP01-DEL01-SP"
686358;2025-04-21;"segunda-feira";"03:40:00";"RJ";393;235;"VASSOURAS";"Entrada inopinada do pedestre";"Atropelamento de Pedestre";"Com Vítimas Fatais";"Plena Noite";"Decrescente";"Chuva";"Simples";"Reta";"Sim";2;1;0;0;1;0;0;2;-22,4015022;-43,6608373;"SPRF-RJ";"DEL05-RJ";"UOP03-DEL05-RJ"
686359;2025-04-21;"segunda-feira";"05:07:00";"PE";232;82;"GRAVATA";"Transitar na contramão";"Colisão frontal";"Com Vítimas Fatais";"Amanhecer";"Crescente";"Céu Claro";"Múltipla";"Reta;Declive;Desvio Temporário";"Sim";3;1;0;0;2;0;0;2;-8,199188;-35,587837;"SPRF-PE";"DEL02-PE";"UOP02-DEL02PE"
686360;2025-04-21;"segunda-feira";"05:00:00";"MG";50;177;"UBERABA";"Ausência de reação do condutor";"Saída de leito carroçável";"Sem Vítimas";"Amanhecer";"Decrescente";"Nublado";"Dupla";"Reta;Declive";"Sim";1;0;0;0;1;0;0;1;-19,779145;-47,950564;"SPRF-MG";"DEL13-MG";"UOP01-DEL13-MG"
686362;2025-04-21;"segunda-feira";"04:30:00";"RJ";101;457;"ANGRA DOS REIS";"Ingestão de álcool pelo condutor";"Colisão lateral sentido oposto";"Sem Vítimas";"Plena Noite";"Crescente";"Chuva";"Simples";"Reta";"Não";3;0;0;0;3;0;0;2;-23,03105796;-44,17382061;"SPRF-RJ";"DEL03-RJ";"UOP03-DEL03-RJ"
686363;2025-04-21;"segunda-feira";"03:10:00";"RJ";101;54;"CAMPOS DOS GOYTACAZES";"Reação tardia ou ineficiente do condutor";"Queda de ocupante de veículo";"Com Vítimas Feridas";"Plena Noite";"Decrescente";"Nublado";"Simples";"Reta;Declive";"Sim";1;0;1;0;0;0;1;1;-21,669576;-41,311118;"SPRF-RJ";"DEL08-RJ";"UOP01-DEL08-RJ"
686364;2025-04-20;"domingo";"23:30:00";"PR";373;237;"IMBITUVA";"Demais falhas mecânicas ou elétricas";"Saída de leito carroçável";"Sem Vítimas";"Plena Noite";"Crescente";"Ignorado";"Simples";"Curva";"Não";1;0;0;0;1;0;0;1;-25,180324;-50,728193;"SPRF-PR";"DEL03-PR";"UOP01-DEL03-PR"
686367;2025-04-21;"segunda-feira";"04:20:00";"MS";262;498;"ANASTACIO";"Condutor Dormindo";"Colisão traseira";"Com Vítimas Feridas";"Plena Noite";"Decrescente";"Céu Claro";"Simples";"Reta";"Não";3;0;2;0;1;0;2;2;-20,501694;-55,888791;"SPRF-MS";"DEL03-MS";"UOP01-DEL03-MS"
686369;2025-04-21;"segunda-feira";"06:45:00";"MG";40;797,2;"JUIZ DE FORA";"Condutor Dormindo";"Colisão com objeto";"Com Vítimas Feridas";"Amanhecer";"Crescente";"Céu Claro";"Dupla";"Curva";"Não";2;0;0;2;0;0;2;1;-21,81162393;-43,38925838;"SPRF-MG";"DEL05-MG";"UOP01-DEL05-MG"
686371;2025-04-21;"segunda-feira";"06:00:00";"PR";116;29;"CAMPINA GRANDE DO SUL";"Ausência de reação do condutor";"Saída de leito carroçável";"Com Vítimas Feridas";"Pleno dia";"Decrescente";"Garoa/Chuvisco";"Dupla";"Curva;Declive";"Não";1;0;1;0;0;0;1;1;-25,1114245;-48,8118038;"SPRF-PR";"DEL01-PR";"UOP02-DEL01-PR"
686372;2025-04-21;"segunda-feira";"06:00:00";"SC";101;58;"ARAQUARI";"Ausência de reação do condutor";"Colisão traseira";"Com Vítimas Feridas";"Pleno dia";"Decrescente";"Céu Claro";"Dupla";"Reta";"Não";6;0;1;0;4;1;1;2;-26,44493532;-48,79569709;"SPRF-SC";"DEL03-SC";"UOP02-DEL03-SC"
686374;2025-04-20;"domingo";"23:41:00";"PR";116;42,1;"CAMPINA GRANDE DO SUL";"Ausência de reação do condutor";"Saída de leito carroçável";"Com Vítimas Feridas";"Plena Noite";"Crescente";"Garoa/Chuvisco";"Dupla";"Curva";"Não";1;0;1;0;0;0;1;1;-25,17697547;-48,87812907;"SPRF-PR";"DEL01-PR";"UOP02-DEL01-PR"
686375;2025-04-16;"quarta-feira";"12:30:00";"PR";277;120;"CAMPO LARGO";"Ausência de reação do condutor";"Colisão traseira";"Com Vítimas Feridas";"Pleno dia";"Decrescente";"Céu Claro";"Dupla";"Reta";"Sim";3;0;0;1;2;0;1;2;-25,447305;-49,481028;"SPRF-PR";"DEL03-PR";"UOP03-DEL03-PR"
686376;2025-04-21;"segunda-feira";"06:50:00";"RS";290;412;"SAO GABRIEL";"Ingestão de álcool pelo condutor";"Saída de leito carroçável";"Sem Vítimas";"Amanhecer";"Decrescente";"Céu Claro";"Simples";"Rotatória";"Não";2;0;0;0;2;0;0;1;-30,358813;-54,278752;"SPRF-RS";"DEL11-RS";"UOP02-DEL11-RS"
686377;2025-04-21;"segunda-feira";"08:00:00";"PI";402;7;"BURITI DOS LOPES";"Ausência de reação do condutor";"Saída de leito carroçável";"Com Vítimas Feridas";"Pleno dia";"Decrescente";"Céu Claro";"Simples";"Reta";"Não";2;0;1;0;1;0;1;1;-3,10543135;-41,87677324;"SPRF-PI";"DEL05-PI";"UOP01-DEL05-PI"
686378;2025-04-20;"domingo";"16:30:00";"MS";463;1;"DOURADOS";"Acessar a via sem observar a presença dos outros veículos";"Eventos atípicos";"Com Vítimas Feridas";"Pleno dia";"Decrescente";"Céu Claro";"Simples";"Reta;Interseção de Vias";"Sim";3;0;1;0;0;2;1;2;-22,2591925;-54,81791496;"SPRF-MS";"DEL04-MS";"UOP01-DEL04-MS"
686381;2025-04-21;"segunda-feira";"07:05:00";"PR";277;309;"GUARAPUAVA";"Reação tardia ou ineficiente do condutor";"Engavetamento";"Com Vítimas Feridas";"Pleno dia";"Decrescente";"Garoa/Chuvisco";"Simples";"Reta;Aclive";"Não";9;0;4;0;5;0;4;3;-25,311435;-51,213133;"SPRF-PR";"DEL08-PR";"UOP01-DEL08-PR"
686382;2025-04-21;"segunda-feira";"08:00:00";"PE";101;76;"RECIFE";"Acessar a via sem observar a presença dos outros veículos";"Colisão frontal";"Com Vítimas Feridas";"Pleno dia";"Crescente";"Nublado";"Dupla";"Reta";"Não";5;0;2;0;2;1;2;4;-8,12162;-34,943231;"SPRF-PE";"DEL01-PE";"UOP01-DEL01-PE"
686383;2025-04-21;"segunda-feira";"07:30:00";"PR";376;172;"MARINGA";"Ausência de reação do condutor";"Colisão lateral mesmo sentido";"Com Vítimas Feridas";"Pleno dia";"Crescente";"Céu Claro";"Dupla";"Reta;Em Obras;Declive;Desvio Temporário";"Sim";2;0;1;0;1;0;1;2;-23,41915183;-51,96925874;"SPRF-PR";"DEL09-PR";"UOP01-DEL09-PR"
686384;2025-04-21;"segunda-feira";"06:45:00";"SC";101;112,2;"ITAJAI";"Ingestão de álcool pelo condutor";"Colisão com objeto";"Sem Vítimas";"Pleno dia";"Crescente";"Céu Claro";"Múltipla";"Reta";"Sim";1;0;0;0;1;0;0;1;-26,85060784;-48,72598529;"SPRF-SC";"DEL04-SC";"UOP04-DEL04-SC"
686385;2025-04-21;"segunda-feira";"08:20:00";"SC";101;207;"SAO JOSE";"Reação tardia ou ineficiente do condutor";"Colisão traseira";"Com Vítimas Feridas";"Pleno dia";"Crescente";"Céu Claro";"Múltipla";"Reta";"Sim";2;0;1;0;0;1;1;2;-27,59842072;-48,62115199;"SPRF-SC";"DEL01-SC";"UOP01-DEL01-SC"
686386;2025-04-21;"segunda-feira";"08:00:00";"GO";50;131,2;"IPAMERI";"Demais falhas mecânicas ou elétricas";"Queda de ocupante de veículo";"Com Vítimas Feridas";"Pleno dia";"Crescente";"Nublado";"Dupla";"Reta";"Não";2;0;2;0;0;0;2;1;-16,97428537;-47,74549305;"SPRF-GO";"DEL06-GO";"UOP01-DEL06-GO"
686387;2025-04-20;"domingo";"21:20:00";"MG";381;360;"JOAO MONLEVADE";"Ausência de reação do condutor";"Colisão transversal";"Sem Vítimas";"Plena Noite";"Decrescente";"Nublado";"Simples";"Reta";"Sim";2;0;0;0;1;1;0;2;-19,8415737;-43,1984976;"SPRF-MG";"DEL03-MG";"UOP01-DEL03-MG"
686388;2025-04-21;"segunda-feira";"08:20:00";"PB";101;90;"JOAO PESSOA";"Ausência de reação do condutor";"Colisão traseira";"Com Vítimas Feridas";"Pleno dia";"Crescente";"Sol";"Dupla";"Reta;Retorno Regulamentado";"Sim";2;0;1;0;0;1;1;2;-7,17773321;-34,89975438;"SPRF-PB";"DEL01-PB";"UOP01-DEL01-PB"
686390;2025-04-21;"segunda-feira";"08:30:00";"SP";101;50;"UBATUBA";"Acessar a via sem observar a presença dos outros veículos";"Colisão transversal";"Com Vítimas Feridas";"Pleno dia";"Decrescente";"Céu Claro";"Simples";"Reta";"Sim";2;0;1;0;1;0;1;2;-23,45104098;-45,07633495;"SPRF-SP";"DEL06-SP";"UOP01-DEL06-SP"
686391;2025-04-21;"segunda-feira";"07:00:00";"SC";470;65,5;"INDAIAL";"Conversão proibida";"Colisão frontal";"Com Vítimas Fatais";"Pleno dia";"Crescente";"Céu Claro";"Simples";"Em Obras;Curva";"Sim";3;1;1;0;1;0;1;2;-26,87091;-49,218013;"SPRF-SC";"DEL04-SC";"UOP01-DEL04-SC"
686394;2025-04-21;"segunda-feira";"08:10:00";"CE";304;53;"BEBERIBE";"Acessar a via sem observar a presença dos outros veículos";"Colisão transversal";"Com Vítimas Feridas";"Pleno dia";"Crescente";"Céu Claro";"Simples";"Interseção de Vias;Reta";"Não";3;0;1;0;2;0;1;2;-4,2830292;-38,0286351;"SPRF-CE";"DEL03-CE";"UOP03-DEL03-CE"
686395;2025-04-21;"segunda-feira";"06:45:00";"SC";101;10;"BIGUACU";"Condutor Dormindo";"Saída de leito carroçável";"Com Vítimas Feridas";"Pleno dia";"Decrescente";"Nublado";"Dupla";"Reta";"Não";1;0;1;0;0;0;1;1;-27,45175743;-48,71365232;"SPRF-SC";"DEL01-SC";"UOP01-DEL01-SC"
686402;2025-04-21;"segunda-feira";"08:30:00";"MT";70;46,3;"BARRA DO GARCAS";"Ausência de reação do condutor";"Saída de leito carroçável";"Com Vítimas Feridas";"Pleno dia";"Decrescente";"Céu Claro";"Simples";"Reta";"Não";4;0;1;0;3;0;1;1;-15,8158203;-52,30273999;"SPRF-MT";"DEL07-MT";"UOP01-DEL07-MT"
686403;2025-04-21;"segunda-feira";"09:45:00";"PE";232;252;"ARCOVERDE";"Acumulo de areia ou detritos sobre o pavimento";"Tombamento";"Com Vítimas Feridas";"Pleno dia";"Crescente";"Céu Claro";"Simples";"Rotatória";"Sim";2;0;2;0;0;0;2;1;-8,43049603;-37,06233501;"SPRF-PE";"DEL04-PE";"UOP02-DEL04-PE"
686404;2025-04-21;"segunda-feira";"08:20:00";"SP";101;38;"UBATUBA";"Animais na Pista";"Atropelamento de Animal";"Com Vítimas Feridas";"Pleno dia";"Decrescente";"Chuva";"Simples";"Reta";"Não";1;0;1;0;0;0;1;1;-23,40339506;-45,01768112;"SPRF-SP";"DEL06-SP";"UOP01-DEL06-SP"
686405;2025-04-21;"segunda-feira";"08:40:00";"PR";373;176;"PONTA GROSSA";"Ausência de reação do condutor";"Colisão traseira";"Com Vítimas Feridas";"Pleno dia";"Crescente";"Nublado";"Dupla";"Reta;Declive";"Sim";3;0;1;0;1;1;1;3;-25,06230541;-50,21593094;"SPRF-PR";"DEL03-PR";"UOP01-DEL03-PR"
686408;2025-04-21;"segunda-feira";"09:50:00";"RJ";116;85;"TERESOPOLIS";"Acessar a via sem observar a presença dos outros veículos";"Colisão transversal";"Com Vítimas Feridas";"Pleno dia";"Decrescente";"Chuva";"Simples";"Reta";"Não";2;0;1;0;1;0;1;2;-22,3444992;-42,9228032;"SPRF-RJ";"DEL04-RJ";"UOP01-DEL04-RJ"
686411;2025-04-21;"segunda-feira";"09:40:00";"SE";101;97,7;"SAO CRISTOVAO";"Acessar a via sem observar a presença dos outros veículos";"Colisão transversal";"Com Vítimas Feridas";"Pleno dia";"Crescente";"Céu Claro";"Dupla";"Reta;Aclive";"Não";2;0;1;1;0;0;2;2;-10,926412;-37,179942;"SPRF-SE";"DEL02-SE";"UOP01-DEL02-SE"
686412;2025-04-21;"segunda-feira";"09:10:00";"RO";364;580;"ITAPUA DO OESTE";"Afundamento ou ondulação no pavimento";"Tombamento";"Com Vítimas Feridas";"Pleno dia";"Crescente";"Céu Claro";"Simples";"Reta";"Não";1;0;1;0;0;0;1;1;-9,1969848;-63,1796604;"SPRF-RO";"DEL01-RO";"UOP04-DEL01-RO"
686413;2025-04-21;"segunda-feira";"10:00:00";"PR";376;605;"CURITIBA";"Velocidade Incompatível";"Colisão transversal";"Com Vítimas Feridas";"Pleno dia";"Crescente";"Céu Claro";"Dupla";"Reta";"Sim";2;0;0;1;1;0;1;2;-25,54297388;-49,30889368;"SPRF-PR";"DEL01-PR";"UOP06-DEL01-PR"
686414;2025-04-21;"segunda-feira";"10:35:00";"PE";232;25,7;"MORENO";"Manobra de mudança de faixa";"Queda de ocupante de veículo";"Com Vítimas Feridas";"Pleno dia";"Crescente";"Céu Claro";"Dupla";"Reta";"Não";2;0;1;0;0;1;1;2;-8,113559;-35,114422;"SPRF-PE";"DEL01-PE";"UOP01-DEL01-PE"
686415;2025-04-21;"segunda-feira";"09:44:00";"CE";20;294,2;"CANINDE";"Ultrapassagem Indevida";"Colisão lateral mesmo sentido";"Com Vítimas Feridas";"Pleno dia";"Crescente";"Nublado";"Simples";"Reta";"Sim";3;0;2;0;0;1;2;2;-4,3332877;-39,2869896;"SPRF-CE";"DEL02-CE";"UOP01-DEL02-CE"
686416;2025-04-21;"segunda-feira";"10:12:00";"RJ";40;78;"PETROPOLIS";"Chuva";"Saída de leito carroçável";"Com Vítimas Feridas";"Pleno dia";"Crescente";"Chuva";"Simples";"Curva";"Não";1;0;1;0;0;0;1;1;-22,470916;-43,23746681;"SPRF-RJ";"DEL01-RJ";"UOP01-DEL01-RJ"
686418;2025-04-21;"segunda-feira";"10:50:00";"SC";101;92;"BARRA VELHA";"Reação tardia ou ineficiente do condutor";"Colisão traseira";"Sem Vítimas";"Pleno dia";"Decrescente";"Nublado";"Dupla";"Reta";"Não";3;0;0;0;2;1;0;3;-26,68690207;-48,69531155;"SPRF-SC";"DEL03-SC";"UOP02-DEL03-SC"
686419;2025-04-21;"segunda-feira";"10:40:00";"MG";267;292;"BAEPENDI";"Acessar a via sem observar a presença dos outros veículos";"Colisão transversal";"Com Vítimas Feridas";"Pleno dia";"Crescente";"Céu Claro";"Simples";"Interseção de Vias";"Não";2;0;1;0;1;0;1;2;-21,92330755;-44,81924837;"SPRF-MG";"DEL17-MG";"UOP01-DEL17-MG"
686420;2025-04-21;"segunda-feira";"10:20:00";"SP";116;144;"SAO JOSE DOS CAMPOS";"Reação tardia ou ineficiente do condutor";"Queda de ocupante de veículo";"Com Vítimas Feridas";"Pleno dia";"Crescente";"Céu Claro";"Dupla";"Reta";"Sim";1;0;1;0;0;0;1;1;-23,18110116;-45,84371299;"SPRF-SP";"DEL02-SP";"UOP01-DEL02-SP"
686421;2025-04-21;"segunda-feira";"10:00:00";"MS";158;6,2;"CASSILANDIA";"Conversão proibida";"Colisão transversal";"Com Vítimas Feridas";"Pleno dia";"Crescente";"Nublado";"Simples";"Reta";"Não";7;0;3;0;4;0;3;2;-19,13211518;-51,70682388;"SPRF-MS";"DEL08-MS";"UOP01-DEL08-MS"
686423;2025-04-21;"segunda-feira";"10:00:00";"SC";101;3;"GARUVA";"Reação tardia ou ineficiente do condutor";"Eventos atípicos";"Com Vítimas Feridas";"Pleno dia";"Decrescente";"Nublado";"Dupla";"Curva;Declive";"Não";1;0;1;0;0;0;1;1;-25,99854558;-48,87865931;"SPRF-SC";"DEL03-SC";"UOP01-DEL03-SC"
686424;2025-04-21;"segunda-feira";"10:20:00";"PR";376;300;"MAUA DA SERRA";"Velocidade Incompatível";"Saída de leito carroçável";"Com Vítimas Feridas";"Pleno dia";"Crescente";"Céu Claro";"Dupla";"Curva;Declive";"Não";1;0;0;1;0;0;1;1;-23,93672617;-51,16700822;"SPRF-PR";"DEL07-PR";"UOP02-DEL07-PR"
686425;2025-04-21;"segunda-feira";"09:00:00";"RS";116;128;"SAO MARCOS";"Reação tardia ou ineficiente do condutor";"Saída de leito carroçável";"Com Vítimas Feridas";"Pleno dia";"Decrescente";"Céu Claro";"Simples";"Curva;Aclive";"Não";1;0;0;1;0;0;1;1;-29,03365873;-51,09912872;"SPRF-RS";"DEL05-RS";"UOP01-DEL05-RS"
686426;2025-04-21;"segunda-feira";"09:40:00";"PR";116;25;"CAMPINA GRANDE DO SUL";"Pista Escorregadia";"Saída de leito carroçável";"Com Vítimas Feridas";"Pleno dia";"Decrescente";"Garoa/Chuvisco";"Dupla";"Curva";"Não";7;0;1;0;6;0;1;1;-25,110525;-48,785032;"SPRF-PR";"DEL01-PR";"UOP02-DEL01-PR"
686427;2025-04-21;"segunda-feira";"09:40:00";"PR";116;20;"ANTONINA";"Chuva";"Saída de leito carroçável";"Com Vítimas Feridas";"Pleno dia";"Crescente";"Chuva";"Dupla";"Curva;Declive";"Não";4;0;1;0;3;0;1;1;-25,100928;-48,731672;"SPRF-PR";"DEL01-PR";"UOP02-DEL01-PR"
686428;2025-04-21;"segunda-feira";"10:40:00";"PB";230;290,8;"SANTA LUZIA";"Reação tardia ou ineficiente do condutor";"Colisão traseira";"Com Vítimas Feridas";"Pleno dia";"Decrescente";"Céu Claro";"Simples";"Reta;Declive";"Sim";6;0;1;0;5;0;1;2;-6,872758;-36,92717;"SPRF-PB";"DEL03-PB";"UOP01-DEL03-PB"
686429;2025-04-21;"segunda-feira";"11:00:00";"DF";60;24;"BRASILIA";"Reação tardia ou ineficiente do condutor";"Saída de leito carroçável";"Sem Vítimas";"Pleno dia";"Crescente";"Céu Claro";"Dupla";"Declive";"Sim";2;0;0;0;2;0;0;1;-15,993037;-48,233592;"SPRF-DF";"DEL03-DF";"UOP01-DEL03-DF"
686430;2025-04-21;"segunda-feira";"11:40:00";"RJ";40;79;"PETROPOLIS";"Chuva";"Capotamento";"Com Vítimas Feridas";"Pleno dia";"Decrescente";"Chuva";"Simples";"Curva";"Não";2;0;2;0;0;0;2;1;-22,490575;-43,2199512;"SPRF-RJ";"DEL01-RJ";"UOP01-DEL01-RJ"
686431;2025-04-21;"segunda-feira";"11:52:00";"PR";277;0,5;"PARANAGUA";"Ausência de reação do condutor";"Colisão traseira";"Com Vítimas Feridas";"Pleno dia";"Crescente";"Céu Claro";"Simples";"Curva";"Sim";2;0;1;0;1;0;1;2;-25,523628;-48,547541;"SPRF-PR";"DEL01-PR";"UOP05-DEL01-PR"
686432;2025-04-16;"quarta-feira";"20:40:00";"RJ";116;220;"PARACAMBI";"Entrada inopinada do pedestre";"Atropelamento de Pedestre";"Com Vítimas Feridas";"Plena Noite";"Crescente";"Céu Claro";"Dupla";"Reta";"Não";2;0;0;1;1;0;1;2;-22,69351483;-43,77560377;"SPRF-RJ";"DEL06-RJ";"UOP02-DEL06-RJ"
686435;2025-04-21;"segunda-feira";"11:50:00";"CE";222;20;"CAUCAIA";"Transitar na contramão";"Colisão frontal";"Com Vítimas Feridas";"Pleno dia";"Crescente";"Sol";"Simples";"Reta";"Não";2;0;0;1;1;0;1;2;-3,739557;-38,738678;"SPRF-CE";"DEL01-CE";"UOP01-DEL01-CE"
686437;2025-04-21;"segunda-feira";"11:55:00";"SC";101;22,5;"BIGUACU";"Velocidade Incompatível";"Colisão com objeto";"Com Vítimas Fatais";"Pleno dia";"Decrescente";"Céu Claro";"Dupla";"Curva";"Não";2;1;0;0;0;1;0;2;-27,51221;-48,71124;"SPRF-SC";"DEL01-SC";"UOP02-DEL01-SC"
686438;2025-04-21;"segunda-feira";"12:45:00";"PA";316;23;"BENEVIDES";"Manobra de mudança de faixa";"Colisão lateral mesmo sentido";"Com Vítimas Feridas";"Pleno dia";"Decrescente";"Céu Claro";"Dupla";"Reta";"Não";6;0;2;0;4;0;2;2;-1,34222627;-48,24703932;"SPRF-PA";"DEL01-PA";"UOP01-DEL01-PA"
686439;2025-04-21;"segunda-feira";"12:10:00";"PA";316;161;"CAPANEMA";"Ausência de reação do condutor";"Saída de leito carroçável";"Com Vítimas Feridas";"Pleno dia";"Crescente";"Chuva";"Simples";"Reta";"Não";5;0;0;1;4;0;1;1;-1,277093;-47,119917;"SPRF-PA";"DEL01-PA";"UOP03-DEL01-PA"
686440;2025-04-21;"segunda-feira";"07:00:00";"RS";290;550;"ALEGRETE";"Manobra de mudança de faixa";"Capotamento";"Com Vítimas Feridas";"Amanhecer";"Crescente";"Sol";"Simples";"Reta";"Não";3;0;0;1;0;2;1;2;-29,89890138;-55,57120062;"SPRF-RS";"DEL13-RS";"UOP02-DEL13-RS"
686441;2025-04-21;"segunda-feira";"12:00:00";"MT";163;798;"VERA";"Pista Escorregadia";"Saída de leito carroçável";"Com Vítimas Feridas";"Pleno dia";"Decrescente";"Chuva";"Simples";"Curva";"Não";3;0;1;0;2;0;1;1;-12,19870145;-55,53598523;"SPRF-MT";"DEL06-MT";"UOP02-DEL06-MT"
686442;2025-04-21;"segunda-feira";"10:40:00";"MG";262;99,5;"ABRE CAMPO";"Ausência de reação do condutor";"Engavetamento";"Sem Vítimas";"Pleno dia";"Crescente";"Céu Claro";"Simples";"Reta";"Não";14;0;0;0;14;0;0;3;-20,29153699;-42,50113171;"SPRF-MG";"DEL03-MG";"UOP03-DEL03-MG"
686443;2025-04-21;"segunda-feira";"13:10:00";"BA";101;860;"TEIXEIRA DE FREITAS";"Reação tardia ou ineficiente do condutor";"Colisão traseira";"Com Vítimas Feridas";"Pleno dia";"Crescente";"Céu Claro";"Simples";"Reta";"Não";4;0;0;1;2;1;1;3;-17,392802;-39,666888;"SPRF-BA";"DEL09-BA";"UOP02-DEL09-BA"
686445;2025-04-21;"segunda-feira";"13:10:00";"PR";469;19,2;"FOZ DO IGUACU";"Avarias e/ou desgaste excessivo no pneu";"Tombamento";"Sem Vítimas";"Pleno dia";"Crescente";"Céu Claro";"Simples";"Reta;Em Obras";"Sim";2;0;0;0;2;0;0;1;-25,60359062;-54,49968159;"SPRF-PR";"DEL05-PR";"UOP04-DEL05-PR"
686446;2025-04-21;"segunda-feira";"11:30:00";"SC";101;336,1;"TUBARAO";"Reação tardia ou ineficiente do condutor";"Colisão traseira";"Com Vítimas Feridas";"Pleno dia";"Crescente";"Sol";"Dupla";"Ponte";"Não";2;0;1;0;1;0;1;2;-28,48246463;-49,03514558;"SPRF-SC";"DEL02-SC";"UOP01-DEL02-SC"
686447;2025-04-21;"segunda-feira";"11:50:00";"CE";116;82;"CASCAVEL";"Ultrapassagem Indevida";"Colisão frontal";"Com Vítimas Fatais";"Pleno dia";"Crescente";"Sol";"Dupla";"Reta";"Não";3;1;0;0;2;0;0;2;-4,413631;-38,411533;"SPRF-CE";"DEL03-CE";"UOP02-DEL03-CE"
686448;2025-04-21;"segunda-feira";"13:23:00";"PE";101;14,9;"GOIANA";"Ausência de reação do condutor";"Saída de leito carroçável";"Com Vítimas Feridas";"Pleno dia";"Decrescente";"Céu Claro";"Dupla";"Reta";"Não";5;0;1;4;0;0;5;1;-7,61947243;-34,97020216;"SPRF-PE";"DEL01-PE";"UOP02-DEL01-PE"
686449;2025-04-21;"segunda-feira";"13:30:00";"SC";101;275,9;"IMBITUBA";"Condutor deixou de manter distância do veículo da frente";"Colisão traseira";"Com Vítimas Feridas";"Pleno dia";"Crescente";"Céu Claro";"Múltipla";"Reta;Aclive";"Não";7;0;1;0;6;0;1;2;-28,15718431;-48,69292974;"SPRF-SC";"DEL02-SC";"UOP03-DEL02-SC"
686451;2025-04-21;"segunda-feira";"12:30:00";"RJ";40;92;"DUQUE DE CAXIAS";"Chuva";"Queda de ocupante de veículo";"Com Vítimas Feridas";"Pleno dia";"Crescente";"Chuva";"Simples";"Reta;Declive";"Não";2;0;1;0;1;0;1;1;-22,561065;-43,268705;"SPRF-RJ";"DEL01-RJ";"UOP01-DEL01-RJ"
686452;2025-04-21;"segunda-feira";"13:56:00";"AL";316;148,9;"PALMEIRA DOS INDIOS";"Acesso irregular";"Colisão transversal";"Com Vítimas Feridas";"Pleno dia";"Crescente";"Céu Claro";"Simples";"Reta;Interseção de Vias";"Não";8;0;4;0;4;0;4;2;-9,411793;-36,681168;"SPRF-AL";"DEL03-AL";"UOP01-DEL03-AL"
686453;2025-04-21;"segunda-feira";"13:40:00";"BA";324;545;"AMELIA RODRIGUES";"Ausência de reação do condutor";"Engavetamento";"Com Vítimas Feridas";"Pleno dia";"Crescente";"Céu Claro";"Dupla";"Reta";"Sim";5;0;1;0;4;0;1;4;-12,42501154;-38,73877734;"SPRF-BA";"DEL01-BA";"UOP03-DEL01-BA"