"id";"data_inversa";"dia_semana";"horario";"uf";"br";"km";"municipio";"causa_acidente";"tipo_acidente";"classificacao_acidente";"fase_dia";"sentido_via";"condicao_metereologica";"tipo_pista";"tracado_via";"uso_solo";"pessoas";"mortos";"feridos_leves";"feridos_graves";"ilesos";"ignorados";"feridos";"veiculos";"latitude";"longitude";"regional";"delegacia";"uop"
686456;2025-04-21;"segunda-feira";"11:40:00";"MG";40;44,4;"PARACATU";"Ausência de reação do condutor";"Colisão traseira";"Com Vítimas Feridas";"Pleno dia";"Decrescente";"Céu Claro";"Simples";"Reta";"Sim";2;0;0;1;0;1;1;2;-17,2414818;-46,8237399;"SPRF-MG";"DEL14-MG";"UOP01-DEL14-MG"
686457;2025-04-21;"segunda-feira";"13:38:00";"SC";280;11;"SAO FRANCISCO DO SUL";"Manobra de mudança de faixa";"Colisão transversal";"Com Vítimas Feridas";"Pleno dia";"Crescente";"Céu Claro";"Simples";"Reta";"Não";2;0;1;0;1;0;1;2;-26,30187924;-48,63990784;"SPRF-SC";"DEL03-SC";"UOP03-DEL03-SC"
686458;2025-04-21;"segunda-feira";"12:50:00";"PR";277;310,1;"GUARAPUAVA";"Ausência de reação do condutor";"Colisão traseira";"Com Vítimas Feridas";"Pleno dia";"Decrescente";"Céu Claro";"Simples";"Declive";"Não";2;0;0;1;1;0;1;2;-25,315478;-51,21446;"SPRF-PR";"DEL08-PR";"UOP01-DEL08-PR"
686459;2025-04-18;"sexta-feira";"07:30:00";"RJ";356;87;"CARDOSO MOREIRA";"Ausência de reação do condutor";"Queda de ocupante de veículo";"Com Vítimas Feridas";"Pleno dia";"Crescente";"Céu Claro";"Simples";"Reta";"Não";1;0;1;0;0;0;1;1;-21,49348439;-41,62960052;"SPRF-RJ";"DEL08-RJ";"UOP03-DEL08-RJ"
686460;2025-04-21;"segunda-feira";"11:30:00";"AP";210;103;"PORTO GRANDE";"Ausência de reação do condutor";"Queda de ocupante de veículo";"Com Vítimas Feridas";"Pleno dia";"Decrescente";"Céu Claro";"Simples";"Reta";"Sim";1;0;1;0;0;0;1;1;0,70385161;-51,40712477;"SPRF-AP";"DEL01-AP";"UOP01-DEL01-AP"
686461;2025-04-21;"segunda-feira";"13:39:00";"DF";20;4,7;"BRASILIA";"Ausência de reação do condutor";"Colisão traseira";"Com Vítimas Feridas";"Pleno dia";"Decrescente";"Céu Claro";"Dupla";"Reta;Aclive";"Não";5;0;4;0;1;0;4;2;-15,6750409;-47,8237141;"SPRF-DF";"DEL02-DF";"UOP01-DEL02-DF"
686462;2025-04-21;"segunda-feira";"13:00:00";"RJ";101;455;"MANGARATIBA";"Reação tardia ou ineficiente do condutor";"Colisão traseira";"Com Vítimas Feridas";"Pleno dia";"Crescente";"Chuva";"Simples";"Declive";"Não";2;0;1;0;1;0;1;2;-23,03064866;-44,16302204;"SPRF-RJ";"DEL03-RJ";"UOP02-DEL03-RJ"
686467;2025-04-21;"segunda-feira";"14:10:00";"MG";381;7;"BETIM";"Ausência de reação do condutor";"Tombamento";"Com Vítimas Feridas";"Pleno dia";"Decrescente";"Céu Claro";"Dupla";"Reta";"Sim";1;0;1;0;0;0;1;1;-19,98929929;-44,19497434;"SPRF-MG";"DEL01-MG";"UOP03-DEL01-MG"
686468;2025-04-21;"segunda-feira";"13:10:00";"RJ";40;75;"PETROPOLIS";"Condutor deixou de manter distância do veículo da frente";"Colisão traseira";"Com Vítimas Feridas";"Pleno dia";"Decrescente";"Chuva";"Simples";"Curva";"Não";6;0;4;0;2;0;4;2;-22,47195451;-43,2377243;"SPRF-RJ";"DEL01-RJ";"UOP01-DEL01-RJ"
686469;2025-04-21;"segunda-feira";"13:00:00";"SC";280;185,7;"FLORIANOPOLIS";"Conversão proibida";"Colisão transversal";"Com Vítimas Feridas";"Pleno dia";"Crescente";"Céu Claro";"Simples";"Reta";"Não";4;0;2;0;2;0;2;2;-27,5972096;-48,5556224;"SPRF-SC";"DEL06-SC";"UOP01-DEL06-SC"
686472;2025-04-21;"segunda-feira";"10:10:00";"RO";435;85,1;"COLORADO DO OESTE";"Acessar a via sem observar a presença dos outros veículos";"Colisão lateral mesmo sentido";"Com Vítimas Feridas";"Pleno dia";"Crescente";"Céu Claro";"Simples";"Reta;Aclive";"Sim";2;0;1;0;1;0;1;2;-13,12807636;-60,54385778;"SPRF-RO";"DEL04-RO";"UOP02-DEL04-RO"
686473;2025-04-21;"segunda-feira";"15:05:00";"PE";101;89;"JABOATAO DOS GUARARAPES";"Reação tardia ou ineficiente do condutor";"Colisão traseira";"Com Vítimas Feridas";"Pleno dia";"Decrescente";"Nublado";"Dupla";"Reta";"Não";11;0;2;0;9;0;2;2;-8,212415;-34,986145;"SPRF-PE";"DEL01-PE";"UOP01-DEL01-PE"
686475;2025-04-21;"segunda-feira";"14:12:00";"MT";70;504;"CUIABA";"Ausência de reação do condutor";"Colisão traseira";"Sem Vítimas";"Pleno dia";"Crescente";"Sol";"Simples";"Rotatória";"Sim";6;0;0;0;6;0;0;2;-15,70051302;-56,04192185;"SPRF-MT";"DEL01-MT";"UOP02-DEL01-MT"
686476;2025-04-21;"segunda-feira";"14:30:00";"PR";376;509,4;"PONTA GROSSA";"Ausência de reação do condutor";"Colisão traseira";"Com Vítimas Feridas";"Pleno dia";"Crescente";"Céu Claro";"Dupla";"Reta";"Não";4;0;1;0;3;0;1;2;-25,20958997;-50,06355632;"SPRF-PR";"DEL03-PR";"UOP04-DEL03-PR"
686477;2025-04-21;"segunda-feira";"15:35:00";"RS";392;91;"PELOTAS";"Reação tardia ou ineficiente do condutor";"Saída de leito carroçável";"Com Vítimas Feridas";"Pleno dia";"Decrescente";"Sol";"Simples";"Reta";"Não";1;0;0;1;0;0;1;1;-31,6;-52,5;"SPRF-RS";"DEL07-RS";"UOP01-DEL07-RS"
686478;2025-04-21;"segunda-feira";"14:50:00";"SE";101;188;"CRISTINAPOLIS";"Demais falhas mecânicas ou elétricas";"Incêndio";"Sem Vítimas";"Pleno dia";"Decrescente";"Sol";"Simples";"Reta";"Não";1;0;0;0;1;0;0;1;-11,4814202;-37,765105;"SPRF-SE";"DEL02-SE";"UOP03-DEL02-SE"
686479;2025-04-21;"segunda-feira";"15:30:00";"RN";304;25,4;"MOSSORO";"Reação tardia ou ineficiente do condutor";"Colisão traseira";"Com Vítimas Feridas";"Pleno dia";"Crescente";"Céu Claro";"Simples";"Reta";"Não";2;0;1;0;1;0;1;2;-5,07677482;-37,33256098;"SPRF-RN";"DEL04-RN";"UOP02-DEL04-RN"
686480;2025-04-21;"segunda-feira";"12:30:00";"MG";40;452,3;"CAETANOPOLIS";"Ausência de reação do condutor";"Colisão traseira";"Com Vítimas Feridas";"Pleno dia";"Crescente";"Céu Claro";"Dupla";"Reta";"Não";4;0;1;0;2;1;1;3;-19,3649244;-44,3386785;"SPRF-MG";"DEL02-MG";"UOP01-DEL02-MG"
686483;2025-04-21;"segunda-feira";"15:40:00";"MG";40;683,9;"RESSAQUINHA";"Demais falhas mecânicas ou elétricas";"Colisão com objeto";"Sem Vítimas";"Pleno dia";"Crescente";"Céu Claro";"Simples";"Declive;Curva";"Não";1;0;0;0;1;0;0;1;-21,0743219;-43,7657218;"SPRF-MG";"DEL05-MG";"UOP02-DEL05-MG"
686485;2025-04-21;"segunda-feira";"14:05:00";"GO";364;195;"JATAI";"Condutor Dormindo";"Saída de leito carroçável";"Com Vítimas Fatais";"Pleno dia";"Crescente";"Céu Claro";"Dupla";"Curva;Declive";"Sim";5;1;0;4;0;0;4;1;-17,91853;-51,71588;"SPRF-GO";"DEL05-GO";"UOP01-DEL05-GO"
686486;2025-04-21;"segunda-feira";"14:35:00";"RS";470;237;"CARLOS BARBOSA";"Ausência de reação do condutor";"Capotamento";"Com Vítimas Feridas";"Pleno dia";"Decrescente";"Céu Claro";"Simples";"Declive;Curva";"Não";3;0;2;0;1;0;2;1;-29,35038437;-51,5132618;"SPRF-RS";"DEL06-RS";"UOP01-DEL06-RS"
686489;2025-04-21;"segunda-feira";"14:00:00";"PR";116;16;"COLOMBO";"Manobra de mudança de faixa";"Tombamento";"Com Vítimas Feridas";"Pleno dia";"Crescente";"Nublado";"Dupla";"Reta";"Sim";2;0;1;0;0;1;1;2;-25,386778;-49,176067;"SPRF-PR";"DEL01-PR";"UOP02-DEL01-PR"
686490;2025-04-21;"segunda-feira";"14:30:00";"BA";101;892;"CARAVELAS";"Acessar a via sem observar a presença dos outros veículos";"Colisão lateral mesmo sentido";"Com Vítimas Feridas";"Pleno dia";"Decrescente";"Céu Claro";"Simples";"Reta";"Não";9;0;0;5;4;0;5;3;-17,68269235;-39,77180244;"SPRF-BA";"DEL09-BA";"UOP02-DEL09-BA"
686492;2025-04-21;"segunda-feira";"15:45:00";"DF";80;4,5;"BRASILIA";"Reação tardia ou ineficiente do condutor";"Colisão transversal";"Com Vítimas Feridas";"Pleno dia";"Crescente";"Céu Claro";"Simples";"Reta;Interseção de Vias";"Não";5;0;2;0;3;0;2;2;-15,72941382;-48,12260505;"SPRF-DF";"DEL03-DF";"UOP02-DEL03-DF"
686494;2025-04-21;"segunda-feira";"16:15:00";"GO";40;5;"LUZIANIA";"Ausência de reação do condutor";"Colisão traseira";"Com Vítimas Feridas";"Pleno dia";"Crescente";"Céu Claro";"Dupla";"Reta";"Não";2;0;1;0;1;0;1;2;-16,14343968;-47,94658607;"SPRF-DF";"DEL01-DF";"UOP01-DEL01-DF"
686495;2025-04-21;"segunda-feira";"15:15:00";"PR";163;296;"MARECHAL CANDIDO RONDON";"Acessar a via sem observar a presença dos outros veículos";"Colisão transversal";"Sem Vítimas";"Pleno dia";"Crescente";"Céu Claro";"Simples";"Reta";"Não";3;0;0;0;3;0;0;2;-24,49728788;-54,12511647;"SPRF-PR";"DEL06-PR";"UOP02-DEL06-PR"
686497;2025-04-01;"terça-feira";"16:50:00";"RJ";101;61;"CAMPOS DOS GOYTACAZES";"Transitar no Acostamento";"Colisão transversal";"Com Vítimas Feridas";"Anoitecer";"Decrescente";"Céu Claro";"Simples";"Interseção de Vias";"Não";2;0;1;0;1;0;1;2;-21,72806317;-41,32214243;"SPRF-RJ";"DEL08-RJ";"UOP01-DEL08-RJ"
686498;2025-04-21;"segunda-feira";"15:00:00";"RJ";356;42;"ITAPERUNA";"Frear bruscamente";"Colisão traseira";"Com Vítimas Feridas";"Pleno dia";"Decrescente";"Céu Claro";"Simples";"Reta";"Não";6;0;1;0;4;1;1;3;-21,2123088;-41,83760751;"SPRF-RJ";"DEL08-RJ";"UOP03-DEL08-RJ"
686499;2025-04-21;"segunda-feira";"16:15:00";"PR";116;126;"FAZENDA RIO GRANDE";"Trafegar com motocicleta (ou similar) entre as faixas";"Colisão lateral mesmo sentido";"Com Vítimas Feridas";"Pleno dia";"Decrescente";"Céu Claro";"Dupla";"Reta";"Sim";4;0;2;0;2;0;2;3;-25,64302995;-49,31281859;"SPRF-PR";"DEL01-PR";"UOP03-DEL01-PR"
686500;2025-04-21;"segunda-feira";"16:20:00";"GO";153;364;"JARAGUA";"Velocidade Incompatível";"Colisão traseira";"Com Vítimas Feridas";"Pleno dia";"Crescente";"Sol";"Simples";"Reta;Aclive";"Não";3;0;1;0;2;0;1;3;-15,804433;-49,297998;"SPRF-GO";"DEL02-GO";"UOP02-DEL02-GO"
686501;2025-04-21;"segunda-feira";"16:00:00";"PB";230;149,3;"CAMPINA GRANDE";"Condutor deixou de manter distância do veículo da frente";"Colisão traseira";"Com Vítimas Feridas";"Pleno dia";"Decrescente";"Sol";"Dupla";"Reta";"Sim";3;0;1;0;2;0;1;2;-7,24678139;-35,87146517;"SPRF-PB";"DEL02-PB";"UOP01-DEL02-PB"
686502;2025-04-21;"segunda-feira";"16:45:00";"PB";101;81;"BAYEUX";"Condutor deixou de manter distância do veículo da frente";"Engavetamento";"Com Vítimas Feridas";"Pleno dia";"Crescente";"Céu Claro";"Dupla";"Reta";"Não";8;0;1;0;7;0;1;4;-7,12908316;-34,9370079;"SPRF-PB";"DEL01-PB";"UOP01-DEL01-PB"
686503;2025-04-21;"segunda-feira";"16:10:00";"SC";101;252,7;"PAULO LOPES";"Estacionar ou parar em local proibido";"Colisão traseira";"Sem Vítimas";"Pleno dia";"Crescente";"Céu Claro";"Múltipla";"Reta";"Não";2;0;0;0;2;0;0;2;-27,9616412;-48,67955446;"SPRF-SC";"DEL02-SC";"UOP03-DEL02-SC"
686504;2025-04-21;"segunda-feira";"09:20:00";"MS";60;32,1;"CHAPADAO DO SUL";"Acessar a via sem observar a presença dos outros veículos";"Colisão transversal";"Sem Vítimas";"Pleno dia";"Decrescente";"Céu Claro";"Simples";"Reta;Interseção de Vias";"Não";2;0;0;0;2;0;0;2;-18,95609361;-52,80519312;"SPRF-MS";"DEL08-MS";"UOP01-DEL08-MS"
686505;2025-03-19;"quarta-feira";"22:50:00";"SC";282;571,5;"NOVA ERECHIM";"Velocidade Incompatível";"Saída de leito carroçável";"Com Vítimas Feridas";"Plena Noite";"Decrescente";"Céu Claro";"Simples";"Reta";"Não";1;0;0;1;0;0;1;1;-26,8880919;-52,9351241;"SPRF-SC";"DEL07-SC";"UOP02-DEL07-SC"
686506;2025-04-21;"segunda-feira";"15:40:00";"MS";163;275;"DOURADOS";"Reação tardia ou ineficiente do condutor";"Saída de leito carroçável";"Com Vítimas Feridas";"Pleno dia";"Crescente";"Céu Claro";"Dupla";"Reta";"Não";2;0;2;0;0;0;2;1;-22,16201;-54,64997;"SPRF-MS";"DEL04-MS";"UOP01-DEL04-MS"
686507;2025-04-21;"segunda-feira";"16:30:00";"MG";40;633,1;"CONSELHEIRO LAFAIETE";"Mal súbito do condutor";"Engavetamento";"Com Vítimas Feridas";"Pleno dia";"Decrescente";"Sol";"Simples";"Reta";"Sim";7;0;4;0;3;0;4;4;-20,68533037;-43,79251432;"SPRF-MG";"DEL05-MG";"UOP02-DEL05-MG"
686508;2025-04-21;"segunda-feira";"17:15:00";"RN";304;219;"CAICARA DO RIO DO VENTO";"Condutor deixou de manter distância do veículo da frente";"Colisão traseira";"Sem Vítimas";"Anoitecer";"Decrescente";"Céu Claro";"Dupla";"Reta";"Sim";2;0;0;0;2;0;0;2;-5,75684689;-35,99177678;"SPRF-RN";"DEL01-RN";"UOP03-DEL01-RN"
686509;2025-04-21;"segunda-feira";"16:39:00";"PR";277;586,4;"CASCAVEL";"Acessar a via sem observar a presença dos outros veículos";"Colisão transversal";"Com Vítimas Feridas";"Pleno dia";"Crescente";"Nublado";"Simples";"Reta;Retorno Regulamentado";"Sim";2;0;0;1;1;0;1;2;-24,96659259;-53,42420823;"SPRF-PR";"DEL04-PR";"UOP01-DEL04-PR"
686510;2025-04-21;"segunda-feira";"17:00:00";"PR";116;134;"FAZENDA RIO GRANDE";"Ausência de reação do condutor";"Saída de leito carroçável";"Com Vítimas Feridas";"Pleno dia";"Crescente";"Sol";"Dupla";"Reta";"Não";1;0;0;1;0;0;1;1;-25,68030398;-49,3157313;"SPRF-PR";"DEL01-PR";"UOP03-DEL01-PR"
686511;2025-04-21;"segunda-feira";"14:20:00";"SC";282;538;"CHAPECO";"Ausência de reação do condutor";"Queda de ocupante de veículo";"Com Vítimas Feridas";"Pleno dia";"Crescente";"Céu Claro";"Simples";"Curva";"Não";1;0;0;1;0;0;1;1;-26,991444;-52,687014;"SPRF-SC";"DEL07-SC";"UOP01-DEL07-SC"
686512;2025-04-21;"segunda-feira";"14:40:00";"MT";364;268,8;"JACIARA";"Acessar a via sem observar a presença dos outros veículos";"Colisão transversal";"Sem Vítimas";"Pleno dia";"Decrescente";"Nublado";"Dupla";"Retorno Regulamentado";"Não";6;0;0;0;6;0;0;2;-15,97903;-54,933663;"SPRF-MT";"DEL02-MT";"UOP01-DEL02-MT"
686514;2025-04-21;"segunda-feira";"15:00:00";"PR";376;544;"PALMEIRA";"Manobra de mudança de faixa";"Colisão transversal";"Com Vítimas Feridas";"Pleno dia";"Crescente";"Céu Claro";"Dupla";"Aclive;Interseção de Vias;Reta;Retorno Regulamentado";"Não";5;0;0;2;3;0;2;2;-25,38258617;-49,80708534;"SPRF-PR";"DEL03-PR";"UOP03-DEL03-PR"
686515;2025-04-21;"segunda-feira";"17:30:00";"BA";415;22;"ILHEUS";"Desrespeitar a preferência no cruzamento";"Colisão transversal";"Com Vítimas Feridas";"Plena Noite";"Decrescente";"Céu Claro";"Simples";"Reta;Rotatória;Retorno Regulamentado";"Não";2;0;1;0;1;0;1;2;-14,799842;-39,154634;"SPRF-BA";"DEL05-BA";"UOP01-DEL05-BA"
686516;2025-04-21;"segunda-feira";"13:30:00";"SC";470;172,4;"POUSO REDONDO";"Condutor deixou de manter distância do veículo da frente";"Colisão traseira";"Com Vítimas Feridas";"Pleno dia";"Decrescente";"Nublado";"Simples";"Aclive;Reta";"Sim";3;0;1;0;2;0;1;2;-27,25993675;-49,92028177;"SPRF-SC";"DEL04-SC";"UOP02-DEL04-SC"
686517;2025-04-21;"segunda-feira";"16:40:00";"SC";470;134,7;"RIO DO SUL";"Reação tardia ou ineficiente do condutor";"Engavetamento";"Com Vítimas Feridas";"Pleno dia";"Crescente";"Nublado";"Simples";"Reta";"Sim";7;0;3;0;4;0;3;4;-27,17972;-49,59801;"SPRF-SC";"DEL04-SC";"UOP02-DEL04-SC"
686518;2025-04-21;"segunda-feira";"16:30:00";"MG";365;835;"SANTA VITORIA";"Ausência de reação do condutor";"Colisão traseira";"Com Vítimas Feridas";"Pleno dia";"Decrescente";"Céu Claro";"Múltipla";"Reta";"Não";3;0;1;0;2;0;1;2;-18,92429672;-50,25724232;"SPRF-MG";"DEL15-MG";"UOP03-DEL15-MG"
686519;2025-04-21;"segunda-feira";"16:30:00";"RJ";40;85;"PETROPOLIS";"Pista Escorregadia";"Capotamento";"Com Vítimas Feridas";"Pleno dia";"Decrescente";"Garoa/Chuvisco";"Simples";"Curva";"Não";1;0;1;0;0;0;1;1;-22,5285064;-43,222709;"SPRF-RJ";"DEL01-RJ";"UOP01-DEL01-RJ"
686520;2025-04-21;"segunda-feira";"16:00:00";"MG";40;686,6;"RESSAQUINHA";"Retorno proibido";"Colisão traseira";"Com Vítimas Feridas";"Pleno dia";"Crescente";"Céu Claro";"Simples";"Reta";"Não";2;0;1;0;1;0;1;2;-21,0944566;-43,76972166;"SPRF-MG";"DEL05-MG";"UOP02-DEL05-MG"
686521;2025-04-21;"segunda-feira";"16:20:00";"SC";101;128,3;"CAMBORIU";"Demais falhas mecânicas ou elétricas";"Tombamento";"Com Vítimas Feridas";"Pleno dia";"Crescente";"Céu Claro";"Dupla";"Reta";"Não";2;0;2;0;0;0;2;1;-26,97531066;-48,682648;"SPRF-SC";"DEL04-SC";"UOP03-DEL04-SC"
686523;2025-04-21;"segunda-feira";"17:45:00";"RS";290;175;"BUTIA";"Reação tardia ou ineficiente do condutor";"Colisão traseira";"Sem Vítimas";"Anoitecer";"Decrescente";"Céu Claro";"Simples";"Retorno Regulamentado;Interseção de Vias";"Sim";5;0;0;0;5;0;0;2;-30,129993;-51,966108;"SPRF-RS";"DEL02-RS";"UOP03-DEL02-RS"
686524;2025-04-21;"segunda-feira";"17:25:00";"PI";343;263;"CAMPO MAIOR";"Acessar a via sem observar a presença dos outros veículos";"Colisão transversal";"Com Vítimas Feridas";"Anoitecer";"Decrescente";"Nublado";"Simples";"Interseção de Vias";"Sim";3;0;1;0;2;0;1;3;-4,80545952;-42,185532;"SPRF-PI";"DEL01-PI";"UOP03-DEL01-PI"
686526;2025-04-21;"segunda-feira";"18:00:00";"RS";386;179,9;"CARAZINHO";"Ausência de reação do condutor";"Colisão traseira";"Com Vítimas Feridas";"Anoitecer";"Crescente";"Céu Claro";"Simples";"Reta";"Não";9;0;2;0;7;0;2;2;-28,298879;-52,747723;"SPRF-RS";"DEL08-RS";"UOP01-DEL08-RS"
686527;2025-04-21;"segunda-feira";"18:26:00";"SP";153;60,8;"SAO JOSE DO RIO PRETO";"Ausência de reação do condutor";"Colisão traseira";"Sem Vítimas";"Anoitecer";"Crescente";"Céu Claro";"Simples";"Aclive;Curva";"Sim";2;0;0;0;2;0;0;2;-20,80172485;-49,35565964;"SPRF-SP";"DEL09-SP";"UOP01-DEL09-SP"
686530;2025-04-19;"sábado";"20:30:00";"SC";282;547,4;"CHAPECO";"Velocidade Incompatível";"Colisão com objeto";"Com Vítimas Feridas";"Plena Noite";"Crescente";"Céu Claro";"Simples";"Interseção de Vias;Rotatória";"Não";7;0;6;0;1;0;6;3;-26,97451809;-52,74402022;"SPRF-SC";"DEL07-SC";"UOP01-DEL07-SC"
686531;2025-04-21;"segunda-feira";"17:30:00";"ES";262;146;"IBATIBA";"Acessar a via sem observar a presença dos outros veículos";"Colisão transversal";"Com Vítimas Feridas";"Anoitecer";"Decrescente";"Céu Claro";"Simples";"Reta;Declive";"Não";2;0;0;1;1;0;1;2;-20,2251789364;-41,4166556025;"SPRF-ES";"DEL01-ES";"UOP02-DEL01-ES"
686532;2025-04-21;"segunda-feira";"17:40:00";"PE";232;88,5;"GRAVATA";"Condutor deixou de manter distância do veículo da frente";"Colisão traseira";"Com Vítimas Feridas";"Anoitecer";"Decrescente";"Nublado";"Dupla";"Reta";"Não";3;0;1;0;2;0;1;2;-8,21652843;-35,64733917;"SPRF-PE";"DEL02-PE";"UOP02-DEL02PE"
686533;2025-04-21;"segunda-feira";"15:40:00";"RJ";101;295;"ITABORAI";"Transtornos Mentais (exceto suicidio)";"Incêndio";"Sem Vítimas";"Pleno dia";"Decrescente";"Garoa/Chuvisco";"Dupla";"Reta";"Sim";2;0;0;0;1;1;0;2;-22,76531939;-42,90450811;"SPRF-RJ";"DEL02-RJ";"UOP02-DEL02-RJ"
686534;2025-04-21;"segunda-feira";"18:20:00";"GO";153;355;"JARAGUA";"Condutor deixou de manter distância do veículo da frente";"Colisão traseira";"Com Vítimas Feridas";"Plena Noite";"Crescente";"Céu Claro";"Simples";"Reta";"Não";3;0;1;0;2;0;1;3;-15,72901466;-49,32594717;"SPRF-GO";"DEL02-GO";"UOP02-DEL02-GO"
686535;2025-04-21;"segunda-feira";"17:10:00";"MG";40;675,4;"CARANDAI";"Pedestre cruzava a pista fora da faixa";"Atropelamento de Pedestre";"Com Vítimas Feridas";"Pleno dia";"Decrescente";"Céu Claro";"Simples";"Reta";"Não";2;0;0;1;1;0;1;2;-21,017183;-43,7832149;"SPRF-MG";"DEL05-MG";"UOP02-DEL05-MG"
686536;2025-04-21;"segunda-feira";"18:10:00";"CE";222;2;"FORTALEZA";"Condutor desrespeitou a iluminação vermelha do semáforo";"Colisão transversal";"Com Vítimas Feridas";"Plena Noite";"Crescente";"Céu Claro";"Múltipla";"Retorno Regulamentado";"Sim";2;0;1;0;1;0;1;2;-3,7391475;-38,58758742;"SPRF-CE";"DEL01-CE";"UOP01-DEL01-CE"
686537;2025-04-21;"segunda-feira";"18:09:00";"RN";304;295;"MACAIBA";"Acessar a via sem observar a presença dos outros veículos";"Colisão lateral sentido oposto";"Com Vítimas Feridas";"Plena Noite";"Decrescente";"Céu Claro";"Simples";"Reta";"Sim";4;0;1;0;3;0;1;2;-5,86544935;-35,35374273;"SPRF-RN";"DEL01-RN";"UOP02-DEL01-RN"
686538;2025-04-21;"segunda-feira";"17:45:00";"MG";40;503;"ESMERALDAS";"Pedestre cruzava a pista fora da faixa";"Atropelamento de Pedestre";"Com Vítimas Feridas";"Anoitecer";"Crescente";"Céu Claro";"Dupla";"Reta";"Sim";2;0;1;0;1;0;1;2;-19,727152;-44,15373;"SPRF-MG";"DEL02-MG";"UOP01-DEL02-MG"
686539;2025-04-21;"segunda-feira";"17:00:00";"PR";376;305,9;"MAUA DA SERRA";"Demais falhas na via";"Saída de leito carroçável";"Com Vítimas Feridas";"Pleno dia";"Decrescente";"Sol";"Dupla";"Curva";"Não";4;0;4;0;0;0;4;1;-23,94051598;-51,12081527;"SPRF-PR";"DEL07-PR";"UOP02-DEL07-PR"
686540;2025-04-21;"segunda-feira";"14:30:00";"MA";316;368,9;"BACABAL";"Conversão proibida";"Colisão traseira";"Com Vítimas Feridas";"Pleno dia";"Crescente";"Sol";"Simples";"Reta";"Sim";2;0;0;1;0;1;1;2;-4,2253;-44,8036;"SPRF-MA";"DEL03-MA";"UOP01-DEL03-MA"
686541;2025-04-21;"segunda-feira";"18:20:00";"RJ";393;241,7;"VASSOURAS";"Pedestre andava na pista";"Atropelamento de Pedestre";"Com Vítimas Fatais";"Plena Noite";"Decrescente";"Garoa/Chuvisco";"Simples";"Reta";"Não";3;1;0;0;2;0;0;2;-22,433913;-43,72612;"SPRF-RJ";"DEL05-RJ";"UOP04-DEL05-RJ"
686542;2025-04-21;"segunda-feira";"18:30:00";"PR";373;173,1;"PONTA GROSSA";"Reação tardia ou ineficiente do condutor";"Colisão com objeto";"Com Vítimas Feridas";"Plena Noite";"Crescente";"Céu Claro";"Dupla";"Curva";"Sim";2;0;0;1;0;1;1;2;-25,08027835;-50,20237857;"SPRF-PR";"DEL03-PR";"UOP01-DEL03-PR"
686543;2025-04-21;"segunda-feira";"19:10:00";"MG";381;510;"SAO JOAQUIM DE BICAS";"Pedestre andava na pista";"Atropelamento de Pedestre";"Com Vítimas Feridas";"Plena Noite";"Crescente";"Céu Claro";"Dupla";"Reta";"Não";2;0;0;1;1;0;1;2;-20,0513401;-44,28064043;"SPRF-MG";"DEL01-MG";"UOP03-DEL01-MG"
686546;2025-04-21;"segunda-feira";"19:00:00";"MG";381;492;"BETIM";"Manobra de mudança de faixa";"Colisão lateral mesmo sentido";"Com Vítimas Feridas";"Plena Noite";"Decrescente";"Céu Claro";"Múltipla";"Reta";"Sim";5;0;1;1;3;0;2;2;-19,96201451;-44,16169167;"SPRF-MG";"DEL01-MG";"UOP03-DEL01-MG"
686547;2025-04-21;"segunda-feira";"19:40:00";"SC";101;98,5;"BALNEARIO PICARRAS";"Pedestre cruzava a pista fora da faixa";"Atropelamento de Pedestre";"Com Vítimas Fatais";"Plena Noite";"Crescente";"Nublado";"Dupla";"Reta";"Não";4;1;0;0;1;2;0;2;-26,74490113;-48,69744589;"SPRF-SC";"DEL03-SC";"UOP02-DEL03-SC"
686548;2025-04-21;"segunda-feira";"19:15:00";"PR";376;158;"MANDAGUACU";"Pedestre andava na pista";"Atropelamento de Pedestre";"Com Vítimas Fatais";"Plena Noite";"Crescente";"Céu Claro";"Dupla";"Curva";"Sim";3;1;0;0;2;0;0;3;-23,35284941;-52,09149057;"SPRF-PR";"DEL09-PR";"UOP02-DEL09-PR"
686549;2025-04-21;"segunda-feira";"17:55:00";"AM";174;903;"MANAUS";"Pista Escorregadia";"Tombamento";"Com Vítimas Feridas";"Plena Noite";"Decrescente";"Chuva";"Simples";"Reta;Declive";"Não";2;0;2;0;0;0;2;1;-2,81274;-60,03636;"SPRF-AM";"DEL01-AM";"UOP01-DEL01-AM"
686550;2025-04-21;"segunda-feira";"18:10:00";"MG";40;50,4;"PARACATU";"Acessar a via sem observar a presença dos outros veículos";"Colisão transversal";"Com Vítimas Feridas";"Plena Noite";"Crescente";"Céu Claro";"Simples";"Interseção de Vias";"Não";2;0;1;1;0;0;2;2;-17,241808;-46,795272;"SPRF-MG";"DEL14-MG";"UOP01-DEL14-MG"