"id";"data_inversa";"dia_semana";"horario";"uf";"br";"km";"municipio";"causa_acidente";"tipo_acidente";"classificacao_acidente";"fase_dia";"sentido_via";"condicao_metereologica";"tipo_pista";"tracado_via";"uso_solo";"pessoas";"mortos";"feridos_leves";"feridos_graves";"ilesos";"ignorados";"feridos";"veiculos";"latitude";"longitude";"regional";"delegacia";"uop"
686551;2025-04-21;"segunda-feira";"18:53:00";"RO";319;64;"PORTO VELHO";"Condutor deixou de manter distância do veículo da frente";"Colisão traseira";"Com Vítimas Feridas";"Plena Noite";"Crescente";"Nublado";"Dupla";"Reta";"Sim";2;0;1;0;1;0;1;2;-8,7660831;-63,8842532;"SPRF-RO";"DEL01-RO";"UOP01-DEL01-RO"
686552;2025-04-21;"segunda-feira";"18:15:00";"PR";158;532;"PATO BRANCO";"Transitar na contramão";"Colisão transversal";"Com Vítimas Feridas";"Anoitecer";"Decrescente";"Céu Claro";"Simples";"Interseção de Vias";"Sim";2;0;1;0;1;0;1;2;-26,22052008;-52,6815033;"SPRF-PR";"DEL02-PR";"UOP01-DEL02-PR"
686553;2025-04-21;"segunda-feira";"19:20:00";"SC";101;400,8;"MARACAJA";"Condutor deixou de manter distância do veículo da frente";"Engavetamento";"Com Vítimas Feridas";"Plena Noite";"Crescente";"Céu Claro";"Múltipla";"Reta";"Não";9;0;1;0;8;0;1;3;-28,87072515;-49,45187503;"SPRF-SC";"DEL02-SC";"UOP02-DEL02-SC"
686554;2025-04-21;"segunda-feira";"19:10:00";"PE";428;16,1;"CABROBO";"Animais na Pista";"Atropelamento de Animal";"Com Vítimas Feridas";"Plena Noite";"Decrescente";"Céu Claro";"Simples";"Reta;Declive";"Não";2;0;1;0;1;0;1;1;-8,498147;-39,361922;"SPRF-PE";"DEL05-PE";"UOP03-DEL05-PE"
686556;2025-04-21;"segunda-feira";"19:20:00";"PR";369;132;"IBIPORA";"Reação tardia ou ineficiente do condutor";"Colisão traseira";"Com Vítimas Fatais";"Plena Noite";"Crescente";"Céu Claro";"Dupla";"Reta;Aclive";"Não";8;1;0;0;7;0;0;3;-23,260212;-51,001333;"SPRF-PR";"DEL07-PR";"UOP01-DEL07-PR"
686557;2025-04-21;"segunda-feira";"19:50:00";"PR";116;152;"MANDIRITUBA";"Acesso irregular";"Colisão lateral mesmo sentido";"Com Vítimas Feridas";"Plena Noite";"Crescente";"Céu Claro";"Dupla";"Rotatória";"Não";2;0;1;0;1;0;1;2;-25,862022;-49,361763;"SPRF-PR";"DEL01-PR";"UOP03-DEL01-PR"
686558;2025-04-21;"segunda-feira";"16:15:00";"SP";153;312,9;"SAO PEDRO DO TURVO";"Reação tardia ou ineficiente do condutor";"Queda de ocupante de veículo";"Com Vítimas Feridas";"Pleno dia";"Decrescente";"Céu Claro";"Simples";"Reta";"Não";2;0;2;0;0;0;2;1;-22,69131926;-49,89028931;"SPRF-SP";"DEL07-SP";"UOP03-DEL07-SP"
686559;2025-04-21;"segunda-feira";"18:50:00";"SC";101;123;"ITAJAI";"Reação tardia ou ineficiente do condutor";"Tombamento";"Com Vítimas Feridas";"Anoitecer";"Crescente";"Nublado";"Múltipla";"Reta";"Sim";1;0;1;0;0;0;1;1;-26,93414645;-48,7013036;"SPRF-SC";"DEL04-SC";"UOP04-DEL04-SC"
686560;2025-04-21;"segunda-feira";"20:10:00";"PB";230;26,5;"JOAO PESSOA";"Pedestre andava na pista";"Atropelamento de Pedestre";"Com Vítimas Fatais";"Plena Noite";"Crescente";"Céu Claro";"Dupla";"Reta;Declive";"Sim";2;1;0;0;0;1;0;2;-7,1686373;-34,8824224;"SPRF-PB";"DEL01-PB";"UOP01-DEL01-PB"
686561;2025-04-21;"segunda-feira";"19:30:00";"BA";324;565;"SANTO AMARO";"Reação tardia ou ineficiente do condutor";"Tombamento";"Com Vítimas Feridas";"Plena Noite";"Decrescente";"Céu Claro";"Dupla";"Curva";"Não";2;0;1;0;1;0;1;1;-12,53007615;-38,6018157;"SPRF-BA";"DEL01-BA";"UOP01-DEL01-BA"
686562;2025-04-21;"segunda-feira";"19:20:00";"ES";101;390,3;"RIO NOVO DO SUL";"Acessar a via sem observar a presença dos outros veículos";"Colisão transversal";"Com Vítimas Feridas";"Plena Noite";"Crescente";"Chuva";"Simples";"Reta";"Não";3;0;1;0;2;0;1;2;-20,8626313;-40,8814921;"SPRF-ES";"DEL03-ES";"UOP02-DEL03-ES"
686563;2025-04-21;"segunda-feira";"18:10:00";"MT";364;311,8;"JACIARA";"Reação tardia ou ineficiente do condutor";"Colisão traseira";"Sem Vítimas";"Anoitecer";"Crescente";"Céu Claro";"Dupla";"Reta";"Não";6;0;0;0;6;0;0;2;-15,820847;-55,211331;"SPRF-MT";"DEL05-MT";"UOP02-DEL05-MT"
686565;2025-04-21;"segunda-feira";"20:30:00";"SP";116;89;"PINDAMONHANGABA";"Trafegar com motocicleta (ou similar) entre as faixas";"Colisão lateral mesmo sentido";"Com Vítimas Feridas";"Plena Noite";"Crescente";"Nublado";"Dupla";"Reta";"Sim";2;0;1;0;1;0;1;2;-22,9360976;-45,37244967;"SPRF-SP";"DEL08-SP";"UOP01-DEL08-SP"
686566;2025-04-21;"segunda-feira";"20:20:00";"MG";40;613,8;"CONGONHAS";"Retorno proibido";"Colisão transversal";"Com Vítimas Feridas";"Plena Noite";"Crescente";"Nublado";"Simples";"Curva";"Não";6;0;2;0;4;0;2;4;-20,53152166;-43,82295962;"SPRF-MG";"DEL05-MG";"UOP02-DEL05-MG"
686567;2025-04-21;"segunda-feira";"19:40:00";"RO";364;656;"CANDEIAS DO JAMARI";"Animais na Pista";"Atropelamento de Animal";"Sem Vítimas";"Plena Noite";"Crescente";"Céu Claro";"Simples";"Reta";"Não";3;0;0;0;3;0;0;1;-8,868921;-63,443059;"SPRF-RO";"DEL01-RO";"UOP01-DEL01-RO"
686569;2025-04-21;"segunda-feira";"21:30:00";"RN";110;48;"MOSSORO";"Acessar a via sem observar a presença dos outros veículos";"Colisão lateral mesmo sentido";"Com Vítimas Feridas";"Plena Noite";"Decrescente";"Céu Claro";"Simples";"Reta";"Sim";3;0;1;0;2;0;1;2;-5,21502036;-37,33038215;"SPRF-RN";"DEL04-RN";"UOP01-DEL04-RN"
686571;2025-04-21;"segunda-feira";"18:45:00";"MA";316;577,9;"CAXIAS";"Acessar a via sem observar a presença dos outros veículos";"Atropelamento de Pedestre";"Com Vítimas Fatais";"Plena Noite";"Decrescente";"Céu Claro";"Simples";"Reta";"Sim";2;1;0;0;0;1;0;2;-4,950782;-43,137538;"SPRF-MA";"DEL03-MA";"UOP02-DEL03-MA"
686572;2025-04-21;"segunda-feira";"21:10:00";"BA";110;348;"ALAGOINHAS";"Entrada inopinada do pedestre";"Atropelamento de Pedestre";"Com Vítimas Fatais";"Plena Noite";"Decrescente";"Céu Claro";"Simples";"Reta";"Não";2;1;0;0;1;0;0;2;-12,2210967;-38,41334572;"SPRF-BA";"DEL01-BA";"UOP04-DEL01-BA"
686573;2025-04-21;"segunda-feira";"19:10:00";"PR";469;2;"FOZ DO IGUACU";"Acumulo de areia ou detritos sobre o pavimento";"Tombamento";"Com Vítimas Feridas";"Plena Noite";"Decrescente";"Céu Claro";"Simples";"Reta";"Sim";1;0;1;0;0;0;1;1;-25,57635632;-54,55367446;"SPRF-PR";"DEL05-PR";"UOP04-DEL05-PR"
686574;2025-04-21;"segunda-feira";"18:00:00";"MG";381;948;"EXTREMA";"Manobra de mudança de faixa";"Colisão lateral mesmo sentido";"Com Vítimas Feridas";"Anoitecer";"Crescente";"Nublado";"Dupla";"Reta";"Não";3;0;2;0;1;0;2;2;-22,86930496;-46,3563931;"SPRF-MG";"DEL16-MG";"UOP03-DEL16-MG"
686575;2025-04-21;"segunda-feira";"20:50:00";"PR";369;153;"LONDRINA";"Velocidade Incompatível";"Colisão com objeto";"Com Vítimas Feridas";"Plena Noite";"Decrescente";"Céu Claro";"Dupla";"Reta;Declive";"Sim";2;0;2;0;0;0;2;1;-23,2955442;-51,1902595;"SPRF-PR";"DEL07-PR";"UOP01-DEL07-PR"
686576;2025-04-21;"segunda-feira";"21:58:00";"PR";277;40;"MORRETES";"Acessar a via sem observar a presença dos outros veículos";"Atropelamento de Pedestre";"Com Vítimas Fatais";"Plena Noite";"Decrescente";"Garoa/Chuvisco";"Dupla";"Curva;Declive";"Não";3;1;0;0;2;0;0;3;-25,583088;-48,868191;"SPRF-PR";"DEL01-PR";"UOP05-DEL01-PR"
686577;2025-04-21;"segunda-feira";"22:00:00";"TO";153;685,1;"CARIRI DO TOCANTINS";"Demais falhas mecânicas ou elétricas";"Tombamento";"Com Vítimas Feridas";"Plena Noite";"Crescente";"Céu Claro";"Simples";"Reta";"Não";2;0;2;0;0;0;2;1;-11,827807;-49,13601;"SPRF-TO";"DEL01-TO";"UOP02-DEL01-TO"
686579;2025-04-21;"segunda-feira";"18:00:00";"MT";364;441,9;"VARZEA GRANDE";"Transitar na contramão";"Colisão frontal";"Com Vítimas Fatais";"Plena Noite";"Decrescente";"Céu Claro";"Simples";"Curva";"Não";2;1;0;1;0;0;1;2;-15,6155973;-56,2050676;"SPRF-MT";"DEL01-MT";"UOP02-DEL01-MT"
686581;2025-04-21;"segunda-feira";"22:20:00";"SP";381;30;"ATIBAIA";"Ausência de reação do condutor";"Colisão traseira";"Com Vítimas Feridas";"Plena Noite";"Decrescente";"Nublado";"Dupla";"Reta";"Não";2;0;1;0;1;0;1;2;-23,050304;-46,565735;"SPRF-SP";"DEL03-SP";"UOP02-DEL03-SP"
686583;2025-04-21;"segunda-feira";"21:20:00";"RJ";101;139;"CARAPEBUS";"Velocidade Incompatível";"Saída de leito carroçável";"Sem Vítimas";"Plena Noite";"Crescente";"Céu Claro";"Dupla";"Declive;Curva";"Não";1;0;0;0;1;0;0;1;-22,178046;-41,749235;"SPRF-RJ";"DEL08-RJ";"UOP04-DEL08-RJ"
686585;2025-04-21;"segunda-feira";"22:50:00";"SC";101;86;"BARRA VELHA";"Transitar na contramão";"Colisão frontal";"Com Vítimas Feridas";"Plena Noite";"Crescente";"Céu Claro";"Dupla";"Interseção de Vias;Rotatória";"Sim";2;0;2;0;0;0;2;2;-26,63959959;-48,69390422;"SPRF-SC";"DEL03-SC";"UOP02-DEL03-SC"
686587;2025-04-21;"segunda-feira";"21:00:00";"MG";40;501,5;"ESMERALDAS";"Reação tardia ou ineficiente do condutor";"Engavetamento";"Sem Vítimas";"Plena Noite";"Crescente";"Céu Claro";"Dupla";"Reta";"Não";3;0;0;0;3;0;0;3;-19,698448;-44,176055;"SPRF-MG";"DEL02-MG";"UOP01-DEL02-MG"
686588;2025-04-21;"segunda-feira";"21:40:00";"PR";277;179,6;"PALMEIRA";"Transitar na contramão";"Colisão lateral sentido oposto";"Com Vítimas Feridas";"Plena Noite";"Decrescente";"Nublado";"Simples";"Reta";"Não";4;0;0;1;3;0;1;2;-25,4289527;-50,02885558;"SPRF-PR";"DEL08-PR";"UOP02-DEL08-PR"
686591;2025-04-21;"segunda-feira";"23:20:00";"SC";101;58;"ARAQUARI";"Reação tardia ou ineficiente do condutor";"Colisão lateral mesmo sentido";"Com Vítimas Feridas";"Plena Noite";"Decrescente";"Nublado";"Dupla";"Curva";"Não";2;0;0;1;1;0;1;2;-26,438397;-48,80317032;"SPRF-SC";"DEL03-SC";"UOP02-DEL03-SC"
686592;2025-04-21;"segunda-feira";"19:00:00";"PE";232;511;"SALGUEIRO";"Pedestre andava na pista";"Atropelamento de Pedestre";"Com Vítimas Feridas";"Plena Noite";"Crescente";"Céu Claro";"Simples";"Reta";"Não";2;0;0;1;0;1;1;2;-8,07521275;-39,16066712;"SPRF-PE";"DEL05-PE";"UOP01-DEL05-PE"
686594;2025-04-21;"segunda-feira";"22:00:00";"MT";163;612;"NOVA MUTUM";"Ausência de reação do condutor";"Queda de ocupante de veículo";"Com Vítimas Feridas";"Plena Noite";"Crescente";"Nublado";"Simples";"Reta;Em Obras";"Não";1;0;1;0;0;0;1;1;-13,692319;-56,039864;"SPRF-MT";"DEL01-MT";"UOP01-DEL01-MT"
686599;2025-04-21;"segunda-feira";"22:50:00";"RJ";101;414;"ITAGUAI";"Iluminação deficiente";"Colisão traseira";"Com Vítimas Feridas";"Plena Noite";"Crescente";"Nublado";"Dupla";"Reta";"Não";3;0;0;2;1;0;2;2;-22,90400845;-43,87458801;"SPRF-RJ";"DEL03-RJ";"UOP01-DEL03-RJ"
686600;2025-04-21;"segunda-feira";"21:30:00";"GO";80;101;"VILA PROPICIO";"Deficiência do Sistema de Iluminação/Sinalização";"Eventos atípicos";"Sem Vítimas";"Plena Noite";"Crescente";"Céu Claro";"Simples";"Reta";"Não";2;0;0;0;0;2;0;2;-15,198857;-48,761431;"SPRF-GO";"DEL07-GO";"UOP02-DEL07-GO"
686601;2025-04-22;"terça-feira";"00:15:00";"MG";262;179;"SAO DOMINGOS DO PRATA";"Pista esburacada";"Tombamento";"Com Vítimas Feridas";"Plena Noite";"Crescente";"Céu Claro";"Simples";"Reta";"Não";1;0;1;0;0;0;1;1;-19,927991;-42,99305;"SPRF-MG";"DEL03-MG";"UOP01-DEL03-MG"
686602;2025-04-22;"terça-feira";"00:30:00";"RS";386;331,5;"MARQUES DE SOUZA";"Demais falhas mecânicas ou elétricas";"Incêndio";"Sem Vítimas";"Plena Noite";"Crescente";"Céu Claro";"Simples";"Em Obras;Curva";"Não";1;0;0;0;1;0;0;1;-29,37356685;-52,06126124;"SPRF-RS";"DEL04-RS";"UOP01-DEL04-RS"
686603;2025-04-21;"segunda-feira";"23:59:00";"PR";469;19,3;"FOZ DO IGUACU";"Ausência de reação do condutor";"Tombamento";"Com Vítimas Feridas";"Plena Noite";"Decrescente";"Céu Claro";"Simples";"Em Obras;Rotatória";"Não";1;0;1;0;0;0;1;1;-25,60606747;-54,49727833;"SPRF-PR";"DEL05-PR";"UOP04-DEL05-PR"
686605;2025-04-22;"terça-feira";"00:45:00";"MG";381;332;"NOVA ERA";"Velocidade Incompatível";"Saída de leito carroçável";"Com Vítimas Feridas";"Plena Noite";"Crescente";"Céu Claro";"Simples";"Reta;Aclive";"Não";4;0;1;0;3;0;1;1;-19,774084;-43,045525;"SPRF-MG";"DEL03-MG";"UOP01-DEL03-MG"
686606;2025-04-21;"segunda-feira";"18:00:00";"BA";324;591;"CANDEIAS";"Condutor deixou de manter distância do veículo da frente";"Colisão traseira";"Com Vítimas Feridas";"Plena Noite";"Crescente";"Céu Claro";"Dupla";"Reta";"Não";3;0;2;0;1;0;2;2;-12,701098;-38,464107;"SPRF-BA";"DEL01-BA";"UOP01-DEL01-BA"
686607;2025-04-21;"segunda-feira";"21:00:00";"PR";116;164;"QUITANDINHA";"Acessar a via sem observar a presença dos outros veículos";"Colisão transversal";"Sem Vítimas";"Plena Noite";"Decrescente";"Céu Claro";"Dupla";"Reta";"Não";3;0;0;0;1;2;0;2;-25,87489;-49,473173;"SPRF-PR";"DEL01-PR";"UOP03-DEL01-PR"
686609;2025-04-22;"terça-feira";"02:00:00";"SC";101;79,9;"ARAQUARI";"Reação tardia ou ineficiente do condutor";"Colisão com objeto";"Com Vítimas Feridas";"Plena Noite";"Decrescente";"Nublado";"Dupla";"Curva";"Não";2;0;1;1;0;0;2;1;-26,59490186;-48,72203523;"SPRF-SC";"DEL03-SC";"UOP02-DEL03-SC"
686611;2025-04-22;"terça-feira";"02:50:00";"PR";277;4,7;"CURITIBA";"Velocidade Incompatível";"Tombamento";"Com Vítimas Fatais";"Plena Noite";"Decrescente";"Nublado";"Dupla";"Curva";"Sim";1;1;0;0;0;0;0;1;-25,42991815;-49,32032911;"SPRF-PR";"DEL01-PR";"UOP06-DEL01-PR"
686613;2025-04-22;"terça-feira";"03:30:00";"TO";153;335,5;"GUARAI";"Reação tardia ou ineficiente do condutor";"Saída de leito carroçável";"Com Vítimas Feridas";"Plena Noite";"Crescente";"Chuva";"Simples";"Reta";"Sim";5;0;1;0;4;0;1;1;-8,851427;-48,509223;"SPRF-TO";"DEL02-TO";"UOP02-DEL02-TO"
686614;2025-04-22;"terça-feira";"05:00:00";"SP";101;32,9;"UBATUBA";"Velocidade Incompatível";"Colisão com objeto";"Com Vítimas Feridas";"Plena Noite";"Decrescente";"Nublado";"Simples";"Reta";"Não";4;0;2;0;2;0;2;1;-23,3865216;-44,97408;"SPRF-SP";"DEL06-SP";"UOP01-DEL06-SP"
686615;2025-04-22;"terça-feira";"04:15:00";"GO";364;68,1;"CACHOEIRA ALTA";"Ingestão de álcool pelo condutor";"Colisão com objeto";"Sem Vítimas";"Plena Noite";"Crescente";"Nevoeiro/Neblina";"Simples";"Reta";"Não";1;0;0;0;1;0;0;1;-18,669965;-50,989072;"SPRF-GO";"DEL05-GO";"UOP02-DEL05-GO"
686616;2025-04-22;"terça-feira";"04:20:00";"MG";116;725;"LARANJAL";"Reação tardia ou ineficiente do condutor";"Saída de leito carroçável";"Com Vítimas Feridas";"Plena Noite";"Decrescente";"Céu Claro";"Simples";"Curva";"Não";1;0;1;0;0;0;1;1;-21,285;-42,416;"SPRF-MG";"DEL07-MG";"UOP02-DEL07-MG"
686617;2025-04-22;"terça-feira";"06:00:00";"PI";343;30;"PARNAIBA";"Ultrapassagem Indevida";"Colisão lateral sentido oposto";"Com Vítimas Feridas";"Pleno dia";"Crescente";"Céu Claro";"Simples";"Reta";"Não";7;0;4;0;3;0;4;2;-3,08635118;-41,78014755;"SPRF-PI";"DEL05-PI";"UOP01-DEL05-PI"
686618;2025-04-21;"segunda-feira";"21:20:00";"GO";153;156;"CAMPINORTE";"Reação tardia ou ineficiente do condutor";"Queda de ocupante de veículo";"Com Vítimas Feridas";"Plena Noite";"Decrescente";"Céu Claro";"Simples";"Reta";"Não";1;0;1;0;0;0;1;1;-14,04067289;-49,08966064;"SPRF-GO";"DEL07-GO";"UOP02-DEL07-GO"
686619;2025-04-22;"terça-feira";"00:30:00";"SC";101;132;"CAMBORIU";"Reação tardia ou ineficiente do condutor";"Colisão com objeto";"Sem Vítimas";"Plena Noite";"Decrescente";"Nublado";"Múltipla";"Reta";"Não";1;0;0;0;1;0;0;1;-26,9955768;-48,65758158;"SPRF-SC";"DEL04-SC";"UOP03-DEL04-SC"
686620;2025-04-22;"terça-feira";"04:30:00";"CE";116;4;"FORTALEZA";"Ausência de reação do condutor";"Colisão com objeto";"Sem Vítimas";"Amanhecer";"Decrescente";"Céu Claro";"Simples";"Viaduto";"Sim";1;0;0;0;1;0;0;1;-3,7992914;-38,5045408;"SPRF-CE";"DEL01-CE";"UOP02-DEL01-CE"
686621;2025-04-22;"terça-feira";"05:45:00";"MG";40;669,9;"CARANDAI";"Acessar a via sem observar a presença dos outros veículos";"Colisão transversal";"Com Vítimas Feridas";"Amanhecer";"Decrescente";"Nublado";"Simples";"Reta";"Não";2;0;0;1;1;0;1;2;-20,9717583;-43,7844916;"SPRF-MG";"DEL05-MG";"UOP02-DEL05-MG"
686623;2025-04-21;"segunda-feira";"20:05:00";"PR";116;194;"CAMPO DO TENENTE";"Demais falhas mecânicas ou elétricas";"Tombamento";"Com Vítimas Feridas";"Plena Noite";"Decrescente";"Nublado";"Simples";"Reta";"Não";2;0;1;0;1;0;1;1;-26,015791;-49,673024;"SPRF-SC";"DEL06-SC";"UOP01-DEL06-SC"
686626;2025-04-22;"terça-feira";"06:10:00";"PB";101;82;"BAYEUX";"Condutor deixou de manter distância do veículo da frente";"Colisão traseira";"Com Vítimas Feridas";"Pleno dia";"Crescente";"Sol";"Dupla";"Aclive;Reta;Viaduto";"Sim";6;0;2;0;4;0;2;3;-7,13091251;-34,93350741;"SPRF-PB";"DEL01-PB";"UOP01-DEL01-PB"
686627;2025-04-22;"terça-feira";"05:20:00";"BA";324;575;"SAO SEBASTIAO DO PASSE";"Reação tardia ou ineficiente do condutor";"Colisão traseira";"Com Vítimas Feridas";"Pleno dia";"Crescente";"Nublado";"Dupla";"Reta";"Não";2;0;1;0;1;0;1;2;-12,57936075;-38,53694916;"SPRF-BA";"DEL01-BA";"UOP01-DEL01-BA"
686628;2025-04-22;"terça-feira";"07:00:00";"MG";40;515,9;"RIBEIRAO DAS NEVES";"Trafegar com motocicleta (ou similar) entre as faixas";"Colisão lateral mesmo sentido";"Com Vítimas Feridas";"Pleno dia";"Crescente";"Céu Claro";"Dupla";"Reta;Interseção de Vias;Declive";"Não";3;0;1;0;2;0;1;3;-19,81598;-44,090032;"SPRF-MG";"DEL01-MG";"UOP02-DEL01-MG"
686629;2025-04-22;"terça-feira";"05:10:00";"RS";293;378;"SANTANA DO LIVRAMENTO";"Ingestão de álcool pelo condutor";"Saída de leito carroçável";"Com Vítimas Feridas";"Plena Noite";"Crescente";"Nublado";"Simples";"Reta";"Não";4;0;3;0;0;1;3;2;-30,62032616;-55,93366852;"SPRF-RS";"DEL11-RS";"UOP01-DEL11-RS"
686630;2025-04-22;"terça-feira";"05:30:00";"MG";262;39,2;"MANHUACU";"Acessar a via sem observar a presença dos outros veículos";"Colisão transversal";"Com Vítimas Feridas";"Amanhecer";"Decrescente";"Nublado";"Simples";"Reta";"Sim";2;0;1;0;1;0;1;2;-20,27514293;-42,05773114;"SPRF-MG";"DEL06-MG";"UOP03-DEL06-MG"
686631;2025-04-21;"segunda-feira";"18:30:00";"RN";226;127,3;"LAJES PINTADAS";"Ingestão de álcool pelo condutor";"Saída de leito carroçável";"Com Vítimas Fatais";"Plena Noite";"Decrescente";"Céu Claro";"Simples";"Reta";"Sim";1;1;0;0;0;0;0;1;-6,186;-36,135;"SPRF-RN";"DEL03-RN";"UOP02-DEL03-RN"
686633;2025-04-22;"terça-feira";"07:30:00";"DF";70;12;"BRASILIA";"Ausência de reação do condutor";"Colisão traseira";"Com Vítimas Feridas";"Pleno dia";"Decrescente";"Céu Claro";"Dupla";"Reta";"Não";3;0;1;0;2;0;1;3;-15,79177975;-48,15589663;"SPRF-DF";"DEL03-DF";"UOP02-DEL03-DF"
686634;2025-04-22;"terça-feira";"06:50:00";"PB";230;167;"CAMPINA GRANDE";"Condutor deixou de manter distância do veículo da frente";"Colisão traseira";"Com Vítimas Feridas";"Pleno dia";"Decrescente";"Céu Claro";"Simples";"Reta";"Sim";3;0;1;0;1;1;1;3;-7,195124;-35,961879;"SPRF-PB";"DEL02-PB";"UOP02-DEL02-PB"
686635;2025-04-22;"terça-feira";"07:20:00";"SC";101;207,9;"SAO JOSE";"Manobra de mudança de faixa";"Tombamento";"Com Vítimas Feridas";"Pleno dia";"Decrescente";"Céu Claro";"Múltipla";"Curva";"Sim";2;0;2;0;0;0;2;1;-27,60337431;-48,63188803;"SPRF-SC";"DEL01-SC";"UOP01-DEL01-SC"
686636;2025-04-22;"terça-feira";"07:30:00";"PR";369;183;"ARAPONGAS";"Manobra de mudança de faixa";"Tombamento";"Com Vítimas Feridas";"Pleno dia";"Crescente";"Céu Claro";"Simples";"Reta";"Sim";1;0;1;0;0;0;1;1;-23,39047624;-51,42219543;"SPRF-PR";"DEL07-PR";"UOP03-DEL07-PR"
686637;2025-04-22;"terça-feira";"07:55:00";"PE";101;66;"RECIFE";"Ausência de reação do condutor";"Colisão traseira";"Sem Vítimas";"Pleno dia";"Crescente";"Céu Claro";"Dupla";"Curva";"Não";2;0;0;0;2;0;0;2;-8,03642649;-34,94146792;"SPRF-PE";"DEL01-PE";"UOP01-DEL01-PE"
686638;2025-04-22;"terça-feira";"07:40:00";"PE";407;128;"PETROLINA";"Ausência de reação do condutor";"Colisão lateral mesmo sentido";"Com Vítimas Feridas";"Pleno dia";"Crescente";"Céu Claro";"Simples";"Reta";"Sim";2;0;1;0;1;0;1;2;-9,391704;-40,518075;"SPRF-PE";"DEL06-PE";"UOP01-DEL06-PE"
686639;2025-04-22;"terça-feira";"07:10:00";"PR";376;651,2;"TIJUCAS DO SUL";"Condutor Dormindo";"Saída de leito carroçável";"Com Vítimas Feridas";"Pleno dia";"Crescente";"Nublado";"Dupla";"Reta;Aclive";"Não";4;0;2;0;2;0;2;1;-25,84630169;-49,06902547;"SPRF-PR";"DEL01-PR";"UOP04-DEL01-PR"
686640;2025-04-22;"terça-feira";"07:57:00";"SP";116;485;"CAJATI";"Ausência de reação do condutor";"Colisão lateral mesmo sentido";"Com Vítimas Feridas";"Pleno dia";"Decrescente";"Nublado";"Dupla";"Reta";"Sim";4;0;2;0;2;0;2;2;-24,72625118;-48,08853149;"SPRF-SP";"DEL05-SP";"UOP01-DEL05-SP"
686642;2025-04-22;"terça-feira";"07:20:00";"MG";116;415;"GOVERNADOR VALADARES";"Acessar a via sem observar a presença dos outros veículos";"Colisão transversal";"Com Vítimas Feridas";"Pleno dia";"Decrescente";"Céu Claro";"Múltipla";"Reta";"Sim";3;0;2;0;1;0;2;2;-18,892256;-41,94704;"SPRF-MG";"DEL06-MG";"UOP01-DEL06-MG"
686644;2025-04-22;"terça-feira";"08:20:00";"CE";304;53;"ARACATI";"Animais na Pista";"Tombamento";"Com Vítimas Feridas";"Pleno dia";"Crescente";"Nublado";"Dupla";"Reta";"Não";1;0;1;0;0;0;1;1;-4,5760168;-37,7316739;"SPRF-CE";"DEL03-CE";"UOP03-DEL03-CE"
686649;2025-04-22;"terça-feira";"06:40:00";"GO";153;507,9;"APARECIDA DE GOIANIA";"Condutor deixou de manter distância do veículo da frente";"Colisão traseira";"Com Vítimas Feridas";"Pleno dia";"Decrescente";"Sol";"Dupla";"Reta";"Sim";3;0;1;1;1;0;2;2;-16,84850122;-49,24663424;"SPRF-GO";"DEL01-GO";"UOP03-DEL01-GO"
686650;2025-04-22;"terça-feira";"07:30:00";"SC";282;16;"PALHOCA";"Acesso irregular";"Colisão transversal";"Com Vítimas Feridas";"Pleno dia";"Decrescente";"Céu Claro";"Simples";"Reta";"Sim";2;0;0;1;1;0;1;2;-27,66280945;-48,68549315;"SPRF-SC";"DEL01-SC";"UOP02-DEL01-SC"
686652;2025-04-22;"terça-feira";"08:00:00";"AL";316;82;"SANTANA DO IPANEMA";"Acessar a via sem observar a presença dos outros veículos";"Colisão traseira";"Com Vítimas Feridas";"Pleno dia";"Crescente";"Céu Claro";"Simples";"Reta";"Sim";4;0;2;0;2;0;2;3;-9,362969;-37,266635;"SPRF-AL";"DEL03-AL";"UOP02-DEL03-AL"
686653;2025-04-22;"terça-feira";"08:30:00";"RN";405;1,3;"MOSSORO";"Reação tardia ou ineficiente do condutor";"Engavetamento";"Com Vítimas Feridas";"Pleno dia";"Crescente";"Céu Claro";"Dupla";"Reta";"Sim";5;0;1;0;4;0;1;4;-5,191978;-37,364567;"SPRF-RN";"DEL04-RN";"UOP02-DEL04-RN"
686655;2025-04-22;"terça-feira";"07:30:00";"PI";316;11;"TERESINA";"Reação tardia ou ineficiente do condutor";"Colisão traseira";"Com Vítimas Feridas";"Pleno dia";"Decrescente";"Nublado";"Múltipla";"Reta";"Sim";4;0;2;0;2;0;2;2;-5,19856008;-42,75859471;"SPRF-PI";"DEL01-PI";"UOP02-DEL01-PI"
686656;2025-04-22;"terça-feira";"08:00:00";"PB";230;147;"CAMPINA GRANDE";"Condutor deixou de manter distância do veículo da frente";"Colisão traseira";"Com Vítimas Feridas";"Pleno dia";"Crescente";"Sol";"Dupla";"Reta";"Sim";2;0;1;0;1;0;1;2;-7,23869143;-35,86423516;"SPRF-PB";"DEL02-PB";"UOP01-DEL02-PB"