"id";"data_inversa";"dia_semana";"horario";"uf";"br";"km";"municipio";"causa_acidente";"tipo_acidente";"classificacao_acidente";"fase_dia";"sentido_via";"condicao_metereologica";"tipo_pista";"tracado_via";"uso_solo";"pessoas";"mortos";"feridos_leves";"feridos_graves";"ilesos";"ignorados";"feridos";"veiculos";"latitude";"longitude";"regional";"delegacia";"uop"
686658;2025-04-22;"terça-feira";"09:15:00";"PB";230;14,6;"CABEDELO";"Trafegar com motocicleta (ou similar) entre as faixas";"Colisão lateral mesmo sentido";"Com Vítimas Feridas";"Pleno dia";"Crescente";"Céu Claro";"Dupla";"Aclive;Reta;Viaduto";"Sim";2;0;1;0;1;0;1;2;-7,09782867;-34,84796517;"SPRF-PB";"DEL01-PB";"UOP01-DEL01-PB"
686662;2025-04-22;"terça-feira";"08:15:00";"SP";116;541;"BARRA DO TURVO";"Reação tardia ou ineficiente do condutor";"Colisão com objeto";"Com Vítimas Feridas";"Pleno dia";"Crescente";"Chuva";"Dupla";"Curva;Aclive";"Não";2;0;2;0;0;0;2;1;-24,96707388;-48,40988159;"SPRF-SP";"DEL05-SP";"UOP02-DEL05-SP"
686663;2025-04-22;"terça-feira";"09:10:00";"CE";116;6,5;"FORTALEZA";"Manobra de mudança de faixa";"Queda de ocupante de veículo";"Com Vítimas Feridas";"Pleno dia";"Crescente";"Céu Claro";"Múltipla";"Reta";"Sim";2;0;2;0;0;0;2;1;-3,80387941;-38,50343227;"SPRF-CE";"DEL01-CE";"UOP02-DEL01-CE"
686664;2025-03-24;"segunda-feira";"00:05:00";"AL";104;90;"RIO LARGO";"Condutor deixou de manter distância do veículo da frente";"Colisão traseira";"Com Vítimas Feridas";"Plena Noite";"Crescente";"Céu Claro";"Dupla";"Reta";"Sim";2;0;1;0;1;0;1;2;-9,45752834;-35,8291626;"SPRF-AL";"DEL01-AL";"UOP01-DEL01-AL"
686665;2025-04-22;"terça-feira";"06:00:00";"MG";356;283,2;"PATROCINIO DO MURIAE";"Ausência de reação do condutor";"Colisão com objeto";"Com Vítimas Feridas";"Amanhecer";"Crescente";"Céu Claro";"Simples";"Reta";"Não";1;0;1;0;0;0;1;1;-21,122139;-42,223028;"SPRF-MG";"DEL07-MG";"UOP02-DEL07-MG"
686666;2025-04-22;"terça-feira";"09:42:00";"RJ";101;268;"RIO BONITO";"Manobra de mudança de faixa";"Colisão lateral mesmo sentido";"Com Vítimas Feridas";"Pleno dia";"Crescente";"Céu Claro";"Dupla";"Reta";"Sim";3;0;1;0;2;0;1;2;-22,7149993;-42,6790622;"SPRF-RJ";"DEL02-RJ";"UOP03-DEL02-RJ"
686667;2025-04-22;"terça-feira";"10:10:00";"SP";116;68;"APARECIDA";"Demais falhas mecânicas ou elétricas";"Incêndio";"Sem Vítimas";"Pleno dia";"Crescente";"Céu Claro";"Dupla";"Reta";"Sim";1;0;0;0;1;0;0;1;-22,8582296;-45,2332132;"SPRF-SP";"DEL08-SP";"UOP01-DEL08-SP"
686668;2025-04-22;"terça-feira";"09:30:00";"PB";104;131;"QUEIMADAS";"Entrada inopinada do pedestre";"Atropelamento de Pedestre";"Com Vítimas Feridas";"Pleno dia";"Decrescente";"Céu Claro";"Simples";"Reta";"Sim";2;0;2;0;0;0;2;2;-7,291;-35,89;"SPRF-PB";"DEL02-PB";"UOP03-DEL02-PB"
686669;2025-04-22;"terça-feira";"09:30:00";"PR";376;602,5;"CURITIBA";"Manobra de mudança de faixa";"Colisão lateral mesmo sentido";"Com Vítimas Feridas";"Pleno dia";"Decrescente";"Nublado";"Dupla";"Reta";"Não";2;0;1;0;1;0;1;2;-25,52829595;-49,32723396;"SPRF-PR";"DEL01-PR";"UOP06-DEL01-PR"
686670;2025-04-18;"sexta-feira";"05:40:00";"SC";101;337,8;"TUBARAO";"Ausência de reação do condutor";"Saída de leito carroçável";"Sem Vítimas";"Amanhecer";"Crescente";"Garoa/Chuvisco";"Múltipla";"Declive;Retorno Regulamentado";"Sim";1;0;0;0;1;0;0;1;-28,49456;-49,04334167;"SPRF-SC";"DEL02-SC";"UOP01-DEL02-SC"
686671;2025-04-04;"sexta-feira";"06:30:00";"MA";222;363;"ARARI";"Acessar a via sem observar a presença dos outros veículos";"Colisão transversal";"Sem Vítimas";"Pleno dia";"Decrescente";"Céu Claro";"Simples";"Reta";"Não";2;0;0;0;1;1;0;2;-3,49622276;-44,76355791;"SPRF-MA";"DEL02-MA";"UOP01-DEL02-MA"
686672;2025-04-22;"terça-feira";"08:05:00";"BA";324;572;"SAO SEBASTIAO DO PASSE";"Pista esburacada";"Tombamento";"Com Vítimas Feridas";"Pleno dia";"Crescente";"Nublado";"Dupla";"Reta";"Não";2;0;2;0;0;0;2;1;-12,56595714;-38,5541153;"SPRF-BA";"DEL01-BA";"UOP01-DEL01-BA"
686673;2025-04-22;"terça-feira";"07:25:00";"RS";386;345;"LAJEADO";"Manobra de mudança de faixa";"Colisão lateral mesmo sentido";"Sem Vítimas";"Pleno dia";"Crescente";"Nevoeiro/Neblina";"Dupla";"Reta;Em Obras";"Sim";1;0;0;0;1;0;0;1;-29,4418522;-51,9876014;"SPRF-RS";"DEL04-RS";"UOP01-DEL04-RS"
686675;2025-04-22;"terça-feira";"10:20:00";"SC";101;148,7;"ITAPEMA";"Condutor deixou de manter distância do veículo da frente";"Colisão traseira";"Com Vítimas Feridas";"Pleno dia";"Decrescente";"Sol";"Dupla";"Declive";"Sim";3;0;2;0;1;0;2;2;-27,10588;-48,61515;"SPRF-SC";"DEL04-SC";"UOP03-DEL04-SC"
686676;2025-04-18;"sexta-feira";"18:30:00";"BA";101;585;"CAMACAN";"Deixar de acionar o farol da motocicleta (ou similar)";"Colisão traseira";"Com Vítimas Feridas";"Plena Noite";"Decrescente";"Nublado";"Simples";"Reta";"Não";2;0;1;0;1;0;1;2;-15,39135066;-39,47811669;"SPRF-BA";"DEL05-BA";"UOP02-DEL05-BA"
686679;2025-04-22;"terça-feira";"09:06:00";"MT";364;397;"CUIABA";"Transitar na contramão";"Colisão transversal";"Com Vítimas Feridas";"Pleno dia";"Decrescente";"Céu Claro";"Dupla";"Reta";"Sim";2;0;1;0;1;0;1;2;-15,66801939;-55,95683455;"SPRF-MT";"DEL01-MT";"UOP02-DEL01-MT"
686680;2025-04-22;"terça-feira";"11:20:00";"BA";116;457;"SANTO ESTEVAO";"Chuva";"Saída de leito carroçável";"Com Vítimas Feridas";"Pleno dia";"Decrescente";"Chuva";"Dupla";"Reta";"Não";5;0;3;0;2;0;3;1;-12,4260252;-39,207182;"SPRF-BA";"DEL02-BA";"UOP01-DEL02-BA"
686681;2025-04-22;"terça-feira";"11:40:00";"ES";101;144,8;"LINHARES";"Condutor deixou de manter distância do veículo da frente";"Colisão traseira";"Com Vítimas Feridas";"Pleno dia";"Decrescente";"Nublado";"Simples";"Reta";"Sim";4;0;1;0;3;0;1;2;-19,37599832;-40,01356697;"SPRF-ES";"DEL04-ES";"UOP01-DEL04-ES"
686682;2025-04-22;"terça-feira";"11:15:00";"PR";116;16,6;"CAMPINA GRANDE DO SUL";"Pista Escorregadia";"Colisão com objeto";"Sem Vítimas";"Pleno dia";"Decrescente";"Chuva";"Dupla";"Curva;Aclive";"Não";2;0;0;0;2;0;0;1;-25,10429267;-48,71104002;"SPRF-PR";"DEL01-PR";"UOP02-DEL01-PR"
686683;2025-04-22;"terça-feira";"12:05:00";"BA";101;713;"EUNAPOLIS";"Transitar na contramão";"Colisão transversal";"Com Vítimas Feridas";"Pleno dia";"Crescente";"Céu Claro";"Simples";"Reta";"Não";2;0;2;0;0;0;2;2;-16,33656747;-39,58130144;"SPRF-BA";"DEL09-BA";"UOP01-DEL09-BA"
686684;2025-04-16;"quarta-feira";"08:00:00";"RJ";101;311;"SAO GONCALO";"Ausência de reação do condutor";"Colisão lateral mesmo sentido";"Com Vítimas Feridas";"Pleno dia";"Crescente";"Nublado";"Dupla";"Reta";"Sim";3;0;1;1;1;0;2;2;-22,808402;-43,066762;"SPRF-RJ";"DEL02-RJ";"UOP02-DEL02-RJ"
686685;2025-04-22;"terça-feira";"11:45:00";"SC";470;44,8;"GASPAR";"Acessar a via sem observar a presença dos outros veículos";"Colisão transversal";"Com Vítimas Feridas";"Pleno dia";"Decrescente";"Céu Claro";"Dupla";"Curva";"Não";2;0;1;0;1;0;1;2;-26,8648103;-49,0323204;"SPRF-SC";"DEL04-SC";"UOP01-DEL04-SC"
686688;2025-04-22;"terça-feira";"11:05:00";"PI";343;12,6;"PARNAIBA";"Acessar a via sem observar a presença dos outros veículos";"Colisão lateral mesmo sentido";"Com Vítimas Feridas";"Pleno dia";"Crescente";"Nublado";"Dupla";"Reta;Interseção de Vias";"Sim";2;0;1;0;0;1;1;2;-2,91581925;-41,75401121;"SPRF-PI";"DEL05-PI";"UOP01-DEL05-PI"
686690;2025-04-22;"terça-feira";"10:30:00";"BA";101;870;"TEIXEIRA DE FREITAS";"Ultrapassagem Indevida";"Colisão lateral mesmo sentido";"Com Vítimas Feridas";"Pleno dia";"Crescente";"Nublado";"Simples";"Reta;Declive";"Não";2;0;1;0;0;1;1;2;-17,48390001;-39,705057;"SPRF-BA";"DEL09-BA";"UOP02-DEL09-BA"
686693;2025-04-22;"terça-feira";"11:55:00";"BA";101;96;"ALAGOINHAS";"Avarias e/ou desgaste excessivo no pneu";"Tombamento";"Com Vítimas Feridas";"Pleno dia";"Decrescente";"Garoa/Chuvisco";"Simples";"Reta";"Não";2;0;2;0;0;0;2;1;-12,05840463;-38,31237566;"SPRF-BA";"DEL01-BA";"UOP04-DEL01-BA"
686694;2025-04-22;"terça-feira";"11:15:00";"PR";153;27,8;"JACAREZINHO";"Mal súbito do condutor";"Colisão traseira";"Com Vítimas Feridas";"Pleno dia";"Decrescente";"Céu Claro";"Simples";"Reta";"Não";1;0;1;0;0;0;1;1;-23,21617821;-49,99257481;"SPRF-PR";"DEL07-PR";"UOP04-DEL07-PR"
686697;2025-04-22;"terça-feira";"11:15:00";"MT";364;336;"SANTO ANTONIO DO LEVERGER";"Chuva";"Saída de leito carroçável";"Com Vítimas Feridas";"Pleno dia";"Decrescente";"Chuva";"Dupla";"Reta;Declive";"Não";3;0;2;0;1;0;2;1;-15,830328;-55,443334;"SPRF-MT";"DEL05-MT";"UOP02-DEL05-MT"
686699;2025-04-22;"terça-feira";"12:10:00";"MG";381;367;"SAO GONCALO DO RIO ABAIXO";"Pista Escorregadia";"Capotamento";"Com Vítimas Feridas";"Pleno dia";"Decrescente";"Garoa/Chuvisco";"Simples";"Curva";"Não";4;0;1;0;3;0;1;1;-19,858;-43,237;"SPRF-MG";"DEL03-MG";"UOP01-DEL03-MG"
686701;2025-04-22;"terça-feira";"13:30:00";"RN";101;83;"SAO GONCALO DO AMARANTE";"Condutor deixou de manter distância do veículo da frente";"Colisão traseira";"Com Vítimas Feridas";"Pleno dia";"Crescente";"Céu Claro";"Simples";"Reta";"Não";3;0;2;0;1;0;2;2;-5,7487534;-35,3265869;"SPRF-RN";"DEL02-RN";"UOP01-DEL02-RN"
686702;2025-04-22;"terça-feira";"12:30:00";"PR";376;497;"PONTA GROSSA";"Reação tardia ou ineficiente do condutor";"Capotamento";"Com Vítimas Feridas";"Pleno dia";"Crescente";"Céu Claro";"Dupla";"Reta";"Sim";6;0;0;1;5;0;1;3;-25,148206;-50,148158;"SPRF-PR";"DEL03-PR";"UOP04-DEL03-PR"
686704;2025-04-22;"terça-feira";"13:45:00";"ES";262;159;"IBATIBA";"Manobra de mudança de faixa";"Colisão transversal";"Com Vítimas Feridas";"Pleno dia";"Crescente";"Céu Claro";"Múltipla";"Reta";"Sim";3;0;0;1;2;0;1;3;-20,22292986;-41,45413918;"SPRF-ES";"DEL01-ES";"UOP02-DEL01-ES"
686705;2025-04-22;"terça-feira";"12:37:00";"PI";316;10;"TERESINA";"Reação tardia ou ineficiente do condutor";"Colisão com objeto";"Com Vítimas Feridas";"Pleno dia";"Decrescente";"Nublado";"Dupla";"Reta;Interseção de Vias";"Sim";1;0;1;0;0;0;1;1;-5,183107;-42,763268;"SPRF-PI";"DEL01-PI";"UOP02-DEL01-PI"
686706;2025-04-22;"terça-feira";"11:30:00";"MG";381;640,2;"SANTO ANTONIO DO AMPARO";"Reação tardia ou ineficiente do condutor";"Queda de ocupante de veículo";"Com Vítimas Feridas";"Pleno dia";"Crescente";"Nublado";"Dupla";"Curva";"Não";2;0;0;2;0;0;2;1;-20,899698;-44,855547;"SPRF-MG";"DEL04-MG";"UOP01-DEL04-MG"
686707;2025-04-22;"terça-feira";"11:10:00";"PR";163;166,1;"LINDOESTE";"Reação tardia ou ineficiente do condutor";"Colisão transversal";"Com Vítimas Feridas";"Pleno dia";"Decrescente";"Céu Claro";"Simples";"Reta";"Sim";2;0;1;0;1;0;1;2;-25,26877751;-53,57216097;"SPRF-PR";"DEL05-PR";"UOP05-DEL05-PR"
686709;2025-03-27;"quinta-feira";"17:00:00";"SC";280;6;"SAO FRANCISCO DO SUL";"Conversão proibida";"Colisão lateral mesmo sentido";"Com Vítimas Feridas";"Pleno dia";"Crescente";"Céu Claro";"Simples";"Reta";"Não";1;0;1;0;0;0;1;1;-26,264427;-48,636375;"SPRF-SC";"DEL03-SC";"UOP03-DEL03-SC"
686710;2025-04-22;"terça-feira";"11:50:00";"PR";277;588,5;"CASCAVEL";"Transitar no Acostamento";"Colisão com objeto";"Sem Vítimas";"Pleno dia";"Decrescente";"Sol";"Simples";"Reta";"Sim";1;0;0;0;1;0;0;1;-24,97639126;-53,44329357;"SPRF-PR";"DEL04-PR";"UOP01-DEL04-PR"
686711;2025-04-22;"terça-feira";"10:30:00";"BA";324;526;"FEIRA DE SANTANA";"Manobra de mudança de faixa";"Colisão traseira";"Com Vítimas Feridas";"Pleno dia";"Decrescente";"Chuva";"Dupla";"Reta;Retorno Regulamentado";"Não";2;0;0;1;1;0;1;2;-12,31979998;-38,87200289;"SPRF-BA";"DEL01-BA";"UOP03-DEL01-BA"
686712;2025-04-22;"terça-feira";"09:00:00";"PA";230;1113;"ITAITUBA";"Ausência de reação do condutor";"Colisão com objeto";"Com Vítimas Fatais";"Pleno dia";"Crescente";"Céu Claro";"Simples";"Curva;Declive";"Não";1;1;0;0;0;0;0;1;-4,39910166;-55,91867086;"SPRF-PA";"DEL06-PA";"UOP01-DEL06-PA"
686713;2025-04-22;"terça-feira";"14:30:00";"SC";282;48;"AGUAS MORNAS";"Acessar a via sem observar a presença dos outros veículos";"Colisão transversal";"Com Vítimas Feridas";"Pleno dia";"Crescente";"Céu Claro";"Simples";"Curva";"Não";4;0;1;3;0;0;4;2;-27,70521835;-48,83265942;"SPRF-SC";"DEL01-SC";"UOP03-DEL01-SC"
686714;2025-04-22;"terça-feira";"11:40:00";"MG";116;275,7;"TEOFILO OTONI";"Conversão proibida";"Colisão lateral mesmo sentido";"Com Vítimas Feridas";"Pleno dia";"Decrescente";"Céu Claro";"Simples";"Reta";"Sim";3;0;3;0;0;0;3;2;-17,8720305;-41,5199501;"SPRF-MG";"DEL11-MG";"UOP01-DEL11-MG"
686715;2025-04-22;"terça-feira";"12:10:00";"MT";163;533,1;"DIAMANTINO";"Reação tardia ou ineficiente do condutor";"Saída de leito carroçável";"Com Vítimas Feridas";"Pleno dia";"Crescente";"Nublado";"Simples";"Em Obras;Curva";"Não";1;0;1;0;0;0;1;1;-14,22445102;-56,08932495;"SPRF-MT";"DEL01-MT";"UOP01-DEL01-MT"
686716;2025-04-22;"terça-feira";"10:30:00";"PB";230;462;"SOUSA";"Acessar a via sem observar a presença dos outros veículos";"Colisão transversal";"Com Vítimas Feridas";"Pleno dia";"Crescente";"Céu Claro";"Simples";"Reta;Interseção de Vias";"Sim";2;0;1;0;1;0;1;2;-6,778587;-38,23427;"SPRF-PB";"DEL03-PB";"UOP03-DEL03-PB"
686717;2025-04-22;"terça-feira";"14:00:00";"BA";101;266;"SANTO ANTONIO DE JESUS";"Ausência de reação do condutor";"Queda de ocupante de veículo";"Com Vítimas Feridas";"Pleno dia";"Crescente";"Céu Claro";"Simples";"Declive";"Não";1;0;1;0;0;0;1;1;-13,01815445;-39,29039848;"SPRF-BA";"DEL01-BA";"UOP02-DEL01-BA"
686718;2025-03-23;"domingo";"12:50:00";"AL";316;183,6;"BELEM";"Acessar a via sem observar a presença dos outros veículos";"Colisão transversal";"Com Vítimas Feridas";"Pleno dia";"Decrescente";"Céu Claro";"Simples";"Reta";"Não";2;0;0;1;1;0;1;2;-9,59346122;-36,46075845;"SPRF-AL";"DEL03-AL";"UOP01-DEL03-AL"
686719;2025-04-14;"segunda-feira";"17:45:00";"SC";101;199;"SAO JOSE";"Ausência de reação do condutor";"Colisão lateral mesmo sentido";"Com Vítimas Feridas";"Plena Noite";"Decrescente";"Céu Claro";"Múltipla";"Reta";"Não";3;0;2;0;0;1;2;3;-27,53657394;-48,6268542;"SPRF-SC";"DEL01-SC";"UOP01-DEL01-SC"
686724;2025-04-22;"terça-feira";"15:40:00";"ES";101;296,1;"CARIACICA";"Ausência de reação do condutor";"Queda de ocupante de veículo";"Com Vítimas Feridas";"Pleno dia";"Decrescente";"Céu Claro";"Dupla";"Curva";"Sim";1;0;1;0;0;0;1;1;-20,34254661;-40,40159321;"SPRF-ES";"DEL01-ES";"UOP01-DEL01-ES"
686725;2025-04-22;"terça-feira";"14:40:00";"PR";277;725;"FOZ DO IGUACU";"Acessar a via sem observar a presença dos outros veículos";"Colisão transversal";"Com Vítimas Feridas";"Pleno dia";"Decrescente";"Céu Claro";"Dupla";"Retorno Regulamentado";"Sim";3;0;3;0;0;0;3;2;-25,51016361;-54,54821026;"SPRF-PR";"DEL05-PR";"UOP03-DEL05-PR"
686726;2025-04-22;"terça-feira";"12:00:00";"SP";116;567;"BARRA DO TURVO";"Reação tardia ou ineficiente do condutor";"Colisão com objeto";"Com Vítimas Feridas";"Pleno dia";"Decrescente";"Garoa/Chuvisco";"Simples";"Curva;Aclive";"Não";4;0;1;0;3;0;1;1;-25,04579224;-48,53725433;"SPRF-SP";"DEL05-SP";"UOP02-DEL05-SP"
686727;2025-04-22;"terça-feira";"15:45:00";"SC";101;344;"TUBARAO";"Manobra de mudança de faixa";"Colisão lateral mesmo sentido";"Com Vítimas Feridas";"Pleno dia";"Decrescente";"Céu Claro";"Múltipla";"Reta";"Não";2;0;0;1;1;0;1;2;-28,5527253;-49,0538672;"SPRF-SC";"DEL02-SC";"UOP01-DEL02-SC"
686728;2025-04-22;"terça-feira";"15:50:00";"RS";116;265;"CANOAS";"Condutor deixou de manter distância do veículo da frente";"Colisão traseira";"Com Vítimas Feridas";"Pleno dia";"Crescente";"Céu Claro";"Múltipla";"Reta;Em Obras";"Sim";2;0;1;0;1;0;1;2;-29,91925936;-51,17813612;"SPRF-RS";"DEL01-RS";"UOP01-DEL01-RS"
686732;2025-04-22;"terça-feira";"15:15:00";"SC";282;4,6;"SAO JOSE";"Chuva";"Colisão lateral mesmo sentido";"Com Vítimas Feridas";"Pleno dia";"Crescente";"Céu Claro";"Múltipla";"Reta";"Sim";4;0;4;0;0;0;4;2;-27,589675;-48,609623;"SPRF-SC";"DEL01-SC";"UOP01-DEL01-SC"
686737;2025-04-22;"terça-feira";"16:30:00";"RS";287;249,2;"SANTA MARIA";"Desrespeitar a preferência no cruzamento";"Colisão transversal";"Com Vítimas Feridas";"Pleno dia";"Crescente";"Céu Claro";"Dupla";"Interseção de Vias;Reta;Rotatória";"Sim";2;0;1;0;1;0;1;2;-29,694803;-53,858455;"SPRF-RS";"DEL09-RS";"UOP01-DEL09-RS"
686738;2025-04-22;"terça-feira";"15:55:00";"RJ";40;48,4;"PETROPOLIS";"Velocidade Incompatível";"Colisão com objeto";"Com Vítimas Feridas";"Pleno dia";"Decrescente";"Nublado";"Múltipla";"Curva";"Não";1;0;0;1;0;0;1;1;-22,28251145;-43,11928962;"SPRF-RJ";"DEL05-RJ";"UOP02-DEL05-RJ"
686739;2025-04-22;"terça-feira";"15:30:00";"MS";376;103;"IVINHEMA";"Reação tardia ou ineficiente do condutor";"Tombamento";"Com Vítimas Feridas";"Pleno dia";"Crescente";"Céu Claro";"Simples";"Reta";"Não";2;0;2;0;0;0;2;1;-22,295719;-53,952814;"SPRF-MS";"DEL04-MS";"UOP04-DEL04-MS"
686740;2025-04-22;"terça-feira";"16:55:00";"RS";470;220,8;"GARIBALDI";"Desrespeitar a preferência no cruzamento";"Colisão transversal";"Sem Vítimas";"Pleno dia";"Crescente";"Céu Claro";"Simples";"Interseção de Vias;Reta;Declive";"Não";4;0;0;0;4;0;0;2;-29,20318998;-51,51804006;"SPRF-RS";"DEL06-RS";"UOP01-DEL06-RS"
686741;2025-04-22;"terça-feira";"15:30:00";"RJ";40;105;"DUQUE DE CAXIAS";"Ausência de reação do condutor";"Colisão com objeto";"Com Vítimas Feridas";"Pleno dia";"Decrescente";"Céu Claro";"Dupla";"Reta;Ponte";"Sim";1;0;1;0;0;0;1;1;-22,6721792;-43,2799744;"SPRF-RJ";"DEL01-RJ";"UOP02-DEL01-RJ"
686742;2025-04-22;"terça-feira";"17:35:00";"TO";153;145;"ARAGUAINA";"Reação tardia ou ineficiente do condutor";"Atropelamento de Animal";"Com Vítimas Feridas";"Pleno dia";"Decrescente";"Nublado";"Dupla";"Reta";"Sim";1;0;1;0;0;0;1;1;-7,216201;-48,245275;"SPRF-TO";"DEL02-TO";"UOP01-DEL02-TO"
686745;2025-04-22;"terça-feira";"16:50:00";"PR";277;113;"CAMPO LARGO";"Condutor deixou de manter distância do veículo da frente";"Colisão traseira";"Com Vítimas Feridas";"Pleno dia";"Crescente";"Nublado";"Dupla";"Reta;Aclive";"Não";2;0;1;0;1;0;1;2;-25,433;-49,418;"SPRF-PR";"DEL03-PR";"UOP03-DEL03-PR"
686747;2025-04-22;"terça-feira";"17:09:00";"ES";101;265;"SERRA";"Acumulo de areia ou detritos sobre o pavimento";"Queda de ocupante de veículo";"Sem Vítimas";"Anoitecer";"Crescente";"Céu Claro";"Dupla";"Curva";"Sim";1;0;0;0;0;1;0;1;-20,1824;-40,2655;"SPRF-ES";"DEL02-ES";"UOP01-DEL02-ES"
686748;2025-04-22;"terça-feira";"17:18:00";"ES";101;269;"SERRA";"Ausência de reação do condutor";"Colisão traseira";"Com Vítimas Feridas";"Anoitecer";"Crescente";"Nublado";"Múltipla";"Reta";"Sim";2;0;1;0;1;0;1;2;-20,21701001;-40,2699101;"SPRF-ES";"DEL02-ES";"UOP01-DEL02-ES"
686750;2025-04-22;"terça-feira";"11:59:00";"SC";0;0;"FLORIANOPOLIS";"Manobra de mudança de faixa";"Colisão lateral mesmo sentido";"Sem Vítimas";"Pleno dia";"Não Informado";"Céu Claro";"Múltipla";"Rotatória";"Sim";3;0;0;0;3;0;0;2;-27,438749;-48,413547;"UniPRF";"N/A";"N/A"
686752;2025-04-22;"terça-feira";"18:15:00";"RS";116;264;"CANOAS";"Acesso irregular";"Colisão lateral mesmo sentido";"Com Vítimas Feridas";"Anoitecer";"Decrescente";"Céu Claro";"Múltipla";"Reta";"Sim";2;0;1;0;0;1;1;2;-29,91349275;-51,17780966;"SPRF-RS";"DEL01-RS";"UOP01-DEL01-RS"
686753;2025-04-22;"terça-feira";"18:00:00";"SP";116;148;"SAO JOSE DOS CAMPOS";"Condutor deixou de manter distância do veículo da frente";"Colisão traseira";"Com Vítimas Feridas";"Plena Noite";"Decrescente";"Nublado";"Múltipla";"Reta";"Sim";2;0;0;1;1;0;1;2;-23,20004542;-45,87862729;"SPRF-SP";"DEL02-SP";"UOP01-DEL02-SP"
686755;2025-04-22;"terça-feira";"16:40:00";"RO";364;345;"JI-PARANA";"Manobra de mudança de faixa";"Colisão lateral mesmo sentido";"Sem Vítimas";"Plena Noite";"Crescente";"Céu Claro";"Dupla";"Curva";"Sim";7;0;0;0;6;1;0;3;-10,868655;-61,960567;"SPRF-RO";"DEL02-RO";"UOP01-DEL02-RO"
686756;2025-04-22;"terça-feira";"12:28:00";"PR";487;159,9;"ARARUNA";"Acessar a via sem observar a presença dos outros veículos";"Colisão transversal";"Com Vítimas Feridas";"Pleno dia";"Decrescente";"Céu Claro";"Simples";"Reta";"Sim";3;0;2;0;1;0;2;2;-23,97293328;-52,55644725;"SPRF-PR";"DEL09-PR";"UOP03-DEL09-PR"
686759;2025-04-22;"terça-feira";"18:10:00";"SC";101;196,1;"BIGUACU";"Ausência de reação do condutor";"Atropelamento de Pedestre";"Com Vítimas Feridas";"Plena Noite";"Decrescente";"Céu Claro";"Múltipla";"Reta;Interseção de Vias";"Sim";2;0;1;0;1;0;1;2;-27,51142;-48,6423;"SPRF-SC";"DEL01-SC";"UOP01-DEL01-SC"
686760;2025-04-22;"terça-feira";"16:40:00";"RJ";101;398;"ITAGUAI";"Avarias e/ou desgaste excessivo no pneu";"Queda de ocupante de veículo";"Com Vítimas Feridas";"Pleno dia";"Decrescente";"Nublado";"Dupla";"Reta";"Não";2;0;1;0;1;0;1;1;-22,865035;-43,752279;"SPRF-RJ";"DEL03-RJ";"UOP01-DEL03-RJ"
686763;2025-04-22;"terça-feira";"17:55:00";"MG";116;122,4;"ITAOBIM";"Desrespeitar a preferência no cruzamento";"Colisão frontal";"Com Vítimas Feridas";"Anoitecer";"Crescente";"Céu Claro";"Simples";"Reta";"Não";3;0;0;1;2;0;1;2;-16,621875;-41,502088;"SPRF-MG";"DEL11-MG";"UOP02-DEL11-MG"
686764;2025-04-22;"terça-feira";"17:58:00";"PE";232;135,7;"CARUARU";"Acesso irregular";"Colisão transversal";"Com Vítimas Fatais";"Plena Noite";"Crescente";"Nublado";"Dupla";"Reta;Declive";"Não";4;1;0;1;1;1;1;3;-8,312918;-36,039798;"SPRF-PE";"DEL02-PE";"UOP01-DEL02-PE"
686766;2025-04-22;"terça-feira";"18:58:00";"SP";116;141,9;"SAO JOSE DOS CAMPOS";"Condutor deixou de manter distância do veículo da frente";"Engavetamento";"Com Vítimas Feridas";"Plena Noite";"Decrescente";"Nublado";"Dupla";"Reta";"Sim";5;0;1;0;4;0;1;4;-23,17376923;-45,82823586;"SPRF-SP";"DEL02-SP";"UOP01-DEL02-SP"
686767;2025-04-22;"terça-feira";"17:30:00";"BA";324;617;"SALVADOR";"Avarias e/ou desgaste excessivo no pneu";"Queda de ocupante de veículo";"Com Vítimas Feridas";"Anoitecer";"Decrescente";"Céu Claro";"Múltipla";"Reta";"Não";2;0;2;0;0;0;2;1;-12,8814119;-38,4332289;"SPRF-BA";"DEL01-BA";"UOP01-DEL01-BA"
686768;2025-04-22;"terça-feira";"18:40:00";"SP";116;444;"REGISTRO";"Ausência de reação do condutor";"Colisão lateral mesmo sentido";"Com Vítimas Feridas";"Plena Noite";"Crescente";"Céu Claro";"Múltipla";"Reta;Interseção de Vias";"Sim";4;0;1;0;3;0;1;2;-24,5018325;-47,84648895;"SPRF-SP";"DEL05-SP";"UOP01-DEL05-SP"
686771;2025-04-22;"terça-feira";"17:05:00";"CE";116;10,9;"FORTALEZA";"Transitar no Acostamento";"Colisão lateral mesmo sentido";"Sem Vítimas";"Anoitecer";"Crescente";"Céu Claro";"Múltipla";"Reta";"Sim";3;0;0;0;1;2;0;2;-3,841583;-38,5000363;"SPRF-CE";"DEL01-CE";"UOP02-DEL01-CE"
686772;2025-04-22;"terça-feira";"19:40:00";"PB";230;28;"JOAO PESSOA";"Ausência de reação do condutor";"Colisão lateral mesmo sentido";"Com Vítimas Feridas";"Plena Noite";"Decrescente";"Céu Claro";"Dupla";"Reta";"Sim";2;0;1;0;0;1;1;2;-7,166;-34,895;"SPRF-PB";"DEL01-PB";"UOP01-DEL01-PB"