"id";"data_inversa";"dia_semana";"horario";"uf";"br";"km";"municipio";"causa_acidente";"tipo_acidente";"classificacao_acidente";"fase_dia";"sentido_via";"condicao_metereologica";"tipo_pista";"tracado_via";"uso_solo";"pessoas";"mortos";"feridos_leves";"feridos_graves";"ilesos";"ignorados";"feridos";"veiculos";"latitude";"longitude";"regional";"delegacia";"uop"
686888;2025-04-23;"quarta-feira";"13:40:00";"PI";343;503,2;"AMARANTE";"Velocidade Incompatível";"Colisão com objeto";"Com Vítimas Feridas";"Pleno dia";"Crescente";"Sol";"Simples";"Curva";"Não";3;0;1;0;2;0;1;1;-6,2561376;-42,84315741;"SPRF-PI";"DEL03-PI";"UOP01-DEL03-PI"
686890;2025-04-23;"quarta-feira";"14:30:00";"RJ";101;480;"ANGRA DOS REIS";"Condutor deixou de manter distância do veículo da frente";"Colisão traseira";"Com Vítimas Feridas";"Pleno dia";"Decrescente";"Nublado";"Simples";"Reta";"Sim";2;0;2;0;0;0;2;2;-23,01218754;-44,29105377;"SPRF-RJ";"DEL03-RJ";"UOP03-DEL03-RJ"
686891;2025-03-26;"quarta-feira";"12:20:00";"BA";101;262;"SANTO ANTONIO DE JESUS";"Acessar a via sem observar a presença dos outros veículos";"Colisão transversal";"Com Vítimas Feridas";"Pleno dia";"Crescente";"Ignorado";"Simples";"Reta";"Sim";1;0;1;0;0;0;1;1;-12,964487;-39,272055;"SPRF-BA";"DEL01-BA";"UOP02-DEL01-BA"
686893;2025-04-23;"quarta-feira";"14:00:00";"AL";316;83;"SANTANA DO IPANEMA";"Área urbana sem a presença de local apropriado para a travessia de pedestres";"Atropelamento de Pedestre";"Com Vítimas Feridas";"Pleno dia";"Crescente";"Céu Claro";"Simples";"Reta;Aclive";"Não";2;0;0;1;0;1;1;2;-9,36672;-37,25309;"SPRF-AL";"DEL03-AL";"UOP02-DEL03-AL"
686894;2025-04-23;"quarta-feira";"13:50:00";"SC";282;0,5;"FLORIANOPOLIS";"Condutor deixou de manter distância do veículo da frente";"Colisão traseira";"Com Vítimas Feridas";"Pleno dia";"Decrescente";"Céu Claro";"Simples";"Reta";"Não";2;0;1;0;1;0;1;2;-27,59903265;-48,57411258;"SPRF-SC";"DEL01-SC";"UOP01-DEL01-SC"
686896;2025-04-23;"quarta-feira";"14:44:00";"PA";10;16,5;"DOM ELISEU";"Acessar a via sem observar a presença dos outros veículos";"Colisão transversal";"Com Vítimas Feridas";"Pleno dia";"Crescente";"Céu Claro";"Simples";"Reta";"Sim";3;0;0;2;1;0;2;2;-4,305803;-47,555443;"SPRF-PA";"DEL02-PA";"UOP02-DEL02-PA"
686898;2025-04-23;"quarta-feira";"13:00:00";"PI";135;328;"SANTA LUZ";"Ausência de reação do condutor";"Colisão transversal";"Com Vítimas Fatais";"Pleno dia";"Decrescente";"Céu Claro";"Simples";"Reta";"Sim";2;1;0;0;0;1;0;2;-8,91227685;-44,24799132;"SPRF-PI";"DEL03-PI";"UOP02-DEL03-PI"
686899;2025-04-23;"quarta-feira";"16:35:00";"RS";116;247;"SAO LEOPOLDO";"Manobra de mudança de faixa";"Colisão lateral mesmo sentido";"Com Vítimas Feridas";"Pleno dia";"Decrescente";"Nublado";"Múltipla";"Reta";"Sim";2;0;1;0;1;0;1;2;-29,76741602;-51,15358871;"SPRF-RS";"DEL01-RS";"UOP02-DEL01-RS"
686900;2025-04-23;"quarta-feira";"15:30:00";"MG";50;147;"UBERABA";"Ausência de reação do condutor";"Tombamento";"Com Vítimas Feridas";"Pleno dia";"Decrescente";"Chuva";"Dupla";"Aclive";"Não";1;0;0;1;0;0;1;1;-19,564347;-48,033512;"SPRF-MG";"DEL13-MG";"UOP01-DEL13-MG"
686902;2025-04-23;"quarta-feira";"16:11:00";"PB";230;158,3;"CAMPINA GRANDE";"Avarias e/ou desgaste excessivo no pneu";"Queda de ocupante de veículo";"Com Vítimas Feridas";"Pleno dia";"Decrescente";"Céu Claro";"Simples";"Reta;Em Obras";"Sim";1;0;1;0;0;0;1;1;-7,255783;-35,929547;"SPRF-PB";"DEL02-PB";"UOP01-DEL02-PB"
686903;2025-04-23;"quarta-feira";"16:50:00";"BA";367;83,4;"EUNAPOLIS";"Ausência de reação do condutor";"Colisão transversal";"Com Vítimas Feridas";"Pleno dia";"Decrescente";"Céu Claro";"Simples";"Interseção de Vias;Reta;Declive";"Sim";2;0;1;0;1;0;1;2;-16,37306677;-39,57266808;"SPRF-BA";"DEL09-BA";"UOP03-DEL09-BA"
686904;2025-04-23;"quarta-feira";"16:50:00";"PR";277;721;"FOZ DO IGUACU";"Manobra de mudança de faixa";"Colisão lateral mesmo sentido";"Com Vítimas Feridas";"Pleno dia";"Decrescente";"Céu Claro";"Dupla";"Reta;Retorno Regulamentado";"Sim";2;0;1;0;1;0;1;2;-25,48777424;-54,50336695;"SPRF-PR";"DEL05-PR";"UOP03-DEL05-PR"
686905;2025-04-23;"quarta-feira";"16:45:00";"PB";104;133,2;"QUEIMADAS";"Condutor deixou de manter distância do veículo da frente";"Colisão lateral mesmo sentido";"Com Vítimas Feridas";"Pleno dia";"Decrescente";"Nublado";"Simples";"Reta";"Sim";3;0;1;0;2;0;1;2;-7,303333;-35,892587;"SPRF-PB";"DEL02-PB";"UOP03-DEL02-PB"
686906;2025-04-23;"quarta-feira";"16:40:00";"PI";343;3;"TERESINA";"Acessar a via sem observar a presença dos outros veículos";"Colisão transversal";"Com Vítimas Feridas";"Pleno dia";"Crescente";"Nublado";"Dupla";"Reta;Interseção de Vias";"Sim";2;0;1;0;1;0;1;2;-5,080883;-42,778103;"SPRF-PI";"DEL05-PI";"UOP01-DEL05-PI"
686909;2025-04-23;"quarta-feira";"14:50:00";"PR";153;519;"GENERAL CARNEIRO";"Pista Escorregadia";"Queda de ocupante de veículo";"Com Vítimas Feridas";"Pleno dia";"Decrescente";"Céu Claro";"Simples";"Curva";"Não";2;0;2;0;0;0;2;1;-26,5620633;-51,44328833;"SPRF-PR";"DEL02-PR";"UOP03-DEL02-PR"
686911;2025-04-23;"quarta-feira";"17:00:00";"PR";153;1;"JACAREZINHO";"Ausência de reação do condutor";"Tombamento";"Com Vítimas Feridas";"Pleno dia";"Decrescente";"Céu Claro";"Simples";"Reta";"Não";1;0;0;1;0;0;1;1;-23,009351;-49,906467;"SPRF-PR";"DEL07-PR";"UOP04-DEL07-PR"
686912;2025-04-23;"quarta-feira";"17:20:00";"SC";116;246,1;"LAGES";"Conversão proibida";"Colisão transversal";"Com Vítimas Feridas";"Pleno dia";"Crescente";"Céu Claro";"Simples";"Reta";"Sim";3;0;2;1;0;0;3;2;-27,757222;-50,333333;"SPRF-SC";"DEL05-SC";"UOP02-DEL05-SC"
686913;2025-04-23;"quarta-feira";"17:00:00";"MG";381;528;"BRUMADINHO";"Ausência de reação do condutor";"Queda de ocupante de veículo";"Com Vítimas Feridas";"Pleno dia";"Crescente";"Nublado";"Dupla";"Curva";"Não";1;0;1;0;0;0;1;1;-20,15357089;-44,32629776;"SPRF-MG";"DEL04-MG";"UOP03-DEL04-MG"
686915;2025-04-23;"quarta-feira";"16:20:00";"PR";277;172;"PALMEIRA";"Acessar a via sem observar a presença dos outros veículos";"Colisão transversal";"Com Vítimas Feridas";"Pleno dia";"Decrescente";"Nublado";"Simples";"Retorno Regulamentado;Interseção de Vias;Reta";"Não";2;0;2;0;0;0;2;2;-25,44490223;-49,95910406;"SPRF-PR";"DEL08-PR";"UOP02-DEL08-PR"
686916;2025-04-23;"quarta-feira";"18:00:00";"RS";116;246;"SAO LEOPOLDO";"Manobra de mudança de faixa";"Colisão lateral mesmo sentido";"Com Vítimas Feridas";"Anoitecer";"Crescente";"Céu Claro";"Múltipla";"Reta;Em Obras";"Sim";2;0;1;0;1;0;1;2;-29,7365736;-51,1504271;"SPRF-RS";"DEL01-RS";"UOP02-DEL01-RS"
686917;2025-04-23;"quarta-feira";"16:40:00";"RJ";101;492,8;"ANGRA DOS REIS";"Demais falhas mecânicas ou elétricas";"Tombamento";"Com Vítimas Feridas";"Anoitecer";"Decrescente";"Nublado";"Simples";"Curva";"Não";2;0;1;0;1;0;1;1;-22,94465787;-44,32905556;"SPRF-RJ";"DEL03-RJ";"UOP03-DEL03-RJ"
686918;2025-04-23;"quarta-feira";"13:50:00";"PA";163;976;"SANTAREM";"Ausência de reação do condutor";"Saída de leito carroçável";"Sem Vítimas";"Pleno dia";"Decrescente";"Céu Claro";"Simples";"Reta";"Não";1;0;0;0;0;1;0;1;-2,64157637;-54,77821782;"SPRF-PA";"DEL05-PA";"UOP01-DEL05-PA"
686919;2025-04-23;"quarta-feira";"17:40:00";"MG";50;163;"UBERABA";"Ausência de reação do condutor";"Colisão lateral mesmo sentido";"Com Vítimas Feridas";"Anoitecer";"Decrescente";"Chuva";"Dupla";"Declive";"Não";4;0;2;0;2;0;2;2;-19,655055;-48,004198;"SPRF-MG";"DEL13-MG";"UOP01-DEL13-MG"
686920;2025-04-23;"quarta-feira";"18:20:00";"SP";153;73,8;"SAO JOSE DO RIO PRETO";"Avarias e/ou desgaste excessivo no pneu";"Tombamento";"Com Vítimas Feridas";"Plena Noite";"Crescente";"Céu Claro";"Dupla";"Reta";"Não";2;0;1;0;1;0;1;1;-20,886275;-49,427466;"SPRF-SP";"DEL09-SP";"UOP01-DEL09-SP"
686922;2025-04-23;"quarta-feira";"04:00:00";"AM";319;365;"BERURI";"Pista Escorregadia";"Saída de leito carroçável";"Sem Vítimas";"Plena Noite";"Decrescente";"Garoa/Chuvisco";"Simples";"Reta;Declive";"Não";3;0;0;0;1;2;0;2;-5,322156;-62,010748;"SPRF-AM";"DEL01-AM";"UOP04-DEL01-AM"
686923;2025-04-23;"quarta-feira";"18:30:00";"MG";40;346,8;"FELIXLANDIA";"Demais falhas na via";"Queda de ocupante de veículo";"Com Vítimas Feridas";"Anoitecer";"Decrescente";"Céu Claro";"Simples";"Reta";"Não";2;0;2;0;0;0;2;1;-18,70578812;-44,95819382;"SPRF-MG";"DEL02-MG";"UOP01-DEL02-MG"
686924;2025-04-23;"quarta-feira";"17:00:00";"MG";50;157;"UBERABA";"Acumulo de água sobre o pavimento";"Saída de leito carroçável";"Com Vítimas Feridas";"Pleno dia";"Crescente";"Chuva";"Dupla";"Reta";"Não";1;0;0;1;0;0;1;1;-19,759104;-47,8838784;"SPRF-MG";"DEL13-MG";"UOP01-DEL13-MG"
686926;2025-04-23;"quarta-feira";"15:30:00";"SC";470;7;"NAVEGANTES";"Reação tardia ou ineficiente do condutor";"Tombamento";"Com Vítimas Feridas";"Pleno dia";"Crescente";"Céu Claro";"Simples";"Interseção de Vias";"Sim";1;0;1;0;0;0;1;1;-26,84211704;-48,71534228;"SPRF-SC";"DEL04-SC";"UOP04-DEL04-SC"
686927;2025-04-23;"quarta-feira";"18:45:00";"ES";101;311,9;"VILA VELHA";"Acessar a via sem observar a presença dos outros veículos";"Atropelamento de Pedestre";"Com Vítimas Fatais";"Plena Noite";"Crescente";"Céu Claro";"Dupla";"Reta";"Não";2;1;0;0;1;0;0;2;-20,443068;-40,46019;"SPRF-ES";"DEL01-ES";"UOP01-DEL01-ES"
686928;2025-04-23;"quarta-feira";"18:30:00";"BA";101;505;"ITABUNA";"Pedestre cruzava a pista fora da faixa";"Atropelamento de Pedestre";"Com Vítimas Feridas";"Plena Noite";"Crescente";"Garoa/Chuvisco";"Simples";"Reta";"Sim";2;0;1;0;1;0;1;2;-14,787353;-39,290456;"SPRF-BA";"DEL05-BA";"UOP01-DEL05-BA"
686929;2025-04-23;"quarta-feira";"18:40:00";"MG";381;3;"BETIM";"Transitar na contramão";"Colisão frontal";"Com Vítimas Feridas";"Plena Noite";"Decrescente";"Céu Claro";"Dupla";"Reta";"Não";2;0;1;0;1;0;1;2;-19,98346128;-44,16481443;"SPRF-MG";"DEL01-MG";"UOP03-DEL01-MG"
686930;2025-04-23;"quarta-feira";"11:38:00";"PE";232;509;"SALGUEIRO";"Condutor deixou de manter distância do veículo da frente";"Colisão traseira";"Com Vítimas Feridas";"Pleno dia";"Crescente";"Céu Claro";"Simples";"Reta";"Não";3;0;2;0;1;0;2;2;-8,0655887;-39,1318262;"SPRF-PE";"DEL05-PE";"UOP01-DEL05-PE"
686931;2025-04-23;"quarta-feira";"18:40:00";"RS";392;51,8;"RIO GRANDE";"Reação tardia ou ineficiente do condutor";"Tombamento";"Com Vítimas Feridas";"Plena Noite";"Crescente";"Céu Claro";"Dupla";"Reta";"Não";1;0;1;0;0;0;1;1;-31,85797895;-52,32408017;"SPRF-RS";"DEL07-RS";"UOP02-DEL07-RS"
686932;2025-04-23;"quarta-feira";"19:00:00";"ES";101;263,1;"SERRA";"Demais falhas mecânicas ou elétricas";"Eventos atípicos";"Com Vítimas Feridas";"Plena Noite";"Crescente";"Nublado";"Dupla";"Reta";"Sim";1;0;1;0;0;0;1;1;-20,12509291;-40,34179688;"SPRF-ES";"DEL02-ES";"UOP01-DEL02-ES"
686933;2025-04-23;"quarta-feira";"18:48:00";"CE";116;2;"FORTALEZA";"Trafegar com motocicleta (ou similar) entre as faixas";"Colisão traseira";"Com Vítimas Feridas";"Plena Noite";"Crescente";"Céu Claro";"Múltipla";"Reta";"Sim";2;0;1;0;0;1;1;2;-3,7638436;-38,5180433;"SPRF-CE";"DEL01-CE";"UOP02-DEL01-CE"
686934;2025-04-23;"quarta-feira";"18:10:00";"MS";262;348,2;"CAMPO GRANDE";"Ausência de reação do condutor";"Tombamento";"Com Vítimas Feridas";"Anoitecer";"Crescente";"Garoa/Chuvisco";"Simples";"Reta";"Não";1;0;1;0;0;0;1;1;-20,56338;-54,61498;"SPRF-MS";"DEL01-MS";"UOP03-DEL01-MS"
686935;2025-04-23;"quarta-feira";"17:50:00";"RJ";116;265;"VOLTA REDONDA";"Ausência de reação do condutor";"Colisão com objeto";"Com Vítimas Feridas";"Plena Noite";"Decrescente";"Nublado";"Dupla";"Reta;Aclive";"Não";1;0;1;0;0;0;1;1;-22,58766568;-44,08693433;"SPRF-RJ";"DEL07-RJ";"UOP02-DEL07-RJ"
686936;2025-04-23;"quarta-feira";"18:40:00";"PE";232;12,3;"JABOATAO DOS GUARARAPES";"Manobra de mudança de faixa";"Saída de leito carroçável";"Com Vítimas Feridas";"Plena Noite";"Crescente";"Céu Claro";"Dupla";"Reta";"Não";1;0;0;1;0;0;1;1;-8,086617;-35,006507;"SPRF-PE";"DEL01-PE";"UOP01-DEL01-PE"
686937;2025-04-23;"quarta-feira";"18:40:00";"SC";101;202,3;"SAO JOSE";"Condutor deixou de manter distância do veículo da frente";"Colisão lateral mesmo sentido";"Com Vítimas Feridas";"Plena Noite";"Decrescente";"Céu Claro";"Dupla";"Reta";"Sim";2;0;1;0;1;0;1;2;-27,55993;-48,617093;"SPRF-SC";"DEL01-SC";"UOP01-DEL01-SC"
686938;2025-04-23;"quarta-feira";"17:30:00";"CE";304;42;"ARACATI";"Manobra de mudança de faixa";"Colisão frontal";"Com Vítimas Fatais";"Anoitecer";"Crescente";"Céu Claro";"Simples";"Reta";"Não";3;2;1;0;0;0;1;2;-4,61595077;-37,75425771;"SPRF-CE";"DEL03-CE";"UOP03-DEL03-CE"
686939;2025-04-23;"quarta-feira";"17:30:00";"SP";116;65,6;"GUARATINGUETA";"Ausência de reação do condutor";"Colisão traseira";"Com Vítimas Feridas";"Pleno dia";"Decrescente";"Céu Claro";"Dupla";"Curva";"Não";3;0;0;1;1;1;1;3;-22,8239549;-45,18987656;"SPRF-SP";"DEL08-SP";"UOP01-DEL08-SP"
686941;2025-04-23;"quarta-feira";"18:30:00";"PR";277;593,4;"CASCAVEL";"Condutor deixou de manter distância do veículo da frente";"Engavetamento";"Com Vítimas Feridas";"Plena Noite";"Decrescente";"Nublado";"Simples";"Reta";"Sim";7;0;3;0;4;0;3;3;-24,98034;-53,48599;"SPRF-PR";"DEL04-PR";"UOP01-DEL04-PR"
686943;2025-04-23;"quarta-feira";"18:25:00";"AL";316;216,5;"MARIBONDO";"Transitar na contramão";"Colisão frontal";"Com Vítimas Fatais";"Plena Noite";"Crescente";"Céu Claro";"Simples";"Reta";"Não";3;1;0;1;1;0;1;2;-9,52389853;-36,23565674;"SPRF-AL";"DEL01-AL";"UOP01-DEL01-AL"
686944;2025-04-23;"quarta-feira";"19:38:00";"RS";158;331;"SANTA MARIA";"Acessar a via sem observar a presença dos outros veículos";"Colisão transversal";"Com Vítimas Feridas";"Plena Noite";"Crescente";"Céu Claro";"Simples";"Rotatória";"Sim";2;0;1;0;1;0;1;2;-29,70728845;-53,85223389;"SPRF-RS";"DEL09-RS";"UOP01-DEL09-RS"
686946;2025-04-23;"quarta-feira";"20:00:00";"RJ";116;184;"NOVA IGUACU";"Condutor deixou de manter distância do veículo da frente";"Colisão traseira";"Com Vítimas Feridas";"Plena Noite";"Crescente";"Céu Claro";"Múltipla";"Reta";"Sim";5;0;2;0;3;0;2;3;-22,76098617;-43,42483521;"SPRF-RJ";"DEL06-RJ";"UOP01-DEL06-RJ"
686947;2025-04-23;"quarta-feira";"19:50:00";"RJ";116;172;"SAO JOAO DE MERITI";"Ultrapassagem Indevida";"Tombamento";"Com Vítimas Feridas";"Plena Noite";"Crescente";"Céu Claro";"Múltipla";"Reta";"Sim";2;0;1;1;0;0;2;1;-22,79856489;-43,35638221;"SPRF-RJ";"DEL06-RJ";"UOP01-DEL06-RJ"
686948;2025-04-23;"quarta-feira";"18:50:00";"RS";116;334;"BARRA DO RIBEIRO";"Ausência de sinalização";"Saída de leito carroçável";"Com Vítimas Feridas";"Plena Noite";"Crescente";"Céu Claro";"Dupla";"Reta;Retorno Regulamentado";"Não";4;0;1;0;3;0;1;1;-30,420832;-51,46523;"SPRF-RS";"DEL02-RS";"UOP02-DEL02-RS"
686949;2025-04-23;"quarta-feira";"17:40:00";"MG";116;607;"SAO JOAO DO MANHUACU";"Acessar a via sem observar a presença dos outros veículos";"Colisão transversal";"Com Vítimas Feridas";"Anoitecer";"Decrescente";"Céu Claro";"Simples";"Interseção de Vias;Reta";"Sim";2;0;1;0;1;0;1;2;-20,39688408;-42,14883327;"SPRF-MG";"DEL06-MG";"UOP03-DEL06-MG"
686951;2025-04-23;"quarta-feira";"20:20:00";"RS";116;233,3;"NOVO HAMBURGO";"Reação tardia ou ineficiente do condutor";"Tombamento";"Com Vítimas Feridas";"Plena Noite";"Decrescente";"Nublado";"Simples";"Reta";"Sim";1;0;1;0;0;0;1;1;-29,64531844;-51,1433208;"SPRF-RS";"DEL01-RS";"UOP02-DEL01-RS"
686952;2025-04-23;"quarta-feira";"19:50:00";"RJ";393;142,2;"SAPUCAIA";"Reação tardia ou ineficiente do condutor";"Colisão traseira";"Com Vítimas Feridas";"Plena Noite";"Decrescente";"Nublado";"Simples";"Reta";"Sim";2;0;1;0;1;0;1;2;-22,0378611;-42,9894167;"SPRF-RJ";"DEL05-RJ";"UOP01-DEL05-RJ"
686953;2025-04-23;"quarta-feira";"21:00:00";"SC";101;40,4;"JOINVILLE";"Ausência de reação do condutor";"Queda de ocupante de veículo";"Com Vítimas Feridas";"Plena Noite";"Crescente";"Céu Claro";"Dupla";"Reta;Aclive";"Sim";2;0;2;0;0;0;2;1;-26,30603419;-48,88083458;"SPRF-SC";"DEL03-SC";"UOP01-DEL03-SC"
686955;2025-04-23;"quarta-feira";"20:02:00";"SP";116;60,1;"GUARATINGUETA";"Condutor deixou de manter distância do veículo da frente";"Colisão traseira";"Sem Vítimas";"Plena Noite";"Crescente";"Céu Claro";"Dupla";"Reta";"Não";2;0;0;0;1;1;0;2;-22,7907586;-45,16167283;"SPRF-SP";"DEL08-SP";"UOP01-DEL08-SP"
686956;2025-04-23;"quarta-feira";"20:30:00";"RJ";40;6;"COMENDADOR LEVY GASPARIAN";"Acessar a via sem observar a presença dos outros veículos";"Colisão lateral mesmo sentido";"Com Vítimas Feridas";"Plena Noite";"Decrescente";"Céu Claro";"Dupla";"Reta";"Não";2;0;1;0;1;0;1;2;-22,02651103;-43,23121577;"SPRF-RJ";"DEL05-RJ";"UOP02-DEL05-RJ"
686957;2025-04-23;"quarta-feira";"20:40:00";"MG";381;487;"BETIM";"Ausência de reação do condutor";"Tombamento";"Com Vítimas Feridas";"Plena Noite";"Decrescente";"Céu Claro";"Múltipla";"Curva";"Sim";1;0;1;0;0;0;1;1;-19,95781941;-44,12027836;"SPRF-MG";"DEL01-MG";"UOP03-DEL01-MG"
686959;2025-04-23;"quarta-feira";"20:15:00";"RJ";116;136;"MAGE";"Reação tardia ou ineficiente do condutor";"Colisão com objeto";"Sem Vítimas";"Plena Noite";"Crescente";"Nublado";"Dupla";"Reta";"Não";2;0;0;0;1;1;0;2;-22,650068;-43,172039;"SPRF-RJ";"DEL04-RJ";"UOP02-DEL04-RJ"
686960;2025-04-23;"quarta-feira";"20:05:00";"BA";116;28,9;"VITORIA DA CONQUISTA";"Velocidade Incompatível";"Capotamento";"Com Vítimas Feridas";"Plena Noite";"Decrescente";"Chuva";"Simples";"Reta;Aclive";"Não";1;0;1;0;0;0;1;1;-14,834973;-40,822612;"SPRF-BA";"DEL08-BA";"UOP01-DEL08-BA"
686962;2025-04-23;"quarta-feira";"21:40:00";"PI";316;27;"DEMERVAL LOBAO";"Animais na Pista";"Atropelamento de Animal";"Com Vítimas Feridas";"Plena Noite";"Crescente";"Nublado";"Múltipla";"Reta;Aclive";"Não";1;0;0;1;0;0;1;1;-5,318543;-42,700845;"SPRF-PI";"DEL01-PI";"UOP02-DEL01-PI"
686963;2025-04-23;"quarta-feira";"21:40:00";"RJ";40;51;"PETROPOLIS";"Reação tardia ou ineficiente do condutor";"Colisão com objeto";"Com Vítimas Feridas";"Plena Noite";"Decrescente";"Céu Claro";"Dupla";"Reta";"Não";1;0;1;0;0;0;1;1;-22,28224;-43,1259648;"SPRF-RJ";"DEL05-RJ";"UOP02-DEL05-RJ"
686964;2025-04-23;"quarta-feira";"23:20:00";"AP";210;3;"MACAPA";"Ausência de reação do condutor";"Colisão traseira";"Com Vítimas Feridas";"Plena Noite";"Decrescente";"Garoa/Chuvisco";"Dupla";"Reta";"Sim";2;0;0;1;1;0;1;2;0,08802;-51,094346;"SPRF-AP";"DEL01-AP";"UOP01-DEL01-AP"
686966;2025-04-23;"quarta-feira";"23:45:00";"PR";116;128;"FAZENDA RIO GRANDE";"Reação tardia ou ineficiente do condutor";"Capotamento";"Com Vítimas Feridas";"Plena Noite";"Crescente";"Céu Claro";"Dupla";"Reta;Aclive";"Sim";2;0;2;0;0;0;2;1;-25,66180645;-49,31331094;"SPRF-PR";"DEL01-PR";"UOP03-DEL01-PR"
686967;2025-04-24;"quinta-feira";"00:20:00";"RJ";101;310;"SAO GONCALO";"Condutor deixou de manter distância do veículo da frente";"Colisão traseira";"Com Vítimas Feridas";"Plena Noite";"Crescente";"Céu Claro";"Dupla";"Reta";"Sim";2;0;1;0;1;0;1;2;-22,80108175;-43,05387497;"SPRF-RJ";"DEL02-RJ";"UOP02-DEL02-RJ"
686968;2025-04-24;"quinta-feira";"00:45:00";"SC";101;187,7;"BIGUACU";"Suicídio (presumido)";"Saída de leito carroçável";"Com Vítimas Feridas";"Plena Noite";"Crescente";"Nublado";"Dupla";"Reta";"Não";1;0;0;1;0;0;1;1;-27,45108517;-48,63389969;"SPRF-SC";"DEL01-SC";"UOP01-DEL01-SC"
686969;2025-04-24;"quinta-feira";"00:40:00";"RS";392;11,6;"RIO GRANDE";"Animais na Pista";"Atropelamento de Animal";"Com Vítimas Feridas";"Plena Noite";"Crescente";"Céu Claro";"Dupla";"Reta";"Não";1;0;1;0;0;0;1;1;-32,1234357;-52,13579178;"SPRF-RS";"DEL07-RS";"UOP02-DEL07-RS"
686971;2025-04-24;"quinta-feira";"01:08:00";"GO";20;3;"FORMOSA";"Ingestão de álcool pelo condutor";"Saída de leito carroçável";"Sem Vítimas";"Plena Noite";"Crescente";"Céu Claro";"Simples";"Reta";"Sim";1;0;0;0;1;0;0;1;-15,564618;-47,317322;"SPRF-DF";"DEL02-DF";"UOP02-DEL02-DF"
686972;2025-04-24;"quinta-feira";"01:00:00";"RJ";493;83;"JAPERI";"Ausência de reação do condutor";"Colisão com objeto";"Com Vítimas Feridas";"Plena Noite";"Crescente";"Céu Claro";"Dupla";"Reta";"Não";1;0;0;1;0;0;1;1;-22,66312575;-43,57452393;"SPRF-RJ";"DEL01-RJ";"UOP03-DEL01-RJ"
686973;2025-04-23;"quarta-feira";"21:10:00";"RJ";40;120;"DUQUE DE CAXIAS";"Condutor deixou de manter distância do veículo da frente";"Colisão traseira";"Com Vítimas Feridas";"Plena Noite";"Crescente";"Céu Claro";"Múltipla";"Reta";"Sim";4;0;2;0;2;0;2;2;-22,77844472;-43,28595628;"SPRF-RJ";"DEL01-RJ";"UOP02-DEL01-RJ"
686975;2025-04-24;"quinta-feira";"02:00:00";"MS";163;484,4;"CAMPO GRANDE";"Ausência de reação do condutor";"Tombamento";"Com Vítimas Feridas";"Plena Noite";"Decrescente";"Nublado";"Simples";"Reta";"Sim";1;0;1;0;0;0;1;1;-20,446845;-54,541153;"SPRF-MS";"DEL01-MS";"UOP02-DEL01-MS"
686977;2025-04-23;"quarta-feira";"23:50:00";"RJ";493;54;"DUQUE DE CAXIAS";"Animais na Pista";"Saída de leito carroçável";"Com Vítimas Fatais";"Plena Noite";"Crescente";"Céu Claro";"Múltipla";"Reta";"Sim";6;1;4;0;1;0;4;1;-22,6656493;-43,32904816;"SPRF-RJ";"DEL01-RJ";"UOP03-DEL01-RJ"
686979;2025-04-24;"quinta-feira";"02:00:00";"RS";392;90;"PELOTAS";"Ingestão de álcool pelo condutor";"Saída de leito carroçável";"Sem Vítimas";"Plena Noite";"Decrescente";"Céu Claro";"Simples";"Curva;Aclive";"Não";1;0;0;0;1;0;0;1;-31,6039133;-52,5191667;"SPRF-RS";"DEL07-RS";"UOP01-DEL07-RS"
686980;2025-04-24;"quinta-feira";"01:50:00";"MS";262;503;"ANASTACIO";"Velocidade Incompatível";"Colisão com objeto";"Sem Vítimas";"Plena Noite";"Decrescente";"Céu Claro";"Simples";"Reta";"Não";4;0;0;0;4;0;0;2;-20,492688;-55,937613;"SPRF-MS";"DEL03-MS";"UOP01-DEL03-MS"
686985;2025-04-24;"quinta-feira";"03:30:00";"MT";364;243;"JUSCIMEIRA";"Ingestão de álcool pelo condutor";"Tombamento";"Com Vítimas Feridas";"Plena Noite";"Crescente";"Céu Claro";"Dupla";"Reta";"Não";1;0;1;0;0;0;1;1;-16,152865;-54,804068;"SPRF-MT";"DEL02-MT";"UOP01-DEL02-MT"
686987;2025-04-24;"quinta-feira";"06:00:00";"SC";282;6;"SAO JOSE";"Ingestão de álcool pelo condutor";"Colisão com objeto";"Com Vítimas Feridas";"Amanhecer";"Crescente";"Céu Claro";"Simples";"Curva";"Não";1;0;1;0;0;0;1;1;-27,5890363;-48,6127612;"SPRF-SC";"DEL01-SC";"UOP01-DEL01-SC"
686988;2025-04-24;"quinta-feira";"02:20:00";"PR";277;122,5;"CAMPO LARGO";"Ingestão de álcool pelo condutor";"Colisão com objeto";"Sem Vítimas";"Plena Noite";"Decrescente";"Nublado";"Dupla";"Reta";"Não";1;0;0;0;0;1;0;1;-25,444245;-49,503395;"SPRF-PR";"DEL03-PR";"UOP03-DEL03-PR"