"id";"data_inversa";"dia_semana";"horario";"uf";"br";"km";"municipio";"causa_acidente";"tipo_acidente";"classificacao_acidente";"fase_dia";"sentido_via";"condicao_metereologica";"tipo_pista";"tracado_via";"uso_solo";"pessoas";"mortos";"feridos_leves";"feridos_graves";"ilesos";"ignorados";"feridos";"veiculos";"latitude";"longitude";"regional";"delegacia";"uop"
687106;2025-04-24;"quinta-feira";"19:30:00";"SP";116;219;"GUARULHOS";"Ausência de reação do condutor";"Queda de ocupante de veículo";"Com Vítimas Feridas";"Plena Noite";"Crescente";"Chuva";"Múltipla";"Reta";"Sim";1;0;1;0;0;0;1;1;-23,4621908;-46,49156295;"SPRF-SP";"DEL01-SP";"UOP01-DEL01-SP"
687107;2025-04-24;"quinta-feira";"18:40:00";"CE";116;18;"EUSEBIO";"Ingestão de álcool pelo condutor";"Queda de ocupante de veículo";"Com Vítimas Feridas";"Plena Noite";"Crescente";"Céu Claro";"Dupla";"Reta";"Sim";1;0;1;0;0;0;1;1;-3,91248546;-38,50651614;"SPRF-CE";"DEL01-CE";"UOP02-DEL01-CE"
687108;2025-04-24;"quinta-feira";"15:00:00";"MG";146;467,1;"BOTELHOS";"Velocidade Incompatível";"Saída de leito carroçável";"Com Vítimas Feridas";"Pleno dia";"Decrescente";"Chuva";"Simples";"Reta;Declive";"Não";2;0;1;0;1;0;1;1;-21,69578;-46,42743;"SPRF-MG";"DEL09-MG";"UOP01-DEL09-MG"
687109;2025-04-24;"quinta-feira";"18:40:00";"PR";277;244;"FERNANDES PINHEIRO";"Pedestre andava na pista";"Atropelamento de Pedestre";"Com Vítimas Feridas";"Plena Noite";"Crescente";"Chuva";"Múltipla";"Reta;Aclive";"Não";2;0;0;1;1;0;1;2;-25,46446536;-50,56882231;"SPRF-PR";"DEL08-PR";"UOP02-DEL08-PR"
687110;2025-04-24;"quinta-feira";"18:10:00";"RJ";116;132;"MAGE";"Animais na Pista";"Atropelamento de Animal";"Com Vítimas Feridas";"Anoitecer";"Decrescente";"Nublado";"Dupla";"Reta";"Não";1;0;1;0;0;0;1;1;-22,64639;-43,206843;"SPRF-RJ";"DEL04-RJ";"UOP02-DEL04-RJ"
687111;2025-04-24;"quinta-feira";"17:20:00";"GO";153;375;"SAO FRANCISCO DE GOIAS";"Demais falhas mecânicas ou elétricas";"Colisão com objeto";"Com Vítimas Feridas";"Pleno dia";"Decrescente";"Céu Claro";"Simples";"Reta";"Não";1;0;1;0;0;0;1;1;-15,87477513;-49,25069042;"SPRF-GO";"DEL02-GO";"UOP02-DEL02-GO"
687112;2025-04-24;"quinta-feira";"20:15:00";"PE";101;59;"RECIFE";"Reação tardia ou ineficiente do condutor";"Tombamento";"Com Vítimas Feridas";"Plena Noite";"Decrescente";"Chuva";"Dupla";"Curva";"Sim";1;0;1;0;0;0;1;1;-7,981725;-34,931626;"SPRF-PE";"DEL01-PE";"UOP02-DEL01-PE"
687114;2025-04-24;"quinta-feira";"18:30:00";"RS";116;657;"JAGUARAO";"Acessar a via sem observar a presença dos outros veículos";"Colisão transversal";"Com Vítimas Feridas";"Plena Noite";"Decrescente";"Céu Claro";"Simples";"Interseção de Vias;Reta";"Sim";2;0;1;0;1;0;1;2;-32,55401746;-53,38541794;"SPRF-RS";"DEL07-RS";"UOP03-DEL07-RS"
687116;2025-04-24;"quinta-feira";"19:00:00";"RS";386;401;"TRIUNFO";"Curva acentuada";"Colisão com objeto";"Com Vítimas Feridas";"Plena Noite";"Crescente";"Céu Claro";"Dupla";"Rotatória";"Não";1;0;1;0;0;0;1;1;-29,7585601;-51,59313161;"SPRF-RS";"DEL04-RS";"UOP02-DEL04-RS"
687117;2025-04-24;"quinta-feira";"20:00:00";"RJ";116;173;"SAO JOAO DE MERITI";"Reação tardia ou ineficiente do condutor";"Colisão traseira";"Com Vítimas Feridas";"Plena Noite";"Crescente";"Nublado";"Múltipla";"Reta";"Sim";2;0;1;0;1;0;1;2;-22,79843539;-43,35603587;"SPRF-RJ";"DEL06-RJ";"UOP01-DEL06-RJ"
687118;2025-04-24;"quinta-feira";"19:30:00";"RJ";493;93;"SEROPEDICA";"Reação tardia ou ineficiente do condutor";"Saída de leito carroçável";"Com Vítimas Feridas";"Plena Noite";"Decrescente";"Nublado";"Dupla";"Reta;Ponte";"Não";1;0;1;0;0;0;1;1;-22,7104771;-43,7006219;"SPRF-RJ";"DEL01-RJ";"UOP03-DEL01-RJ"
687119;2025-04-24;"quinta-feira";"16:10:00";"MS";376;90;"IVINHEMA";"Reação tardia ou ineficiente do condutor";"Saída de leito carroçável";"Com Vítimas Feridas";"Pleno dia";"Crescente";"Chuva";"Simples";"Reta;Declive";"Não";4;0;4;0;0;0;4;1;-22,310661;-54,060562;"SPRF-MS";"DEL04-MS";"UOP04-DEL04-MS"
687120;2025-04-24;"quinta-feira";"20:10:00";"CE";116;13;"FORTALEZA";"Entrada inopinada do pedestre";"Atropelamento de Pedestre";"Com Vítimas Fatais";"Plena Noite";"Decrescente";"Céu Claro";"Múltipla";"Reta";"Sim";3;1;0;0;1;1;0;2;-3,85662316;-38,4960313;"SPRF-CE";"DEL01-CE";"UOP02-DEL01-CE"
687121;2025-04-24;"quinta-feira";"18:55:00";"RJ";393;286;"VOLTA REDONDA";"Transitar no Acostamento";"Atropelamento de Pedestre";"Com Vítimas Feridas";"Plena Noite";"Crescente";"Céu Claro";"Simples";"Reta";"Sim";2;0;2;0;0;0;2;2;-22,50634349;-44,07729775;"SPRF-RJ";"DEL05-RJ";"UOP04-DEL05-RJ"
687122;2025-04-24;"quinta-feira";"21:00:00";"SP";116;228;"SAO PAULO";"Reação tardia ou ineficiente do condutor";"Colisão traseira";"Com Vítimas Feridas";"Plena Noite";"Decrescente";"Chuva";"Múltipla";"Declive";"Sim";5;0;1;0;4;0;1;3;-23,5033954;-46,56631468;"SPRF-SP";"DEL01-SP";"UOP01-DEL01-SP"
687123;2025-04-24;"quinta-feira";"21:00:00";"BA";116;16,6;"VITORIA DA CONQUISTA";"Acessar a via sem observar a presença dos outros veículos";"Colisão transversal";"Com Vítimas Feridas";"Plena Noite";"Crescente";"Céu Claro";"Simples";"Reta";"Não";3;0;2;0;1;0;2;2;-14,9025;-40,844794;"SPRF-BA";"DEL08-BA";"UOP01-DEL08-BA"
687124;2025-04-24;"quinta-feira";"21:00:00";"SP";153;66,4;"SAO JOSE DO RIO PRETO";"Condutor deixou de manter distância do veículo da frente";"Colisão traseira";"Sem Vítimas";"Plena Noite";"Decrescente";"Garoa/Chuvisco";"Dupla";"Reta";"Sim";2;0;0;0;2;0;0;2;-20,845218;-49,3729;"SPRF-SP";"DEL09-SP";"UOP01-DEL09-SP"
687128;2025-04-24;"quinta-feira";"18:30:00";"RO";429;156;"SERINGUEIRAS";"Reação tardia ou ineficiente do condutor";"Colisão com objeto";"Com Vítimas Feridas";"Anoitecer";"Crescente";"Ignorado";"Dupla";"Reta";"Sim";1;0;1;0;0;0;1;1;-11,762865;-63,026635;"SPRF-RO";"DEL02-RO";"UOP03-DEL02-RO"
687129;2025-04-24;"quinta-feira";"19:20:00";"CE";116;208,3;"TABULEIRO DO NORTE";"Chuva";"Capotamento";"Com Vítimas Feridas";"Plena Noite";"Decrescente";"Chuva";"Simples";"Aclive;Curva";"Não";2;0;1;0;1;0;1;1;-5,245801;-38,188945;"SPRF-CE";"DEL03-CE";"UOP01-DEL03-CE"
687130;2025-04-24;"quinta-feira";"21:30:00";"RS";116;264;"PORTO ALEGRE";"Manobra de mudança de faixa";"Colisão lateral mesmo sentido";"Com Vítimas Feridas";"Plena Noite";"Crescente";"Ignorado";"Múltipla";"Reta";"Sim";2;0;1;0;1;0;1;2;-29,9696128;-51,1705088;"SPRF-RS";"DEL01-RS";"UOP01-DEL01-RS"
687131;2025-04-24;"quinta-feira";"21:00:00";"SP";116;324;"JUQUITIBA";"Ingestão de álcool pelo condutor";"Capotamento";"Sem Vítimas";"Plena Noite";"Crescente";"Garoa/Chuvisco";"Dupla";"Reta";"Não";1;0;0;0;1;0;0;1;-23,94017976;-47,04662211;"SPRF-SP";"DEL04-SP";"UOP03-DEL04-SP"
687132;2025-04-24;"quinta-feira";"22:05:00";"SC";101;150;"ITAPEMA";"Velocidade Incompatível";"Queda de ocupante de veículo";"Com Vítimas Feridas";"Plena Noite";"Crescente";"Nublado";"Múltipla";"Interseção de Vias;Reta";"Sim";1;0;0;1;0;0;1;1;-27,1205335;-48,6094993;"SPRF-SC";"DEL04-SC";"UOP03-DEL04-SC"
687134;2025-04-24;"quinta-feira";"19:50:00";"PR";369;455,4;"CORBELIA";"Chuva";"Colisão frontal";"Com Vítimas Feridas";"Plena Noite";"Crescente";"Garoa/Chuvisco";"Simples";"Reta";"Não";2;0;0;1;1;0;1;2;-24,58271955;-53,16387177;"SPRF-PR";"DEL04-PR";"UOP03-DEL04-PR"
687135;2025-04-24;"quinta-feira";"20:59:00";"RO";319;59;"PORTO VELHO";"Ingestão de álcool pelo condutor";"Colisão traseira";"Com Vítimas Feridas";"Plena Noite";"Crescente";"Céu Claro";"Dupla";"Reta";"Sim";2;0;1;0;1;0;1;2;-8,74350046;-63,91193088;"SPRF-RO";"DEL01-RO";"UOP01-DEL01-RO"
687137;2025-04-24;"quinta-feira";"16:30:00";"MT";364;491;"CUIABA";"Reação tardia ou ineficiente do condutor";"Capotamento";"Com Vítimas Feridas";"Anoitecer";"Crescente";"Céu Claro";"Dupla";"Curva";"Não";1;0;1;0;0;0;1;1;-15,692842;-55,902181;"SPRF-MT";"DEL01-MT";"UOP01-DEL01-MT"
687138;2025-04-24;"quinta-feira";"21:35:00";"SC";101;197,3;"BIGUACU";"Ausência de reação do condutor";"Colisão com objeto";"Com Vítimas Feridas";"Plena Noite";"Crescente";"Nublado";"Múltipla";"Reta";"Sim";4;0;2;0;2;0;2;1;-27,52062;-48,63761;"SPRF-SC";"DEL01-SC";"UOP01-DEL01-SC"
687139;2025-04-24;"quinta-feira";"18:25:00";"SC";101;303,8;"LAGUNA";"Reação tardia ou ineficiente do condutor";"Colisão lateral mesmo sentido";"Com Vítimas Feridas";"Plena Noite";"Crescente";"Céu Claro";"Simples";"Reta";"Sim";2;0;0;1;1;0;1;2;-28,38561877;-48,77199976;"SPRF-SC";"DEL02-SC";"UOP03-DEL02-SC"
687140;2025-04-24;"quinta-feira";"22:30:00";"RS";116;149,1;"CAXIAS DO SUL";"Condutor deixou de manter distância do veículo da frente";"Colisão traseira";"Sem Vítimas";"Plena Noite";"Decrescente";"Nublado";"Dupla";"Reta";"Sim";2;0;0;0;2;0;0;2;-29,16207269;-51,15676871;"SPRF-RS";"DEL05-RS";"UOP01-DEL05-RS"
687141;2025-04-24;"quinta-feira";"21:50:00";"RS";153;624;"BAGE";"Acessar a via sem observar a presença dos outros veículos";"Colisão transversal";"Com Vítimas Feridas";"Plena Noite";"Crescente";"Nublado";"Simples";"Reta;Interseção de Vias";"Sim";2;0;0;1;1;0;1;2;-31,33789509;-53,99370432;"SPRF-RS";"DEL11-RS";"UOP03-DEL11-RS"
687143;2025-04-16;"quarta-feira";"18:45:00";"SP";116;147;"SAO JOSE DOS CAMPOS";"Trafegar com motocicleta (ou similar) entre as faixas";"Colisão lateral mesmo sentido";"Com Vítimas Feridas";"Plena Noite";"Decrescente";"Céu Claro";"Múltipla";"Reta";"Sim";3;0;1;0;2;0;1;3;-23,19734171;-45,87489367;"SPRF-SP";"DEL02-SP";"UOP01-DEL02-SP"
687144;2025-04-24;"quinta-feira";"22:35:00";"SC";101;139;"BALNEARIO CAMBORIU";"Velocidade Incompatível";"Saída de leito carroçável";"Com Vítimas Feridas";"Plena Noite";"Crescente";"Céu Claro";"Múltipla";"Curva";"Sim";1;0;1;0;0;0;1;1;-27,02755783;-48,60614268;"SPRF-SC";"DEL04-SC";"UOP03-DEL04-SC"
687146;2025-04-24;"quinta-feira";"17:40:00";"PR";376;525,1;"PONTA GROSSA";"Velocidade Incompatível";"Saída de leito carroçável";"Com Vítimas Feridas";"Pleno dia";"Decrescente";"Chuva";"Dupla";"Curva;Declive";"Não";1;0;1;0;0;0;1;1;-25,26944347;-49,93655054;"SPRF-PR";"DEL03-PR";"UOP04-DEL03-PR"
687148;2025-04-24;"quinta-feira";"20:00:00";"SP";381;36;"ATIBAIA";"Chuva";"Tombamento";"Com Vítimas Feridas";"Plena Noite";"Crescente";"Chuva";"Dupla";"Declive;Reta";"Não";1;0;1;0;0;0;1;1;-23,09669987;-46,57268107;"SPRF-SP";"DEL03-SP";"UOP01-DEL03-SP"
687150;2025-04-24;"quinta-feira";"22:30:00";"PE";407;99,9;"PETROLINA";"Animais na Pista";"Atropelamento de Animal";"Com Vítimas Feridas";"Plena Noite";"Crescente";"Céu Claro";"Simples";"Reta;Ponte";"Não";3;0;1;0;2;0;1;1;-9,177025;-40,63472;"SPRF-PE";"DEL06-PE";"UOP02-DEL06-PE"
687152;2025-04-24;"quinta-feira";"22:00:00";"DF";70;7;"BRASILIA";"Acessar a via sem observar a presença dos outros veículos";"Colisão traseira";"Com Vítimas Feridas";"Plena Noite";"Crescente";"Nublado";"Dupla";"Reta";"Sim";3;0;1;0;2;0;1;2;-15,78400931;-48,12973609;"SPRF-DF";"DEL03-DF";"UOP02-DEL03-DF"
687154;2025-04-24;"quinta-feira";"23:30:00";"MS";163;344;"RIO BRILHANTE";"Animais na Pista";"Atropelamento de Animal";"Sem Vítimas";"Plena Noite";"Decrescente";"Chuva";"Simples";"Reta";"Não";1;0;0;0;1;0;0;1;-21,64181657;-54,42353217;"SPRF-MS";"DEL02-MS";"UOP02-DEL02-MS"
687160;2025-04-25;"sexta-feira";"04:10:00";"PR";376;237;"APUCARANA";"Velocidade Incompatível";"Colisão com objeto";"Com Vítimas Feridas";"Plena Noite";"Decrescente";"Garoa/Chuvisco";"Dupla";"Declive";"Não";1;0;1;0;0;0;1;1;-23,585688;-51,476065;"SPRF-PR";"DEL07-PR";"UOP03-DEL07-PR"
687162;2025-04-25;"sexta-feira";"03:40:00";"MG";381;688;"LAVRAS";"Velocidade Incompatível";"Capotamento";"Com Vítimas Feridas";"Plena Noite";"Decrescente";"Chuva";"Dupla";"Curva";"Não";2;0;1;0;1;0;1;1;-21,1868658;-45,117068;"SPRF-MG";"DEL04-MG";"UOP02-DEL04-MG"
687165;2025-04-24;"quinta-feira";"15:00:00";"BA";330;876,3;"MARAU";"Condutor deixou de manter distância do veículo da frente";"Colisão traseira";"Com Vítimas Feridas";"Pleno dia";"Decrescente";"Chuva";"Simples";"Reta";"Não";9;0;3;1;5;0;4;2;-14,229158;-39,439823;"SPRF-BA";"DEL05-BA";"UOP01-DEL05-BA"
687168;2025-04-25;"sexta-feira";"05:30:00";"ES";101;71;"SAO MATEUS";"Ausência de reação do condutor";"Capotamento";"Com Vítimas Feridas";"Amanhecer";"Crescente";"Céu Claro";"Simples";"Reta;Aclive";"Não";1;0;0;1;0;0;1;1;-18,75469863;-39,86251831;"SPRF-ES";"DEL04-ES";"UOP02-DEL04-ES"
687170;2025-04-25;"sexta-feira";"05:10:00";"SC";101;82,5;"BARRA VELHA";"Deficiência do Sistema de Iluminação/Sinalização";"Colisão traseira";"Com Vítimas Feridas";"Plena Noite";"Decrescente";"Céu Claro";"Dupla";"Reta";"Não";2;0;0;1;1;0;1;2;-26,61572946;-48,71954665;"SPRF-SC";"DEL03-SC";"UOP02-DEL03-SC"
687171;2025-04-13;"domingo";"10:00:00";"BA";324;583;"SIMOES FILHO";"Acumulo de água sobre o pavimento";"Saída de leito carroçável";"Com Vítimas Feridas";"Pleno dia";"Decrescente";"Chuva";"Dupla";"Reta";"Não";2;0;1;0;1;0;1;1;-12,79822365;-38,40468401;"SPRF-BA";"DEL01-BA";"UOP01-DEL01-BA"
687172;2025-04-25;"sexta-feira";"06:45:00";"MG";40;693,9;"ALFREDO VASCONCELOS";"Reação tardia ou ineficiente do condutor";"Colisão traseira";"Com Vítimas Feridas";"Pleno dia";"Decrescente";"Nublado";"Simples";"Declive;Reta";"Não";11;0;1;0;10;0;1;2;-21,15458179;-43,76276046;"SPRF-MG";"DEL05-MG";"UOP02-DEL05-MG"
687173;2025-04-25;"sexta-feira";"06:45:00";"PR";277;5,8;"PARANAGUA";"Velocidade Incompatível";"Saída de leito carroçável";"Com Vítimas Feridas";"Pleno dia";"Decrescente";"Nublado";"Dupla";"Reta";"Sim";1;0;1;0;0;0;1;1;-25,559;-48,576;"SPRF-PR";"DEL01-PR";"UOP05-DEL01-PR"
687174;2025-04-25;"sexta-feira";"06:10:00";"ES";101;267,8;"SERRA";"Condutor desrespeitou a iluminação vermelha do semáforo";"Colisão transversal";"Com Vítimas Feridas";"Pleno dia";"Crescente";"Nublado";"Múltipla";"Reta;Interseção de Vias";"Sim";3;0;0;1;2;0;1;2;-20,20453;-40,26744;"SPRF-ES";"DEL02-ES";"UOP01-DEL02-ES"
687176;2025-04-25;"sexta-feira";"06:30:00";"MG";365;613;"UBERLANDIA";"Pedestre andava na pista";"Atropelamento de Pedestre";"Com Vítimas Fatais";"Amanhecer";"Crescente";"Chuva";"Simples";"Reta";"Não";2;1;0;0;0;1;0;2;-18,907136;-48,1624064;"SPRF-MG";"DEL15-MG";"UOP01-DEL15-MG"
687177;2025-04-25;"sexta-feira";"07:00:00";"SC";101;199,1;"SAO JOSE";"Reação tardia ou ineficiente do condutor";"Colisão traseira";"Com Vítimas Feridas";"Pleno dia";"Crescente";"Céu Claro";"Múltipla";"Reta";"Sim";2;0;1;0;1;0;1;2;-27,535095;-48,629007;"SPRF-SC";"DEL01-SC";"UOP01-DEL01-SC"
687178;2025-04-25;"sexta-feira";"07:30:00";"MA";135;6;"SAO LUIS";"Condutor deixou de manter distância do veículo da frente";"Colisão traseira";"Com Vítimas Feridas";"Pleno dia";"Decrescente";"Céu Claro";"Dupla";"Reta";"Sim";6;0;1;1;4;0;2;2;-2,6348855;-44,267529;"SPRF-MA";"DEL01-MA";"UOP01-DEL01-MA"
687179;2025-04-25;"sexta-feira";"07:45:00";"SC";101;199,4;"SAO JOSE";"Reação tardia ou ineficiente do condutor";"Queda de ocupante de veículo";"Com Vítimas Feridas";"Pleno dia";"Decrescente";"Céu Claro";"Simples";"Reta";"Sim";2;0;1;0;1;0;1;1;-27,53661;-48,62632;"SPRF-SC";"DEL01-SC";"UOP01-DEL01-SC"
687180;2025-04-25;"sexta-feira";"07:20:00";"DF";20;19,1;"BRASILIA";"Acessar a via sem observar a presença dos outros veículos";"Colisão lateral mesmo sentido";"Com Vítimas Feridas";"Pleno dia";"Decrescente";"Céu Claro";"Dupla";"Reta;Retorno Regulamentado";"Não";4;0;1;0;3;0;1;2;-15,61136083;-47,70054818;"SPRF-DF";"DEL02-DF";"UOP01-DEL02-DF"
687182;2025-04-25;"sexta-feira";"06:45:00";"MG";40;525;"CONTAGEM";"Condutor deixou de manter distância do veículo da frente";"Colisão traseira";"Com Vítimas Feridas";"Pleno dia";"Crescente";"Céu Claro";"Dupla";"Reta";"Sim";2;0;0;1;1;0;1;2;-19,885826;-44,050588;"SPRF-MG";"DEL01-MG";"UOP02-DEL01-MG"
687185;2025-04-25;"sexta-feira";"07:55:00";"DF";20;3,9;"BRASILIA";"Acessar a via sem observar a presença dos outros veículos";"Colisão lateral mesmo sentido";"Com Vítimas Feridas";"Pleno dia";"Decrescente";"Céu Claro";"Dupla";"Reta;Retorno Regulamentado;Interseção de Vias";"Sim";2;0;1;0;1;0;1;2;-15,6758837;-47,8243252;"SPRF-DF";"DEL02-DF";"UOP01-DEL02-DF"
687187;2025-04-25;"sexta-feira";"07:40:00";"MG";40;695,4;"ALFREDO VASCONCELOS";"Velocidade Incompatível";"Colisão transversal";"Com Vítimas Feridas";"Pleno dia";"Decrescente";"Céu Claro";"Simples";"Curva;Declive";"Não";2;0;0;2;0;0;2;2;-21,1655891;-43,7576337;"SPRF-MG";"DEL05-MG";"UOP02-DEL05-MG"
687188;2025-04-25;"sexta-feira";"08:10:00";"GO";153;509;"APARECIDA DE GOIANIA";"Acessar a via sem observar a presença dos outros veículos";"Colisão lateral mesmo sentido";"Com Vítimas Feridas";"Pleno dia";"Decrescente";"Nublado";"Dupla";"Declive";"Sim";3;0;2;0;1;0;2;3;-16,77994068;-49,23695901;"SPRF-GO";"DEL01-GO";"UOP03-DEL01-GO"
687189;2025-04-25;"sexta-feira";"08:08:00";"PE";232;37,7;"VITORIA DE SANTO ANTAO";"Condutor deixou de manter distância do veículo da frente";"Colisão traseira";"Com Vítimas Feridas";"Pleno dia";"Crescente";"Céu Claro";"Dupla";"Reta";"Não";4;0;2;0;2;0;2;2;-8,115449;-35,220145;"SPRF-PE";"DEL01-PE";"UOP01-DEL01-PE"
687190;2025-04-21;"segunda-feira";"11:10:00";"PR";277;729;"FOZ DO IGUACU";"Velocidade Incompatível";"Colisão traseira";"Com Vítimas Feridas";"Pleno dia";"Crescente";"Céu Claro";"Dupla";"Curva";"Sim";2;0;2;0;0;0;2;2;-25,50594233;-54,58888561;"SPRF-PR";"DEL05-PR";"UOP03-DEL05-PR"
687192;2025-04-25;"sexta-feira";"00:50:00";"MG";40;270;"SAO GONCALO DO ABAETE";"Ingestão de álcool pelo condutor";"Saída de leito carroçável";"Sem Vítimas";"Plena Noite";"Crescente";"Nublado";"Simples";"Reta";"Não";1;0;0;0;1;0;0;1;-18,17745421;-45,27826309;"SPRF-MG";"DEL14-MG";"UOP02-DEL14-MG"
687194;2025-04-25;"sexta-feira";"08:15:00";"MG";381;929,7;"ITAPEVA";"Ausência de reação do condutor";"Capotamento";"Com Vítimas Feridas";"Pleno dia";"Crescente";"Chuva";"Dupla";"Curva";"Não";3;0;1;0;2;0;1;1;-22,77147684;-46,23667359;"SPRF-MG";"DEL16-MG";"UOP03-DEL16-MG"
687195;2025-04-25;"sexta-feira";"08:30:00";"SE";101;160,1;"SANTA LUZIA DO ITANHY";"Avarias e/ou desgaste excessivo no pneu";"Capotamento";"Com Vítimas Feridas";"Pleno dia";"Decrescente";"Céu Claro";"Simples";"Reta";"Não";1;0;1;0;0;0;1;1;-11,30580348;-37,51096129;"SPRF-SE";"DEL02-SE";"UOP01-DEL02-SE"
687198;2025-04-25;"sexta-feira";"09:15:00";"RS";116;252;"SAPUCAIA DO SUL";"Reação tardia ou ineficiente do condutor";"Colisão traseira";"Com Vítimas Feridas";"Pleno dia";"Decrescente";"Nublado";"Múltipla";"Reta;Viaduto";"Sim";3;0;1;0;2;0;1;3;-29,81627354;-51,16965529;"SPRF-RS";"DEL01-RS";"UOP02-DEL01-RS"
687199;2025-04-25;"sexta-feira";"09:10:00";"BA";324;513;"FEIRA DE SANTANA";"Demais falhas mecânicas ou elétricas";"Tombamento";"Com Vítimas Feridas";"Pleno dia";"Decrescente";"Nublado";"Múltipla";"Reta";"Sim";1;0;1;0;0;0;1;1;-12,2316161;-38,95589602;"SPRF-BA";"DEL02-BA";"UOP01-DEL02-BA"
687201;2025-04-25;"sexta-feira";"08:20:00";"SC";101;119;"ITAJAI";"Reação tardia ou ineficiente do condutor";"Engavetamento";"Com Vítimas Feridas";"Pleno dia";"Decrescente";"Céu Claro";"Múltipla";"Reta";"Sim";3;0;1;0;2;0;1;3;-26,89935597;-48,71744983;"SPRF-SC";"DEL04-SC";"UOP04-DEL04-SC"
687203;2025-04-25;"sexta-feira";"09:30:00";"BA";101;163;"CONCEICAO DO JACUIPE";"Conversão proibida";"Colisão lateral mesmo sentido";"Com Vítimas Feridas";"Pleno dia";"Crescente";"Céu Claro";"Dupla";"Reta";"Sim";2;0;0;1;1;0;1;2;-12,353907;-38,803462;"SPRF-BA";"DEL01-BA";"UOP03-DEL01-BA"
687205;2025-04-25;"sexta-feira";"08:10:00";"MT";163;984;"TERRA NOVA DO NORTE";"Condutor deixou de manter distância do veículo da frente";"Colisão traseira";"Sem Vítimas";"Pleno dia";"Decrescente";"Céu Claro";"Simples";"Reta";"Não";4;0;0;0;4;0;0;2;-10,626;-55,126;"SPRF-MT";"DEL06-MT";"UOP03-DEL06-MT"
687207;2025-04-25;"sexta-feira";"09:00:00";"GO";153;596,8;"MORRINHOS";"Acumulo de água sobre o pavimento";"Saída de leito carroçável";"Com Vítimas Feridas";"Pleno dia";"Crescente";"Chuva";"Dupla";"Curva";"Não";1;0;1;0;0;0;1;1;-17,6261413;-49,1780139;"SPRF-GO";"DEL03-GO";"UOP01-DEL03-GO"
687208;2025-04-25;"sexta-feira";"10:00:00";"PE";101;43;"IGARASSU";"Ausência de reação do condutor";"Tombamento";"Com Vítimas Feridas";"Pleno dia";"Crescente";"Céu Claro";"Múltipla";"Reta";"Sim";2;0;1;0;1;0;1;1;-7,85719188;-34,90854164;"SPRF-PE";"DEL01-PE";"UOP02-DEL01-PE"
687211;2025-04-25;"sexta-feira";"08:10:00";"MG";381;903,5;"CAMBUI";"Velocidade Incompatível";"Colisão com objeto";"Com Vítimas Feridas";"Pleno dia";"Decrescente";"Chuva";"Dupla";"Curva;Declive";"Não";2;0;1;0;1;0;1;1;-22,64622469;-46,08765721;"SPRF-MG";"DEL16-MG";"UOP03-DEL16-MG"
687212;2025-04-25;"sexta-feira";"10:40:00";"RS";116;252;"SAPUCAIA DO SUL";"Ausência de reação do condutor";"Colisão com objeto";"Sem Vítimas";"Pleno dia";"Crescente";"Céu Claro";"Simples";"Reta";"Sim";1;0;0;0;1;0;0;1;-29,81545128;-51,16940852;"SPRF-RS";"DEL01-RS";"UOP02-DEL01-RS"
687213;2025-04-25;"sexta-feira";"10:30:00";"PB";101;47,6;"RIO TINTO";"Reação tardia ou ineficiente do condutor";"Saída de leito carroçável";"Com Vítimas Feridas";"Pleno dia";"Decrescente";"Céu Claro";"Dupla";"Reta";"Não";2;0;2;0;0;0;2;1;-6,902283;-35,119599;"SPRF-PB";"DEL01-PB";"UOP03-DEL01-PB"
687215;2025-04-25;"sexta-feira";"07:45:00";"MG";116;414,5;"GOVERNADOR VALADARES";"Acessar a via sem observar a presença dos outros veículos";"Colisão lateral mesmo sentido";"Com Vítimas Feridas";"Pleno dia";"Decrescente";"Nublado";"Simples";"Reta";"Sim";2;0;1;0;1;0;1;2;-18,88544722;-41,94653034;"SPRF-MG";"DEL06-MG";"UOP01-DEL06-MG"
687217;2025-04-25;"sexta-feira";"08:30:00";"RJ";40;47;"PETROPOLIS";"Condutor Dormindo";"Colisão com objeto";"Com Vítimas Feridas";"Pleno dia";"Crescente";"Chuva";"Dupla";"Curva";"Não";1;0;1;0;0;0;1;1;-22,30434376;-43,13335419;"SPRF-RJ";"DEL05-RJ";"UOP02-DEL05-RJ"
687218;2025-04-22;"terça-feira";"03:10:00";"BA";116;777,8;"PLANALTO";"Velocidade Incompatível";"Colisão com objeto";"Com Vítimas Feridas";"Plena Noite";"Decrescente";"Chuva";"Simples";"Reta";"Sim";1;0;0;1;0;0;1;1;-14,67108;-40,47893;"SPRF-BA";"DEL08-BA";"UOP02-DEL08-BA"
687219;2025-04-25;"sexta-feira";"11:15:00";"SE";101;101,4;"SAO CRISTOVAO";"Avarias e/ou desgaste excessivo no pneu";"Tombamento";"Com Vítimas Feridas";"Pleno dia";"Crescente";"Céu Claro";"Dupla";"Reta";"Não";2;0;2;0;0;0;2;1;-10,9465558;-37,2066654;"SPRF-SE";"DEL02-SE";"UOP01-DEL02-SE"
687220;2025-04-25;"sexta-feira";"09:20:00";"SC";101;10;"GARUVA";"Ausência de reação do condutor";"Colisão traseira";"Com Vítimas Feridas";"Pleno dia";"Decrescente";"Céu Claro";"Dupla";"Reta";"Sim";3;0;2;1;0;0;3;2;-26,06419364;-48,86016782;"SPRF-SC";"DEL03-SC";"UOP01-DEL03-SC"