"id";"data_inversa";"dia_semana";"horario";"uf";"br";"km";"municipio";"causa_acidente";"tipo_acidente";"classificacao_acidente";"fase_dia";"sentido_via";"condicao_metereologica";"tipo_pista";"tracado_via";"uso_solo";"pessoas";"mortos";"feridos_leves";"feridos_graves";"ilesos";"ignorados";"feridos";"veiculos";"latitude";"longitude";"regional";"delegacia";"uop"
687221;2025-04-25;"sexta-feira";"11:19:00";"SC";101;205,7;"SAO JOSE";"Reação tardia ou ineficiente do condutor";"Colisão traseira";"Com Vítimas Feridas";"Pleno dia";"Crescente";"Sol";"Múltipla";"Reta";"Sim";2;0;1;0;1;0;1;2;-27,58993158;-48,61758532;"SPRF-SC";"DEL01-SC";"UOP01-DEL01-SC"
687222;2025-04-25;"sexta-feira";"12:00:00";"ES";101;268,8;"SERRA";"Acessar a via sem observar a presença dos outros veículos";"Atropelamento de Pedestre";"Com Vítimas Feridas";"Pleno dia";"Crescente";"Céu Claro";"Dupla";"Reta";"Não";2;0;0;1;1;0;1;2;-20,2147571;-40,27002007;"SPRF-ES";"DEL02-ES";"UOP01-DEL02-ES"
687224;2025-04-25;"sexta-feira";"10:53:00";"RO";319;63;"PORTO VELHO";"Reação tardia ou ineficiente do condutor";"Colisão lateral mesmo sentido";"Com Vítimas Feridas";"Pleno dia";"Decrescente";"Céu Claro";"Dupla";"Interseção de Vias";"Sim";2;0;1;0;1;0;1;2;-8,75764111;-63,88599372;"SPRF-RO";"DEL01-RO";"UOP01-DEL01-RO"
687225;2025-04-25;"sexta-feira";"12:20:00";"PR";376;551,5;"PALMEIRA";"Condutor deixou de manter distância do veículo da frente";"Colisão traseira";"Sem Vítimas";"Pleno dia";"Crescente";"Céu Claro";"Dupla";"Declive";"Não";3;0;0;0;3;0;0;2;-25,43480148;-49,7518429;"SPRF-PR";"DEL03-PR";"UOP03-DEL03-PR"
687227;2025-03-24;"segunda-feira";"07:00:00";"PR";376;182;"MARINGA";"Acessar a via sem observar a presença dos outros veículos";"Colisão transversal";"Com Vítimas Feridas";"Pleno dia";"Decrescente";"Céu Claro";"Múltipla";"Rotatória";"Sim";3;0;1;0;2;0;1;3;-23,43130513;-51,88767521;"SPRF-PR";"DEL09-PR";"UOP01-DEL09-PR"
687228;2025-04-19;"sábado";"17:45:00";"PA";155;333;"MARABA";"Transitar na contramão";"Colisão lateral sentido oposto";"Sem Vítimas";"Plena Noite";"Decrescente";"Céu Claro";"Simples";"Reta";"Não";5;0;0;0;4;1;0;3;-5,54464;-49,075142;"SPRF-PA";"DEL03-PA";"UOP01-DEL03-PA"
687229;2025-04-25;"sexta-feira";"12:00:00";"MG";381;516;"IGARAPE";"Reação tardia ou ineficiente do condutor";"Colisão com objeto";"Sem Vítimas";"Pleno dia";"Decrescente";"Céu Claro";"Dupla";"Declive";"Sim";1;0;0;0;1;0;0;1;-20,09954374;-44,31781769;"SPRF-MG";"DEL01-MG";"UOP03-DEL01-MG"
687230;2025-04-25;"sexta-feira";"10:50:00";"RJ";116;117;"MAGE";"Reação tardia ou ineficiente do condutor";"Colisão traseira";"Com Vítimas Feridas";"Pleno dia";"Decrescente";"Nublado";"Dupla";"Reta";"Não";2;0;1;0;1;0;1;2;-22,59854002;-43,02439213;"SPRF-RJ";"DEL04-RJ";"UOP02-DEL04-RJ"
687231;2025-03-20;"quinta-feira";"16:20:00";"SC";470;0,1;"NAVEGANTES";"Acessar a via sem observar a presença dos outros veículos";"Colisão transversal";"Com Vítimas Feridas";"Pleno dia";"Crescente";"Céu Claro";"Dupla";"Reta;Interseção de Vias;Retorno Regulamentado";"Sim";2;0;1;0;1;0;1;2;-26,88156615;-48,66212726;"SPRF-SC";"DEL04-SC";"UOP04-DEL04-SC"
687232;2025-04-25;"sexta-feira";"12:30:00";"PR";163;296;"MERCEDES";"Demais falhas mecânicas ou elétricas";"Capotamento";"Com Vítimas Feridas";"Pleno dia";"Crescente";"Céu Claro";"Simples";"Declive;Reta";"Não";2;0;1;0;1;0;1;1;-24,48960536;-54,12482008;"SPRF-PR";"DEL06-PR";"UOP02-DEL06-PR"
687235;2025-04-25;"sexta-feira";"13:30:00";"RS";116;1;"PORTO ALEGRE";"Acesso irregular";"Colisão traseira";"Com Vítimas Feridas";"Pleno dia";"Decrescente";"Céu Claro";"Dupla";"Reta";"Sim";5;0;1;0;2;2;1;4;-29,9699852;-51,1711903;"SPRF-RS";"DEL01-RS";"UOP01-DEL01-RS"
687237;2025-04-25;"sexta-feira";"13:15:00";"SP";101;51;"UBATUBA";"Conversão proibida";"Colisão lateral mesmo sentido";"Com Vítimas Feridas";"Pleno dia";"Crescente";"Nublado";"Simples";"Interseção de Vias";"Sim";2;0;1;0;1;0;1;2;-23,45696178;-45,07046197;"SPRF-SP";"DEL06-SP";"UOP01-DEL06-SP"
687239;2025-04-25;"sexta-feira";"12:50:00";"MA";135;48;"BACABEIRA";"Pista Escorregadia";"Capotamento";"Com Vítimas Feridas";"Pleno dia";"Decrescente";"Chuva";"Dupla";"Reta";"Sim";1;0;1;0;0;0;1;1;-2,93588728;-44,3316021;"SPRF-MA";"DEL01-MA";"UOP01-DEL01-MA"
687240;2025-03-30;"domingo";"21:20:00";"PA";153;114;"SAO GERALDO DO ARAGUAIA";"Transitar na contramão";"Colisão frontal";"Com Vítimas Fatais";"Plena Noite";"Crescente";"Céu Claro";"Simples";"Reta";"Não";4;1;0;3;0;0;3;2;-6,33781984;-48,59321594;"SPRF-PA";"DEL03-PA";"UOP01-DEL03-PA"
687242;2025-04-25;"sexta-feira";"11:40:00";"SC";101;292;"IMBITUBA";"Ausência de reação do condutor";"Colisão transversal";"Com Vítimas Feridas";"Pleno dia";"Decrescente";"Céu Claro";"Simples";"Reta";"Sim";2;0;1;0;1;0;1;2;-28,296412;-48,713885;"SPRF-SC";"DEL02-SC";"UOP03-DEL02-SC"
687243;2025-04-25;"sexta-feira";"13:16:00";"ES";262;36,5;"DOMINGOS MARTINS";"Ausência de reação do condutor";"Colisão traseira";"Com Vítimas Feridas";"Pleno dia";"Crescente";"Céu Claro";"Simples";"Curva";"Não";2;0;0;1;1;0;1;2;-20,381033;-40,6057;"SPRF-ES";"DEL01-ES";"UOP01-DEL01-ES"
687244;2025-04-25;"sexta-feira";"10:25:00";"BA";324;551;"AMELIA RODRIGUES";"Velocidade Incompatível";"Colisão traseira";"Com Vítimas Feridas";"Pleno dia";"Decrescente";"Céu Claro";"Dupla";"Reta";"Não";3;0;1;0;2;0;1;2;-12,45170151;-38,70842242;"SPRF-BA";"DEL01-BA";"UOP03-DEL01-BA"
687248;2025-04-25;"sexta-feira";"13:30:00";"MG";40;628;"CONSELHEIRO LAFAIETE";"Acessar a via sem observar a presença dos outros veículos";"Colisão transversal";"Com Vítimas Feridas";"Pleno dia";"Crescente";"Céu Claro";"Simples";"Reta";"Sim";2;0;1;0;1;0;1;2;-20,6429783;-43,8119966;"SPRF-MG";"DEL05-MG";"UOP02-DEL05-MG"
687251;2025-04-21;"segunda-feira";"17:30:00";"SC";282;105;"ALFREDO WAGNER";"Acessar a via sem observar a presença dos outros veículos";"Colisão frontal";"Com Vítimas Feridas";"Pleno dia";"Decrescente";"Céu Claro";"Simples";"Reta";"Não";3;0;0;1;2;0;1;3;-27,69688002;-49,3460354;"SPRF-SC";"DEL01-SC";"UOP03-DEL01-SC"
687253;2025-04-25;"sexta-feira";"13:40:00";"SC";280;7;"SAO FRANCISCO DO SUL";"Acessar a via sem observar a presença dos outros veículos";"Colisão lateral mesmo sentido";"Com Vítimas Feridas";"Pleno dia";"Decrescente";"Céu Claro";"Simples";"Reta;Interseção de Vias";"Sim";2;0;1;0;1;0;1;2;-26,26632529;-48,63462925;"SPRF-SC";"DEL03-SC";"UOP03-DEL03-SC"
687257;2025-04-19;"sábado";"10:00:00";"PB";230;22,5;"JOAO PESSOA";"Ausência de reação do condutor";"Tombamento";"Com Vítimas Feridas";"Pleno dia";"Decrescente";"Sol";"Dupla";"Reta";"Sim";2;0;2;0;0;0;2;1;-7,153528;-34,8543219;"SPRF-PB";"DEL01-PB";"UOP01-DEL01-PB"
687258;2025-04-25;"sexta-feira";"13:04:00";"RJ";393;245;"VASSOURAS";"Animais na Pista";"Colisão traseira";"Com Vítimas Feridas";"Pleno dia";"Crescente";"Nublado";"Simples";"Reta";"Não";3;0;1;0;2;0;1;2;-22,42487;-43,760575;"SPRF-RJ";"DEL05-RJ";"UOP04-DEL05-RJ"
687262;2025-04-25;"sexta-feira";"14:30:00";"MT";364;402;"CUIABA";"Ausência de reação do condutor";"Colisão traseira";"Com Vítimas Feridas";"Pleno dia";"Decrescente";"Céu Claro";"Dupla";"Reta";"Sim";2;0;1;0;1;0;1;2;-15,64806728;-56,00473881;"SPRF-MT";"DEL01-MT";"UOP02-DEL01-MT"
687265;2025-04-25;"sexta-feira";"15:30:00";"MG";40;445;"PARAOPEBA";"Reação tardia ou ineficiente do condutor";"Capotamento";"Com Vítimas Feridas";"Pleno dia";"Crescente";"Nublado";"Dupla";"Reta;Declive";"Não";1;0;1;0;0;0;1;1;-19,288803;-44,397043;"SPRF-MG";"DEL02-MG";"UOP01-DEL02-MG"
687268;2025-04-25;"sexta-feira";"16:50:00";"PE";104;60;"CARUARU";"Manobra de mudança de faixa";"Colisão lateral mesmo sentido";"Com Vítimas Feridas";"Pleno dia";"Crescente";"Céu Claro";"Dupla";"Reta";"Sim";3;0;2;0;1;0;2;2;-8,238469;-35,975581;"SPRF-PE";"DEL02-PE";"UOP01-DEL02-PE"
687269;2025-04-25;"sexta-feira";"16:45:00";"SC";101;117;"ITAJAI";"Frear bruscamente";"Engavetamento";"Com Vítimas Feridas";"Pleno dia";"Crescente";"Céu Claro";"Múltipla";"Aclive;Reta";"Sim";4;0;1;0;3;0;1;3;-26,88681894;-48,72282219;"SPRF-SC";"DEL04-SC";"UOP04-DEL04-SC"
687270;2025-04-25;"sexta-feira";"16:40:00";"PB";230;16;"JOAO PESSOA";"Manobra de mudança de faixa";"Colisão traseira";"Com Vítimas Feridas";"Pleno dia";"Crescente";"Céu Claro";"Dupla";"Reta";"Sim";2;0;1;0;1;0;1;2;-7,10632119;-34,84410214;"SPRF-PB";"DEL01-PB";"UOP01-DEL01-PB"
687271;2025-04-25;"sexta-feira";"17:10:00";"SP";381;71;"MAIRIPORA";"Ausência de reação do condutor";"Colisão com objeto";"Sem Vítimas";"Anoitecer";"Decrescente";"Garoa/Chuvisco";"Dupla";"Curva;Declive";"Não";3;0;0;0;3;0;0;1;-23,352514;-46,551448;"SPRF-SP";"DEL03-SP";"UOP01-DEL03-SP"
687272;2025-04-25;"sexta-feira";"15:50:00";"GO";50;265;"CATALAO";"Avarias e/ou desgaste excessivo no pneu";"Colisão com objeto";"Sem Vítimas";"Pleno dia";"Decrescente";"Chuva";"Dupla";"Reta";"Não";2;0;0;0;2;0;0;1;-18,075034;-47,865076;"SPRF-GO";"DEL06-GO";"UOP01-DEL06-GO"
687273;2025-04-25;"sexta-feira";"17:25:00";"BA";116;414;"FEIRA DE SANTANA";"Ausência de sinalização";"Atropelamento de Pedestre";"Com Vítimas Feridas";"Plena Noite";"Crescente";"Céu Claro";"Dupla";"Reta";"Sim";2;0;0;1;0;1;1;2;-12,169224;-38,9650136;"SPRF-BA";"DEL02-BA";"UOP01-DEL02-BA"
687277;2025-04-25;"sexta-feira";"17:35:00";"PE";423;95;"GARANHUNS";"Transitar no Acostamento";"Colisão transversal";"Com Vítimas Feridas";"Plena Noite";"Crescente";"Céu Claro";"Simples";"Interseção de Vias";"Sim";2;0;1;0;1;0;1;2;-8,879149;-36,485264;"SPRF-PE";"DEL03-PE";"UOP01-DEL03-PE"
687278;2025-04-25;"sexta-feira";"17:45:00";"SC";101;162,8;"TIJUCAS";"Reação tardia ou ineficiente do condutor";"Saída de leito carroçável";"Com Vítimas Feridas";"Anoitecer";"Crescente";"Nublado";"Múltipla";"Curva";"Sim";1;0;0;1;0;0;1;1;-27,23272;-48,6303;"SPRF-SC";"DEL04-SC";"UOP03-DEL04-SC"
687279;2025-04-25;"sexta-feira";"17:45:00";"MG";381;510;"SAO JOAQUIM DE BICAS";"Transitar na contramão";"Colisão frontal";"Com Vítimas Feridas";"Anoitecer";"Decrescente";"Céu Claro";"Dupla";"Reta";"Sim";2;0;1;0;1;0;1;2;-20,05573543;-44,28507211;"SPRF-MG";"DEL01-MG";"UOP03-DEL01-MG"
687281;2025-04-25;"sexta-feira";"17:45:00";"RS";290;86,5;"PORTO ALEGRE";"Reação tardia ou ineficiente do condutor";"Colisão lateral mesmo sentido";"Com Vítimas Feridas";"Anoitecer";"Decrescente";"Céu Claro";"Múltipla";"Reta";"Não";3;0;1;0;2;0;1;2;-29,96785889;-51,12686126;"SPRF-RS";"DEL01-RS";"UOP01-DEL01-RS"
687282;2025-04-25;"sexta-feira";"14:40:00";"MG";365;242;"BURITIZEIRO";"Transitar na contramão";"Colisão frontal";"Com Vítimas Feridas";"Pleno dia";"Crescente";"Nublado";"Simples";"Curva";"Não";2;0;0;2;0;0;2;2;-17,78166;-45,41284;"SPRF-MG";"DEL10-MG";"UOP02-DEL010-MG"
687283;2025-04-25;"sexta-feira";"18:10:00";"TO";153;140;"ARAGUAINA";"Acessar a via sem observar a presença dos outros veículos";"Colisão transversal";"Com Vítimas Feridas";"Anoitecer";"Crescente";"Céu Claro";"Múltipla";"Retorno Regulamentado";"Sim";3;0;2;0;1;0;2;2;-7,17307644;-48,21651161;"SPRF-TO";"DEL02-TO";"UOP01-DEL02-TO"
687284;2025-04-25;"sexta-feira";"17:40:00";"SP";381;33;"ATIBAIA";"Acumulo de água sobre o pavimento";"Colisão com objeto";"Com Vítimas Feridas";"Anoitecer";"Decrescente";"Chuva";"Dupla";"Reta";"Não";1;0;1;0;0;0;1;1;-23,05239;-46,56718;"SPRF-SP";"DEL03-SP";"UOP02-DEL03-SP"
687285;2025-04-25;"sexta-feira";"18:00:00";"SC";101;216,5;"PALHOCA";"Acessar a via sem observar a presença dos outros veículos";"Colisão lateral mesmo sentido";"Com Vítimas Feridas";"Plena Noite";"Decrescente";"Céu Claro";"Simples";"Reta;Interseção de Vias;Retorno Regulamentado";"Sim";3;0;1;1;1;0;2;2;-27,66419;-48,67539;"SPRF-SC";"DEL01-SC";"UOP02-DEL01-SC"
687286;2025-04-25;"sexta-feira";"17:45:00";"SC";470;1,3;"NAVEGANTES";"Reação tardia ou ineficiente do condutor";"Saída de leito carroçável";"Sem Vítimas";"Plena Noite";"Decrescente";"Ignorado";"Múltipla";"Curva";"Sim";1;0;0;0;1;0;0;1;-26,87532471;-48,6683592;"SPRF-SC";"DEL04-SC";"UOP04-DEL04-SC"
687287;2025-04-25;"sexta-feira";"18:10:00";"ES";101;298,5;"VIANA";"Ausência de reação do condutor";"Colisão traseira";"Com Vítimas Feridas";"Plena Noite";"Crescente";"Nublado";"Simples";"Reta";"Sim";2;0;0;1;1;0;1;2;-20,356822;-40,41918;"SPRF-ES";"DEL01-ES";"UOP01-DEL01-ES"
687288;2025-04-25;"sexta-feira";"16:10:00";"PE";423;173,5;"AGUAS BELAS";"Ausência de reação do condutor";"Saída de leito carroçável";"Com Vítimas Feridas";"Pleno dia";"Decrescente";"Céu Claro";"Simples";"Declive";"Não";1;0;0;1;0;0;1;1;-9,129428;-37,086878;"SPRF-AL";"DEL03-AL";"UOP02-DEL03-AL"
687289;2025-04-25;"sexta-feira";"18:40:00";"PR";376;2,8;"SAO JOSE DOS PINHAIS";"Condutor deixou de manter distância do veículo da frente";"Colisão lateral mesmo sentido";"Com Vítimas Feridas";"Plena Noite";"Crescente";"Nublado";"Dupla";"Reta";"Sim";2;0;1;0;1;0;1;2;-25,54605125;-49,18952163;"SPRF-PR";"DEL01-PR";"UOP04-DEL01-PR"
687290;2025-04-25;"sexta-feira";"18:00:00";"RS";472;182,5;"SANTO CRISTO";"Condutor deixou de manter distância do veículo da frente";"Colisão traseira";"Sem Vítimas";"Anoitecer";"Crescente";"Sol";"Simples";"Reta";"Não";2;0;0;0;2;0;0;2;-27,8399954;-54,5828558;"SPRF-RS";"DEL10-RS";"UOP01-DEL10-RS"
687291;2025-04-25;"sexta-feira";"18:30:00";"GO";60;65;"ABADIANIA";"Velocidade Incompatível";"Colisão transversal";"Com Vítimas Feridas";"Plena Noite";"Crescente";"Céu Claro";"Dupla";"Reta";"Não";2;0;1;0;0;1;1;2;-16,21202597;-48,74478288;"SPRF-GO";"DEL02-GO";"UOP01-DEL02-GO"
687292;2025-04-25;"sexta-feira";"18:40:00";"SC";470;64;"INDAIAL";"Demais falhas mecânicas ou elétricas";"Tombamento";"Com Vítimas Feridas";"Plena Noite";"Crescente";"Céu Claro";"Simples";"Reta";"Não";2;0;1;0;1;0;1;1;-26,87014526;-49,20982361;"SPRF-SC";"DEL04-SC";"UOP01-DEL04-SC"
687293;2025-04-25;"sexta-feira";"18:45:00";"PR";116;116;"CURITIBA";"Ausência de reação do condutor";"Colisão lateral mesmo sentido";"Com Vítimas Feridas";"Pleno dia";"Crescente";"Céu Claro";"Dupla";"Reta";"Não";2;0;0;1;1;0;1;2;-25,55066412;-49,30489032;"SPRF-PR";"DEL01-PR";"UOP03-DEL01-PR"
687294;2025-04-25;"sexta-feira";"17:20:00";"RO";319;64;"PORTO VELHO";"Acessar a via sem observar a presença dos outros veículos";"Colisão transversal";"Com Vítimas Feridas";"Pleno dia";"Crescente";"Nublado";"Múltipla";"Interseção de Vias";"Sim";4;0;2;0;2;0;2;3;-8,76610302;-63,88456313;"SPRF-RO";"DEL01-RO";"UOP01-DEL01-RO"
687295;2025-04-25;"sexta-feira";"19:00:00";"RS";116;251;"SAPUCAIA DO SUL";"Condutor desrespeitou a iluminação vermelha do semáforo";"Colisão transversal";"Com Vítimas Feridas";"Plena Noite";"Decrescente";"Céu Claro";"Dupla";"Reta";"Sim";3;0;2;0;1;0;2;2;-29,81636942;-51,16945736;"SPRF-RS";"DEL01-RS";"UOP02-DEL01-RS"
687296;2025-04-25;"sexta-feira";"18:20:00";"AP";156;65;"PORTO GRANDE";"Ausência de reação do condutor";"Capotamento";"Com Vítimas Feridas";"Anoitecer";"Decrescente";"Céu Claro";"Simples";"Curva";"Não";5;0;4;0;1;0;4;1;0,532595;-51,126255;"SPRF-AP";"DEL01-AP";"UOP01-DEL01-AP"
687298;2025-04-25;"sexta-feira";"18:20:00";"SC";101;214;"PALHOCA";"Condutor deixou de manter distância do veículo da frente";"Colisão traseira";"Sem Vítimas";"Plena Noite";"Crescente";"Nublado";"Dupla";"Reta";"Sim";2;0;0;0;2;0;0;2;-27,63904874;-48,66631955;"SPRF-SC";"DEL01-SC";"UOP02-DEL01-SC"
687300;2025-04-25;"sexta-feira";"19:15:00";"TO";230;30,6;"NAZARE";"Suicídio (presumido)";"Colisão frontal";"Com Vítimas Fatais";"Plena Noite";"Decrescente";"Céu Claro";"Simples";"Aclive;Reta";"Não";5;2;0;0;3;0;0;2;-6,408265;-47,625027;"SPRF-TO";"DEL02-TO";"UOP03-DEL02-TO"
687301;2025-04-25;"sexta-feira";"19:30:00";"GO";153;501;"GOIANIA";"Condutor deixou de manter distância do veículo da frente";"Colisão traseira";"Sem Vítimas";"Plena Noite";"Crescente";"Nublado";"Dupla";"Reta";"Não";2;0;0;0;2;0;0;2;-16,711137;-49,231912;"SPRF-GO";"DEL01-GO";"UOP01-DEL01-GO"
687302;2025-04-25;"sexta-feira";"18:32:00";"MT";364;250;"JUSCIMEIRA";"Reação tardia ou ineficiente do condutor";"Colisão traseira";"Com Vítimas Feridas";"Plena Noite";"Crescente";"Céu Claro";"Dupla";"Reta";"Não";4;0;1;0;3;0;1;2;-16,08515577;-54,87130165;"SPRF-MT";"DEL02-MT";"UOP01-DEL02-MT"
687303;2025-03-15;"sábado";"18:00:00";"RJ";101;198;"CASIMIRO DE ABREU";"Reação tardia ou ineficiente do condutor";"Saída de leito carroçável";"Com Vítimas Feridas";"Plena Noite";"Crescente";"Garoa/Chuvisco";"Dupla";"Curva";"Não";3;0;1;0;2;0;1;1;-22,490839;-42,133093;"SPRF-RJ";"DEL08-RJ";"UOP04-DEL08-RJ"
687305;2025-04-25;"sexta-feira";"19:15:00";"PR";277;4;"CURITIBA";"Velocidade Incompatível";"Colisão lateral mesmo sentido";"Com Vítimas Feridas";"Plena Noite";"Crescente";"Nublado";"Dupla";"Curva";"Não";4;0;1;0;2;1;1;3;-25,43024493;-49,3209827;"SPRF-PR";"DEL01-PR";"UOP06-DEL01-PR"
687306;2025-04-25;"sexta-feira";"19:30:00";"ES";101;121;"SOORETAMA";"Ultrapassagem Indevida";"Colisão lateral sentido oposto";"Com Vítimas Feridas";"Plena Noite";"Crescente";"Céu Claro";"Simples";"Reta;Declive";"Não";3;0;0;2;1;0;2;2;-19,05603549;-40,03174371;"SPRF-ES";"DEL04-ES";"UOP01-DEL04-ES"
687307;2025-04-25;"sexta-feira";"17:50:00";"GO";40;92,8;"CRISTALINA";"Acessar a via sem observar a presença dos outros veículos";"Colisão transversal";"Com Vítimas Feridas";"Anoitecer";"Decrescente";"Céu Claro";"Simples";"Interseção de Vias";"Não";2;0;1;0;1;0;1;2;-16,73401979;-47,62159109;"SPRF-DF";"DEL01-DF";"UOP02-DEL01-DF"
687309;2025-04-25;"sexta-feira";"18:30:00";"CE";222;2,3;"FORTALEZA";"Reação tardia ou ineficiente do condutor";"Colisão traseira";"Com Vítimas Feridas";"Plena Noite";"Crescente";"Céu Claro";"Dupla";"Reta";"Sim";3;0;1;0;2;0;1;3;-3,73980642;-38,59269619;"SPRF-CE";"DEL01-CE";"UOP01-DEL01-CE"
687310;2025-04-25;"sexta-feira";"19:20:00";"PR";153;46,2;"SANTO ANTONIO DA PLATINA";"Condutor deixou de manter distância do veículo da frente";"Colisão traseira";"Com Vítimas Feridas";"Plena Noite";"Decrescente";"Céu Claro";"Simples";"Reta";"Não";2;0;2;0;0;0;2;2;-23,33476907;-50,06684303;"SPRF-PR";"DEL07-PR";"UOP04-DEL07-PR"
687311;2025-04-25;"sexta-feira";"14:30:00";"MS";60;128,9;"PARAISO DAS AGUAS";"Ausência de reação do condutor";"Saída de leito carroçável";"Com Vítimas Feridas";"Pleno dia";"Crescente";"Nublado";"Simples";"Reta";"Não";4;0;3;1;0;0;4;1;-19,36182728;-53,55303884;"SPRF-MS";"DEL06-MS";"UOP02-DEL06-MS"
687312;2025-04-25;"sexta-feira";"19:40:00";"GO";60;163,1;"GOIANIA";"Acessar a via sem observar a presença dos outros veículos";"Atropelamento de Pedestre";"Com Vítimas Feridas";"Plena Noite";"Crescente";"Céu Claro";"Dupla";"Reta";"Sim";3;0;1;1;1;0;2;3;-16,70842432;-49,35047865;"SPRF-GO";"DEL01-GO";"UOP02-DEL01-GO"
687315;2025-04-25;"sexta-feira";"19:50:00";"RJ";116;179;"MESQUITA";"Ausência de reação do condutor";"Colisão traseira";"Com Vítimas Feridas";"Plena Noite";"Crescente";"Nublado";"Dupla";"Reta";"Sim";6;0;1;0;5;0;1;3;-22,774988;-43,400881;"SPRF-RJ";"DEL06-RJ";"UOP01-DEL06-RJ"
687316;2025-04-25;"sexta-feira";"20:15:00";"ES";101;292;"CARIACICA";"Condutor deixou de manter distância do veículo da frente";"Colisão traseira";"Com Vítimas Feridas";"Plena Noite";"Decrescente";"Chuva";"Dupla";"Reta;Declive";"Sim";2;0;2;0;0;0;2;1;-20,307885;-40,394741;"SPRF-ES";"DEL01-ES";"UOP01-DEL01-ES"
687319;2025-04-25;"sexta-feira";"19:20:00";"PE";101;117;"IPOJUCA";"Reação tardia ou ineficiente do condutor";"Saída de leito carroçável";"Com Vítimas Feridas";"Plena Noite";"Crescente";"Nublado";"Dupla";"Curva;Rotatória";"Não";5;0;4;1;0;0;5;1;-8,34947;-35,15283;"SPRF-PE";"DEL01-PE";"UOP03-DEL01-PE"
687320;2025-04-16;"quarta-feira";"13:20:00";"DF";70;2;"BRASILIA";"Condutor deixou de manter distância do veículo da frente";"Colisão traseira";"Com Vítimas Feridas";"Pleno dia";"Crescente";"Nublado";"Dupla";"Aclive;Curva";"Sim";2;0;1;0;1;0;1;2;-15,7952729;-48,1990985;"SPRF-DF";"DEL03-DF";"UOP02-DEL03-DF"
687321;2025-04-16;"quarta-feira";"16:15:00";"DF";70;13;"BRASILIA";"Pista Escorregadia";"Queda de ocupante de veículo";"Com Vítimas Feridas";"Pleno dia";"Crescente";"Nublado";"Dupla";"Rotatória";"Não";1;0;1;0;0;0;1;1;-15,7952672;-48,1990949;"SPRF-DF";"DEL03-DF";"UOP02-DEL03-DF"
687323;2025-04-25;"sexta-feira";"20:00:00";"RJ";101;119;"CAMPOS DOS GOYTACAZES";"Chuva";"Colisão traseira";"Com Vítimas Feridas";"Plena Noite";"Crescente";"Chuva";"Dupla";"Reta";"Não";3;0;0;2;0;1;2;2;-22,019734;-41,684891;"SPRF-RJ";"DEL08-RJ";"UOP02-DEL08-RJ"
687324;2025-04-25;"sexta-feira";"20:00:00";"SP";101;38,5;"UBATUBA";"Demais Fenômenos da natureza";"Colisão com objeto";"Com Vítimas Feridas";"Plena Noite";"Decrescente";"Garoa/Chuvisco";"Simples";"Reta";"Não";1;0;1;0;0;0;1;1;-23,41135054;-45,01982689;"SPRF-SP";"DEL06-SP";"UOP01-DEL06-SP"
687326;2025-04-25;"sexta-feira";"21:10:00";"PI";343;12,4;"PARNAIBA";"Condutor desrespeitou a iluminação vermelha do semáforo";"Colisão transversal";"Sem Vítimas";"Plena Noite";"Decrescente";"Garoa/Chuvisco";"Dupla";"Reta;Interseção de Vias";"Sim";2;0;0;0;2;0;0;2;-2,91659899;-41,75398886;"SPRF-PI";"DEL05-PI";"UOP01-DEL05-PI"
687328;2025-04-25;"sexta-feira";"21:30:00";"PB";104;113;"LAGOA SECA";"Condutor deixou de manter distância do veículo da frente";"Colisão traseira";"Com Vítimas Feridas";"Plena Noite";"Decrescente";"Céu Claro";"Simples";"Reta;Interseção de Vias";"Não";2;0;2;0;0;0;2;2;-7,1486383;-35,8542289;"SPRF-PB";"DEL02-PB";"UOP04-DEL02-PB"
687330;2025-04-25;"sexta-feira";"21:10:00";"ES";101;325;"GUARAPARI";"Chuva";"Queda de ocupante de veículo";"Com Vítimas Feridas";"Plena Noite";"Crescente";"Chuva";"Dupla";"Reta";"Não";2;0;2;0;0;0;2;1;-20,55633551;-40,48060656;"SPRF-ES";"DEL03-ES";"UOP01-DEL03-ES"
687331;2025-04-25;"sexta-feira";"19:30:00";"PR";376;3;"SAO JOSE DOS PINHAIS";"Reação tardia ou ineficiente do condutor";"Colisão traseira";"Com Vítimas Feridas";"Plena Noite";"Crescente";"Nublado";"Dupla";"Reta";"Sim";2;0;1;0;1;0;1;2;-25,53935736;-49,19178911;"SPRF-PR";"DEL01-PR";"UOP04-DEL01-PR"
687333;2025-04-25;"sexta-feira";"20:19:00";"PR";158;366,8;"MARQUINHO";"Entrada inopinada do pedestre";"Atropelamento de Pedestre";"Com Vítimas Feridas";"Plena Noite";"Decrescente";"Nublado";"Simples";"Reta";"Não";2;0;0;1;1;0;1;2;-25,11641;-52,26714;"SPRF-PR";"DEL04-PR";"UOP02-DEL04-PR"
687334;2025-04-25;"sexta-feira";"18:30:00";"RO";429;160;"SERINGUEIRAS";"Deficiência do Sistema de Iluminação/Sinalização";"Colisão traseira";"Com Vítimas Feridas";"Plena Noite";"Crescente";"Chuva";"Simples";"Reta";"Não";3;0;3;0;0;0;3;2;-11,782879;-63,08447;"SPRF-RO";"DEL02-RO";"UOP03-DEL02-RO"