"id";"data_inversa";"dia_semana";"horario";"uf";"br";"km";"municipio";"causa_acidente";"tipo_acidente";"classificacao_acidente";"fase_dia";"sentido_via";"condicao_metereologica";"tipo_pista";"tracado_via";"uso_solo";"pessoas";"mortos";"feridos_leves";"feridos_graves";"ilesos";"ignorados";"feridos";"veiculos";"latitude";"longitude";"regional";"delegacia";"uop"
687337;2025-04-25;"sexta-feira";"20:40:00";"GO";414;380;"CORUMBA DE GOIAS";"Ultrapassagem Indevida";"Colisão frontal";"Com Vítimas Fatais";"Plena Noite";"Crescente";"Ignorado";"Simples";"Reta";"Não";7;2;0;4;0;1;4;3;-15,83947;-48,7723;"SPRF-GO";"DEL02-GO";"UOP01-DEL02-GO"
687339;2025-04-25;"sexta-feira";"22:00:00";"CE";116;4;"FORTALEZA";"Condutor deixou de manter distância do veículo da frente";"Colisão traseira";"Com Vítimas Feridas";"Plena Noite";"Crescente";"Céu Claro";"Múltipla";"Reta";"Sim";2;0;1;0;1;0;1;2;-3,7887988;-38,51048901;"SPRF-CE";"DEL01-CE";"UOP02-DEL01-CE"
687342;2025-04-25;"sexta-feira";"22:09:00";"PE";101;65,6;"RECIFE";"Entrada inopinada do pedestre";"Atropelamento de Pedestre";"Com Vítimas Fatais";"Plena Noite";"Decrescente";"Céu Claro";"Múltipla";"Reta";"Não";4;1;0;0;3;0;0;2;-8,0415;-34,942808;"SPRF-PE";"DEL01-PE";"UOP01-DEL01-PE"
687343;2025-04-25;"sexta-feira";"21:39:00";"PI";316;2;"TERESINA";"Ingestão de álcool pelo condutor";"Colisão com objeto";"Sem Vítimas";"Plena Noite";"Crescente";"Chuva";"Múltipla";"Reta;Interseção de Vias";"Sim";1;0;0;0;0;1;0;1;-5,12619484;-42,79414628;"SPRF-PI";"DEL01-PI";"UOP02-DEL01-PI"
687345;2025-04-25;"sexta-feira";"22:54:00";"SC";101;217,3;"PALHOCA";"Demais falhas mecânicas ou elétricas";"Incêndio";"Sem Vítimas";"Plena Noite";"Decrescente";"Céu Claro";"Simples";"Reta";"Sim";1;0;0;0;1;0;0;1;-27,67039;-48,67264;"SPRF-SC";"DEL01-SC";"UOP02-DEL01-SC"
687346;2025-04-25;"sexta-feira";"20:10:00";"SC";101;357,8;"SANGAO";"Ingestão de álcool pelo condutor";"Colisão traseira";"Com Vítimas Feridas";"Plena Noite";"Crescente";"Céu Claro";"Dupla";"Reta";"Sim";3;0;0;1;1;1;1;3;-28,6483022;-49,10427332;"SPRF-SC";"DEL02-SC";"UOP01-DEL02-SC"
687347;2025-04-25;"sexta-feira";"22:00:00";"SP";101;52;"UBATUBA";"Acessar a via sem observar a presença dos outros veículos";"Colisão lateral mesmo sentido";"Com Vítimas Feridas";"Plena Noite";"Decrescente";"Garoa/Chuvisco";"Simples";"Interseção de Vias";"Sim";2;0;1;0;1;0;1;2;-23,46231936;-45,06488197;"SPRF-SP";"DEL06-SP";"UOP01-DEL06-SP"
687348;2025-04-25;"sexta-feira";"22:00:00";"SC";101;447,6;"SANTA ROSA DO SUL";"Ausência de reação do condutor";"Colisão com objeto";"Com Vítimas Feridas";"Plena Noite";"Crescente";"Céu Claro";"Dupla";"Reta";"Não";1;0;0;1;0;0;1;1;-29,1292718;-49,6855539;"SPRF-SC";"DEL02-SC";"UOP02-DEL02-SC"
687349;2025-04-25;"sexta-feira";"20:40:00";"BA";407;168;"FILADELFIA";"Reação tardia ou ineficiente do condutor";"Queda de ocupante de veículo";"Com Vítimas Feridas";"Plena Noite";"Decrescente";"Céu Claro";"Simples";"Reta;Aclive";"Não";1;0;1;0;0;0;1;1;-10,83615;-40,11376;"SPRF-BA";"DEL04-BA";"UOP01-DEL04-BA"
687350;2025-04-25;"sexta-feira";"23:30:00";"RS";116;248;"SAO LEOPOLDO";"Ausência de reação do condutor";"Colisão lateral mesmo sentido";"Com Vítimas Feridas";"Plena Noite";"Decrescente";"Céu Claro";"Simples";"Curva;Em Obras";"Sim";2;0;1;0;1;0;1;2;-29,77761335;-51,15550987;"SPRF-RS";"DEL01-RS";"UOP02-DEL01-RS"
687353;2025-04-25;"sexta-feira";"23:10:00";"RS";290;214,2;"PANTANO GRANDE";"Velocidade Incompatível";"Saída de leito carroçável";"Com Vítimas Feridas";"Plena Noite";"Crescente";"Céu Claro";"Simples";"Em Obras;Interseção de Vias";"Não";2;0;2;0;0;0;2;1;-30,1866089;-52,35835075;"SPRF-RS";"DEL02-RS";"UOP03-DEL02-RS"
687356;2025-04-25;"sexta-feira";"22:25:00";"PR";476;129;"CURITIBA";"Reação tardia ou ineficiente do condutor";"Colisão com objeto";"Com Vítimas Feridas";"Plena Noite";"Decrescente";"Nublado";"Simples";"Reta";"Sim";1;0;1;0;0;0;1;1;-25,45141247;-49,23728943;"SPRF-PR";"DEL01-PR";"UOP01-DEL01-PR"
687358;2025-04-25;"sexta-feira";"22:07:00";"MT";163;692;"LUCAS DO RIO VERDE";"Ingestão de álcool pelo condutor";"Saída de leito carroçável";"Sem Vítimas";"Plena Noite";"Crescente";"Nublado";"Simples";"Curva";"Sim";1;0;0;0;1;0;0;1;-13,04795517;-55,9054175;"SPRF-MT";"DEL06-MT";"UOP01-DEL06-MT"
687360;2025-04-26;"sábado";"00:30:00";"PE";232;27;"MORENO";"Animais na Pista";"Atropelamento de Animal";"Com Vítimas Feridas";"Plena Noite";"Decrescente";"Nevoeiro/Neblina";"Dupla";"Reta";"Não";1;0;1;0;0;0;1;1;-8,113667;-35,131581;"SPRF-PE";"DEL01-PE";"UOP01-DEL01-PE"
687361;2025-04-26;"sábado";"00:30:00";"SC";101;276;"IMBITUBA";"Ausência de reação do condutor";"Colisão com objeto";"Sem Vítimas";"Plena Noite";"Crescente";"Nublado";"Simples";"Reta";"Não";1;0;0;0;1;0;0;1;-28,164774;-48,693918;"SPRF-SC";"DEL02-SC";"UOP03-DEL02-SC"
687362;2025-04-25;"sexta-feira";"23:10:00";"MG";381;250,4;"SANTANA DO PARAISO";"Desrespeitar a preferência no cruzamento";"Colisão frontal";"Com Vítimas Feridas";"Plena Noite";"Decrescente";"Nublado";"Simples";"Reta;Retorno Regulamentado";"Sim";2;0;1;0;1;0;1;2;-19,45387651;-42,52126336;"SPRF-MG";"DEL06-MG";"UOP01-DEL06-MG"
687363;2025-04-26;"sábado";"01:30:00";"SC";101;130,1;"BALNEARIO CAMBORIU";"Ausência de reação do condutor";"Saída de leito carroçável";"Com Vítimas Feridas";"Plena Noite";"Decrescente";"Nublado";"Múltipla";"Curva";"Sim";1;0;1;0;0;0;1;1;-26,98633027;-48,66625786;"SPRF-SC";"DEL04-SC";"UOP03-DEL04-SC"
687364;2025-04-26;"sábado";"01:00:00";"DF";60;5;"BRASILIA";"Ingestão de álcool pelo condutor";"Colisão com objeto";"Sem Vítimas";"Plena Noite";"Decrescente";"Céu Claro";"Dupla";"Reta;Retorno Regulamentado";"Sim";2;0;0;0;2;0;0;1;-15,89657105;-48,10574293;"SPRF-DF";"DEL03-DF";"UOP01-DEL03-DF"
687366;2025-04-25;"sexta-feira";"23:35:00";"PI";316;2;"TERESINA";"Ingestão de álcool pelo condutor";"Colisão com objeto";"Sem Vítimas";"Plena Noite";"Decrescente";"Céu Claro";"Múltipla";"Curva;Rotatória";"Sim";1;0;0;0;1;0;0;1;-5,12330826;-42,7948544;"SPRF-PI";"DEL01-PI";"UOP02-DEL01-PI"
687367;2025-04-26;"sábado";"00:54:00";"PE";408;89;"SAO LOURENCO DA MATA";"Animais na Pista";"Atropelamento de Animal";"Com Vítimas Fatais";"Plena Noite";"Decrescente";"Céu Claro";"Dupla";"Reta";"Sim";2;1;0;0;0;1;0;2;-7,98835;-35,07639;"SPRF-PE";"DEL01-PE";"UOP01-DEL01-PE"
687368;2025-04-25;"sexta-feira";"21:30:00";"SP";116;446;"REGISTRO";"Pedestre andava na pista";"Atropelamento de Pedestre";"Com Vítimas Feridas";"Plena Noite";"Decrescente";"Chuva";"Dupla";"Reta";"Sim";2;0;0;1;1;0;1;2;-24,50726485;-47,84865467;"SPRF-SP";"DEL05-SP";"UOP01-DEL05-SP"
687369;2025-04-26;"sábado";"02:35:00";"PR";376;545,8;"PALMEIRA";"Entrada inopinada do pedestre";"Atropelamento de Pedestre";"Com Vítimas Fatais";"Plena Noite";"Crescente";"Nevoeiro/Neblina";"Dupla";"Reta";"Não";2;1;0;0;1;0;0;2;-25,396;-49,794;"SPRF-PR";"DEL03-PR";"UOP03-DEL03-PR"
687371;2025-04-26;"sábado";"03:15:00";"SP";116;103;"TAUBATE";"Reação tardia ou ineficiente do condutor";"Queda de ocupante de veículo";"Com Vítimas Feridas";"Plena Noite";"Crescente";"Céu Claro";"Dupla";"Reta";"Não";1;0;1;0;0;0;1;1;-22,99976914;-45,49925264;"SPRF-SP";"DEL02-SP";"UOP02-DEL02-SP"
687373;2025-04-26;"sábado";"03:14:00";"SP";116;66,6;"GUARATINGUETA";"Participar de racha";"Colisão lateral mesmo sentido";"Com Vítimas Feridas";"Plena Noite";"Crescente";"Nublado";"Dupla";"Reta";"Não";4;0;0;2;0;2;2;3;-22,82987989;-45,21186018;"SPRF-SP";"DEL08-SP";"UOP01-DEL08-SP"
687374;2025-04-26;"sábado";"03:50:00";"SC";101;105,6;"PENHA";"Ingestão de álcool pelo condutor";"Colisão com objeto";"Com Vítimas Fatais";"Plena Noite";"Decrescente";"Nublado";"Dupla";"Reta";"Não";5;2;2;0;1;0;2;2;-26,80718467;-48,68059007;"SPRF-SC";"DEL03-SC";"UOP02-DEL03-SC"
687375;2025-04-26;"sábado";"04:05:00";"MG";40;448;"CAETANOPOLIS";"Condutor Dormindo";"Saída de leito carroçável";"Com Vítimas Feridas";"Plena Noite";"Crescente";"Chuva";"Simples";"Rotatória";"Não";4;0;3;1;0;0;4;1;-19,30138554;-44,37755495;"SPRF-MG";"DEL02-MG";"UOP01-DEL02-MG"
687376;2025-04-26;"sábado";"02:40:00";"SP";116;325,4;"ITAPECERICA DA SERRA";"Ausência de reação do condutor";"Saída de leito carroçável";"Com Vítimas Fatais";"Plena Noite";"Crescente";"Céu Claro";"Dupla";"Reta";"Sim";1;1;0;0;0;0;0;1;-23,7002697;-46,8689508;"SPRF-SP";"DEL04-SP";"UOP03-DEL04-SP"
687378;2025-04-26;"sábado";"04:00:00";"RS";290;94;"PORTO ALEGRE";"Manobra de mudança de faixa";"Saída de leito carroçável";"Com Vítimas Feridas";"Plena Noite";"Decrescente";"Céu Claro";"Múltipla";"Reta";"Não";3;0;1;0;1;1;1;2;-29,97191586;-51,19496632;"SPRF-RS";"DEL01-RS";"UOP01-DEL01-RS"
687379;2025-04-26;"sábado";"03:20:00";"PR";277;595,7;"CASCAVEL";"Transitar na contramão";"Colisão lateral sentido oposto";"Com Vítimas Fatais";"Plena Noite";"Decrescente";"Nublado";"Dupla";"Reta";"Sim";29;1;0;1;27;0;1;3;-24,98673107;-53,50617852;"SPRF-PR";"DEL04-PR";"UOP01-DEL04-PR"
687380;2025-04-26;"sábado";"04:00:00";"SC";282;0,3;"FLORIANOPOLIS";"Reação tardia ou ineficiente do condutor";"Colisão com objeto";"Sem Vítimas";"Plena Noite";"Crescente";"Céu Claro";"Dupla";"Reta;Aclive";"Sim";1;0;0;0;0;1;0;1;-27,599373;-48,575407;"SPRF-SC";"DEL01-SC";"UOP01-DEL01-SC"
687381;2025-04-26;"sábado";"04:00:00";"RS";386;242,2;"SOLEDADE";"Ausência de reação do condutor";"Saída de leito carroçável";"Sem Vítimas";"Plena Noite";"Crescente";"Céu Claro";"Simples";"Reta;Em Obras";"Não";1;0;0;0;1;0;0;1;-28,80458705;-52,5079295;"SPRF-RS";"DEL04-RS";"UOP03-DEL04-RS"
687382;2025-04-26;"sábado";"05:20:00";"ES";101;292,8;"CARIACICA";"Reação tardia ou ineficiente do condutor";"Queda de ocupante de veículo";"Com Vítimas Feridas";"Amanhecer";"Decrescente";"Céu Claro";"Múltipla";"Reta";"Sim";1;0;1;0;0;0;1;1;-20,32494571;-40,39555618;"SPRF-ES";"DEL01-ES";"UOP01-DEL01-ES"
687383;2025-04-26;"sábado";"05:00:00";"RS";386;361,3;"ESTRELA";"Ausência de reação do condutor";"Tombamento";"Com Vítimas Feridas";"Plena Noite";"Decrescente";"Céu Claro";"Dupla";"Curva";"Não";1;0;1;0;0;0;1;1;-29,55402;-51,89648;"SPRF-RS";"DEL04-RS";"UOP01-DEL04-RS"
687384;2025-04-26;"sábado";"05:25:00";"RS";153;42,7;"ERECHIM";"Ingestão de álcool pelo condutor";"Saída de leito carroçável";"Com Vítimas Feridas";"Plena Noite";"Crescente";"Céu Claro";"Dupla";"Em Obras;Reta";"Não";1;0;1;0;0;0;1;1;-27,605935;-52,237998;"SPRF-RS";"DEL08-RS";"UOP04-DEL08-RS"
687385;2025-04-26;"sábado";"02:30:00";"SP";116;208;"GUARULHOS";"Reação tardia ou ineficiente do condutor";"Tombamento";"Com Vítimas Feridas";"Plena Noite";"Decrescente";"Garoa/Chuvisco";"Múltipla";"Reta";"Sim";1;0;1;0;0;0;1;1;-23,42360819;-46,39830799;"SPRF-SP";"DEL01-SP";"UOP01-DEL01-SP"
687386;2025-04-25;"sexta-feira";"21:00:00";"SC";280;277,5;"IRINEOPOLIS";"Ausência de reação do condutor";"Saída de leito carroçável";"Com Vítimas Feridas";"Plena Noite";"Decrescente";"Céu Claro";"Simples";"Curva";"Não";2;0;1;1;0;0;2;1;-26,2962429;-50,84903955;"SPRF-SC";"DEL06-SC";"UOP04-DEL06-SC"
687387;2025-04-26;"sábado";"05:50:00";"MG";40;624,6;"CONGONHAS";"Ausência de reação do condutor";"Saída de leito carroçável";"Com Vítimas Feridas";"Amanhecer";"Decrescente";"Céu Claro";"Simples";"Reta";"Não";4;0;4;0;0;0;4;1;-20,4768136;-43,8424334;"SPRF-MG";"DEL05-MG";"UOP02-DEL05-MG"
687388;2025-04-26;"sábado";"05:57:00";"GO";40;71,3;"CRISTALINA";"Animais na Pista";"Queda de ocupante de veículo";"Com Vítimas Feridas";"Amanhecer";"Decrescente";"Nevoeiro/Neblina";"Dupla";"Reta";"Não";1;0;1;0;0;0;1;1;-16,612228;-47,760478;"SPRF-DF";"DEL01-DF";"UOP02-DEL01-DF"
687390;2025-04-26;"sábado";"04:30:00";"SC";470;3;"NAVEGANTES";"Reação tardia ou ineficiente do condutor";"Saída de leito carroçável";"Sem Vítimas";"Plena Noite";"Crescente";"Ignorado";"Múltipla";"Reta";"Não";1;0;0;0;0;1;0;1;-26,85901185;-48,6876297;"SPRF-SC";"DEL04-SC";"UOP04-DEL04-SC"
687391;2025-04-26;"sábado";"06:50:00";"SC";101;397;"MARACAJA";"Ausência de reação do condutor";"Colisão com objeto";"Sem Vítimas";"Amanhecer";"Crescente";"Céu Claro";"Múltipla";"Reta";"Sim";1;0;0;0;0;1;0;1;-28,87176293;-49,45298561;"SPRF-SC";"DEL02-SC";"UOP02-DEL02-SC"
687393;2025-04-26;"sábado";"06:00:00";"MG";50;42,6;"ARAGUARI";"Ingestão de álcool pelo condutor";"Saída de leito carroçável";"Com Vítimas Feridas";"Pleno dia";"Crescente";"Nevoeiro/Neblina";"Dupla";"Reta";"Não";1;0;1;0;0;0;1;1;-18,69589725;-48,18380356;"SPRF-MG";"DEL15-MG";"UOP02-DEL15-MG"
687394;2025-04-26;"sábado";"06:30:00";"SC";282;1;"FLORIANOPOLIS";"Avarias e/ou desgaste excessivo no pneu";"Queda de ocupante de veículo";"Com Vítimas Feridas";"Pleno dia";"Decrescente";"Nublado";"Múltipla";"Reta;Declive";"Sim";2;0;1;1;0;0;2;1;-27,6001849;-48,57621074;"SPRF-SC";"DEL01-SC";"UOP01-DEL01-SC"
687395;2025-04-26;"sábado";"07:20:00";"RS";290;107;"ELDORADO DO SUL";"Reação tardia ou ineficiente do condutor";"Colisão traseira";"Com Vítimas Feridas";"Amanhecer";"Decrescente";"Nevoeiro/Neblina";"Dupla";"Reta";"Não";3;0;0;1;2;0;1;2;-30,001852;-51,30358952;"SPRF-RS";"DEL02-RS";"UOP01-DEL02-RS"
687397;2025-04-25;"sexta-feira";"22:25:00";"AM";230;619,6;"HUMAITA";"Reação tardia ou ineficiente do condutor";"Colisão com objeto";"Sem Vítimas";"Plena Noite";"Decrescente";"Nublado";"Simples";"Rotatória";"Não";2;0;0;0;1;1;0;1;-7,55058528;-63,07787988;"SPRF-AM";"DEL01-AM";"UOP05-DEL01-AM"
687398;2025-04-26;"sábado";"04:50:00";"PI";316;185;"VALENCA DO PIAUI";"Reação tardia ou ineficiente do condutor";"Colisão com objeto";"Sem Vítimas";"Amanhecer";"Crescente";"Céu Claro";"Simples";"Reta";"Não";1;0;0;0;0;1;0;1;-6,28272296;-41,94305416;"SPRF-PI";"DEL04-PI";"UOP02-DEL04-PI"
687401;2025-04-26;"sábado";"07:30:00";"RJ";116;182;"NOVA IGUACU";"Ausência de reação do condutor";"Capotamento";"Com Vítimas Feridas";"Pleno dia";"Crescente";"Céu Claro";"Dupla";"Reta";"Sim";1;0;1;0;0;0;1;1;-22,7582259;-43,42884779;"SPRF-RJ";"DEL06-RJ";"UOP01-DEL06-RJ"
687402;2025-04-26;"sábado";"06:45:00";"SC";101;49;"JOINVILLE";"Ingestão de álcool pelo condutor";"Saída de leito carroçável";"Sem Vítimas";"Amanhecer";"Decrescente";"Céu Claro";"Múltipla";"Curva";"Não";1;0;0;0;1;0;0;1;-26,38066134;-48,85143153;"SPRF-SC";"DEL03-SC";"UOP01-DEL03-SC"
687404;2025-04-26;"sábado";"08:15:00";"SC";101;194;"BIGUACU";"Ingestão de álcool pelo condutor";"Queda de ocupante de veículo";"Com Vítimas Feridas";"Pleno dia";"Decrescente";"Céu Claro";"Dupla";"Reta";"Sim";3;0;1;1;1;0;2;2;-27,50204607;-48,65273349;"SPRF-SC";"DEL01-SC";"UOP01-DEL01-SC"
687405;2025-04-26;"sábado";"07:28:00";"SC";470;122;"IBIRAMA";"Velocidade Incompatível";"Colisão frontal";"Com Vítimas Feridas";"Amanhecer";"Crescente";"Nublado";"Simples";"Curva";"Não";3;0;2;0;1;0;2;3;-27,10629422;-49,52162596;"SPRF-SC";"DEL04-SC";"UOP02-DEL04-SC"
687406;2025-04-26;"sábado";"08:20:00";"PB";101;89,9;"JOAO PESSOA";"Acessar a via sem observar a presença dos outros veículos";"Colisão transversal";"Com Vítimas Feridas";"Pleno dia";"Crescente";"Céu Claro";"Dupla";"Retorno Regulamentado;Reta";"Sim";4;0;1;0;3;0;1;2;-7,18123976;-34,90079552;"SPRF-PB";"DEL01-PB";"UOP01-DEL01-PB"
687407;2025-04-26;"sábado";"07:20:00";"AL";316;179,8;"BELEM";"Demais falhas mecânicas ou elétricas";"Incêndio";"Sem Vítimas";"Pleno dia";"Decrescente";"Céu Claro";"Simples";"Curva;Declive";"Não";1;0;0;0;1;0;0;1;-9,585523;-36,490477;"SPRF-AL";"DEL03-AL";"UOP01-DEL03-AL"
687410;2025-04-26;"sábado";"07:50:00";"MG";381;452;"SABARA";"Conversão proibida";"Colisão transversal";"Com Vítimas Feridas";"Pleno dia";"Decrescente";"Céu Claro";"Simples";"Reta";"Sim";2;0;0;1;1;0;1;2;-19,8345029;-43,85872928;"SPRF-MG";"DEL01-MG";"UOP01-DEL01-MG"
687412;2025-04-26;"sábado";"08:45:00";"RJ";116;169;"RIO DE JANEIRO";"Ausência de reação do condutor";"Capotamento";"Com Vítimas Feridas";"Pleno dia";"Crescente";"Nublado";"Dupla";"Reta";"Não";1;0;1;0;0;0;1;1;-22,806528;-43,3389568;"SPRF-RJ";"DEL06-RJ";"UOP01-DEL06-RJ"
687414;2025-04-26;"sábado";"08:10:00";"PI";343;8,5;"PARNAIBA";"Acessar a via sem observar a presença dos outros veículos";"Colisão transversal";"Com Vítimas Feridas";"Pleno dia";"Decrescente";"Sol";"Simples";"Reta;Interseção de Vias";"Sim";2;0;0;1;1;0;1;2;-2,90014;-41,729075;"SPRF-PI";"DEL05-PI";"UOP01-DEL05-PI"
687415;2025-04-26;"sábado";"08:15:00";"RJ";493;0,5;"ITABORAI";"Retorno proibido";"Colisão transversal";"Com Vítimas Feridas";"Pleno dia";"Decrescente";"Céu Claro";"Simples";"Reta";"Sim";3;0;2;0;1;0;2;2;-22,7687513;-42,92244371;"SPRF-RJ";"DEL02-RJ";"UOP02-DEL02-RJ"
687416;2025-03-05;"quarta-feira";"11:00:00";"PR";116;107;"SAO JOSE DOS PINHAIS";"Reação tardia ou ineficiente do condutor";"Engavetamento";"Com Vítimas Feridas";"Pleno dia";"Decrescente";"Céu Claro";"Dupla";"Reta";"Não";4;0;1;0;1;2;1;3;-25,5681539;-49,2329445;"SPRF-PR";"DEL01-PR";"UOP03-DEL01-PR"
687418;2025-04-26;"sábado";"07:45:00";"MS";60;411;"SIDROLANDIA";"Ausência de reação do condutor";"Saída de leito carroçável";"Com Vítimas Feridas";"Pleno dia";"Decrescente";"Céu Claro";"Simples";"Reta";"Não";4;0;2;0;2;0;2;1;-20,890103;-54,848352;"SPRF-MS";"DEL01-MS";"UOP04-DEL01-MS"
687420;2025-04-22;"terça-feira";"14:50:00";"SC";470;57;"BLUMENAU";"Ultrapassagem Indevida";"Colisão transversal";"Com Vítimas Feridas";"Pleno dia";"Crescente";"Céu Claro";"Simples";"Interseção de Vias;Desvio Temporário;Em Obras;Reta";"Não";2;0;1;0;1;0;1;2;-26,87311566;-49,113767;"SPRF-SC";"DEL04-SC";"UOP01-DEL04-SC"
687423;2025-04-26;"sábado";"07:25:00";"RJ";101;319;"SAO GONCALO";"Ausência de reação do condutor";"Tombamento";"Com Vítimas Feridas";"Pleno dia";"Decrescente";"Céu Claro";"Dupla";"Reta";"Não";1;0;1;0;0;0;1;1;-22,85600833;-43,10284138;"SPRF-RJ";"DEL02-RJ";"UOP02-DEL02-RJ"
687424;2025-04-26;"sábado";"09:30:00";"SC";282;17,3;"PALHOCA";"Acessar a via sem observar a presença dos outros veículos";"Colisão transversal";"Com Vítimas Feridas";"Pleno dia";"Decrescente";"Céu Claro";"Simples";"Reta;Interseção de Vias";"Não";2;0;1;0;1;0;1;2;-27,66289067;-48,6856514;"SPRF-SC";"DEL01-SC";"UOP02-DEL01-SC"
687425;2025-04-26;"sábado";"09:00:00";"MG";381;931,9;"EXTREMA";"Ausência de reação do condutor";"Colisão traseira";"Com Vítimas Feridas";"Pleno dia";"Crescente";"Céu Claro";"Dupla";"Reta;Desvio Temporário;Em Obras";"Sim";3;0;3;0;0;0;3;2;-22,7895062;-46,24515331;"SPRF-MG";"DEL16-MG";"UOP03-DEL16-MG"
687426;2025-03-29;"sábado";"23:30:00";"RJ";101;485;"ANGRA DOS REIS";"Ausência de reação do condutor";"Queda de ocupante de veículo";"Com Vítimas Feridas";"Plena Noite";"Crescente";"Céu Claro";"Simples";"Reta";"Não";1;0;0;1;0;0;1;1;-23,00833225;-44,22992706;"SPRF-RJ";"DEL03-RJ";"UOP03-DEL03-RJ"
687427;2025-04-26;"sábado";"09:10:00";"SC";101;137;"BALNEARIO CAMBORIU";"Acumulo de areia ou detritos sobre o pavimento";"Tombamento";"Com Vítimas Feridas";"Pleno dia";"Crescente";"Céu Claro";"Múltipla";"Reta";"Sim";1;0;1;0;0;0;1;1;-27,021987;-48,608999;"SPRF-SC";"DEL04-SC";"UOP03-DEL04-SC"
687428;2025-04-26;"sábado";"09:00:00";"SC";470;1,3;"NAVEGANTES";"Desrespeitar a preferência no cruzamento";"Colisão frontal";"Com Vítimas Feridas";"Pleno dia";"Crescente";"Nublado";"Dupla";"Reta;Interseção de Vias";"Não";2;0;0;1;1;0;1;2;-26,87725785;-48,66594169;"SPRF-SC";"DEL04-SC";"UOP04-DEL04-SC"
687429;2025-04-26;"sábado";"08:30:00";"SP";116;123;"CACAPAVA";"Condutor deixou de manter distância do veículo da frente";"Engavetamento";"Com Vítimas Feridas";"Pleno dia";"Decrescente";"Céu Claro";"Dupla";"Reta";"Sim";7;0;4;0;3;0;4;4;-23,09059214;-45,67398542;"SPRF-SP";"DEL02-SP";"UOP02-DEL02-SP"
687430;2025-04-26;"sábado";"09:20:00";"MG";40;492;"ESMERALDAS";"Ausência de reação do condutor";"Tombamento";"Com Vítimas Feridas";"Pleno dia";"Decrescente";"Céu Claro";"Dupla";"Reta;Declive";"Não";1;0;1;0;0;0;1;1;-19,63828801;-44,2036736;"SPRF-MG";"DEL02-MG";"UOP01-DEL02-MG"
687431;2025-04-25;"sexta-feira";"16:00:00";"MG";40;313,9;"TRES MARIAS";"Reação tardia ou ineficiente do condutor";"Saída de leito carroçável";"Com Vítimas Feridas";"Pleno dia";"Crescente";"Chuva";"Simples";"Curva";"Não";4;0;4;0;0;0;4;1;-18,46271288;-45,06081372;"SPRF-MG";"DEL14-MG";"UOP02-DEL14-MG"
687433;2025-04-26;"sábado";"10:20:00";"PI";343;327,6;"TERESINA";"Acessar a via sem observar a presença dos outros veículos";"Colisão transversal";"Com Vítimas Feridas";"Pleno dia";"Crescente";"Sol";"Simples";"Reta";"Não";2;0;0;1;1;0;1;2;-5,06655;-42,6295;"SPRF-PI";"DEL01-PI";"UOP01-DEL01-PI"
687435;2025-04-26;"sábado";"10:40:00";"GO";40;21,1;"LUZIANIA";"Entrada inopinada do pedestre";"Atropelamento de Pedestre";"Com Vítimas Feridas";"Pleno dia";"Crescente";"Céu Claro";"Dupla";"Reta";"Sim";2;0;0;1;1;0;1;2;-16,21;-47,91;"SPRF-DF";"DEL01-DF";"UOP01-DEL01-DF"
687436;2025-04-26;"sábado";"10:30:00";"SC";280;51,6;"GUARAMIRIM";"Condutor deixou de manter distância do veículo da frente";"Colisão traseira";"Com Vítimas Feridas";"Pleno dia";"Crescente";"Céu Claro";"Dupla";"Reta";"Sim";2;0;1;0;1;0;1;2;-26,46713;-48,96152;"SPRF-SC";"DEL03-SC";"UOP03-DEL03-SC"
687437;2025-04-26;"sábado";"09:50:00";"PE";101;79;"JABOATAO DOS GUARARAPES";"Demais falhas mecânicas ou elétricas";"Incêndio";"Sem Vítimas";"Pleno dia";"Decrescente";"Sol";"Dupla";"Reta";"Sim";1;0;0;0;1;0;0;1;-8,146268;-34,94545;"SPRF-PE";"DEL01-PE";"UOP01-DEL01-PE"
687438;2025-04-26;"sábado";"09:50:00";"MT";163;746;"SORRISO";"Velocidade Incompatível";"Saída de leito carroçável";"Com Vítimas Feridas";"Pleno dia";"Decrescente";"Céu Claro";"Dupla";"Rotatória";"Não";1;0;0;1;0;0;1;1;-12,598581;-55,747929;"SPRF-MT";"DEL06-MT";"UOP01-DEL06-MT"
687440;2025-04-26;"sábado";"10:50:00";"PR";277;75;"SAO JOSE DOS PINHAIS";"Ausência de reação do condutor";"Atropelamento de Animal";"Com Vítimas Feridas";"Pleno dia";"Crescente";"Sol";"Dupla";"Reta";"Sim";1;0;1;0;0;0;1;1;-25,4941086;-49,168412;"SPRF-PR";"DEL01-PR";"UOP07-DEL01-PR"
687442;2025-04-26;"sábado";"11:15:00";"AP";156;799;"OIAPOQUE";"Acessar a via sem observar a presença dos outros veículos";"Colisão transversal";"Com Vítimas Feridas";"Pleno dia";"Decrescente";"Chuva";"Simples";"Interseção de Vias;Reta";"Sim";2;0;1;0;1;0;1;2;3,83638348;-51,81134922;"SPRF-AP";"DEL01-AP";"UOP03-DEL01-AP"
687444;2025-04-26;"sábado";"11:40:00";"MG";262;95;"ABRE CAMPO";"Acessar a via sem observar a presença dos outros veículos";"Colisão transversal";"Com Vítimas Feridas";"Pleno dia";"Crescente";"Céu Claro";"Simples";"Aclive;Curva;Interseção de Vias";"Sim";4;0;2;0;2;0;2;2;-20,296578;-42,477058;"SPRF-MG";"DEL03-MG";"UOP03-DEL03-MG"
687445;2025-04-26;"sábado";"11:20:00";"SP";116;222;"GUARULHOS";"Reação tardia ou ineficiente do condutor";"Colisão traseira";"Com Vítimas Feridas";"Pleno dia";"Decrescente";"Nublado";"Dupla";"Reta";"Sim";2;0;1;1;0;0;2;2;-23,4779859;-46,52803746;"SPRF-SP";"DEL01-SP";"UOP01-DEL01-SP"