"id";"data_inversa";"dia_semana";"horario";"uf";"br";"km";"municipio";"causa_acidente";"tipo_acidente";"classificacao_acidente";"fase_dia";"sentido_via";"condicao_metereologica";"tipo_pista";"tracado_via";"uso_solo";"pessoas";"mortos";"feridos_leves";"feridos_graves";"ilesos";"ignorados";"feridos";"veiculos";"latitude";"longitude";"regional";"delegacia";"uop"
687446;2025-04-26;"sábado";"11:15:00";"SC";101;123,4;"ITAJAI";"Velocidade Incompatível";"Tombamento";"Com Vítimas Feridas";"Pleno dia";"Crescente";"Nublado";"Dupla";"Em Obras;Curva";"Sim";1;0;1;0;0;0;1;1;-26,9376364;-48,6967127;"SPRF-SC";"DEL04-SC";"UOP04-DEL04-SC"
687449;2025-04-26;"sábado";"12:35:00";"MG";40;446,8;"CAETANOPOLIS";"Demais falhas mecânicas ou elétricas";"Incêndio";"Sem Vítimas";"Pleno dia";"Crescente";"Sol";"Dupla";"Curva";"Sim";1;0;0;0;1;0;0;1;-19,292785;-44,384617;"SPRF-MG";"DEL02-MG";"UOP01-DEL02-MG"
687451;2025-04-26;"sábado";"07:56:00";"MT";163;873,8;"SINOP";"Reação tardia ou ineficiente do condutor";"Capotamento";"Com Vítimas Feridas";"Pleno dia";"Decrescente";"Céu Claro";"Simples";"Reta";"Não";1;0;0;1;0;0;1;1;-11,53384;-55,38957;"SPRF-MT";"DEL06-MT";"UOP02-DEL06-MT"
687453;2025-04-26;"sábado";"12:30:00";"RN";101;83,1;"SAO GONCALO DO AMARANTE";"Ausência de reação do condutor";"Colisão traseira";"Com Vítimas Feridas";"Pleno dia";"Crescente";"Sol";"Simples";"Curva";"Sim";2;0;1;0;1;0;1;2;-5,77105714;-35,26708961;"SPRF-RN";"DEL02-RN";"UOP01-DEL02-RN"
687456;2025-04-26;"sábado";"12:40:00";"AP";210;2;"MACAPA";"Afundamento ou ondulação no pavimento";"Colisão traseira";"Com Vítimas Feridas";"Pleno dia";"Crescente";"Garoa/Chuvisco";"Simples";"Reta";"Sim";2;0;0;1;0;1;1;2;0,07875567;-51,07190877;"SPRF-AP";"DEL01-AP";"UOP01-DEL01-AP"
687457;2025-04-26;"sábado";"12:45:00";"SP";101;51,1;"UBATUBA";"Conversão proibida";"Colisão transversal";"Com Vítimas Feridas";"Pleno dia";"Decrescente";"Céu Claro";"Simples";"Reta";"Não";3;0;1;1;1;0;2;2;-23,45700115;-45,07040832;"SPRF-SP";"DEL06-SP";"UOP01-DEL06-SP"
687458;2025-04-26;"sábado";"12:35:00";"PB";230;21;"JOAO PESSOA";"Acessar a via sem observar a presença dos outros veículos";"Tombamento";"Com Vítimas Feridas";"Pleno dia";"Crescente";"Céu Claro";"Dupla";"Reta";"Não";2;0;2;0;0;0;2;1;-7,14229965;-34,85179067;"SPRF-PB";"DEL01-PB";"UOP01-DEL01-PB"
687459;2025-04-26;"sábado";"13:12:00";"PE";104;66;"CARUARU";"Condutor deixou de manter distância do veículo da frente";"Colisão traseira";"Com Vítimas Feridas";"Pleno dia";"Decrescente";"Céu Claro";"Dupla";"Reta;Viaduto;Aclive";"Sim";6;0;1;0;5;0;1;2;-8,28646;-35,98375;"SPRF-PE";"DEL02-PE";"UOP01-DEL02-PE"
687460;2025-04-26;"sábado";"13:30:00";"GO";153;439;"ANAPOLIS";"Ingestão de álcool pelo condutor";"Colisão traseira";"Com Vítimas Feridas";"Pleno dia";"Crescente";"Céu Claro";"Dupla";"Reta";"Sim";2;0;0;1;1;0;1;2;-16,32329251;-48,92211109;"SPRF-GO";"DEL02-GO";"UOP01-DEL02-GO"
687461;2025-04-26;"sábado";"13:30:00";"MG";50;33,5;"ARAGUARI";"Velocidade Incompatível";"Saída de leito carroçável";"Com Vítimas Feridas";"Pleno dia";"Crescente";"Nublado";"Dupla";"Curva;Declive";"Não";2;0;1;0;1;0;1;1;-18,644462;-48,126472;"SPRF-MG";"DEL15-MG";"UOP02-DEL15-MG"
687462;2025-04-26;"sábado";"13:50:00";"DF";70;13,7;"BRASILIA";"Ingestão de álcool pelo condutor";"Colisão transversal";"Sem Vítimas";"Pleno dia";"Crescente";"Céu Claro";"Dupla";"Reta;Rotatória";"Sim";4;0;0;0;4;0;0;2;-15,796438;-48,172707;"SPRF-DF";"DEL03-DF";"UOP02-DEL03-DF"
687465;2025-04-26;"sábado";"13:00:00";"MT";364;273,4;"JACIARA";"Acessar a via sem observar a presença dos outros veículos";"Colisão transversal";"Com Vítimas Feridas";"Pleno dia";"Decrescente";"Chuva";"Dupla";"Retorno Regulamentado";"Sim";2;0;0;1;1;0;1;2;-15,95827864;-54,97274216;"SPRF-MT";"DEL05-MT";"UOP02-DEL05-MT"
687466;2025-04-26;"sábado";"13:05:00";"SC";116;2,3;"MAFRA";"Ausência de reação do condutor";"Colisão traseira";"Sem Vítimas";"Pleno dia";"Decrescente";"Nublado";"Simples";"Reta;Interseção de Vias";"Sim";4;0;0;0;4;0;0;2;-26,1264636;-49,7952746;"SPRF-SC";"DEL06-SC";"UOP01-DEL06-SC"
687467;2025-04-26;"sábado";"11:58:00";"PR";376;174,1;"MARINGA";"Acessar a via sem observar a presença dos outros veículos";"Colisão lateral mesmo sentido";"Com Vítimas Feridas";"Pleno dia";"Crescente";"Céu Claro";"Múltipla";"Reta";"Sim";3;0;2;0;1;0;2;2;-23,417347;-51,958591;"SPRF-PR";"DEL09-PR";"UOP01-DEL09-PR"
687468;2025-04-26;"sábado";"13:45:00";"RN";101;98;"NATAL";"Trafegar com motocicleta (ou similar) entre as faixas";"Colisão lateral mesmo sentido";"Com Vítimas Feridas";"Pleno dia";"Decrescente";"Sol";"Múltipla";"Reta";"Sim";2;0;1;0;1;0;1;2;-5,861398;-35,214655;"SPRF-RN";"DEL01-RN";"UOP01-DEL01-RN"
687471;2025-04-26;"sábado";"10:05:00";"PR";153;341,5;"IRATI";"Reação tardia ou ineficiente do condutor";"Saída de leito carroçável";"Com Vítimas Feridas";"Pleno dia";"Crescente";"Nublado";"Simples";"Reta;Aclive";"Não";1;0;1;0;0;0;1;1;-25,5480141;-50,6681389;"SPRF-PR";"DEL08-PR";"UOP02-DEL08-PR"
687474;2025-04-06;"domingo";"15:45:00";"CE";116;19;"EUSEBIO";"Manobra de mudança de faixa";"Colisão transversal";"Com Vítimas Feridas";"Pleno dia";"Decrescente";"Céu Claro";"Dupla";"Reta";"Sim";3;0;1;1;1;0;2;2;-3,91696165;-38,50668311;"SPRF-CE";"DEL01-CE";"UOP02-DEL01-CE"
687475;2025-04-26;"sábado";"14:50:00";"MG";40;717;"BARBACENA";"Velocidade Incompatível";"Colisão com objeto";"Com Vítimas Feridas";"Pleno dia";"Decrescente";"Chuva";"Dupla";"Curva";"Não";4;0;1;0;3;0;1;1;-21,269;-43,652;"SPRF-MG";"DEL05-MG";"UOP01-DEL05-MG"
687476;2025-04-26;"sábado";"15:00:00";"SC";101;207;"SAO JOSE";"Trafegar com motocicleta (ou similar) entre as faixas";"Colisão lateral mesmo sentido";"Com Vítimas Feridas";"Pleno dia";"Crescente";"Céu Claro";"Múltipla";"Reta;Aclive";"Sim";3;0;2;0;1;0;2;2;-27,602139;-48,628796;"SPRF-SC";"DEL01-SC";"UOP01-DEL01-SC"
687477;2025-04-26;"sábado";"13:50:00";"SP";153;1,8;"ICEM";"Reação tardia ou ineficiente do condutor";"Tombamento";"Com Vítimas Feridas";"Pleno dia";"Crescente";"Nublado";"Simples";"Reta;Aclive";"Não";2;0;1;0;1;0;1;2;-20,322003;-49,211102;"SPRF-SP";"DEL09-SP";"UOP01-DEL09-SP"
687478;2025-04-26;"sábado";"10:45:00";"SC";470;44,7;"GASPAR";"Trafegar com motocicleta (ou similar) entre as faixas";"Tombamento";"Com Vítimas Feridas";"Pleno dia";"Crescente";"Céu Claro";"Dupla";"Reta;Em Obras";"Não";2;0;0;2;0;0;2;1;-26,86739087;-49,03031794;"SPRF-SC";"DEL04-SC";"UOP01-DEL04-SC"
687479;2025-04-26;"sábado";"15:30:00";"ES";101;198,7;"ARACRUZ";"Ausência de reação do condutor";"Saída de leito carroçável";"Com Vítimas Feridas";"Pleno dia";"Decrescente";"Céu Claro";"Dupla";"Reta";"Não";1;0;1;0;0;0;1;1;-19,71708565;-40,34598335;"SPRF-ES";"DEL04-ES";"UOP01-DEL04-ES"
687481;2025-04-26;"sábado";"16:00:00";"MG";40;735;"SANTOS DUMONT";"Reação tardia ou ineficiente do condutor";"Saída de leito carroçável";"Com Vítimas Feridas";"Anoitecer";"Decrescente";"Chuva";"Simples";"Curva";"Não";4;0;2;0;2;0;2;1;-21,391673;-43,56748;"SPRF-MG";"DEL05-MG";"UOP01-DEL05-MG"
687482;2025-04-26;"sábado";"14:30:00";"SC";282;380,5;"HERVAL DOESTE";"Reação tardia ou ineficiente do condutor";"Colisão traseira";"Sem Vítimas";"Pleno dia";"Crescente";"Céu Claro";"Simples";"Reta;Declive";"Não";2;0;0;0;2;0;0;2;-27,21017;-51,50082;"SPRF-SC";"DEL07-SC";"UOP05-DEL07-SC"
687485;2025-04-26;"sábado";"10:40:00";"BA";324;549,6;"AMELIA RODRIGUES";"Objeto estático sobre o leito carroçável";"Saída de leito carroçável";"Com Vítimas Feridas";"Pleno dia";"Decrescente";"Sol";"Dupla";"Reta";"Não";3;0;2;0;1;0;2;1;-12,444655;-38,717441;"SPRF-BA";"DEL01-BA";"UOP03-DEL01-BA"
687486;2025-04-26;"sábado";"16:15:00";"PR";163;280;"MARECHAL CANDIDO RONDON";"Velocidade Incompatível";"Saída de leito carroçável";"Com Vítimas Feridas";"Pleno dia";"Crescente";"Céu Claro";"Dupla";"Curva";"Sim";1;0;1;0;0;0;1;1;-24,56827392;-54,02180163;"SPRF-PR";"DEL06-PR";"UOP02-DEL06-PR"
687487;2025-04-26;"sábado";"15:50:00";"MS";267;480,9;"JARDIM";"Acessar a via sem observar a presença dos outros veículos";"Colisão transversal";"Com Vítimas Feridas";"Pleno dia";"Decrescente";"Céu Claro";"Simples";"Declive;Interseção de Vias";"Sim";2;0;1;0;1;0;1;2;-21,47956778;-56,13932133;"SPRF-MS";"DEL05-MS";"UOP01-DEL05-MS"
687488;2025-04-26;"sábado";"16:30:00";"RS";116;142;"CAXIAS DO SUL";"Transitar na contramão";"Colisão transversal";"Com Vítimas Feridas";"Pleno dia";"Crescente";"Céu Claro";"Dupla";"Reta;Interseção de Vias";"Sim";3;0;1;1;1;0;2;2;-29,11861191;-51,11665964;"SPRF-RS";"DEL05-RS";"UOP01-DEL05-RS"
687489;2025-04-26;"sábado";"15:40:00";"SC";282;641,1;"DESCANSO";"Ingestão de álcool pelo condutor";"Saída de leito carroçável";"Sem Vítimas";"Pleno dia";"Decrescente";"Céu Claro";"Simples";"Curva";"Não";2;0;0;0;1;1;0;2;-26,79597708;-53,44954759;"SPRF-SC";"DEL07-SC";"UOP03-DEL07-SC"
687490;2025-04-26;"sábado";"15:00:00";"MG";262;380;"JUATUBA";"Ausência de reação do condutor";"Saída de leito carroçável";"Com Vítimas Feridas";"Pleno dia";"Decrescente";"Céu Claro";"Dupla";"Curva;Declive";"Não";2;0;2;0;0;0;2;1;-19,935372;-44,433988;"SPRF-MG";"DEL01-MG";"UOP03-DEL01-MG"
687491;2025-04-26;"sábado";"17:00:00";"SP";116;133,9;"CACAPAVA";"Manobra de mudança de faixa";"Colisão lateral mesmo sentido";"Com Vítimas Feridas";"Anoitecer";"Decrescente";"Nublado";"Dupla";"Reta";"Não";5;0;1;0;4;0;1;4;-23,137809;-45,757059;"SPRF-SP";"DEL02-SP";"UOP02-DEL02-SP"
687493;2025-04-26;"sábado";"17:00:00";"DF";60;29,2;"BRASILIA";"Acumulo de água sobre o pavimento";"Saída de leito carroçável";"Com Vítimas Feridas";"Anoitecer";"Crescente";"Chuva";"Dupla";"Curva";"Sim";2;0;1;0;1;0;1;1;-16,033583;-48,253568;"SPRF-DF";"DEL03-DF";"UOP01-DEL03-DF"
687495;2025-04-26;"sábado";"15:30:00";"MS";163;279,8;"DOURADOS";"Ausência de reação do condutor";"Saída de leito carroçável";"Com Vítimas Feridas";"Pleno dia";"Crescente";"Nublado";"Dupla";"Reta";"Sim";1;0;1;0;0;0;1;1;-22,13984002;-54,62137409;"SPRF-MS";"DEL04-MS";"UOP01-DEL04-MS"
687497;2025-04-26;"sábado";"17:45:00";"RN";101;76,2;"NATAL";"Mal súbito do condutor";"Colisão com objeto";"Com Vítimas Fatais";"Anoitecer";"Decrescente";"Céu Claro";"Dupla";"Reta";"Sim";2;1;1;0;0;0;1;1;-5,72588963;-35,28390932;"SPRF-RN";"DEL02-RN";"UOP01-DEL02-RN"
687498;2025-04-26;"sábado";"17:45:00";"SC";101;161;"TIJUCAS";"Reação tardia ou ineficiente do condutor";"Capotamento";"Sem Vítimas";"Anoitecer";"Decrescente";"Céu Claro";"Múltipla";"Reta";"Sim";1;0;0;0;0;1;0;1;-27,218246;-48,624926;"SPRF-SC";"DEL04-SC";"UOP03-DEL04-SC"
687499;2025-04-26;"sábado";"18:40:00";"SC";101;197;"BIGUACU";"Demais falhas mecânicas ou elétricas";"Tombamento";"Com Vítimas Feridas";"Plena Noite";"Decrescente";"Nublado";"Múltipla";"Reta";"Sim";2;0;1;1;0;0;2;1;-27,52408998;-48,6362478;"SPRF-SC";"DEL01-SC";"UOP01-DEL01-SC"
687500;2025-04-26;"sábado";"18:40:00";"ES";101;416,2;"ITAPEMIRIM";"Acessar a via sem observar a presença dos outros veículos";"Colisão transversal";"Com Vítimas Feridas";"Plena Noite";"Decrescente";"Nublado";"Simples";"Reta";"Não";2;0;0;1;1;0;1;2;-20,93814217;-41,08225219;"SPRF-ES";"DEL03-ES";"UOP02-DEL03-ES"
687501;2025-04-26;"sábado";"18:30:00";"RJ";101;571;"PARATY";"Acessar a via sem observar a presença dos outros veículos";"Colisão transversal";"Com Vítimas Feridas";"Plena Noite";"Decrescente";"Céu Claro";"Simples";"Reta";"Sim";2;0;1;0;1;0;1;2;-23,19161655;-44,72745387;"SPRF-RJ";"DEL03-RJ";"UOP04-DEL03-RJ"
687502;2025-04-26;"sábado";"18:45:00";"ES";101;101,1;"JAGUARE";"Pedestre andava na pista";"Atropelamento de Pedestre";"Com Vítimas Feridas";"Plena Noite";"Crescente";"Nublado";"Simples";"Reta";"Não";2;0;0;1;1;0;1;2;-18,981539;-39,996048;"SPRF-ES";"DEL04-ES";"UOP02-DEL04-ES"
687504;2025-04-26;"sábado";"18:40:00";"SC";101;428;"SOMBRIO";"Retorno proibido";"Colisão lateral mesmo sentido";"Com Vítimas Feridas";"Plena Noite";"Decrescente";"Nublado";"Múltipla";"Reta";"Sim";2;0;1;0;1;0;1;2;-29,0471659;-49,61769104;"SPRF-SC";"DEL02-SC";"UOP02-DEL02-SC"
687505;2025-04-26;"sábado";"13:25:00";"GO";153;436;"ANAPOLIS";"Ingestão de álcool pelo condutor";"Colisão traseira";"Sem Vítimas";"Pleno dia";"Crescente";"Céu Claro";"Dupla";"Reta";"Não";3;0;0;0;3;0;0;2;-16,295101;-48,931734;"SPRF-GO";"DEL02-GO";"UOP01-DEL02-GO"
687506;2025-04-26;"sábado";"18:15:00";"PR";153;335,8;"IRATI";"Condutor deixou de manter distância do veículo da frente";"Colisão traseira";"Sem Vítimas";"Plena Noite";"Decrescente";"Céu Claro";"Simples";"Reta";"Sim";5;0;0;0;5;0;0;2;-25,502083;-50,649688;"SPRF-PR";"DEL08-PR";"UOP02-DEL08-PR"
687507;2025-04-26;"sábado";"18:20:00";"RS";116;224,1;"DOIS IRMAOS";"Acessar a via sem observar a presença dos outros veículos";"Colisão transversal";"Com Vítimas Feridas";"Plena Noite";"Decrescente";"Céu Claro";"Dupla";"Reta;Declive;Rotatória;Retorno Regulamentado";"Sim";2;0;0;1;1;0;1;2;-29,58918363;-51,10668775;"SPRF-RS";"DEL01-RS";"UOP02-DEL01-RS"
687508;2025-04-26;"sábado";"19:00:00";"RJ";116;131;"MAGE";"Pedestre cruzava a pista fora da faixa";"Atropelamento de Pedestre";"Com Vítimas Feridas";"Plena Noite";"Decrescente";"Nublado";"Dupla";"Curva";"Sim";2;0;1;0;1;0;1;2;-22,65684887;-43,13505002;"SPRF-RJ";"DEL04-RJ";"UOP02-DEL04-RJ"
687510;2025-04-26;"sábado";"18:30:00";"SC";282;625;"IRACEMINHA";"Ingestão de álcool pelo condutor";"Colisão frontal";"Com Vítimas Feridas";"Plena Noite";"Crescente";"Céu Claro";"Simples";"Reta";"Sim";3;0;0;2;1;0;2;2;-26,80063897;-53,35177358;"SPRF-SC";"DEL07-SC";"UOP02-DEL07-SC"
687511;2025-04-26;"sábado";"19:27:00";"SP";116;139,4;"SAO JOSE DOS CAMPOS";"Manobra de mudança de faixa";"Colisão traseira";"Com Vítimas Feridas";"Plena Noite";"Decrescente";"Céu Claro";"Dupla";"Reta";"Não";2;0;1;0;1;0;1;2;-23,16191408;-45,80466651;"SPRF-SP";"DEL02-SP";"UOP01-DEL02-SP"
687514;2025-04-26;"sábado";"20:00:00";"SC";101;165,8;"TIJUCAS";"Ingestão de álcool pelo condutor";"Colisão traseira";"Com Vítimas Feridas";"Plena Noite";"Decrescente";"Nublado";"Dupla";"Reta";"Não";2;0;1;0;1;0;1;2;-27,25448562;-48,63148637;"SPRF-SC";"DEL04-SC";"UOP03-DEL04-SC"
687515;2025-03-01;"sábado";"17:45:00";"MG";381;492;"BETIM";"Ausência de reação do condutor";"Colisão com objeto";"Com Vítimas Fatais";"Pleno dia";"Crescente";"Céu Claro";"Múltipla";"Reta";"Sim";3;1;1;1;0;0;2;1;-19,96313158;-44,16676443;"SPRF-MG";"DEL01-MG";"UOP03-DEL01-MG"
687516;2025-04-26;"sábado";"19:25:00";"DF";40;8;"BRASILIA";"Reação tardia ou ineficiente do condutor";"Colisão traseira";"Sem Vítimas";"Plena Noite";"Crescente";"Chuva";"Dupla";"Reta";"Sim";3;0;0;0;3;0;0;3;-16,046635;-47,980954;"SPRF-DF";"DEL01-DF";"UOP01-DEL01-DF"
687517;2025-04-26;"sábado";"20:10:00";"SP";116;298;"ITAPECERICA DA SERRA";"Reação tardia ou ineficiente do condutor";"Colisão traseira";"Com Vítimas Feridas";"Plena Noite";"Crescente";"Céu Claro";"Dupla";"Curva;Aclive";"Não";3;0;2;0;1;0;2;2;-23,77890433;-46,91599846;"SPRF-SP";"DEL04-SP";"UOP01-DEL04-SP"
687518;2025-04-26;"sábado";"20:00:00";"PR";476;149;"ARAUCARIA";"Reação tardia ou ineficiente do condutor";"Saída de leito carroçável";"Sem Vítimas";"Plena Noite";"Crescente";"Céu Claro";"Dupla";"Curva";"Sim";1;0;0;0;0;1;0;1;-25,55796161;-49,36731077;"SPRF-PR";"DEL01-PR";"UOP06-DEL01-PR"
687519;2025-04-26;"sábado";"19:40:00";"RS";158;92,7;"PALMEIRA DAS MISSOES";"Transitar na contramão";"Colisão lateral sentido oposto";"Com Vítimas Feridas";"Plena Noite";"Decrescente";"Céu Claro";"Simples";"Curva";"Não";1;0;1;0;0;0;1;1;-27,8394882;-53,3333696;"SPRF-RS";"DEL08-RS";"UOP02-DEL08-RS"
687520;2025-04-26;"sábado";"18:30:00";"MG";381;509;"SAO JOAQUIM DE BICAS";"Ausência de reação do condutor";"Queda de ocupante de veículo";"Com Vítimas Feridas";"Anoitecer";"Crescente";"Céu Claro";"Dupla";"Reta";"Sim";2;0;2;0;0;0;2;1;-20,0570009;-44,2864666;"SPRF-MG";"DEL01-MG";"UOP03-DEL01-MG"
687521;2025-04-26;"sábado";"20:00:00";"RJ";393;168;"TRES RIOS";"Iluminação deficiente";"Atropelamento de Pedestre";"Com Vítimas Feridas";"Plena Noite";"Decrescente";"Nublado";"Simples";"Reta";"Sim";2;0;1;0;0;1;1;2;-22,120694;-43,1623463;"SPRF-RJ";"DEL05-RJ";"UOP01-DEL05-RJ"
687522;2025-04-26;"sábado";"19:45:00";"SC";101;134,8;"BALNEARIO CAMBORIU";"Pedestre andava na pista";"Atropelamento de Pedestre";"Com Vítimas Fatais";"Plena Noite";"Crescente";"Nublado";"Múltipla";"Reta";"Sim";2;1;0;0;1;0;0;2;-27,0046569;-48,6278351;"SPRF-SC";"DEL04-SC";"UOP03-DEL04-SC"
687524;2025-04-26;"sábado";"20:42:00";"PE";104;54,1;"CARUARU";"Pedestre andava na pista";"Atropelamento de Pedestre";"Com Vítimas Feridas";"Plena Noite";"Decrescente";"Céu Claro";"Dupla";"Reta;Retorno Regulamentado";"Não";2;0;0;1;1;0;1;2;-8,18436;-35,96693;"SPRF-PE";"DEL02-PE";"UOP01-DEL02-PE"
687525;2025-04-26;"sábado";"19:30:00";"PA";10;57;"ULIANOPOLIS";"Ausência de reação do condutor";"Colisão traseira";"Com Vítimas Fatais";"Plena Noite";"Decrescente";"Céu Claro";"Simples";"Reta";"Não";3;2;0;0;0;1;0;2;-3,945502;-47,53855;"SPRF-PA";"DEL02-PA";"UOP02-DEL02-PA"
687528;2025-04-26;"sábado";"18:15:00";"MG";116;666,1;"MURIAE";"Pedestre - Ingestão de álcool/ substâncias psicoativas";"Atropelamento de Pedestre";"Com Vítimas Feridas";"Plena Noite";"Decrescente";"Céu Claro";"Simples";"Curva;Aclive";"Não";2;0;1;0;0;1;1;2;-21,1476791;-42,3814825;"SPRF-MG";"DEL07-MG";"UOP02-DEL07-MG"
687529;2025-04-26;"sábado";"20:50:00";"RJ";101;72;"CAMPOS DOS GOYTACAZES";"Reação tardia ou ineficiente do condutor";"Atropelamento de Pedestre";"Com Vítimas Feridas";"Plena Noite";"Decrescente";"Céu Claro";"Simples";"Reta";"Sim";2;0;1;0;0;1;1;2;-21,78213703;-41,37451172;"SPRF-RJ";"DEL08-RJ";"UOP02-DEL08-RJ"
687530;2025-04-26;"sábado";"19:30:00";"GO";40;18,5;"LUZIANIA";"Entrada inopinada do pedestre";"Atropelamento de Pedestre";"Com Vítimas Feridas";"Plena Noite";"Crescente";"Nublado";"Dupla";"Declive";"Não";2;0;0;1;1;0;1;2;-16,19786;-47,92324;"SPRF-DF";"DEL01-DF";"UOP01-DEL01-DF"
687531;2025-04-26;"sábado";"19:16:00";"RO";319;64;"PORTO VELHO";"Demais falhas mecânicas ou elétricas";"Colisão traseira";"Com Vítimas Feridas";"Plena Noite";"Crescente";"Nublado";"Dupla";"Reta";"Sim";2;0;2;0;0;0;2;2;-8,800284;-63,7617625;"SPRF-RO";"DEL01-RO";"UOP01-DEL01-RO"
687532;2025-04-26;"sábado";"20:30:00";"BA";116;420;"FEIRA DE SANTANA";"Ingestão de álcool pelo condutor";"Colisão traseira";"Com Vítimas Feridas";"Plena Noite";"Crescente";"Ignorado";"Dupla";"Viaduto";"Sim";2;0;2;0;0;0;2;2;-12,217115;-38,965723;"SPRF-BA";"DEL02-BA";"UOP01-DEL02-BA"
687533;2025-04-26;"sábado";"19:55:00";"PR";153;18,3;"JACAREZINHO";"Pedestre andava na pista";"Atropelamento de Pedestre";"Com Vítimas Feridas";"Plena Noite";"Decrescente";"Nublado";"Simples";"Reta";"Sim";2;0;1;1;0;0;2;2;-23,14875986;-49,95297639;"SPRF-PR";"DEL07-PR";"UOP04-DEL07-PR"
687534;2025-04-26;"sábado";"19:00:00";"SP";116;502;"BARRA DO TURVO";"Transitar no Acostamento";"Atropelamento de Pedestre";"Com Vítimas Feridas";"Pleno dia";"Decrescente";"Céu Claro";"Dupla";"Reta";"Não";2;0;1;0;0;1;1;2;-24,9288315;-48,2715859;"SPRF-SP";"DEL05-SP";"UOP02-DEL05-SP"
687535;2025-04-26;"sábado";"21:00:00";"PB";116;7,6;"CACHOEIRA DOS INDIOS";"Condutor Dormindo";"Saída de leito carroçável";"Com Vítimas Feridas";"Plena Noite";"Crescente";"Céu Claro";"Simples";"Reta";"Não";1;0;1;0;0;0;1;1;-6,961975;-38,726173;"SPRF-CE";"DEL05-CE";"UOP03-DEL05-CE"
687536;2025-04-26;"sábado";"21:20:00";"GO";452;3;"RIO VERDE";"Pista Escorregadia";"Tombamento";"Com Vítimas Feridas";"Plena Noite";"Crescente";"Chuva";"Dupla";"Reta";"Não";1;0;1;0;0;0;1;1;-17,8017301;-50,9487985;"SPRF-GO";"DEL04-GO";"UOP01-DEL04-GO"
687537;2025-04-26;"sábado";"20:03:00";"TO";153;764;"TALISMA";"Transitar na contramão";"Colisão lateral sentido oposto";"Sem Vítimas";"Plena Noite";"Crescente";"Céu Claro";"Simples";"Reta";"Não";2;0;0;0;1;1;0;2;-12,64004239;-49,06826019;"SPRF-TO";"DEL01-TO";"UOP02-DEL01-TO"
687538;2025-04-26;"sábado";"21:20:00";"RS";116;268;"CANOAS";"Ausência de reação do condutor";"Colisão com objeto";"Com Vítimas Feridas";"Plena Noite";"Decrescente";"Céu Claro";"Dupla";"Reta";"Sim";2;0;2;0;0;0;2;1;-29,9485879;-51,1764464;"SPRF-RS";"DEL01-RS";"UOP01-DEL01-RS"
687539;2025-04-26;"sábado";"20:20:00";"PR";369;132;"IBIPORA";"Ingestão de álcool pelo condutor";"Saída de leito carroçável";"Com Vítimas Feridas";"Plena Noite";"Decrescente";"Céu Claro";"Dupla";"Reta";"Não";1;0;1;0;0;0;1;1;-23,261995;-50,995575;"SPRF-PR";"DEL07-PR";"UOP01-DEL07-PR"
687540;2025-04-26;"sábado";"17:30:00";"ES";393;0,8;"CACHOEIRO DE ITAPEMIRIM";"Conversão proibida";"Colisão transversal";"Com Vítimas Feridas";"Anoitecer";"Crescente";"Nublado";"Simples";"Reta";"Sim";2;0;0;1;0;1;1;2;-20,83808161;-41,16504586;"SPRF-ES";"DEL03-ES";"UOP02-DEL03-ES"
687541;2025-04-26;"sábado";"21:10:00";"RJ";101;474;"ANGRA DOS REIS";"Velocidade Incompatível";"Tombamento";"Com Vítimas Feridas";"Plena Noite";"Crescente";"Céu Claro";"Simples";"Reta;Aclive";"Não";1;0;1;0;0;0;1;1;-22,998949;-44,255016;"SPRF-RJ";"DEL03-RJ";"UOP03-DEL03-RJ"
687543;2025-04-26;"sábado";"16:00:00";"PE";408;94;"SAO LOURENCO DA MATA";"Ausência de reação do condutor";"Colisão lateral mesmo sentido";"Com Vítimas Feridas";"Pleno dia";"Decrescente";"Céu Claro";"Dupla";"Reta";"Não";2;0;1;0;1;0;1;2;-8,02998861;-35,03579233;"SPRF-PE";"DEL01-PE";"UOP01-DEL01-PE"
687544;2025-04-26;"sábado";"20:04:00";"GO";153;108;"SANTA TEREZA DE GOIAS";"Reação tardia ou ineficiente do condutor";"Saída de leito carroçável";"Sem Vítimas";"Plena Noite";"Decrescente";"Céu Claro";"Simples";"Reta";"Não";3;0;0;0;3;0;0;1;-13,729904;-49,024156;"SPRF-GO";"DEL07-GO";"UOP01-DEL07-GO"
687545;2025-04-26;"sábado";"21:20:00";"RN";226;2;"NATAL";"Conversão proibida";"Colisão transversal";"Com Vítimas Feridas";"Plena Noite";"Crescente";"Céu Claro";"Simples";"Reta";"Não";2;0;1;0;1;0;1;2;-5,818085;-35,250283;"SPRF-RN";"DEL01-RN";"UOP02-DEL01-RN"
687546;2025-04-26;"sábado";"21:30:00";"BA";116;413;"FEIRA DE SANTANA";"Ingestão de álcool pelo condutor";"Colisão transversal";"Sem Vítimas";"Pleno dia";"Crescente";"Céu Claro";"Dupla";"Reta";"Sim";2;0;0;0;2;0;0;2;-12,15345;-38,964785;"SPRF-BA";"DEL02-BA";"UOP01-DEL02-BA"
687547;2025-04-26;"sábado";"20:53:00";"GO";364;205;"JATAI";"Transitar na contramão";"Colisão transversal";"Com Vítimas Feridas";"Plena Noite";"Decrescente";"Céu Claro";"Simples";"Curva";"Não";2;0;1;0;0;1;1;2;-17,90834994;-51,81207776;"SPRF-GO";"DEL05-GO";"UOP01-DEL05-GO"