"id";"data_inversa";"dia_semana";"horario";"uf";"br";"km";"municipio";"causa_acidente";"tipo_acidente";"classificacao_acidente";"fase_dia";"sentido_via";"condicao_metereologica";"tipo_pista";"tracado_via";"uso_solo";"pessoas";"mortos";"feridos_leves";"feridos_graves";"ilesos";"ignorados";"feridos";"veiculos";"latitude";"longitude";"regional";"delegacia";"uop"
687548;2025-04-26;"sábado";"17:45:00";"PB";230;480,3;"MARIZOPOLIS";"Ausência de reação do condutor";"Queda de ocupante de veículo";"Com Vítimas Feridas";"Pleno dia";"Crescente";"Céu Claro";"Simples";"Reta";"Não";1;0;0;1;0;0;1;1;-6,84871416;-38,35932255;"SPRF-PB";"DEL03-PB";"UOP03-DEL03-PB"
687549;2025-04-26;"sábado";"22:20:00";"BA";116;17;"VITORIA DA CONQUISTA";"Acessar a via sem observar a presença dos outros veículos";"Colisão lateral sentido oposto";"Com Vítimas Feridas";"Plena Noite";"Crescente";"Céu Claro";"Simples";"Reta";"Sim";2;0;1;0;1;0;1;2;-14,8966;-40,8306;"SPRF-BA";"DEL08-BA";"UOP01-DEL08-BA"
687550;2025-04-26;"sábado";"20:50:00";"RJ";116;315;"RESENDE";"Demais falhas mecânicas ou elétricas";"Queda de ocupante de veículo";"Com Vítimas Feridas";"Plena Noite";"Crescente";"Céu Claro";"Dupla";"Reta";"Não";1;0;0;1;0;0;1;1;-22,46353217;-44,48531091;"SPRF-RJ";"DEL07-RJ";"UOP02-DEL07-RJ"
687551;2025-04-26;"sábado";"19:40:00";"MT";163;775;"SORRISO";"Condutor deixou de manter distância do veículo da frente";"Colisão traseira";"Com Vítimas Feridas";"Plena Noite";"Decrescente";"Céu Claro";"Simples";"Reta";"Não";3;0;3;0;0;0;3;2;-12,37555085;-55,60970306;"SPRF-MT";"DEL06-MT";"UOP02-DEL06-MT"
687553;2025-04-26;"sábado";"21:50:00";"MT";163;825;"SINOP";"Reação tardia ou ineficiente do condutor";"Saída de leito carroçável";"Com Vítimas Feridas";"Plena Noite";"Decrescente";"Céu Claro";"Simples";"Reta";"Sim";2;0;2;0;0;0;2;1;-11,94280148;-55,51645658;"SPRF-MT";"DEL06-MT";"UOP02-DEL06-MT"
687554;2025-04-26;"sábado";"21:50:00";"RS";471;174;"RIO PARDO";"Acumulo de areia ou detritos sobre o pavimento";"Saída de leito carroçável";"Sem Vítimas";"Plena Noite";"Crescente";"Céu Claro";"Simples";"Curva";"Sim";2;0;0;0;2;0;0;1;-29,98660403;-52,36867759;"SPRF-RS";"DEL02-RS";"UOP03-DEL02-RS"
687555;2025-04-26;"sábado";"20:27:00";"RO";364;801;"PORTO VELHO";"Reação tardia ou ineficiente do condutor";"Queda de ocupante de veículo";"Sem Vítimas";"Plena Noite";"Decrescente";"Nublado";"Simples";"Reta;Aclive";"Sim";4;0;0;0;3;1;0;2;-9,25804451;-64,40506029;"SPRF-RO";"DEL01-RO";"UOP02-DEL01-RO"
687556;2025-04-26;"sábado";"22:40:00";"RJ";101;403;"ITAGUAI";"Animais na Pista";"Engavetamento";"Com Vítimas Feridas";"Plena Noite";"Decrescente";"Céu Claro";"Dupla";"Reta";"Não";8;0;2;0;6;0;2;4;-22,863106;-43,795768;"SPRF-RJ";"DEL03-RJ";"UOP01-DEL03-RJ"
687557;2025-04-26;"sábado";"23:30:00";"PB";104;116,7;"LAGOA SECA";"Reação tardia ou ineficiente do condutor";"Tombamento";"Com Vítimas Feridas";"Plena Noite";"Decrescente";"Céu Claro";"Simples";"Curva";"Não";4;0;2;0;2;0;2;2;-7,176419;-35,860921;"SPRF-PB";"DEL02-PB";"UOP04-DEL02-PB"
687558;2025-04-26;"sábado";"19:35:00";"PR";116;152;"MANDIRITUBA";"Ingestão de álcool pelo condutor";"Colisão frontal";"Com Vítimas Feridas";"Plena Noite";"Crescente";"Céu Claro";"Simples";"Reta";"Sim";2;0;0;1;1;0;1;2;-25,86282566;-49,36210947;"SPRF-PR";"DEL01-PR";"UOP03-DEL01-PR"
687559;2025-04-26;"sábado";"19:04:00";"RO";429;9;"PRESIDENTE MEDICI";"Pista esburacada";"Queda de ocupante de veículo";"Com Vítimas Feridas";"Plena Noite";"Decrescente";"Garoa/Chuvisco";"Simples";"Reta";"Não";2;0;1;0;1;0;1;2;-11,200155;-61,974615;"SPRF-RO";"DEL02-RO";"UOP03-DEL02-RO"
687563;2025-04-26;"sábado";"22:50:00";"RR";174;470;"BOA VISTA";"Transitar no Acostamento";"Colisão traseira";"Com Vítimas Feridas";"Plena Noite";"Crescente";"Céu Claro";"Simples";"Reta";"Não";2;0;1;0;1;0;1;2;2,61839;-60,87692;"SPRF-RR";"DEL01-RR";"UOP01-DEL01-RR"
687564;2025-04-27;"domingo";"00:00:00";"SP";116;294;"ITAPECERICA DA SERRA";"Reação tardia ou ineficiente do condutor";"Queda de ocupante de veículo";"Com Vítimas Feridas";"Plena Noite";"Crescente";"Céu Claro";"Dupla";"Reta";"Não";1;0;0;1;0;0;1;1;-23,75071542;-46,90129732;"SPRF-SP";"DEL04-SP";"UOP01-DEL04-SP"
687565;2025-04-26;"sábado";"23:28:00";"PE";101;67,9;"RECIFE";"Avarias e/ou desgaste excessivo no pneu";"Tombamento";"Com Vítimas Feridas";"Plena Noite";"Crescente";"Nublado";"Dupla";"Aclive;Viaduto;Reta";"Não";2;0;2;0;0;0;2;1;-8,0501;-34,94585;"SPRF-PE";"DEL01-PE";"UOP01-DEL01-PE"
687566;2025-04-26;"sábado";"20:10:00";"RJ";101;314;"SAO GONCALO";"Condutor Dormindo";"Colisão com objeto";"Com Vítimas Feridas";"Plena Noite";"Decrescente";"Nublado";"Dupla";"Reta";"Não";1;0;1;0;0;0;1;1;-22,81940995;-43,08091164;"SPRF-RJ";"DEL02-RJ";"UOP02-DEL02-RJ"
687567;2025-04-26;"sábado";"23:20:00";"MA";135;16;"SAO LUIS";"Reação tardia ou ineficiente do condutor";"Colisão traseira";"Com Vítimas Feridas";"Plena Noite";"Decrescente";"Nublado";"Dupla";"Reta";"Não";3;0;2;1;0;0;3;2;-2,6947022;-44,3044683;"SPRF-MA";"DEL01-MA";"UOP01-DEL01-MA"
687569;2025-04-26;"sábado";"23:30:00";"PR";369;145;"LONDRINA";"Transitar na contramão";"Colisão frontal";"Com Vítimas Feridas";"Plena Noite";"Crescente";"Céu Claro";"Dupla";"Reta";"Sim";2;0;0;1;1;0;1;2;-23,29346315;-51,10914795;"SPRF-PR";"DEL07-PR";"UOP01-DEL07-PR"
687570;2025-04-27;"domingo";"00:15:00";"RS";386;310;"POUSO NOVO";"Ingestão de álcool pelo condutor";"Colisão com objeto";"Sem Vítimas";"Plena Noite";"Crescente";"Ignorado";"Simples";"Ponte;Curva";"Não";1;0;0;0;0;1;0;1;-29,22799544;-52,16759054;"SPRF-RS";"DEL04-RS";"UOP01-DEL04-RS"
687571;2025-04-26;"sábado";"21:30:00";"MG";267;81,8;"JUIZ DE FORA";"Velocidade Incompatível";"Saída de leito carroçável";"Com Vítimas Feridas";"Plena Noite";"Crescente";"Nublado";"Simples";"Declive";"Não";1;0;1;0;0;0;1;1;-21,76205059;-43,25145721;"SPRF-MG";"DEL05-MG";"UOP01-DEL05-MG"
687573;2025-04-27;"domingo";"01:05:00";"PR";469;13;"FOZ DO IGUACU";"Ingestão de álcool pelo condutor";"Tombamento";"Sem Vítimas";"Plena Noite";"Crescente";"Nublado";"Simples";"Reta";"Sim";1;0;0;0;1;0;0;1;-25,57809463;-54,54135641;"SPRF-PR";"DEL05-PR";"UOP04-DEL05-PR"
687574;2025-04-27;"domingo";"00:30:00";"RN";304;57,5;"MOSSORO";"Ausência de reação do condutor";"Saída de leito carroçável";"Com Vítimas Feridas";"Pleno dia";"Decrescente";"Céu Claro";"Dupla";"Reta";"Não";3;0;1;0;2;0;1;1;-5,30330305;-37,28055954;"SPRF-RN";"DEL04-RN";"UOP01-DEL04-RN"
687575;2025-04-27;"domingo";"00:50:00";"PR";153;320,4;"IMBITUVA";"Animais na Pista";"Atropelamento de Animal";"Sem Vítimas";"Plena Noite";"Crescente";"Céu Claro";"Simples";"Reta";"Não";5;0;0;0;5;0;0;1;-25,380742;-50,622417;"SPRF-PR";"DEL08-PR";"UOP02-DEL08-PR"
687576;2025-04-27;"domingo";"00:40:00";"AL";101;204,1;"SAO SEBASTIAO";"Ingestão de álcool pelo condutor";"Queda de ocupante de veículo";"Com Vítimas Feridas";"Plena Noite";"Crescente";"Céu Claro";"Dupla";"Aclive";"Não";2;0;0;1;1;0;1;1;-9,977502;-36,558574;"SPRF-AL";"DEL02-AL";"UOP02-DEL02-AL"
687577;2025-04-27;"domingo";"01:00:00";"SC";101;333,4;"TUBARAO";"Ingestão de álcool pelo condutor";"Colisão com objeto";"Sem Vítimas";"Plena Noite";"Crescente";"Céu Claro";"Múltipla";"Reta";"Não";1;0;0;0;1;0;0;1;-28,46718225;-49,00610447;"SPRF-SC";"DEL02-SC";"UOP01-DEL02-SC"
687578;2025-04-27;"domingo";"01:30:00";"RJ";101;514,4;"ANGRA DOS REIS";"Velocidade Incompatível";"Colisão com objeto";"Com Vítimas Feridas";"Plena Noite";"Decrescente";"Nublado";"Simples";"Curva";"Não";1;0;1;0;0;0;1;1;-22,97999245;-44,43635767;"SPRF-RJ";"DEL03-RJ";"UOP03-DEL03-RJ"
687579;2025-04-27;"domingo";"02:00:00";"SP";116;224;"GUARULHOS";"Reação tardia ou ineficiente do condutor";"Colisão com objeto";"Com Vítimas Feridas";"Plena Noite";"Crescente";"Nublado";"Múltipla";"Reta;Em Obras";"Sim";1;0;1;0;0;0;1;1;-23,48615982;-46,54063511;"SPRF-SP";"DEL01-SP";"UOP01-DEL01-SP"
687580;2025-04-26;"sábado";"23:40:00";"RO";364;810;"PORTO VELHO";"Pedestre - Ingestão de álcool/ substâncias psicoativas";"Capotamento";"Com Vítimas Feridas";"Plena Noite";"Crescente";"Céu Claro";"Simples";"Reta";"Não";4;0;2;0;2;0;2;1;-9,26884544;-64,47601318;"SPRF-RO";"DEL01-RO";"UOP02-DEL01-RO"
687581;2025-04-27;"domingo";"02:35:00";"PR";376;176;"MARINGA";"Velocidade Incompatível";"Colisão com objeto";"Com Vítimas Feridas";"Plena Noite";"Crescente";"Céu Claro";"Dupla";"Reta";"Sim";4;0;2;0;1;1;2;3;-23,411471;-51,940435;"SPRF-PR";"DEL09-PR";"UOP01-DEL09-PR"
687583;2025-04-27;"domingo";"01:45:00";"MG";262;38,9;"MANHUACU";"Ingestão de álcool pelo condutor";"Colisão traseira";"Sem Vítimas";"Plena Noite";"Decrescente";"Céu Claro";"Simples";"Reta";"Não";2;0;0;0;2;0;0;2;-20,276137;-42,053775;"SPRF-MG";"DEL06-MG";"UOP03-DEL06-MG"
687584;2025-04-27;"domingo";"02:00:00";"MS";163;529,2;"JARAGUARI";"Ausência de reação do condutor";"Saída de leito carroçável";"Sem Vítimas";"Plena Noite";"Crescente";"Nublado";"Simples";"Reta";"Não";3;0;0;0;3;0;0;1;-20,0786677;-54,42944581;"SPRF-MS";"DEL01-MS";"UOP02-DEL01-MS"
687585;2025-04-27;"domingo";"02:00:00";"RS";290;580;"ALEGRETE";"Animais na Pista";"Atropelamento de Animal";"Com Vítimas Feridas";"Plena Noite";"Crescente";"Chuva";"Simples";"Reta";"Não";1;0;1;0;0;0;1;1;-29,8051122;-55,7803885;"SPRF-RS";"DEL13-RS";"UOP02-DEL13-RS"
687586;2025-04-27;"domingo";"01:30:00";"AL";104;89;"RIO LARGO";"Ingestão de álcool pelo condutor";"Colisão traseira";"Com Vítimas Fatais";"Plena Noite";"Crescente";"Céu Claro";"Dupla";"Reta;Retorno Regulamentado";"Não";2;1;1;0;0;0;1;2;-9,488685;-35,8161867;"SPRF-AL";"DEL01-AL";"UOP01-DEL01-AL"
687587;2025-04-27;"domingo";"03:00:00";"SP";116;182;"GUARAREMA";"Ausência de reação do condutor";"Colisão traseira";"Com Vítimas Feridas";"Plena Noite";"Decrescente";"Céu Claro";"Dupla";"Reta";"Sim";3;0;2;0;1;0;2;2;-23,3223418;-46,11619541;"SPRF-SP";"DEL01-SP";"UOP01-DEL01-SP"
687588;2025-04-27;"domingo";"02:30:00";"ES";101;255;"SERRA";"Reação tardia ou ineficiente do condutor";"Colisão lateral mesmo sentido";"Com Vítimas Feridas";"Plena Noite";"Crescente";"Céu Claro";"Simples";"Reta";"Sim";2;0;2;0;0;0;2;2;-20,118736;-40,311946;"SPRF-ES";"DEL02-ES";"UOP01-DEL02-ES"
687589;2025-04-27;"domingo";"00:35:00";"MA";10;324;"ACAILANDIA";"Ausência de reação do condutor";"Colisão frontal";"Com Vítimas Feridas";"Plena Noite";"Crescente";"Céu Claro";"Simples";"Reta;Aclive";"Sim";3;0;1;0;1;1;1;3;-4,9281896;-47,50271559;"SPRF-MA";"DEL04-MA";"UOP03-DEL04-MA"
687590;2025-04-27;"domingo";"02:50:00";"RR";432;192,5;"CANTA";"Ultrapassagem Indevida";"Saída de leito carroçável";"Com Vítimas Feridas";"Plena Noite";"Decrescente";"Céu Claro";"Simples";"Curva";"Sim";3;0;0;1;1;1;1;2;2,62065;-60,5945;"SPRF-RR";"DEL01-RR";"UOP01-DEL01-RR"
687591;2025-04-27;"domingo";"03:10:00";"SC";470;51;"BLUMENAU";"Demais falhas mecânicas ou elétricas";"Colisão transversal";"Com Vítimas Feridas";"Pleno dia";"Decrescente";"Céu Claro";"Simples";"Curva;Viaduto";"Não";3;0;2;0;1;0;2;2;-26,86339982;-49,08234207;"SPRF-SC";"DEL04-SC";"UOP01-DEL04-SC"
687592;2025-04-27;"domingo";"03:00:00";"PR";376;232;"APUCARANA";"Ingestão de álcool pelo condutor";"Colisão traseira";"Com Vítimas Feridas";"Plena Noite";"Crescente";"Céu Claro";"Dupla";"Reta";"Não";5;0;3;2;0;0;5;2;-23,56772407;-51,51703835;"SPRF-PR";"DEL07-PR";"UOP03-DEL07-PR"
687594;2025-04-27;"domingo";"04:00:00";"PR";277;71,6;"SAO JOSE DOS PINHAIS";"Ausência de reação do condutor";"Queda de ocupante de veículo";"Com Vítimas Feridas";"Plena Noite";"Decrescente";"Nevoeiro/Neblina";"Dupla";"Reta";"Não";1;0;1;0;0;0;1;1;-25,50590697;-49,14090006;"SPRF-PR";"DEL01-PR";"UOP07-DEL01-PR"
687595;2025-04-27;"domingo";"03:20:00";"RR";432;195;"CANTA";"Reação tardia ou ineficiente do condutor";"Queda de ocupante de veículo";"Com Vítimas Feridas";"Plena Noite";"Decrescente";"Céu Claro";"Simples";"Reta";"Não";1;0;1;0;0;0;1;1;2,62790048;-60,59440613;"SPRF-RR";"DEL01-RR";"UOP01-DEL01-RR"
687596;2025-04-27;"domingo";"03:45:00";"MG";365;630;"UBERLANDIA";"Ausência de reação do condutor";"Colisão com objeto";"Sem Vítimas";"Plena Noite";"Crescente";"Nublado";"Dupla";"Reta";"Não";1;0;0;0;0;1;0;1;-18,88030044;-48,24920654;"SPRF-MG";"DEL15-MG";"UOP01-DEL15-MG"
687597;2025-04-27;"domingo";"03:30:00";"MG";262;355,8;"BETIM";"Velocidade Incompatível";"Saída de leito carroçável";"Com Vítimas Feridas";"Plena Noite";"Crescente";"Céu Claro";"Dupla";"Reta";"Não";3;0;2;0;1;0;2;1;-19,979344;-44,22439;"SPRF-MG";"DEL01-MG";"UOP03-DEL01-MG"
687598;2025-04-27;"domingo";"03:02:00";"PE";232;261,1;"ARCOVERDE";"Ultrapassagem Indevida";"Colisão frontal";"Com Vítimas Feridas";"Plena Noite";"Crescente";"Céu Claro";"Simples";"Reta;Ponte";"Não";3;0;2;0;0;1;2;2;-8,409527;-37,138802;"SPRF-PE";"DEL04-PE";"UOP02-DEL04-PE"
687599;2025-04-27;"domingo";"03:50:00";"PR";116;122,8;"CURITIBA";"Reação tardia ou ineficiente do condutor";"Saída de leito carroçável";"Sem Vítimas";"Plena Noite";"Crescente";"Nevoeiro/Neblina";"Dupla";"Retorno Regulamentado";"Não";1;0;0;0;0;1;0;1;-25,61003088;-49,31942844;"SPRF-PR";"DEL01-PR";"UOP03-DEL01-PR"
687600;2025-04-27;"domingo";"05:45:00";"GO";70;3;"AGUAS LINDAS DE GOIAS";"Ingestão de álcool pelo condutor";"Colisão traseira";"Com Vítimas Feridas";"Pleno dia";"Decrescente";"Garoa/Chuvisco";"Múltipla";"Curva;Declive";"Sim";2;0;1;0;1;0;1;2;-15,76196;-48,237248;"SPRF-DF";"DEL03-DF";"UOP02-DEL03-DF"
687602;2025-04-26;"sábado";"22:00:00";"RJ";116;210;"SEROPEDICA";"Reação tardia ou ineficiente do condutor";"Atropelamento de Pedestre";"Com Vítimas Feridas";"Plena Noite";"Decrescente";"Céu Claro";"Dupla";"Reta";"Não";2;0;0;1;0;1;1;2;-22,70683905;-43,74000549;"SPRF-RJ";"DEL06-RJ";"UOP02-DEL06-RJ"
687603;2025-04-27;"domingo";"06:15:00";"SC";101;216;"PALHOCA";"Condutor Dormindo";"Tombamento";"Com Vítimas Feridas";"Amanhecer";"Decrescente";"Céu Claro";"Múltipla";"Reta;Aclive";"Sim";2;0;0;2;0;0;2;1;-27,65200653;-48,67593376;"SPRF-SC";"DEL01-SC";"UOP02-DEL01-SC"
687604;2025-04-27;"domingo";"04:20:00";"RJ";465;14,9;"SEROPEDICA";"Ausência de reação do condutor";"Colisão lateral mesmo sentido";"Com Vítimas Feridas";"Plena Noite";"Crescente";"Nublado";"Simples";"Reta";"Sim";3;0;2;0;0;1;2;2;-22,80994574;-43,63227591;"SPRF-RJ";"DEL06-RJ";"UOP02-DEL06-RJ"
687605;2025-04-27;"domingo";"03:30:00";"MG";40;667,8;"CARANDAI";"Neblina";"Saída de leito carroçável";"Sem Vítimas";"Plena Noite";"Decrescente";"Nevoeiro/Neblina";"Simples";"Curva";"Não";1;0;0;0;1;0;0;1;-20,95573435;-43,79143308;"SPRF-MG";"DEL05-MG";"UOP02-DEL05-MG"
687606;2025-04-27;"domingo";"06:50:00";"MG";40;567;"NOVA LIMA";"Ausência de reação do condutor";"Tombamento";"Com Vítimas Feridas";"Pleno dia";"Crescente";"Céu Claro";"Simples";"Reta;Declive";"Não";1;0;1;0;0;0;1;1;-20,186909;-43,968199;"SPRF-MG";"DEL01-MG";"UOP02-DEL01-MG"
687610;2025-04-27;"domingo";"06:40:00";"GO";60;59;"ABADIANIA";"Condutor Dormindo";"Saída de leito carroçável";"Com Vítimas Feridas";"Amanhecer";"Crescente";"Céu Claro";"Dupla";"Curva";"Sim";1;0;1;0;0;0;1;1;-16,18466948;-48,6959815;"SPRF-GO";"DEL02-GO";"UOP01-DEL02-GO"
687611;2025-04-27;"domingo";"03:05:00";"SP";116;166;"JACAREI";"Animais na Pista";"Atropelamento de Animal";"Com Vítimas Feridas";"Plena Noite";"Crescente";"Céu Claro";"Dupla";"Reta";"Não";1;0;1;0;0;0;1;1;-23,30058518;-46,01743547;"SPRF-SP";"DEL02-SP";"UOP01-DEL02-SP"
687613;2025-04-27;"domingo";"06:10:00";"GO";60;168;"GOIANIA";"Ausência de reação do condutor";"Colisão com objeto";"Com Vítimas Fatais";"Pleno dia";"Decrescente";"Céu Claro";"Simples";"Reta";"Não";1;1;0;0;0;0;0;1;-16,732168;-49,396039;"SPRF-GO";"DEL01-GO";"UOP02-DEL01-GO"
687614;2025-04-27;"domingo";"07:59:00";"DF";40;0;"BRASILIA";"Reação tardia ou ineficiente do condutor";"Tombamento";"Com Vítimas Feridas";"Pleno dia";"Decrescente";"Céu Claro";"Dupla";"Interseção de Vias;Curva";"Sim";1;0;1;0;0;0;1;1;-15,975953;-47,989592;"SPRF-DF";"DEL01-DF";"UOP01-DEL01-DF"
687615;2025-04-03;"quinta-feira";"06:00:00";"SC";101;393,3;"CRICIUMA";"Pedestre andava na pista";"Atropelamento de Pedestre";"Com Vítimas Fatais";"Amanhecer";"Crescente";"Chuva";"Dupla";"Reta";"Não";2;1;0;0;1;0;0;2;-28,8211139;-49,3997475;"SPRF-SC";"DEL02-SC";"UOP02-DEL02-SC"
687617;2025-04-27;"domingo";"07:40:00";"SC";101;145,3;"ITAPEMA";"Ausência de reação do condutor";"Colisão com objeto";"Com Vítimas Feridas";"Pleno dia";"Decrescente";"Nublado";"Dupla";"Aclive;Reta";"Não";1;0;0;1;0;0;1;1;-27,08461507;-48,60562357;"SPRF-SC";"DEL04-SC";"UOP03-DEL04-SC"
687618;2025-04-26;"sábado";"13:30:00";"BA";101;737;"ITABELA";"Demais falhas mecânicas ou elétricas";"Incêndio";"Sem Vítimas";"Pleno dia";"Decrescente";"Céu Claro";"Simples";"Reta;Aclive";"Não";3;0;0;0;3;0;0;1;-16,52198;-39,569742;"SPRF-BA";"DEL09-BA";"UOP01-DEL09-BA"
687620;2025-04-27;"domingo";"07:30:00";"SP";116;223;"GUARULHOS";"Reação tardia ou ineficiente do condutor";"Queda de ocupante de veículo";"Com Vítimas Feridas";"Pleno dia";"Decrescente";"Céu Claro";"Múltipla";"Reta";"Sim";2;0;1;0;0;1;1;2;-23,48171884;-46,53408098;"SPRF-SP";"DEL01-SP";"UOP01-DEL01-SP"
687621;2025-04-27;"domingo";"07:30:00";"PE";423;118;"PARANATAMA";"Ultrapassagem Indevida";"Colisão frontal";"Com Vítimas Feridas";"Pleno dia";"Crescente";"Céu Claro";"Simples";"Reta";"Não";2;0;0;1;0;1;1;2;-8,909573;-36,680498;"SPRF-PE";"DEL03-PE";"UOP01-DEL03-PE"
687623;2025-04-27;"domingo";"08:10:00";"SP";381;54;"MAIRIPORA";"Curva acentuada";"Queda de ocupante de veículo";"Com Vítimas Feridas";"Pleno dia";"Decrescente";"Céu Claro";"Dupla";"Curva;Declive";"Sim";1;0;1;0;0;0;1;1;-23,25002366;-46,59306979;"SPRF-SP";"DEL03-SP";"UOP01-DEL03-SP"
687625;2025-04-27;"domingo";"08:45:00";"PR";116;117,6;"CURITIBA";"Reação tardia ou ineficiente do condutor";"Colisão com objeto";"Sem Vítimas";"Pleno dia";"Crescente";"Nevoeiro/Neblina";"Dupla";"Reta";"Sim";1;0;0;0;0;1;0;1;-25,562028;-49,308343;"SPRF-PR";"DEL01-PR";"UOP03-DEL01-PR"
687626;2025-04-27;"domingo";"09:45:00";"PE";232;57;"POMBOS";"Reação tardia ou ineficiente do condutor";"Tombamento";"Com Vítimas Feridas";"Pleno dia";"Crescente";"Céu Claro";"Dupla";"Aclive;Reta";"Não";2;0;2;0;0;0;2;1;-8,14177;-35,3833;"SPRF-PE";"DEL02-PE";"UOP02-DEL02PE"
687629;2025-04-27;"domingo";"08:30:00";"SP";153;335,8;"SALTO GRANDE";"Afundamento ou ondulação no pavimento";"Tombamento";"Com Vítimas Feridas";"Pleno dia";"Decrescente";"Nublado";"Simples";"Reta;Declive";"Não";1;0;1;0;0;0;1;1;-22,907042;-49,889495;"SPRF-SP";"DEL07-SP";"UOP03-DEL07-SP"
687630;2025-04-27;"domingo";"08:15:00";"SC";116;42;"MAFRA";"Ingestão de álcool pelo condutor";"Colisão com objeto";"Sem Vítimas";"Pleno dia";"Crescente";"Nublado";"Simples";"Reta";"Não";1;0;0;0;1;0;0;1;-26,1058014;-49,8086592;"SPRF-SC";"DEL06-SC";"UOP01-DEL06-SC"
687632;2025-04-27;"domingo";"09:30:00";"RJ";40;22,4;"TRES RIOS";"Acumulo de óleo sobre o pavimento";"Tombamento";"Com Vítimas Feridas";"Pleno dia";"Crescente";"Céu Claro";"Dupla";"Curva";"Sim";2;0;2;0;0;0;2;1;-22,127528;-43,155667;"SPRF-RJ";"DEL05-RJ";"UOP02-DEL05-RJ"
687633;2025-04-27;"domingo";"10:35:00";"DF";70;9;"BRASILIA";"Condutor deixou de manter distância do veículo da frente";"Colisão traseira";"Com Vítimas Fatais";"Pleno dia";"Crescente";"Céu Claro";"Dupla";"Reta";"Sim";6;1;0;1;2;2;1;4;-15,7875882;-48,14208537;"SPRF-DF";"DEL03-DF";"UOP02-DEL03-DF"
687635;2025-03-24;"segunda-feira";"08:20:00";"BA";101;261;"SANTO ANTONIO DE JESUS";"Retorno proibido";"Colisão transversal";"Com Vítimas Feridas";"Pleno dia";"Crescente";"Céu Claro";"Simples";"Reta";"Sim";2;0;1;0;1;0;1;2;-12,96761175;-39,27286148;"SPRF-BA";"DEL01-BA";"UOP02-DEL01-BA"
687636;2025-04-27;"domingo";"08:00:00";"RN";110;102;"UPANEMA";"Acessar a via sem observar a presença dos outros veículos";"Colisão transversal";"Com Vítimas Fatais";"Pleno dia";"Decrescente";"Céu Claro";"Simples";"Reta";"Não";2;1;0;0;1;0;0;2;-5,67491462;-37,26434112;"SPRF-RN";"DEL04-RN";"UOP01-DEL04-RN"
687637;2025-04-27;"domingo";"08:30:00";"RJ";116;110;"GUAPIMIRIM";"Velocidade Incompatível";"Colisão com objeto";"Com Vítimas Feridas";"Pleno dia";"Decrescente";"Céu Claro";"Dupla";"Curva";"Não";2;0;0;1;0;1;1;2;-22,5463969;-42,98813344;"SPRF-RJ";"DEL04-RJ";"UOP02-DEL04-RJ"
687638;2025-04-27;"domingo";"09:35:00";"MG";262;380;"JUATUBA";"Velocidade Incompatível";"Colisão com objeto";"Com Vítimas Feridas";"Pleno dia";"Crescente";"Céu Claro";"Dupla";"Curva";"Não";1;0;1;0;0;0;1;1;-19,93502126;-44,43425272;"SPRF-MG";"DEL01-MG";"UOP03-DEL01-MG"
687639;2025-04-27;"domingo";"10:50:00";"RS";285;488,3;"ENTRE-IJUIS";"Condutor deixou de manter distância do veículo da frente";"Colisão traseira";"Com Vítimas Feridas";"Pleno dia";"Decrescente";"Sol";"Simples";"Reta";"Não";6;0;2;0;4;0;2;2;-28,37482176;-54,18550238;"SPRF-RS";"DEL10-RS";"UOP01-DEL10-RS"
687640;2025-04-27;"domingo";"06:50:00";"RR";401;85;"BONFIM";"Condutor Dormindo";"Saída de leito carroçável";"Com Vítimas Feridas";"Pleno dia";"Crescente";"Céu Claro";"Simples";"Reta";"Não";1;0;0;1;0;0;1;1;3,242581;-60,128502;"SPRF-RR";"DEL01-RR";"UOP01-DEL01-RR"
687641;2025-04-27;"domingo";"08:40:00";"MG";40;41,5;"PARACATU";"Acessar a via sem observar a presença dos outros veículos";"Colisão transversal";"Com Vítimas Feridas";"Pleno dia";"Decrescente";"Céu Claro";"Simples";"Reta;Rotatória";"Sim";4;0;1;0;3;0;1;2;-17,215589;-46,868822;"SPRF-MG";"DEL14-MG";"UOP01-DEL14-MG"
687642;2025-04-27;"domingo";"08:37:00";"AC";364;121;"RIO BRANCO";"Ausência de reação do condutor";"Saída de leito carroçável";"Sem Vítimas";"Pleno dia";"Decrescente";"Nublado";"Dupla";"Reta";"Sim";1;0;0;0;0;1;0;1;-10,05881842;-67,69429208;"SPRF-AC";"DEL01-AC";"UOP01-DEL01-AC"
687643;2025-02-22;"sábado";"22:40:00";"ES";101;257,3;"SERRA";"Pedestre andava na pista";"Atropelamento de Pedestre";"Com Vítimas Feridas";"Plena Noite";"Decrescente";"Ignorado";"Dupla";"Rotatória";"Não";2;0;0;1;0;1;1;2;-20,12832782;-40,29915935;"SPRF-ES";"DEL02-ES";"UOP01-DEL02-ES"
687645;2025-04-27;"domingo";"12:00:00";"CE";116;26,5;"AQUIRAZ";"Transitar na contramão";"Colisão frontal";"Com Vítimas Feridas";"Pleno dia";"Crescente";"Céu Claro";"Simples";"Curva;Viaduto";"Não";2;0;0;1;0;1;1;2;-3,979498;-38,513432;"SPRF-CE";"DEL01-CE";"UOP02-DEL01-CE"
687646;2025-04-27;"domingo";"09:40:00";"GO";70;78,9;"COCALZINHO DE GOIAS";"Velocidade Incompatível";"Saída de leito carroçável";"Com Vítimas Fatais";"Pleno dia";"Crescente";"Céu Claro";"Simples";"Declive;Reta";"Não";2;1;0;1;0;0;1;1;-15,780579;-48,84211206;"SPRF-GO";"DEL02-GO";"UOP02-DEL02-GO"