"id";"data_inversa";"dia_semana";"horario";"uf";"br";"km";"municipio";"causa_acidente";"tipo_acidente";"classificacao_acidente";"fase_dia";"sentido_via";"condicao_metereologica";"tipo_pista";"tracado_via";"uso_solo";"pessoas";"mortos";"feridos_leves";"feridos_graves";"ilesos";"ignorados";"feridos";"veiculos";"latitude";"longitude";"regional";"delegacia";"uop"
687647;2025-04-27;"domingo";"10:45:00";"MG";40;629;"CONSELHEIRO LAFAIETE";"Reação tardia ou ineficiente do condutor";"Queda de ocupante de veículo";"Com Vítimas Feridas";"Pleno dia";"Crescente";"Céu Claro";"Simples";"Curva;Aclive";"Sim";2;0;1;0;1;0;1;1;-20,65343901;-43,80883813;"SPRF-MG";"DEL05-MG";"UOP02-DEL05-MG"
687648;2025-04-27;"domingo";"08:15:00";"MG";40;116,5;"LAGOA GRANDE";"Reação tardia ou ineficiente do condutor";"Saída de leito carroçável";"Com Vítimas Feridas";"Pleno dia";"Decrescente";"Céu Claro";"Simples";"Reta";"Não";3;0;2;0;1;0;2;1;-17,655302;-46,40173;"SPRF-MG";"DEL14-MG";"UOP01-DEL14-MG"
687649;2025-04-27;"domingo";"12:20:00";"RN";110;51;"MOSSORO";"Condutor deixou de manter distância do veículo da frente";"Colisão traseira";"Sem Vítimas";"Pleno dia";"Decrescente";"Céu Claro";"Simples";"Reta";"Sim";3;0;0;0;3;0;0;2;-5,30282;-37,281105;"SPRF-RN";"DEL04-RN";"UOP01-DEL04-RN"
687652;2025-04-27;"domingo";"10:07:00";"RS";386;157;"ALMIRANTE TAMANDARE DO SUL";"Afundamento ou ondulação no pavimento";"Saída de leito carroçável";"Com Vítimas Feridas";"Pleno dia";"Decrescente";"Nublado";"Simples";"Reta";"Não";3;0;1;0;2;0;1;1;-28,13407313;-52,84846544;"SPRF-RS";"DEL08-RS";"UOP01-DEL08-RS"
687653;2025-04-27;"domingo";"11:50:00";"RJ";493;81;"JAPERI";"Reação tardia ou ineficiente do condutor";"Saída de leito carroçável";"Com Vítimas Feridas";"Pleno dia";"Decrescente";"Céu Claro";"Dupla";"Reta";"Não";1;0;1;0;0;0;1;1;-22,6648744;-43,58838266;"SPRF-RJ";"DEL01-RJ";"UOP03-DEL01-RJ"
687654;2025-04-20;"domingo";"03:25:00";"RJ";116;135;"MAGE";"Ausência de reação do condutor";"Colisão com objeto";"Sem Vítimas";"Plena Noite";"Crescente";"Céu Claro";"Dupla";"Curva";"Não";1;0;0;0;0;1;0;1;-22,64783329;-43,18034425;"SPRF-RJ";"DEL04-RJ";"UOP02-DEL04-RJ"
687655;2025-04-27;"domingo";"09:55:00";"RO";364;383;"OURO PRETO DO OESTE";"Condutor deixou de manter distância do veículo da frente";"Colisão traseira";"Com Vítimas Feridas";"Pleno dia";"Crescente";"Céu Claro";"Simples";"Reta;Aclive";"Não";2;0;1;0;1;0;1;2;-10,72283;-62,240512;"SPRF-RO";"DEL02-RO";"UOP01-DEL02-RO"
687657;2025-04-27;"domingo";"08:00:00";"MS";267;61,5;"BATAGUASSU";"Condutor Dormindo";"Colisão lateral sentido oposto";"Com Vítimas Feridas";"Pleno dia";"Crescente";"Nublado";"Simples";"Declive";"Não";8;0;1;0;7;0;1;2;-21,843071;-52,687382;"SPRF-MS";"DEL02-MS";"UOP04-DEL02-MS"
687658;2025-04-27;"domingo";"13:40:00";"SC";101;51,1;"JOINVILLE";"Velocidade Incompatível";"Colisão com objeto";"Com Vítimas Feridas";"Pleno dia";"Crescente";"Nublado";"Dupla";"Curva";"Não";2;0;2;0;0;0;2;1;-26,38928078;-48,8401448;"SPRF-SC";"DEL03-SC";"UOP01-DEL03-SC"
687660;2025-04-27;"domingo";"12:30:00";"MS";163;265,3;"DOURADOS";"Demais falhas mecânicas ou elétricas";"Incêndio";"Sem Vítimas";"Pleno dia";"Decrescente";"Nublado";"Dupla";"Reta";"Não";1;0;0;0;1;0;0;1;-22,221902;-54,728258;"SPRF-MS";"DEL04-MS";"UOP01-DEL04-MS"
687661;2025-04-27;"domingo";"13:00:00";"PB";101;83,4;"BAYEUX";"Condutor deixou de manter distância do veículo da frente";"Colisão traseira";"Com Vítimas Feridas";"Pleno dia";"Crescente";"Céu Claro";"Dupla";"Reta";"Sim";2;0;0;1;0;1;1;2;-7,1369227;-34,9255477;"SPRF-PB";"DEL01-PB";"UOP01-DEL01-PB"
687663;2025-04-27;"domingo";"09:00:00";"SC";282;633,7;"DESCANSO";"Velocidade Incompatível";"Saída de leito carroçável";"Com Vítimas Feridas";"Pleno dia";"Decrescente";"Nublado";"Simples";"Curva";"Não";1;0;0;1;0;0;1;1;-26,82657233;-53,41997908;"SPRF-SC";"DEL07-SC";"UOP03-DEL07-SC"
687664;2025-04-27;"domingo";"14:15:00";"MG";50;25;"ARAGUARI";"Ingestão de álcool pelo condutor";"Saída de leito carroçável";"Com Vítimas Feridas";"Pleno dia";"Crescente";"Chuva";"Dupla";"Curva;Declive";"Não";4;0;3;1;0;0;4;1;-18,611944;-48,078894;"SPRF-MG";"DEL15-MG";"UOP02-DEL15-MG"
687666;2025-04-27;"domingo";"13:30:00";"MG";381;627,1;"OLIVEIRA";"Ausência de reação do condutor";"Saída de leito carroçável";"Com Vítimas Feridas";"Pleno dia";"Decrescente";"Chuva";"Dupla";"Curva;Declive";"Não";4;0;2;0;2;0;2;1;-20,6733312;-44,7250432;"SPRF-MG";"DEL04-MG";"UOP01-DEL04-MG"
687667;2025-04-27;"domingo";"14:00:00";"SC";470;143,8;"RIO DO SUL";"Reação tardia ou ineficiente do condutor";"Queda de ocupante de veículo";"Com Vítimas Feridas";"Pleno dia";"Crescente";"Nublado";"Simples";"Declive";"Sim";1;0;1;0;0;0;1;1;-27,224;-49,664;"SPRF-SC";"DEL04-SC";"UOP02-DEL04-SC"
687668;2025-04-27;"domingo";"04:30:00";"GO";364;43;"CACHOEIRA ALTA";"Ausência de reação do condutor";"Saída de leito carroçável";"Com Vítimas Feridas";"Plena Noite";"Decrescente";"Nublado";"Simples";"Curva;Declive";"Não";1;0;1;0;0;0;1;1;-18,8512199;-50,8483111;"SPRF-GO";"DEL05-GO";"UOP02-DEL05-GO"
687669;2025-04-27;"domingo";"14:30:00";"MG";381;486;"BETIM";"Ausência de reação do condutor";"Queda de ocupante de veículo";"Com Vítimas Feridas";"Pleno dia";"Crescente";"Céu Claro";"Dupla";"Reta";"Não";1;0;1;0;0;0;1;1;-19,95560537;-44,11241982;"SPRF-MG";"DEL01-MG";"UOP03-DEL01-MG"
687670;2025-04-27;"domingo";"13:00:00";"MG";40;513;"NOVA LIMA";"Chuva";"Queda de ocupante de veículo";"Com Vítimas Feridas";"Pleno dia";"Crescente";"Chuva";"Dupla";"Curva";"Sim";2;0;1;0;1;0;1;1;-20,0819228;-43,9793703;"SPRF-MG";"DEL01-MG";"UOP02-DEL01-MG"
687672;2025-04-27;"domingo";"08:20:00";"AM";174;994;"PRESIDENTE FIGUEIREDO";"Acessar a via sem observar a presença dos outros veículos";"Queda de ocupante de veículo";"Com Vítimas Feridas";"Pleno dia";"Crescente";"Céu Claro";"Simples";"Reta;Declive";"Não";3;0;2;0;0;1;2;2;-1,88141381;-60,07392883;"SPRF-AM";"DEL01-AM";"UOP02-DEL01-AM"
687673;2025-04-27;"domingo";"12:08:00";"AC";317;280;"EPITACIOLANDIA";"Reação tardia ou ineficiente do condutor";"Colisão com objeto";"Com Vítimas Feridas";"Pleno dia";"Decrescente";"Chuva";"Simples";"Curva;Declive";"Não";1;0;1;0;0;0;1;1;-10,97367188;-68,6372381;"SPRF-AC";"DEL01-AC";"UOP02-DEL01-AC"
687674;2025-04-19;"sábado";"08:40:00";"MG";381;873;"POUSO ALEGRE";"Velocidade Incompatível";"Colisão com objeto";"Com Vítimas Feridas";"Pleno dia";"Decrescente";"Chuva";"Dupla";"Curva";"Não";2;0;1;0;1;0;1;1;-22,420355;-45,96508;"SPRF-MG";"DEL16-MG";"UOP01-DEL16-MG"
687675;2025-04-27;"domingo";"14:40:00";"SC";101;223,5;"PALHOCA";"Ingestão de álcool pelo condutor";"Colisão traseira";"Com Vítimas Feridas";"Pleno dia";"Crescente";"Céu Claro";"Dupla";"Declive";"Sim";6;0;1;1;4;0;2;4;-27,721272;-48,645741;"SPRF-SC";"DEL01-SC";"UOP02-DEL01-SC"
687676;2025-04-27;"domingo";"15:00:00";"TO";153;338;"GUARAI";"Transitar na contramão";"Colisão frontal";"Sem Vítimas";"Pleno dia";"Decrescente";"Céu Claro";"Simples";"Reta";"Sim";2;0;0;0;2;0;0;2;-8,86124299;-48,5083285;"SPRF-TO";"DEL02-TO";"UOP02-DEL02-TO"
687677;2025-04-27;"domingo";"13:50:00";"SP";116;301;"SAO LOURENCO DA SERRA";"Reação tardia ou ineficiente do condutor";"Colisão traseira";"Com Vítimas Feridas";"Pleno dia";"Decrescente";"Céu Claro";"Dupla";"Reta;Aclive";"Sim";2;0;1;0;1;0;1;2;-23,808788;-46,923842;"SPRF-SP";"DEL04-SP";"UOP01-DEL04-SP"
687678;2025-04-27;"domingo";"15:30:00";"SE";101;88;"NOSSA SENHORA DO SOCORRO";"Acessar a via sem observar a presença dos outros veículos";"Colisão transversal";"Com Vítimas Feridas";"Pleno dia";"Crescente";"Céu Claro";"Dupla";"Reta;Em Obras;Desvio Temporário;Interseção de Vias";"Não";2;0;1;0;1;0;1;2;-10,87666946;-37,13415083;"SPRF-SE";"DEL01-SE";"UOP01-DEL01-SE"
687679;2025-04-27;"domingo";"15:15:00";"RJ";101;198;"CASIMIRO DE ABREU";"Condutor deixou de manter distância do veículo da frente";"Colisão transversal";"Com Vítimas Feridas";"Pleno dia";"Crescente";"Céu Claro";"Dupla";"Curva";"Não";3;0;1;0;1;1;1;3;-22,48588269;-42,13671237;"SPRF-RJ";"DEL08-RJ";"UOP04-DEL08-RJ"
687680;2025-04-27;"domingo";"15:20:00";"PE";101;87,1;"JABOATAO DOS GUARARAPES";"Velocidade Incompatível";"Saída de leito carroçável";"Com Vítimas Fatais";"Pleno dia";"Decrescente";"Sol";"Dupla";"Reta";"Não";2;1;0;0;0;1;0;1;-8,19214;-34,97492;"SPRF-PE";"DEL01-PE";"UOP01-DEL01-PE"
687681;2025-04-27;"domingo";"15:40:00";"SC";282;529;"CORDILHEIRA ALTA";"Acumulo de água sobre o pavimento";"Saída de leito carroçável";"Sem Vítimas";"Pleno dia";"Decrescente";"Chuva";"Simples";"Curva;Declive";"Não";1;0;0;0;1;0;0;1;-26,9839187;-52,6021028;"SPRF-SC";"DEL07-SC";"UOP01-DEL07-SC"
687682;2025-04-27;"domingo";"16:00:00";"GO";414;438,8;"ANAPOLIS";"Ingestão de álcool pelo condutor";"Saída de leito carroçável";"Com Vítimas Feridas";"Pleno dia";"Decrescente";"Nublado";"Simples";"Reta";"Sim";1;0;0;1;0;0;1;1;-16,2721515;-48,9399051;"SPRF-GO";"DEL02-GO";"UOP01-DEL02-GO"
687683;2025-04-27;"domingo";"15:45:00";"MG";116;277;"TEOFILO OTONI";"Ausência de reação do condutor";"Colisão lateral mesmo sentido";"Com Vítimas Feridas";"Pleno dia";"Crescente";"Céu Claro";"Dupla";"Reta";"Sim";2;0;1;0;0;1;1;2;-17,86574624;-41,51639216;"SPRF-MG";"DEL11-MG";"UOP01-DEL11-MG"
687684;2025-04-27;"domingo";"14:06:00";"MS";163;375,3;"NOVA ALVORADA DO SUL";"Ausência de reação do condutor";"Saída de leito carroçável";"Com Vítimas Feridas";"Pleno dia";"Crescente";"Nublado";"Simples";"Reta";"Não";3;0;3;0;0;0;3;1;-21,4850931;-54,30344166;"SPRF-MS";"DEL02-MS";"UOP01-DEL02-MS"
687686;2025-04-27;"domingo";"16:30:00";"SP";116;192;"SANTA ISABEL";"Reação tardia ou ineficiente do condutor";"Tombamento";"Com Vítimas Feridas";"Pleno dia";"Crescente";"Céu Claro";"Dupla";"Reta";"Não";1;0;1;0;0;0;1;1;-23,379231;-46,256995;"SPRF-SP";"DEL01-SP";"UOP01-DEL01-SP"
687687;2025-04-27;"domingo";"13:00:00";"SP";116;151;"SAO JOSE DOS CAMPOS";"Acessar a via sem observar a presença dos outros veículos";"Tombamento";"Com Vítimas Feridas";"Pleno dia";"Decrescente";"Céu Claro";"Simples";"Reta";"Sim";1;0;1;0;0;0;1;1;-23,22244567;-45,90272125;"SPRF-SP";"DEL02-SP";"UOP01-DEL02-SP"
687689;2025-04-27;"domingo";"17:15:00";"RS";293;1,6;"PELOTAS";"Acessar a via sem observar a presença dos outros veículos";"Colisão transversal";"Com Vítimas Feridas";"Pleno dia";"Decrescente";"Nublado";"Simples";"Reta;Interseção de Vias";"Sim";2;0;0;1;1;0;1;2;-31,748633;-52,36102;"SPRF-RS";"DEL11-RS";"UOP03-DEL11-RS"
687690;2025-04-27;"domingo";"15:40:00";"SE";101;152;"ESTANCIA";"Acessar a via sem observar a presença dos outros veículos";"Colisão transversal";"Com Vítimas Feridas";"Pleno dia";"Decrescente";"Céu Claro";"Simples";"Reta;Retorno Regulamentado";"Sim";2;0;1;0;1;0;1;2;-11,27410304;-37,44790792;"SPRF-SE";"DEL02-SE";"UOP01-DEL02-SE"
687691;2025-04-27;"domingo";"17:00:00";"PR";369;189;"ARAPONGAS";"Demais falhas mecânicas ou elétricas";"Incêndio";"Sem Vítimas";"Pleno dia";"Decrescente";"Céu Claro";"Dupla";"Reta;Aclive";"Não";5;0;0;0;5;0;0;1;-23,456393;-51,423255;"SPRF-PR";"DEL07-PR";"UOP03-DEL07-PR"
687693;2025-04-27;"domingo";"17:25:00";"SC";101;329;"TUBARAO";"Ingestão de álcool pelo condutor";"Colisão traseira";"Com Vítimas Feridas";"Anoitecer";"Crescente";"Céu Claro";"Dupla";"Reta";"Não";4;0;0;2;2;0;2;2;-28,4565287;-48,98112237;"SPRF-SC";"DEL02-SC";"UOP01-DEL02-SC"
687696;2025-04-27;"domingo";"15:40:00";"BA";324;617;"SALVADOR";"Demais falhas mecânicas ou elétricas";"Incêndio";"Sem Vítimas";"Pleno dia";"Crescente";"Céu Claro";"Dupla";"Reta";"Não";1;0;0;0;1;0;0;1;-12,9039993;-38,4533608;"SPRF-BA";"DEL01-BA";"UOP01-DEL01-BA"
687697;2025-04-27;"domingo";"18:00:00";"BA";324;604;"SIMOES FILHO";"Ultrapassagem Indevida";"Colisão lateral mesmo sentido";"Sem Vítimas";"Plena Noite";"Decrescente";"Céu Claro";"Dupla";"Reta";"Não";4;0;0;0;3;1;0;2;-12,7931275;-38,4045388;"SPRF-BA";"DEL01-BA";"UOP01-DEL01-BA"
687698;2025-04-27;"domingo";"02:00:00";"RJ";101;309;"SAO GONCALO";"Ausência de reação do condutor";"Colisão com objeto";"Com Vítimas Feridas";"Plena Noite";"Decrescente";"Nublado";"Dupla";"Reta";"Sim";2;0;2;0;0;0;2;1;-22,79349408;-43,02628686;"SPRF-RJ";"DEL02-RJ";"UOP02-DEL02-RJ"
687699;2025-04-27;"domingo";"17:55:00";"SC";470;45,1;"GASPAR";"Acessar a via sem observar a presença dos outros veículos";"Colisão transversal";"Com Vítimas Feridas";"Plena Noite";"Crescente";"Nublado";"Simples";"Em Obras;Reta";"Não";3;0;3;0;0;0;3;2;-26,86612446;-49,03228694;"SPRF-SC";"DEL04-SC";"UOP01-DEL04-SC"
687700;2025-04-27;"domingo";"18:10:00";"SP";116;211;"GUARULHOS";"Manobra de mudança de faixa";"Colisão traseira";"Com Vítimas Feridas";"Plena Noite";"Crescente";"Nublado";"Múltipla";"Reta;Declive";"Sim";6;0;0;2;4;0;2;2;-23,4357272;-46,4279665;"SPRF-SP";"DEL01-SP";"UOP01-DEL01-SP"
687701;2025-04-27;"domingo";"17:00:00";"MA";135;5;"SAO LUIS";"Ingestão de álcool pelo condutor";"Queda de ocupante de veículo";"Com Vítimas Feridas";"Pleno dia";"Crescente";"Nublado";"Dupla";"Reta";"Sim";1;0;0;1;0;0;1;1;-2,60925;-44,24954;"SPRF-MA";"DEL01-MA";"UOP01-DEL01-MA"
687702;2025-04-27;"domingo";"17:35:00";"MA";222;673;"ACAILANDIA";"Reação tardia ou ineficiente do condutor";"Tombamento";"Com Vítimas Feridas";"Anoitecer";"Decrescente";"Céu Claro";"Simples";"Reta";"Sim";2;0;0;2;0;0;2;1;-4,95021;-47,48169;"SPRF-MA";"DEL04-MA";"UOP03-DEL04-MA"
687703;2025-04-27;"domingo";"17:50:00";"PR";376;170,8;"MARINGA";"Desrespeitar a preferência no cruzamento";"Colisão transversal";"Com Vítimas Feridas";"Pleno dia";"Crescente";"Céu Claro";"Dupla";"Interseção de Vias";"Sim";3;0;0;1;1;1;1;3;-23,41020845;-51,98741198;"SPRF-PR";"DEL09-PR";"UOP01-DEL09-PR"
687704;2025-04-27;"domingo";"16:40:00";"SC";101;44,6;"JOINVILLE";"Ausência de reação do condutor";"Tombamento";"Com Vítimas Feridas";"Pleno dia";"Crescente";"Nublado";"Simples";"Declive;Reta";"Sim";1;0;1;0;0;0;1;1;-26,34350326;-48,85827033;"SPRF-SC";"DEL03-SC";"UOP01-DEL03-SC"
687705;2025-04-27;"domingo";"18:20:00";"PR";476;196,4;"LAPA";"Desrespeitar a preferência no cruzamento";"Colisão transversal";"Com Vítimas Feridas";"Plena Noite";"Crescente";"Nublado";"Simples";"Aclive;Reta";"Sim";2;0;1;0;1;0;1;2;-25,755968;-49,728824;"SPRF-PR";"DEL01-PR";"UOP06-DEL01-PR"
687706;2025-04-27;"domingo";"17:25:00";"MG";262;399;"PARA DE MINAS";"Reação tardia ou ineficiente do condutor";"Colisão traseira";"Com Vítimas Feridas";"Anoitecer";"Decrescente";"Céu Claro";"Dupla";"Reta";"Sim";4;0;3;0;1;0;3;2;-19,885689;-44,601674;"SPRF-MG";"DEL01-MG";"UOP03-DEL01-MG"
687707;2025-04-27;"domingo";"18:30:00";"CE";20;394;"CAUCAIA";"Ausência de reação do condutor";"Saída de leito carroçável";"Com Vítimas Feridas";"Plena Noite";"Crescente";"Céu Claro";"Simples";"Reta";"Não";1;0;1;0;0;0;1;1;-3,82214028;-38,74541178;"SPRF-CE";"DEL01-CE";"UOP01-DEL01-CE"
687708;2025-04-27;"domingo";"17:05:00";"SC";282;343;"CAMPOS NOVOS";"Ingestão de álcool pelo condutor";"Saída de leito carroçável";"Com Vítimas Feridas";"Anoitecer";"Decrescente";"Chuva";"Simples";"Reta";"Sim";1;0;1;0;0;0;1;1;-27,3895502;-51,2260015;"SPRF-SC";"DEL07-SC";"UOP06-DEL07-SC"
687709;2025-04-27;"domingo";"18:10:00";"MG";356;266,3;"MURIAE";"Desrespeitar a preferência no cruzamento";"Colisão transversal";"Com Vítimas Feridas";"Plena Noite";"Crescente";"Nublado";"Simples";"Rotatória";"Sim";2;0;0;1;1;0;1;2;-21,1463101;-42,38128;"SPRF-MG";"DEL07-MG";"UOP02-DEL07-MG"
687710;2025-04-27;"domingo";"18:45:00";"ES";101;66;"SAO MATEUS";"Manobra de mudança de faixa";"Colisão lateral mesmo sentido";"Com Vítimas Feridas";"Plena Noite";"Crescente";"Céu Claro";"Dupla";"Reta";"Sim";2;0;1;0;0;1;1;2;-18,71696785;-39,87288086;"SPRF-ES";"DEL04-ES";"UOP02-DEL04-ES"
687711;2025-04-27;"domingo";"16:45:00";"MG";262;526;"LUZ";"Ausência de reação do condutor";"Saída de leito carroçável";"Sem Vítimas";"Pleno dia";"Decrescente";"Chuva";"Simples";"Declive;Reta";"Não";1;0;0;0;1;0;0;1;-19,78383511;-45,69870421;"SPRF-MG";"DEL08-MG";"UOP03-DEL08-MG"
687712;2025-04-27;"domingo";"16:30:00";"RJ";40;16;"TRES RIOS";"Demais falhas na via";"Queda de ocupante de veículo";"Com Vítimas Feridas";"Pleno dia";"Crescente";"Céu Claro";"Dupla";"Reta";"Sim";2;0;2;0;0;0;2;1;-22,08514282;-43,1772995;"SPRF-RJ";"DEL05-RJ";"UOP02-DEL05-RJ"
687713;2025-04-27;"domingo";"17:30:00";"RJ";101;390;"RIO DE JANEIRO";"Demais falhas mecânicas ou elétricas";"Colisão com objeto";"Com Vítimas Feridas";"Anoitecer";"Decrescente";"Céu Claro";"Dupla";"Curva";"Sim";1;0;1;0;0;0;1;1;-22,89560227;-43,68281577;"SPRF-RJ";"DEL03-RJ";"UOP01-DEL03-RJ"
687714;2025-04-27;"domingo";"19:15:00";"TO";153;497;"PARAISO DO TOCANTINS";"Conversão proibida";"Colisão transversal";"Com Vítimas Feridas";"Plena Noite";"Crescente";"Céu Claro";"Dupla";"Interseção de Vias";"Sim";2;0;0;1;0;1;1;2;-10,18338168;-48,88057709;"SPRF-TO";"DEL01-TO";"UOP01-DEL01-TO"
687716;2025-04-27;"domingo";"17:45:00";"PE";408;70,6;"PAUDALHO";"Acessar a via sem observar a presença dos outros veículos";"Colisão transversal";"Com Vítimas Feridas";"Anoitecer";"Decrescente";"Céu Claro";"Dupla";"Reta";"Não";6;0;0;1;5;0;1;2;-7,92438;-35,15354;"SPRF-PE";"DEL01-PE";"UOP01-DEL01-PE"
687717;2025-04-27;"domingo";"18:00:00";"AL";101;81,1;"RIO LARGO";"Ingestão de álcool pelo condutor";"Capotamento";"Com Vítimas Feridas";"Pleno dia";"Decrescente";"Céu Claro";"Dupla";"Aclive;Curva";"Não";2;0;0;2;0;0;2;1;-9,44723753;-35,85558638;"SPRF-AL";"DEL01-AL";"UOP01-DEL01-AL"
687718;2025-04-27;"domingo";"18:45:00";"AL";101;130;"SAO MIGUEL DOS CAMPOS";"Ausência de reação do condutor";"Saída de leito carroçável";"Com Vítimas Feridas";"Plena Noite";"Decrescente";"Céu Claro";"Simples";"Em Obras;Curva";"Não";1;0;1;0;0;0;1;1;-9,760175;-36,071108;"SPRF-AL";"DEL02-AL";"UOP01-DEL02-AL"
687719;2025-04-27;"domingo";"18:50:00";"PR";376;2,8;"SAO JOSE DOS PINHAIS";"Pedestre cruzava a pista fora da faixa";"Atropelamento de Pedestre";"Com Vítimas Feridas";"Plena Noite";"Decrescente";"Nublado";"Dupla";"Reta";"Sim";3;0;1;0;2;0;1;2;-25,54398062;-49,1903615;"SPRF-PR";"DEL01-PR";"UOP04-DEL01-PR"
687721;2025-04-27;"domingo";"17:45:00";"RO";364;424;"JARU";"Conversão proibida";"Colisão transversal";"Com Vítimas Feridas";"Anoitecer";"Decrescente";"Céu Claro";"Simples";"Reta";"Não";4;0;1;0;3;0;1;2;-10,44316717;-62,46684194;"SPRF-RO";"DEL03-RO";"UOP02-DEL03-RO"
687722;2025-04-27;"domingo";"16:20:00";"PB";104;113,7;"LAGOA SECA";"Demais falhas mecânicas ou elétricas";"Incêndio";"Com Vítimas Feridas";"Pleno dia";"Decrescente";"Céu Claro";"Simples";"Curva";"Sim";1;0;0;1;0;0;1;1;-7,1598;-35,85608;"SPRF-PB";"DEL02-PB";"UOP04-DEL02-PB"
687723;2025-04-27;"domingo";"19:40:00";"SP";116;219;"GUARULHOS";"Ausência de reação do condutor";"Colisão traseira";"Com Vítimas Feridas";"Plena Noite";"Crescente";"Nublado";"Múltipla";"Reta";"Sim";3;0;0;2;1;0;2;2;-23,4624424;-46,4928434;"SPRF-SP";"DEL01-SP";"UOP01-DEL01-SP"
687724;2025-04-27;"domingo";"18:10:00";"PI";343;4,8;"TERESINA";"Ausência de reação do condutor";"Colisão com objeto";"Com Vítimas Feridas";"Plena Noite";"Decrescente";"Céu Claro";"Múltipla";"Ponte";"Sim";3;0;3;0;0;0;3;1;-5,08364391;-42,79743254;"SPRF-PI";"DEL01-PI";"UOP01-DEL01-PI"
687725;2025-04-27;"domingo";"19:30:00";"SP";153;111;"JOSE BONIFACIO";"Ausência de reação do condutor";"Colisão lateral mesmo sentido";"Com Vítimas Feridas";"Plena Noite";"Crescente";"Nublado";"Simples";"Reta;Declive";"Não";2;0;2;0;0;0;2;2;-21,0966259;-49,67870622;"SPRF-SP";"DEL09-SP";"UOP01-DEL09-SP"
687726;2025-04-27;"domingo";"18:22:00";"MG";365;700;"MONTE ALEGRE DE MINAS";"Reação tardia ou ineficiente do condutor";"Colisão com objeto";"Sem Vítimas";"Anoitecer";"Crescente";"Nublado";"Dupla";"Reta;Retorno Regulamentado";"Sim";1;0;0;0;0;1;0;1;-18,87948832;-48,99114847;"SPRF-MG";"DEL15-MG";"UOP03-DEL15-MG"
687727;2025-04-27;"domingo";"20:00:00";"BA";116;413;"FEIRA DE SANTANA";"Ingestão de álcool pelo condutor";"Colisão lateral mesmo sentido";"Com Vítimas Feridas";"Plena Noite";"Crescente";"Céu Claro";"Dupla";"Reta;Retorno Regulamentado";"Não";2;0;0;1;1;0;1;2;-12,165053;-38,9650131;"SPRF-BA";"DEL02-BA";"UOP01-DEL02-BA"
687728;2025-04-27;"domingo";"01:00:00";"SC";280;30,1;"ARAQUARI";"Ingestão de álcool pelo condutor";"Saída de leito carroçável";"Sem Vítimas";"Plena Noite";"Decrescente";"Ignorado";"Simples";"Reta";"Não";1;0;0;0;1;0;0;1;-26,44794451;-48,84565734;"SPRF-SC";"DEL03-SC";"UOP03-DEL03-SC"
687729;2025-04-27;"domingo";"19:20:00";"PR";277;128;"CAMPO LARGO";"Reação tardia ou ineficiente do condutor";"Colisão lateral mesmo sentido";"Sem Vítimas";"Plena Noite";"Crescente";"Nublado";"Dupla";"Reta";"Não";5;0;0;0;5;0;0;2;-25,4416276;-49,56001282;"SPRF-PR";"DEL03-PR";"UOP03-DEL03-PR"
687731;2025-04-27;"domingo";"19:35:00";"PR";376;491;"PONTA GROSSA";"Animais na Pista";"Atropelamento de Animal";"Com Vítimas Feridas";"Plena Noite";"Crescente";"Ignorado";"Dupla";"Curva;Aclive";"Não";2;0;2;0;0;0;2;1;-25,110595;-50,189642;"SPRF-PR";"DEL03-PR";"UOP04-DEL03-PR"
687732;2025-04-27;"domingo";"16:45:00";"RJ";101;503;"ANGRA DOS REIS";"Conversão proibida";"Colisão traseira";"Com Vítimas Feridas";"Pleno dia";"Decrescente";"Nublado";"Simples";"Reta";"Sim";3;0;1;2;0;0;3;2;-22,93066856;-44,38467725;"SPRF-RJ";"DEL03-RJ";"UOP03-DEL03-RJ"
687733;2025-04-27;"domingo";"18:30:00";"PR";369;186;"ARAPONGAS";"Ultrapassagem Indevida";"Colisão lateral mesmo sentido";"Sem Vítimas";"Plena Noite";"Crescente";"Nublado";"Simples";"Interseção de Vias";"Não";2;0;0;0;2;0;0;2;-23,415457;-51,427188;"SPRF-PR";"DEL07-PR";"UOP03-DEL07-PR"
687735;2025-04-27;"domingo";"18:45:00";"MA";135;9;"SAO LUIS";"Acessar a via sem observar a presença dos outros veículos";"Atropelamento de Pedestre";"Sem Vítimas";"Plena Noite";"Crescente";"Chuva";"Dupla";"Reta";"Sim";2;0;0;0;1;1;0;2;-2,651972;-44,283882;"SPRF-MA";"DEL01-MA";"UOP01-DEL01-MA"
687738;2025-04-27;"domingo";"20:00:00";"SP";381;81,7;"SAO PAULO";"Reação tardia ou ineficiente do condutor";"Engavetamento";"Sem Vítimas";"Plena Noite";"Decrescente";"Nublado";"Dupla";"Reta";"Sim";3;0;0;0;3;0;0;3;-23,42925502;-46,57077909;"SPRF-SP";"DEL03-SP";"UOP01-DEL03-SP"
687739;2025-04-27;"domingo";"20:00:00";"PE";104;61;"CARUARU";"Manobra de mudança de faixa";"Colisão traseira";"Com Vítimas Feridas";"Plena Noite";"Crescente";"Céu Claro";"Dupla";"Reta";"Não";2;0;0;1;1;0;1;2;-8,244408;-35,975327;"SPRF-PE";"DEL02-PE";"UOP01-DEL02-PE"