"id";"data_inversa";"dia_semana";"horario";"uf";"br";"km";"municipio";"causa_acidente";"tipo_acidente";"classificacao_acidente";"fase_dia";"sentido_via";"condicao_metereologica";"tipo_pista";"tracado_via";"uso_solo";"pessoas";"mortos";"feridos_leves";"feridos_graves";"ilesos";"ignorados";"feridos";"veiculos";"latitude";"longitude";"regional";"delegacia";"uop"
688094;2025-04-29;"terça-feira";"17:37:00";"RJ";101;64;"CAMPOS DOS GOYTACAZES";"Acumulo de óleo sobre o pavimento";"Tombamento";"Com Vítimas Feridas";"Anoitecer";"Crescente";"Nublado";"Simples";"Reta";"Sim";2;0;1;0;1;0;1;1;-21,752508;-41,340212;"SPRF-RJ";"DEL08-RJ";"UOP02-DEL08-RJ"
688095;2025-04-29;"terça-feira";"17:10:00";"ES";101;285,1;"CARIACICA";"Acesso irregular";"Colisão transversal";"Com Vítimas Feridas";"Anoitecer";"Crescente";"Céu Claro";"Dupla";"Reta;Declive;Interseção de Vias";"Sim";2;0;1;1;0;0;2;2;-20,25205;-40,37313;"SPRF-ES";"DEL01-ES";"UOP01-DEL01-ES"
688096;2025-04-29;"terça-feira";"17:15:00";"MG";262;444,9;"NOVA SERRANA";"Pedestre cruzava a pista fora da faixa";"Atropelamento de Pedestre";"Com Vítimas Feridas";"Pleno dia";"Decrescente";"Céu Claro";"Dupla";"Reta";"Sim";3;0;2;0;0;1;2;2;-19,86820426;-44,98830047;"SPRF-MG";"DEL08-MG";"UOP03-DEL08-MG"
688097;2025-04-29;"terça-feira";"18:00:00";"SP";116;219,5;"GUARULHOS";"Trafegar com motocicleta (ou similar) entre as faixas";"Tombamento";"Com Vítimas Feridas";"Plena Noite";"Decrescente";"Nublado";"Múltipla";"Em Obras;Reta";"Sim";1;0;1;0;0;0;1;1;-23,464052;-46,496773;"SPRF-SP";"DEL01-SP";"UOP01-DEL01-SP"
688098;2025-04-29;"terça-feira";"17:40:00";"SP";116;157;"SAO JOSE DOS CAMPOS";"Ausência de reação do condutor";"Colisão traseira";"Sem Vítimas";"Anoitecer";"Decrescente";"Céu Claro";"Dupla";"Reta";"Não";2;0;0;0;2;0;0;2;-23,2511815;-45,93678117;"SPRF-SP";"DEL02-SP";"UOP01-DEL02-SP"
688101;2025-04-29;"terça-feira";"13:15:00";"CE";222;123;"ITAPAJE";"Acessar a via sem observar a presença dos outros veículos";"Colisão transversal";"Com Vítimas Feridas";"Pleno dia";"Decrescente";"Céu Claro";"Simples";"Reta";"Não";2;0;0;1;1;0;1;2;-3,70043962;-39,60551977;"SPRF-CE";"DEL04-CE";"UOP03-DEL04-CE"
688102;2025-04-29;"terça-feira";"16:58:00";"MA";135;1,5;"SAO LUIS";"Reação tardia ou ineficiente do condutor";"Colisão transversal";"Sem Vítimas";"Pleno dia";"Crescente";"Sol";"Dupla";"Reta";"Sim";3;0;0;0;2;1;0;3;-2,593887;-44,24535;"SPRF-MA";"DEL01-MA";"UOP01-DEL01-MA"
688103;2025-04-29;"terça-feira";"17:02:00";"RS";158;154,7;"PANAMBI";"Ultrapassagem Indevida";"Colisão frontal";"Com Vítimas Feridas";"Pleno dia";"Crescente";"Céu Claro";"Simples";"Reta";"Não";4;0;3;0;0;1;3;3;-28,31666419;-53,49283783;"SPRF-RS";"DEL10-RS";"UOP02-DEL10-RS"
688106;2025-04-29;"terça-feira";"18:44:00";"PA";230;115;"MARABA";"Reação tardia ou ineficiente do condutor";"Colisão traseira";"Sem Vítimas";"Plena Noite";"Decrescente";"Céu Claro";"Dupla";"Reta";"Sim";2;0;0;0;2;0;0;2;-5,35783688;-49,0865171;"SPRF-PA";"DEL03-PA";"UOP01-DEL03-PA"
688107;2025-04-29;"terça-feira";"18:15:00";"RS";293;11,9;"CAPAO DO LEAO";"Acessar a via sem observar a presença dos outros veículos";"Colisão transversal";"Com Vítimas Feridas";"Amanhecer";"Decrescente";"Céu Claro";"Simples";"Reta";"Não";2;0;0;1;1;0;1;2;-31,75630074;-52,44133679;"SPRF-RS";"DEL07-RS";"UOP01-DEL07-RS"
688108;2025-04-29;"terça-feira";"18:50:00";"SC";101;309,8;"LAGUNA";"Pedestre - Ingestão de álcool/ substâncias psicoativas";"Atropelamento de Pedestre";"Com Vítimas Feridas";"Anoitecer";"Decrescente";"Ignorado";"Múltipla";"Reta";"Não";3;0;1;1;0;1;2;3;-28,4292;-48,8029;"SPRF-SC";"DEL02-SC";"UOP01-DEL02-SC"
688110;2025-04-29;"terça-feira";"18:35:00";"PI";402;34;"BURITI DOS LOPES";"Desrespeitar a preferência no cruzamento";"Colisão frontal";"Com Vítimas Feridas";"Plena Noite";"Decrescente";"Chuva";"Simples";"Reta";"Sim";2;0;1;0;1;0;1;2;-3,0932992;-41,8381824;"SPRF-PI";"DEL05-PI";"UOP01-DEL05-PI"
688113;2025-04-29;"terça-feira";"18:30:00";"BA";330;817;"JEQUIE";"Transitar na contramão";"Colisão lateral sentido oposto";"Com Vítimas Feridas";"Plena Noite";"Decrescente";"Céu Claro";"Simples";"Reta";"Não";2;0;1;0;1;0;1;2;-13,8805142;-40,1273435;"SPRF-BA";"DEL03-BA";"UOP01-DEL03-BA"
688114;2025-04-29;"terça-feira";"19:00:00";"RS";392;26,4;"RIO GRANDE";"Demais falhas mecânicas ou elétricas";"Saída de leito carroçável";"Sem Vítimas";"Plena Noite";"Crescente";"Céu Claro";"Dupla";"Reta";"Sim";2;0;0;0;2;0;0;1;-32,07524232;-52,26026773;"SPRF-RS";"DEL07-RS";"UOP02-DEL07-RS"
688115;2025-04-29;"terça-feira";"19:30:00";"PR";376;603;"CURITIBA";"Condutor deixou de manter distância do veículo da frente";"Colisão traseira";"Com Vítimas Feridas";"Plena Noite";"Decrescente";"Nublado";"Dupla";"Reta";"Sim";2;0;1;0;1;0;1;2;-25,5305095;-49,32522146;"SPRF-PR";"DEL01-PR";"UOP06-DEL01-PR"
688116;2025-04-29;"terça-feira";"19:20:00";"DF";20;11;"BRASILIA";"Condutor deixou de manter distância do veículo da frente";"Colisão traseira";"Sem Vítimas";"Plena Noite";"Crescente";"Chuva";"Dupla";"Reta";"Não";2;0;0;0;2;0;0;2;-15,64397039;-47,76030332;"SPRF-DF";"DEL02-DF";"UOP01-DEL02-DF"
688117;2025-04-29;"terça-feira";"17:50:00";"BA";110;200;"CIPO";"Transitar na contramão";"Colisão frontal";"Com Vítimas Feridas";"Anoitecer";"Crescente";"Céu Claro";"Simples";"Reta";"Não";2;0;1;1;0;0;2;2;-11,06685;-38,5115;"SPRF-BA";"DEL07-BA";"UOP02-DEL07-BA"
688118;2025-04-29;"terça-feira";"18:40:00";"RS";290;76;"GRAVATAI";"Condutor deixou de manter distância do veículo da frente";"Colisão traseira";"Com Vítimas Feridas";"Plena Noite";"Decrescente";"Céu Claro";"Múltipla";"Reta";"Não";5;0;1;0;4;0;1;5;-29,95551509;-51,00703089;"SPRF-RS";"DEL01-RS";"UOP01-DEL01-RS"
688119;2025-04-29;"terça-feira";"18:45:00";"PE";423;96;"GARANHUNS";"Conversão proibida";"Colisão transversal";"Com Vítimas Feridas";"Plena Noite";"Crescente";"Céu Claro";"Simples";"Reta";"Não";3;0;0;2;0;1;2;2;-8,88103764;-36,48732215;"SPRF-PE";"DEL03-PE";"UOP01-DEL03-PE"
688121;2025-04-29;"terça-feira";"18:00:00";"MG";40;274;"TRES MARIAS";"Condutor deixou de manter distância do veículo da frente";"Colisão traseira";"Com Vítimas Feridas";"Anoitecer";"Crescente";"Céu Claro";"Simples";"Reta";"Sim";2;0;1;0;1;0;1;2;-18,2052867;-45,2274939;"SPRF-MG";"DEL14-MG";"UOP02-DEL14-MG"
688122;2025-04-29;"terça-feira";"18:10:00";"PB";230;471,7;"SOUSA";"Ausência de reação do condutor";"Colisão traseira";"Com Vítimas Feridas";"Plena Noite";"Decrescente";"Céu Claro";"Simples";"Reta";"Não";2;0;0;1;1;0;1;2;-6,80766;-38,307148;"SPRF-PB";"DEL03-PB";"UOP03-DEL03-PB"
688123;2025-04-29;"terça-feira";"20:10:00";"SC";101;320,9;"PESCARIA BRAVA";"Avarias e/ou desgaste excessivo no pneu";"Tombamento";"Com Vítimas Feridas";"Plena Noite";"Crescente";"Céu Claro";"Dupla";"Reta";"Sim";2;0;2;0;0;0;2;1;-28,42594538;-48,90590636;"SPRF-SC";"DEL02-SC";"UOP01-DEL02-SC"
688124;2025-04-29;"terça-feira";"20:00:00";"SC";280;80,9;"CORUPA";"Acessar a via sem observar a presença dos outros veículos";"Colisão transversal";"Com Vítimas Feridas";"Plena Noite";"Decrescente";"Céu Claro";"Simples";"Reta";"Sim";3;0;3;0;0;0;3;2;-26,43917;-49,2301;"SPRF-SC";"DEL06-SC";"UOP03-DEL06-SC"
688125;2025-03-08;"sábado";"04:16:00";"SC";282;475,9;"VARGEAO";"Ingestão de álcool pelo condutor";"Colisão com objeto";"Com Vítimas Feridas";"Plena Noite";"Crescente";"Céu Claro";"Simples";"Rotatória";"Não";1;0;1;0;0;0;1;1;-26,87336265;-52,15360522;"SPRF-SC";"DEL07-SC";"UOP01-DEL07-SC"
688127;2025-04-06;"domingo";"16:00:00";"RN";101;94;"NATAL";"Velocidade Incompatível";"Queda de ocupante de veículo";"Com Vítimas Feridas";"Pleno dia";"Decrescente";"Céu Claro";"Dupla";"Reta";"Sim";1;0;0;1;0;0;1;1;-5,83091276;-35,21162029;"SPRF-RN";"DEL01-RN";"UOP01-DEL01-RN"
688128;2025-04-29;"terça-feira";"20:30:00";"BA";110;11,4;"PAULO AFONSO";"Animais na Pista";"Atropelamento de Animal";"Com Vítimas Feridas";"Plena Noite";"Decrescente";"Céu Claro";"Simples";"Reta";"Não";2;0;0;2;0;0;2;1;-9,461359;-38,2033179;"SPRF-BA";"DEL07-BA";"UOP01-DEL07-BA"
688130;2025-04-29;"terça-feira";"17:20:00";"RO";364;424;"JARU";"Ausência de reação do condutor";"Atropelamento de Pedestre";"Com Vítimas Feridas";"Pleno dia";"Crescente";"Céu Claro";"Dupla";"Reta;Interseção de Vias";"Sim";2;0;2;0;0;0;2;2;-10,43975376;-62,46903118;"SPRF-RO";"DEL03-RO";"UOP02-DEL03-RO"
688131;2025-04-29;"terça-feira";"21:20:00";"RN";406;150;"CEARA-MIRIM";"Ingestão de álcool pelo condutor";"Colisão transversal";"Com Vítimas Feridas";"Plena Noite";"Crescente";"Céu Claro";"Simples";"Reta";"Sim";2;0;1;1;0;0;2;2;-5,650103;-35,429555;"SPRF-RN";"DEL02-RN";"UOP01-DEL02-RN"
688132;2025-04-29;"terça-feira";"21:15:00";"MG";381;478,4;"CONTAGEM";"Ausência de reação do condutor";"Colisão traseira";"Com Vítimas Feridas";"Plena Noite";"Decrescente";"Céu Claro";"Dupla";"Declive;Reta";"Não";2;0;1;0;1;0;1;2;-19,96087499;-44,0364325;"SPRF-MG";"DEL01-MG";"UOP03-DEL01-MG"
688133;2025-04-29;"terça-feira";"21:00:00";"BA";110;208;"CIPO";"Reação tardia ou ineficiente do condutor";"Colisão traseira";"Com Vítimas Feridas";"Plena Noite";"Crescente";"Céu Claro";"Simples";"Reta";"Não";5;0;3;0;0;2;3;2;-11,13036;-38,51657;"SPRF-BA";"DEL07-BA";"UOP02-DEL07-BA"
688134;2025-04-29;"terça-feira";"21:00:00";"RJ";116;136;"MAGE";"Ausência de reação do condutor";"Colisão traseira";"Com Vítimas Feridas";"Plena Noite";"Crescente";"Nublado";"Dupla";"Interseção de Vias";"Não";2;0;1;0;0;1;1;2;-22,64829226;-43,20214145;"SPRF-RJ";"DEL04-RJ";"UOP02-DEL04-RJ"
688136;2025-04-29;"terça-feira";"22:15:00";"GO";80;25;"PADRE BERNARDO";"Reação tardia ou ineficiente do condutor";"Saída de leito carroçável";"Com Vítimas Feridas";"Plena Noite";"Decrescente";"Céu Claro";"Dupla";"Reta;Declive";"Sim";1;0;1;0;0;0;1;1;-15,61791865;-48,1987795;"SPRF-DF";"DEL03-DF";"UOP02-DEL03-DF"
688137;2025-04-29;"terça-feira";"19:30:00";"BA";30;844;"UBAITABA";"Ingestão de álcool pelo condutor";"Colisão frontal";"Com Vítimas Feridas";"Plena Noite";"Crescente";"Céu Claro";"Simples";"Reta";"Sim";2;0;1;1;0;0;2;2;-14,31046634;-39,29112635;"SPRF-BA";"DEL05-BA";"UOP01-DEL05-BA"
688138;2025-04-29;"terça-feira";"22:10:00";"BA";101;718,3;"EUNAPOLIS";"Desrespeitar a preferência no cruzamento";"Colisão transversal";"Com Vítimas Feridas";"Plena Noite";"Crescente";"Céu Claro";"Simples";"Reta;Interseção de Vias";"Sim";2;0;1;0;1;0;1;2;-16,375267;-39,581027;"SPRF-BA";"DEL09-BA";"UOP01-DEL09-BA"
688139;2025-04-27;"domingo";"19:45:00";"BA";101;808;"ITAMARAJU";"Acessar a via sem observar a presença dos outros veículos";"Atropelamento de Pedestre";"Com Vítimas Feridas";"Plena Noite";"Decrescente";"Céu Claro";"Simples";"Reta";"Sim";3;0;2;0;1;0;2;2;-17,08042224;-39,56801927;"SPRF-BA";"DEL09-BA";"UOP01-DEL09-BA"
688142;2025-04-29;"terça-feira";"21:30:00";"RJ";393;168;"TRES RIOS";"Acesso irregular";"Colisão transversal";"Com Vítimas Feridas";"Plena Noite";"Crescente";"Céu Claro";"Simples";"Reta";"Não";2;0;1;0;1;0;1;2;-22,12144892;-43,16457081;"SPRF-RJ";"DEL05-RJ";"UOP01-DEL05-RJ"
688143;2025-04-29;"terça-feira";"22:40:00";"BA";101;709,5;"EUNAPOLIS";"Pedestre andava na pista";"Atropelamento de Pedestre";"Com Vítimas Fatais";"Plena Noite";"Crescente";"Céu Claro";"Simples";"Reta;Interseção de Vias";"Não";3;1;1;0;0;1;1;3;-16,31669;-39,59744;"SPRF-BA";"DEL09-BA";"UOP01-DEL09-BA"
688144;2025-04-29;"terça-feira";"17:30:00";"RS";293;3;"PELOTAS";"Reação tardia ou ineficiente do condutor";"Colisão traseira";"Com Vítimas Feridas";"Amanhecer";"Crescente";"Céu Claro";"Simples";"Reta";"Não";2;0;1;0;1;0;1;2;-31,73845323;-52,36579388;"SPRF-RS";"DEL07-RS";"UOP01-DEL07-RS"
688145;2025-04-29;"terça-feira";"20:20:00";"PR";277;120;"CAMPO LARGO";"Ingestão de álcool pelo condutor";"Colisão com objeto";"Sem Vítimas";"Plena Noite";"Crescente";"Céu Claro";"Dupla";"Reta";"Não";2;0;0;0;2;0;0;1;-25,44734361;-49,4799757;"SPRF-PR";"DEL03-PR";"UOP03-DEL03-PR"
688146;2025-04-29;"terça-feira";"19:35:00";"MG";381;357;"JOAO MONLEVADE";"Conversão proibida";"Colisão transversal";"Com Vítimas Feridas";"Plena Noite";"Crescente";"Chuva";"Simples";"Reta;Interseção de Vias";"Sim";2;0;0;1;1;0;1;2;-19,84189182;-43,17439628;"SPRF-MG";"DEL03-MG";"UOP01-DEL03-MG"
688147;2025-04-29;"terça-feira";"23:30:00";"MG";381;496;"BETIM";"Animais na Pista";"Atropelamento de Animal";"Com Vítimas Feridas";"Plena Noite";"Crescente";"Céu Claro";"Dupla";"Reta";"Sim";1;0;1;0;0;0;1;1;-19,9753916;-44,19513988;"SPRF-MG";"DEL01-MG";"UOP03-DEL01-MG"
688148;2025-04-29;"terça-feira";"21:30:00";"RJ";116;271;"BARRA MANSA";"Demais falhas mecânicas ou elétricas";"Incêndio";"Sem Vítimas";"Plena Noite";"Decrescente";"Céu Claro";"Simples";"Curva";"Sim";1;0;0;0;1;0;0;1;-22,54255216;-44,19081187;"SPRF-RJ";"DEL07-RJ";"UOP02-DEL07-RJ"
688150;2025-04-29;"terça-feira";"21:30:00";"MT";163;837;"SINOP";"Reação tardia ou ineficiente do condutor";"Colisão com objeto";"Sem Vítimas";"Plena Noite";"Decrescente";"Céu Claro";"Dupla";"Reta;Em Obras";"Sim";1;0;0;0;1;0;0;1;-11,85013591;-55,492371;"SPRF-MT";"DEL06-MT";"UOP02-DEL06-MT"
688151;2025-04-29;"terça-feira";"21:30:00";"MT";364;269,5;"JACIARA";"Reação tardia ou ineficiente do condutor";"Colisão com objeto";"Com Vítimas Feridas";"Plena Noite";"Decrescente";"Céu Claro";"Simples";"Curva";"Sim";1;0;0;1;0;0;1;1;-15,97303135;-54,94051874;"SPRF-MT";"DEL02-MT";"UOP01-DEL02-MT"
688152;2025-04-30;"quarta-feira";"00:25:00";"PR";277;63;"SAO JOSE DOS PINHAIS";"Ausência de reação do condutor";"Saída de leito carroçável";"Sem Vítimas";"Plena Noite";"Crescente";"Nublado";"Dupla";"Reta";"Não";1;0;0;0;0;1;0;1;-25,51449129;-49,12142873;"SPRF-PR";"DEL01-PR";"UOP01-DEL01-PR"
688153;2025-04-30;"quarta-feira";"00:35:00";"SC";280;31;"ARAQUARI";"Ultrapassagem Indevida";"Colisão lateral mesmo sentido";"Com Vítimas Feridas";"Plena Noite";"Crescente";"Céu Claro";"Simples";"Reta";"Sim";3;0;2;0;1;0;2;2;-26,41652;-48,77159;"SPRF-SC";"DEL03-SC";"UOP03-DEL03-SC"
688155;2025-04-30;"quarta-feira";"00:20:00";"RJ";116;264;"VOLTA REDONDA";"Demais falhas mecânicas ou elétricas";"Incêndio";"Sem Vítimas";"Plena Noite";"Decrescente";"Nublado";"Dupla";"Reta";"Não";1;0;0;0;1;0;0;1;-22,58970833;-44,082205;"SPRF-RJ";"DEL07-RJ";"UOP02-DEL07-RJ"
688157;2025-04-30;"quarta-feira";"01:15:00";"PR";277;78;"CURITIBA";"Reação tardia ou ineficiente do condutor";"Colisão traseira";"Com Vítimas Fatais";"Plena Noite";"Crescente";"Nublado";"Dupla";"Reta;Aclive";"Sim";2;1;0;0;1;0;0;2;-25,48357102;-49,1916275;"SPRF-PR";"DEL01-PR";"UOP07-DEL01-PR"
688159;2025-04-30;"quarta-feira";"02:15:00";"RJ";40;95;"PETROPOLIS";"Condutor Dormindo";"Capotamento";"Com Vítimas Feridas";"Plena Noite";"Crescente";"Garoa/Chuvisco";"Dupla";"Curva";"Não";3;0;2;0;1;0;2;1;-22,5487195;-43,227351;"SPRF-RJ";"DEL01-RJ";"UOP01-DEL01-RJ"
688161;2025-04-29;"terça-feira";"23:20:00";"RJ";101;294;"ITABORAI";"Ausência de reação do condutor";"Colisão traseira";"Com Vítimas Feridas";"Plena Noite";"Decrescente";"Céu Claro";"Dupla";"Reta";"Sim";3;0;2;0;0;1;2;2;-22,76481124;-42,9037571;"SPRF-RJ";"DEL02-RJ";"UOP02-DEL02-RJ"
688166;2025-04-30;"quarta-feira";"05:40:00";"RJ";101;61;"CAMPOS DOS GOYTACAZES";"Condutor desrespeitou a iluminação vermelha do semáforo";"Colisão transversal";"Com Vítimas Feridas";"Amanhecer";"Crescente";"Nublado";"Simples";"Reta;Interseção de Vias";"Sim";2;0;1;0;1;0;1;2;-21,727763;-41,322022;"SPRF-RJ";"DEL08-RJ";"UOP01-DEL08-RJ"
688168;2025-04-30;"quarta-feira";"04:25:00";"RS";386;58,3;"SEBERI";"Animais na Pista";"Saída de leito carroçável";"Com Vítimas Feridas";"Plena Noite";"Decrescente";"Céu Claro";"Simples";"Reta";"Não";1;0;1;0;0;0;1;1;-27,52063779;-53,37680563;"SPRF-RS";"DEL08-RS";"UOP02-DEL08-RS"
688169;2025-04-30;"quarta-feira";"05:00:00";"BA";324;570;"SAO SEBASTIAO DO PASSE";"Reação tardia ou ineficiente do condutor";"Capotamento";"Com Vítimas Fatais";"Amanhecer";"Crescente";"Nublado";"Dupla";"Reta";"Não";1;1;0;0;0;0;0;1;-12,555638;-38,568583;"SPRF-BA";"DEL01-BA";"UOP01-DEL01-BA"
688171;2025-04-30;"quarta-feira";"05:30:00";"MS";163;258,7;"DOURADOS";"Demais falhas mecânicas ou elétricas";"Colisão com objeto";"Com Vítimas Feridas";"Pleno dia";"Crescente";"Céu Claro";"Dupla";"Reta";"Sim";2;0;1;0;1;0;1;1;-22,2547;-54,7781;"SPRF-MS";"DEL04-MS";"UOP01-DEL04-MS"
688173;2025-04-30;"quarta-feira";"05:00:00";"MT";364;208;"RONDONOPOLIS";"Pedestre andava na pista";"Atropelamento de Pedestre";"Com Vítimas Fatais";"Plena Noite";"Crescente";"Nevoeiro/Neblina";"Dupla";"Reta";"Não";2;1;0;0;1;0;0;2;-16,43567356;-54,68351483;"SPRF-MT";"DEL02-MT";"UOP01-DEL02-MT"
688174;2025-04-30;"quarta-feira";"07:53:00";"RJ";101;265;"RIO BONITO";"Ultrapassagem Indevida";"Colisão lateral mesmo sentido";"Com Vítimas Feridas";"Pleno dia";"Crescente";"Céu Claro";"Dupla";"Retorno Regulamentado;Rotatória";"Não";2;0;1;0;1;0;1;2;-22,709246;-42,648263;"SPRF-RJ";"DEL02-RJ";"UOP03-DEL02-RJ"
688175;2025-04-30;"quarta-feira";"07:05:00";"SC";470;66,2;"INDAIAL";"Ausência de reação do condutor";"Colisão frontal";"Com Vítimas Feridas";"Pleno dia";"Crescente";"Céu Claro";"Simples";"Reta;Em Obras";"Não";4;0;2;1;1;0;3;2;-26,87032969;-49,22652841;"SPRF-SC";"DEL04-SC";"UOP01-DEL04-SC"
688176;2025-04-30;"quarta-feira";"07:46:00";"DF";60;0,5;"BRASILIA";"Manobra de mudança de faixa";"Colisão traseira";"Com Vítimas Feridas";"Pleno dia";"Decrescente";"Céu Claro";"Dupla";"Reta";"Sim";2;0;1;0;1;0;1;2;-15,88379;-48,064863;"SPRF-DF";"DEL03-DF";"UOP01-DEL03-DF"
688177;2025-04-30;"quarta-feira";"06:30:00";"PE";232;4;"RECIFE";"Manobra de mudança de faixa";"Colisão traseira";"Com Vítimas Feridas";"Pleno dia";"Crescente";"Céu Claro";"Dupla";"Declive;Viaduto";"Sim";3;0;1;1;1;0;2;2;-8,067827;-34,945113;"SPRF-PE";"DEL01-PE";"UOP01-DEL01-PE"
688180;2025-04-30;"quarta-feira";"07:00:00";"RJ";116;198;"QUEIMADOS";"Demais falhas mecânicas ou elétricas";"Queda de ocupante de veículo";"Com Vítimas Feridas";"Pleno dia";"Crescente";"Céu Claro";"Dupla";"Reta";"Não";2;0;2;0;0;0;2;1;-22,72974559;-43,58966701;"SPRF-RJ";"DEL06-RJ";"UOP02-DEL06-RJ"
688181;2025-04-30;"quarta-feira";"07:00:00";"CE";116;10,6;"FORTALEZA";"Avarias e/ou desgaste excessivo no pneu";"Eventos atípicos";"Com Vítimas Feridas";"Pleno dia";"Decrescente";"Céu Claro";"Múltipla";"Reta";"Sim";2;0;2;0;0;0;2;1;-3,838576;-38,501749;"SPRF-CE";"DEL01-CE";"UOP02-DEL01-CE"
688183;2025-04-13;"domingo";"09:50:00";"GO";153;500;"GOIANIA";"Ingestão de substâncias psicoativas pelo condutor";"Capotamento";"Com Vítimas Feridas";"Pleno dia";"Decrescente";"Nublado";"Múltipla";"Interseção de Vias;Curva;Rotatória;Viaduto";"Sim";1;0;1;0;0;0;1;1;-16,71080268;-49,23094332;"SPRF-GO";"DEL01-GO";"UOP01-DEL01-GO"
688185;2025-04-30;"quarta-feira";"07:50:00";"DF";40;7,1;"BRASILIA";"Trafegar com motocicleta (ou similar) entre as faixas";"Queda de ocupante de veículo";"Com Vítimas Feridas";"Pleno dia";"Decrescente";"Céu Claro";"Dupla";"Reta";"Sim";1;0;1;0;0;0;1;1;-16,039977;-47,979608;"SPRF-DF";"DEL01-DF";"UOP01-DEL01-DF"
688186;2025-04-30;"quarta-feira";"08:20:00";"SP";116;285;"ITAPECERICA DA SERRA";"Trafegar com motocicleta (ou similar) entre as faixas";"Colisão lateral mesmo sentido";"Com Vítimas Feridas";"Pleno dia";"Decrescente";"Nublado";"Dupla";"Reta";"Sim";2;0;1;0;1;0;1;2;-23,68655379;-46,86030521;"SPRF-SP";"DEL04-SP";"UOP01-DEL04-SP"
688187;2025-04-30;"quarta-feira";"08:05:00";"RS";386;36,9;"FREDERICO WESTPHALEN";"Retorno proibido";"Colisão transversal";"Com Vítimas Feridas";"Pleno dia";"Crescente";"Céu Claro";"Simples";"Interseção de Vias";"Sim";2;0;0;1;1;0;1;2;-27,37758283;-53,39847493;"SPRF-RS";"DEL08-RS";"UOP02-DEL08-RS"
688188;2025-04-30;"quarta-feira";"07:15:00";"DF";70;10;"BRASILIA";"Reação tardia ou ineficiente do condutor";"Colisão traseira";"Com Vítimas Feridas";"Pleno dia";"Decrescente";"Céu Claro";"Dupla";"Reta";"Sim";2;0;1;0;1;0;1;2;-15,78895668;-48,11156631;"SPRF-DF";"DEL03-DF";"UOP02-DEL03-DF"
688189;2025-04-30;"quarta-feira";"08:10:00";"DF";80;7;"BRASILIA";"Condutor deixou de manter distância do veículo da frente";"Colisão traseira";"Com Vítimas Feridas";"Pleno dia";"Crescente";"Céu Claro";"Simples";"Aclive";"Não";2;0;1;0;1;0;1;2;-15,73145749;-48,14758301;"SPRF-DF";"DEL03-DF";"UOP02-DEL03-DF"
688190;2025-04-30;"quarta-feira";"07:45:00";"SC";470;7,7;"NAVEGANTES";"Manobra de mudança de faixa";"Colisão lateral mesmo sentido";"Com Vítimas Feridas";"Pleno dia";"Crescente";"Céu Claro";"Dupla";"Aclive;Reta";"Não";2;0;0;1;1;0;1;2;-26,84012826;-48,71660024;"SPRF-SC";"DEL04-SC";"UOP04-DEL04-SC"
688191;2025-04-19;"sábado";"19:45:00";"MG";262;91,2;"ABRE CAMPO";"Velocidade Incompatível";"Saída de leito carroçável";"Com Vítimas Fatais";"Plena Noite";"Crescente";"Nublado";"Simples";"Curva";"Não";4;3;0;1;0;0;1;1;-20,335003;-42,47161746;"SPRF-MG";"DEL03-MG";"UOP03-DEL03-MG"
688192;2025-04-30;"quarta-feira";"06:45:00";"SC";470;123,2;"IBIRAMA";"Transitar na contramão";"Colisão frontal";"Com Vítimas Fatais";"Amanhecer";"Decrescente";"Nublado";"Simples";"Interseção de Vias;Reta";"Sim";4;2;0;0;2;0;0;2;-27,11013006;-49,52580929;"SPRF-SC";"DEL04-SC";"UOP02-DEL04-SC"
688193;2025-04-30;"quarta-feira";"07:30:00";"SC";101;129,5;"CAMBORIU";"Manobra de mudança de faixa";"Colisão traseira";"Com Vítimas Feridas";"Pleno dia";"Crescente";"Céu Claro";"Dupla";"Reta";"Sim";2;0;0;1;1;0;1;2;-26,98327097;-48,6716315;"SPRF-SC";"DEL04-SC";"UOP03-DEL04-SC"
688194;2025-04-30;"quarta-feira";"09:00:00";"ES";101;280,8;"SERRA";"Afundamento ou ondulação no pavimento";"Tombamento";"Com Vítimas Feridas";"Pleno dia";"Decrescente";"Nublado";"Dupla";"Reta;Aclive";"Não";1;0;0;1;0;0;1;1;-20,22162017;-40,35751462;"SPRF-ES";"DEL02-ES";"UOP01-DEL02-ES"
688196;2025-04-30;"quarta-feira";"08:40:00";"RJ";116;177;"RIO DE JANEIRO";"Condutor deixou de manter distância do veículo da frente";"Colisão traseira";"Com Vítimas Feridas";"Pleno dia";"Decrescente";"Céu Claro";"Dupla";"Reta";"Sim";5;0;2;0;3;0;2;3;-22,81445;-43,3451877;"SPRF-RJ";"DEL06-RJ";"UOP01-DEL06-RJ"
688197;2025-04-30;"quarta-feira";"08:50:00";"RS";116;238;"NOVO HAMBURGO";"Acessar a via sem observar a presença dos outros veículos";"Colisão transversal";"Com Vítimas Feridas";"Pleno dia";"Crescente";"Céu Claro";"Simples";"Interseção de Vias";"Sim";3;0;1;0;2;0;1;2;-29,6906439;-51,143737;"SPRF-RS";"DEL01-RS";"UOP02-DEL01-RS"