"id";"data_inversa";"dia_semana";"horario";"uf";"br";"km";"municipio";"causa_acidente";"tipo_acidente";"classificacao_acidente";"fase_dia";"sentido_via";"condicao_metereologica";"tipo_pista";"tracado_via";"uso_solo";"pessoas";"mortos";"feridos_leves";"feridos_graves";"ilesos";"ignorados";"feridos";"veiculos";"latitude";"longitude";"regional";"delegacia";"uop"
688199;2025-04-02;"quarta-feira";"18:50:00";"RJ";393;282;"VOLTA REDONDA";"Acessar a via sem observar a presença dos outros veículos";"Colisão transversal";"Com Vítimas Feridas";"Pleno dia";"Decrescente";"Céu Claro";"Simples";"Interseção de Vias;Reta;Rotatória";"Não";2;0;1;0;1;0;1;2;-22,48175384;-44,06305963;"SPRF-RJ";"DEL05-RJ";"UOP04-DEL05-RJ"
688201;2025-04-30;"quarta-feira";"07:30:00";"MG";40;516,4;"RIBEIRAO DAS NEVES";"Reação tardia ou ineficiente do condutor";"Colisão traseira";"Com Vítimas Feridas";"Pleno dia";"Crescente";"Nublado";"Dupla";"Reta;Aclive";"Sim";2;0;1;0;1;0;1;2;-19,8202506;-44,0873404;"SPRF-MG";"DEL01-MG";"UOP02-DEL01-MG"
688202;2025-04-30;"quarta-feira";"05:40:00";"RJ";101;331;"RIO DE JANEIRO";"Avarias e/ou desgaste excessivo no pneu";"Tombamento";"Com Vítimas Feridas";"Amanhecer";"Crescente";"Nublado";"Dupla";"Reta";"Sim";1;0;1;0;0;0;1;1;-22,868901;-43,201168;"SPRF-RJ";"DEL02-RJ";"UOP01-DEL02-RJ"
688204;2025-04-30;"quarta-feira";"07:20:00";"PR";373;228;"IMBITUVA";"Acessar a via sem observar a presença dos outros veículos";"Colisão transversal";"Com Vítimas Feridas";"Pleno dia";"Crescente";"Céu Claro";"Simples";"Reta";"Sim";2;0;0;1;1;0;1;2;-25,178178;-50,651948;"SPRF-PR";"DEL03-PR";"UOP01-DEL03-PR"
688205;2025-04-30;"quarta-feira";"07:45:00";"AL";316;102,8;"DOIS RIACHOS";"Acesso irregular";"Colisão transversal";"Com Vítimas Feridas";"Pleno dia";"Crescente";"Céu Claro";"Simples";"Reta";"Sim";2;0;0;1;1;0;1;2;-9,389593;-37,089974;"SPRF-AL";"DEL03-AL";"UOP01-DEL03-AL"
688206;2025-04-30;"quarta-feira";"07:50:00";"PR";277;74;"SAO JOSE DOS PINHAIS";"Trafegar com motocicleta (ou similar) entre as faixas";"Tombamento";"Com Vítimas Feridas";"Pleno dia";"Decrescente";"Céu Claro";"Dupla";"Reta";"Não";2;0;1;0;0;1;1;2;-25,49494507;-49,16549055;"SPRF-PR";"DEL01-PR";"UOP07-DEL01-PR"
688209;2025-04-30;"quarta-feira";"06:45:00";"PR";277;184,4;"PALMEIRA";"Transitar na contramão";"Colisão frontal";"Com Vítimas Feridas";"Pleno dia";"Crescente";"Nublado";"Simples";"Reta";"Não";2;0;1;1;0;0;2;2;-25,44434516;-50,18172204;"SPRF-PR";"DEL08-PR";"UOP02-DEL08-PR"
688210;2025-04-30;"quarta-feira";"08:50:00";"PB";104;130,3;"CAMPINA GRANDE";"Ausência de reação do condutor";"Tombamento";"Com Vítimas Feridas";"Pleno dia";"Crescente";"Céu Claro";"Simples";"Reta;Em Obras;Desvio Temporário";"Sim";2;0;2;0;0;0;2;1;-7,279973;-35,88907;"SPRF-PB";"DEL02-PB";"UOP01-DEL02-PB"
688211;2025-04-18;"sexta-feira";"07:38:00";"SP";116;71;"APARECIDA";"Condutor deixou de manter distância do veículo da frente";"Colisão traseira";"Com Vítimas Feridas";"Pleno dia";"Decrescente";"Céu Claro";"Dupla";"Reta";"Sim";12;0;2;0;10;0;2;3;-22,85787686;-45,23244023;"SPRF-SP";"DEL08-SP";"UOP01-DEL08-SP"
688213;2025-04-30;"quarta-feira";"09:35:00";"MG";251;517,8;"MONTES CLAROS";"Ausência de reação do condutor";"Colisão traseira";"Com Vítimas Feridas";"Pleno dia";"Decrescente";"Sol";"Simples";"Reta";"Não";2;0;0;1;1;0;1;2;-16,66215;-43,76721;"SPRF-MG";"DEL12-MG";"UOP01-DEL12-MG"
688214;2025-04-30;"quarta-feira";"08:30:00";"RJ";493;17;"GUAPIMIRIM";"Reação tardia ou ineficiente do condutor";"Colisão traseira";"Com Vítimas Feridas";"Pleno dia";"Decrescente";"Céu Claro";"Simples";"Reta";"Sim";4;0;2;0;2;0;2;2;-22,66756107;-43,00632477;"SPRF-RJ";"DEL04-RJ";"UOP02-DEL04-RJ"
688215;2025-04-30;"quarta-feira";"10:10:00";"GO";153;437;"ANAPOLIS";"Condutor deixou de manter distância do veículo da frente";"Colisão traseira";"Com Vítimas Feridas";"Pleno dia";"Decrescente";"Céu Claro";"Dupla";"Desvio Temporário;Reta;Em Obras;Aclive";"Sim";1;0;1;0;0;0;1;1;-16,29778646;-48,92871738;"SPRF-GO";"DEL02-GO";"UOP01-DEL02-GO"
688216;2025-04-30;"quarta-feira";"07:10:00";"MA";10;249;"IMPERATRIZ";"Demais falhas na via";"Colisão com objeto";"Com Vítimas Feridas";"Pleno dia";"Crescente";"Céu Claro";"Dupla";"Aclive";"Não";1;0;1;0;0;0;1;1;-5,4845926;-47,4588556;"SPRF-MA";"DEL04-MA";"UOP01-DEL04-MA"
688218;2025-04-30;"quarta-feira";"08:00:00";"DF";70;17,1;"BRASILIA";"Trafegar com motocicleta (ou similar) entre as faixas";"Colisão lateral mesmo sentido";"Com Vítimas Feridas";"Pleno dia";"Decrescente";"Céu Claro";"Dupla";"Reta;Aclive";"Sim";2;0;1;0;1;0;1;2;-15,792237;-48,208587;"SPRF-DF";"DEL03-DF";"UOP02-DEL03-DF"
688221;2025-04-30;"quarta-feira";"10:00:00";"BA";324;626;"SALVADOR";"Avarias e/ou desgaste excessivo no pneu";"Queda de ocupante de veículo";"Com Vítimas Feridas";"Pleno dia";"Crescente";"Sol";"Dupla";"Reta";"Sim";2;0;2;0;0;0;2;1;-12,96382693;-38,47691059;"SPRF-BA";"DEL01-BA";"UOP01-DEL01-BA"
688229;2025-04-30;"quarta-feira";"10:50:00";"BA";367;84;"EUNAPOLIS";"Condutor deixou de manter distância do veículo da frente";"Colisão traseira";"Sem Vítimas";"Pleno dia";"Crescente";"Garoa/Chuvisco";"Simples";"Reta";"Não";2;0;0;0;2;0;0;2;-16,374395;-39,578477;"SPRF-BA";"DEL09-BA";"UOP03-DEL09-BA"
688230;2025-04-30;"quarta-feira";"09:10:00";"SC";101;40;"JOINVILLE";"Acessar a via sem observar a presença dos outros veículos";"Colisão lateral mesmo sentido";"Com Vítimas Feridas";"Pleno dia";"Decrescente";"Céu Claro";"Dupla";"Curva";"Sim";2;0;1;0;1;0;1;2;-26,31007357;-48,87743354;"SPRF-SC";"DEL03-SC";"UOP01-DEL03-SC"
688231;2025-04-30;"quarta-feira";"09:30:00";"RJ";116;184;"NOVA IGUACU";"Trafegar com motocicleta (ou similar) entre as faixas";"Colisão lateral mesmo sentido";"Com Vítimas Feridas";"Pleno dia";"Decrescente";"Céu Claro";"Múltipla";"Reta";"Sim";3;0;2;0;1;0;2;3;-22,74396113;-43,45021695;"SPRF-RJ";"DEL06-RJ";"UOP01-DEL06-RJ"
688232;2025-04-30;"quarta-feira";"11:10:00";"PR";376;594,9;"CURITIBA";"Trafegar com motocicleta (ou similar) entre as faixas";"Tombamento";"Com Vítimas Feridas";"Pleno dia";"Decrescente";"Céu Claro";"Dupla";"Reta";"Sim";2;0;1;1;0;0;2;1;-25,4610867;-49,3585041;"SPRF-PR";"DEL01-PR";"UOP06-DEL01-PR"
688234;2025-04-30;"quarta-feira";"08:10:00";"MT";163;834;"SINOP";"Retorno proibido";"Colisão transversal";"Com Vítimas Feridas";"Pleno dia";"Crescente";"Chuva";"Simples";"Em Obras;Reta";"Sim";4;0;1;0;3;0;1;2;-11,86850586;-55,49708247;"SPRF-MT";"DEL06-MT";"UOP02-DEL06-MT"
688237;2025-04-30;"quarta-feira";"11:00:00";"PR";272;367,5;"CAMPO MOURAO";"Reação tardia ou ineficiente do condutor";"Colisão traseira";"Com Vítimas Feridas";"Pleno dia";"Crescente";"Céu Claro";"Dupla";"Reta";"Sim";2;0;1;0;1;0;1;2;-24,05156852;-52,40400195;"SPRF-PR";"DEL09-PR";"UOP03-DEL09-PR"
688238;2025-04-30;"quarta-feira";"08:00:00";"RO";364;424;"JARU";"Desrespeitar a preferência no cruzamento";"Colisão transversal";"Com Vítimas Feridas";"Pleno dia";"Crescente";"Céu Claro";"Múltipla";"Reta;Interseção de Vias";"Sim";2;0;0;1;1;0;1;2;-10,43824697;-62,47040105;"SPRF-RO";"DEL03-RO";"UOP02-DEL03-RO"
688239;2025-03-24;"segunda-feira";"13:35:00";"PR";369;149;"LONDRINA";"Ausência de reação do condutor";"Colisão traseira";"Com Vítimas Feridas";"Pleno dia";"Crescente";"Céu Claro";"Dupla";"Reta;Interseção de Vias";"Sim";2;0;1;0;0;1;1;2;-23,2930602;-51,15448348;"SPRF-PR";"DEL07-PR";"UOP01-DEL07-PR"
688241;2025-04-30;"quarta-feira";"10:30:00";"MT";163;707;"SORRISO";"Acessar a via sem observar a presença dos outros veículos";"Colisão transversal";"Com Vítimas Feridas";"Pleno dia";"Decrescente";"Céu Claro";"Simples";"Reta;Interseção de Vias";"Não";3;0;1;1;1;0;2;2;-12,917702;-55,85476;"SPRF-MT";"DEL06-MT";"UOP01-DEL06-MT"
688243;2025-04-30;"quarta-feira";"11:40:00";"SP";101;52;"UBATUBA";"Reação tardia ou ineficiente do condutor";"Colisão traseira";"Com Vítimas Feridas";"Pleno dia";"Decrescente";"Céu Claro";"Simples";"Rotatória";"Sim";2;0;1;0;1;0;1;2;-23,46244377;-45,06467192;"SPRF-SP";"DEL06-SP";"UOP01-DEL06-SP"
688244;2025-04-25;"sexta-feira";"03:15:00";"PR";116;105;"SAO JOSE DOS PINHAIS";"Ingestão de álcool pelo condutor";"Saída de leito carroçável";"Sem Vítimas";"Plena Noite";"Crescente";"Nublado";"Dupla";"Reta";"Não";1;0;0;0;0;1;0;1;-25,571546;-49,206745;"SPRF-PR";"DEL01-PR";"UOP07-DEL01-PR"
688245;2025-04-30;"quarta-feira";"11:37:00";"MS";376;15;"DOURADOS";"Condutor Dormindo";"Colisão lateral sentido oposto";"Com Vítimas Feridas";"Pleno dia";"Crescente";"Céu Claro";"Simples";"Reta";"Não";5;0;1;0;4;0;1;2;-22,29608499;-54,60308075;"SPRF-MS";"DEL04-MS";"UOP01-DEL04-MS"
688246;2025-04-30;"quarta-feira";"12:30:00";"MG";40;639,1;"CONSELHEIRO LAFAIETE";"Condutor Dormindo";"Saída de leito carroçável";"Com Vítimas Feridas";"Pleno dia";"Crescente";"Nublado";"Simples";"Reta";"Não";1;0;1;0;0;0;1;1;-20,72977565;-43,80054509;"SPRF-MG";"DEL05-MG";"UOP02-DEL05-MG"
688250;2025-04-30;"quarta-feira";"12:00:00";"RS";472;524;"URUGUAIANA";"Demais falhas mecânicas ou elétricas";"Incêndio";"Sem Vítimas";"Pleno dia";"Crescente";"Céu Claro";"Simples";"Reta";"Não";1;0;0;0;1;0;0;1;-29,49127994;-56,69130708;"SPRF-RS";"DEL13-RS";"UOP01-DEL13-RS"
688254;2025-04-30;"quarta-feira";"13:10:00";"RN";304;35;"MOSSORO";"Condutor deixou de manter distância do veículo da frente";"Colisão traseira";"Com Vítimas Feridas";"Pleno dia";"Decrescente";"Céu Claro";"Dupla";"Rotatória";"Sim";2;0;1;0;1;0;1;2;-5,0662076;-37,33057542;"SPRF-RN";"DEL04-RN";"UOP02-DEL04-RN"
688256;2025-04-30;"quarta-feira";"13:20:00";"PR";116;90,2;"PIRAQUARA";"Ausência de reação do condutor";"Saída de leito carroçável";"Com Vítimas Feridas";"Pleno dia";"Decrescente";"Sol";"Dupla";"Reta";"Não";2;0;0;1;1;0;1;1;-25,491856;-49,113491;"SPRF-PR";"DEL01-PR";"UOP07-DEL01-PR"
688258;2025-04-30;"quarta-feira";"11:05:00";"PE";232;414,4;"SERRA TALHADA";"Avarias e/ou desgaste excessivo no pneu";"Capotamento";"Com Vítimas Feridas";"Pleno dia";"Crescente";"Céu Claro";"Simples";"Reta";"Não";1;0;1;0;0;0;1;1;-7,99017988;-38,33293531;"SPRF-PE";"DEL04-PE";"UOP01-DEL04-PE"
688261;2025-04-30;"quarta-feira";"09:30:00";"MS";163;67;"ITAQUIRAI";"Reação tardia ou ineficiente do condutor";"Saída de leito carroçável";"Sem Vítimas";"Pleno dia";"Decrescente";"Céu Claro";"Simples";"Declive;Reta";"Não";2;0;0;0;2;0;0;1;-23,57686668;-54,19630909;"SPRF-MS";"DEL09-MS";"UOP02-DEL09-MS"
688262;2025-04-30;"quarta-feira";"14:50:00";"PB";101;85,6;"BAYEUX";"Condutor deixou de manter distância do veículo da frente";"Colisão lateral mesmo sentido";"Com Vítimas Feridas";"Pleno dia";"Crescente";"Céu Claro";"Dupla";"Reta";"Sim";3;0;2;0;1;0;2;2;-7,149068;-34,91255;"SPRF-PB";"DEL01-PB";"UOP01-DEL01-PB"
688263;2025-04-30;"quarta-feira";"11:30:00";"PI";343;248;"CAMPO MAIOR";"Conversão proibida";"Colisão lateral mesmo sentido";"Sem Vítimas";"Pleno dia";"Crescente";"Céu Claro";"Simples";"Reta";"Não";2;0;0;0;2;0;0;2;-4,85252735;-42,19688773;"SPRF-PI";"DEL01-PI";"UOP03-DEL01-PI"
688266;2025-04-30;"quarta-feira";"13:00:00";"MT";163;808;"SINOP";"Desrespeitar a preferência no cruzamento";"Eventos atípicos";"Sem Vítimas";"Pleno dia";"Decrescente";"Céu Claro";"Simples";"Reta";"Não";2;0;0;0;1;1;0;2;-12,09971061;-55,51779985;"SPRF-MT";"DEL06-MT";"UOP02-DEL06-MT"
688267;2025-04-30;"quarta-feira";"15:30:00";"RJ";101;71;"CAMPOS DOS GOYTACAZES";"Transitar na contramão";"Tombamento";"Com Vítimas Feridas";"Pleno dia";"Crescente";"Céu Claro";"Simples";"Reta";"Sim";1;0;0;1;0;0;1;1;-21,7909766;-41,3876418;"SPRF-RJ";"DEL08-RJ";"UOP02-DEL08-RJ"
688268;2025-04-30;"quarta-feira";"13:45:00";"RJ";116;172;"SAO JOAO DE MERITI";"Acessar a via sem observar a presença dos outros veículos";"Colisão transversal";"Com Vítimas Feridas";"Pleno dia";"Decrescente";"Nublado";"Múltipla";"Reta";"Sim";2;0;0;1;1;0;1;2;-22,80087032;-43,35293055;"SPRF-RJ";"DEL06-RJ";"UOP01-DEL06-RJ"
688271;2025-04-30;"quarta-feira";"15:25:00";"PE";232;126;"CARUARU";"Acesso irregular";"Colisão transversal";"Com Vítimas Feridas";"Pleno dia";"Crescente";"Céu Claro";"Dupla";"Reta";"Não";2;0;0;1;1;0;1;2;-8,30767478;-35,9567186;"SPRF-PE";"DEL02-PE";"UOP01-DEL02-PE"
688272;2025-04-30;"quarta-feira";"16:05:00";"PB";101;87,1;"JOAO PESSOA";"Reação tardia ou ineficiente do condutor";"Queda de ocupante de veículo";"Com Vítimas Feridas";"Pleno dia";"Decrescente";"Céu Claro";"Dupla";"Reta";"Sim";2;0;2;0;0;0;2;1;-7,152253;-34,90877;"SPRF-PB";"DEL01-PB";"UOP01-DEL01-PB"
688273;2025-04-30;"quarta-feira";"15:10:00";"PE";101;70;"RECIFE";"Manobra de mudança de faixa";"Colisão lateral mesmo sentido";"Com Vítimas Feridas";"Pleno dia";"Crescente";"Céu Claro";"Dupla";"Viaduto";"Sim";2;0;1;0;1;0;1;2;-8,07523;-34,94265;"SPRF-PE";"DEL01-PE";"UOP01-DEL01-PE"
688274;2025-04-30;"quarta-feira";"15:00:00";"RO";319;59;"PORTO VELHO";"Pedestre andava na pista";"Atropelamento de Pedestre";"Com Vítimas Feridas";"Pleno dia";"Decrescente";"Chuva";"Dupla";"Reta";"Sim";2;0;2;0;0;0;2;2;-8,7427187;-63,9063542;"SPRF-RO";"DEL01-RO";"UOP01-DEL01-RO"
688276;2025-04-30;"quarta-feira";"16:15:00";"ES";101;280;"SERRA";"Manobra de mudança de faixa";"Colisão lateral mesmo sentido";"Com Vítimas Feridas";"Pleno dia";"Decrescente";"Nublado";"Dupla";"Reta";"Não";2;0;1;0;1;0;1;2;-20,217756;-40,352636;"SPRF-ES";"DEL02-ES";"UOP01-DEL02-ES"
688277;2025-04-30;"quarta-feira";"16:20:00";"RS";290;144;"ELDORADO DO SUL";"Acessar a via sem observar a presença dos outros veículos";"Colisão transversal";"Com Vítimas Feridas";"Pleno dia";"Crescente";"Céu Claro";"Simples";"Reta;Interseção de Vias";"Não";3;0;1;0;2;0;1;2;-30,0908871;-51,63130903;"SPRF-RS";"DEL02-RS";"UOP01-DEL02-RS"
688278;2025-04-30;"quarta-feira";"14:20:00";"PE";101;77;"RECIFE";"Condutor deixou de manter distância do veículo da frente";"Colisão traseira";"Com Vítimas Feridas";"Pleno dia";"Crescente";"Céu Claro";"Dupla";"Reta";"Sim";3;0;1;0;2;0;1;3;-8,130863;-34,94505;"SPRF-PE";"DEL01-PE";"UOP01-DEL01-PE"
688280;2025-04-30;"quarta-feira";"17:02:00";"DF";20;6,6;"BRASILIA";"Manobra de mudança de faixa";"Colisão lateral mesmo sentido";"Com Vítimas Feridas";"Pleno dia";"Crescente";"Céu Claro";"Dupla";"Retorno Regulamentado;Aclive";"Sim";2;0;1;0;1;0;1;2;-15,6626054;-47,8023338;"SPRF-DF";"DEL02-DF";"UOP01-DEL02-DF"
688281;2025-04-30;"quarta-feira";"14:49:00";"RJ";40;117;"DUQUE DE CAXIAS";"Trafegar com motocicleta (ou similar) entre as faixas";"Tombamento";"Com Vítimas Feridas";"Pleno dia";"Crescente";"Céu Claro";"Dupla";"Reta";"Sim";2;0;1;0;0;1;1;2;-22,74275;-43,28815;"SPRF-RJ";"DEL01-RJ";"UOP02-DEL01-RJ"
688282;2025-04-30;"quarta-feira";"16:15:00";"SP";116;146,8;"SAO JOSE DOS CAMPOS";"Entrada inopinada do pedestre";"Atropelamento de Pedestre";"Com Vítimas Feridas";"Pleno dia";"Decrescente";"Céu Claro";"Dupla";"Reta";"Sim";2;0;0;1;1;0;1;2;-23,19496025;-45,870646;"SPRF-SP";"DEL02-SP";"UOP01-DEL02-SP"
688283;2025-04-30;"quarta-feira";"17:00:00";"ES";101;295,2;"CARIACICA";"Manobra de mudança de faixa";"Colisão lateral mesmo sentido";"Com Vítimas Feridas";"Anoitecer";"Crescente";"Nublado";"Múltipla";"Reta";"Sim";2;0;1;0;1;0;1;2;-20,3341961;-40,4015379;"SPRF-ES";"DEL01-ES";"UOP01-DEL01-ES"
688284;2025-04-30;"quarta-feira";"12:12:00";"MT";163;1038;"MATUPA";"Ultrapassagem Indevida";"Colisão transversal";"Com Vítimas Feridas";"Pleno dia";"Crescente";"Céu Claro";"Simples";"Em Obras;Interseção de Vias";"Sim";2;0;0;1;1;0;1;2;-10,185527;-54,945727;"SPRF-MT";"DEL06-MT";"UOP03-DEL06-MT"
688285;2025-04-30;"quarta-feira";"15:23:00";"GO";0;0;"GOIANIA";"Velocidade Incompatível";"Colisão transversal";"Com Vítimas Feridas";"Pleno dia";"Não Informado";"Céu Claro";"Dupla";"Retorno Regulamentado;Curva";"Sim";4;0;1;0;3;0;1;2;-16,6645;-49,3254;"SPRF-GO";"DEL01-GO";"UOP02-DEL01-GO"
688286;2025-04-30;"quarta-feira";"17:00:00";"SP";381;33;"ATIBAIA";"Manobra de mudança de faixa";"Capotamento";"Com Vítimas Feridas";"Pleno dia";"Crescente";"Nublado";"Dupla";"Reta;Declive";"Sim";1;0;1;0;0;0;1;1;-23,0873914;-46,57135838;"SPRF-SP";"DEL03-SP";"UOP02-DEL03-SP"
688288;2025-04-30;"quarta-feira";"16:00:00";"SC";101;344,1;"TUBARAO";"Reação tardia ou ineficiente do condutor";"Colisão lateral mesmo sentido";"Sem Vítimas";"Pleno dia";"Crescente";"Sol";"Múltipla";"Reta";"Não";4;0;0;0;4;0;0;2;-28,55254157;-49,0541482;"SPRF-SC";"DEL02-SC";"UOP01-DEL02-SC"
688289;2025-04-30;"quarta-feira";"17:00:00";"RJ";116;171;"RIO DE JANEIRO";"Demais falhas mecânicas ou elétricas";"Colisão traseira";"Com Vítimas Feridas";"Pleno dia";"Crescente";"Céu Claro";"Múltipla";"Reta;Interseção de Vias";"Sim";4;0;1;0;3;0;1;2;-22,8064663;-43,3421527;"SPRF-RJ";"DEL06-RJ";"UOP01-DEL06-RJ"
688292;2025-04-30;"quarta-feira";"15:35:00";"RJ";465;14;"SEROPEDICA";"Pedestre cruzava a pista fora da faixa";"Atropelamento de Pedestre";"Com Vítimas Feridas";"Pleno dia";"Crescente";"Céu Claro";"Simples";"Reta";"Sim";2;0;1;0;1;0;1;2;-22,80899817;-43,63391273;"SPRF-RJ";"DEL06-RJ";"UOP02-DEL06-RJ"
688294;2025-04-30;"quarta-feira";"12:15:00";"RO";364;424,8;"JARU";"Desrespeitar a preferência no cruzamento";"Colisão transversal";"Com Vítimas Feridas";"Pleno dia";"Crescente";"Céu Claro";"Múltipla";"Reta;Interseção de Vias";"Sim";2;0;1;0;1;0;1;2;-10,43824697;-62,47052979;"SPRF-RO";"DEL03-RO";"UOP02-DEL03-RO"
688295;2025-04-30;"quarta-feira";"17:30:00";"SC";101;214,2;"PALHOCA";"Manobra de mudança de faixa";"Colisão lateral mesmo sentido";"Com Vítimas Feridas";"Anoitecer";"Crescente";"Céu Claro";"Múltipla";"Reta";"Sim";2;0;2;0;0;0;2;2;-27,64995184;-48,6745712;"SPRF-SC";"DEL01-SC";"UOP02-DEL01-SC"
688300;2025-04-30;"quarta-feira";"10:30:00";"RJ";116;177;"BELFORD ROXO";"Ausência de reação do condutor";"Colisão traseira";"Com Vítimas Feridas";"Pleno dia";"Decrescente";"Céu Claro";"Dupla";"Reta";"Sim";2;0;1;0;1;0;1;2;-22,77449796;-43,40135448;"SPRF-RJ";"DEL06-RJ";"UOP01-DEL06-RJ"
688301;2025-04-30;"quarta-feira";"14:50:00";"BA";324;622;"SALVADOR";"Demais falhas mecânicas ou elétricas";"Queda de ocupante de veículo";"Com Vítimas Feridas";"Pleno dia";"Decrescente";"Céu Claro";"Múltipla";"Reta";"Sim";2;0;2;0;0;0;2;1;-12,92852707;-38,46856356;"SPRF-BA";"DEL01-BA";"UOP01-DEL01-BA"
688303;2025-04-30;"quarta-feira";"17:45:00";"PR";116;126;"FAZENDA RIO GRANDE";"Trafegar com motocicleta (ou similar) entre as faixas";"Colisão traseira";"Com Vítimas Feridas";"Anoitecer";"Decrescente";"Céu Claro";"Dupla";"Reta";"Sim";2;0;1;0;1;0;1;2;-25,6424779;-49,3128379;"SPRF-PR";"DEL01-PR";"UOP03-DEL01-PR"
688306;2025-04-30;"quarta-feira";"17:45:00";"PB";230;12,1;"CABEDELO";"Acesso irregular";"Colisão transversal";"Com Vítimas Feridas";"Plena Noite";"Decrescente";"Céu Claro";"Dupla";"Reta;Retorno Regulamentado";"Sim";4;0;2;0;2;0;2;2;-7,07295639;-34,84951168;"SPRF-PB";"DEL01-PB";"UOP01-DEL01-PB"
688308;2025-04-30;"quarta-feira";"17:20:00";"MS";163;1;"MUNDO NOVO";"Demais falhas mecânicas ou elétricas";"Tombamento";"Com Vítimas Feridas";"Anoitecer";"Crescente";"Céu Claro";"Simples";"Reta";"Não";1;0;0;1;0;0;1;1;-24,03008963;-54,28738546;"SPRF-MS";"DEL09-MS";"UOP02-DEL09-MS"
688309;2025-04-30;"quarta-feira";"16:00:00";"RN";405;31;"GOVERNADOR DIX-SEPT ROSADO";"Velocidade Incompatível";"Saída de leito carroçável";"Com Vítimas Feridas";"Pleno dia";"Decrescente";"Sol";"Simples";"Reta";"Não";1;0;0;1;0;0;1;1;-5,325437;-37,577625;"SPRF-RN";"DEL04-RN";"UOP02-DEL04-RN"
688311;2025-04-30;"quarta-feira";"17:30:00";"CE";116;1;"FORTALEZA";"Manobra de mudança de faixa";"Colisão lateral mesmo sentido";"Com Vítimas Feridas";"Anoitecer";"Crescente";"Céu Claro";"Múltipla";"Reta";"Sim";2;0;1;0;1;0;1;2;-3,7730728;-38,5166515;"SPRF-CE";"DEL01-CE";"UOP02-DEL01-CE"
688312;2025-04-30;"quarta-feira";"17:50:00";"PE";104;64,4;"CARUARU";"Ausência de reação do condutor";"Colisão lateral mesmo sentido";"Com Vítimas Feridas";"Plena Noite";"Decrescente";"Céu Claro";"Dupla";"Reta";"Sim";2;0;1;0;1;0;1;2;-8,27256;-35,9821;"SPRF-PE";"DEL02-PE";"UOP01-DEL02-PE"
688313;2025-04-30;"quarta-feira";"18:30:00";"AL";101;178,4;"TEOTONIO VILELA";"Reação tardia ou ineficiente do condutor";"Saída de leito carroçável";"Com Vítimas Feridas";"Plena Noite";"Decrescente";"Céu Claro";"Dupla";"Curva";"Não";1;0;1;0;0;0;1;1;-9,88734888;-36,3864398;"SPRF-AL";"DEL02-AL";"UOP02-DEL02-AL"
688314;2025-04-30;"quarta-feira";"18:25:00";"RN";101;104;"PARNAMIRIM";"Ausência de reação do condutor";"Colisão traseira";"Sem Vítimas";"Plena Noite";"Decrescente";"Céu Claro";"Múltipla";"Reta";"Sim";3;0;0;0;3;0;0;3;-5,89112931;-35,25348455;"SPRF-RN";"DEL01-RN";"UOP01-DEL01-RN"
688315;2025-04-30;"quarta-feira";"17:48:00";"PE";407;127;"PETROLINA";"Transitar no Acostamento";"Colisão transversal";"Com Vítimas Feridas";"Anoitecer";"Decrescente";"Céu Claro";"Simples";"Interseção de Vias";"Sim";2;0;1;0;1;0;1;2;-9,393368;-40,513492;"SPRF-PE";"DEL06-PE";"UOP01-DEL06-PE"
688316;2025-04-30;"quarta-feira";"18:20:00";"RN";101;103,6;"PARNAMIRIM";"Condutor deixou de manter distância do veículo da frente";"Colisão traseira";"Com Vítimas Feridas";"Plena Noite";"Decrescente";"Céu Claro";"Múltipla";"Reta";"Sim";2;0;1;0;1;0;1;2;-5,891072;-35,253227;"SPRF-RN";"DEL01-RN";"UOP01-DEL01-RN"
688317;2025-04-30;"quarta-feira";"18:25:00";"PB";230;59,5;"CRUZ DO ESPIRITO SANTO";"Ingestão de álcool pelo condutor";"Colisão transversal";"Com Vítimas Feridas";"Plena Noite";"Crescente";"Céu Claro";"Dupla";"Reta";"Não";2;0;1;0;1;0;1;2;-7,2038934;-35,12579083;"SPRF-PB";"DEL01-PB";"UOP02-DEL01-PB"
688319;2025-04-30;"quarta-feira";"18:50:00";"PR";376;3,5;"MANDAGUARI";"Acessar a via sem observar a presença dos outros veículos";"Colisão frontal";"Com Vítimas Feridas";"Plena Noite";"Decrescente";"Céu Claro";"Simples";"Interseção de Vias;Rotatória";"Sim";3;0;0;2;1;0;2;2;-23,51686302;-51,68734789;"SPRF-PR";"DEL09-PR";"UOP01-DEL09-PR"
688321;2025-04-30;"quarta-feira";"17:30:00";"RJ";40;111;"DUQUE DE CAXIAS";"Manobra de mudança de faixa";"Colisão lateral mesmo sentido";"Com Vítimas Feridas";"Anoitecer";"Decrescente";"Céu Claro";"Múltipla";"Reta;Declive";"Sim";2;0;0;1;1;0;1;2;-22,69785;-43,2892;"SPRF-RJ";"DEL01-RJ";"UOP02-DEL01-RJ"
688323;2025-04-30;"quarta-feira";"17:40:00";"RS";285;402,9;"SANTA BARBARA DO SUL";"Ausência de reação do condutor";"Colisão traseira";"Com Vítimas Feridas";"Pleno dia";"Crescente";"Céu Claro";"Simples";"Reta;Aclive";"Não";2;0;1;0;1;0;1;2;-28,383796;-53,352512;"SPRF-RS";"DEL10-RS";"UOP02-DEL10-RS"
688327;2025-04-30;"quarta-feira";"18:55:00";"SP";116;212;"GUARULHOS";"Reação tardia ou ineficiente do condutor";"Colisão traseira";"Com Vítimas Feridas";"Plena Noite";"Decrescente";"Nublado";"Múltipla";"Reta";"Sim";3;0;2;0;1;0;2;3;-23,43868401;-46,43079758;"SPRF-SP";"DEL01-SP";"UOP01-DEL01-SP"