"id";"data_inversa";"dia_semana";"horario";"uf";"br";"km";"municipio";"causa_acidente";"tipo_acidente";"classificacao_acidente";"fase_dia";"sentido_via";"condicao_metereologica";"tipo_pista";"tracado_via";"uso_solo";"pessoas";"mortos";"feridos_leves";"feridos_graves";"ilesos";"ignorados";"feridos";"veiculos";"latitude";"longitude";"regional";"delegacia";"uop"
688328;2025-04-30;"quarta-feira";"17:38:00";"RJ";465;19;"PARACAMBI";"Reação tardia ou ineficiente do condutor";"Colisão traseira";"Com Vítimas Feridas";"Pleno dia";"Decrescente";"Céu Claro";"Simples";"Reta";"Sim";2;0;1;0;1;0;1;2;-22,68371708;-43,81416321;"SPRF-RJ";"DEL06-RJ";"UOP02-DEL06-RJ"
688329;2025-04-30;"quarta-feira";"17:30:00";"MG";381;448;"SANTA LUZIA";"Condutor deixou de manter distância do veículo da frente";"Colisão traseira";"Sem Vítimas";"Plena Noite";"Crescente";"Nublado";"Simples";"Curva";"Não";2;0;0;0;1;1;0;2;-19,82483183;-43,8200401;"SPRF-MG";"DEL01-MG";"UOP01-DEL01-MG"
688331;2025-04-21;"segunda-feira";"21:20:00";"BA";324;471,9;"TANQUINHO";"Demais falhas mecânicas ou elétricas";"Incêndio";"Sem Vítimas";"Plena Noite";"Crescente";"Céu Claro";"Simples";"Reta";"Não";1;0;0;0;1;0;0;1;-11,962936;-39,148363;"SPRF-BA";"DEL02-BA";"UOP01-DEL02-BA"
688333;2025-04-30;"quarta-feira";"19:20:00";"SP";116;144,5;"SAO JOSE DOS CAMPOS";"Condutor deixou de manter distância do veículo da frente";"Colisão traseira";"Com Vítimas Feridas";"Plena Noite";"Decrescente";"Nublado";"Múltipla";"Reta;Declive";"Sim";3;0;2;0;1;0;2;2;-23,18498014;-45,85095338;"SPRF-SP";"DEL02-SP";"UOP01-DEL02-SP"
688334;2025-04-30;"quarta-feira";"18:20:00";"MS";163;486,5;"CAMPO GRANDE";"Ausência de reação do condutor";"Atropelamento de Pedestre";"Com Vítimas Feridas";"Pleno dia";"Decrescente";"Céu Claro";"Simples";"Reta";"Não";2;0;1;1;0;0;2;2;-20,42792224;-54,54497186;"SPRF-MS";"DEL01-MS";"UOP02-DEL01-MS"
688336;2025-04-30;"quarta-feira";"18:40:00";"RS";472;574;"URUGUAIANA";"Desrespeitar a preferência no cruzamento";"Colisão transversal";"Sem Vítimas";"Plena Noite";"Crescente";"Céu Claro";"Simples";"Rotatória";"Sim";2;0;0;0;2;0;0;2;-29,76351169;-57,05178416;"SPRF-RS";"DEL13-RS";"UOP01-DEL13-RS"
688337;2025-04-30;"quarta-feira";"17:50:00";"SC";282;659,2;"SAO MIGUEL DO OESTE";"Ausência de reação do condutor";"Saída de leito carroçável";"Com Vítimas Feridas";"Anoitecer";"Crescente";"Céu Claro";"Simples";"Curva";"Não";2;0;2;0;0;0;2;1;-26,6760311;-53,56324196;"SPRF-SC";"DEL07-SC";"UOP03-DEL07-SC"
688339;2025-04-30;"quarta-feira";"19:15:00";"PR";376;102;"PARANAVAI";"Entrada inopinada do pedestre";"Atropelamento de Pedestre";"Com Vítimas Feridas";"Plena Noite";"Crescente";"Céu Claro";"Dupla";"Reta;Viaduto";"Não";2;0;0;1;0;1;1;2;-23,04019079;-52,47484295;"SPRF-PR";"DEL09-PR";"UOP02-DEL09-PR"
688340;2025-04-30;"quarta-feira";"16:00:00";"MT";163;872,7;"SINOP";"Demais falhas mecânicas ou elétricas";"Saída de leito carroçável";"Com Vítimas Feridas";"Anoitecer";"Decrescente";"Céu Claro";"Simples";"Reta";"Não";2;0;2;0;0;0;2;1;-11,542662;-55,394788;"SPRF-MT";"DEL06-MT";"UOP02-DEL06-MT"
688341;2025-04-30;"quarta-feira";"19:30:00";"PR";376;213,9;"MANDAGUARI";"Ausência de reação do condutor";"Saída de leito carroçável";"Com Vítimas Feridas";"Plena Noite";"Decrescente";"Céu Claro";"Dupla";"Reta";"Não";1;0;1;0;0;0;1;1;-23,57398275;-51,65359346;"SPRF-PR";"DEL09-PR";"UOP01-DEL09-PR"
688342;2025-04-30;"quarta-feira";"19:00:00";"BA";349;931;"CORRENTINA";"Condutor deixou de manter distância do veículo da frente";"Colisão traseira";"Com Vítimas Feridas";"Plena Noite";"Crescente";"Chuva";"Simples";"Reta";"Sim";3;0;1;0;2;0;1;3;-13,35955857;-44,64431763;"SPRF-BA";"DEL10-BA";"UOP02-DEL10-BA"
688343;2025-04-30;"quarta-feira";"18:25:00";"SC";282;568;"NOVA ERECHIM";"Acessar a via sem observar a presença dos outros veículos";"Colisão frontal";"Com Vítimas Feridas";"Plena Noite";"Decrescente";"Céu Claro";"Simples";"Rotatória";"Sim";2;0;0;1;1;0;1;2;-26,90514924;-52,90303666;"SPRF-SC";"DEL07-SC";"UOP02-DEL07-SC"
688344;2025-04-30;"quarta-feira";"19:25:00";"SP";153;60,8;"SAO JOSE DO RIO PRETO";"Acessar a via sem observar a presença dos outros veículos";"Colisão lateral mesmo sentido";"Com Vítimas Feridas";"Plena Noite";"Decrescente";"Céu Claro";"Dupla";"Reta;Aclive;Interseção de Vias";"Não";2;0;1;0;1;0;1;2;-20,79979899;-49,35513458;"SPRF-SP";"DEL09-SP";"UOP01-DEL09-SP"
688346;2025-04-30;"quarta-feira";"19:40:00";"SC";470;12,6;"NAVEGANTES";"Pedestre andava na pista";"Atropelamento de Pedestre";"Com Vítimas Fatais";"Plena Noite";"Crescente";"Nublado";"Dupla";"Reta;Aclive";"Não";2;1;0;0;1;0;0;2;-26,83726;-48,76302;"SPRF-SC";"DEL04-SC";"UOP04-DEL04-SC"
688347;2025-04-30;"quarta-feira";"19:15:00";"SC";101;87;"BARRA VELHA";"Ausência de reação do condutor";"Colisão transversal";"Com Vítimas Feridas";"Plena Noite";"Crescente";"Céu Claro";"Múltipla";"Reta";"Sim";2;0;1;0;1;0;1;2;-26,64372318;-48,68876545;"SPRF-SC";"DEL03-SC";"UOP02-DEL03-SC"
688348;2025-04-30;"quarta-feira";"17:20:00";"PR";153;335,1;"IRATI";"Acesso irregular";"Colisão frontal";"Com Vítimas Feridas";"Pleno dia";"Decrescente";"Céu Claro";"Simples";"Reta";"Sim";2;0;1;0;1;0;1;2;-25,49551205;-50,64734817;"SPRF-PR";"DEL08-PR";"UOP02-DEL08-PR"
688349;2025-04-30;"quarta-feira";"20:10:00";"SP";116;227;"SAO PAULO";"Reação tardia ou ineficiente do condutor";"Tombamento";"Com Vítimas Feridas";"Plena Noite";"Crescente";"Ignorado";"Dupla";"Reta";"Sim";1;0;1;0;0;0;1;1;-23,50259662;-46,56597789;"SPRF-SP";"DEL01-SP";"UOP01-DEL01-SP"
688350;2025-04-30;"quarta-feira";"19:20:00";"SC";101;210,9;"SAO JOSE";"Condutor deixou de manter distância do veículo da frente";"Colisão traseira";"Com Vítimas Feridas";"Plena Noite";"Decrescente";"Céu Claro";"Múltipla";"Reta";"Não";2;0;1;0;1;0;1;2;-27,62331002;-48,6522123;"SPRF-SC";"DEL01-SC";"UOP01-DEL01-SC"
688352;2025-04-30;"quarta-feira";"20:30:00";"RS";386;439;"CANOAS";"Reação tardia ou ineficiente do condutor";"Incêndio";"Sem Vítimas";"Plena Noite";"Decrescente";"Céu Claro";"Simples";"Reta";"Não";1;0;0;0;1;0;0;1;-29,88186708;-51,23949945;"SPRF-RS";"DEL04-RS";"UOP02-DEL04-RS"
688353;2025-04-30;"quarta-feira";"20:40:00";"RJ";101;261,5;"RIO BONITO";"Manobra de mudança de faixa";"Colisão lateral mesmo sentido";"Com Vítimas Feridas";"Plena Noite";"Decrescente";"Céu Claro";"Dupla";"Curva;Aclive;Interseção de Vias";"Sim";3;0;1;0;2;0;1;2;-22,71631356;-42,62190708;"SPRF-RJ";"DEL02-RJ";"UOP03-DEL02-RJ"
688355;2025-04-30;"quarta-feira";"19:52:00";"MS";163;84,4;"ITAQUIRAI";"Reação tardia ou ineficiente do condutor";"Saída de leito carroçável";"Com Vítimas Feridas";"Plena Noite";"Crescente";"Céu Claro";"Simples";"Reta";"Não";2;0;1;1;0;0;2;1;-23,420535;-54,207433;"SPRF-MS";"DEL09-MS";"UOP01-DEL09-MS"
688356;2025-04-30;"quarta-feira";"20:55:00";"PR";376;598;"CURITIBA";"Pedestre cruzava a pista fora da faixa";"Atropelamento de Pedestre";"Com Vítimas Feridas";"Plena Noite";"Decrescente";"Céu Claro";"Dupla";"Reta";"Sim";4;0;0;1;3;0;1;2;-25,49231294;-49,34411494;"SPRF-PR";"DEL01-PR";"UOP06-DEL01-PR"
688359;2025-04-30;"quarta-feira";"20:15:00";"PR";153;68;"CONSELHEIRO MAIRINCK";"Desrespeitar a preferência no cruzamento";"Colisão transversal";"Com Vítimas Feridas";"Plena Noite";"Crescente";"Céu Claro";"Simples";"Interseção de Vias";"Não";6;0;1;0;5;0;1;2;-23,51077972;-50,11265194;"SPRF-PR";"DEL07-PR";"UOP04-DEL07-PR"
688360;2025-04-30;"quarta-feira";"19:00:00";"PI";316;32;"DEMERVAL LOBAO";"Acesso irregular";"Colisão frontal";"Com Vítimas Feridas";"Pleno dia";"Crescente";"Céu Claro";"Múltipla";"Reta";"Sim";2;0;1;0;1;0;1;2;-5,36980501;-42,67261148;"SPRF-PI";"DEL01-PI";"UOP02-DEL01-PI"
688361;2025-04-30;"quarta-feira";"18:25:00";"SC";282;194;"LAGES";"Acessar a via sem observar a presença dos outros veículos";"Colisão transversal";"Com Vítimas Feridas";"Plena Noite";"Decrescente";"Céu Claro";"Simples";"Reta";"Não";3;0;1;1;1;0;2;2;-27,74456058;-50,07863872;"SPRF-SC";"DEL05-SC";"UOP01-DEL05-SC"
688362;2025-04-30;"quarta-feira";"18:55:00";"BA";101;878;"TEIXEIRA DE FREITAS";"Acesso irregular";"Colisão transversal";"Com Vítimas Feridas";"Plena Noite";"Decrescente";"Nublado";"Simples";"Reta;Interseção de Vias";"Sim";3;0;1;0;2;0;1;2;-17,54945919;-39,72074658;"SPRF-BA";"DEL09-BA";"UOP02-DEL09-BA"
688363;2025-04-30;"quarta-feira";"19:10:00";"RJ";116;184;"NOVA IGUACU";"Ausência de reação do condutor";"Colisão traseira";"Com Vítimas Feridas";"Plena Noite";"Crescente";"Nublado";"Múltipla";"Reta";"Sim";3;0;2;0;1;0;2;2;-22,74125555;-43,49975936;"SPRF-RJ";"DEL06-RJ";"UOP01-DEL06-RJ"
688364;2025-04-30;"quarta-feira";"21:20:00";"GO";60;102;"GOIANAPOLIS";"Reação tardia ou ineficiente do condutor";"Colisão traseira";"Com Vítimas Feridas";"Plena Noite";"Decrescente";"Céu Claro";"Dupla";"Reta";"Sim";2;0;0;1;0;1;1;2;-16,40574104;-48,98228142;"SPRF-GO";"DEL02-GO";"UOP01-DEL02-GO"
688366;2025-04-30;"quarta-feira";"21:15:00";"SC";101;136,7;"BALNEARIO CAMBORIU";"Manobra de mudança de faixa";"Colisão lateral mesmo sentido";"Com Vítimas Feridas";"Plena Noite";"Crescente";"Céu Claro";"Múltipla";"Reta;Interseção de Vias";"Sim";2;0;0;1;1;0;1;2;-27,01217;-48,61378;"SPRF-SC";"DEL04-SC";"UOP03-DEL04-SC"
688368;2025-04-30;"quarta-feira";"20:30:00";"SC";163;70,8;"SAO MIGUEL DO OESTE";"Conversão proibida";"Colisão transversal";"Com Vítimas Feridas";"Plena Noite";"Decrescente";"Céu Claro";"Dupla";"Reta";"Sim";2;0;1;0;1;0;1;2;-26,73024577;-53,51119487;"SPRF-SC";"DEL07-SC";"UOP03-DEL07-SC"
688369;2025-04-30;"quarta-feira";"20:30:00";"PR";376;388;"IMBAU";"Reação tardia ou ineficiente do condutor";"Colisão com objeto";"Com Vítimas Feridas";"Plena Noite";"Decrescente";"Céu Claro";"Dupla";"Reta;Aclive";"Não";1;0;1;0;0;0;1;1;-24,46322492;-50,74973345;"SPRF-PR";"DEL03-PR";"UOP02-DEL03-PR"
688371;2025-04-30;"quarta-feira";"14:30:00";"RO";174;15;"VILHENA";"Ausência de reação do condutor";"Colisão transversal";"Com Vítimas Feridas";"Pleno dia";"Crescente";"Céu Claro";"Simples";"Interseção de Vias";"Sim";2;0;1;0;1;0;1;2;-12,8330423;-60,0746192;"SPRF-RO";"DEL04-RO";"UOP01-DEL04-RO"
688372;2025-04-30;"quarta-feira";"18:45:00";"BA";330;819,8;"JITAUNA";"Entrada inopinada do pedestre";"Atropelamento de Pedestre";"Com Vítimas Fatais";"Plena Noite";"Crescente";"Garoa/Chuvisco";"Simples";"Reta";"Não";2;1;0;0;0;1;0;2;-14,013288;-39,849524;"SPRF-BA";"DEL03-BA";"UOP01-DEL03-BA"
688375;2025-04-13;"domingo";"00:50:00";"BA";116;779;"PLANALTO";"Ingestão de álcool pelo condutor";"Colisão com objeto";"Sem Vítimas";"Plena Noite";"Decrescente";"Nublado";"Simples";"Reta";"Sim";1;0;0;0;0;1;0;1;-14,6748;-40,4961;"SPRF-BA";"DEL08-BA";"UOP02-DEL08-BA"
688377;2025-04-30;"quarta-feira";"17:50:00";"PR";369;505,3;"CASCAVEL";"Acessar a via sem observar a presença dos outros veículos";"Colisão transversal";"Com Vítimas Feridas";"Anoitecer";"Decrescente";"Céu Claro";"Simples";"Interseção de Vias";"Sim";2;0;0;1;1;0;1;2;-24,95982763;-53,39882255;"SPRF-PR";"DEL04-PR";"UOP01-DEL04-PR"
688378;2025-04-30;"quarta-feira";"12:55:00";"CE";116;375;"ICO";"Desrespeitar a preferência no cruzamento";"Colisão transversal";"Com Vítimas Feridas";"Pleno dia";"Crescente";"Céu Claro";"Simples";"Interseção de Vias;Rotatória";"Sim";2;0;1;0;1;0;1;2;-6,405314;-38,845581;"SPRF-CE";"DEL05-CE";"UOP01-DEL05-CE"
688380;2025-04-30;"quarta-feira";"22:00:00";"SC";282;23,6;"SANTO AMARO DA IMPERATRIZ";"Ultrapassagem Indevida";"Colisão lateral mesmo sentido";"Com Vítimas Feridas";"Plena Noite";"Decrescente";"Céu Claro";"Simples";"Reta";"Sim";2;0;1;0;1;0;1;2;-27,68545151;-48,74210922;"SPRF-SC";"DEL01-SC";"UOP03-DEL01-SC"
688381;2025-04-30;"quarta-feira";"22:05:00";"RN";101;98;"NATAL";"Ausência de reação do condutor";"Colisão traseira";"Com Vítimas Feridas";"Plena Noite";"Crescente";"Céu Claro";"Múltipla";"Reta;Interseção de Vias";"Sim";2;0;1;0;1;0;1;2;-5,86172297;-35,21493363;"SPRF-RN";"DEL01-RN";"UOP01-DEL01-RN"
688383;2025-04-19;"sábado";"10:00:00";"MG";50;14;"ARAGUARI";"Problema com o freio";"Colisão com objeto";"Com Vítimas Feridas";"Pleno dia";"Crescente";"Céu Claro";"Dupla";"Reta";"Não";7;0;1;0;6;0;1;2;-18,539344;-48,046841;"SPRF-MG";"DEL15-MG";"UOP02-DEL15-MG"
688384;2025-04-30;"quarta-feira";"20:10:00";"RS";392;326;"SAO SEPE";"Entrada inopinada do pedestre";"Atropelamento de Pedestre";"Com Vítimas Feridas";"Plena Noite";"Decrescente";"Céu Claro";"Simples";"Reta";"Não";2;0;0;1;0;1;1;2;-29,938029;-53,711252;"SPRF-RS";"DEL09-RS";"UOP01-DEL09-RS"
688386;2025-04-30;"quarta-feira";"23:20:00";"MG";40;522;"CONTAGEM";"Acumulo de areia ou detritos sobre o pavimento";"Tombamento";"Com Vítimas Feridas";"Plena Noite";"Crescente";"Nublado";"Dupla";"Reta";"Sim";1;0;1;0;0;0;1;1;-19,87232001;-44,0568924;"SPRF-MG";"DEL01-MG";"UOP02-DEL01-MG"
688387;2025-04-30;"quarta-feira";"19:00:00";"RJ";116;171;"RIO DE JANEIRO";"Manobra de mudança de faixa";"Colisão lateral mesmo sentido";"Com Vítimas Feridas";"Plena Noite";"Crescente";"Céu Claro";"Dupla";"Reta";"Sim";2;0;1;0;1;0;1;2;-22,81548222;-43,32621424;"SPRF-RJ";"DEL06-RJ";"UOP01-DEL06-RJ"
688390;2025-04-30;"quarta-feira";"21:55:00";"RJ";101;331;"NITEROI";"Avarias e/ou desgaste excessivo no pneu";"Queda de ocupante de veículo";"Com Vítimas Feridas";"Plena Noite";"Decrescente";"Céu Claro";"Múltipla";"Reta";"Não";2;0;1;0;1;0;1;1;-22,87079766;-43,17111969;"SPRF-RJ";"DEL02-RJ";"UOP01-DEL02-RJ"
688391;2025-04-30;"quarta-feira";"18:30:00";"RO";435;91;"COLORADO DO OESTE";"Velocidade Incompatível";"Colisão traseira";"Com Vítimas Feridas";"Plena Noite";"Decrescente";"Céu Claro";"Simples";"Declive;Reta";"Não";2;0;0;2;0;0;2;2;-13,17394136;-60,54461718;"SPRF-RO";"DEL04-RO";"UOP02-DEL04-RO"
688394;2025-04-30;"quarta-feira";"23:56:00";"TO";242;381;"GURUPI";"Transitar na contramão";"Colisão frontal";"Com Vítimas Feridas";"Plena Noite";"Decrescente";"Céu Claro";"Simples";"Reta";"Não";4;0;3;0;1;0;3;3;-11,78365552;-49,01184071;"SPRF-TO";"DEL01-TO";"UOP02-DEL01-TO"
688415;2025-04-30;"quarta-feira";"21:10:00";"BA";101;722,7;"EUNAPOLIS";"Velocidade Incompatível";"Colisão frontal";"Com Vítimas Feridas";"Plena Noite";"Decrescente";"Chuva";"Simples";"Curva";"Não";6;0;5;1;0;0;6;2;-16,411933;-39,58753;"SPRF-BA";"DEL09-BA";"UOP01-DEL09-BA"
688423;2025-04-30;"quarta-feira";"18:30:00";"BA";324;430;"RIACHAO DO JACUIPE";"Ausência de reação do condutor";"Saída de leito carroçável";"Com Vítimas Feridas";"Plena Noite";"Decrescente";"Céu Claro";"Simples";"Interseção de Vias";"Não";1;0;1;0;0;0;1;1;-11,77426731;-39,45156097;"SPRF-BA";"DEL04-BA";"UOP02-DEL04-BA"
688427;2025-04-30;"quarta-feira";"14:20:00";"RJ";40;117;"DUQUE DE CAXIAS";"Reação tardia ou ineficiente do condutor";"Colisão lateral mesmo sentido";"Com Vítimas Feridas";"Pleno dia";"Crescente";"Céu Claro";"Múltipla";"Reta";"Sim";2;0;0;1;1;0;1;2;-22,75487194;-43,28739882;"SPRF-RJ";"DEL01-RJ";"UOP02-DEL01-RJ"
688438;2025-04-03;"quinta-feira";"10:25:00";"ES";101;264,9;"SERRA";"Condutor deixou de manter distância do veículo da frente";"Colisão traseira";"Com Vítimas Feridas";"Pleno dia";"Crescente";"Céu Claro";"Dupla";"Reta";"Sim";2;0;1;0;1;0;1;2;-20,048847;-40,3866996;"SPRF-ES";"DEL02-ES";"UOP01-DEL02-ES"
688446;2025-03-26;"quarta-feira";"17:50:00";"BA";101;264;"SANTO ANTONIO DE JESUS";"Ausência de reação do condutor";"Colisão transversal";"Sem Vítimas";"Anoitecer";"Decrescente";"Ignorado";"Simples";"Interseção de Vias";"Sim";2;0;0;0;2;0;0;2;-12,97341433;-39,27493215;"SPRF-BA";"DEL01-BA";"UOP02-DEL01-BA"
688448;2025-04-09;"quarta-feira";"23:20:00";"RN";405;181,6;"JOSE DA PENHA";"Falta de acostamento";"Colisão traseira";"Com Vítimas Fatais";"Plena Noite";"Decrescente";"Céu Claro";"Simples";"Aclive;Reta";"Sim";2;1;0;0;0;1;0;2;-6,36728;-38,297703;"SPRF-RN";"DEL04-RN";"UOP02-DEL04-RN"
688452;2025-04-19;"sábado";"18:00:00";"RO";364;340,6;"JI-PARANA";"Acessar a via sem observar a presença dos outros veículos";"Colisão lateral mesmo sentido";"Com Vítimas Feridas";"Pleno dia";"Crescente";"Céu Claro";"Dupla";"Reta";"Sim";2;0;1;0;1;0;1;2;-10,892802;-61,93058;"SPRF-RO";"DEL02-RO";"UOP01-DEL02-RO"
688461;2025-04-23;"quarta-feira";"19:00:00";"MS";60;503;"MARACAJU";"Velocidade Incompatível";"Saída de leito carroçável";"Com Vítimas Feridas";"Plena Noite";"Crescente";"Céu Claro";"Simples";"Reta";"Não";1;0;0;1;0;0;1;1;-21,22;-55,539;"SPRF-MS";"DEL01-MS";"UOP04-DEL01-MS"
688486;2025-03-30;"domingo";"13:13:00";"MG";116;72;"MEDINA";"Acessar a via sem observar a presença dos outros veículos";"Colisão transversal";"Sem Vítimas";"Pleno dia";"Crescente";"Ignorado";"Simples";"Curva";"Não";2;0;0;0;1;1;0;2;-16,2173750963;-41,4717497596;"SPRF-MG";"DEL11-MG";"UOP02-DEL11-MG"
688497;2025-04-28;"segunda-feira";"08:00:00";"MS";262;146;"RIBAS DO RIO PARDO";"Ausência de reação do condutor";"Colisão traseira";"Sem Vítimas";"Pleno dia";"Decrescente";"Nublado";"Simples";"Reta;Ponte";"Não";7;0;0;0;7;0;0;2;-20,445794;-52,901333;"SPRF-MS";"DEL07-MS";"UOP02-DEL07-MS"
688628;2025-04-18;"sexta-feira";"06:50:00";"SC";101;35;"JOINVILLE";"Condutor Dormindo";"Capotamento";"Com Vítimas Feridas";"Amanhecer";"Crescente";"Céu Claro";"Simples";"Interseção de Vias";"Sim";1;0;1;0;0;0;1;1;-26,2735837;-48,89447981;"SPRF-SC";"DEL03-SC";"UOP01-DEL03-SC"
688644;2025-04-09;"quarta-feira";"07:40:00";"RJ";40;111;"DUQUE DE CAXIAS";"Manobra de mudança de faixa";"Colisão traseira";"Com Vítimas Feridas";"Pleno dia";"Crescente";"Céu Claro";"Dupla";"Reta";"Sim";3;0;2;0;1;0;2;2;-22,6689024;-43,2799744;"SPRF-RJ";"DEL01-RJ";"UOP02-DEL01-RJ"
688649;2025-01-23;"quinta-feira";"11:18:00";"CE";222;319;"TIANGUA";"Ausência de reação do condutor";"Colisão lateral mesmo sentido";"Com Vítimas Feridas";"Pleno dia";"Crescente";"Sol";"Simples";"Reta";"Não";3;0;0;1;2;0;1;2;-3,76400832;-41,0308357;"SPRF-CE";"DEL04-CE";"UOP02-DEL04-CE"
688656;2025-04-17;"quinta-feira";"15:00:00";"BA";324;591;"CANDEIAS";"Condutor deixou de manter distância do veículo da frente";"Colisão traseira";"Com Vítimas Feridas";"Pleno dia";"Decrescente";"Ignorado";"Dupla";"Reta";"Não";1;0;1;0;0;0;1;1;-12,69996468;-38,46393585;"SPRF-BA";"DEL01-BA";"UOP01-DEL01-BA"
688663;2025-04-26;"sábado";"06:39:00";"SE";101;78,9;"LARANJEIRAS";"Ultrapassagem Indevida";"Colisão lateral mesmo sentido";"Com Vítimas Fatais";"Pleno dia";"Decrescente";"Céu Claro";"Dupla";"Reta";"Não";7;1;4;0;0;2;4;2;-10,78946166;-37,141775;"SPRF-SE";"DEL01-SE";"UOP01-DEL01-SE"
688667;2025-03-27;"quinta-feira";"19:30:00";"PR";376;1;"SAO JOSE DOS PINHAIS";"Ausência de reação do condutor";"Colisão lateral mesmo sentido";"Com Vítimas Feridas";"Plena Noite";"Crescente";"Céu Claro";"Dupla";"Viaduto;Reta;Interseção de Vias";"Não";2;0;1;0;1;0;1;2;-25,5544918;-49,1867903;"SPRF-PR";"DEL01-PR";"UOP04-DEL01-PR"
688703;2025-04-29;"terça-feira";"06:30:00";"RJ";101;84;"CAMPOS DOS GOYTACAZES";"Trafegar com motocicleta (ou similar) entre as faixas";"Colisão lateral mesmo sentido";"Com Vítimas Feridas";"Pleno dia";"Crescente";"Céu Claro";"Simples";"Curva";"Sim";2;0;1;0;0;1;1;2;-21,82196734;-41,47187088;"SPRF-RJ";"DEL08-RJ";"UOP02-DEL08-RJ"
688821;2025-04-17;"quinta-feira";"18:20:00";"ES";101;66,5;"SAO MATEUS";"Acessar a via sem observar a presença dos outros veículos";"Colisão transversal";"Com Vítimas Feridas";"Plena Noite";"Crescente";"Garoa/Chuvisco";"Simples";"Reta";"Sim";2;0;2;0;0;0;2;2;-18,6489329;-39,8735795;"SPRF-ES";"DEL04-ES";"UOP02-DEL04-ES"
688822;2025-04-22;"terça-feira";"05:20:00";"SC";116;2;"MAFRA";"Acessar a via sem observar a presença dos outros veículos";"Colisão transversal";"Com Vítimas Feridas";"Pleno dia";"Crescente";"Céu Claro";"Simples";"Reta";"Sim";4;0;2;0;2;0;2;2;-26,1217569;-49,7915058;"SPRF-SC";"DEL06-SC";"UOP01-DEL06-SC"
688823;2025-04-30;"quarta-feira";"23:55:00";"BA";101;408;"IBIRAPITANGA";"Pedestre andava na pista";"Atropelamento de Pedestre";"Com Vítimas Feridas";"Plena Noite";"Decrescente";"Nublado";"Simples";"Reta";"Não";2;0;1;0;1;0;1;2;-14,03949155;-39,40779805;"SPRF-BA";"DEL05-BA";"UOP03-DEL05-BA"
688829;2025-04-10;"quinta-feira";"18:00:00";"GO";70;470;"ARAGARCAS";"Manobra de mudança de faixa";"Colisão com objeto";"Com Vítimas Feridas";"Anoitecer";"Decrescente";"Céu Claro";"Dupla";"Reta";"Sim";2;0;1;0;0;1;1;2;-15,8968323;-52,23965317;"SPRF-GO";"DEL04-GO";"UOP02-DEL04-GO"
688843;2025-01-24;"sexta-feira";"07:50:00";"PE";101;101;"CABO DE SANTO AGOSTINHO";"Acessar a via sem observar a presença dos outros veículos";"Colisão traseira";"Sem Vítimas";"Amanhecer";"Decrescente";"Ignorado";"Dupla";"Reta";"Não";2;0;0;0;1;1;0;2;-8,30832229;-35,07359505;"SPRF-PE";"DEL01-PE";"UOP03-DEL01-PE"
688887;2025-04-10;"quinta-feira";"11:20:00";"RJ";116;137;"MAGE";"Ausência de reação do condutor";"Colisão traseira";"Com Vítimas Feridas";"Pleno dia";"Decrescente";"Céu Claro";"Dupla";"Rotatória";"Sim";2;0;1;0;1;0;1;2;-22,64653164;-43,21025848;"SPRF-RJ";"DEL04-RJ";"UOP02-DEL04-RJ"
688920;2025-03-22;"sábado";"19:10:00";"PR";369;249;"BOM SUCESSO";"Manobra de mudança de faixa";"Colisão lateral mesmo sentido";"Com Vítimas Feridas";"Plena Noite";"Decrescente";"Ignorado";"Simples";"Reta";"Não";2;0;1;0;0;1;1;2;-23,70072332;-51,7558558;"SPRF-PR";"DEL09-PR";"UOP01-DEL09-PR"
688996;2025-04-09;"quarta-feira";"17:30:00";"BA";324;516;"FEIRA DE SANTANA";"Acessar a via sem observar a presença dos outros veículos";"Colisão transversal";"Com Vítimas Feridas";"Pleno dia";"Crescente";"Céu Claro";"Simples";"Reta";"Sim";1;0;1;0;0;0;1;1;-12,25487057;-38,93248697;"SPRF-BA";"DEL02-BA";"UOP01-DEL02-BA"
689010;2025-04-17;"quinta-feira";"16:20:00";"RS";116;395;"CAMAQUA";"Demais falhas mecânicas ou elétricas";"Incêndio";"Sem Vítimas";"Pleno dia";"Crescente";"Céu Claro";"Dupla";"Reta";"Sim";6;0;0;0;6;0;0;1;-30,8499297;-51,76844716;"SPRF-RS";"DEL02-RS";"UOP02-DEL02-RS"
689092;2025-04-02;"quarta-feira";"13:00:00";"SP";381;85;"SAO PAULO";"Reação tardia ou ineficiente do condutor";"Colisão traseira";"Com Vítimas Feridas";"Pleno dia";"Crescente";"Nublado";"Múltipla";"Reta";"Sim";1;0;1;0;0;0;1;1;-23,43469146;-46,56867452;"SPRF-SP";"DEL03-SP";"UOP01-DEL03-SP"
689128;2025-04-28;"segunda-feira";"18:05:00";"RJ";0;0;"RIO DE JANEIRO";"Ausência de reação do condutor";"Colisão transversal";"Sem Vítimas";"Plena Noite";"Não Informado";"Céu Claro";"Múltipla";"Interseção de Vias";"Sim";3;0;0;0;2;1;0;3;-22,9626977;-43,2039704;"SPRF-RJ";"DEL08-RJ";"N/A"